count,line,col,end_line,end_col,kind,fn,text
14435,110,60,451,2,call / statement,borrow_check.cpp:logos::compiler::build_type_sets,static TypeSets build_type_sets(const lir::LProgram& prog) {
477973,129,34,132,6,loop body,borrow_check.cpp:logos::compiler::build_type_sets,for (auto& cv : prog.consts) {
477973,130,13,130,27,if guard,borrow_check.cpp:logos::compiler::build_type_sets,if (cv.is_static()) continue;   // real global storage — borrow is sound
221,130,29,130,37,if guard,borrow_check.cpp:logos::compiler::build_type_sets,if (cv.is_static()) continue;   // real global storage — borrow is sound
477752,131,9,132,6,statement,borrow_check.cpp:logos::compiler::build_type_sets,ts.frame_consts.insert(std::string(cv.name()));
73693199,133,59,151,6,call / statement,borrow_check.cpp:logos::compiler::build_type_sets,auto register_drop_symbol = [&](std::string_view sym) {
73693199,138,40,138,69,if guard,borrow_check.cpp:logos::compiler::build_type_sets,if (auto dot = sym.rfind('.'); dot != std::string_view::npos)
71713535,139,13,139,38,statement,borrow_check.cpp:logos::compiler::build_type_sets,sym = sym.substr(dot + 1);
73693199,140,42,140,69,if guard,borrow_check.cpp:logos::compiler::build_type_sets,"if (auto p = sym.find(""__drop""); p != std::string_view::npos) {"
371936,140,71,150,10,if guard,borrow_check.cpp:logos::compiler::build_type_sets,"if (auto p = sym.find(""__drop""); p != std::string_view::npos) {"
371936,148,43,148,70,if guard,borrow_check.cpp:logos::compiler::build_type_sets,"if (auto g = base.find(""$G""); g != std::string_view::npos)"
110650,149,17,149,69,statement,borrow_check.cpp:logos::compiler::build_type_sets,"ts.drop_types.insert(std::string(base.substr(0, g)));"
28870,152,63,155,6,call / statement,borrow_check.cpp:logos::compiler::build_type_sets,auto scan_fns = [&](const std::vector<LFunctionPtr>& fns) {
38403222,154,13,154,44,statement,borrow_check.cpp:logos::compiler::build_type_sets,register_drop_symbol(fn.name());
14962001,159,9,161,11,call / statement,borrow_check.cpp:logos::compiler::build_type_sets,sd.each_method([&](lir_view::FunctionView m) {
35289977,159,54,161,10,call / statement,borrow_check.cpp:logos::compiler::build_type_sets,sd.each_method([&](lir_view::FunctionView m) {
9143480,163,9,164,66,if guard,borrow_check.cpp:logos::compiler::build_type_sets,"if (impl.trait_name() == ""Copy"")"
9143480,163,13,163,40,if guard,borrow_check.cpp:logos::compiler::build_type_sets,"if (impl.trait_name() == ""Copy"")"
315092,164,13,164,66,statement,borrow_check.cpp:logos::compiler::build_type_sets,ts.copy_types.insert(std::string(impl.target_type()));
225539,176,73,188,6,call / statement,borrow_check.cpp:logos::compiler::build_type_sets,"auto reg_bc_name = [&](const std::string& name, bool strip_generic) {"
225539,179,38,179,67,if guard,borrow_check.cpp:logos::compiler::build_type_sets,if (auto dot = n.rfind('.'); dot != std::string_view::npos)
0,180,13,180,70,statement,borrow_check.cpp:logos::compiler::build_type_sets,ts.borrow_carrying.insert(std::string(n.substr(dot + 1)));
225539,181,13,181,27,if guard,borrow_check.cpp:logos::compiler::build_type_sets,if (!strip_generic) return;
160384,181,29,181,35,if guard,borrow_check.cpp:logos::compiler::build_type_sets,if (!strip_generic) return;
65155,182,9,188,6,if guard,borrow_check.cpp:logos::compiler::build_type_sets,"if (auto g = n.find(""$G""); g != std::string_view::npos) {"
65155,182,36,182,63,if guard,borrow_check.cpp:logos::compiler::build_type_sets,"if (auto g = n.find(""$G""); g != std::string_view::npos) {"
15578,182,65,187,10,if guard,borrow_check.cpp:logos::compiler::build_type_sets,"if (auto g = n.find(""$G""); g != std::string_view::npos) {"
15578,185,44,185,72,if guard,borrow_check.cpp:logos::compiler::build_type_sets,if (auto d2 = base.rfind('.'); d2 != std::string_view::npos)
0,186,17,186,76,statement,borrow_check.cpp:logos::compiler::build_type_sets,ts.borrow_carrying.insert(std::string(base.substr(d2 + 1)));
14966690,189,48,191,6,call / statement,borrow_check.cpp:logos::compiler::build_type_sets,auto reg_bc = [&](lir_view::StructView sd) {
14966690,190,13,190,33,if guard,borrow_check.cpp:logos::compiler::build_type_sets,"if (sd.borrow_carrying()) reg_bc_name(std::string(sd.name()), /*strip_generic=*/true);"
50710,190,35,190,94,if guard,borrow_check.cpp:logos::compiler::build_type_sets,"if (sd.borrow_carrying()) reg_bc_name(std::string(sd.name()), /*strip_generic=*/true);"
14962001,192,35,192,45,loop body,borrow_check.cpp:logos::compiler::build_type_sets,for (auto& sd : prog.structs) reg_bc(sd);
4689,193,50,193,60,loop body,borrow_check.cpp:logos::compiler::build_type_sets,for (auto& sd : prog.struct_specializations) reg_bc(sd);
547477,196,9,196,94,if guard,borrow_check.cpp:logos::compiler::build_type_sets,"if (ed.borrow_carrying()) reg_bc_name(std::string(ed.name()), /*strip_generic=*/true);"
547477,196,13,196,33,if guard,borrow_check.cpp:logos::compiler::build_type_sets,"if (ed.borrow_carrying()) reg_bc_name(std::string(ed.name()), /*strip_generic=*/true);"
14445,196,35,196,94,if guard,borrow_check.cpp:logos::compiler::build_type_sets,"if (ed.borrow_carrying()) reg_bc_name(std::string(ed.name()), /*strip_generic=*/true);"
425756949,203,54,210,6,statement,borrow_check.cpp:logos::compiler::build_type_sets,auto type_bc_name = [](TypeRef t) -> std::string {
425756949,204,13,204,15,if guard,borrow_check.cpp:logos::compiler::build_type_sets,if (!t) return {};
0,204,17,204,26,if guard,borrow_check.cpp:logos::compiler::build_type_sets,if (!t) return {};
425756949,205,9,210,6,statement,borrow_check.cpp:logos::compiler::build_type_sets,auto k = t.kind();
425756949,206,13,206,39,if guard,borrow_check.cpp:logos::compiler::build_type_sets,if (k == LogosType::Kind::Enum) return std::string(t.enum_name());
13539356,206,41,206,74,if guard,borrow_check.cpp:logos::compiler::build_type_sets,if (k == LogosType::Kind::Enum) return std::string(t.enum_name());
412217593,207,9,210,6,if guard,borrow_check.cpp:logos::compiler::build_type_sets,if (k == LogosType::Kind::Struct || k == LogosType::Kind::ZonedStruct)
412217593,207,13,207,41,if guard,borrow_check.cpp:logos::compiler::build_type_sets,if (k == LogosType::Kind::Struct || k == LogosType::Kind::ZonedStruct)
412217593,207,13,207,78,if guard,borrow_check.cpp:logos::compiler::build_type_sets,if (k == LogosType::Kind::Struct || k == LogosType::Kind::ZonedStruct)
234916492,207,45,207,78,if guard,borrow_check.cpp:logos::compiler::build_type_sets,if (k == LogosType::Kind::Struct || k == LogosType::Kind::ZonedStruct)
177301887,208,13,208,48,early return,borrow_check.cpp:logos::compiler::build_type_sets,return std::string(t.struct_name());
234915706,209,9,209,18,early return,borrow_check.cpp:logos::compiler::build_type_sets,return {};
77763032,211,46,224,6,statement,borrow_check.cpp:logos::compiler::build_type_sets,auto type_is_bc = [&](TypeRef t) -> bool {
77763032,217,13,217,23,if guard,borrow_check.cpp:logos::compiler::build_type_sets,if (!n.empty() && ts.borrow_carrying.count(n) > 0) return true;
77763032,217,13,217,58,if guard,borrow_check.cpp:logos::compiler::build_type_sets,if (!n.empty() && ts.borrow_carrying.count(n) > 0) return true;
32449451,217,27,217,58,if guard,borrow_check.cpp:logos::compiler::build_type_sets,if (!n.empty() && ts.borrow_carrying.count(n) > 0) return true;
157331,217,60,217,71,if guard,borrow_check.cpp:logos::compiler::build_type_sets,if (!n.empty() && ts.borrow_carrying.count(n) > 0) return true;
77605701,218,9,224,6,if guard,borrow_check.cpp:logos::compiler::build_type_sets,if (!t) return false;
77605701,218,13,218,15,if guard,borrow_check.cpp:logos::compiler::build_type_sets,if (!t) return false;
0,218,17,218,29,if guard,borrow_check.cpp:logos::compiler::build_type_sets,if (!t) return false;
77605701,219,9,224,6,loop body,borrow_check.cpp:logos::compiler::build_type_sets,for (auto a : t.type_args()) {
45068885,219,38,222,10,loop body,borrow_check.cpp:logos::compiler::build_type_sets,for (auto a : t.type_args()) {
45068885,221,17,221,28,if guard,borrow_check.cpp:logos::compiler::build_type_sets,if (!an.empty() && ts.borrow_carrying.count(an) > 0) return true;
45068885,221,17,221,64,if guard,borrow_check.cpp:logos::compiler::build_type_sets,if (!an.empty() && ts.borrow_carrying.count(an) > 0) return true;
22380213,221,32,221,64,if guard,borrow_check.cpp:logos::compiler::build_type_sets,if (!an.empty() && ts.borrow_carrying.count(an) > 0) return true;
3053,221,66,221,77,if guard,borrow_check.cpp:logos::compiler::build_type_sets,if (!an.empty() && ts.borrow_carrying.count(an) > 0) return true;
77602648,223,9,223,21,early return,borrow_check.cpp:logos::compiler::build_type_sets,return false;
43884309,230,72,241,6,statement,borrow_check.cpp:logos::compiler::build_type_sets,auto holds_residency_holder = [&](lir_view::StructView sd) -> bool {
116221422,231,37,239,10,loop body,borrow_check.cpp:logos::compiler::build_type_sets,for (auto& f : sd.fields()) {
116221422,233,17,233,20,if guard,borrow_check.cpp:logos::compiler::build_type_sets,if (!ft) continue;
0,233,22,233,30,if guard,borrow_check.cpp:logos::compiler::build_type_sets,if (!ft) continue;
116221422,234,13,239,10,statement,borrow_check.cpp:logos::compiler::build_type_sets,auto k = ft.kind();
116221422,235,17,235,45,if guard,borrow_check.cpp:logos::compiler::build_type_sets,if (k != LogosType::Kind::Struct && k != LogosType::Kind::ZonedStruct) continue;
116221422,235,17,235,82,if guard,borrow_check.cpp:logos::compiler::build_type_sets,if (k != LogosType::Kind::Struct && k != LogosType::Kind::ZonedStruct) continue;
73707066,235,49,235,82,if guard,borrow_check.cpp:logos::compiler::build_type_sets,if (k != LogosType::Kind::Struct && k != LogosType::Kind::ZonedStruct) continue;
73706968,235,84,235,92,if guard,borrow_check.cpp:logos::compiler::build_type_sets,if (k != LogosType::Kind::Struct && k != LogosType::Kind::ZonedStruct) continue;
42514454,236,13,239,10,statement,borrow_check.cpp:logos::compiler::build_type_sets,std::string n(ft.struct_name());
42514454,237,40,237,62,if guard,borrow_check.cpp:logos::compiler::build_type_sets,if (auto d = n.rfind('.'); d != std::string::npos) n = n.substr(d + 1);
0,237,64,237,83,if guard,borrow_check.cpp:logos::compiler::build_type_sets,if (auto d = n.rfind('.'); d != std::string::npos) n = n.substr(d + 1);
42514454,238,17,238,26,if guard,borrow_check.cpp:logos::compiler::build_type_sets,"if (n == ""Rc"" || n == ""Arc"") return true;"
42514454,238,17,238,40,if guard,borrow_check.cpp:logos::compiler::build_type_sets,"if (n == ""Rc"" || n == ""Arc"") return true;"
42501036,238,30,238,40,if guard,borrow_check.cpp:logos::compiler::build_type_sets,"if (n == ""Rc"" || n == ""Arc"") return true;"
20129,238,42,238,53,if guard,borrow_check.cpp:logos::compiler::build_type_sets,"if (n == ""Rc"" || n == ""Arc"") return true;"
43864180,240,9,240,21,early return,borrow_check.cpp:logos::compiler::build_type_sets,return false;
6813,242,57,252,6,call / statement,borrow_check.cpp:logos::compiler::build_type_sets,auto reg_exempt_name = [&](const std::string& name) {
6813,245,38,245,67,if guard,borrow_check.cpp:logos::compiler::build_type_sets,if (auto dot = n.rfind('.'); dot != std::string_view::npos)
0,246,13,246,34,statement,borrow_check.cpp:logos::compiler::build_type_sets,n = n.substr(dot + 1);
6813,250,36,250,63,if guard,borrow_check.cpp:logos::compiler::build_type_sets,"if (auto g = n.find(""$G""); g != std::string_view::npos)"
1422,251,13,251,68,statement,borrow_check.cpp:logos::compiler::build_type_sets,"ts.residency_exempt.insert(std::string(n.substr(0, g)));"
14962001,261,9,261,105,if guard,borrow_check.cpp:logos::compiler::build_type_sets,if (!sd.borrow_carrying() && holds_residency_holder(sd)) reg_exempt_name(std::string(sd.name()));
14962001,261,13,261,34,if guard,borrow_check.cpp:logos::compiler::build_type_sets,if (!sd.borrow_carrying() && holds_residency_holder(sd)) reg_exempt_name(std::string(sd.name()));
14962001,261,13,261,64,if guard,borrow_check.cpp:logos::compiler::build_type_sets,if (!sd.borrow_carrying() && holds_residency_holder(sd)) reg_exempt_name(std::string(sd.name()));
14911291,261,38,261,64,if guard,borrow_check.cpp:logos::compiler::build_type_sets,if (!sd.borrow_carrying() && holds_residency_holder(sd)) reg_exempt_name(std::string(sd.name()));
6813,261,66,261,105,if guard,borrow_check.cpp:logos::compiler::build_type_sets,if (!sd.borrow_carrying() && holds_residency_holder(sd)) reg_exempt_name(std::string(sd.name()));
4689,263,9,263,105,if guard,borrow_check.cpp:logos::compiler::build_type_sets,if (!sd.borrow_carrying() && holds_residency_holder(sd)) reg_exempt_name(std::string(sd.name()));
4689,263,13,263,34,if guard,borrow_check.cpp:logos::compiler::build_type_sets,if (!sd.borrow_carrying() && holds_residency_holder(sd)) reg_exempt_name(std::string(sd.name()));
4689,263,13,263,64,if guard,borrow_check.cpp:logos::compiler::build_type_sets,if (!sd.borrow_carrying() && holds_residency_holder(sd)) reg_exempt_name(std::string(sd.name()));
4689,263,38,263,64,if guard,borrow_check.cpp:logos::compiler::build_type_sets,if (!sd.borrow_carrying() && holds_residency_holder(sd)) reg_exempt_name(std::string(sd.name()));
0,263,66,263,105,if guard,borrow_check.cpp:logos::compiler::build_type_sets,if (!sd.borrow_carrying() && holds_residency_holder(sd)) reg_exempt_name(std::string(sd.name()));
37639,265,12,265,22,loop body,borrow_check.cpp:logos::compiler::build_type_sets,while (bc_changed) {
23204,265,24,287,6,loop body,borrow_check.cpp:logos::compiler::build_type_sets,while (bc_changed) {
29210685,267,61,272,10,call / statement,borrow_check.cpp:logos::compiler::build_type_sets,auto consider_struct = [&](lir_view::StructView sd) {
29210685,268,17,268,65,if guard,borrow_check.cpp:logos::compiler::build_type_sets,if (ts.borrow_carrying.count(std::string(sd.name()))) return;
242356,268,67,268,73,if guard,borrow_check.cpp:logos::compiler::build_type_sets,if (ts.borrow_carrying.count(std::string(sd.name()))) return;
28968329,269,13,272,10,if guard,borrow_check.cpp:logos::compiler::build_type_sets,if (holds_residency_holder(sd)) return;   // laundered escape package — exempt
28968329,269,17,269,43,if guard,borrow_check.cpp:logos::compiler::build_type_sets,if (holds_residency_holder(sd)) return;   // laundered escape package — exempt
13316,269,45,269,51,if guard,borrow_check.cpp:logos::compiler::build_type_sets,if (holds_residency_holder(sd)) return;   // laundered escape package — exempt
28955013,270,13,272,10,loop body,borrow_check.cpp:logos::compiler::build_type_sets,for (auto& f : sd.fields())
76596115,271,17,271,156,if guard,borrow_check.cpp:logos::compiler::build_type_sets,"if (type_is_bc(f.type(prog.type_pool.impl()))) { reg_bc_name(std::string(sd.name()), /*strip_generic=*/false); bc_changed = true; return; }"
76596115,271,21,271,62,if guard,borrow_check.cpp:logos::compiler::build_type_sets,"if (type_is_bc(f.type(prog.type_pool.impl()))) { reg_bc_name(std::string(sd.name()), /*strip_generic=*/false); bc_changed = true; return; }"
160052,271,64,271,156,if guard,borrow_check.cpp:logos::compiler::build_type_sets,"if (type_is_bc(f.type(prog.type_pool.impl()))) { reg_bc_name(std::string(sd.name()), /*strip_generic=*/false); bc_changed = true; return; }"
29201783,273,54,273,73,loop body,borrow_check.cpp:logos::compiler::build_type_sets,for (auto& sd : prog.structs)                consider_struct(sd);
8902,274,54,274,73,loop body,borrow_check.cpp:logos::compiler::build_type_sets,for (auto& sd : prog.struct_specializations) consider_struct(sd);
1029621,275,37,286,10,loop body,borrow_check.cpp:logos::compiler::build_type_sets,for (auto& ed : prog.enums) {
1029621,277,17,277,50,if guard,borrow_check.cpp:logos::compiler::build_type_sets,if (ts.borrow_carrying.count(ed_name)) continue;
23624,277,52,277,60,if guard,borrow_check.cpp:logos::compiler::build_type_sets,if (ts.borrow_carrying.count(ed_name)) continue;
1005997,278,13,286,10,statement,borrow_check.cpp:logos::compiler::build_type_sets,bool hit = false;
2412055,279,64,284,14,call / statement,borrow_check.cpp:logos::compiler::build_type_sets,ed.each_variant([&](lir_view::EnumVariantView var) {
2412055,280,21,280,24,if guard,borrow_check.cpp:logos::compiler::build_type_sets,if (hit) return;
396,280,26,280,32,if guard,borrow_check.cpp:logos::compiler::build_type_sets,if (hit) return;
2411659,281,17,284,14,call / statement,borrow_check.cpp:logos::compiler::build_type_sets,"var.each_payload_type(prog.type_pool.impl(), [&](TypeRef pt) {"
1166917,281,78,283,18,call / statement,borrow_check.cpp:logos::compiler::build_type_sets,"var.each_payload_type(prog.type_pool.impl(), [&](TypeRef pt) {"
1166917,282,25,282,39,if guard,borrow_check.cpp:logos::compiler::build_type_sets,if (type_is_bc(pt)) hit = true;
332,282,41,282,51,if guard,borrow_check.cpp:logos::compiler::build_type_sets,if (type_is_bc(pt)) hit = true;
1005997,285,17,285,20,if guard,borrow_check.cpp:logos::compiler::build_type_sets,"if (hit) { reg_bc_name(ed_name, /*strip_generic=*/false); bc_changed = true; }"
332,285,22,285,91,if guard,borrow_check.cpp:logos::compiler::build_type_sets,"if (hit) { reg_bc_name(ed_name, /*strip_generic=*/false); bc_changed = true; }"
3321,294,57,299,10,call / statement,borrow_check.cpp:logos::compiler::build_type_sets,auto reg_lc_name = [&](const std::string& name) {
3321,297,42,297,71,if guard,borrow_check.cpp:logos::compiler::build_type_sets,if (auto dot = n.rfind('.'); dot != std::string_view::npos)
0,298,17,298,72,statement,borrow_check.cpp:logos::compiler::build_type_sets,ts.loan_carrying.insert(std::string(n.substr(dot + 1)));
49992885,300,50,309,10,statement,borrow_check.cpp:logos::compiler::build_type_sets,auto type_is_lc = [&](TypeRef t) -> bool {
49992885,302,17,302,27,if guard,borrow_check.cpp:logos::compiler::build_type_sets,if (!n.empty() && ts.loan_carrying.count(n) > 0) return true;
49992885,302,17,302,60,if guard,borrow_check.cpp:logos::compiler::build_type_sets,if (!n.empty() && ts.loan_carrying.count(n) > 0) return true;
20361577,302,31,302,60,if guard,borrow_check.cpp:logos::compiler::build_type_sets,if (!n.empty() && ts.loan_carrying.count(n) > 0) return true;
3321,302,62,302,73,if guard,borrow_check.cpp:logos::compiler::build_type_sets,if (!n.empty() && ts.loan_carrying.count(n) > 0) return true;
49989564,303,13,309,10,if guard,borrow_check.cpp:logos::compiler::build_type_sets,if (!t) return false;
49989564,303,17,303,19,if guard,borrow_check.cpp:logos::compiler::build_type_sets,if (!t) return false;
0,303,21,303,33,if guard,borrow_check.cpp:logos::compiler::build_type_sets,if (!t) return false;
49989564,304,13,309,10,loop body,borrow_check.cpp:logos::compiler::build_type_sets,for (auto a : t.type_args()) {
28185162,304,42,307,14,loop body,borrow_check.cpp:logos::compiler::build_type_sets,for (auto a : t.type_args()) {
28185162,306,21,306,32,if guard,borrow_check.cpp:logos::compiler::build_type_sets,if (!an.empty() && ts.loan_carrying.count(an) > 0) return true;
28185162,306,21,306,66,if guard,borrow_check.cpp:logos::compiler::build_type_sets,if (!an.empty() && ts.loan_carrying.count(an) > 0) return true;
13976476,306,36,306,66,if guard,borrow_check.cpp:logos::compiler::build_type_sets,if (!an.empty() && ts.loan_carrying.count(an) > 0) return true;
0,306,68,306,79,if guard,borrow_check.cpp:logos::compiler::build_type_sets,if (!an.empty() && ts.loan_carrying.count(an) > 0) return true;
49989564,308,13,308,25,early return,borrow_check.cpp:logos::compiler::build_type_sets,return false;
32191,311,16,311,26,loop body,borrow_check.cpp:logos::compiler::build_type_sets,while (lc_changed) {
17756,311,28,333,10,loop body,borrow_check.cpp:logos::compiler::build_type_sets,while (lc_changed) {
18906720,313,58,319,14,call / statement,borrow_check.cpp:logos::compiler::build_type_sets,auto consider = [&](lir_view::StructView sd) {
18906720,314,21,314,67,if guard,borrow_check.cpp:logos::compiler::build_type_sets,if (ts.loan_carrying.count(std::string(sd.name()))) return;
287198,314,69,314,75,if guard,borrow_check.cpp:logos::compiler::build_type_sets,if (ts.loan_carrying.count(std::string(sd.name()))) return;
18619522,315,17,319,14,loop body,borrow_check.cpp:logos::compiler::build_type_sets,for (auto& f : sd.fields())
49221762,316,21,318,22,if guard,borrow_check.cpp:logos::compiler::build_type_sets,if (type_is_lc(f.type(prog.type_pool.impl()))) {
49221762,316,25,316,66,if guard,borrow_check.cpp:logos::compiler::build_type_sets,if (type_is_lc(f.type(prog.type_pool.impl()))) {
3321,316,68,318,22,if guard,borrow_check.cpp:logos::compiler::build_type_sets,if (type_is_lc(f.type(prog.type_pool.impl()))) {
18897359,320,59,320,71,loop body,borrow_check.cpp:logos::compiler::build_type_sets,for (auto& sd : prog.structs)                 consider(sd);
9361,321,59,321,71,loop body,borrow_check.cpp:logos::compiler::build_type_sets,for (auto& sd : prog.struct_specializations)  consider(sd);
697703,322,41,332,14,loop body,borrow_check.cpp:logos::compiler::build_type_sets,for (auto& ed : prog.enums) {
697703,324,21,324,52,if guard,borrow_check.cpp:logos::compiler::build_type_sets,if (ts.loan_carrying.count(ed_name)) continue;
18423,324,54,324,62,if guard,borrow_check.cpp:logos::compiler::build_type_sets,if (ts.loan_carrying.count(ed_name)) continue;
679280,325,17,332,14,statement,borrow_check.cpp:logos::compiler::build_type_sets,bool hit = false;
1665355,326,68,330,18,call / statement,borrow_check.cpp:logos::compiler::build_type_sets,ed.each_variant([&](lir_view::EnumVariantView var) {
1665355,327,25,327,28,if guard,borrow_check.cpp:logos::compiler::build_type_sets,if (hit) return;
0,327,30,327,36,if guard,borrow_check.cpp:logos::compiler::build_type_sets,if (hit) return;
1665355,328,21,330,18,statement,borrow_check.cpp:logos::compiler::build_type_sets,"var.each_payload_type(prog.type_pool.impl(),"
771123,329,59,329,94,statement,borrow_check.cpp:logos::compiler::build_type_sets,[&](TypeRef pt) { if (type_is_lc(pt)) hit = true; });
771123,329,65,329,79,statement,borrow_check.cpp:logos::compiler::build_type_sets,[&](TypeRef pt) { if (type_is_lc(pt)) hit = true; });
0,329,81,329,91,statement,borrow_check.cpp:logos::compiler::build_type_sets,[&](TypeRef pt) { if (type_is_lc(pt)) hit = true; });
679280,331,21,331,24,if guard,borrow_check.cpp:logos::compiler::build_type_sets,if (hit) { reg_lc_name(ed_name); lc_changed = true; }
0,331,26,331,70,if guard,borrow_check.cpp:logos::compiler::build_type_sets,if (hit) { reg_lc_name(ed_name); lc_changed = true; }
122521386,337,47,339,10,statement,borrow_check.cpp:logos::compiler::build_type_sets,auto has_mut = [&](TypeRef t) -> bool {
122521386,338,20,338,21,early return,borrow_check.cpp:logos::compiler::build_type_sets,return t && t.kind() == LogosType::Kind::MutRef;
122521386,338,25,338,60,early return,borrow_check.cpp:logos::compiler::build_type_sets,return t && t.kind() == LogosType::Kind::MutRef;
77449124,340,50,351,10,statement,borrow_check.cpp:logos::compiler::build_type_sets,auto type_is_hm = [&](TypeRef t) -> bool {
77449124,341,17,341,27,if guard,borrow_check.cpp:logos::compiler::build_type_sets,if (has_mut(t)) return true;
38399,341,29,341,40,if guard,borrow_check.cpp:logos::compiler::build_type_sets,if (has_mut(t)) return true;
77410725,342,13,351,10,statement,borrow_check.cpp:logos::compiler::build_type_sets,auto n = type_bc_name(t);
77410725,343,17,343,27,if guard,borrow_check.cpp:logos::compiler::build_type_sets,if (!n.empty() && ts.holds_mut_ref.count(n) > 0) return true;
77410725,343,17,343,60,if guard,borrow_check.cpp:logos::compiler::build_type_sets,if (!n.empty() && ts.holds_mut_ref.count(n) > 0) return true;
32353173,343,31,343,60,if guard,borrow_check.cpp:logos::compiler::build_type_sets,if (!n.empty() && ts.holds_mut_ref.count(n) > 0) return true;
44,343,62,343,73,if guard,borrow_check.cpp:logos::compiler::build_type_sets,if (!n.empty() && ts.holds_mut_ref.count(n) > 0) return true;
77410681,344,13,351,10,if guard,borrow_check.cpp:logos::compiler::build_type_sets,if (!t) return false;
77410681,344,17,344,19,if guard,borrow_check.cpp:logos::compiler::build_type_sets,if (!t) return false;
0,344,21,344,33,if guard,borrow_check.cpp:logos::compiler::build_type_sets,if (!t) return false;
77410681,345,13,351,10,loop body,borrow_check.cpp:logos::compiler::build_type_sets,for (auto a : t.type_args()) {
45072262,345,42,349,14,loop body,borrow_check.cpp:logos::compiler::build_type_sets,for (auto a : t.type_args()) {
45072262,346,21,346,31,if guard,borrow_check.cpp:logos::compiler::build_type_sets,if (has_mut(a)) return true;
91863,346,33,346,44,if guard,borrow_check.cpp:logos::compiler::build_type_sets,if (has_mut(a)) return true;
44980399,347,17,349,14,statement,borrow_check.cpp:logos::compiler::build_type_sets,auto an = type_bc_name(a);
44980399,348,21,348,32,if guard,borrow_check.cpp:logos::compiler::build_type_sets,if (!an.empty() && ts.holds_mut_ref.count(an) > 0) return true;
44980399,348,21,348,66,if guard,borrow_check.cpp:logos::compiler::build_type_sets,if (!an.empty() && ts.holds_mut_ref.count(an) > 0) return true;
22304749,348,36,348,66,if guard,borrow_check.cpp:logos::compiler::build_type_sets,if (!an.empty() && ts.holds_mut_ref.count(an) > 0) return true;
0,348,68,348,79,if guard,borrow_check.cpp:logos::compiler::build_type_sets,if (!an.empty() && ts.holds_mut_ref.count(an) > 0) return true;
77318818,350,13,350,25,early return,borrow_check.cpp:logos::compiler::build_type_sets,return false;
130306,352,57,357,10,call / statement,borrow_check.cpp:logos::compiler::build_type_sets,auto reg_hm_name = [&](const std::string& name) {
130306,355,42,355,71,if guard,borrow_check.cpp:logos::compiler::build_type_sets,if (auto dot = n.rfind('.'); dot != std::string_view::npos)
0,356,17,356,72,statement,borrow_check.cpp:logos::compiler::build_type_sets,ts.holds_mut_ref.insert(std::string(n.substr(dot + 1)));
36586,359,16,359,26,loop body,borrow_check.cpp:logos::compiler::build_type_sets,while (hm_changed) {
22151,359,28,381,10,loop body,borrow_check.cpp:logos::compiler::build_type_sets,while (hm_changed) {
28867275,361,58,367,14,call / statement,borrow_check.cpp:logos::compiler::build_type_sets,auto consider = [&](lir_view::StructView sd) {
28867275,362,21,362,67,if guard,borrow_check.cpp:logos::compiler::build_type_sets,if (ts.holds_mut_ref.count(std::string(sd.name()))) return;
122642,362,69,362,75,if guard,borrow_check.cpp:logos::compiler::build_type_sets,if (ts.holds_mut_ref.count(std::string(sd.name()))) return;
28744633,363,17,367,14,loop body,borrow_check.cpp:logos::compiler::build_type_sets,for (auto& f : sd.fields())
76256999,364,21,366,22,if guard,borrow_check.cpp:logos::compiler::build_type_sets,if (type_is_hm(f.type(prog.type_pool.impl()))) {
76256999,364,25,364,66,if guard,borrow_check.cpp:logos::compiler::build_type_sets,if (type_is_hm(f.type(prog.type_pool.impl()))) {
122642,364,68,366,22,if guard,borrow_check.cpp:logos::compiler::build_type_sets,if (type_is_hm(f.type(prog.type_pool.impl()))) {
28862586,368,59,368,71,loop body,borrow_check.cpp:logos::compiler::build_type_sets,for (auto& sd : prog.structs)                 consider(sd);
4689,369,59,369,71,loop body,borrow_check.cpp:logos::compiler::build_type_sets,for (auto& sd : prog.struct_specializations)  consider(sd);
1012293,370,41,380,14,loop body,borrow_check.cpp:logos::compiler::build_type_sets,for (auto& ed : prog.enums) {
1012293,372,21,372,52,if guard,borrow_check.cpp:logos::compiler::build_type_sets,if (ts.holds_mut_ref.count(ed_name)) continue;
7664,372,54,372,62,if guard,borrow_check.cpp:logos::compiler::build_type_sets,if (ts.holds_mut_ref.count(ed_name)) continue;
1004629,373,17,380,14,statement,borrow_check.cpp:logos::compiler::build_type_sets,bool hit = false;
2390725,374,68,378,18,call / statement,borrow_check.cpp:logos::compiler::build_type_sets,ed.each_variant([&](lir_view::EnumVariantView var) {
2390725,375,25,375,28,if guard,borrow_check.cpp:logos::compiler::build_type_sets,if (hit) return;
7654,375,30,375,36,if guard,borrow_check.cpp:logos::compiler::build_type_sets,if (hit) return;
2383071,376,21,378,18,statement,borrow_check.cpp:logos::compiler::build_type_sets,"var.each_payload_type(prog.type_pool.impl(),"
1192125,377,59,377,94,statement,borrow_check.cpp:logos::compiler::build_type_sets,[&](TypeRef pt) { if (type_is_hm(pt)) hit = true; });
1192125,377,65,377,79,statement,borrow_check.cpp:logos::compiler::build_type_sets,[&](TypeRef pt) { if (type_is_hm(pt)) hit = true; });
7664,377,81,377,91,statement,borrow_check.cpp:logos::compiler::build_type_sets,[&](TypeRef pt) { if (type_is_hm(pt)) hit = true; });
1004629,379,21,379,24,if guard,borrow_check.cpp:logos::compiler::build_type_sets,if (hit) { reg_hm_name(ed_name); hm_changed = true; }
7664,379,26,379,70,if guard,borrow_check.cpp:logos::compiler::build_type_sets,if (hit) { reg_hm_name(ed_name); hm_changed = true; }
103610590,385,47,392,10,statement,borrow_check.cpp:logos::compiler::build_type_sets,auto has_any = [&](TypeRef t) -> bool {
103610590,386,20,386,21,early return,borrow_check.cpp:logos::compiler::build_type_sets,return t && (t.kind() == LogosType::Kind::Ref ||
103610590,386,25,391,53,early return,borrow_check.cpp:logos::compiler::build_type_sets,return t && (t.kind() == LogosType::Kind::Ref ||
103610590,386,26,386,58,early return,borrow_check.cpp:logos::compiler::build_type_sets,return t && (t.kind() == LogosType::Kind::Ref ||
103610590,386,26,387,61,early return,borrow_check.cpp:logos::compiler::build_type_sets,return t && (t.kind() == LogosType::Kind::Ref ||
103610590,386,26,388,60,early return,borrow_check.cpp:logos::compiler::build_type_sets,return t && (t.kind() == LogosType::Kind::Ref ||
103610590,386,26,389,82,early return,borrow_check.cpp:logos::compiler::build_type_sets,return t && (t.kind() == LogosType::Kind::Ref ||
103477265,387,26,387,61,statement,borrow_check.cpp:logos::compiler::build_type_sets,t.kind() == LogosType::Kind::MutRef ||
103347003,388,26,388,60,statement,borrow_check.cpp:logos::compiler::build_type_sets,t.kind() == LogosType::Kind::Slice ||
102448644,389,26,389,82,statement,borrow_check.cpp:logos::compiler::build_type_sets,(t.kind() == LogosType::Kind::DstRef && !t.owning_dst()) ||
102448644,389,27,389,62,statement,borrow_check.cpp:logos::compiler::build_type_sets,(t.kind() == LogosType::Kind::DstRef && !t.owning_dst()) ||
2439,389,66,389,81,statement,borrow_check.cpp:logos::compiler::build_type_sets,(t.kind() == LogosType::Kind::DstRef && !t.owning_dst()) ||
102446205,390,26,391,52,statement,borrow_check.cpp:logos::compiler::build_type_sets,(t.kind() == LogosType::Kind::TraitObject &&
102446205,390,27,390,67,statement,borrow_check.cpp:logos::compiler::build_type_sets,(t.kind() == LogosType::Kind::TraitObject &&
90403,391,27,391,51,statement,borrow_check.cpp:logos::compiler::build_type_sets,!t.owning_trait_object()));
65526205,393,74,411,10,statement,borrow_check.cpp:logos::compiler::build_type_sets,std::function<bool(TypeRef)> type_is_ha = [&](TypeRef t) -> bool {
65526205,394,17,394,27,if guard,borrow_check.cpp:logos::compiler::build_type_sets,if (has_any(t)) return true;
287065,394,29,394,40,if guard,borrow_check.cpp:logos::compiler::build_type_sets,if (has_any(t)) return true;
65239140,395,13,411,10,statement,borrow_check.cpp:logos::compiler::build_type_sets,auto n = type_bc_name(t);
65239140,396,17,396,27,if guard,borrow_check.cpp:logos::compiler::build_type_sets,if (!n.empty() && ts.holds_any_ref.count(n) > 0) return true;
65239140,396,17,396,60,if guard,borrow_check.cpp:logos::compiler::build_type_sets,if (!n.empty() && ts.holds_any_ref.count(n) > 0) return true;
28071423,396,31,396,60,if guard,borrow_check.cpp:logos::compiler::build_type_sets,if (!n.empty() && ts.holds_any_ref.count(n) > 0) return true;
183730,396,62,396,73,if guard,borrow_check.cpp:logos::compiler::build_type_sets,if (!n.empty() && ts.holds_any_ref.count(n) > 0) return true;
65055410,397,13,411,10,if guard,borrow_check.cpp:logos::compiler::build_type_sets,if (!t) return false;
65055410,397,17,397,19,if guard,borrow_check.cpp:logos::compiler::build_type_sets,if (!t) return false;
0,397,21,397,33,if guard,borrow_check.cpp:logos::compiler::build_type_sets,if (!t) return false;
65055410,398,13,411,10,loop body,borrow_check.cpp:logos::compiler::build_type_sets,for (auto a : t.type_args()) {
38084385,398,42,402,14,loop body,borrow_check.cpp:logos::compiler::build_type_sets,for (auto a : t.type_args()) {
38084385,399,21,399,31,if guard,borrow_check.cpp:logos::compiler::build_type_sets,if (has_any(a)) return true;
967664,399,33,399,44,if guard,borrow_check.cpp:logos::compiler::build_type_sets,if (has_any(a)) return true;
37116721,400,17,402,14,statement,borrow_check.cpp:logos::compiler::build_type_sets,auto an = type_bc_name(a);
37116721,401,21,401,32,if guard,borrow_check.cpp:logos::compiler::build_type_sets,if (!an.empty() && ts.holds_any_ref.count(an) > 0) return true;
37116721,401,21,401,66,if guard,borrow_check.cpp:logos::compiler::build_type_sets,if (!an.empty() && ts.holds_any_ref.count(an) > 0) return true;
18944181,401,36,401,66,if guard,borrow_check.cpp:logos::compiler::build_type_sets,if (!an.empty() && ts.holds_any_ref.count(an) > 0) return true;
1949664,401,68,401,79,if guard,borrow_check.cpp:logos::compiler::build_type_sets,if (!an.empty() && ts.holds_any_ref.count(an) > 0) return true;
62138082,405,13,411,10,if guard,borrow_check.cpp:logos::compiler::build_type_sets,if (t.kind() == LogosType::Kind::Tuple)
62138082,405,17,405,51,if guard,borrow_check.cpp:logos::compiler::build_type_sets,if (t.kind() == LogosType::Kind::Tuple)
2984,406,17,407,60,loop body,borrow_check.cpp:logos::compiler::build_type_sets,for (auto e : t.tuple_elems())
5946,407,21,407,60,if guard,borrow_check.cpp:logos::compiler::build_type_sets,if (type_is_ha(TypeRef(e))) return true;
5946,407,25,407,47,if guard,borrow_check.cpp:logos::compiler::build_type_sets,if (type_is_ha(TypeRef(e))) return true;
28,407,49,407,60,if guard,borrow_check.cpp:logos::compiler::build_type_sets,if (type_is_ha(TypeRef(e))) return true;
62138054,408,13,411,10,if guard,borrow_check.cpp:logos::compiler::build_type_sets,if (t.kind() == LogosType::Kind::Array)
62138054,408,17,408,51,if guard,borrow_check.cpp:logos::compiler::build_type_sets,if (t.kind() == LogosType::Kind::Array)
106411,409,17,409,44,early return,borrow_check.cpp:logos::compiler::build_type_sets,return type_is_ha(t.elem());
62031643,410,13,410,25,early return,borrow_check.cpp:logos::compiler::build_type_sets,return false;
3388115,412,57,417,10,call / statement,borrow_check.cpp:logos::compiler::build_type_sets,auto reg_ha_name = [&](const std::string& name) {
3388115,415,42,415,71,if guard,borrow_check.cpp:logos::compiler::build_type_sets,if (auto dot = n.rfind('.'); dot != std::string_view::npos)
0,416,17,416,72,statement,borrow_check.cpp:logos::compiler::build_type_sets,ts.holds_any_ref.insert(std::string(n.substr(dot + 1)));
43370,419,16,419,26,loop body,borrow_check.cpp:logos::compiler::build_type_sets,while (ha_changed) {
28935,419,28,441,10,loop body,borrow_check.cpp:logos::compiler::build_type_sets,while (ha_changed) {
30038597,421,58,427,14,call / statement,borrow_check.cpp:logos::compiler::build_type_sets,auto consider = [&](lir_view::StructView sd) {
30038597,422,21,422,67,if guard,borrow_check.cpp:logos::compiler::build_type_sets,if (ts.holds_any_ref.count(std::string(sd.name()))) return;
3341201,422,69,422,75,if guard,borrow_check.cpp:logos::compiler::build_type_sets,if (ts.holds_any_ref.count(std::string(sd.name()))) return;
26697396,423,17,427,14,loop body,borrow_check.cpp:logos::compiler::build_type_sets,for (auto& f : sd.fields())
64226247,424,21,426,22,if guard,borrow_check.cpp:logos::compiler::build_type_sets,if (type_is_ha(f.type(prog.type_pool.impl()))) {
64226247,424,25,424,66,if guard,borrow_check.cpp:logos::compiler::build_type_sets,if (type_is_ha(f.type(prog.type_pool.impl()))) {
3318798,424,68,426,22,if guard,borrow_check.cpp:logos::compiler::build_type_sets,if (type_is_ha(f.type(prog.type_pool.impl()))) {
30029135,428,59,428,71,loop body,borrow_check.cpp:logos::compiler::build_type_sets,for (auto& sd : prog.structs)                 consider(sd);
9462,429,59,429,71,loop body,borrow_check.cpp:logos::compiler::build_type_sets,for (auto& sd : prog.struct_specializations)  consider(sd);
1099204,430,41,440,14,loop body,borrow_check.cpp:logos::compiler::build_type_sets,for (auto& ed : prog.enums) {
1099204,432,21,432,52,if guard,borrow_check.cpp:logos::compiler::build_type_sets,if (ts.holds_any_ref.count(ed_name)) continue;
69847,432,54,432,62,if guard,borrow_check.cpp:logos::compiler::build_type_sets,if (ts.holds_any_ref.count(ed_name)) continue;
1029357,433,17,440,14,statement,borrow_check.cpp:logos::compiler::build_type_sets,bool hit = false;
2556366,434,68,438,18,call / statement,borrow_check.cpp:logos::compiler::build_type_sets,ed.each_variant([&](lir_view::EnumVariantView var) {
2556366,435,25,435,28,if guard,borrow_check.cpp:logos::compiler::build_type_sets,if (hit) return;
62082,435,30,435,36,if guard,borrow_check.cpp:logos::compiler::build_type_sets,if (hit) return;
2494284,436,21,438,18,statement,borrow_check.cpp:logos::compiler::build_type_sets,"var.each_payload_type(prog.type_pool.impl(),"
1187601,437,59,437,94,statement,borrow_check.cpp:logos::compiler::build_type_sets,[&](TypeRef pt) { if (type_is_ha(pt)) hit = true; });
1187601,437,65,437,79,statement,borrow_check.cpp:logos::compiler::build_type_sets,[&](TypeRef pt) { if (type_is_ha(pt)) hit = true; });
69325,437,81,437,91,statement,borrow_check.cpp:logos::compiler::build_type_sets,[&](TypeRef pt) { if (type_is_ha(pt)) hit = true; });
1029357,439,21,439,24,if guard,borrow_check.cpp:logos::compiler::build_type_sets,if (hit) { reg_ha_name(ed_name); ha_changed = true; }
69317,439,26,439,70,if guard,borrow_check.cpp:logos::compiler::build_type_sets,if (hit) { reg_ha_name(ed_name); ha_changed = true; }
14435,442,13,442,52,if guard,borrow_check.cpp:logos::compiler::build_type_sets,"if (std::getenv(""LOGOS_DUMP_HOLDS_ANY_REF""))"
0,443,13,444,70,statement,borrow_check.cpp:logos::compiler::build_type_sets,"fprintf(stderr, ""[holds_any_ref] %zu names (holds_mut_ref: %zu)\n"","
0,443,21,443,21,statement,borrow_check.cpp:logos::compiler::build_type_sets,"fprintf(stderr, ""[holds_any_ref] %zu names (holds_mut_ref: %zu)\n"","
14962001,447,49,447,102,loop body,borrow_check.cpp:logos::compiler::build_type_sets,"for (auto& sd : prog.structs)               ts.struct_by_name.emplace(std::string(sd.name()), sd);"
4689,448,50,448,101,loop body,borrow_check.cpp:logos::compiler::build_type_sets,"for (auto& sd : prog.struct_specializations) ts.spec_by_name.emplace(std::string(sd.name()), sd);"
547477,449,49,449,100,loop body,borrow_check.cpp:logos::compiler::build_type_sets,"for (auto& ed : prog.enums)                 ts.enum_by_name.emplace(std::string(ed.name()), ed);"
12667616,455,82,458,2,call / statement,borrow_check.cpp:logos::compiler::needs_drop,"static bool needs_drop(TypeRef t, const lir::LProgram& prog, const TypeSets& ts) {"
12667616,456,9,456,11,if guard,borrow_check.cpp:logos::compiler::needs_drop,if (!t || t.kind() != LogosType::Kind::Struct) return false;
12667616,456,9,456,50,if guard,borrow_check.cpp:logos::compiler::needs_drop,if (!t || t.kind() != LogosType::Kind::Struct) return false;
12667616,456,15,456,50,if guard,borrow_check.cpp:logos::compiler::needs_drop,if (!t || t.kind() != LogosType::Kind::Struct) return false;
7265840,456,52,456,64,if guard,borrow_check.cpp:logos::compiler::needs_drop,if (!t || t.kind() != LogosType::Kind::Struct) return false;
5401776,457,5,457,98,early return,borrow_check.cpp:logos::compiler::needs_drop,"return ts.drop_types.count(std::string(t.struct_name())) || has_droppable_fields(t, prog, ts);"
5401776,457,12,457,61,early return,borrow_check.cpp:logos::compiler::needs_drop,"return ts.drop_types.count(std::string(t.struct_name())) || has_droppable_fields(t, prog, ts);"
5190093,457,65,457,98,early return,borrow_check.cpp:logos::compiler::needs_drop,"return ts.drop_types.count(std::string(t.struct_name())) || has_droppable_fields(t, prog, ts);"
5190093,461,55,482,2,call / statement,borrow_check.cpp:logos::compiler::has_droppable_fields,const TypeSets& ts) {
5190093,462,9,462,11,if guard,borrow_check.cpp:logos::compiler::has_droppable_fields,if (!t || t.kind() != LogosType::Kind::Struct) return false;
5190093,462,9,462,50,if guard,borrow_check.cpp:logos::compiler::has_droppable_fields,if (!t || t.kind() != LogosType::Kind::Struct) return false;
5190093,462,15,462,50,if guard,borrow_check.cpp:logos::compiler::has_droppable_fields,if (!t || t.kind() != LogosType::Kind::Struct) return false;
0,462,52,462,64,if guard,borrow_check.cpp:logos::compiler::has_droppable_fields,if (!t || t.kind() != LogosType::Kind::Struct) return false;
5190093,470,5,482,2,statement,borrow_check.cpp:logos::compiler::has_droppable_fields,std::string want = concrete_struct_name(t);
5100712,471,62,476,6,statement,borrow_check.cpp:logos::compiler::has_droppable_fields,auto def_has_drop = [&](lir_view::StructView sd) -> bool {
5100712,472,13,472,16,if guard,borrow_check.cpp:logos::compiler::has_droppable_fields,if (!sd) return false;
0,472,18,472,30,if guard,borrow_check.cpp:logos::compiler::has_droppable_fields,if (!sd) return false;
5100712,473,9,476,6,loop body,borrow_check.cpp:logos::compiler::has_droppable_fields,for (auto& f : sd.fields())
7837238,474,13,474,81,if guard,borrow_check.cpp:logos::compiler::has_droppable_fields,"if (needs_drop(f.type(prog.type_pool.impl()), prog, ts)) return true;"
7837238,474,17,474,68,if guard,borrow_check.cpp:logos::compiler::has_droppable_fields,"if (needs_drop(f.type(prog.type_pool.impl()), prog, ts)) return true;"
26013,474,70,474,81,if guard,borrow_check.cpp:logos::compiler::has_droppable_fields,"if (needs_drop(f.type(prog.type_pool.impl()), prog, ts)) return true;"
5074699,475,9,475,21,early return,borrow_check.cpp:logos::compiler::has_droppable_fields,return false;
5190093,478,9,478,39,if guard,borrow_check.cpp:logos::compiler::has_droppable_fields,if (sit != ts.struct_by_name.end() && def_has_drop(sit->second)) return true;
5190093,478,9,478,68,if guard,borrow_check.cpp:logos::compiler::has_droppable_fields,if (sit != ts.struct_by_name.end() && def_has_drop(sit->second)) return true;
5100712,478,43,478,68,if guard,borrow_check.cpp:logos::compiler::has_droppable_fields,if (sit != ts.struct_by_name.end() && def_has_drop(sit->second)) return true;
26013,478,70,478,81,if guard,borrow_check.cpp:logos::compiler::has_droppable_fields,if (sit != ts.struct_by_name.end() && def_has_drop(sit->second)) return true;
5164080,479,5,482,2,statement,borrow_check.cpp:logos::compiler::has_droppable_fields,auto pit = ts.spec_by_name.find(want);
5164080,480,9,480,37,if guard,borrow_check.cpp:logos::compiler::has_droppable_fields,if (pit != ts.spec_by_name.end() && def_has_drop(pit->second)) return true;
5164080,480,9,480,66,if guard,borrow_check.cpp:logos::compiler::has_droppable_fields,if (pit != ts.spec_by_name.end() && def_has_drop(pit->second)) return true;
0,480,41,480,66,if guard,borrow_check.cpp:logos::compiler::has_droppable_fields,if (pit != ts.spec_by_name.end() && def_has_drop(pit->second)) return true;
0,480,68,480,79,if guard,borrow_check.cpp:logos::compiler::has_droppable_fields,if (pit != ts.spec_by_name.end() && def_has_drop(pit->second)) return true;
5164080,481,5,481,17,early return,borrow_check.cpp:logos::compiler::has_droppable_fields,return false;
16458390,491,85,539,2,call / statement,borrow_check.cpp:logos::compiler::is_move_type,const std::unordered_set<std::string>* copy_tvs = nullptr) {
16499743,495,55,517,6,statement,borrow_check.cpp:logos::compiler::is_move_type,auto leaf = [&](TypeRef x) -> std::optional<bool> {
16499743,501,13,501,14,if guard,borrow_check.cpp:logos::compiler::is_move_type,if (x && x.kind() == LogosType::Kind::MutRef) return true;
16499743,501,13,501,53,if guard,borrow_check.cpp:logos::compiler::is_move_type,if (x && x.kind() == LogosType::Kind::MutRef) return true;
16499743,501,18,501,53,if guard,borrow_check.cpp:logos::compiler::is_move_type,if (x && x.kind() == LogosType::Kind::MutRef) return true;
199478,501,55,501,66,if guard,borrow_check.cpp:logos::compiler::is_move_type,if (x && x.kind() == LogosType::Kind::MutRef) return true;
16300265,511,9,517,6,if guard,borrow_check.cpp:logos::compiler::is_move_type,if (x && x.kind() == LogosType::Kind::TypeVar) {
16300265,511,13,511,14,if guard,borrow_check.cpp:logos::compiler::is_move_type,if (x && x.kind() == LogosType::Kind::TypeVar) {
16300265,511,13,511,54,if guard,borrow_check.cpp:logos::compiler::is_move_type,if (x && x.kind() == LogosType::Kind::TypeVar) {
16300265,511,18,511,54,if guard,borrow_check.cpp:logos::compiler::is_move_type,if (x && x.kind() == LogosType::Kind::TypeVar) {
7533,511,56,515,10,if guard,borrow_check.cpp:logos::compiler::is_move_type,if (x && x.kind() == LogosType::Kind::TypeVar) {
7533,512,17,512,25,if guard,borrow_check.cpp:logos::compiler::is_move_type,if (copy_tvs && copy_tvs->count(std::string(x.type_var_name())))
7533,512,17,512,76,if guard,borrow_check.cpp:logos::compiler::is_move_type,if (copy_tvs && copy_tvs->count(std::string(x.type_var_name())))
7533,512,29,512,76,if guard,borrow_check.cpp:logos::compiler::is_move_type,if (copy_tvs && copy_tvs->count(std::string(x.type_var_name())))
244,513,17,513,50,early return,borrow_check.cpp:logos::compiler::is_move_type,return std::optional<bool>(false);
7289,514,13,514,45,early return,borrow_check.cpp:logos::compiler::is_move_type,return std::optional<bool>(true);
16292732,516,9,516,28,early return,borrow_check.cpp:logos::compiler::is_move_type,return std::nullopt;
4466798,518,42,521,6,call / statement,borrow_check.cpp:logos::compiler::is_move_type,auto struct_is_move = [&](TypeRef x) {
4466798,519,16,519,39,early return,borrow_check.cpp:logos::compiler::is_move_type,"return needs_drop(x, prog, ts) &&"
161620,520,16,520,75,statement,borrow_check.cpp:logos::compiler::is_move_type,!ts.copy_types.count(std::string(TypeRef(x).struct_name()));
3408482,522,48,537,6,statement,borrow_check.cpp:logos::compiler::is_move_type,auto enum_is_move = [&](TypeRef x) -> bool {
3408482,524,13,524,36,if guard,borrow_check.cpp:logos::compiler::is_move_type,if (ts.copy_types.count(en)) return false;     // explicitly Copy enum
3754,524,38,524,50,if guard,borrow_check.cpp:logos::compiler::is_move_type,if (ts.copy_types.count(en)) return false;     // explicitly Copy enum
3404728,525,9,537,6,if guard,borrow_check.cpp:logos::compiler::is_move_type,if (ts.drop_types.count(en)) return true;       // has a Drop impl
3404728,525,13,525,36,if guard,borrow_check.cpp:logos::compiler::is_move_type,if (ts.drop_types.count(en)) return true;       // has a Drop impl
0,525,38,525,49,if guard,borrow_check.cpp:logos::compiler::is_move_type,if (ts.drop_types.count(en)) return true;       // has a Drop impl
3404728,526,9,537,6,statement,borrow_check.cpp:logos::compiler::is_move_type,auto eit = ts.enum_by_name.find(en);            // any move-typed payload
3404728,527,13,527,41,if guard,borrow_check.cpp:logos::compiler::is_move_type,if (eit != ts.enum_by_name.end()) {
349268,527,43,535,10,if guard,borrow_check.cpp:logos::compiler::is_move_type,if (eit != ts.enum_by_name.end()) {
1049567,529,71,533,14,call / statement,borrow_check.cpp:logos::compiler::is_move_type,eit->second.each_variant([&](lir_view::EnumVariantView v) {
6601,530,76,532,18,call / statement,borrow_check.cpp:logos::compiler::is_move_type,"v.each_payload_type(prog.type_pool.impl(), [&](TypeRef pt) {"
6601,531,25,531,61,if guard,borrow_check.cpp:logos::compiler::is_move_type,"if (is_move_type(pt, prog, ts, copy_tvs)) moved = true;"
3699,531,63,531,75,if guard,borrow_check.cpp:logos::compiler::is_move_type,"if (is_move_type(pt, prog, ts, copy_tvs)) moved = true;"
3055460,536,9,536,21,early return,borrow_check.cpp:logos::compiler::is_move_type,return false;
11515565,585,28,588,6,call / statement,logos::compiler::VarStore::reset,void reset(uint32_t n) {
0,589,18,589,65,statement,logos::compiler::VarStore::clear,void clear() { reset(static_cast<uint32_t>(slot_.size())); }
142432460,591,66,595,6,statement,logos::compiler::VarStore::resolve,"uint32_t resolve(uint32_t slot, std::string_view name) const {"
142432460,592,13,592,28,if guard,logos::compiler::VarStore::resolve,if (slot != NO_SLOT) return slot;
70096968,592,30,592,41,if guard,logos::compiler::VarStore::resolve,if (slot != NO_SLOT) return slot;
72335492,593,9,594,61,statement,logos::compiler::VarStore::resolve,auto it = name2slot_.find(std::string(name));
72335492,594,16,594,38,early return,logos::compiler::VarStore::resolve,return it == name2slot_.end() ? NO_SLOT : it->second;
41370220,594,41,594,48,early return,logos::compiler::VarStore::resolve,return it == name2slot_.end() ? NO_SLOT : it->second;
30965272,594,51,594,61,early return,logos::compiler::VarStore::resolve,return it == name2slot_.end() ? NO_SLOT : it->second;
82612118,596,58,601,6,call / statement,logos::compiler::VarStore::find,"VarState* find(uint32_t slot, std::string_view name) {"
82612118,598,13,598,25,if guard,logos::compiler::VarStore::find,if (s != NO_SLOT && s < declared_.size() && declared_[s]) return &slot_[s];
82612118,598,13,598,49,if guard,logos::compiler::VarStore::find,if (s != NO_SLOT && s < declared_.size() && declared_[s]) return &slot_[s];
82612118,598,13,598,65,if guard,logos::compiler::VarStore::find,if (s != NO_SLOT && s < declared_.size() && declared_[s]) return &slot_[s];
70812120,598,29,598,49,if guard,logos::compiler::VarStore::find,if (s != NO_SLOT && s < declared_.size() && declared_[s]) return &slot_[s];
52855015,598,53,598,65,if guard,logos::compiler::VarStore::find,if (s != NO_SLOT && s < declared_.size() && declared_[s]) return &slot_[s];
52821245,598,67,598,83,if guard,logos::compiler::VarStore::find,if (s != NO_SLOT && s < declared_.size() && declared_[s]) return &slot_[s];
29790873,599,9,600,57,statement,logos::compiler::VarStore::find,auto it = name_.find(std::string(name));
29790873,600,16,600,33,early return,logos::compiler::VarStore::find,return it == name_.end() ? nullptr : &it->second;
87451,600,36,600,43,early return,logos::compiler::VarStore::find,return it == name_.end() ? nullptr : &it->second;
29703422,600,46,600,57,early return,logos::compiler::VarStore::find,return it == name_.end() ? nullptr : &it->second;
14998197,602,70,607,6,statement,logos::compiler::VarStore::find,"const VarState* find(uint32_t slot, std::string_view name) const {"
14998197,604,13,604,25,if guard,logos::compiler::VarStore::find,if (s != NO_SLOT && s < declared_.size() && declared_[s]) return &slot_[s];
14998197,604,13,604,49,if guard,logos::compiler::VarStore::find,if (s != NO_SLOT && s < declared_.size() && declared_[s]) return &slot_[s];
14998197,604,13,604,65,if guard,logos::compiler::VarStore::find,if (s != NO_SLOT && s < declared_.size() && declared_[s]) return &slot_[s];
12343324,604,29,604,49,if guard,logos::compiler::VarStore::find,if (s != NO_SLOT && s < declared_.size() && declared_[s]) return &slot_[s];
10631730,604,53,604,65,if guard,logos::compiler::VarStore::find,if (s != NO_SLOT && s < declared_.size() && declared_[s]) return &slot_[s];
10631063,604,67,604,83,if guard,logos::compiler::VarStore::find,if (s != NO_SLOT && s < declared_.size() && declared_[s]) return &slot_[s];
4367134,605,9,606,57,statement,logos::compiler::VarStore::find,auto it = name_.find(std::string(name));
4367134,606,16,606,33,early return,logos::compiler::VarStore::find,return it == name_.end() ? nullptr : &it->second;
4622,606,36,606,43,early return,logos::compiler::VarStore::find,return it == name_.end() ? nullptr : &it->second;
4362512,606,46,606,57,early return,logos::compiler::VarStore::find,return it == name_.end() ? nullptr : &it->second;
14998197,608,58,608,97,statement,logos::compiler::VarStore::has,"bool has(uint32_t slot, std::string_view name) const { return find(slot, name) != nullptr; }"
36224944,611,56,619,6,call / statement,logos::compiler::VarStore::at,"VarState& at(uint32_t slot, std::string_view name) {"
36224944,612,22,612,39,statement,logos::compiler::VarStore::at,"uint32_t s = (slot != NO_SLOT) ? slot : resolve(slot, name);"
26956492,612,42,612,46,statement,logos::compiler::VarStore::at,"uint32_t s = (slot != NO_SLOT) ? slot : resolve(slot, name);"
9268452,612,49,612,68,statement,logos::compiler::VarStore::at,"uint32_t s = (slot != NO_SLOT) ? slot : resolve(slot, name);"
36224944,613,13,613,25,if guard,logos::compiler::VarStore::at,if (s != NO_SLOT && s < slot_.size()) {
36224944,613,13,613,45,if guard,logos::compiler::VarStore::at,if (s != NO_SLOT && s < slot_.size()) {
27034344,613,29,613,45,if guard,logos::compiler::VarStore::at,if (s != NO_SLOT && s < slot_.size()) {
17909274,613,47,617,10,if guard,logos::compiler::VarStore::at,if (s != NO_SLOT && s < slot_.size()) {
17909274,615,17,615,30,if guard,logos::compiler::VarStore::at,if (!name.empty()) name2slot_[std::string(name)] = s;
17909272,615,32,615,65,if guard,logos::compiler::VarStore::at,if (!name.empty()) name2slot_[std::string(name)] = s;
18315670,618,9,618,40,early return,logos::compiler::VarStore::at,return name_[std::string(name)];
35553693,620,54,625,6,call / statement,logos::compiler::VarStore::erase,"void erase(uint32_t slot, std::string_view name) {"
35553693,622,13,622,25,if guard,logos::compiler::VarStore::erase,if (s != NO_SLOT && s < declared_.size()) declared_[s] = 0;
35553693,622,13,622,49,if guard,logos::compiler::VarStore::erase,if (s != NO_SLOT && s < declared_.size()) declared_[s] = 0;
17828944,622,29,622,49,if guard,logos::compiler::VarStore::erase,if (s != NO_SLOT && s < declared_.size()) declared_[s] = 0;
17828944,622,51,622,67,if guard,logos::compiler::VarStore::erase,if (s != NO_SLOT && s < declared_.size()) declared_[s] = 0;
1434763,629,45,632,6,call / statement,borrow_check.cpp:void logos::compiler::VarStore::for_each,template <class F> void for_each(F&& f) {
11980037,630,30,630,46,loop body,borrow_check.cpp:void logos::compiler::VarStore::for_each,"for (uint32_t s = 0; s < slot_.size(); ++s) if (declared_[s]) f(s, std::string_view{}, slot_[s]);"
10545274,630,48,630,51,loop body,borrow_check.cpp:void logos::compiler::VarStore::for_each,"for (uint32_t s = 0; s < slot_.size(); ++s) if (declared_[s]) f(s, std::string_view{}, slot_[s]);"
10545274,630,53,630,105,loop body,borrow_check.cpp:void logos::compiler::VarStore::for_each,"for (uint32_t s = 0; s < slot_.size(); ++s) if (declared_[s]) f(s, std::string_view{}, slot_[s]);"
10545274,630,57,630,69,loop body,borrow_check.cpp:void logos::compiler::VarStore::for_each,"for (uint32_t s = 0; s < slot_.size(); ++s) if (declared_[s]) f(s, std::string_view{}, slot_[s]);"
5347700,630,71,630,105,loop body,borrow_check.cpp:void logos::compiler::VarStore::for_each,"for (uint32_t s = 0; s < slot_.size(); ++s) if (declared_[s]) f(s, std::string_view{}, slot_[s]);"
1852541,631,37,631,72,loop body,borrow_check.cpp:void logos::compiler::VarStore::for_each,"for (auto& [n, st] : name_) f(NO_SLOT, std::string_view(n), st);"
3858625,633,61,636,6,statement,logos::compiler::VarStore::has_id,"bool has_id(uint32_t slot, std::string_view name) const {"
3858625,634,13,634,28,if guard,logos::compiler::VarStore::has_id,if (slot != NO_SLOT) return slot < declared_.size() && declared_[slot];
2817441,634,30,634,79,if guard,logos::compiler::VarStore::has_id,if (slot != NO_SLOT) return slot < declared_.size() && declared_[slot];
2817441,634,37,634,60,if guard,logos::compiler::VarStore::has_id,if (slot != NO_SLOT) return slot < declared_.size() && declared_[slot];
2817441,634,64,634,79,if guard,logos::compiler::VarStore::has_id,if (slot != NO_SLOT) return slot < declared_.size() && declared_[slot];
1041184,635,9,635,51,early return,logos::compiler::VarStore::has_id,return name_.count(std::string(name)) != 0;
3858351,637,59,640,6,call / statement,logos::compiler::VarStore::at_id,"VarState& at_id(uint32_t slot, std::string_view name) {"
3858351,638,13,638,28,if guard,logos::compiler::VarStore::at_id,if (slot != NO_SLOT) { declared_[slot] = 1; return slot_[slot]; }
2817326,638,30,638,74,if guard,logos::compiler::VarStore::at_id,if (slot != NO_SLOT) { declared_[slot] = 1; return slot_[slot]; }
1041025,639,9,639,40,early return,logos::compiler::VarStore::at_id,return name_[std::string(name)];
2580483,666,63,673,2,call / statement,borrow_check.cpp:logos::compiler::merge_prov,"static RefProv merge_prov(const RefProv& a, const RefProv& b) {"
329203,668,30,668,48,loop body,borrow_check.cpp:logos::compiler::merge_prov,for (auto& s : a.params) r.params.insert(s);
468504,669,30,669,48,loop body,borrow_check.cpp:logos::compiler::merge_prov,for (auto& s : b.params) r.params.insert(s);
2580483,670,18,670,28,statement,borrow_check.cpp:logos::compiler::merge_prov,r.is_local = a.is_local || b.is_local;
2531837,670,32,670,42,statement,borrow_check.cpp:logos::compiler::merge_prov,r.is_local = a.is_local || b.is_local;
2580483,671,18,671,27,statement,borrow_check.cpp:logos::compiler::merge_prov,r.is_temp  = a.is_temp  || b.is_temp;
2580483,671,32,671,41,statement,borrow_check.cpp:logos::compiler::merge_prov,r.is_temp  = a.is_temp  || b.is_temp;
1358969,683,59,685,2,call / statement,borrow_check.cpp:logos::compiler::is_materialized_temp_name,static bool is_materialized_temp_name(std::string_view n) {
3813372,691,53,693,2,call / statement,borrow_check.cpp:logos::compiler::is_return_temp_name,static bool is_return_temp_name(std::string_view n) {
2678405,700,58,702,2,call / statement,borrow_check.cpp:logos::compiler::is_destructure_temp_name,static bool is_destructure_temp_name(std::string_view n) {
219168,708,57,710,2,call / statement,borrow_check.cpp:logos::compiler::is_loop_break_slot_name,static bool is_loop_break_slot_name(std::string_view n) {
102,735,64,757,2,call / statement,borrow_check.cpp:logos::compiler::is_cond_move_field_drop_place,static bool is_cond_move_field_drop_place(lir_view::ExprRef e) {
231,740,12,740,13,loop body,borrow_check.cpp:logos::compiler::is_cond_move_field_drop_place,while (e) {
231,740,15,755,6,loop body,borrow_check.cpp:logos::compiler::is_cond_move_field_drop_place,while (e) {
123,742,13,745,25,switch arm,borrow_check.cpp:logos::compiler::is_cond_move_field_drop_place,case EK::FieldRead:
6,746,13,749,25,switch arm,borrow_check.cpp:logos::compiler::is_cond_move_field_drop_place,case EK::TupleIndex:
102,750,13,751,33,switch arm,borrow_check.cpp:logos::compiler::is_cond_move_field_drop_place,case EK::VarRef:
0,752,13,753,29,switch arm,borrow_check.cpp:logos::compiler::is_cond_move_field_drop_place,default:
0,756,5,756,17,early return,borrow_check.cpp:logos::compiler::is_cond_move_field_drop_place,return false;
11170771,775,83,778,2,call / statement,borrow_check.cpp:logos::compiler::is_cond_move_field_drop_temp,"std::string_view n, lir_view::ExprRef v) {"
11170771,776,12,776,50,early return,borrow_check.cpp:logos::compiler::is_cond_move_field_drop_temp,return lir_view::SLetView{st}.compiler_glue() &&
11170771,776,12,777,38,early return,borrow_check.cpp:logos::compiler::is_cond_move_field_drop_temp,return lir_view::SLetView{st}.compiler_glue() &&
102,777,12,777,38,statement,borrow_check.cpp:logos::compiler::is_cond_move_field_drop_temp,"n.rfind(""__cmfd_"", 0) == 0 && is_cond_move_field_drop_place(v);"
102,777,42,777,74,statement,borrow_check.cpp:logos::compiler::is_cond_move_field_drop_temp,"n.rfind(""__cmfd_"", 0) == 0 && is_cond_move_field_drop_place(v);"
10622044,780,58,807,2,call / statement,borrow_check.cpp:logos::compiler::is_temporary_value_expr,static bool is_temporary_value_expr(lir_view::ExprRef e) {
10622044,781,9,781,11,if guard,borrow_check.cpp:logos::compiler::is_temporary_value_expr,if (!e) return false;
0,781,13,781,25,if guard,borrow_check.cpp:logos::compiler::is_temporary_value_expr,if (!e) return false;
10622044,782,5,807,2,statement,borrow_check.cpp:logos::compiler::is_temporary_value_expr,using EK = lir_schema::expr::Code;
40,784,9,805,25,switch arm,borrow_check.cpp:logos::compiler::is_temporary_value_expr,case EK::LitInt: case EK::LitFloat: case EK::LitBool: case EK::LitStr:
40,784,26,805,25,switch arm,borrow_check.cpp:logos::compiler::is_temporary_value_expr,case EK::LitInt: case EK::LitFloat: case EK::LitBool: case EK::LitStr:
47,784,45,805,25,switch arm,borrow_check.cpp:logos::compiler::is_temporary_value_expr,case EK::LitInt: case EK::LitFloat: case EK::LitBool: case EK::LitStr:
47,784,63,805,25,switch arm,borrow_check.cpp:logos::compiler::is_temporary_value_expr,case EK::LitInt: case EK::LitFloat: case EK::LitBool: case EK::LitStr:
59,785,9,805,25,switch arm,borrow_check.cpp:logos::compiler::is_temporary_value_expr,case EK::StructLit: case EK::TupleLit: case EK::ArrLit:
94,785,29,805,25,switch arm,borrow_check.cpp:logos::compiler::is_temporary_value_expr,case EK::StructLit: case EK::TupleLit: case EK::ArrLit:
109,785,48,805,25,switch arm,borrow_check.cpp:logos::compiler::is_temporary_value_expr,case EK::StructLit: case EK::TupleLit: case EK::ArrLit:
5150,786,9,805,25,switch arm,borrow_check.cpp:logos::compiler::is_temporary_value_expr,case EK::Call: case EK::MethodCall: case EK::ClosureCall:
9352,786,24,805,25,switch arm,borrow_check.cpp:logos::compiler::is_temporary_value_expr,case EK::Call: case EK::MethodCall: case EK::ClosureCall:
9354,786,45,805,25,switch arm,borrow_check.cpp:logos::compiler::is_temporary_value_expr,case EK::Call: case EK::MethodCall: case EK::ClosureCall:
9359,787,9,805,25,switch arm,borrow_check.cpp:logos::compiler::is_temporary_value_expr,case EK::EnumLit: case EK::EnumLitData:
9404,787,27,805,25,switch arm,borrow_check.cpp:logos::compiler::is_temporary_value_expr,case EK::EnumLit: case EK::EnumLitData:
9405,802,9,805,25,switch arm,borrow_check.cpp:logos::compiler::is_temporary_value_expr,case EK::BinOp: case EK::Unary: case EK::Cast:
9405,802,25,805,25,switch arm,borrow_check.cpp:logos::compiler::is_temporary_value_expr,case EK::BinOp: case EK::Unary: case EK::Cast:
9437,802,41,803,24,switch arm,borrow_check.cpp:logos::compiler::is_temporary_value_expr,case EK::BinOp: case EK::Unary: case EK::Cast:
10612607,804,9,805,25,switch arm,borrow_check.cpp:logos::compiler::is_temporary_value_expr,default:
700345,809,62,812,2,call / statement,borrow_check.cpp:logos::compiler::merge_provs,"static void merge_provs(ProvMap& base, const ProvMap& other) {"
187287,811,9,811,47,statement,borrow_check.cpp:logos::compiler::merge_provs,"base[name] = merge_prov(base[name], p);"
392525339,814,36,835,2,call / statement,borrow_check.cpp:logos::compiler::is_ref_kind,static bool is_ref_kind(TypeRef t) {
392525339,829,12,829,13,early return,borrow_check.cpp:logos::compiler::is_ref_kind,return t && (t.kind() == LogosType::Kind::Ref ||
391378361,829,17,834,45,early return,borrow_check.cpp:logos::compiler::is_ref_kind,return t && (t.kind() == LogosType::Kind::Ref ||
391378361,829,18,829,50,early return,borrow_check.cpp:logos::compiler::is_ref_kind,return t && (t.kind() == LogosType::Kind::Ref ||
391378361,829,18,830,53,early return,borrow_check.cpp:logos::compiler::is_ref_kind,return t && (t.kind() == LogosType::Kind::Ref ||
391378361,829,18,831,52,early return,borrow_check.cpp:logos::compiler::is_ref_kind,return t && (t.kind() == LogosType::Kind::Ref ||
391378361,829,18,832,74,early return,borrow_check.cpp:logos::compiler::is_ref_kind,return t && (t.kind() == LogosType::Kind::Ref ||
365072479,830,18,830,53,statement,borrow_check.cpp:logos::compiler::is_ref_kind,t.kind() == LogosType::Kind::MutRef ||
346781077,831,18,831,52,statement,borrow_check.cpp:logos::compiler::is_ref_kind,t.kind() == LogosType::Kind::Slice ||
325631740,832,18,832,74,statement,borrow_check.cpp:logos::compiler::is_ref_kind,(t.kind() == LogosType::Kind::DstRef && !t.owning_dst()) ||
325631740,832,19,832,54,statement,borrow_check.cpp:logos::compiler::is_ref_kind,(t.kind() == LogosType::Kind::DstRef && !t.owning_dst()) ||
4879,832,58,832,73,statement,borrow_check.cpp:logos::compiler::is_ref_kind,(t.kind() == LogosType::Kind::DstRef && !t.owning_dst()) ||
325626879,833,18,834,44,statement,borrow_check.cpp:logos::compiler::is_ref_kind,(t.kind() == LogosType::Kind::TraitObject &&
325626879,833,19,833,59,statement,borrow_check.cpp:logos::compiler::is_ref_kind,(t.kind() == LogosType::Kind::TraitObject &&
3027504,834,19,834,43,statement,borrow_check.cpp:logos::compiler::is_ref_kind,!t.owning_trait_object()));
380769,843,42,848,2,call / statement,borrow_check.cpp:logos::compiler::is_plain_ref_kind,static bool is_plain_ref_kind(TypeRef t) {
380769,844,12,844,13,early return,borrow_check.cpp:logos::compiler::is_plain_ref_kind,return t && (t.kind() == LogosType::Kind::Ref ||
380769,844,17,847,45,early return,borrow_check.cpp:logos::compiler::is_plain_ref_kind,return t && (t.kind() == LogosType::Kind::Ref ||
380769,844,18,844,50,early return,borrow_check.cpp:logos::compiler::is_plain_ref_kind,return t && (t.kind() == LogosType::Kind::Ref ||
380769,844,18,845,53,early return,borrow_check.cpp:logos::compiler::is_plain_ref_kind,return t && (t.kind() == LogosType::Kind::Ref ||
315040,845,18,845,53,statement,borrow_check.cpp:logos::compiler::is_plain_ref_kind,t.kind() == LogosType::Kind::MutRef ||
300433,846,18,847,44,statement,borrow_check.cpp:logos::compiler::is_plain_ref_kind,(t.kind() == LogosType::Kind::TraitObject &&
300433,846,19,846,59,statement,borrow_check.cpp:logos::compiler::is_plain_ref_kind,(t.kind() == LogosType::Kind::TraitObject &&
1899,847,19,847,43,statement,borrow_check.cpp:logos::compiler::is_plain_ref_kind,!t.owning_trait_object()));
35053339,850,35,852,2,call / statement,borrow_check.cpp:logos::compiler::is_mut_ref,static bool is_mut_ref(TypeRef t) {
35053339,851,12,851,13,early return,borrow_check.cpp:logos::compiler::is_mut_ref,return t && t.kind() == LogosType::Kind::MutRef;
35053339,851,17,851,52,early return,borrow_check.cpp:logos::compiler::is_mut_ref,return t && t.kind() == LogosType::Kind::MutRef;
20132,919,44,921,6,statement,logos::compiler::RefSrc::operator==,bool operator==(const RefSrc& o) const {
20132,920,16,920,30,early return,logos::compiler::RefSrc::operator==,return name == o.name && slot == o.slot;
9962,920,34,920,48,early return,logos::compiler::RefSrc::operator==,return name == o.name && slot == o.slot;
2268656,976,22,976,52,statement,logos::compiler::MutBindBypass::~MutBindBypass,~MutBindBypass() { if (set) set->erase(name); }
2268656,976,28,976,31,statement,logos::compiler::MutBindBypass::~MutBindBypass,~MutBindBypass() { if (set) set->erase(name); }
528,976,33,976,49,statement,logos::compiler::MutBindBypass::~MutBindBypass,~MutBindBypass() { if (set) set->erase(name); }
23001425,1009,68,1182,2,call / statement,borrow_check.cpp:logos::compiler::extract_borrow_place,const TypePoolImpl* pool) {
1447676,1026,33,1031,6,call / statement,borrow_check.cpp:logos::compiler::extract_borrow_place,auto cross = [&](TypeRef t) {
1447676,1028,13,1028,45,if guard,borrow_check.cpp:logos::compiler::extract_borrow_place,"if (logos::probe::on(""sharedsticky"") && bp.through_ref_type &&"
1447676,1028,13,1028,68,if guard,borrow_check.cpp:logos::compiler::extract_borrow_place,"if (logos::probe::on(""sharedsticky"") && bp.through_ref_type &&"
1447676,1028,13,1029,63,if guard,borrow_check.cpp:logos::compiler::extract_borrow_place,"if (logos::probe::on(""sharedsticky"") && bp.through_ref_type &&"
0,1028,49,1028,68,if guard,borrow_check.cpp:logos::compiler::extract_borrow_place,"if (logos::probe::on(""sharedsticky"") && bp.through_ref_type &&"
0,1029,13,1029,63,statement,borrow_check.cpp:logos::compiler::extract_borrow_place,bp.through_ref_type.kind() == LogosType::Kind::Ref) return;
0,1029,65,1029,71,statement,borrow_check.cpp:logos::compiler::extract_borrow_place,bp.through_ref_type.kind() == LogosType::Kind::Ref) return;
1447676,1030,9,1031,6,statement,borrow_check.cpp:logos::compiler::extract_borrow_place,bp.through_ref_type = t;
24492115,1032,12,1032,15,loop body,borrow_check.cpp:logos::compiler::extract_borrow_place,while (cur) {
24492115,1032,17,1165,6,loop body,borrow_check.cpp:logos::compiler::extract_borrow_place,while (cur) {
24492115,1033,13,1033,42,if guard,borrow_check.cpp:logos::compiler::extract_borrow_place,if (cur.kind() == Code::FieldRead) {
94662,1033,44,1038,10,if guard,borrow_check.cpp:logos::compiler::extract_borrow_place,if (cur.kind() == Code::FieldRead) {
94662,1037,17,1037,20,if guard,borrow_check.cpp:logos::compiler::extract_borrow_place,if (cur && is_ref_kind(cur.type(pool))) cross(cur.type(pool));
94662,1037,17,1037,51,if guard,borrow_check.cpp:logos::compiler::extract_borrow_place,if (cur && is_ref_kind(cur.type(pool))) cross(cur.type(pool));
94662,1037,24,1037,51,if guard,borrow_check.cpp:logos::compiler::extract_borrow_place,if (cur && is_ref_kind(cur.type(pool))) cross(cur.type(pool));
55712,1037,53,1037,74,if guard,borrow_check.cpp:logos::compiler::extract_borrow_place,if (cur && is_ref_kind(cur.type(pool))) cross(cur.type(pool));
24397453,1038,16,1164,10,else-if guard,borrow_check.cpp:logos::compiler::extract_borrow_place,} else if (cur.kind() == Code::TupleIndex) {
24397453,1038,20,1038,50,else-if guard,borrow_check.cpp:logos::compiler::extract_borrow_place,} else if (cur.kind() == Code::TupleIndex) {
1717,1038,52,1051,10,else-if guard,borrow_check.cpp:logos::compiler::extract_borrow_place,} else if (cur.kind() == Code::TupleIndex) {
1717,1050,17,1050,20,if guard,borrow_check.cpp:logos::compiler::extract_borrow_place,if (cur && is_ref_kind(cur.type(pool))) cross(cur.type(pool));
1717,1050,17,1050,51,if guard,borrow_check.cpp:logos::compiler::extract_borrow_place,if (cur && is_ref_kind(cur.type(pool))) cross(cur.type(pool));
1717,1050,24,1050,51,if guard,borrow_check.cpp:logos::compiler::extract_borrow_place,if (cur && is_ref_kind(cur.type(pool))) cross(cur.type(pool));
1330,1050,53,1050,74,if guard,borrow_check.cpp:logos::compiler::extract_borrow_place,if (cur && is_ref_kind(cur.type(pool))) cross(cur.type(pool));
24395736,1051,16,1164,10,else-if guard,borrow_check.cpp:logos::compiler::extract_borrow_place,} else if (cur.kind() == Code::IndexRead) {
24395736,1051,20,1051,49,else-if guard,borrow_check.cpp:logos::compiler::extract_borrow_place,} else if (cur.kind() == Code::IndexRead) {
25553,1051,51,1076,10,else-if guard,borrow_check.cpp:logos::compiler::extract_borrow_place,} else if (cur.kind() == Code::IndexRead) {
25553,1059,17,1059,21,if guard,borrow_check.cpp:logos::compiler::extract_borrow_place,if (recv && recv.type(pool) &&
25553,1059,17,1059,40,if guard,borrow_check.cpp:logos::compiler::extract_borrow_place,if (recv && recv.type(pool) &&
25553,1059,17,1060,63,if guard,borrow_check.cpp:logos::compiler::extract_borrow_place,if (recv && recv.type(pool) &&
25553,1059,25,1059,40,if guard,borrow_check.cpp:logos::compiler::extract_borrow_place,if (recv && recv.type(pool) &&
25553,1060,17,1060,63,call / statement,borrow_check.cpp:logos::compiler::extract_borrow_place,recv.type(pool).kind() == LogosType::Kind::Ptr) {
21299,1060,65,1071,14,call / statement,borrow_check.cpp:logos::compiler::extract_borrow_place,recv.type(pool).kind() == LogosType::Kind::Ptr) {
21299,1070,21,1070,50,if guard,borrow_check.cpp:logos::compiler::extract_borrow_place,"if (!logos::probe::on(""rootkeep"")) { bp.root.clear(); return bp; }"
21299,1070,52,1070,83,if guard,borrow_check.cpp:logos::compiler::extract_borrow_place,"if (!logos::probe::on(""rootkeep"")) { bp.root.clear(); return bp; }"
4254,1072,13,1076,10,statement,borrow_check.cpp:logos::compiler::extract_borrow_place,path_parts.clear();
4254,1074,17,1074,21,if guard,borrow_check.cpp:logos::compiler::extract_borrow_place,if (recv && is_ref_kind(recv.type(pool))) cross(recv.type(pool));
4254,1074,17,1074,53,if guard,borrow_check.cpp:logos::compiler::extract_borrow_place,if (recv && is_ref_kind(recv.type(pool))) cross(recv.type(pool));
4254,1074,25,1074,53,if guard,borrow_check.cpp:logos::compiler::extract_borrow_place,if (recv && is_ref_kind(recv.type(pool))) cross(recv.type(pool));
577,1074,55,1074,77,if guard,borrow_check.cpp:logos::compiler::extract_borrow_place,if (recv && is_ref_kind(recv.type(pool))) cross(recv.type(pool));
24370183,1076,16,1164,10,else-if guard,borrow_check.cpp:logos::compiler::extract_borrow_place,} else if (cur.kind() == Code::SliceIndex) {
24370183,1076,20,1076,50,else-if guard,borrow_check.cpp:logos::compiler::extract_borrow_place,} else if (cur.kind() == Code::SliceIndex) {
74723,1076,52,1086,10,else-if guard,borrow_check.cpp:logos::compiler::extract_borrow_place,} else if (cur.kind() == Code::SliceIndex) {
74723,1078,17,1078,19,if guard,borrow_check.cpp:logos::compiler::extract_borrow_place,if (sl && sl.type(pool) &&
74723,1078,17,1078,36,if guard,borrow_check.cpp:logos::compiler::extract_borrow_place,if (sl && sl.type(pool) &&
74723,1078,17,1079,61,if guard,borrow_check.cpp:logos::compiler::extract_borrow_place,if (sl && sl.type(pool) &&
74723,1078,23,1078,36,if guard,borrow_check.cpp:logos::compiler::extract_borrow_place,if (sl && sl.type(pool) &&
74723,1079,17,1079,61,call / statement,borrow_check.cpp:logos::compiler::extract_borrow_place,sl.type(pool).kind() == LogosType::Kind::Ptr) {
0,1079,63,1081,14,call / statement,borrow_check.cpp:logos::compiler::extract_borrow_place,sl.type(pool).kind() == LogosType::Kind::Ptr) {
0,1080,21,1080,50,if guard,borrow_check.cpp:logos::compiler::extract_borrow_place,"if (!logos::probe::on(""rootkeep"")) { bp.root.clear(); return bp; }"
0,1080,52,1080,83,if guard,borrow_check.cpp:logos::compiler::extract_borrow_place,"if (!logos::probe::on(""rootkeep"")) { bp.root.clear(); return bp; }"
74723,1082,13,1086,10,statement,borrow_check.cpp:logos::compiler::extract_borrow_place,path_parts.clear();
74723,1084,17,1084,19,if guard,borrow_check.cpp:logos::compiler::extract_borrow_place,if (sl && is_ref_kind(sl.type(pool))) cross(sl.type(pool));
74723,1084,17,1084,49,if guard,borrow_check.cpp:logos::compiler::extract_borrow_place,if (sl && is_ref_kind(sl.type(pool))) cross(sl.type(pool));
74723,1084,23,1084,49,if guard,borrow_check.cpp:logos::compiler::extract_borrow_place,if (sl && is_ref_kind(sl.type(pool))) cross(sl.type(pool));
74723,1084,51,1084,71,if guard,borrow_check.cpp:logos::compiler::extract_borrow_place,if (sl && is_ref_kind(sl.type(pool))) cross(sl.type(pool));
24295460,1086,16,1164,10,else-if guard,borrow_check.cpp:logos::compiler::extract_borrow_place,} else if (cur.kind() == Code::Deref) {
24295460,1086,20,1086,45,else-if guard,borrow_check.cpp:logos::compiler::extract_borrow_place,} else if (cur.kind() == Code::Deref) {
1362221,1086,47,1136,10,else-if guard,borrow_check.cpp:logos::compiler::extract_borrow_place,} else if (cur.kind() == Code::Deref) {
1362221,1096,17,1096,19,if guard,borrow_check.cpp:logos::compiler::extract_borrow_place,if (op) {
1362221,1096,21,1134,14,if guard,borrow_check.cpp:logos::compiler::extract_borrow_place,if (op) {
1362221,1098,32,1098,47,statement,borrow_check.cpp:logos::compiler::extract_borrow_place,bool through = is_ref_kind(ok) ||
46887,1099,21,1101,67,statement,borrow_check.cpp:logos::compiler::extract_borrow_place,(ok && (ok.kind() == LogosType::Kind::Struct ||
46887,1099,22,1099,24,statement,borrow_check.cpp:logos::compiler::extract_borrow_place,(ok && (ok.kind() == LogosType::Kind::Struct ||
46887,1099,28,1101,66,statement,borrow_check.cpp:logos::compiler::extract_borrow_place,(ok && (ok.kind() == LogosType::Kind::Struct ||
46887,1099,29,1099,65,statement,borrow_check.cpp:logos::compiler::extract_borrow_place,(ok && (ok.kind() == LogosType::Kind::Struct ||
46887,1099,29,1100,70,statement,borrow_check.cpp:logos::compiler::extract_borrow_place,(ok && (ok.kind() == LogosType::Kind::Struct ||
46887,1100,29,1100,70,statement,borrow_check.cpp:logos::compiler::extract_borrow_place,ok.kind() == LogosType::Kind::ZonedStruct ||
46887,1101,29,1101,65,statement,borrow_check.cpp:logos::compiler::extract_borrow_place,ok.kind() == LogosType::Kind::DstRef));
1362221,1102,21,1102,28,if guard,borrow_check.cpp:logos::compiler::extract_borrow_place,if (through) {
1315334,1102,30,1116,18,if guard,borrow_check.cpp:logos::compiler::extract_borrow_place,if (through) {
1315334,1108,25,1108,40,if guard,borrow_check.cpp:logos::compiler::extract_borrow_place,if (is_ref_kind(ok)) cross(ok);
1315334,1108,42,1108,51,if guard,borrow_check.cpp:logos::compiler::extract_borrow_place,if (is_ref_kind(ok)) cross(ok);
46887,1129,17,1134,14,if guard,borrow_check.cpp:logos::compiler::extract_borrow_place,"if (logos::probe::on(""ptrderef"")) {"
46887,1129,21,1129,49,if guard,borrow_check.cpp:logos::compiler::extract_borrow_place,"if (logos::probe::on(""ptrderef"")) {"
0,1129,51,1133,18,if guard,borrow_check.cpp:logos::compiler::extract_borrow_place,"if (logos::probe::on(""ptrderef"")) {"
46887,1135,13,1135,18,loop exit,borrow_check.cpp:logos::compiler::extract_borrow_place,break;
22933239,1136,16,1164,10,else-if guard,borrow_check.cpp:logos::compiler::extract_borrow_place,"} else if (logos::probe::on(""callroot"") &&"
22933239,1136,20,1136,48,else-if guard,borrow_check.cpp:logos::compiler::extract_borrow_place,"} else if (logos::probe::on(""callroot"") &&"
22933239,1136,20,1139,52,else-if guard,borrow_check.cpp:logos::compiler::extract_borrow_place,"} else if (logos::probe::on(""callroot"") &&"
0,1137,20,1139,52,statement,borrow_check.cpp:logos::compiler::extract_borrow_place,(cur.kind() == Code::MethodCall ||
0,1137,21,1137,51,statement,borrow_check.cpp:logos::compiler::extract_borrow_place,(cur.kind() == Code::MethodCall ||
0,1137,21,1138,45,statement,borrow_check.cpp:logos::compiler::extract_borrow_place,(cur.kind() == Code::MethodCall ||
0,1138,21,1138,45,statement,borrow_check.cpp:logos::compiler::extract_borrow_place,cur.kind() == Code::Call ||
0,1139,21,1139,51,call / statement,borrow_check.cpp:logos::compiler::extract_borrow_place,cur.kind() == Code::AddrOfTemp)) {
0,1139,54,1162,10,call / statement,borrow_check.cpp:logos::compiler::extract_borrow_place,cur.kind() == Code::AddrOfTemp)) {
0,1146,17,1146,47,if guard,borrow_check.cpp:logos::compiler::extract_borrow_place,if (cur.kind() == Code::AddrOfTemp)
0,1147,17,1147,51,statement,borrow_check.cpp:logos::compiler::extract_borrow_place,nxt = EAddrOfTempView{cur}.inner();
0,1148,18,1151,79,else-if guard,borrow_check.cpp:logos::compiler::extract_borrow_place,else if (cur.kind() == Code::MethodCall)
0,1148,22,1148,52,else-if guard,borrow_check.cpp:logos::compiler::extract_borrow_place,else if (cur.kind() == Code::MethodCall)
0,1149,17,1149,54,statement,borrow_check.cpp:logos::compiler::extract_borrow_place,nxt = EMethodCallView{cur}.receiver();
0,1151,17,1151,79,statement,borrow_check.cpp:logos::compiler::extract_borrow_place,ECallView{cur}.each_arg([&](ExprRef a) { if (!nxt) nxt = a; });
0,1151,56,1151,78,statement,borrow_check.cpp:logos::compiler::extract_borrow_place,ECallView{cur}.each_arg([&](ExprRef a) { if (!nxt) nxt = a; });
0,1151,62,1151,66,statement,borrow_check.cpp:logos::compiler::extract_borrow_place,ECallView{cur}.each_arg([&](ExprRef a) { if (!nxt) nxt = a; });
0,1151,68,1151,75,statement,borrow_check.cpp:logos::compiler::extract_borrow_place,ECallView{cur}.each_arg([&](ExprRef a) { if (!nxt) nxt = a; });
0,1152,20,1152,23,loop body,borrow_check.cpp:logos::compiler::extract_borrow_place,while (nxt && (nxt.kind() == Code::AddrOfTemp ||
0,1152,20,1153,57,loop body,borrow_check.cpp:logos::compiler::extract_borrow_place,while (nxt && (nxt.kind() == Code::AddrOfTemp ||
0,1152,27,1153,57,loop body,borrow_check.cpp:logos::compiler::extract_borrow_place,while (nxt && (nxt.kind() == Code::AddrOfTemp ||
0,1152,28,1152,58,loop body,borrow_check.cpp:logos::compiler::extract_borrow_place,while (nxt && (nxt.kind() == Code::AddrOfTemp ||
0,1153,28,1153,56,call / statement,borrow_check.cpp:logos::compiler::extract_borrow_place,nxt.kind() == Code::SliceLit)) {
0,1153,59,1157,14,call / statement,borrow_check.cpp:logos::compiler::extract_borrow_place,nxt.kind() == Code::SliceLit)) {
0,1154,23,1154,53,statement,borrow_check.cpp:logos::compiler::extract_borrow_place,nxt = nxt.kind() == Code::AddrOfTemp
0,1155,27,1155,55,statement,borrow_check.cpp:logos::compiler::extract_borrow_place,? EAddrOfTempView{nxt}.inner()
0,1156,27,1156,52,statement,borrow_check.cpp:logos::compiler::extract_borrow_place,: ESliceLitView{nxt}.base();
0,1158,17,1158,21,if guard,borrow_check.cpp:logos::compiler::extract_borrow_place,if (!nxt) break;
0,1158,23,1158,28,if guard,borrow_check.cpp:logos::compiler::extract_borrow_place,if (!nxt) break;
0,1159,13,1161,21,statement,borrow_check.cpp:logos::compiler::extract_borrow_place,path_parts.clear();
22933239,1162,16,1164,10,else branch,borrow_check.cpp:logos::compiler::extract_borrow_place,} else {
22980126,1166,5,1181,14,if guard,borrow_check.cpp:logos::compiler::extract_borrow_place,if (cur && cur.kind() == Code::VarRef) {
22980126,1166,9,1166,12,if guard,borrow_check.cpp:logos::compiler::extract_borrow_place,if (cur && cur.kind() == Code::VarRef) {
22980126,1166,9,1166,42,if guard,borrow_check.cpp:logos::compiler::extract_borrow_place,if (cur && cur.kind() == Code::VarRef) {
22980126,1166,16,1166,42,if guard,borrow_check.cpp:logos::compiler::extract_borrow_place,if (cur && cur.kind() == Code::VarRef) {
22842031,1166,44,1180,6,if guard,borrow_check.cpp:logos::compiler::extract_borrow_place,if (cur && cur.kind() == Code::VarRef) {
22842031,1175,13,1175,41,if guard,borrow_check.cpp:logos::compiler::extract_borrow_place,"if (logos::probe::on(""refwhole"") && bp.through_ref) path_parts.clear();"
22842031,1175,13,1175,59,if guard,borrow_check.cpp:logos::compiler::extract_borrow_place,"if (logos::probe::on(""refwhole"") && bp.through_ref) path_parts.clear();"
0,1175,45,1175,59,if guard,borrow_check.cpp:logos::compiler::extract_borrow_place,"if (logos::probe::on(""refwhole"") && bp.through_ref) path_parts.clear();"
0,1175,61,1175,79,if guard,borrow_check.cpp:logos::compiler::extract_borrow_place,"if (logos::probe::on(""refwhole"") && bp.through_ref) path_parts.clear();"
22936484,1176,45,1176,68,loop body,borrow_check.cpp:logos::compiler::extract_borrow_place,for (auto it = path_parts.rbegin(); it != path_parts.rend(); ++it) {
94453,1176,70,1176,74,loop body,borrow_check.cpp:logos::compiler::extract_borrow_place,for (auto it = path_parts.rbegin(); it != path_parts.rend(); ++it) {
94453,1176,76,1179,10,loop body,borrow_check.cpp:logos::compiler::extract_borrow_place,for (auto it = path_parts.rbegin(); it != path_parts.rend(); ++it) {
94453,1177,17,1177,33,if guard,borrow_check.cpp:logos::compiler::extract_borrow_place,if (!bp.path.empty()) bp.path.push_back('.');
4096,1177,35,1177,57,if guard,borrow_check.cpp:logos::compiler::extract_borrow_place,if (!bp.path.empty()) bp.path.push_back('.');
542779,1186,58,1190,2,call / statement,borrow_check.cpp:logos::compiler::merge_moves,"static void merge_moves(StateMap& base, StateMap& other) {"
2202217,1187,76,1189,6,call / statement,borrow_check.cpp:logos::compiler::merge_moves,"other.for_each([&](uint32_t slot, std::string_view name, VarState& st) {"
2202217,1188,13,1188,21,if guard,borrow_check.cpp:logos::compiler::merge_moves,"if (st.moved) base.at_id(slot, name) = st;"
4867,1188,23,1188,50,if guard,borrow_check.cpp:logos::compiler::merge_moves,"if (st.moved) base.at_id(slot, name) = st;"
677728,1219,58,1232,2,call / statement,borrow_check.cpp:logos::compiler::merge_loans,"static void merge_loans(StateMap& base, StateMap& other) {"
3363607,1220,76,1231,6,call / statement,borrow_check.cpp:logos::compiler::merge_loans,"other.for_each([&](uint32_t slot, std::string_view name, VarState& st) {"
3363607,1221,13,1221,37,if guard,borrow_check.cpp:logos::compiler::merge_loans,"if (!base.has_id(slot, name)) return;"
5133,1221,39,1221,45,if guard,borrow_check.cpp:logos::compiler::merge_loans,"if (!base.has_id(slot, name)) return;"
3358474,1222,9,1231,6,statement,borrow_check.cpp:logos::compiler::merge_loans,"auto& b = base.at_id(slot, name);"
3358474,1223,13,1223,51,if guard,borrow_check.cpp:logos::compiler::merge_loans,if (st.shared_borrows   > b.shared_borrows)   b.shared_borrows   = st.shared_borrows;
124,1223,55,1223,93,if guard,borrow_check.cpp:logos::compiler::merge_loans,if (st.shared_borrows   > b.shared_borrows)   b.shared_borrows   = st.shared_borrows;
3358474,1224,13,1224,53,if guard,borrow_check.cpp:logos::compiler::merge_loans,if (st.mut_reservations > b.mut_reservations) b.mut_reservations = st.mut_reservations;
0,1224,55,1224,95,if guard,borrow_check.cpp:logos::compiler::merge_loans,if (st.mut_reservations > b.mut_reservations) b.mut_reservations = st.mut_reservations;
3358474,1225,13,1225,28,if guard,borrow_check.cpp:logos::compiler::merge_loans,if (st.mut_borrowed) b.mut_borrowed = true;
596,1225,30,1225,51,if guard,borrow_check.cpp:logos::compiler::merge_loans,if (st.mut_borrowed) b.mut_borrowed = true;
785,1226,54,1229,10,loop body,borrow_check.cpp:logos::compiler::merge_loans,"for (auto& [p, n] : st.shared_field_borrows) {"
785,1228,17,1228,24,if guard,borrow_check.cpp:logos::compiler::merge_loans,if (n > cur) cur = n;
0,1228,26,1228,33,if guard,borrow_check.cpp:logos::compiler::merge_loans,if (n > cur) cur = n;
131,1230,46,1230,75,loop body,borrow_check.cpp:logos::compiler::merge_loans,for (auto& p : st.mut_field_borrows) b.mut_field_borrows.insert(p);
270211695,1241,72,1323,2,call / statement,borrow_check.cpp:logos::compiler::bc_is_borrow_carrying_type,"static bool bc_is_borrow_carrying_type(const TypeSets& ts_, TypeRef t) {"
270211695,1242,9,1242,11,if guard,borrow_check.cpp:logos::compiler::bc_is_borrow_carrying_type,if (!t) return false;
0,1242,13,1242,25,if guard,borrow_check.cpp:logos::compiler::bc_is_borrow_carrying_type,if (!t) return false;
270211695,1243,5,1323,2,statement,borrow_check.cpp:logos::compiler::bc_is_borrow_carrying_type,auto k = t.kind();
270211695,1245,9,1245,35,if guard,borrow_check.cpp:logos::compiler::bc_is_borrow_carrying_type,if (k == LogosType::Kind::Enum)                 // WAny: the niche-enum form (F3)
86001219,1246,9,1246,40,statement,borrow_check.cpp:logos::compiler::bc_is_borrow_carrying_type,nm = std::string(t.enum_name());
184210476,1247,10,1248,42,else-if guard,borrow_check.cpp:logos::compiler::bc_is_borrow_carrying_type,else if (k == LogosType::Kind::Struct || k == LogosType::Kind::ZonedStruct)
184210476,1247,14,1247,42,else-if guard,borrow_check.cpp:logos::compiler::bc_is_borrow_carrying_type,else if (k == LogosType::Kind::Struct || k == LogosType::Kind::ZonedStruct)
184210476,1247,14,1247,79,else-if guard,borrow_check.cpp:logos::compiler::bc_is_borrow_carrying_type,else if (k == LogosType::Kind::Struct || k == LogosType::Kind::ZonedStruct)
117049127,1247,46,1247,79,else-if guard,borrow_check.cpp:logos::compiler::bc_is_borrow_carrying_type,else if (k == LogosType::Kind::Struct || k == LogosType::Kind::ZonedStruct)
67165216,1248,9,1248,42,statement,borrow_check.cpp:logos::compiler::bc_is_borrow_carrying_type,nm = std::string(t.struct_name());
270211695,1298,9,1298,20,if guard,borrow_check.cpp:logos::compiler::bc_is_borrow_carrying_type,if (!nm.empty() && ts_.residency_exempt.count(nm) > 0) return false;
270211695,1298,9,1298,58,if guard,borrow_check.cpp:logos::compiler::bc_is_borrow_carrying_type,if (!nm.empty() && ts_.residency_exempt.count(nm) > 0) return false;
153166435,1298,24,1298,58,if guard,borrow_check.cpp:logos::compiler::bc_is_borrow_carrying_type,if (!nm.empty() && ts_.residency_exempt.count(nm) > 0) return false;
43921,1298,60,1298,72,if guard,borrow_check.cpp:logos::compiler::bc_is_borrow_carrying_type,if (!nm.empty() && ts_.residency_exempt.count(nm) > 0) return false;
270167774,1299,5,1323,2,if guard,borrow_check.cpp:logos::compiler::bc_is_borrow_carrying_type,if (!nm.empty() && ts_.borrow_carrying.count(nm) > 0) return true;
270167774,1299,9,1299,20,if guard,borrow_check.cpp:logos::compiler::bc_is_borrow_carrying_type,if (!nm.empty() && ts_.borrow_carrying.count(nm) > 0) return true;
270167774,1299,9,1299,57,if guard,borrow_check.cpp:logos::compiler::bc_is_borrow_carrying_type,if (!nm.empty() && ts_.borrow_carrying.count(nm) > 0) return true;
153122514,1299,24,1299,57,if guard,borrow_check.cpp:logos::compiler::bc_is_borrow_carrying_type,if (!nm.empty() && ts_.borrow_carrying.count(nm) > 0) return true;
461348,1299,59,1299,70,if guard,borrow_check.cpp:logos::compiler::bc_is_borrow_carrying_type,if (!nm.empty() && ts_.borrow_carrying.count(nm) > 0) return true;
269706426,1305,5,1323,2,loop body,borrow_check.cpp:logos::compiler::bc_is_borrow_carrying_type,for (auto a : t.type_args())
120348392,1306,9,1306,60,if guard,borrow_check.cpp:logos::compiler::bc_is_borrow_carrying_type,"if (bc_is_borrow_carrying_type(ts_, a)) return true;"
120348392,1306,13,1306,47,if guard,borrow_check.cpp:logos::compiler::bc_is_borrow_carrying_type,"if (bc_is_borrow_carrying_type(ts_, a)) return true;"
244044,1306,49,1306,60,if guard,borrow_check.cpp:logos::compiler::bc_is_borrow_carrying_type,"if (bc_is_borrow_carrying_type(ts_, a)) return true;"
269462382,1315,5,1323,2,if guard,borrow_check.cpp:logos::compiler::bc_is_borrow_carrying_type,if (k == LogosType::Kind::Tuple) {
269462382,1315,9,1315,36,if guard,borrow_check.cpp:logos::compiler::bc_is_borrow_carrying_type,if (k == LogosType::Kind::Tuple) {
1561951,1315,38,1319,6,if guard,borrow_check.cpp:logos::compiler::bc_is_borrow_carrying_type,if (k == LogosType::Kind::Tuple) {
5194821,1317,13,1317,73,if guard,borrow_check.cpp:logos::compiler::bc_is_borrow_carrying_type,"if (bc_is_borrow_carrying_type(ts_, TypeRef(e))) return true;"
5194821,1317,17,1317,60,if guard,borrow_check.cpp:logos::compiler::bc_is_borrow_carrying_type,"if (bc_is_borrow_carrying_type(ts_, TypeRef(e))) return true;"
11,1317,62,1317,73,if guard,borrow_check.cpp:logos::compiler::bc_is_borrow_carrying_type,"if (bc_is_borrow_carrying_type(ts_, TypeRef(e))) return true;"
1561940,1318,9,1318,21,early return,borrow_check.cpp:logos::compiler::bc_is_borrow_carrying_type,return false;
267900431,1320,5,1323,2,if guard,borrow_check.cpp:logos::compiler::bc_is_borrow_carrying_type,if (k == LogosType::Kind::Array || k == LogosType::Kind::Slice)
267900431,1320,9,1320,36,if guard,borrow_check.cpp:logos::compiler::bc_is_borrow_carrying_type,if (k == LogosType::Kind::Array || k == LogosType::Kind::Slice)
267900431,1320,9,1320,67,if guard,borrow_check.cpp:logos::compiler::bc_is_borrow_carrying_type,if (k == LogosType::Kind::Array || k == LogosType::Kind::Slice)
267885786,1320,40,1320,67,if guard,borrow_check.cpp:logos::compiler::bc_is_borrow_carrying_type,if (k == LogosType::Kind::Array || k == LogosType::Kind::Slice)
5945805,1321,9,1321,57,early return,borrow_check.cpp:logos::compiler::bc_is_borrow_carrying_type,"return bc_is_borrow_carrying_type(ts_, t.elem());"
261954626,1322,5,1322,17,early return,borrow_check.cpp:logos::compiler::bc_is_borrow_carrying_type,return false;
299203029,1325,67,1343,2,call / statement,borrow_check.cpp:logos::compiler::bc_loan_carrying_type,"static bool bc_loan_carrying_type(const TypeSets& ts_, TypeRef t) {"
299203029,1326,9,1326,11,if guard,borrow_check.cpp:logos::compiler::bc_loan_carrying_type,if (!t) return false;
0,1326,13,1326,25,if guard,borrow_check.cpp:logos::compiler::bc_loan_carrying_type,if (!t) return false;
299203029,1327,5,1343,2,statement,borrow_check.cpp:logos::compiler::bc_loan_carrying_type,auto k = t.kind();
299203029,1329,9,1329,35,if guard,borrow_check.cpp:logos::compiler::bc_loan_carrying_type,if (k == LogosType::Kind::Enum) nm = std::string(t.enum_name());
85062013,1329,37,1329,68,if guard,borrow_check.cpp:logos::compiler::bc_loan_carrying_type,if (k == LogosType::Kind::Enum) nm = std::string(t.enum_name());
214141016,1330,10,1331,42,else-if guard,borrow_check.cpp:logos::compiler::bc_loan_carrying_type,else if (k == LogosType::Kind::Struct || k == LogosType::Kind::ZonedStruct)
214141016,1330,14,1330,42,else-if guard,borrow_check.cpp:logos::compiler::bc_loan_carrying_type,else if (k == LogosType::Kind::Struct || k == LogosType::Kind::ZonedStruct)
214141016,1330,14,1330,79,else-if guard,borrow_check.cpp:logos::compiler::bc_loan_carrying_type,else if (k == LogosType::Kind::Struct || k == LogosType::Kind::ZonedStruct)
134944069,1330,46,1330,79,else-if guard,borrow_check.cpp:logos::compiler::bc_loan_carrying_type,else if (k == LogosType::Kind::Struct || k == LogosType::Kind::ZonedStruct)
79201977,1331,9,1331,42,statement,borrow_check.cpp:logos::compiler::bc_loan_carrying_type,nm = std::string(t.struct_name());
299203029,1332,9,1332,20,if guard,borrow_check.cpp:logos::compiler::bc_loan_carrying_type,if (!nm.empty() && ts_.loan_carrying.count(nm) > 0) return true;
299203029,1332,9,1332,55,if guard,borrow_check.cpp:logos::compiler::bc_loan_carrying_type,if (!nm.empty() && ts_.loan_carrying.count(nm) > 0) return true;
164263990,1332,24,1332,55,if guard,borrow_check.cpp:logos::compiler::bc_loan_carrying_type,if (!nm.empty() && ts_.loan_carrying.count(nm) > 0) return true;
69829,1332,57,1332,68,if guard,borrow_check.cpp:logos::compiler::bc_loan_carrying_type,if (!nm.empty() && ts_.loan_carrying.count(nm) > 0) return true;
299133200,1333,5,1343,2,loop body,borrow_check.cpp:logos::compiler::bc_loan_carrying_type,for (auto a : t.type_args())
121981898,1334,9,1334,55,if guard,borrow_check.cpp:logos::compiler::bc_loan_carrying_type,"if (bc_loan_carrying_type(ts_, a)) return true;"
121981898,1334,13,1334,42,if guard,borrow_check.cpp:logos::compiler::bc_loan_carrying_type,"if (bc_loan_carrying_type(ts_, a)) return true;"
30851,1334,44,1334,55,if guard,borrow_check.cpp:logos::compiler::bc_loan_carrying_type,"if (bc_loan_carrying_type(ts_, a)) return true;"
299102349,1335,5,1343,2,if guard,borrow_check.cpp:logos::compiler::bc_loan_carrying_type,if (k == LogosType::Kind::Tuple) {
299102349,1335,9,1335,36,if guard,borrow_check.cpp:logos::compiler::bc_loan_carrying_type,if (k == LogosType::Kind::Tuple) {
2314186,1335,38,1339,6,if guard,borrow_check.cpp:logos::compiler::bc_loan_carrying_type,if (k == LogosType::Kind::Tuple) {
7538391,1337,13,1337,68,if guard,borrow_check.cpp:logos::compiler::bc_loan_carrying_type,"if (bc_loan_carrying_type(ts_, TypeRef(e))) return true;"
7538391,1337,17,1337,55,if guard,borrow_check.cpp:logos::compiler::bc_loan_carrying_type,"if (bc_loan_carrying_type(ts_, TypeRef(e))) return true;"
6,1337,57,1337,68,if guard,borrow_check.cpp:logos::compiler::bc_loan_carrying_type,"if (bc_loan_carrying_type(ts_, TypeRef(e))) return true;"
2314180,1338,9,1338,21,early return,borrow_check.cpp:logos::compiler::bc_loan_carrying_type,return false;
296788163,1340,5,1343,2,if guard,borrow_check.cpp:logos::compiler::bc_loan_carrying_type,if (k == LogosType::Kind::Array || k == LogosType::Kind::Slice)
296788163,1340,9,1340,36,if guard,borrow_check.cpp:logos::compiler::bc_loan_carrying_type,if (k == LogosType::Kind::Array || k == LogosType::Kind::Slice)
296788163,1340,9,1340,67,if guard,borrow_check.cpp:logos::compiler::bc_loan_carrying_type,if (k == LogosType::Kind::Array || k == LogosType::Kind::Slice)
296767115,1340,40,1340,67,if guard,borrow_check.cpp:logos::compiler::bc_loan_carrying_type,if (k == LogosType::Kind::Array || k == LogosType::Kind::Slice)
7868786,1341,9,1341,52,early return,borrow_check.cpp:logos::compiler::bc_loan_carrying_type,"return bc_loan_carrying_type(ts_, t.elem());"
288919377,1342,5,1342,17,early return,borrow_check.cpp:logos::compiler::bc_loan_carrying_type,return false;
192593174,1347,67,1366,2,call / statement,borrow_check.cpp:logos::compiler::bc_holds_mut_ref_type,"static bool bc_holds_mut_ref_type(const TypeSets& ts_, TypeRef t) {"
192593174,1348,9,1348,11,if guard,borrow_check.cpp:logos::compiler::bc_holds_mut_ref_type,if (!t) return false;
0,1348,13,1348,25,if guard,borrow_check.cpp:logos::compiler::bc_holds_mut_ref_type,if (!t) return false;
192593174,1349,5,1366,2,statement,borrow_check.cpp:logos::compiler::bc_holds_mut_ref_type,auto k = t.kind();
192593174,1350,9,1350,37,if guard,borrow_check.cpp:logos::compiler::bc_holds_mut_ref_type,if (k == LogosType::Kind::MutRef) return true;
447521,1350,39,1350,50,if guard,borrow_check.cpp:logos::compiler::bc_holds_mut_ref_type,if (k == LogosType::Kind::MutRef) return true;
192145653,1351,5,1366,2,statement,borrow_check.cpp:logos::compiler::bc_holds_mut_ref_type,std::string nm;
192145653,1352,9,1352,35,if guard,borrow_check.cpp:logos::compiler::bc_holds_mut_ref_type,if (k == LogosType::Kind::Enum) nm = std::string(t.enum_name());
57787861,1352,37,1352,68,if guard,borrow_check.cpp:logos::compiler::bc_holds_mut_ref_type,if (k == LogosType::Kind::Enum) nm = std::string(t.enum_name());
134357792,1353,10,1354,42,else-if guard,borrow_check.cpp:logos::compiler::bc_holds_mut_ref_type,else if (k == LogosType::Kind::Struct || k == LogosType::Kind::ZonedStruct)
134357792,1353,14,1353,42,else-if guard,borrow_check.cpp:logos::compiler::bc_holds_mut_ref_type,else if (k == LogosType::Kind::Struct || k == LogosType::Kind::ZonedStruct)
134357792,1353,14,1353,79,else-if guard,borrow_check.cpp:logos::compiler::bc_holds_mut_ref_type,else if (k == LogosType::Kind::Struct || k == LogosType::Kind::ZonedStruct)
87628746,1353,46,1353,79,else-if guard,borrow_check.cpp:logos::compiler::bc_holds_mut_ref_type,else if (k == LogosType::Kind::Struct || k == LogosType::Kind::ZonedStruct)
46732512,1354,9,1354,42,statement,borrow_check.cpp:logos::compiler::bc_holds_mut_ref_type,nm = std::string(t.struct_name());
192145653,1355,9,1355,20,if guard,borrow_check.cpp:logos::compiler::bc_holds_mut_ref_type,if (!nm.empty() && ts_.holds_mut_ref.count(nm) > 0) return true;
192145653,1355,9,1355,55,if guard,borrow_check.cpp:logos::compiler::bc_holds_mut_ref_type,if (!nm.empty() && ts_.holds_mut_ref.count(nm) > 0) return true;
104520373,1355,24,1355,55,if guard,borrow_check.cpp:logos::compiler::bc_holds_mut_ref_type,if (!nm.empty() && ts_.holds_mut_ref.count(nm) > 0) return true;
643,1355,57,1355,68,if guard,borrow_check.cpp:logos::compiler::bc_holds_mut_ref_type,if (!nm.empty() && ts_.holds_mut_ref.count(nm) > 0) return true;
192145010,1356,5,1366,2,loop body,borrow_check.cpp:logos::compiler::bc_holds_mut_ref_type,for (auto a : t.type_args())
81661574,1357,9,1357,55,if guard,borrow_check.cpp:logos::compiler::bc_holds_mut_ref_type,"if (bc_holds_mut_ref_type(ts_, a)) return true;"
81661574,1357,13,1357,42,if guard,borrow_check.cpp:logos::compiler::bc_holds_mut_ref_type,"if (bc_holds_mut_ref_type(ts_, a)) return true;"
447434,1357,44,1357,55,if guard,borrow_check.cpp:logos::compiler::bc_holds_mut_ref_type,"if (bc_holds_mut_ref_type(ts_, a)) return true;"
191697576,1358,5,1366,2,if guard,borrow_check.cpp:logos::compiler::bc_holds_mut_ref_type,if (k == LogosType::Kind::Tuple) {
191697576,1358,9,1358,36,if guard,borrow_check.cpp:logos::compiler::bc_holds_mut_ref_type,if (k == LogosType::Kind::Tuple) {
1030635,1358,38,1362,6,if guard,borrow_check.cpp:logos::compiler::bc_holds_mut_ref_type,if (k == LogosType::Kind::Tuple) {
3279510,1360,13,1360,68,if guard,borrow_check.cpp:logos::compiler::bc_holds_mut_ref_type,"if (bc_holds_mut_ref_type(ts_, TypeRef(e))) return true;"
3279510,1360,17,1360,55,if guard,borrow_check.cpp:logos::compiler::bc_holds_mut_ref_type,"if (bc_holds_mut_ref_type(ts_, TypeRef(e))) return true;"
65,1360,57,1360,68,if guard,borrow_check.cpp:logos::compiler::bc_holds_mut_ref_type,"if (bc_holds_mut_ref_type(ts_, TypeRef(e))) return true;"
1030570,1361,9,1361,21,early return,borrow_check.cpp:logos::compiler::bc_holds_mut_ref_type,return false;
190666941,1363,5,1366,2,if guard,borrow_check.cpp:logos::compiler::bc_holds_mut_ref_type,if (k == LogosType::Kind::Array || k == LogosType::Kind::Slice)
190666941,1363,9,1363,36,if guard,borrow_check.cpp:logos::compiler::bc_holds_mut_ref_type,if (k == LogosType::Kind::Array || k == LogosType::Kind::Slice)
190666941,1363,9,1363,67,if guard,borrow_check.cpp:logos::compiler::bc_holds_mut_ref_type,if (k == LogosType::Kind::Array || k == LogosType::Kind::Slice)
190615439,1363,40,1363,67,if guard,borrow_check.cpp:logos::compiler::bc_holds_mut_ref_type,if (k == LogosType::Kind::Array || k == LogosType::Kind::Slice)
4351102,1364,9,1364,52,early return,borrow_check.cpp:logos::compiler::bc_holds_mut_ref_type,"return bc_holds_mut_ref_type(ts_, t.elem());"
186315839,1365,5,1365,17,early return,borrow_check.cpp:logos::compiler::bc_holds_mut_ref_type,return false;
201304300,1388,67,1407,2,call / statement,borrow_check.cpp:logos::compiler::bc_holds_any_ref_type,"static bool bc_holds_any_ref_type(const TypeSets& ts_, TypeRef t) {"
201304300,1389,9,1389,11,if guard,borrow_check.cpp:logos::compiler::bc_holds_any_ref_type,if (!t) return false;
0,1389,13,1389,25,if guard,borrow_check.cpp:logos::compiler::bc_holds_any_ref_type,if (!t) return false;
201304300,1390,5,1407,2,statement,borrow_check.cpp:logos::compiler::bc_holds_any_ref_type,auto k = t.kind();
201304300,1391,9,1391,23,if guard,borrow_check.cpp:logos::compiler::bc_holds_any_ref_type,if (is_ref_kind(t)) return true;
33958486,1391,25,1391,36,if guard,borrow_check.cpp:logos::compiler::bc_holds_any_ref_type,if (is_ref_kind(t)) return true;
167345814,1392,5,1407,2,statement,borrow_check.cpp:logos::compiler::bc_holds_any_ref_type,std::string nm;
167345814,1393,9,1393,35,if guard,borrow_check.cpp:logos::compiler::bc_holds_any_ref_type,if (k == LogosType::Kind::Enum) nm = std::string(t.enum_name());
59291680,1393,37,1393,68,if guard,borrow_check.cpp:logos::compiler::bc_holds_any_ref_type,if (k == LogosType::Kind::Enum) nm = std::string(t.enum_name());
108054134,1394,10,1395,42,else-if guard,borrow_check.cpp:logos::compiler::bc_holds_any_ref_type,else if (k == LogosType::Kind::Struct || k == LogosType::Kind::ZonedStruct)
108054134,1394,14,1394,42,else-if guard,borrow_check.cpp:logos::compiler::bc_holds_any_ref_type,else if (k == LogosType::Kind::Struct || k == LogosType::Kind::ZonedStruct)
108054134,1394,14,1394,79,else-if guard,borrow_check.cpp:logos::compiler::bc_holds_any_ref_type,else if (k == LogosType::Kind::Struct || k == LogosType::Kind::ZonedStruct)
57298422,1394,46,1394,79,else-if guard,borrow_check.cpp:logos::compiler::bc_holds_any_ref_type,else if (k == LogosType::Kind::Struct || k == LogosType::Kind::ZonedStruct)
50760709,1395,9,1395,42,statement,borrow_check.cpp:logos::compiler::bc_holds_any_ref_type,nm = std::string(t.struct_name());
167345814,1396,9,1396,20,if guard,borrow_check.cpp:logos::compiler::bc_holds_any_ref_type,if (!nm.empty() && ts_.holds_any_ref.count(nm) > 0) return true;
167345814,1396,9,1396,55,if guard,borrow_check.cpp:logos::compiler::bc_holds_any_ref_type,if (!nm.empty() && ts_.holds_any_ref.count(nm) > 0) return true;
110052389,1396,24,1396,55,if guard,borrow_check.cpp:logos::compiler::bc_holds_any_ref_type,if (!nm.empty() && ts_.holds_any_ref.count(nm) > 0) return true;
8486124,1396,57,1396,68,if guard,borrow_check.cpp:logos::compiler::bc_holds_any_ref_type,if (!nm.empty() && ts_.holds_any_ref.count(nm) > 0) return true;
158859690,1397,5,1407,2,loop body,borrow_check.cpp:logos::compiler::bc_holds_any_ref_type,for (auto a : t.type_args())
85078232,1398,9,1398,55,if guard,borrow_check.cpp:logos::compiler::bc_holds_any_ref_type,"if (bc_holds_any_ref_type(ts_, a)) return true;"
85078232,1398,13,1398,42,if guard,borrow_check.cpp:logos::compiler::bc_holds_any_ref_type,"if (bc_holds_any_ref_type(ts_, a)) return true;"
25143284,1398,44,1398,55,if guard,borrow_check.cpp:logos::compiler::bc_holds_any_ref_type,"if (bc_holds_any_ref_type(ts_, a)) return true;"
133716406,1399,5,1407,2,if guard,borrow_check.cpp:logos::compiler::bc_holds_any_ref_type,if (k == LogosType::Kind::Tuple) {
133716406,1399,9,1399,36,if guard,borrow_check.cpp:logos::compiler::bc_holds_any_ref_type,if (k == LogosType::Kind::Tuple) {
2469924,1399,38,1403,6,if guard,borrow_check.cpp:logos::compiler::bc_holds_any_ref_type,if (k == LogosType::Kind::Tuple) {
2962107,1401,13,1401,68,if guard,borrow_check.cpp:logos::compiler::bc_holds_any_ref_type,"if (bc_holds_any_ref_type(ts_, TypeRef(e))) return true;"
2962107,1401,17,1401,55,if guard,borrow_check.cpp:logos::compiler::bc_holds_any_ref_type,"if (bc_holds_any_ref_type(ts_, TypeRef(e))) return true;"
2119621,1401,57,1401,68,if guard,borrow_check.cpp:logos::compiler::bc_holds_any_ref_type,"if (bc_holds_any_ref_type(ts_, TypeRef(e))) return true;"
350303,1402,9,1402,21,early return,borrow_check.cpp:logos::compiler::bc_holds_any_ref_type,return false;
131246482,1404,5,1407,2,if guard,borrow_check.cpp:logos::compiler::bc_holds_any_ref_type,if (k == LogosType::Kind::Array || k == LogosType::Kind::Slice)
131246482,1404,9,1404,36,if guard,borrow_check.cpp:logos::compiler::bc_holds_any_ref_type,if (k == LogosType::Kind::Array || k == LogosType::Kind::Slice)
131246482,1404,9,1404,67,if guard,borrow_check.cpp:logos::compiler::bc_holds_any_ref_type,if (k == LogosType::Kind::Array || k == LogosType::Kind::Slice)
131241411,1404,40,1404,67,if guard,borrow_check.cpp:logos::compiler::bc_holds_any_ref_type,if (k == LogosType::Kind::Array || k == LogosType::Kind::Slice)
5071,1405,9,1405,52,early return,borrow_check.cpp:logos::compiler::bc_holds_any_ref_type,"return bc_holds_any_ref_type(ts_, t.elem());"
131241411,1406,5,1406,17,early return,borrow_check.cpp:logos::compiler::bc_holds_any_ref_type,return false;
14435,1419,58,1439,2,call / statement,borrow_check.cpp:logos::compiler::build_fn_index,static FnIndex build_fn_index(const lir::LProgram& prog) {
14962001,1423,39,1423,65,loop body,borrow_check.cpp:logos::compiler::build_fn_index,for (auto& sd : prog.structs) cnt += sd.methods().size();
73693199,1427,43,1432,6,call / statement,borrow_check.cpp:logos::compiler::build_fn_index,auto add = [&](const LFunctionPtr& f) {
73693199,1428,13,1428,15,if guard,borrow_check.cpp:logos::compiler::build_fn_index,if (!f) return;
0,1428,17,1428,23,if guard,borrow_check.cpp:logos::compiler::build_fn_index,if (!f) return;
73693199,1429,9,1432,6,statement,borrow_check.cpp:logos::compiler::build_fn_index,"idx.by_name.emplace(std::string(f.name()), f);"
73693199,1430,13,1430,37,if guard,borrow_check.cpp:logos::compiler::build_fn_index,if (!f.method_base().empty()) idx.by_base[std::string(f.method_base())].push_back(f);
73693180,1430,39,1430,93,if guard,borrow_check.cpp:logos::compiler::build_fn_index,if (!f.method_base().empty()) idx.by_base[std::string(f.method_base())].push_back(f);
38403212,1433,43,1433,49,loop body,borrow_check.cpp:logos::compiler::build_fn_index,for (auto& f  : prog.functions)       add(f);
10,1434,43,1434,49,loop body,borrow_check.cpp:logos::compiler::build_fn_index,for (auto& f  : prog.specializations) add(f);
14962001,1435,35,1435,92,loop body,borrow_check.cpp:logos::compiler::build_fn_index,for (auto& sd : prog.structs) sd.each_method([&](lir_view::FunctionView m) { add(m); });
35289977,1435,80,1435,91,loop body,borrow_check.cpp:logos::compiler::build_fn_index,for (auto& sd : prog.structs) sd.each_method([&](lir_view::FunctionView m) { add(m); });
63012077,1486,24,1486,46,statement,logos::compiler::RefGraph::empty,bool empty() const { return e_.empty(); }
48884087,1487,18,1487,33,statement,logos::compiler::RefGraph::clear,void clear() { e_.clear(); }
15378468,1488,70,1491,6,statement,logos::compiler::RefGraph::find,const std::vector<std::string>* find(const std::string& p) const {
15378468,1490,16,1490,30,early return,logos::compiler::RefGraph::find,return it == e_.end() ? nullptr : &it->second;
15042751,1490,33,1490,40,early return,logos::compiler::RefGraph::find,return it == e_.end() ? nullptr : &it->second;
335717,1490,43,1490,54,early return,logos::compiler::RefGraph::find,return it == e_.end() ? nullptr : &it->second;
5528493,1494,64,1498,6,call / statement,logos::compiler::RefGraph::set,"void set(const std::string& p, std::vector<std::string> s) {"
5528493,1496,13,1496,22,if guard,logos::compiler::RefGraph::set,if (s.empty()) e_.erase(p);
5320264,1496,24,1496,35,if guard,logos::compiler::RefGraph::set,if (s.empty()) e_.erase(p);
208229,1497,24,1497,44,else branch,logos::compiler::RefGraph::set,else           e_[p] = std::move(s);
626366,1500,58,1504,6,call / statement,logos::compiler::RefGraph::add,"void add(const std::string& p, const std::string& s) {"
626366,1501,13,1501,22,if guard,logos::compiler::RefGraph::add,if (p.empty() || s.empty() || s == p) return;
626366,1501,13,1501,35,if guard,logos::compiler::RefGraph::add,if (p.empty() || s.empty() || s == p) return;
626366,1501,13,1501,45,if guard,logos::compiler::RefGraph::add,if (p.empty() || s.empty() || s == p) return;
626366,1501,26,1501,35,if guard,logos::compiler::RefGraph::add,if (p.empty() || s.empty() || s == p) return;
626366,1501,39,1501,45,if guard,logos::compiler::RefGraph::add,if (p.empty() || s.empty() || s == p) return;
120,1501,47,1501,53,if guard,logos::compiler::RefGraph::add,if (p.empty() || s.empty() || s == p) return;
626246,1502,9,1504,6,statement,logos::compiler::RefGraph::add,auto& v = e_[p];
626246,1503,13,1503,56,if guard,logos::compiler::RefGraph::add,"if (std::find(v.begin(), v.end(), s) == v.end()) v.push_back(s);"
309364,1503,58,1503,72,if guard,logos::compiler::RefGraph::add,"if (std::find(v.begin(), v.end(), s) == v.end()) v.push_back(s);"
0,1505,38,1505,54,statement,logos::compiler::RefGraph::erase,void erase(const std::string& p) { e_.erase(p); }
7686,1510,78,1517,6,statement,void logos::compiler::RefGraph::each_under,"template <class F> void each_under(const std::string& root, F&& f) const {"
7686,1511,13,1511,25,if guard,void logos::compiler::RefGraph::each_under,if (root.empty()) return;
0,1511,27,1511,33,if guard,void logos::compiler::RefGraph::each_under,if (root.empty()) return;
7686,1512,9,1517,6,statement,void logos::compiler::RefGraph::each_under,"std::string pfx = root + ""."";"
22515,1513,33,1516,10,loop body,void logos::compiler::RefGraph::each_under,"for (auto& [k, v] : e_) {"
22515,1515,17,1515,38,if guard,void logos::compiler::RefGraph::each_under,"if (k.size() > pfx.size() && k.compare(0, pfx.size(), pfx) == 0) f(k);"
22515,1515,17,1515,76,if guard,void logos::compiler::RefGraph::each_under,"if (k.size() > pfx.size() && k.compare(0, pfx.size(), pfx) == 0) f(k);"
2665,1515,42,1515,76,if guard,void logos::compiler::RefGraph::each_under,"if (k.size() > pfx.size() && k.compare(0, pfx.size(), pfx) == 0) f(k);"
22,1515,78,1515,82,if guard,void logos::compiler::RefGraph::each_under,"if (k.size() > pfx.size() && k.compare(0, pfx.size(), pfx) == 0) f(k);"
5527718,1520,47,1526,6,call / statement,logos::compiler::RefGraph::erase_under,void erase_under(const std::string& root) {
6347406,1522,36,1522,50,loop body,logos::compiler::RefGraph::erase_under,for (auto it = e_.begin(); it != e_.end(); )
819688,1523,13,1525,22,if guard,logos::compiler::RefGraph::erase_under,if (it->first.size() > pfx.size() &&
819688,1523,17,1523,46,if guard,logos::compiler::RefGraph::erase_under,if (it->first.size() > pfx.size() &&
819688,1523,17,1524,59,if guard,logos::compiler::RefGraph::erase_under,if (it->first.size() > pfx.size() &&
194806,1524,17,1524,59,statement,logos::compiler::RefGraph::erase_under,"it->first.compare(0, pfx.size(), pfx) == 0) it = e_.erase(it);"
5159,1524,61,1524,78,statement,logos::compiler::RefGraph::erase_under,"it->first.compare(0, pfx.size(), pfx) == 0) it = e_.erase(it);"
814529,1525,18,1525,22,else branch,logos::compiler::RefGraph::erase_under,else ++it;
7672898,1531,78,1543,6,statement,void logos::compiler::RefGraph::each_root,"template <class F> void each_root(const std::string& start, F&& f) const {"
7672898,1532,13,1532,26,if guard,void logos::compiler::RefGraph::each_root,if (start.empty()) return;
0,1532,28,1532,34,if guard,void logos::compiler::RefGraph::each_root,if (start.empty()) return;
7672898,1533,9,1543,6,if guard,void logos::compiler::RefGraph::each_root,if (e_.empty()) { f(start); return; }
7672898,1533,13,1533,23,if guard,void logos::compiler::RefGraph::each_root,if (e_.empty()) { f(start); return; }
5216772,1533,25,1533,46,if guard,void logos::compiler::RefGraph::each_root,if (e_.empty()) { f(start); return; }
2456126,1534,9,1543,6,statement,void logos::compiler::RefGraph::each_root,"std::vector<std::string> stack{start}, seen;"
5088503,1535,16,1535,30,loop body,void logos::compiler::RefGraph::each_root,while (!stack.empty()) {
2632377,1535,32,1542,10,loop body,void logos::compiler::RefGraph::each_root,while (!stack.empty()) {
2632377,1538,17,1538,69,if guard,void logos::compiler::RefGraph::each_root,"if (std::find(seen.begin(), seen.end(), n) != seen.end()) continue;"
578,1538,71,1538,79,if guard,void logos::compiler::RefGraph::each_root,"if (std::find(seen.begin(), seen.end(), n) != seen.end()) continue;"
2631799,1539,13,1542,10,statement,void logos::compiler::RefGraph::each_root,seen.push_back(n);
2631799,1541,23,1541,24,if guard,void logos::compiler::RefGraph::each_root,if (auto* v = find(n)) for (auto& r : *v) stack.push_back(r);
168422,1541,36,1541,73,if guard,void logos::compiler::RefGraph::each_root,if (auto* v = find(n)) for (auto& r : *v) stack.push_back(r);
176251,1541,55,1541,73,if guard,void logos::compiler::RefGraph::each_root,if (auto* v = find(n)) for (auto& r : *v) stack.push_back(r);
39070037,1558,84,1577,6,statement,void logos::compiler::RefGraph::each_root_place,"template <class F> void each_root_place(const std::string& start, F&& f) const {"
39070037,1559,13,1559,26,if guard,void logos::compiler::RefGraph::each_root_place,if (start.empty()) return;
0,1559,28,1559,34,if guard,void logos::compiler::RefGraph::each_root_place,if (start.empty()) return;
39070037,1560,9,1577,6,if guard,void logos::compiler::RefGraph::each_root_place,if (e_.empty()) { f(start); return; }
39070037,1560,13,1560,23,if guard,void logos::compiler::RefGraph::each_root_place,if (e_.empty()) { f(start); return; }
37503722,1560,25,1560,46,if guard,void logos::compiler::RefGraph::each_root_place,if (e_.empty()) { f(start); return; }
1566315,1561,9,1577,6,statement,void logos::compiler::RefGraph::each_root_place,"std::vector<std::string> stack{start}, seen;"
3285409,1562,16,1562,30,loop body,void logos::compiler::RefGraph::each_root_place,while (!stack.empty()) {
1719095,1562,32,1576,10,loop body,void logos::compiler::RefGraph::each_root_place,while (!stack.empty()) {
1719095,1565,17,1565,69,if guard,void logos::compiler::RefGraph::each_root_place,"if (std::find(seen.begin(), seen.end(), n) != seen.end()) continue;"
0,1565,71,1565,79,if guard,void logos::compiler::RefGraph::each_root_place,"if (std::find(seen.begin(), seen.end(), n) != seen.end()) continue;"
1719095,1566,13,1576,10,if guard,void logos::compiler::RefGraph::each_root_place,"if (seen.size() > 512) break;          // bound, as elsewhere here"
1719095,1566,17,1566,34,if guard,void logos::compiler::RefGraph::each_root_place,"if (seen.size() > 512) break;          // bound, as elsewhere here"
1,1566,36,1566,41,if guard,void logos::compiler::RefGraph::each_root_place,"if (seen.size() > 512) break;          // bound, as elsewhere here"
1719094,1567,13,1576,10,statement,void logos::compiler::RefGraph::each_root_place,seen.push_back(n);
1719094,1569,23,1569,24,if guard,void logos::compiler::RefGraph::each_root_place,if (auto* v = find(n)) for (auto& r : *v) stack.push_back(r);
152146,1569,36,1569,73,if guard,void logos::compiler::RefGraph::each_root_place,if (auto* v = find(n)) for (auto& r : *v) stack.push_back(r);
152200,1569,55,1569,73,if guard,void logos::compiler::RefGraph::each_root_place,if (auto* v = find(n)) for (auto& r : *v) stack.push_back(r);
1983397,1570,42,1570,64,loop body,void logos::compiler::RefGraph::each_root_place,for (size_t d = n.find('.'); d != std::string::npos;
264303,1571,18,1571,40,call / statement,void logos::compiler::RefGraph::each_root_place,"d = n.find('.', d + 1)) {"
264303,1571,42,1575,14,call / statement,void logos::compiler::RefGraph::each_root_place,"d = n.find('.', d + 1)) {"
264303,1573,27,1573,28,if guard,void logos::compiler::RefGraph::each_root_place,if (auto* v = find(pre))
581,1574,21,1574,64,loop body,void logos::compiler::RefGraph::each_root_place,for (auto& r : *v) stack.push_back(r + suf);
581,1574,40,1574,64,loop body,void logos::compiler::RefGraph::each_root_place,for (auto& r : *v) stack.push_back(r + suf);
1852103,1582,49,1592,6,statement,logos::compiler::RefGraph::endpoint,std::string endpoint(std::string cur) const {
1859540,1584,16,1584,28,loop body,logos::compiler::RefGraph::endpoint,while (!cur.empty()) {
1647931,1584,30,1590,10,loop body,logos::compiler::RefGraph::endpoint,while (!cur.empty()) {
1647931,1585,17,1585,71,if guard,logos::compiler::RefGraph::endpoint,"if (std::find(seen.begin(), seen.end(), cur) != seen.end()) break;"
30,1585,73,1585,78,if guard,logos::compiler::RefGraph::endpoint,"if (std::find(seen.begin(), seen.end(), cur) != seen.end()) break;"
1647901,1586,13,1590,10,statement,logos::compiler::RefGraph::endpoint,seen.push_back(cur);
1647901,1588,17,1588,19,if guard,logos::compiler::RefGraph::endpoint,if (!v || v->empty() || v->front() == cur) break;
1647901,1588,17,1588,33,if guard,logos::compiler::RefGraph::endpoint,if (!v || v->empty() || v->front() == cur) break;
1647901,1588,17,1588,54,if guard,logos::compiler::RefGraph::endpoint,if (!v || v->empty() || v->front() == cur) break;
7437,1588,23,1588,33,if guard,logos::compiler::RefGraph::endpoint,if (!v || v->empty() || v->front() == cur) break;
7437,1588,37,1588,54,if guard,logos::compiler::RefGraph::endpoint,if (!v || v->empty() || v->front() == cur) break;
1640464,1588,56,1588,61,if guard,logos::compiler::RefGraph::endpoint,if (!v || v->empty() || v->front() == cur) break;
7437,1589,13,1590,10,statement,logos::compiler::RefGraph::endpoint,cur = v->front();
1895043,1597,57,1600,2,call / statement,borrow_check.cpp:logos::compiler::ref_place_root,static std::string ref_place_root(const std::string& p) {
1895043,1599,12,1599,34,early return,borrow_check.cpp:logos::compiler::ref_place_root,"return d == std::string::npos ? p : p.substr(0, d);"
1656672,1599,37,1599,38,early return,borrow_check.cpp:logos::compiler::ref_place_root,"return d == std::string::npos ? p : p.substr(0, d);"
238371,1599,41,1599,55,early return,borrow_check.cpp:logos::compiler::ref_place_root,"return d == std::string::npos ? p : p.substr(0, d);"
28310575,1620,77,1775,2,call / statement,borrow_check.cpp:logos::compiler::ref_source_places,"std::vector<std::string>& out, int depth = 0) {"
28310575,1623,9,1623,13,if guard,borrow_check.cpp:logos::compiler::ref_source_places,if (!val || depth > 8) return;
28310575,1623,9,1623,26,if guard,borrow_check.cpp:logos::compiler::ref_source_places,if (!val || depth > 8) return;
28309362,1623,17,1623,26,if guard,borrow_check.cpp:logos::compiler::ref_source_places,if (!val || depth > 8) return;
1222,1623,28,1623,34,if guard,borrow_check.cpp:logos::compiler::ref_source_places,if (!val || depth > 8) return;
28309353,1624,5,1775,2,call / statement,borrow_check.cpp:logos::compiler::ref_source_places,switch (val.kind()) {
85771,1625,9,1628,19,switch arm,borrow_check.cpp:logos::compiler::ref_source_places,case Code::AddrOf: {
85771,1627,17,1627,27,if guard,borrow_check.cpp:logos::compiler::ref_source_places,if (!n.empty()) out.push_back(std::move(n));
85771,1627,29,1627,56,if guard,borrow_check.cpp:logos::compiler::ref_source_places,if (!n.empty()) out.push_back(std::move(n));
235745,1630,9,1632,19,switch arm,borrow_check.cpp:logos::compiler::ref_source_places,case Code::AddrOfTemp:
724,1644,9,1646,19,switch arm,borrow_check.cpp:logos::compiler::ref_source_places,case Code::SliceLit:
62638,1647,9,1649,19,switch arm,borrow_check.cpp:logos::compiler::ref_source_places,case Code::Cast:
3910,1650,9,1653,19,switch arm,borrow_check.cpp:logos::compiler::ref_source_places,case Code::IfExpr:
63016,1654,9,1656,19,switch arm,borrow_check.cpp:logos::compiler::ref_source_places,case Code::BlockExpr:
4369,1676,9,1680,19,switch arm,borrow_check.cpp:logos::compiler::ref_source_places,case Code::MatchExpr:
8778,1677,64,1679,14,call / statement,borrow_check.cpp:logos::compiler::ref_source_places,EMatchExprView{val}.each_arm([&](EMatchArmRef arm) {
0,1689,9,1691,19,switch arm,borrow_check.cpp:logos::compiler::ref_source_places,case Code::Try:
7885,1698,9,1702,19,switch arm,borrow_check.cpp:logos::compiler::ref_source_places,case Code::ArrLit:
46839,1699,56,1701,14,call / statement,borrow_check.cpp:logos::compiler::ref_source_places,EArrLitView{val}.each_elem([&](ExprRef ev) {
27845295,1703,9,1703,23,switch arm,borrow_check.cpp:logos::compiler::ref_source_places,default: break;
27845295,1705,5,1775,2,call / statement,borrow_check.cpp:logos::compiler::ref_source_places,auto is_rawptr = [&](ExprRef r) {
292428,1705,37,1707,6,call / statement,borrow_check.cpp:logos::compiler::ref_source_places,auto is_rawptr = [&](ExprRef r) {
292428,1706,16,1706,17,early return,borrow_check.cpp:logos::compiler::ref_source_places,return r && r.type(pool) && r.type(pool).kind() == LogosType::Kind::Ptr;
292428,1706,16,1706,33,early return,borrow_check.cpp:logos::compiler::ref_source_places,return r && r.type(pool) && r.type(pool).kind() == LogosType::Kind::Ptr;
292428,1706,21,1706,33,early return,borrow_check.cpp:logos::compiler::ref_source_places,return r && r.type(pool) && r.type(pool).kind() == LogosType::Kind::Ptr;
292428,1706,37,1706,80,early return,borrow_check.cpp:logos::compiler::ref_source_places,return r && r.type(pool) && r.type(pool).kind() == LogosType::Kind::Ptr;
28024255,1711,12,1711,15,loop body,borrow_check.cpp:logos::compiler::ref_source_places,while (cur) {
28024255,1711,17,1768,6,loop body,borrow_check.cpp:logos::compiler::ref_source_places,while (cur) {
28024255,1713,13,1713,33,if guard,borrow_check.cpp:logos::compiler::ref_source_places,if (k == Code::FieldRead) {
160110,1713,35,1718,10,if guard,borrow_check.cpp:logos::compiler::ref_source_places,if (k == Code::FieldRead) {
160110,1715,17,1715,29,if guard,borrow_check.cpp:logos::compiler::ref_source_places,if (is_rawptr(r)) return;
40882,1715,31,1715,37,if guard,borrow_check.cpp:logos::compiler::ref_source_places,if (is_rawptr(r)) return;
119228,1716,13,1717,30,if guard,borrow_check.cpp:logos::compiler::ref_source_places,if (path_ok) fields.emplace_back(EFieldReadView{cur}.field());
119228,1716,17,1716,24,if guard,borrow_check.cpp:logos::compiler::ref_source_places,if (path_ok) fields.emplace_back(EFieldReadView{cur}.field());
119228,1716,26,1716,74,if guard,borrow_check.cpp:logos::compiler::ref_source_places,if (path_ok) fields.emplace_back(EFieldReadView{cur}.field());
27864145,1731,9,1768,6,if guard,borrow_check.cpp:logos::compiler::ref_source_places,if (k == Code::TupleIndex) {
27864145,1731,13,1731,34,if guard,borrow_check.cpp:logos::compiler::ref_source_places,if (k == Code::TupleIndex) {
15377,1731,36,1737,10,if guard,borrow_check.cpp:logos::compiler::ref_source_places,if (k == Code::TupleIndex) {
15377,1733,17,1733,29,if guard,borrow_check.cpp:logos::compiler::ref_source_places,if (is_rawptr(r)) return;
0,1733,31,1733,37,if guard,borrow_check.cpp:logos::compiler::ref_source_places,if (is_rawptr(r)) return;
15377,1734,13,1736,30,if guard,borrow_check.cpp:logos::compiler::ref_source_places,if (path_ok)
15377,1734,17,1734,24,if guard,borrow_check.cpp:logos::compiler::ref_source_places,if (path_ok)
15377,1735,17,1735,82,statement,borrow_check.cpp:logos::compiler::ref_source_places,fields.emplace_back(std::to_string(ETupleIndexView{cur}.index()));
27848768,1752,9,1768,6,if guard,borrow_check.cpp:logos::compiler::ref_source_places,if (k == Code::IndexRead) {
27848768,1752,13,1752,33,if guard,borrow_check.cpp:logos::compiler::ref_source_places,if (k == Code::IndexRead) {
75647,1752,35,1756,10,if guard,borrow_check.cpp:logos::compiler::ref_source_places,if (k == Code::IndexRead) {
75647,1754,17,1754,29,if guard,borrow_check.cpp:logos::compiler::ref_source_places,if (is_rawptr(r)) return;
61800,1754,31,1754,37,if guard,borrow_check.cpp:logos::compiler::ref_source_places,if (is_rawptr(r)) return;
13847,1755,13,1755,30,statement,borrow_check.cpp:logos::compiler::ref_source_places,cur = r; continue;
27773121,1757,9,1768,6,if guard,borrow_check.cpp:logos::compiler::ref_source_places,if (k == Code::SliceIndex) {
27773121,1757,13,1757,34,if guard,borrow_check.cpp:logos::compiler::ref_source_places,if (k == Code::SliceIndex) {
24858,1757,36,1761,10,if guard,borrow_check.cpp:logos::compiler::ref_source_places,if (k == Code::SliceIndex) {
24858,1759,17,1759,29,if guard,borrow_check.cpp:logos::compiler::ref_source_places,if (is_rawptr(s)) return;
0,1759,31,1759,37,if guard,borrow_check.cpp:logos::compiler::ref_source_places,if (is_rawptr(s)) return;
24858,1760,13,1760,30,statement,borrow_check.cpp:logos::compiler::ref_source_places,cur = s; continue;
27748263,1762,9,1768,6,if guard,borrow_check.cpp:logos::compiler::ref_source_places,if (k == Code::Deref) {
27748263,1762,13,1762,29,if guard,borrow_check.cpp:logos::compiler::ref_source_places,if (k == Code::Deref) {
16436,1762,31,1766,10,if guard,borrow_check.cpp:logos::compiler::ref_source_places,if (k == Code::Deref) {
16436,1764,17,1764,30,if guard,borrow_check.cpp:logos::compiler::ref_source_places,if (is_rawptr(op)) return;      // raw deref — unchecked
10786,1764,32,1764,38,if guard,borrow_check.cpp:logos::compiler::ref_source_places,if (is_rawptr(op)) return;      // raw deref — unchecked
5650,1765,13,1765,31,statement,borrow_check.cpp:logos::compiler::ref_source_places,cur = op; continue;
27731827,1767,9,1767,14,loop exit,borrow_check.cpp:logos::compiler::ref_source_places,break;
27731827,1769,5,1775,2,if guard,borrow_check.cpp:logos::compiler::ref_source_places,if (!cur || cur.kind() != Code::VarRef) return;
27731827,1769,9,1769,13,if guard,borrow_check.cpp:logos::compiler::ref_source_places,if (!cur || cur.kind() != Code::VarRef) return;
27731827,1769,9,1769,43,if guard,borrow_check.cpp:logos::compiler::ref_source_places,if (!cur || cur.kind() != Code::VarRef) return;
27731827,1769,17,1769,43,if guard,borrow_check.cpp:logos::compiler::ref_source_places,if (!cur || cur.kind() != Code::VarRef) return;
3974484,1769,45,1769,51,if guard,borrow_check.cpp:logos::compiler::ref_source_places,if (!cur || cur.kind() != Code::VarRef) return;
23757343,1770,5,1775,2,statement,borrow_check.cpp:logos::compiler::ref_source_places,std::string p(EVarRefView{cur}.name());
23757343,1771,9,1771,18,if guard,borrow_check.cpp:logos::compiler::ref_source_places,if (p.empty()) return;
0,1771,20,1771,26,if guard,borrow_check.cpp:logos::compiler::ref_source_places,if (p.empty()) return;
23757343,1772,5,1775,2,if guard,borrow_check.cpp:logos::compiler::ref_source_places,if (path_ok)
23757343,1772,9,1772,16,if guard,borrow_check.cpp:logos::compiler::ref_source_places,if (path_ok)
23757343,1773,9,1773,91,loop body,borrow_check.cpp:logos::compiler::ref_source_places,for (auto it = fields.rbegin(); it != fields.rend(); ++it) { p += '.'; p += *it; }
23888717,1773,41,1773,60,loop body,borrow_check.cpp:logos::compiler::ref_source_places,for (auto it = fields.rbegin(); it != fields.rend(); ++it) { p += '.'; p += *it; }
131374,1773,62,1773,66,loop body,borrow_check.cpp:logos::compiler::ref_source_places,for (auto it = fields.rbegin(); it != fields.rend(); ++it) { p += '.'; p += *it; }
131374,1773,68,1773,91,loop body,borrow_check.cpp:logos::compiler::ref_source_places,for (auto it = fields.rbegin(); it != fields.rend(); ++it) { p += '.'; p += *it; }
32296140,1800,56,1845,2,call / statement,borrow_check.cpp:void logos::compiler::each_ref_store,"Sink&& sink, int depth = 0) {"
32296140,1802,9,1802,21,if guard,borrow_check.cpp:void logos::compiler::each_ref_store,if (dest.empty() || !val || depth > 8) return;
32296140,1802,9,1802,29,if guard,borrow_check.cpp:void logos::compiler::each_ref_store,if (dest.empty() || !val || depth > 8) return;
32296140,1802,9,1802,42,if guard,borrow_check.cpp:void logos::compiler::each_ref_store,if (dest.empty() || !val || depth > 8) return;
32296140,1802,25,1802,29,if guard,borrow_check.cpp:void logos::compiler::each_ref_store,if (dest.empty() || !val || depth > 8) return;
32296140,1802,33,1802,42,if guard,borrow_check.cpp:void logos::compiler::each_ref_store,if (dest.empty() || !val || depth > 8) return;
0,1802,44,1802,50,if guard,borrow_check.cpp:void logos::compiler::each_ref_store,if (dest.empty() || !val || depth > 8) return;
32296140,1803,5,1845,2,statement,borrow_check.cpp:void logos::compiler::each_ref_store,"sink(dest, val);"
32296140,1804,9,1804,38,if guard,borrow_check.cpp:void logos::compiler::each_ref_store,if (val.kind() == Code::StructLit) {
84343,1804,40,1811,6,if guard,borrow_check.cpp:void logos::compiler::each_ref_store,if (val.kind() == Code::StructLit) {
256808,1806,63,1809,14,statement,borrow_check.cpp:void logos::compiler::each_ref_store,"[&](std::string_view fname, lir_view::ExprRef fv) {"
256808,1807,21,1807,35,if guard,borrow_check.cpp:void logos::compiler::each_ref_store,if (!fname.empty())
256808,1808,21,1808,89,statement,borrow_check.cpp:void logos::compiler::each_ref_store,"each_ref_store(dest + ""."" + std::string(fname), fv, sink, depth + 1);"
32211797,1829,5,1845,2,if guard,borrow_check.cpp:void logos::compiler::each_ref_store,if (val.kind() == Code::TupleLit) {
32211797,1829,9,1829,37,if guard,borrow_check.cpp:void logos::compiler::each_ref_store,if (val.kind() == Code::TupleLit) {
28382,1829,39,1836,6,if guard,borrow_check.cpp:void logos::compiler::each_ref_store,if (val.kind() == Code::TupleLit) {
43629,1832,39,1834,14,statement,borrow_check.cpp:void logos::compiler::each_ref_store,[&](lir_view::ExprRef ev) {
32183415,1837,5,1845,2,if guard,borrow_check.cpp:void logos::compiler::each_ref_store,if (val.kind() == Code::EnumLitData) {
32183415,1837,9,1837,40,if guard,borrow_check.cpp:void logos::compiler::each_ref_store,if (val.kind() == Code::EnumLitData) {
5736443,1837,42,1844,6,if guard,borrow_check.cpp:void logos::compiler::each_ref_store,if (val.kind() == Code::EnumLitData) {
5736953,1840,39,1842,14,statement,borrow_check.cpp:void logos::compiler::each_ref_store,[&](lir_view::ExprRef pv) {
12988658,1850,48,1860,2,call / statement,borrow_check.cpp:void logos::compiler::each_nested_ref_store,Sink&& sink) {
12988658,1851,9,1851,21,if guard,borrow_check.cpp:void logos::compiler::each_nested_ref_store,if (dest.empty() || !val) return;
12988658,1851,9,1851,29,if guard,borrow_check.cpp:void logos::compiler::each_nested_ref_store,if (dest.empty() || !val) return;
12988658,1851,25,1851,29,if guard,borrow_check.cpp:void logos::compiler::each_nested_ref_store,if (dest.empty() || !val) return;
117,1851,31,1851,37,if guard,borrow_check.cpp:void logos::compiler::each_nested_ref_store,if (dest.empty() || !val) return;
12988541,1856,5,1860,2,statement,borrow_check.cpp:void logos::compiler::each_nested_ref_store,"each_ref_store(dest, val,"
16083368,1857,60,1859,10,statement,borrow_check.cpp:void logos::compiler::each_nested_ref_store,"[&](const std::string& place, lir_view::ExprRef v) {"
16083368,1858,17,1858,30,if guard,borrow_check.cpp:void logos::compiler::each_nested_ref_store,"if (place != dest) sink(place, v);"
3094827,1858,32,1858,46,if guard,borrow_check.cpp:void logos::compiler::each_nested_ref_store,"if (place != dest) sink(place, v);"
82611923,1882,62,1884,6,call / statement,logos::compiler::BorrowChecker::var_find,"VarState* var_find(uint32_t slot, std::string_view name) {"
0,1885,74,1887,6,statement,logos::compiler::BorrowChecker::var_find,"const VarState* var_find(uint32_t slot, std::string_view name) const {"
14998197,1888,62,1890,6,statement,logos::compiler::BorrowChecker::var_has,"bool var_has(uint32_t slot, std::string_view name) const {"
36224944,1891,60,1893,6,call / statement,logos::compiler::BorrowChecker::var_at,"VarState& var_at(uint32_t slot, std::string_view name) {"
35553693,1894,58,1896,6,call / statement,logos::compiler::BorrowChecker::var_erase,"void var_erase(uint32_t slot, std::string_view name) {"
173050547,2149,47,2162,6,call / statement,logos::compiler::BorrowChecker::stmt_point,uint64_t stmt_point(lir_view::StmtRef sr) {
173050547,2150,13,2150,16,if guard,logos::compiler::BorrowChecker::stmt_point,if (!sr) return 0;
0,2150,18,2150,26,if guard,logos::compiler::BorrowChecker::stmt_point,if (!sr) return 0;
173050547,2151,9,2162,6,statement,logos::compiler::BorrowChecker::stmt_point,const void* k = sr.addr();
173050547,2152,41,2152,61,if guard,logos::compiler::BorrowChecker::stmt_point,if (auto it = stmt_pt_.find(k); it != stmt_pt_.end()) return it->second;
130029702,2152,63,2152,80,if guard,logos::compiler::BorrowChecker::stmt_point,if (auto it = stmt_pt_.find(k); it != stmt_pt_.end()) return it->second;
43020845,2153,9,2161,18,statement,logos::compiler::BorrowChecker::stmt_point,uint32_t ln  = lir_view::stmt_line(sr);
43020845,2158,13,2158,28,if guard,logos::compiler::BorrowChecker::stmt_point,if (nx < PT_ORD_MAX) ++nx;
43020845,2158,30,2158,34,if guard,logos::compiler::BorrowChecker::stmt_point,if (nx < PT_ORD_MAX) ++nx;
5706,2191,52,2197,6,call / statement,logos::compiler::BorrowChecker::loop_target,LoopFrame* loop_target(std::string_view label) {
5706,2192,13,2192,32,if guard,logos::compiler::BorrowChecker::loop_target,if (loop_stack_.empty()) return nullptr;
0,2192,34,2192,48,if guard,logos::compiler::BorrowChecker::loop_target,if (loop_stack_.empty()) return nullptr;
5706,2193,9,2197,6,if guard,logos::compiler::BorrowChecker::loop_target,if (label.empty()) return &loop_stack_.back();
5706,2193,13,2193,26,if guard,logos::compiler::BorrowChecker::loop_target,if (label.empty()) return &loop_stack_.back();
5456,2193,28,2193,54,if guard,logos::compiler::BorrowChecker::loop_target,if (label.empty()) return &loop_stack_.back();
250,2194,9,2197,6,loop body,logos::compiler::BorrowChecker::loop_target,for (auto it = loop_stack_.rbegin(); it != loop_stack_.rend(); ++it)
478,2194,46,2194,70,loop body,logos::compiler::BorrowChecker::loop_target,for (auto it = loop_stack_.rbegin(); it != loop_stack_.rend(); ++it)
228,2194,72,2194,76,loop body,logos::compiler::BorrowChecker::loop_target,for (auto it = loop_stack_.rbegin(); it != loop_stack_.rend(); ++it)
478,2195,13,2195,48,if guard,logos::compiler::BorrowChecker::loop_target,if (it->label == label) return &*it;
478,2195,17,2195,35,if guard,logos::compiler::BorrowChecker::loop_target,if (it->label == label) return &*it;
250,2195,37,2195,48,if guard,logos::compiler::BorrowChecker::loop_target,if (it->label == label) return &*it;
0,2196,9,2196,35,early return,logos::compiler::BorrowChecker::loop_target,return &loop_stack_.back();
110423,2200,83,2204,6,call / statement,logos::compiler::BorrowChecker::loop_propagate_moves,"void loop_propagate_moves(StateMap& dst, StateMap& src, const StateMap& base) {"
985033,2201,78,2203,10,call / statement,logos::compiler::BorrowChecker::loop_propagate_moves,"src.for_each([&](uint32_t slot, std::string_view name, VarState& st) {"
985033,2202,17,2202,25,if guard,logos::compiler::BorrowChecker::loop_propagate_moves,"if (st.moved && base.has_id(slot, name)) dst.at_id(slot, name) = st;"
985033,2202,17,2202,52,if guard,logos::compiler::BorrowChecker::loop_propagate_moves,"if (st.moved && base.has_id(slot, name)) dst.at_id(slot, name) = st;"
8544,2202,29,2202,52,if guard,logos::compiler::BorrowChecker::loop_propagate_moves,"if (st.moved && base.has_id(slot, name)) dst.at_id(slot, name) = st;"
8544,2202,54,2202,80,if guard,logos::compiler::BorrowChecker::loop_propagate_moves,"if (st.moved && base.has_id(slot, name)) dst.at_id(slot, name) = st;"
5706,2228,65,2271,6,statement,logos::compiler::BorrowChecker::loop_exit_snapshot,StateMap loop_exit_snapshot(size_t outer_scope_count) const {
5706,2230,13,2230,48,if guard,logos::compiler::BorrowChecker::loop_exit_snapshot,if (scopes_.size() <= outer_scope_count) return snap;
0,2230,50,2230,61,if guard,logos::compiler::BorrowChecker::loop_exit_snapshot,if (scopes_.size() <= outer_scope_count) return snap;
5706,2231,9,2270,20,statement,logos::compiler::BorrowChecker::loop_exit_snapshot,std::unordered_set<std::string> outer;
26280,2232,29,2232,51,loop body,logos::compiler::BorrowChecker::loop_exit_snapshot,for (size_t fi = 0; fi < outer_scope_count; ++fi)
20574,2232,53,2232,57,loop body,logos::compiler::BorrowChecker::loop_exit_snapshot,for (size_t fi = 0; fi < outer_scope_count; ++fi)
20574,2233,13,2234,53,statement,logos::compiler::BorrowChecker::loop_exit_snapshot,"outer.insert(scopes_[fi].declared.begin(),"
5706,2235,13,2235,41,if guard,logos::compiler::BorrowChecker::loop_exit_snapshot,if (!pending_esc_holder_.empty()) outer.insert(pending_esc_holder_);
0,2235,43,2235,76,if guard,logos::compiler::BorrowChecker::loop_exit_snapshot,if (!pending_esc_holder_.empty()) outer.insert(pending_esc_holder_);
194,2236,45,2242,10,call / statement,auto logos::compiler::BorrowChecker::loop_exit_snapshot,auto escapes = [&](const auto& rec) {
194,2237,17,2237,35,if guard,auto logos::compiler::BorrowChecker::loop_exit_snapshot,if (rec.holder.empty()) return false;   // lexical: dies at pop
0,2237,37,2237,49,if guard,auto logos::compiler::BorrowChecker::loop_exit_snapshot,if (rec.holder.empty()) return false;   // lexical: dies at pop
194,2238,13,2242,10,if guard,auto logos::compiler::BorrowChecker::loop_exit_snapshot,if (outer.count(rec.holder)) return true;
194,2238,17,2238,40,if guard,auto logos::compiler::BorrowChecker::loop_exit_snapshot,if (outer.count(rec.holder)) return true;
10,2238,42,2238,53,if guard,auto logos::compiler::BorrowChecker::loop_exit_snapshot,if (outer.count(rec.holder)) return true;
184,2239,13,2242,10,loop body,auto logos::compiler::BorrowChecker::loop_exit_snapshot,for (auto& h : rec.co_holders)
194,2240,17,2240,48,if guard,auto logos::compiler::BorrowChecker::loop_exit_snapshot,if (outer.count(h)) return true;
194,2240,21,2240,35,if guard,auto logos::compiler::BorrowChecker::loop_exit_snapshot,if (outer.count(h)) return true;
0,2240,37,2240,48,if guard,auto logos::compiler::BorrowChecker::loop_exit_snapshot,if (outer.count(h)) return true;
184,2241,13,2241,25,early return,auto logos::compiler::BorrowChecker::loop_exit_snapshot,return false;
17596,2243,45,2243,64,loop body,logos::compiler::BorrowChecker::loop_exit_snapshot,for (size_t fi = outer_scope_count; fi < scopes_.size(); ++fi) {
11890,2243,66,2243,70,loop body,logos::compiler::BorrowChecker::loop_exit_snapshot,for (size_t fi = outer_scope_count; fi < scopes_.size(); ++fi) {
11890,2243,72,2269,10,loop body,logos::compiler::BorrowChecker::loop_exit_snapshot,for (size_t fi = outer_scope_count; fi < scopes_.size(); ++fi) {
192,2245,44,2256,14,loop body,logos::compiler::BorrowChecker::loop_exit_snapshot,for (auto& br : frame.borrows) {
192,2246,21,2246,32,if guard,logos::compiler::BorrowChecker::loop_exit_snapshot,if (escapes(br)) continue;
10,2246,34,2246,42,if guard,logos::compiler::BorrowChecker::loop_exit_snapshot,if (escapes(br)) continue;
182,2247,17,2256,14,statement,logos::compiler::BorrowChecker::loop_exit_snapshot,"auto* it = snap.find(br.target_slot, br.target);"
182,2248,21,2248,34,if guard,logos::compiler::BorrowChecker::loop_exit_snapshot,if (it == nullptr) continue;
0,2248,36,2248,44,if guard,logos::compiler::BorrowChecker::loop_exit_snapshot,if (it == nullptr) continue;
182,2249,17,2256,14,if guard,logos::compiler::BorrowChecker::loop_exit_snapshot,if (br.is_mut) {
182,2249,21,2249,30,if guard,logos::compiler::BorrowChecker::loop_exit_snapshot,if (br.is_mut) {
152,2249,32,2254,18,if guard,logos::compiler::BorrowChecker::loop_exit_snapshot,if (br.is_mut) {
152,2252,25,2252,41,if guard,logos::compiler::BorrowChecker::loop_exit_snapshot,if (it->mut_borrowed) it->mut_borrowed = false;
152,2252,43,2252,67,if guard,logos::compiler::BorrowChecker::loop_exit_snapshot,if (it->mut_borrowed) it->mut_borrowed = false;
0,2253,26,2253,78,else-if guard,logos::compiler::BorrowChecker::loop_exit_snapshot,else if (it->mut_reservations > 0) it->mut_reservations--;
0,2253,30,2253,54,else-if guard,logos::compiler::BorrowChecker::loop_exit_snapshot,else if (it->mut_reservations > 0) it->mut_reservations--;
0,2253,56,2253,78,else-if guard,logos::compiler::BorrowChecker::loop_exit_snapshot,else if (it->mut_reservations > 0) it->mut_reservations--;
30,2254,24,2255,41,else-if guard,logos::compiler::BorrowChecker::loop_exit_snapshot,} else if (it->shared_borrows > 0)
30,2254,28,2254,50,else-if guard,logos::compiler::BorrowChecker::loop_exit_snapshot,} else if (it->shared_borrows > 0)
30,2255,21,2255,41,statement,logos::compiler::BorrowChecker::loop_exit_snapshot,--it->shared_borrows;
2,2257,50,2268,14,loop body,logos::compiler::BorrowChecker::loop_exit_snapshot,for (auto& fb : frame.field_borrows) {
2,2258,21,2258,32,if guard,logos::compiler::BorrowChecker::loop_exit_snapshot,if (escapes(fb)) continue;
0,2258,34,2258,42,if guard,logos::compiler::BorrowChecker::loop_exit_snapshot,if (escapes(fb)) continue;
2,2259,17,2268,14,statement,logos::compiler::BorrowChecker::loop_exit_snapshot,"auto* it = snap.find(fb.target_slot, fb.target);"
2,2260,21,2260,34,if guard,logos::compiler::BorrowChecker::loop_exit_snapshot,if (it == nullptr) continue;
0,2260,36,2260,44,if guard,logos::compiler::BorrowChecker::loop_exit_snapshot,if (it == nullptr) continue;
2,2261,17,2268,14,if guard,logos::compiler::BorrowChecker::loop_exit_snapshot,if (fb.is_mut) it->mut_field_borrows.erase(fb.path);
2,2261,21,2261,30,if guard,logos::compiler::BorrowChecker::loop_exit_snapshot,if (fb.is_mut) it->mut_field_borrows.erase(fb.path);
2,2261,32,2261,68,if guard,logos::compiler::BorrowChecker::loop_exit_snapshot,if (fb.is_mut) it->mut_field_borrows.erase(fb.path);
0,2262,22,2267,18,else branch,logos::compiler::BorrowChecker::loop_exit_snapshot,else {
0,2264,25,2264,62,if guard,logos::compiler::BorrowChecker::loop_exit_snapshot,if (sit != it->shared_field_borrows.end() &&
0,2264,25,2265,43,if guard,logos::compiler::BorrowChecker::loop_exit_snapshot,if (sit != it->shared_field_borrows.end() &&
0,2265,25,2265,43,statement,logos::compiler::BorrowChecker::loop_exit_snapshot,--sit->second <= 0)
0,2266,25,2266,60,statement,logos::compiler::BorrowChecker::loop_exit_snapshot,it->shared_field_borrows.erase(sit);
789,2273,49,2295,6,diagnostic emission,logos::compiler::BorrowChecker::report,"void report(uint32_t line, std::string msg) {"
789,2276,13,2276,30,if guard,logos::compiler::BorrowChecker::report,if (suppress_reports_) return;
23,2276,32,2276,38,if guard,logos::compiler::BorrowChecker::report,if (suppress_reports_) return;
766,2286,9,2295,6,if guard,logos::compiler::BorrowChecker::report,"if (exclusivity_only_ && msg.find(""moved"") != std::string::npos &&"
766,2286,13,2286,30,if guard,logos::compiler::BorrowChecker::report,"if (exclusivity_only_ && msg.find(""moved"") != std::string::npos &&"
766,2286,13,2286,72,if guard,logos::compiler::BorrowChecker::report,"if (exclusivity_only_ && msg.find(""moved"") != std::string::npos &&"
766,2286,13,2287,61,if guard,logos::compiler::BorrowChecker::report,"if (exclusivity_only_ && msg.find(""moved"") != std::string::npos &&"
766,2286,13,2288,57,if guard,logos::compiler::BorrowChecker::report,"if (exclusivity_only_ && msg.find(""moved"") != std::string::npos &&"
25,2286,34,2286,72,if guard,logos::compiler::BorrowChecker::report,"if (exclusivity_only_ && msg.find(""moved"") != std::string::npos &&"
17,2287,13,2287,61,statement,logos::compiler::BorrowChecker::report,"msg.find(""partially moved"") == std::string::npos &&"
17,2288,13,2288,57,statement,logos::compiler::BorrowChecker::report,"msg.find(""moved field"") == std::string::npos) return;"
17,2288,59,2288,65,statement,logos::compiler::BorrowChecker::report,"msg.find(""moved field"") == std::string::npos) return;"
749,2289,9,2295,6,statement,logos::compiler::BorrowChecker::report,Diag d;
674,2339,59,2372,6,call / statement,logos::compiler::BorrowChecker::walk_closure_body,void walk_closure_body(lir_view::EClosureBoxView cbv) {
674,2345,13,2345,26,if guard,logos::compiler::BorrowChecker::walk_closure_body,if (cbv.is_move()) return;
50,2345,28,2345,34,if guard,logos::compiler::BorrowChecker::walk_closure_body,if (cbv.is_move()) return;
624,2346,9,2372,6,statement,logos::compiler::BorrowChecker::walk_closure_body,auto cbb = cbv.body();
624,2347,13,2347,17,if guard,logos::compiler::BorrowChecker::walk_closure_body,if (!cbb) return;
0,2347,19,2347,25,if guard,logos::compiler::BorrowChecker::walk_closure_body,if (!cbb) return;
624,2348,9,2372,6,statement,logos::compiler::BorrowChecker::walk_closure_body,auto saved_params     = param_names_;
434,2358,61,2366,10,statement,logos::compiler::BorrowChecker::walk_closure_body,"[&](std::string_view pn, TypeRef pt) {"
434,2359,17,2359,27,if guard,logos::compiler::BorrowChecker::walk_closure_body,if (pn.empty()) return;
0,2359,29,2359,35,if guard,logos::compiler::BorrowChecker::walk_closure_body,if (pn.empty()) return;
434,2360,13,2366,10,statement,logos::compiler::BorrowChecker::walk_closure_body,std::string nm(pn);
434,2363,17,2363,32,if guard,logos::compiler::BorrowChecker::walk_closure_body,if (is_ref_kind(pt) || is_borrow_carrying_type(pt) ||
434,2363,17,2363,63,if guard,logos::compiler::BorrowChecker::walk_closure_body,if (is_ref_kind(pt) || is_borrow_carrying_type(pt) ||
434,2363,17,2364,59,if guard,logos::compiler::BorrowChecker::walk_closure_body,if (is_ref_kind(pt) || is_borrow_carrying_type(pt) ||
400,2363,36,2363,63,if guard,logos::compiler::BorrowChecker::walk_closure_body,if (is_ref_kind(pt) || is_borrow_carrying_type(pt) ||
400,2364,17,2364,59,call / statement,logos::compiler::BorrowChecker::walk_closure_body,TypeRef(pt).kind() == LogosType::Kind::Ptr)
34,2365,17,2365,45,statement,logos::compiler::BorrowChecker::walk_closure_body,outliving_params_.insert(nm);
74125465,2374,23,2378,6,call / statement,logos::compiler::BorrowChecker::push_scope,void push_scope() {
74125465,2380,22,2594,6,call / statement,logos::compiler::BorrowChecker::pop_scope,void pop_scope() {
74125465,2381,13,2381,28,if guard,logos::compiler::BorrowChecker::pop_scope,if (scopes_.empty()) return;
0,2381,30,2381,36,if guard,logos::compiler::BorrowChecker::pop_scope,if (scopes_.empty()) return;
74125465,2382,9,2594,6,statement,logos::compiler::BorrowChecker::pop_scope,{
74125465,2411,17,2411,36,if guard,logos::compiler::BorrowChecker::pop_scope,if (scopes_.size() >= 2 && !suppress_reports_) {
74125465,2411,17,2411,58,if guard,logos::compiler::BorrowChecker::pop_scope,if (scopes_.size() >= 2 && !suppress_reports_) {
62609900,2411,40,2411,58,if guard,logos::compiler::BorrowChecker::pop_scope,if (scopes_.size() >= 2 && !suppress_reports_) {
62067252,2411,60,2466,14,if guard,logos::compiler::BorrowChecker::pop_scope,if (scopes_.size() >= 2 && !suppress_reports_) {
1584032,2422,54,2422,93,loop body,logos::compiler::BorrowChecker::pop_scope,for (auto& br : frame.borrows)       if (!br.holder.empty()) any_held = true;
1584032,2422,58,2422,76,loop body,logos::compiler::BorrowChecker::pop_scope,for (auto& br : frame.borrows)       if (!br.holder.empty()) any_held = true;
627,2422,78,2422,93,loop body,logos::compiler::BorrowChecker::pop_scope,for (auto& br : frame.borrows)       if (!br.holder.empty()) any_held = true;
581411,2423,54,2423,93,loop body,logos::compiler::BorrowChecker::pop_scope,for (auto& fb : frame.field_borrows) if (!fb.holder.empty()) any_held = true;
581411,2423,58,2423,76,loop body,logos::compiler::BorrowChecker::pop_scope,for (auto& fb : frame.field_borrows) if (!fb.holder.empty()) any_held = true;
572824,2423,78,2423,93,loop body,logos::compiler::BorrowChecker::pop_scope,for (auto& fb : frame.field_borrows) if (!fb.holder.empty()) any_held = true;
62067252,2425,21,2425,29,if guard,logos::compiler::BorrowChecker::pop_scope,if (any_held) {
573368,2425,31,2435,18,if guard,logos::compiler::BorrowChecker::pop_scope,if (any_held) {
2484411,2426,41,2426,64,loop body,logos::compiler::BorrowChecker::pop_scope,for (size_t fi = 0; fi + 1 < scopes_.size(); ++fi)
1911043,2426,66,2426,70,loop body,logos::compiler::BorrowChecker::pop_scope,for (size_t fi = 0; fi + 1 < scopes_.size(); ++fi)
1911043,2427,25,2428,65,statement,logos::compiler::BorrowChecker::pop_scope,"outer.insert(scopes_[fi].declared.begin(),"
573368,2433,25,2433,53,if guard,logos::compiler::BorrowChecker::pop_scope,if (!pending_esc_holder_.empty())
10,2434,25,2434,58,statement,logos::compiler::BorrowChecker::pop_scope,outer.insert(pending_esc_holder_);
2165443,2436,53,2455,18,call / statement,auto logos::compiler::BorrowChecker::pop_scope,auto escapes = [&](const auto& rec) {
2165443,2437,25,2437,43,if guard,auto logos::compiler::BorrowChecker::pop_scope,if (rec.holder.empty()) return false;   // lexical: unchanged
1591992,2437,45,2437,57,if guard,auto logos::compiler::BorrowChecker::pop_scope,if (rec.holder.empty()) return false;   // lexical: unchanged
573451,2450,21,2455,18,if guard,auto logos::compiler::BorrowChecker::pop_scope,"if (logos::probe::on(""rehome_all"")) return true;"
573451,2450,25,2450,55,if guard,auto logos::compiler::BorrowChecker::pop_scope,"if (logos::probe::on(""rehome_all"")) return true;"
0,2450,57,2450,68,if guard,auto logos::compiler::BorrowChecker::pop_scope,"if (logos::probe::on(""rehome_all"")) return true;"
573451,2451,21,2455,18,if guard,auto logos::compiler::BorrowChecker::pop_scope,if (outer.count(rec.holder)) return true;
573451,2451,25,2451,48,if guard,auto logos::compiler::BorrowChecker::pop_scope,if (outer.count(rec.holder)) return true;
241,2451,50,2451,61,if guard,auto logos::compiler::BorrowChecker::pop_scope,if (outer.count(rec.holder)) return true;
573210,2452,21,2455,18,loop body,auto logos::compiler::BorrowChecker::pop_scope,for (auto& h : rec.co_holders)
167,2453,25,2453,56,if guard,auto logos::compiler::BorrowChecker::pop_scope,if (outer.count(h)) return true;
167,2453,29,2453,43,if guard,auto logos::compiler::BorrowChecker::pop_scope,if (outer.count(h)) return true;
62,2453,45,2453,56,if guard,auto logos::compiler::BorrowChecker::pop_scope,if (outer.count(h)) return true;
573148,2454,21,2454,33,early return,auto logos::compiler::BorrowChecker::pop_scope,return false;
124134504,2456,59,2463,18,call / statement,auto logos::compiler::BorrowChecker::pop_scope,"auto move_out = [&](auto& vec, auto& dst) {"
126299947,2457,49,2457,64,loop body,auto logos::compiler::BorrowChecker::pop_scope,for (auto it = vec.begin(); it != vec.end(); ) {
2165443,2457,68,2462,22,loop body,auto logos::compiler::BorrowChecker::pop_scope,for (auto it = vec.begin(); it != vec.end(); ) {
2165443,2458,29,2458,41,if guard,auto logos::compiler::BorrowChecker::pop_scope,if (escapes(*it)) {
303,2458,43,2460,50,if guard,auto logos::compiler::BorrowChecker::pop_scope,if (escapes(*it)) {
2165140,2461,30,2461,34,else branch,auto logos::compiler::BorrowChecker::pop_scope,else ++it;
1601683,2470,40,2484,10,loop body,logos::compiler::BorrowChecker::pop_scope,for (auto& br : frame.borrows) {
1601683,2472,17,2472,30,if guard,logos::compiler::BorrowChecker::pop_scope,if (it != nullptr) {
1601672,2472,32,2483,14,if guard,logos::compiler::BorrowChecker::pop_scope,if (it != nullptr) {
1601672,2473,21,2473,30,if guard,logos::compiler::BorrowChecker::pop_scope,if (br.is_mut) {
1059874,2473,32,2480,18,if guard,logos::compiler::BorrowChecker::pop_scope,if (br.is_mut) {
1059874,2476,25,2476,41,if guard,logos::compiler::BorrowChecker::pop_scope,if (it->mut_borrowed)
17,2477,25,2477,49,statement,logos::compiler::BorrowChecker::pop_scope,it->mut_borrowed = false;
1059857,2478,26,2479,47,else-if guard,logos::compiler::BorrowChecker::pop_scope,else if (it->mut_reservations > 0)
1059857,2478,30,2478,54,else-if guard,logos::compiler::BorrowChecker::pop_scope,else if (it->mut_reservations > 0)
1059850,2479,25,2479,47,statement,logos::compiler::BorrowChecker::pop_scope,it->mut_reservations--;
541798,2481,22,2482,41,else-if guard,logos::compiler::BorrowChecker::pop_scope,else if (it->shared_borrows > 0)
541798,2481,26,2481,48,else-if guard,logos::compiler::BorrowChecker::pop_scope,else if (it->shared_borrows > 0)
541791,2482,21,2482,41,statement,logos::compiler::BorrowChecker::pop_scope,--it->shared_borrows;
582198,2486,46,2495,10,loop body,logos::compiler::BorrowChecker::pop_scope,for (auto& fb : frame.field_borrows) {
582198,2488,17,2488,30,if guard,logos::compiler::BorrowChecker::pop_scope,if (it == nullptr) continue;
0,2488,32,2488,40,if guard,logos::compiler::BorrowChecker::pop_scope,if (it == nullptr) continue;
582198,2489,13,2495,10,if guard,logos::compiler::BorrowChecker::pop_scope,if (fb.is_mut) it->mut_field_borrows.erase(fb.path);
582198,2489,17,2489,26,if guard,logos::compiler::BorrowChecker::pop_scope,if (fb.is_mut) it->mut_field_borrows.erase(fb.path);
6545,2489,28,2489,64,if guard,logos::compiler::BorrowChecker::pop_scope,if (fb.is_mut) it->mut_field_borrows.erase(fb.path);
575653,2490,18,2494,14,else branch,logos::compiler::BorrowChecker::pop_scope,else {
575653,2492,21,2492,58,if guard,logos::compiler::BorrowChecker::pop_scope,if (sit != it->shared_field_borrows.end() && --sit->second <= 0)
575653,2492,21,2492,80,if guard,logos::compiler::BorrowChecker::pop_scope,if (sit != it->shared_field_borrows.end() && --sit->second <= 0)
575650,2492,62,2492,80,if guard,logos::compiler::BorrowChecker::pop_scope,if (sit != it->shared_field_borrows.end() && --sit->second <= 0)
575649,2493,21,2493,56,statement,logos::compiler::BorrowChecker::pop_scope,it->shared_field_borrows.erase(sit);
74125465,2519,13,2519,36,if guard,logos::compiler::BorrowChecker::pop_scope,if (!frame.declared.empty()) {
28713543,2519,38,2536,10,if guard,logos::compiler::BorrowChecker::pop_scope,if (!frame.declared.empty()) {
34,2520,69,2535,14,loop body,logos::compiler::BorrowChecker::pop_scope,"for (auto& [binding, sources] : dropck_borrow_sources_) {"
37,2524,43,2534,18,loop body,logos::compiler::BorrowChecker::pop_scope,for (auto& src : sources) {
37,2526,25,2526,33,if guard,logos::compiler::BorrowChecker::pop_scope,if (spos < 0) continue;                 // not dying here
13,2526,35,2526,43,if guard,logos::compiler::BorrowChecker::pop_scope,if (spos < 0) continue;                 // not dying here
24,2527,21,2534,18,if guard,logos::compiler::BorrowChecker::pop_scope,if (bpos >= 0 && spos < bpos) continue; // binding drops first
24,2527,25,2527,34,if guard,logos::compiler::BorrowChecker::pop_scope,if (bpos >= 0 && spos < bpos) continue; // binding drops first
24,2527,25,2527,49,if guard,logos::compiler::BorrowChecker::pop_scope,if (bpos >= 0 && spos < bpos) continue; // binding drops first
13,2527,38,2527,49,if guard,logos::compiler::BorrowChecker::pop_scope,if (bpos >= 0 && spos < bpos) continue; // binding drops first
8,2527,51,2527,59,if guard,logos::compiler::BorrowChecker::pop_scope,if (bpos >= 0 && spos < bpos) continue; // binding drops first
16,2528,21,2533,26,statement,logos::compiler::BorrowChecker::pop_scope,uint32_t ln = dropck_binding_line_[binding];
74125465,2541,13,2541,36,if guard,logos::compiler::BorrowChecker::pop_scope,if (!frame.declared.empty()) {
28713543,2541,38,2583,10,if guard,logos::compiler::BorrowChecker::pop_scope,if (!frame.declared.empty()) {
35553693,2543,44,2543,59,loop body,logos::compiler::BorrowChecker::pop_scope,for (auto& n : frame.declared) dying.insert(n);
176974,2544,64,2582,14,loop body,logos::compiler::BorrowChecker::pop_scope,"for (auto& [place, sources] : ref_borrow_sources_) {"
176974,2553,21,2553,27,if guard,logos::compiler::BorrowChecker::pop_scope,if (dorder) {
0,2553,29,2569,18,if guard,logos::compiler::BorrowChecker::pop_scope,if (dorder) {
0,2554,65,2558,22,statement,logos::compiler::BorrowChecker::pop_scope,auto didx = [&](std::string_view n) -> long {
0,2555,44,2555,69,loop body,logos::compiler::BorrowChecker::pop_scope,for (size_t i = 0; i < frame.declared.size(); ++i)
0,2555,71,2555,74,loop body,logos::compiler::BorrowChecker::pop_scope,for (size_t i = 0; i < frame.declared.size(); ++i)
0,2556,29,2556,71,if guard,logos::compiler::BorrowChecker::pop_scope,if (frame.declared[i] == n) return (long)i;
0,2556,33,2556,55,if guard,logos::compiler::BorrowChecker::pop_scope,if (frame.declared[i] == n) return (long)i;
0,2556,57,2556,71,if guard,logos::compiler::BorrowChecker::pop_scope,if (frame.declared[i] == n) return (long)i;
0,2557,25,2557,34,early return,logos::compiler::BorrowChecker::pop_scope,return -1;
0,2560,25,2560,32,if guard,logos::compiler::BorrowChecker::pop_scope,if (bi >= 0)
0,2561,25,2568,30,loop body,logos::compiler::BorrowChecker::pop_scope,for (auto& src : sources)
0,2562,29,2568,30,if guard,logos::compiler::BorrowChecker::pop_scope,if (didx(src.name) > bi) {
0,2562,33,2562,52,if guard,logos::compiler::BorrowChecker::pop_scope,if (didx(src.name) > bi) {
0,2562,54,2568,30,if guard,logos::compiler::BorrowChecker::pop_scope,if (didx(src.name) > bi) {
176974,2570,21,2570,41,if guard,logos::compiler::BorrowChecker::pop_scope,if (dying.count(binding) || dangling_.count(binding)) continue;
176974,2570,21,2570,69,if guard,logos::compiler::BorrowChecker::pop_scope,if (dying.count(binding) || dangling_.count(binding)) continue;
142162,2570,45,2570,69,if guard,logos::compiler::BorrowChecker::pop_scope,if (dying.count(binding) || dangling_.count(binding)) continue;
35022,2570,71,2570,79,if guard,logos::compiler::BorrowChecker::pop_scope,if (dying.count(binding) || dangling_.count(binding)) continue;
141952,2571,17,2582,14,loop body,logos::compiler::BorrowChecker::pop_scope,for (auto& src : sources) {
143086,2571,43,2581,18,loop body,logos::compiler::BorrowChecker::pop_scope,for (auto& src : sources) {
143086,2572,25,2572,51,if guard,logos::compiler::BorrowChecker::pop_scope,"if (!dying_binding(frame, src)) continue;   // F5, not the name"
142990,2572,53,2572,61,if guard,logos::compiler::BorrowChecker::pop_scope,"if (!dying_binding(frame, src)) continue;   // F5, not the name"
96,2573,21,2580,26,statement,logos::compiler::BorrowChecker::pop_scope,dangling_[binding] =
96,2575,25,2575,31,if guard,logos::compiler::BorrowChecker::pop_scope,if (dorder)
0,2576,25,2579,48,diagnostic emission,logos::compiler::BorrowChecker::pop_scope,"report(ref_borrow_line_[place], std::format("
35553693,2585,43,2592,10,loop body,logos::compiler::BorrowChecker::pop_scope,for (auto& name : frame.declared) {
35553693,2596,72,2603,6,call / statement,logos::compiler::BorrowChecker::declare_var,"void declare_var(const std::string& name, uint32_t slot = NO_SLOT) {"
35553693,2598,13,2598,29,if guard,logos::compiler::BorrowChecker::declare_var,if (!scopes_.empty()) {
35553693,2598,31,2601,10,if guard,logos::compiler::BorrowChecker::declare_var,if (!scopes_.empty()) {
143255,2616,69,2626,6,call / statement,logos::compiler::BorrowChecker::declared_pos,"static long declared_pos(const ScopeFrame& fr, const RefSrc& s) {"
418890,2617,28,2617,50,loop body,logos::compiler::BorrowChecker::declared_pos,for (size_t i = 0; i < fr.declared.size(); ++i) {
275635,2617,52,2617,55,loop body,logos::compiler::BorrowChecker::declared_pos,for (size_t i = 0; i < fr.declared.size(); ++i) {
275789,2617,57,2624,10,loop body,logos::compiler::BorrowChecker::declared_pos,for (size_t i = 0; i < fr.declared.size(); ++i) {
275789,2618,17,2618,41,if guard,logos::compiler::BorrowChecker::declared_pos,if (fr.declared[i] != s.name) continue;
275631,2618,43,2618,51,if guard,logos::compiler::BorrowChecker::declared_pos,if (fr.declared[i] != s.name) continue;
158,2619,13,2624,10,if guard,logos::compiler::BorrowChecker::declared_pos,if (s.slot != NO_SLOT && i < fr.declared_slots.size() &&
158,2619,17,2619,34,if guard,logos::compiler::BorrowChecker::declared_pos,if (s.slot != NO_SLOT && i < fr.declared_slots.size() &&
158,2619,17,2619,66,if guard,logos::compiler::BorrowChecker::declared_pos,if (s.slot != NO_SLOT && i < fr.declared_slots.size() &&
158,2619,17,2620,48,if guard,logos::compiler::BorrowChecker::declared_pos,if (s.slot != NO_SLOT && i < fr.declared_slots.size() &&
158,2619,17,2621,47,if guard,logos::compiler::BorrowChecker::declared_pos,if (s.slot != NO_SLOT && i < fr.declared_slots.size() &&
136,2619,38,2619,66,if guard,logos::compiler::BorrowChecker::declared_pos,if (s.slot != NO_SLOT && i < fr.declared_slots.size() &&
136,2620,17,2620,48,statement,logos::compiler::BorrowChecker::declared_pos,fr.declared_slots[i] != NO_SLOT &&
136,2621,17,2621,47,call / statement,logos::compiler::BorrowChecker::declared_pos,fr.declared_slots[i] != s.slot)
4,2622,17,2622,25,loop exit,logos::compiler::BorrowChecker::declared_pos,"continue;   // same word, different binding"
154,2623,13,2623,27,early return,logos::compiler::BorrowChecker::declared_pos,return (long)i;
143101,2625,9,2625,18,early return,logos::compiler::BorrowChecker::declared_pos,return -1;
143184,2630,70,2632,6,call / statement,logos::compiler::BorrowChecker::dying_binding,"static bool dying_binding(const ScopeFrame& fr, const RefSrc& s) {"
39366790,2637,68,2640,6,call / statement,logos::compiler::BorrowChecker::note_binding_slot,"void note_binding_slot(const std::string& name, uint32_t slot) {"
39366790,2638,13,2638,25,if guard,logos::compiler::BorrowChecker::note_binding_slot,if (name.empty()) return;
4,2638,27,2638,33,if guard,logos::compiler::BorrowChecker::note_binding_slot,if (name.empty()) return;
39366786,2639,9,2640,6,statement,logos::compiler::BorrowChecker::note_binding_slot,cur_slot_of_[name] = slot;
4217127,2641,61,2645,6,statement,logos::compiler::BorrowChecker::slot_of_binding,uint32_t slot_of_binding(const std::string& name) const {
4217127,2642,13,2642,25,if guard,logos::compiler::BorrowChecker::slot_of_binding,if (name.empty()) return NO_SLOT;
1610328,2642,27,2642,41,if guard,logos::compiler::BorrowChecker::slot_of_binding,if (name.empty()) return NO_SLOT;
2606799,2643,9,2644,63,statement,logos::compiler::BorrowChecker::slot_of_binding,auto it = cur_slot_of_.find(name);
2606799,2644,16,2644,40,early return,logos::compiler::BorrowChecker::slot_of_binding,return it == cur_slot_of_.end() ? NO_SLOT : it->second;
290,2644,43,2644,50,early return,logos::compiler::BorrowChecker::slot_of_binding,return it == cur_slot_of_.end() ? NO_SLOT : it->second;
2606509,2644,53,2644,63,early return,logos::compiler::BorrowChecker::slot_of_binding,return it == cur_slot_of_.end() ? NO_SLOT : it->second;
4484232,2653,53,2668,6,statement,logos::compiler::BorrowChecker::struct_is_dropck_relevant,bool struct_is_dropck_relevant(TypeRef t) const {
4484232,2654,13,2654,15,if guard,logos::compiler::BorrowChecker::struct_is_dropck_relevant,if (!t || t.kind() != LogosType::Kind::Struct) return false;
4484232,2654,13,2654,54,if guard,logos::compiler::BorrowChecker::struct_is_dropck_relevant,if (!t || t.kind() != LogosType::Kind::Struct) return false;
4484232,2654,19,2654,54,if guard,logos::compiler::BorrowChecker::struct_is_dropck_relevant,if (!t || t.kind() != LogosType::Kind::Struct) return false;
4139995,2654,56,2654,68,if guard,logos::compiler::BorrowChecker::struct_is_dropck_relevant,if (!t || t.kind() != LogosType::Kind::Struct) return false;
344237,2655,9,2668,6,if guard,logos::compiler::BorrowChecker::struct_is_dropck_relevant,"if (!needs_drop(t, prog_, ts_)) return false;"
344237,2655,13,2655,39,if guard,logos::compiler::BorrowChecker::struct_is_dropck_relevant,"if (!needs_drop(t, prog_, ts_)) return false;"
296109,2655,41,2655,53,if guard,logos::compiler::BorrowChecker::struct_is_dropck_relevant,"if (!needs_drop(t, prog_, ts_)) return false;"
48128,2656,9,2668,6,statement,logos::compiler::BorrowChecker::struct_is_dropck_relevant,std::string sname(t.struct_name());
14640,2659,51,2661,10,call / statement,logos::compiler::BorrowChecker::struct_is_dropck_relevant,auto has_lt = [](lir_view::StructView sd) {
14640,2660,20,2660,22,early return,logos::compiler::BorrowChecker::struct_is_dropck_relevant,return sd && !sd.lifetime_params().empty();
14640,2660,26,2660,55,early return,logos::compiler::BorrowChecker::struct_is_dropck_relevant,return sd && !sd.lifetime_params().empty();
48128,2663,13,2663,44,if guard,logos::compiler::BorrowChecker::struct_is_dropck_relevant,if (sit != ts_.struct_by_name.end() && has_lt(sit->second)) return true;
48128,2663,13,2663,67,if guard,logos::compiler::BorrowChecker::struct_is_dropck_relevant,if (sit != ts_.struct_by_name.end() && has_lt(sit->second)) return true;
14640,2663,48,2663,67,if guard,logos::compiler::BorrowChecker::struct_is_dropck_relevant,if (sit != ts_.struct_by_name.end() && has_lt(sit->second)) return true;
28,2663,69,2663,80,if guard,logos::compiler::BorrowChecker::struct_is_dropck_relevant,if (sit != ts_.struct_by_name.end() && has_lt(sit->second)) return true;
48100,2664,9,2668,6,statement,logos::compiler::BorrowChecker::struct_is_dropck_relevant,auto pit = ts_.spec_by_name.find(sname);
48100,2665,13,2665,42,if guard,logos::compiler::BorrowChecker::struct_is_dropck_relevant,if (pit != ts_.spec_by_name.end() && has_lt(pit->second)) return true;
48100,2665,13,2665,65,if guard,logos::compiler::BorrowChecker::struct_is_dropck_relevant,if (pit != ts_.spec_by_name.end() && has_lt(pit->second)) return true;
0,2665,46,2665,65,if guard,logos::compiler::BorrowChecker::struct_is_dropck_relevant,if (pit != ts_.spec_by_name.end() && has_lt(pit->second)) return true;
0,2665,67,2665,78,if guard,logos::compiler::BorrowChecker::struct_is_dropck_relevant,if (pit != ts_.spec_by_name.end() && has_lt(pit->second)) return true;
48100,2667,9,2667,42,early return,logos::compiler::BorrowChecker::struct_is_dropck_relevant,return !t.lifetime_args().empty();
108218,2688,66,2710,6,statement,logos::compiler::BorrowChecker::drop_can_observe_borrow,"bool drop_can_observe_borrow(TypeRef t, int depth = 0) const {"
108218,2689,13,2689,15,if guard,logos::compiler::BorrowChecker::drop_can_observe_borrow,if (!t || depth > 4) return false;
108218,2689,13,2689,28,if guard,logos::compiler::BorrowChecker::drop_can_observe_borrow,if (!t || depth > 4) return false;
107233,2689,19,2689,28,if guard,logos::compiler::BorrowChecker::drop_can_observe_borrow,if (!t || depth > 4) return false;
985,2689,30,2689,42,if guard,logos::compiler::BorrowChecker::drop_can_observe_borrow,if (!t || depth > 4) return false;
107233,2690,9,2710,6,if guard,logos::compiler::BorrowChecker::drop_can_observe_borrow,if (t.kind() != LogosType::Kind::Struct) return false;
107233,2690,13,2690,48,if guard,logos::compiler::BorrowChecker::drop_can_observe_borrow,if (t.kind() != LogosType::Kind::Struct) return false;
87890,2690,50,2690,62,if guard,logos::compiler::BorrowChecker::drop_can_observe_borrow,if (t.kind() != LogosType::Kind::Struct) return false;
19343,2691,9,2710,6,if guard,logos::compiler::BorrowChecker::drop_can_observe_borrow,"if (!needs_drop(t, prog_, ts_)) return false;"
19343,2691,13,2691,39,if guard,logos::compiler::BorrowChecker::drop_can_observe_borrow,"if (!needs_drop(t, prog_, ts_)) return false;"
17408,2691,41,2691,53,if guard,logos::compiler::BorrowChecker::drop_can_observe_borrow,"if (!needs_drop(t, prog_, ts_)) return false;"
1935,2692,9,2710,6,statement,logos::compiler::BorrowChecker::drop_can_observe_borrow,std::string want = concrete_struct_name(t);
1935,2693,65,2704,10,statement,logos::compiler::BorrowChecker::drop_can_observe_borrow,auto reaches_ref = [&](lir_view::StructView sd) -> bool {
1935,2694,17,2694,20,if guard,logos::compiler::BorrowChecker::drop_can_observe_borrow,if (!sd) return false;
0,2694,22,2694,34,if guard,logos::compiler::BorrowChecker::drop_can_observe_borrow,if (!sd) return false;
1935,2695,13,2704,10,loop body,logos::compiler::BorrowChecker::drop_can_observe_borrow,for (auto& f : sd.fields()) {
4967,2695,41,2702,14,loop body,logos::compiler::BorrowChecker::drop_can_observe_borrow,for (auto& f : sd.fields()) {
4967,2697,21,2697,24,if guard,logos::compiler::BorrowChecker::drop_can_observe_borrow,if (!ft) continue;
0,2697,26,2697,34,if guard,logos::compiler::BorrowChecker::drop_can_observe_borrow,if (!ft) continue;
4967,2698,17,2702,14,statement,logos::compiler::BorrowChecker::drop_can_observe_borrow,auto fk = ft.kind();
4967,2699,21,2699,47,if guard,logos::compiler::BorrowChecker::drop_can_observe_borrow,if (fk == LogosType::Kind::Ref ||
4967,2699,21,2700,50,if guard,logos::compiler::BorrowChecker::drop_can_observe_borrow,if (fk == LogosType::Kind::Ref ||
4724,2700,21,2700,50,statement,logos::compiler::BorrowChecker::drop_can_observe_borrow,fk == LogosType::Kind::MutRef) return true;
293,2700,52,2700,63,statement,logos::compiler::BorrowChecker::drop_can_observe_borrow,fk == LogosType::Kind::MutRef) return true;
4674,2701,17,2702,14,if guard,logos::compiler::BorrowChecker::drop_can_observe_borrow,"if (drop_can_observe_borrow(ft, depth + 1)) return true;"
4674,2701,21,2701,59,if guard,logos::compiler::BorrowChecker::drop_can_observe_borrow,"if (drop_can_observe_borrow(ft, depth + 1)) return true;"
0,2701,61,2701,72,if guard,logos::compiler::BorrowChecker::drop_can_observe_borrow,"if (drop_can_observe_borrow(ft, depth + 1)) return true;"
1642,2703,13,2703,25,early return,logos::compiler::BorrowChecker::drop_can_observe_borrow,return false;
1935,2706,13,2706,44,if guard,logos::compiler::BorrowChecker::drop_can_observe_borrow,if (sit != ts_.struct_by_name.end() && reaches_ref(sit->second)) return true;
1935,2706,13,2706,72,if guard,logos::compiler::BorrowChecker::drop_can_observe_borrow,if (sit != ts_.struct_by_name.end() && reaches_ref(sit->second)) return true;
1935,2706,48,2706,72,if guard,logos::compiler::BorrowChecker::drop_can_observe_borrow,if (sit != ts_.struct_by_name.end() && reaches_ref(sit->second)) return true;
293,2706,74,2706,85,if guard,logos::compiler::BorrowChecker::drop_can_observe_borrow,if (sit != ts_.struct_by_name.end() && reaches_ref(sit->second)) return true;
1642,2707,9,2710,6,statement,logos::compiler::BorrowChecker::drop_can_observe_borrow,auto pit = ts_.spec_by_name.find(want);
1642,2708,13,2708,42,if guard,logos::compiler::BorrowChecker::drop_can_observe_borrow,if (pit != ts_.spec_by_name.end() && reaches_ref(pit->second)) return true;
1642,2708,13,2708,70,if guard,logos::compiler::BorrowChecker::drop_can_observe_borrow,if (pit != ts_.spec_by_name.end() && reaches_ref(pit->second)) return true;
0,2708,46,2708,70,if guard,logos::compiler::BorrowChecker::drop_can_observe_borrow,if (pit != ts_.spec_by_name.end() && reaches_ref(pit->second)) return true;
0,2708,72,2708,83,if guard,logos::compiler::BorrowChecker::drop_can_observe_borrow,if (pit != ts_.spec_by_name.end() && reaches_ref(pit->second)) return true;
1642,2709,9,2709,21,early return,logos::compiler::BorrowChecker::drop_can_observe_borrow,return false;
85857,2714,58,2719,6,statement,bool logos::compiler::BorrowChecker::holder_drops_after_last_use,bool holder_drops_after_last_use(const Rec& r) const {
85857,2715,13,2715,60,if guard,bool logos::compiler::BorrowChecker::holder_drops_after_last_use,if (drop_can_observe_borrow(holder_ty_of(r.holder))) return true;
293,2715,62,2715,73,if guard,bool logos::compiler::BorrowChecker::holder_drops_after_last_use,if (drop_can_observe_borrow(holder_ty_of(r.holder))) return true;
85564,2716,9,2719,6,loop body,bool logos::compiler::BorrowChecker::holder_drops_after_last_use,for (auto& co : r.co_holders)
17687,2717,13,2717,71,if guard,bool logos::compiler::BorrowChecker::holder_drops_after_last_use,if (drop_can_observe_borrow(holder_ty_of(co))) return true;
17687,2717,17,2717,58,if guard,bool logos::compiler::BorrowChecker::holder_drops_after_last_use,if (drop_can_observe_borrow(holder_ty_of(co))) return true;
0,2717,60,2717,71,if guard,bool logos::compiler::BorrowChecker::holder_drops_after_last_use,if (drop_can_observe_borrow(holder_ty_of(co))) return true;
85564,2718,9,2718,21,early return,bool logos::compiler::BorrowChecker::holder_drops_after_last_use,return false;
582903,2727,41,2736,6,statement,logos::compiler::BorrowChecker::is_union_root,bool is_union_root(TypeRef t) const {
582903,2728,13,2728,15,if guard,logos::compiler::BorrowChecker::is_union_root,if (!t || t.kind() != LogosType::Kind::Struct) return false;
582903,2728,13,2728,54,if guard,logos::compiler::BorrowChecker::is_union_root,if (!t || t.kind() != LogosType::Kind::Struct) return false;
582903,2728,19,2728,54,if guard,logos::compiler::BorrowChecker::is_union_root,if (!t || t.kind() != LogosType::Kind::Struct) return false;
581534,2728,56,2728,68,if guard,logos::compiler::BorrowChecker::is_union_root,if (!t || t.kind() != LogosType::Kind::Struct) return false;
1369,2729,9,2735,75,statement,logos::compiler::BorrowChecker::is_union_root,std::string sname(t.struct_name());
2728,2730,73,2734,10,call / statement,logos::compiler::BorrowChecker::is_union_root,auto check = [&](const std::vector<lir_view::StructView>& defs) {
3122020,2732,17,2732,69,if guard,logos::compiler::BorrowChecker::is_union_root,if (sd.name() == sname && sd.is_union()) return true;
3122020,2732,21,2732,39,if guard,logos::compiler::BorrowChecker::is_union_root,if (sd.name() == sname && sd.is_union()) return true;
3122020,2732,21,2732,56,if guard,logos::compiler::BorrowChecker::is_union_root,if (sd.name() == sname && sd.is_union()) return true;
403,2732,43,2732,56,if guard,logos::compiler::BorrowChecker::is_union_root,if (sd.name() == sname && sd.is_union()) return true;
10,2732,58,2732,69,if guard,logos::compiler::BorrowChecker::is_union_root,if (sd.name() == sname && sd.is_union()) return true;
2718,2733,13,2733,25,early return,logos::compiler::BorrowChecker::is_union_root,return false;
1369,2735,16,2735,36,early return,logos::compiler::BorrowChecker::is_union_root,return check(prog_.structs) || check(prog_.struct_specializations);
1359,2735,40,2735,75,early return,logos::compiler::BorrowChecker::is_union_root,return check(prog_.structs) || check(prog_.struct_specializations);
58,2750,64,2779,6,statement,logos::compiler::BorrowChecker::collect_borrow_locals,std::vector<RefSrc>& out) const {
58,2751,13,2751,15,if guard,logos::compiler::BorrowChecker::collect_borrow_locals,if (!e) return;
0,2751,17,2751,23,if guard,logos::compiler::BorrowChecker::collect_borrow_locals,if (!e) return;
58,2752,9,2779,6,statement,logos::compiler::BorrowChecker::collect_borrow_locals,using EC = lir_schema::expr::Code;
28,2754,13,2760,23,switch arm,logos::compiler::BorrowChecker::collect_borrow_locals,case EC::AddrOf: {
28,2756,21,2756,40,if guard,logos::compiler::BorrowChecker::collect_borrow_locals,"if (var_has(NO_SLOT, n) && !param_names_.count(n)) {"
28,2756,21,2756,66,if guard,logos::compiler::BorrowChecker::collect_borrow_locals,"if (var_has(NO_SLOT, n) && !param_names_.count(n)) {"
28,2756,44,2756,66,if guard,logos::compiler::BorrowChecker::collect_borrow_locals,"if (var_has(NO_SLOT, n) && !param_names_.count(n)) {"
28,2756,68,2759,18,if guard,logos::compiler::BorrowChecker::collect_borrow_locals,"if (var_has(NO_SLOT, n) && !param_names_.count(n)) {"
0,2762,13,2764,23,switch arm,logos::compiler::BorrowChecker::collect_borrow_locals,case EC::AddrOfTemp:
27,2765,13,2768,23,switch arm,logos::compiler::BorrowChecker::collect_borrow_locals,case EC::StructLit:
30,2767,47,2767,82,statement,logos::compiler::BorrowChecker::collect_borrow_locals,"[&](lir_view::ExprRef fv) { collect_borrow_locals(fv, out); });"
0,2769,13,2772,23,switch arm,logos::compiler::BorrowChecker::collect_borrow_locals,case EC::TupleLit:
0,2771,47,2771,82,statement,logos::compiler::BorrowChecker::collect_borrow_locals,"[&](lir_view::ExprRef fv) { collect_borrow_locals(fv, out); });"
0,2773,13,2775,23,switch arm,logos::compiler::BorrowChecker::collect_borrow_locals,case EC::Cast:
3,2776,13,2777,23,switch arm,logos::compiler::BorrowChecker::collect_borrow_locals,default:
38771,2786,83,2788,6,call / statement,logos::compiler::BorrowChecker::place_of,"static std::string place_of(const std::string& root, const std::string& path) {"
38771,2787,16,2787,28,early return,logos::compiler::BorrowChecker::place_of,"return path.empty() ? root : root + ""."" + path;"
35495,2787,31,2787,35,early return,logos::compiler::BorrowChecker::place_of,"return path.empty() ? root : root + ""."" + path;"
3276,2787,38,2787,55,early return,logos::compiler::BorrowChecker::place_of,"return path.empty() ? root : root + ""."" + path;"
1599710,2789,80,2794,6,call / statement,logos::compiler::BorrowChecker::place_under,"static bool place_under(const std::string& place, const std::string& root) {"
1599710,2790,16,2790,29,early return,logos::compiler::BorrowChecker::place_under,return place == root ||
1528269,2791,16,2793,43,statement,logos::compiler::BorrowChecker::place_under,(place.size() > root.size() &&
1528269,2791,17,2791,43,statement,logos::compiler::BorrowChecker::place_under,(place.size() > root.size() &&
1528269,2791,17,2792,57,statement,logos::compiler::BorrowChecker::place_under,(place.size() > root.size() &&
704818,2792,17,2792,57,statement,logos::compiler::BorrowChecker::place_under,"place.compare(0, root.size(), root) == 0 &&"
13195,2793,17,2793,42,statement,logos::compiler::BorrowChecker::place_under,place[root.size()] == '.');
176974,2795,61,2798,6,call / statement,logos::compiler::BorrowChecker::place_root,static std::string place_root(const std::string& place) {
176974,2797,16,2797,38,early return,logos::compiler::BorrowChecker::place_root,"return d == std::string::npos ? place : place.substr(0, d);"
176025,2797,41,2797,46,early return,logos::compiler::BorrowChecker::place_root,"return d == std::string::npos ? place : place.substr(0, d);"
949,2797,49,2797,67,early return,logos::compiler::BorrowChecker::place_root,"return d == std::string::npos ? place : place.substr(0, d);"
12482565,2802,74,2812,6,statement,logos::compiler::BorrowChecker::ref_sources_under,std::vector<RefSrc> ref_sources_under(const std::string& root) const {
12482565,2804,13,2804,25,if guard,logos::compiler::BorrowChecker::ref_sources_under,if (root.empty()) return out;
0,2804,27,2804,37,if guard,logos::compiler::BorrowChecker::ref_sources_under,if (root.empty()) return out;
12482565,2805,9,2811,19,loop body,logos::compiler::BorrowChecker::ref_sources_under,"for (auto& [pl, srcs] : ref_borrow_sources_) {"
83309,2805,54,2810,10,loop body,logos::compiler::BorrowChecker::ref_sources_under,"for (auto& [pl, srcs] : ref_borrow_sources_) {"
83309,2806,17,2806,39,if guard,logos::compiler::BorrowChecker::ref_sources_under,"if (!place_under(pl, root)) continue;"
80498,2806,41,2806,49,if guard,logos::compiler::BorrowChecker::ref_sources_under,"if (!place_under(pl, root)) continue;"
2811,2807,13,2810,10,loop body,logos::compiler::BorrowChecker::ref_sources_under,for (auto& s : srcs)
2859,2808,17,2809,37,if guard,logos::compiler::BorrowChecker::ref_sources_under,"if (std::find(out.begin(), out.end(), s) == out.end())"
2859,2808,21,2808,70,if guard,logos::compiler::BorrowChecker::ref_sources_under,"if (std::find(out.begin(), out.end(), s) == out.end())"
2856,2809,21,2809,37,statement,logos::compiler::BorrowChecker::ref_sources_under,out.push_back(s);
40060044,2815,60,2821,6,call / statement,logos::compiler::BorrowChecker::erase_ref_sources_under,void erase_ref_sources_under(const std::string& place) {
40060044,2816,13,2816,26,if guard,logos::compiler::BorrowChecker::erase_ref_sources_under,if (place.empty()) return;
4,2816,28,2816,34,if guard,logos::compiler::BorrowChecker::erase_ref_sources_under,if (place.empty()) return;
40060040,2817,9,2821,6,loop body,logos::compiler::BorrowChecker::erase_ref_sources_under,for (auto it = ref_borrow_sources_.begin(); it != ref_borrow_sources_.end();)
40818238,2817,53,2817,84,loop body,logos::compiler::BorrowChecker::erase_ref_sources_under,for (auto it = ref_borrow_sources_.begin(); it != ref_borrow_sources_.end();)
758198,2818,13,2818,95,statement,logos::compiler::BorrowChecker::erase_ref_sources_under,"it = place_under(it->first, place) ? ref_borrow_sources_.erase(it) : std::next(it);"
758198,2818,18,2818,47,statement,logos::compiler::BorrowChecker::erase_ref_sources_under,"it = place_under(it->first, place) ? ref_borrow_sources_.erase(it) : std::next(it);"
35170,2818,50,2818,79,statement,logos::compiler::BorrowChecker::erase_ref_sources_under,"it = place_under(it->first, place) ? ref_borrow_sources_.erase(it) : std::next(it);"
723028,2818,82,2818,95,statement,logos::compiler::BorrowChecker::erase_ref_sources_under,"it = place_under(it->first, place) ? ref_borrow_sources_.erase(it) : std::next(it);"
40818238,2819,50,2819,78,loop body,logos::compiler::BorrowChecker::erase_ref_sources_under,for (auto it = ref_borrow_line_.begin(); it != ref_borrow_line_.end();)
758198,2820,13,2820,92,statement,logos::compiler::BorrowChecker::erase_ref_sources_under,"it = place_under(it->first, place) ? ref_borrow_line_.erase(it) : std::next(it);"
758198,2820,18,2820,47,statement,logos::compiler::BorrowChecker::erase_ref_sources_under,"it = place_under(it->first, place) ? ref_borrow_line_.erase(it) : std::next(it);"
35170,2820,50,2820,76,statement,logos::compiler::BorrowChecker::erase_ref_sources_under,"it = place_under(it->first, place) ? ref_borrow_line_.erase(it) : std::next(it);"
723028,2820,79,2820,92,statement,logos::compiler::BorrowChecker::erase_ref_sources_under,"it = place_under(it->first, place) ? ref_borrow_line_.erase(it) : std::next(it);"
4487526,2824,71,2832,6,call / statement,logos::compiler::BorrowChecker::store_ref_sources,"const std::string& self_name, uint32_t ln) {"
18059,2825,40,2831,10,loop body,logos::compiler::BorrowChecker::store_ref_sources,"for (auto& [sub, src] : pairs) {"
18059,2826,17,2826,38,if guard,logos::compiler::BorrowChecker::store_ref_sources,if (src.name == self_name) continue;  // a binding never borrows ITSELF
43,2826,40,2826,48,if guard,logos::compiler::BorrowChecker::store_ref_sources,if (src.name == self_name) continue;  // a binding never borrows ITSELF
18016,2827,13,2831,10,statement,logos::compiler::BorrowChecker::store_ref_sources,"auto& dst = ref_borrow_sources_[place_of(place, sub)];"
18016,2828,17,2828,68,if guard,logos::compiler::BorrowChecker::store_ref_sources,"if (std::find(dst.begin(), dst.end(), src) == dst.end())"
17725,2829,17,2829,35,statement,logos::compiler::BorrowChecker::store_ref_sources,dst.push_back(src);
4484349,2835,42,2842,6,call / statement,logos::compiler::BorrowChecker::record_ref_sources,uint32_t ln) {
4484349,2838,13,2838,17,if guard,logos::compiler::BorrowChecker::record_ref_sources,if (!val) return;
117,2838,19,2838,25,if guard,logos::compiler::BorrowChecker::record_ref_sources,if (!val) return;
4484232,2839,9,2842,6,statement,logos::compiler::BorrowChecker::record_ref_sources,"std::vector<std::pair<std::string, RefSrc>> pairs;"
2739,2850,62,2857,6,call / statement,logos::compiler::BorrowChecker::add_ref_sources,"lir_view::ExprRef val, uint32_t ln) {"
2739,2851,13,2851,25,if guard,logos::compiler::BorrowChecker::add_ref_sources,if (name.empty() || !val) return;
2739,2851,13,2851,33,if guard,logos::compiler::BorrowChecker::add_ref_sources,if (name.empty() || !val) return;
2739,2851,29,2851,33,if guard,logos::compiler::BorrowChecker::add_ref_sources,if (name.empty() || !val) return;
0,2851,35,2851,41,if guard,logos::compiler::BorrowChecker::add_ref_sources,if (name.empty() || !val) return;
2739,2852,9,2857,6,statement,logos::compiler::BorrowChecker::add_ref_sources,"std::string place = place_of(name, path);"
16397959,2930,69,3556,6,statement,logos::compiler::BorrowChecker::collect_ref_sources_paths,"std::vector<std::pair<std::string, RefSrc>>& out) const {"
16397959,2931,13,2931,15,if guard,logos::compiler::BorrowChecker::collect_ref_sources_paths,if (!e) return;
1195,2931,17,2931,23,if guard,logos::compiler::BorrowChecker::collect_ref_sources_paths,if (!e) return;
16396764,2932,9,3556,6,statement,logos::compiler::BorrowChecker::collect_ref_sources_paths,using EC = lir_schema::expr::Code;
38520,2939,41,2943,10,call / statement,logos::compiler::BorrowChecker::collect_ref_sources_paths,auto emit_src = [&](RefSrc src) {
6586,2941,17,2941,65,if guard,logos::compiler::BorrowChecker::collect_ref_sources_paths,if (pr.first == path && pr.second == src) return;
6586,2941,21,2941,37,if guard,logos::compiler::BorrowChecker::collect_ref_sources_paths,if (pr.first == path && pr.second == src) return;
6586,2941,21,2941,57,if guard,logos::compiler::BorrowChecker::collect_ref_sources_paths,if (pr.first == path && pr.second == src) return;
6552,2941,41,2941,57,if guard,logos::compiler::BorrowChecker::collect_ref_sources_paths,if (pr.first == path && pr.second == src) return;
1050,2941,59,2941,65,if guard,logos::compiler::BorrowChecker::collect_ref_sources_paths,if (pr.first == path && pr.second == src) return;
37470,2942,13,2943,10,statement,logos::compiler::BorrowChecker::collect_ref_sources_paths,"out.emplace_back(path, std::move(src));"
35718,2944,42,2947,10,call / statement,logos::compiler::BorrowChecker::collect_ref_sources_paths,auto emit = [&](std::string src) {
72666,2948,46,2950,10,call / statement,logos::compiler::BorrowChecker::collect_ref_sources_paths,auto sub = [&](const std::string& p) {
72666,2949,20,2949,32,early return,logos::compiler::BorrowChecker::collect_ref_sources_paths,"return path.empty() ? p : path + ""."" + p;"
71759,2949,35,2949,36,early return,logos::compiler::BorrowChecker::collect_ref_sources_paths,"return path.empty() ? p : path + ""."" + p;"
907,2949,39,2949,53,early return,logos::compiler::BorrowChecker::collect_ref_sources_paths,"return path.empty() ? p : path + ""."" + p;"
68169,2982,77,2985,10,call / statement,logos::compiler::BorrowChecker::collect_ref_sources_paths,"auto arg_retained_by_callee = [](const FlowSummary* fs, size_t idx) {"
68169,2983,20,2983,22,early return,logos::compiler::BorrowChecker::collect_ref_sources_paths,return fs && fs->available && idx < fs->nparams &&
68169,2983,20,2983,39,early return,logos::compiler::BorrowChecker::collect_ref_sources_paths,return fs && fs->available && idx < fs->nparams &&
68169,2983,20,2983,60,early return,logos::compiler::BorrowChecker::collect_ref_sources_paths,return fs && fs->available && idx < fs->nparams &&
32462,2983,26,2983,39,early return,logos::compiler::BorrowChecker::collect_ref_sources_paths,return fs && fs->available && idx < fs->nparams &&
32462,2983,43,2983,60,early return,logos::compiler::BorrowChecker::collect_ref_sources_paths,return fs && fs->available && idx < fs->nparams &&
32462,2984,20,2984,56,statement,logos::compiler::BorrowChecker::collect_ref_sources_paths,(fs->to_result & (1ull << idx)) != 0;
62796,3037,46,3081,10,statement,logos::compiler::BorrowChecker::collect_ref_sources_paths,[&](lir_view::ExprRef a) -> bool {
64079,3038,20,3038,21,loop body,logos::compiler::BorrowChecker::collect_ref_sources_paths,while (a && a.kind() == EC::Cast)
64079,3038,20,3038,45,loop body,logos::compiler::BorrowChecker::collect_ref_sources_paths,while (a && a.kind() == EC::Cast)
64079,3038,25,3038,45,loop body,logos::compiler::BorrowChecker::collect_ref_sources_paths,while (a && a.kind() == EC::Cast)
1283,3039,17,3039,53,statement,logos::compiler::BorrowChecker::collect_ref_sources_paths,a = lir_view::ECastView{a}.operand();
62796,3040,17,3040,19,if guard,logos::compiler::BorrowChecker::collect_ref_sources_paths,if (!a) return false;
0,3040,21,3040,33,if guard,logos::compiler::BorrowChecker::collect_ref_sources_paths,if (!a) return false;
62796,3041,13,3081,10,if guard,logos::compiler::BorrowChecker::collect_ref_sources_paths,if (a.kind() == EC::SliceLit || a.kind() == EC::AddrOf ||
62796,3041,17,3041,41,if guard,logos::compiler::BorrowChecker::collect_ref_sources_paths,if (a.kind() == EC::SliceLit || a.kind() == EC::AddrOf ||
62796,3041,17,3041,67,if guard,logos::compiler::BorrowChecker::collect_ref_sources_paths,if (a.kind() == EC::SliceLit || a.kind() == EC::AddrOf ||
62796,3041,17,3042,43,if guard,logos::compiler::BorrowChecker::collect_ref_sources_paths,if (a.kind() == EC::SliceLit || a.kind() == EC::AddrOf ||
62672,3041,45,3041,67,if guard,logos::compiler::BorrowChecker::collect_ref_sources_paths,if (a.kind() == EC::SliceLit || a.kind() == EC::AddrOf ||
62580,3042,17,3042,43,call / statement,logos::compiler::BorrowChecker::collect_ref_sources_paths,a.kind() == EC::AddrOfTemp)
285,3043,17,3043,28,early return,logos::compiler::BorrowChecker::collect_ref_sources_paths,return true;
62511,3050,13,3081,10,statement,logos::compiler::BorrowChecker::collect_ref_sources_paths,bool tied = false;
4,3052,13,3056,28,switch arm,logos::compiler::BorrowChecker::collect_ref_sources_paths,case EC::TupleLit:
8,3053,83,3055,18,call / statement,logos::compiler::BorrowChecker::collect_ref_sources_paths,lir_view::ETupleLitView{a}.each_elem([&](lir_view::ExprRef inner) {
8,3054,25,3054,30,if guard,logos::compiler::BorrowChecker::collect_ref_sources_paths,if (!tied && inner && forms_borrow_at_call(inner)) tied = true;
8,3054,25,3054,39,if guard,logos::compiler::BorrowChecker::collect_ref_sources_paths,if (!tied && inner && forms_borrow_at_call(inner)) tied = true;
8,3054,25,3054,70,if guard,logos::compiler::BorrowChecker::collect_ref_sources_paths,if (!tied && inner && forms_borrow_at_call(inner)) tied = true;
4,3054,34,3054,39,if guard,logos::compiler::BorrowChecker::collect_ref_sources_paths,if (!tied && inner && forms_borrow_at_call(inner)) tied = true;
4,3054,43,3054,70,if guard,logos::compiler::BorrowChecker::collect_ref_sources_paths,if (!tied && inner && forms_borrow_at_call(inner)) tied = true;
4,3054,72,3054,83,if guard,logos::compiler::BorrowChecker::collect_ref_sources_paths,if (!tied && inner && forms_borrow_at_call(inner)) tied = true;
10,3057,13,3062,28,switch arm,logos::compiler::BorrowChecker::collect_ref_sources_paths,case EC::StructLit:
26,3059,68,3061,22,statement,logos::compiler::BorrowChecker::collect_ref_sources_paths,"[&](std::string_view, lir_view::ExprRef inner) {"
26,3060,29,3060,34,if guard,logos::compiler::BorrowChecker::collect_ref_sources_paths,if (!tied && inner && forms_borrow_at_call(inner)) tied = true;
26,3060,29,3060,43,if guard,logos::compiler::BorrowChecker::collect_ref_sources_paths,if (!tied && inner && forms_borrow_at_call(inner)) tied = true;
26,3060,29,3060,74,if guard,logos::compiler::BorrowChecker::collect_ref_sources_paths,if (!tied && inner && forms_borrow_at_call(inner)) tied = true;
26,3060,38,3060,43,if guard,logos::compiler::BorrowChecker::collect_ref_sources_paths,if (!tied && inner && forms_borrow_at_call(inner)) tied = true;
26,3060,47,3060,74,if guard,logos::compiler::BorrowChecker::collect_ref_sources_paths,if (!tied && inner && forms_borrow_at_call(inner)) tied = true;
5,3060,76,3060,87,if guard,logos::compiler::BorrowChecker::collect_ref_sources_paths,if (!tied && inner && forms_borrow_at_call(inner)) tied = true;
4313,3063,13,3067,28,switch arm,logos::compiler::BorrowChecker::collect_ref_sources_paths,case EC::EnumLitData:
4313,3064,89,3066,18,call / statement,logos::compiler::BorrowChecker::collect_ref_sources_paths,lir_view::EEnumLitDataView{a}.each_payload([&](lir_view::ExprRef inner) {
4313,3065,25,3065,30,if guard,logos::compiler::BorrowChecker::collect_ref_sources_paths,if (!tied && inner && forms_borrow_at_call(inner)) tied = true;
4313,3065,25,3065,39,if guard,logos::compiler::BorrowChecker::collect_ref_sources_paths,if (!tied && inner && forms_borrow_at_call(inner)) tied = true;
4313,3065,25,3065,70,if guard,logos::compiler::BorrowChecker::collect_ref_sources_paths,if (!tied && inner && forms_borrow_at_call(inner)) tied = true;
4313,3065,34,3065,39,if guard,logos::compiler::BorrowChecker::collect_ref_sources_paths,if (!tied && inner && forms_borrow_at_call(inner)) tied = true;
4313,3065,43,3065,70,if guard,logos::compiler::BorrowChecker::collect_ref_sources_paths,if (!tied && inner && forms_borrow_at_call(inner)) tied = true;
3,3065,72,3065,83,if guard,logos::compiler::BorrowChecker::collect_ref_sources_paths,if (!tied && inner && forms_borrow_at_call(inner)) tied = true;
0,3068,13,3072,28,switch arm,logos::compiler::BorrowChecker::collect_ref_sources_paths,case EC::ArrLit:
0,3069,81,3071,18,call / statement,logos::compiler::BorrowChecker::collect_ref_sources_paths,lir_view::EArrLitView{a}.each_elem([&](lir_view::ExprRef inner) {
0,3070,25,3070,30,if guard,logos::compiler::BorrowChecker::collect_ref_sources_paths,if (!tied && inner && forms_borrow_at_call(inner)) tied = true;
0,3070,25,3070,39,if guard,logos::compiler::BorrowChecker::collect_ref_sources_paths,if (!tied && inner && forms_borrow_at_call(inner)) tied = true;
0,3070,25,3070,70,if guard,logos::compiler::BorrowChecker::collect_ref_sources_paths,if (!tied && inner && forms_borrow_at_call(inner)) tied = true;
0,3070,34,3070,39,if guard,logos::compiler::BorrowChecker::collect_ref_sources_paths,if (!tied && inner && forms_borrow_at_call(inner)) tied = true;
0,3070,43,3070,70,if guard,logos::compiler::BorrowChecker::collect_ref_sources_paths,if (!tied && inner && forms_borrow_at_call(inner)) tied = true;
0,3070,72,3070,83,if guard,logos::compiler::BorrowChecker::collect_ref_sources_paths,if (!tied && inner && forms_borrow_at_call(inner)) tied = true;
58184,3073,13,3073,27,switch arm,logos::compiler::BorrowChecker::collect_ref_sources_paths,default: break;
58184,3075,13,3081,10,if guard,logos::compiler::BorrowChecker::collect_ref_sources_paths,if (a.kind() != EC::Call) return false;
58184,3075,17,3075,37,if guard,logos::compiler::BorrowChecker::collect_ref_sources_paths,if (a.kind() != EC::Call) return false;
57876,3075,39,3075,51,if guard,logos::compiler::BorrowChecker::collect_ref_sources_paths,if (a.kind() != EC::Call) return false;
308,3076,13,3081,10,if guard,logos::compiler::BorrowChecker::collect_ref_sources_paths,if (!is_ref_kind(a.type(pool))) return false;
308,3076,17,3076,43,if guard,logos::compiler::BorrowChecker::collect_ref_sources_paths,if (!is_ref_kind(a.type(pool))) return false;
166,3076,45,3076,57,if guard,logos::compiler::BorrowChecker::collect_ref_sources_paths,if (!is_ref_kind(a.type(pool))) return false;
142,3077,13,3080,24,call / statement,logos::compiler::BorrowChecker::collect_ref_sources_paths,lir_view::ECallView{a}.each_arg([&](lir_view::ExprRef inner) {
236,3077,74,3079,14,call / statement,logos::compiler::BorrowChecker::collect_ref_sources_paths,lir_view::ECallView{a}.each_arg([&](lir_view::ExprRef inner) {
236,3078,21,3078,26,if guard,logos::compiler::BorrowChecker::collect_ref_sources_paths,if (!tied && inner && forms_borrow_at_call(inner)) tied = true;
236,3078,21,3078,35,if guard,logos::compiler::BorrowChecker::collect_ref_sources_paths,if (!tied && inner && forms_borrow_at_call(inner)) tied = true;
236,3078,21,3078,66,if guard,logos::compiler::BorrowChecker::collect_ref_sources_paths,if (!tied && inner && forms_borrow_at_call(inner)) tied = true;
150,3078,30,3078,35,if guard,logos::compiler::BorrowChecker::collect_ref_sources_paths,if (!tied && inner && forms_borrow_at_call(inner)) tied = true;
150,3078,39,3078,66,if guard,logos::compiler::BorrowChecker::collect_ref_sources_paths,if (!tied && inner && forms_borrow_at_call(inner)) tied = true;
88,3078,68,3078,79,if guard,logos::compiler::BorrowChecker::collect_ref_sources_paths,if (!tied && inner && forms_borrow_at_call(inner)) tied = true;
33147,3083,13,3087,23,switch arm,logos::compiler::BorrowChecker::collect_ref_sources_paths,case EC::AddrOf: {
33147,3085,21,3085,40,if guard,logos::compiler::BorrowChecker::collect_ref_sources_paths,"if (var_has(NO_SLOT, n) && !param_names_.count(n))"
33147,3085,21,3085,66,if guard,logos::compiler::BorrowChecker::collect_ref_sources_paths,"if (var_has(NO_SLOT, n) && !param_names_.count(n))"
33138,3085,44,3085,66,if guard,logos::compiler::BorrowChecker::collect_ref_sources_paths,"if (var_has(NO_SLOT, n) && !param_names_.count(n))"
32832,3086,21,3086,39,statement,logos::compiler::BorrowChecker::collect_ref_sources_paths,emit(std::move(n));
34765,3089,13,3554,23,switch arm,logos::compiler::BorrowChecker::collect_ref_sources_paths,case EC::AddrOfTemp: {
34765,3093,21,3093,36,if guard,logos::compiler::BorrowChecker::collect_ref_sources_paths,"if (bp.root.empty() || !var_has(bp.root_slot, bp.root) ||"
34765,3093,21,3093,71,if guard,logos::compiler::BorrowChecker::collect_ref_sources_paths,"if (bp.root.empty() || !var_has(bp.root_slot, bp.root) ||"
34765,3093,21,3094,48,if guard,logos::compiler::BorrowChecker::collect_ref_sources_paths,"if (bp.root.empty() || !var_has(bp.root_slot, bp.root) ||"
24470,3093,40,3093,71,if guard,logos::compiler::BorrowChecker::collect_ref_sources_paths,"if (bp.root.empty() || !var_has(bp.root_slot, bp.root) ||"
24463,3094,21,3094,48,statement,logos::compiler::BorrowChecker::collect_ref_sources_paths,param_names_.count(bp.root)) return;
23880,3094,50,3094,56,statement,logos::compiler::BorrowChecker::collect_ref_sources_paths,param_names_.count(bp.root)) return;
10885,3124,17,3554,23,if guard,logos::compiler::BorrowChecker::collect_ref_sources_paths,if (bp.through_ref) {
10885,3124,21,3124,35,if guard,logos::compiler::BorrowChecker::collect_ref_sources_paths,if (bp.through_ref) {
8011,3124,37,3128,18,if guard,logos::compiler::BorrowChecker::collect_ref_sources_paths,if (bp.through_ref) {
113,3126,64,3126,75,loop body,logos::compiler::BorrowChecker::collect_ref_sources_paths,for (auto& s : ref_sources_under(bp.root)) emit_src(s);
2874,3129,17,3130,23,statement,logos::compiler::BorrowChecker::collect_ref_sources_paths,emit(bp.root);
18165,3132,13,3138,23,switch arm,logos::compiler::BorrowChecker::collect_ref_sources_paths,case EC::StructLit:
58407,3134,71,3137,22,statement,logos::compiler::BorrowChecker::collect_ref_sources_paths,"[&](std::string_view fname, lir_view::ExprRef fv) {"
58407,3136,33,3136,46,statement,logos::compiler::BorrowChecker::collect_ref_sources_paths,"fv, fname.empty() ? path : sub(std::string(fname)), out);"
0,3136,49,3136,53,statement,logos::compiler::BorrowChecker::collect_ref_sources_paths,"fv, fname.empty() ? path : sub(std::string(fname)), out);"
58407,3136,56,3136,79,statement,logos::compiler::BorrowChecker::collect_ref_sources_paths,"fv, fname.empty() ? path : sub(std::string(fname)), out);"
7714,3139,13,3145,23,switch arm,logos::compiler::BorrowChecker::collect_ref_sources_paths,case EC::TupleLit: {
14259,3142,47,3144,22,statement,logos::compiler::BorrowChecker::collect_ref_sources_paths,[&](lir_view::ExprRef fv) {
7688,3147,13,3152,23,switch arm,logos::compiler::BorrowChecker::collect_ref_sources_paths,case EC::ArrLit:
45869,3151,47,3151,92,statement,logos::compiler::BorrowChecker::collect_ref_sources_paths,"[&](lir_view::ExprRef fv) { collect_ref_sources_paths(fv, path, out); });"
64026,3153,13,3155,23,switch arm,logos::compiler::BorrowChecker::collect_ref_sources_paths,case EC::Cast:
155547,3156,13,3195,23,switch arm,logos::compiler::BorrowChecker::collect_ref_sources_paths,case EC::MethodCall: {
155547,3164,30,3164,36,statement,logos::compiler::BorrowChecker::collect_ref_sources_paths,bool fat   = !plain && is_ref_kind(rt);
152921,3164,40,3164,55,statement,logos::compiler::BorrowChecker::collect_ref_sources_paths,bool fat   = !plain && is_ref_kind(rt);
155547,3173,32,3173,34,statement,logos::compiler::BorrowChecker::collect_ref_sources_paths,bool by_flow = fs && fs->available && fs->to_result != 0 &&
155547,3173,32,3173,51,statement,logos::compiler::BorrowChecker::collect_ref_sources_paths,bool by_flow = fs && fs->available && fs->to_result != 0 &&
155547,3173,32,3173,73,statement,logos::compiler::BorrowChecker::collect_ref_sources_paths,bool by_flow = fs && fs->available && fs->to_result != 0 &&
72661,3173,38,3173,51,statement,logos::compiler::BorrowChecker::collect_ref_sources_paths,bool by_flow = fs && fs->available && fs->to_result != 0 &&
72661,3173,55,3173,73,statement,logos::compiler::BorrowChecker::collect_ref_sources_paths,bool by_flow = fs && fs->available && fs->to_result != 0 &&
16850,3174,32,3174,57,statement,logos::compiler::BorrowChecker::collect_ref_sources_paths,type_may_carry_borrow(rt);
155547,3175,21,3175,26,if guard,logos::compiler::BorrowChecker::collect_ref_sources_paths,if (plain || bc || (fat && result_borrows_self(v)) || by_flow) {
155547,3175,21,3175,32,if guard,logos::compiler::BorrowChecker::collect_ref_sources_paths,if (plain || bc || (fat && result_borrows_self(v)) || by_flow) {
155547,3175,21,3175,67,if guard,logos::compiler::BorrowChecker::collect_ref_sources_paths,if (plain || bc || (fat && result_borrows_self(v)) || by_flow) {
155547,3175,21,3175,78,if guard,logos::compiler::BorrowChecker::collect_ref_sources_paths,if (plain || bc || (fat && result_borrows_self(v)) || by_flow) {
152921,3175,30,3175,32,if guard,logos::compiler::BorrowChecker::collect_ref_sources_paths,if (plain || bc || (fat && result_borrows_self(v)) || by_flow) {
147588,3175,36,3175,67,if guard,logos::compiler::BorrowChecker::collect_ref_sources_paths,if (plain || bc || (fat && result_borrows_self(v)) || by_flow) {
147588,3175,37,3175,40,if guard,logos::compiler::BorrowChecker::collect_ref_sources_paths,if (plain || bc || (fat && result_borrows_self(v)) || by_flow) {
2297,3175,44,3175,66,if guard,logos::compiler::BorrowChecker::collect_ref_sources_paths,if (plain || bc || (fat && result_borrows_self(v)) || by_flow) {
145489,3175,71,3175,78,if guard,logos::compiler::BorrowChecker::collect_ref_sources_paths,if (plain || bc || (fat && result_borrows_self(v)) || by_flow) {
20212,3175,80,3194,18,if guard,logos::compiler::BorrowChecker::collect_ref_sources_paths,if (plain || bc || (fat && result_borrows_self(v)) || by_flow) {
20212,3177,25,3177,30,if guard,logos::compiler::BorrowChecker::collect_ref_sources_paths,if (plain || bc || (fat && result_borrows_self(v)) ||
20212,3177,25,3177,36,if guard,logos::compiler::BorrowChecker::collect_ref_sources_paths,if (plain || bc || (fat && result_borrows_self(v)) ||
20212,3177,25,3177,71,if guard,logos::compiler::BorrowChecker::collect_ref_sources_paths,if (plain || bc || (fat && result_borrows_self(v)) ||
20212,3177,25,3178,54,if guard,logos::compiler::BorrowChecker::collect_ref_sources_paths,if (plain || bc || (fat && result_borrows_self(v)) ||
17586,3177,34,3177,36,if guard,logos::compiler::BorrowChecker::collect_ref_sources_paths,if (plain || bc || (fat && result_borrows_self(v)) ||
12253,3177,40,3177,71,if guard,logos::compiler::BorrowChecker::collect_ref_sources_paths,if (plain || bc || (fat && result_borrows_self(v)) ||
12253,3177,41,3177,44,if guard,logos::compiler::BorrowChecker::collect_ref_sources_paths,if (plain || bc || (fat && result_borrows_self(v)) ||
2113,3177,48,3177,70,if guard,logos::compiler::BorrowChecker::collect_ref_sources_paths,if (plain || bc || (fat && result_borrows_self(v)) ||
10154,3178,25,3178,54,call / statement,logos::compiler::BorrowChecker::collect_ref_sources_paths,"arg_retained_by_callee(fs, 0))"
20190,3179,25,3179,75,statement,logos::compiler::BorrowChecker::collect_ref_sources_paths,"collect_ref_sources_paths(v.receiver(), path, out);"
4924,3181,57,3193,22,call / statement,logos::compiler::BorrowChecker::collect_ref_sources_paths,v.each_arg([&](lir_view::ExprRef a) {
4924,3188,29,3188,30,if guard,logos::compiler::BorrowChecker::collect_ref_sources_paths,if (a && (is_plain_ref_kind(a.type(pool)) ||
4924,3188,29,3191,65,if guard,logos::compiler::BorrowChecker::collect_ref_sources_paths,if (a && (is_plain_ref_kind(a.type(pool)) ||
4924,3188,34,3191,65,if guard,logos::compiler::BorrowChecker::collect_ref_sources_paths,if (a && (is_plain_ref_kind(a.type(pool)) ||
4924,3188,35,3188,66,if guard,logos::compiler::BorrowChecker::collect_ref_sources_paths,if (a && (is_plain_ref_kind(a.type(pool)) ||
4924,3188,35,3189,72,if guard,logos::compiler::BorrowChecker::collect_ref_sources_paths,if (a && (is_plain_ref_kind(a.type(pool)) ||
4924,3188,35,3190,58,if guard,logos::compiler::BorrowChecker::collect_ref_sources_paths,if (a && (is_plain_ref_kind(a.type(pool)) ||
4833,3189,35,3189,72,statement,logos::compiler::BorrowChecker::collect_ref_sources_paths,is_borrow_carrying_type(a.type(pool)) ||
4320,3190,35,3190,58,statement,logos::compiler::BorrowChecker::collect_ref_sources_paths,forms_borrow_at_call(a) ||
4320,3191,35,3191,64,call / statement,logos::compiler::BorrowChecker::collect_ref_sources_paths,"arg_retained_by_callee(fs, i)))"
626,3192,29,3192,68,statement,logos::compiler::BorrowChecker::collect_ref_sources_paths,"collect_ref_sources_paths(a, path, out);"
1007213,3197,13,3200,23,switch arm,logos::compiler::BorrowChecker::collect_ref_sources_paths,case EC::EnumLitData:
1007301,3199,47,3199,92,statement,logos::compiler::BorrowChecker::collect_ref_sources_paths,"[&](lir_view::ExprRef pl) { collect_ref_sources_paths(pl, path, out); });"
24449,3228,13,3232,23,switch arm,logos::compiler::BorrowChecker::collect_ref_sources_paths,case EC::FieldRead:
24449,3229,21,3229,56,if guard,logos::compiler::BorrowChecker::collect_ref_sources_paths,if (type_may_carry_borrow(e.type(pool)))
1284,3230,21,3231,75,statement,logos::compiler::BorrowChecker::collect_ref_sources_paths,collect_ref_sources_paths(
14505,3247,13,3251,23,switch arm,logos::compiler::BorrowChecker::collect_ref_sources_paths,case EC::TupleIndex:
14505,3248,21,3248,56,if guard,logos::compiler::BorrowChecker::collect_ref_sources_paths,if (type_may_carry_borrow(e.type(pool)))
5303,3249,21,3250,76,statement,logos::compiler::BorrowChecker::collect_ref_sources_paths,collect_ref_sources_paths(
6152,3252,13,3256,23,switch arm,logos::compiler::BorrowChecker::collect_ref_sources_paths,case EC::IndexRead:
6152,3253,21,3253,56,if guard,logos::compiler::BorrowChecker::collect_ref_sources_paths,if (type_may_carry_borrow(e.type(pool)))
1721,3254,21,3255,75,statement,logos::compiler::BorrowChecker::collect_ref_sources_paths,collect_ref_sources_paths(
322,3282,13,3285,23,switch arm,logos::compiler::BorrowChecker::collect_ref_sources_paths,case EC::SliceLit:
807,3286,13,3290,23,switch arm,logos::compiler::BorrowChecker::collect_ref_sources_paths,case EC::SliceIndex:
807,3287,21,3287,56,if guard,logos::compiler::BorrowChecker::collect_ref_sources_paths,if (type_may_carry_borrow(e.type(pool)))
103,3288,21,3289,73,statement,logos::compiler::BorrowChecker::collect_ref_sources_paths,collect_ref_sources_paths(
3751,3292,13,3296,23,switch arm,logos::compiler::BorrowChecker::collect_ref_sources_paths,case EC::IfExpr: {
44831,3298,13,3303,23,switch arm,logos::compiler::BorrowChecker::collect_ref_sources_paths,case EC::BlockExpr:
4318,3344,13,3349,23,switch arm,logos::compiler::BorrowChecker::collect_ref_sources_paths,case EC::MatchExpr:
8678,3346,53,3348,22,statement,logos::compiler::BorrowChecker::collect_ref_sources_paths,[&](lir_view::EMatchArmRef arm) {
0,3379,13,3381,23,switch arm,logos::compiler::BorrowChecker::collect_ref_sources_paths,case EC::Try:
1444,3382,13,3554,23,switch arm,logos::compiler::BorrowChecker::collect_ref_sources_paths,case EC::Deref:
1444,3403,21,3403,57,if guard,logos::compiler::BorrowChecker::collect_ref_sources_paths,if (!type_may_carry_borrow(e.type(pool))) return;
1368,3403,59,3403,65,if guard,logos::compiler::BorrowChecker::collect_ref_sources_paths,if (!type_may_carry_borrow(e.type(pool))) return;
76,3404,17,3554,23,statement,logos::compiler::BorrowChecker::collect_ref_sources_paths,{
76,3406,34,3406,36,statement,logos::compiler::BorrowChecker::collect_ref_sources_paths,TypeRef ot = op ? op.type(pool) : TypeRef(nullptr);
76,3406,39,3406,52,statement,logos::compiler::BorrowChecker::collect_ref_sources_paths,TypeRef ot = op ? op.type(pool) : TypeRef(nullptr);
0,3406,55,3406,71,statement,logos::compiler::BorrowChecker::collect_ref_sources_paths,TypeRef ot = op ? op.type(pool) : TypeRef(nullptr);
76,3407,25,3407,27,if guard,logos::compiler::BorrowChecker::collect_ref_sources_paths,if (ot && ot.kind() == LogosType::Kind::Ptr) return;
76,3407,25,3407,64,if guard,logos::compiler::BorrowChecker::collect_ref_sources_paths,if (ot && ot.kind() == LogosType::Kind::Ptr) return;
76,3407,31,3407,64,if guard,logos::compiler::BorrowChecker::collect_ref_sources_paths,if (ot && ot.kind() == LogosType::Kind::Ptr) return;
50,3407,66,3407,72,if guard,logos::compiler::BorrowChecker::collect_ref_sources_paths,if (ot && ot.kind() == LogosType::Kind::Ptr) return;
26,3408,21,3410,23,statement,logos::compiler::BorrowChecker::collect_ref_sources_paths,"collect_ref_sources_paths(op, path, out);"
944,3419,13,3554,23,switch arm,logos::compiler::BorrowChecker::collect_ref_sources_paths,case EC::ClosureCall:
1360,3420,13,3554,23,switch arm,logos::compiler::BorrowChecker::collect_ref_sources_paths,case EC::FnPtrCall: {
1360,3422,21,3422,37,if guard,logos::compiler::BorrowChecker::collect_ref_sources_paths,if (!is_ref_kind(rt) && !is_borrow_carrying_type(rt)) return;
1360,3422,21,3422,69,if guard,logos::compiler::BorrowChecker::collect_ref_sources_paths,if (!is_ref_kind(rt) && !is_borrow_carrying_type(rt)) return;
1339,3422,41,3422,69,if guard,logos::compiler::BorrowChecker::collect_ref_sources_paths,if (!is_ref_kind(rt) && !is_borrow_carrying_type(rt)) return;
1321,3422,71,3422,77,if guard,logos::compiler::BorrowChecker::collect_ref_sources_paths,if (!is_ref_kind(rt) && !is_borrow_carrying_type(rt)) return;
39,3423,17,3554,23,statement,logos::compiler::BorrowChecker::collect_ref_sources_paths,const auto* caps = closure_caps_of(call_callee(e));
39,3424,21,3424,25,if guard,logos::compiler::BorrowChecker::collect_ref_sources_paths,if (caps) {
12,3424,27,3428,18,if guard,logos::compiler::BorrowChecker::collect_ref_sources_paths,if (caps) {
12,3426,25,3426,83,if guard,logos::compiler::BorrowChecker::collect_ref_sources_paths,"if (var_has(NO_SLOT, c) && !param_names_.count(c)) emit(c);"
12,3426,29,3426,48,if guard,logos::compiler::BorrowChecker::collect_ref_sources_paths,"if (var_has(NO_SLOT, c) && !param_names_.count(c)) emit(c);"
12,3426,29,3426,74,if guard,logos::compiler::BorrowChecker::collect_ref_sources_paths,"if (var_has(NO_SLOT, c) && !param_names_.count(c)) emit(c);"
12,3426,52,3426,74,if guard,logos::compiler::BorrowChecker::collect_ref_sources_paths,"if (var_has(NO_SLOT, c) && !param_names_.count(c)) emit(c);"
12,3426,76,3426,83,if guard,logos::compiler::BorrowChecker::collect_ref_sources_paths,"if (var_has(NO_SLOT, c) && !param_names_.count(c)) emit(c);"
27,3429,17,3508,23,if guard,logos::compiler::BorrowChecker::collect_ref_sources_paths,if (e.kind() == EC::FnPtrCall) {
27,3429,21,3429,46,if guard,logos::compiler::BorrowChecker::collect_ref_sources_paths,if (e.kind() == EC::FnPtrCall) {
26,3429,48,3507,18,if guard,logos::compiler::BorrowChecker::collect_ref_sources_paths,if (e.kind() == EC::FnPtrCall) {
27,3498,83,3506,22,call / statement,logos::compiler::BorrowChecker::collect_ref_sources_paths,lir_view::EFnPtrCallView{e}.each_arg([&](lir_view::ExprRef a) {
27,3500,29,3500,30,if guard,logos::compiler::BorrowChecker::collect_ref_sources_paths,if (a && (is_plain_ref_kind(a.type(pool)) ||
27,3500,29,3504,65,if guard,logos::compiler::BorrowChecker::collect_ref_sources_paths,if (a && (is_plain_ref_kind(a.type(pool)) ||
27,3500,34,3504,65,if guard,logos::compiler::BorrowChecker::collect_ref_sources_paths,if (a && (is_plain_ref_kind(a.type(pool)) ||
27,3500,35,3500,66,if guard,logos::compiler::BorrowChecker::collect_ref_sources_paths,if (a && (is_plain_ref_kind(a.type(pool)) ||
27,3500,35,3501,72,if guard,logos::compiler::BorrowChecker::collect_ref_sources_paths,if (a && (is_plain_ref_kind(a.type(pool)) ||
27,3500,35,3502,58,if guard,logos::compiler::BorrowChecker::collect_ref_sources_paths,if (a && (is_plain_ref_kind(a.type(pool)) ||
27,3500,35,3503,69,if guard,logos::compiler::BorrowChecker::collect_ref_sources_paths,if (a && (is_plain_ref_kind(a.type(pool)) ||
8,3501,35,3501,72,statement,logos::compiler::BorrowChecker::collect_ref_sources_paths,is_borrow_carrying_type(a.type(pool)) ||
8,3502,35,3502,58,statement,logos::compiler::BorrowChecker::collect_ref_sources_paths,forms_borrow_at_call(a) ||
8,3503,35,3503,69,statement,logos::compiler::BorrowChecker::collect_ref_sources_paths,(!fs && is_ref_kind(a.type(pool))) ||
8,3503,36,3503,39,statement,logos::compiler::BorrowChecker::collect_ref_sources_paths,(!fs && is_ref_kind(a.type(pool))) ||
3,3503,43,3503,68,statement,logos::compiler::BorrowChecker::collect_ref_sources_paths,(!fs && is_ref_kind(a.type(pool))) ||
5,3504,35,3504,64,call / statement,logos::compiler::BorrowChecker::collect_ref_sources_paths,"arg_retained_by_callee(fs, i)))"
25,3505,29,3505,68,statement,logos::compiler::BorrowChecker::collect_ref_sources_paths,"collect_ref_sources_paths(a, path, out);"
192105,3510,13,3543,23,switch arm,logos::compiler::BorrowChecker::collect_ref_sources_paths,case EC::Call: {
192105,3530,21,3530,56,if guard,logos::compiler::BorrowChecker::collect_ref_sources_paths,if (type_may_carry_borrow(e.type(pool))) {
35405,3530,58,3542,18,if guard,logos::compiler::BorrowChecker::collect_ref_sources_paths,if (type_may_carry_borrow(e.type(pool))) {
64514,3533,57,3541,22,call / statement,logos::compiler::BorrowChecker::collect_ref_sources_paths,v.each_arg([&](lir_view::ExprRef a) {
64514,3536,29,3536,30,if guard,logos::compiler::BorrowChecker::collect_ref_sources_paths,if (a && (is_plain_ref_kind(a.type(pool)) ||
64514,3536,29,3539,65,if guard,logos::compiler::BorrowChecker::collect_ref_sources_paths,if (a && (is_plain_ref_kind(a.type(pool)) ||
64514,3536,34,3539,65,if guard,logos::compiler::BorrowChecker::collect_ref_sources_paths,if (a && (is_plain_ref_kind(a.type(pool)) ||
64514,3536,35,3536,66,if guard,logos::compiler::BorrowChecker::collect_ref_sources_paths,if (a && (is_plain_ref_kind(a.type(pool)) ||
64514,3536,35,3537,72,if guard,logos::compiler::BorrowChecker::collect_ref_sources_paths,if (a && (is_plain_ref_kind(a.type(pool)) ||
64514,3536,35,3538,58,if guard,logos::compiler::BorrowChecker::collect_ref_sources_paths,if (a && (is_plain_ref_kind(a.type(pool)) ||
56309,3537,35,3537,72,statement,logos::compiler::BorrowChecker::collect_ref_sources_paths,is_borrow_carrying_type(a.type(pool)) ||
53975,3538,35,3538,58,statement,logos::compiler::BorrowChecker::collect_ref_sources_paths,forms_borrow_at_call(a) ||
53690,3539,35,3539,64,call / statement,logos::compiler::BorrowChecker::collect_ref_sources_paths,"arg_retained_by_callee(fs, i)))"
22598,3540,29,3540,68,statement,logos::compiler::BorrowChecker::collect_ref_sources_paths,"collect_ref_sources_paths(a, path, out);"
12474483,3548,13,3551,23,switch arm,logos::compiler::BorrowChecker::collect_ref_sources_paths,case EC::VarRef: {
2689,3550,54,3550,65,loop body,logos::compiler::BorrowChecker::collect_ref_sources_paths,for (auto& s : ref_sources_under(n)) emit_src(s);
2299972,3553,13,3554,23,switch arm,logos::compiler::BorrowChecker::collect_ref_sources_paths,default:
10595507,3561,67,3567,6,statement,logos::compiler::BorrowChecker::collect_ref_sources,std::vector<std::string>& out) const {
19879,3565,13,3566,46,if guard,logos::compiler::BorrowChecker::collect_ref_sources,"if (std::find(out.begin(), out.end(), pr.second.name) == out.end())"
19879,3565,17,3565,79,if guard,logos::compiler::BorrowChecker::collect_ref_sources,"if (std::find(out.begin(), out.end(), pr.second.name) == out.end())"
19879,3566,17,3566,46,statement,logos::compiler::BorrowChecker::collect_ref_sources,out.push_back(pr.second.name);
808,3574,79,3579,6,call / statement,logos::compiler::BorrowChecker::path_prefix_or_eq,"static bool path_prefix_or_eq(const std::string& a, const std::string& b) {"
808,3575,13,3575,22,if guard,logos::compiler::BorrowChecker::path_prefix_or_eq,if (a.empty()) return true;  // whole-value covers everything
3,3575,24,3575,35,if guard,logos::compiler::BorrowChecker::path_prefix_or_eq,if (a.empty()) return true;  // whole-value covers everything
805,3576,9,3579,6,if guard,logos::compiler::BorrowChecker::path_prefix_or_eq,if (b.size() < a.size()) return false;
805,3576,13,3576,32,if guard,logos::compiler::BorrowChecker::path_prefix_or_eq,if (b.size() < a.size()) return false;
146,3576,34,3576,46,if guard,logos::compiler::BorrowChecker::path_prefix_or_eq,if (b.size() < a.size()) return false;
659,3577,9,3579,6,if guard,logos::compiler::BorrowChecker::path_prefix_or_eq,"if (b.compare(0, a.size(), a) != 0) return false;"
659,3577,13,3577,43,if guard,logos::compiler::BorrowChecker::path_prefix_or_eq,"if (b.compare(0, a.size(), a) != 0) return false;"
578,3577,45,3577,57,if guard,logos::compiler::BorrowChecker::path_prefix_or_eq,"if (b.compare(0, a.size(), a) != 0) return false;"
81,3578,9,3578,58,early return,logos::compiler::BorrowChecker::path_prefix_or_eq,return b.size() == a.size() || b[a.size()] == '.';
81,3578,16,3578,36,early return,logos::compiler::BorrowChecker::path_prefix_or_eq,return b.size() == a.size() || b[a.size()] == '.';
18,3578,40,3578,58,early return,logos::compiler::BorrowChecker::path_prefix_or_eq,return b.size() == a.size() || b[a.size()] == '.';
436,3580,75,3582,6,call / statement,logos::compiler::BorrowChecker::paths_overlap,"static bool paths_overlap(const std::string& a, const std::string& b) {"
436,3581,16,3581,39,early return,logos::compiler::BorrowChecker::paths_overlap,"return path_prefix_or_eq(a, b) || path_prefix_or_eq(b, a);"
363,3581,43,3581,66,early return,logos::compiler::BorrowChecker::paths_overlap,"return path_prefix_or_eq(a, b) || path_prefix_or_eq(b, a);"
21976009,3584,58,3587,6,call / statement,logos::compiler::BorrowChecker::fmt_path,const std::string& path) {
21976009,3585,13,3585,25,if guard,logos::compiler::BorrowChecker::fmt_path,if (path.empty()) return target;
21372708,3585,27,3585,40,if guard,logos::compiler::BorrowChecker::fmt_path,if (path.empty()) return target;
603301,3586,9,3586,35,early return,logos::compiler::BorrowChecker::fmt_path,"return target + ""."" + path;"
30490618,3601,66,3623,6,call / statement,logos::compiler::BorrowChecker::field_borrow_conflicts,"uint32_t line, const char* verb) {"
166,3602,46,3609,10,loop body,logos::compiler::BorrowChecker::field_borrow_conflicts,for (auto& p : st.mut_field_borrows) {
166,3603,17,3603,29,if guard,logos::compiler::BorrowChecker::field_borrow_conflicts,"if (path.empty() || paths_overlap(path, p)) {"
166,3603,17,3603,55,if guard,logos::compiler::BorrowChecker::field_borrow_conflicts,"if (path.empty() || paths_overlap(path, p)) {"
161,3603,33,3603,55,if guard,logos::compiler::BorrowChecker::field_borrow_conflicts,"if (path.empty() || paths_overlap(path, p)) {"
25,3603,57,3608,14,if guard,logos::compiler::BorrowChecker::field_borrow_conflicts,"if (path.empty() || paths_overlap(path, p)) {"
30490593,3610,9,3623,6,if guard,logos::compiler::BorrowChecker::field_borrow_conflicts,if (need_exclusive) {
30490593,3610,13,3610,27,if guard,logos::compiler::BorrowChecker::field_borrow_conflicts,if (need_exclusive) {
1035217,3610,29,3621,10,if guard,logos::compiler::BorrowChecker::field_borrow_conflicts,if (need_exclusive) {
13,3611,58,3620,14,loop body,logos::compiler::BorrowChecker::field_borrow_conflicts,"for (auto& [p, c] : st.shared_field_borrows) {"
13,3613,21,3613,27,if guard,logos::compiler::BorrowChecker::field_borrow_conflicts,"if (c <= 0 && !logos::probe::on(""sharedzero_live"")) continue;"
13,3613,21,3613,67,if guard,logos::compiler::BorrowChecker::field_borrow_conflicts,"if (c <= 0 && !logos::probe::on(""sharedzero_live"")) continue;"
1,3613,31,3613,67,if guard,logos::compiler::BorrowChecker::field_borrow_conflicts,"if (c <= 0 && !logos::probe::on(""sharedzero_live"")) continue;"
1,3613,69,3613,77,if guard,logos::compiler::BorrowChecker::field_borrow_conflicts,"if (c <= 0 && !logos::probe::on(""sharedzero_live"")) continue;"
12,3614,17,3620,14,if guard,logos::compiler::BorrowChecker::field_borrow_conflicts,"if (path.empty() || paths_overlap(path, p)) {"
12,3614,21,3614,33,if guard,logos::compiler::BorrowChecker::field_borrow_conflicts,"if (path.empty() || paths_overlap(path, p)) {"
12,3614,21,3614,59,if guard,logos::compiler::BorrowChecker::field_borrow_conflicts,"if (path.empty() || paths_overlap(path, p)) {"
4,3614,37,3614,59,if guard,logos::compiler::BorrowChecker::field_borrow_conflicts,"if (path.empty() || paths_overlap(path, p)) {"
11,3614,61,3619,18,if guard,logos::compiler::BorrowChecker::field_borrow_conflicts,"if (path.empty() || paths_overlap(path, p)) {"
30490582,3622,9,3622,21,early return,logos::compiler::BorrowChecker::field_borrow_conflicts,return false;
582893,3628,60,3711,6,call / statement,logos::compiler::BorrowChecker::take_field_borrow_path_,"const std::string& holder = """") {"
582893,3630,13,3630,26,if guard,logos::compiler::BorrowChecker::take_field_borrow_path_,if (it == nullptr) return;
3,3630,28,3630,34,if guard,logos::compiler::BorrowChecker::take_field_borrow_path_,if (it == nullptr) return;
582890,3631,9,3711,6,statement,logos::compiler::BorrowChecker::take_field_borrow_path_,"std::string self_disp = fmt_path(target, path);"
582890,3633,13,3633,29,if guard,logos::compiler::BorrowChecker::take_field_borrow_path_,if (it->mut_borrowed) {
5,3633,31,3638,10,if guard,logos::compiler::BorrowChecker::take_field_borrow_path_,if (it->mut_borrowed) {
582885,3639,9,3711,6,if guard,logos::compiler::BorrowChecker::take_field_borrow_path_,if (is_mut && it->shared_borrows > 0) {
582885,3639,13,3639,19,if guard,logos::compiler::BorrowChecker::take_field_borrow_path_,if (is_mut && it->shared_borrows > 0) {
582885,3639,13,3639,45,if guard,logos::compiler::BorrowChecker::take_field_borrow_path_,if (is_mut && it->shared_borrows > 0) {
6860,3639,23,3639,45,if guard,logos::compiler::BorrowChecker::take_field_borrow_path_,if (is_mut && it->shared_borrows > 0) {
0,3639,47,3644,10,if guard,logos::compiler::BorrowChecker::take_field_borrow_path_,if (is_mut && it->shared_borrows > 0) {
582885,3650,9,3711,6,statement,logos::compiler::BorrowChecker::take_field_borrow_path_,bool root_is_mut_ref = root_type &&
582885,3650,32,3650,41,statement,logos::compiler::BorrowChecker::take_field_borrow_path_,bool root_is_mut_ref = root_type &&
582885,3651,13,3651,65,statement,logos::compiler::BorrowChecker::take_field_borrow_path_,TypeRef(root_type).kind() == LogosType::Kind::MutRef;
582885,3652,35,3652,44,statement,logos::compiler::BorrowChecker::take_field_borrow_path_,bool root_is_shared_ref = root_type &&
582885,3653,13,3653,62,statement,logos::compiler::BorrowChecker::take_field_borrow_path_,TypeRef(root_type).kind() == LogosType::Kind::Ref;
582885,3654,13,3654,19,if guard,logos::compiler::BorrowChecker::take_field_borrow_path_,if (is_mut && root_is_shared_ref) {
582885,3654,13,3654,41,if guard,logos::compiler::BorrowChecker::take_field_borrow_path_,if (is_mut && root_is_shared_ref) {
6860,3654,23,3654,41,if guard,logos::compiler::BorrowChecker::take_field_borrow_path_,if (is_mut && root_is_shared_ref) {
0,3654,43,3659,10,if guard,logos::compiler::BorrowChecker::take_field_borrow_path_,if (is_mut && root_is_shared_ref) {
582885,3661,9,3711,6,if guard,logos::compiler::BorrowChecker::take_field_borrow_path_,if (is_mut && !root_is_mut_ref && !root_is_shared_ref &&
582885,3661,13,3661,19,if guard,logos::compiler::BorrowChecker::take_field_borrow_path_,if (is_mut && !root_is_mut_ref && !root_is_shared_ref &&
582885,3661,13,3661,39,if guard,logos::compiler::BorrowChecker::take_field_borrow_path_,if (is_mut && !root_is_mut_ref && !root_is_shared_ref &&
582885,3661,13,3661,62,if guard,logos::compiler::BorrowChecker::take_field_borrow_path_,if (is_mut && !root_is_mut_ref && !root_is_shared_ref &&
582885,3661,13,3662,32,if guard,logos::compiler::BorrowChecker::take_field_borrow_path_,if (is_mut && !root_is_mut_ref && !root_is_shared_ref &&
582885,3661,13,3662,63,if guard,logos::compiler::BorrowChecker::take_field_borrow_path_,if (is_mut && !root_is_mut_ref && !root_is_shared_ref &&
6860,3661,23,3661,39,if guard,logos::compiler::BorrowChecker::take_field_borrow_path_,if (is_mut && !root_is_mut_ref && !root_is_shared_ref &&
348,3661,43,3661,62,if guard,logos::compiler::BorrowChecker::take_field_borrow_path_,if (is_mut && !root_is_mut_ref && !root_is_shared_ref &&
348,3662,13,3662,32,statement,logos::compiler::BorrowChecker::take_field_borrow_path_,!it->is_mut_binding && !param_names_.count(target)) {
15,3662,36,3662,63,statement,logos::compiler::BorrowChecker::take_field_borrow_path_,!it->is_mut_binding && !param_names_.count(target)) {
6,3662,65,3667,10,statement,logos::compiler::BorrowChecker::take_field_borrow_path_,!it->is_mut_binding && !param_names_.count(target)) {
582879,3684,9,3711,6,statement,logos::compiler::BorrowChecker::take_field_borrow_path_,"(void)logos::probe::on(""sharedzero_reach"");"
325,3685,55,3694,10,loop body,logos::compiler::BorrowChecker::take_field_borrow_path_,"for (auto& [p, c] : it->shared_field_borrows) {"
325,3687,17,3687,23,if guard,logos::compiler::BorrowChecker::take_field_borrow_path_,"if (c <= 0 && !logos::probe::on(""sharedzero_live"")) continue;"
325,3687,17,3687,63,if guard,logos::compiler::BorrowChecker::take_field_borrow_path_,"if (c <= 0 && !logos::probe::on(""sharedzero_live"")) continue;"
144,3687,27,3687,63,if guard,logos::compiler::BorrowChecker::take_field_borrow_path_,"if (c <= 0 && !logos::probe::on(""sharedzero_live"")) continue;"
144,3687,65,3687,73,if guard,logos::compiler::BorrowChecker::take_field_borrow_path_,"if (c <= 0 && !logos::probe::on(""sharedzero_live"")) continue;"
181,3688,13,3694,10,if guard,logos::compiler::BorrowChecker::take_field_borrow_path_,"if (paths_overlap(path, p) && is_mut) {"
181,3688,17,3688,39,if guard,logos::compiler::BorrowChecker::take_field_borrow_path_,"if (paths_overlap(path, p) && is_mut) {"
181,3688,17,3688,49,if guard,logos::compiler::BorrowChecker::take_field_borrow_path_,"if (paths_overlap(path, p) && is_mut) {"
19,3688,43,3688,49,if guard,logos::compiler::BorrowChecker::take_field_borrow_path_,"if (paths_overlap(path, p) && is_mut) {"
9,3688,51,3693,14,if guard,logos::compiler::BorrowChecker::take_field_borrow_path_,"if (paths_overlap(path, p) && is_mut) {"
582870,3695,9,3711,6,loop body,logos::compiler::BorrowChecker::take_field_borrow_path_,for (auto& p : it->mut_field_borrows) {
43,3695,47,3702,10,loop body,logos::compiler::BorrowChecker::take_field_borrow_path_,for (auto& p : it->mut_field_borrows) {
43,3696,17,3696,39,if guard,logos::compiler::BorrowChecker::take_field_borrow_path_,"if (paths_overlap(path, p)) {"
22,3696,41,3701,14,if guard,logos::compiler::BorrowChecker::take_field_borrow_path_,"if (paths_overlap(path, p)) {"
582848,3704,9,3711,6,if guard,logos::compiler::BorrowChecker::take_field_borrow_path_,if (is_mut) it->mut_field_borrows.insert(path);
582848,3704,13,3704,19,if guard,logos::compiler::BorrowChecker::take_field_borrow_path_,if (is_mut) it->mut_field_borrows.insert(path);
6827,3704,21,3704,55,if guard,logos::compiler::BorrowChecker::take_field_borrow_path_,if (is_mut) it->mut_field_borrows.insert(path);
576021,3705,19,3706,56,else branch,logos::compiler::BorrowChecker::take_field_borrow_path_,"else      { (void)logos::probe::on(""sharedzero_prod"");"
582848,3707,13,3707,29,if guard,logos::compiler::BorrowChecker::take_field_borrow_path_,if (!scopes_.empty())
582848,3708,13,3710,51,statement,logos::compiler::BorrowChecker::take_field_borrow_path_,scopes_.back().field_borrows.push_back(
1630365,3719,59,3827,6,call / statement,logos::compiler::BorrowChecker::take_borrow_whole_,bool skip_mut_binding_check = false) {
1630365,3721,13,3721,26,if guard,logos::compiler::BorrowChecker::take_borrow_whole_,if (it == nullptr) return;  // unknown / extern
13,3721,28,3721,34,if guard,logos::compiler::BorrowChecker::take_borrow_whole_,if (it == nullptr) return;  // unknown / extern
1630352,3722,9,3827,6,if guard,logos::compiler::BorrowChecker::take_borrow_whole_,if (it->moved) {
1630352,3722,13,3722,22,if guard,logos::compiler::BorrowChecker::take_borrow_whole_,if (it->moved) {
11,3722,24,3726,10,if guard,logos::compiler::BorrowChecker::take_borrow_whole_,if (it->moved) {
1630341,3727,9,3827,6,if guard,logos::compiler::BorrowChecker::take_borrow_whole_,if (is_mut) {
1630341,3727,13,3727,19,if guard,logos::compiler::BorrowChecker::take_borrow_whole_,if (is_mut) {
1061549,3727,21,3808,10,if guard,logos::compiler::BorrowChecker::take_borrow_whole_,if (is_mut) {
1061549,3736,17,3736,40,if guard,logos::compiler::BorrowChecker::take_borrow_whole_,if (!skip_mut_binding_check &&
1061549,3736,17,3737,36,if guard,logos::compiler::BorrowChecker::take_borrow_whole_,if (!skip_mut_binding_check &&
1061549,3736,17,3737,67,if guard,logos::compiler::BorrowChecker::take_borrow_whole_,if (!skip_mut_binding_check &&
1061473,3737,17,3737,36,statement,logos::compiler::BorrowChecker::take_borrow_whole_,!it->is_mut_binding && !param_names_.count(target)) {
1047236,3737,40,3737,67,statement,logos::compiler::BorrowChecker::take_borrow_whole_,!it->is_mut_binding && !param_names_.count(target)) {
16,3737,69,3741,14,statement,logos::compiler::BorrowChecker::take_borrow_whole_,!it->is_mut_binding && !param_names_.count(target)) {
1061533,3743,13,3808,10,if guard,logos::compiler::BorrowChecker::take_borrow_whole_,if (!it->mut_field_borrows.empty() ||
1061533,3743,17,3743,47,if guard,logos::compiler::BorrowChecker::take_borrow_whole_,if (!it->mut_field_borrows.empty() ||
1061533,3743,17,3744,50,if guard,logos::compiler::BorrowChecker::take_borrow_whole_,if (!it->mut_field_borrows.empty() ||
1061531,3744,17,3744,50,statement,logos::compiler::BorrowChecker::take_borrow_whole_,!it->shared_field_borrows.empty()) {
4,3744,52,3749,14,statement,logos::compiler::BorrowChecker::take_borrow_whole_,!it->shared_field_borrows.empty()) {
1061529,3750,13,3808,10,if guard,logos::compiler::BorrowChecker::take_borrow_whole_,if (it->mut_borrowed) {
1061529,3750,17,3750,33,if guard,logos::compiler::BorrowChecker::take_borrow_whole_,if (it->mut_borrowed) {
49,3750,35,3754,14,if guard,logos::compiler::BorrowChecker::take_borrow_whole_,if (it->mut_borrowed) {
1061480,3757,13,3808,10,if guard,logos::compiler::BorrowChecker::take_borrow_whole_,if (it->mut_reservations > 0) {
1061480,3757,17,3757,41,if guard,logos::compiler::BorrowChecker::take_borrow_whole_,if (it->mut_reservations > 0) {
7,3757,43,3761,14,if guard,logos::compiler::BorrowChecker::take_borrow_whole_,if (it->mut_reservations > 0) {
1061473,3767,13,3808,10,if guard,logos::compiler::BorrowChecker::take_borrow_whole_,if (in_call_args_ > 0) {
1061473,3767,17,3767,34,if guard,logos::compiler::BorrowChecker::take_borrow_whole_,if (in_call_args_ > 0) {
1059856,3767,36,3800,14,if guard,logos::compiler::BorrowChecker::take_borrow_whole_,if (in_call_args_ > 0) {
1059856,3775,21,3775,43,if guard,logos::compiler::BorrowChecker::take_borrow_whole_,if (it->shared_borrows > 0) {
6,3775,45,3793,18,if guard,logos::compiler::BorrowChecker::take_borrow_whole_,if (it->shared_borrows > 0) {
6,3777,25,3777,41,if guard,logos::compiler::BorrowChecker::take_borrow_whole_,if (!scopes_.empty()) {
6,3777,43,3784,22,if guard,logos::compiler::BorrowChecker::take_borrow_whole_,if (!scopes_.empty()) {
0,3781,29,3781,76,if guard,logos::compiler::BorrowChecker::take_borrow_whole_,if (br.target == target && !br.is_mut) ++in_top;
0,3781,33,3781,52,if guard,logos::compiler::BorrowChecker::take_borrow_whole_,if (br.target == target && !br.is_mut) ++in_top;
0,3781,33,3781,66,if guard,logos::compiler::BorrowChecker::take_borrow_whole_,if (br.target == target && !br.is_mut) ++in_top;
0,3781,56,3781,66,if guard,logos::compiler::BorrowChecker::take_borrow_whole_,if (br.target == target && !br.is_mut) ++in_top;
0,3781,68,3781,76,if guard,logos::compiler::BorrowChecker::take_borrow_whole_,if (br.target == target && !br.is_mut) ++in_top;
6,3782,29,3782,56,if guard,logos::compiler::BorrowChecker::take_borrow_whole_,if (in_top < it->shared_borrows)
6,3783,29,3783,48,statement,logos::compiler::BorrowChecker::take_borrow_whole_,outer_shared = true;
0,3784,28,3786,22,else branch,logos::compiler::BorrowChecker::take_borrow_whole_,} else {
6,3787,25,3787,37,if guard,logos::compiler::BorrowChecker::take_borrow_whole_,if (outer_shared) {
6,3787,39,3792,22,if guard,logos::compiler::BorrowChecker::take_borrow_whole_,if (outer_shared) {
1059850,3794,17,3799,23,statement,logos::compiler::BorrowChecker::take_borrow_whole_,it->mut_reservations++;
1059850,3795,21,3795,37,if guard,logos::compiler::BorrowChecker::take_borrow_whole_,if (!scopes_.empty())
1059850,3796,21,3798,59,statement,logos::compiler::BorrowChecker::take_borrow_whole_,scopes_.back().borrows.push_back(
1617,3801,13,3808,10,if guard,logos::compiler::BorrowChecker::take_borrow_whole_,if (it->shared_borrows > 0) {
1617,3801,17,3801,39,if guard,logos::compiler::BorrowChecker::take_borrow_whole_,if (it->shared_borrows > 0) {
17,3801,41,3806,14,if guard,logos::compiler::BorrowChecker::take_borrow_whole_,if (it->shared_borrows > 0) {
1600,3807,13,3808,10,statement,logos::compiler::BorrowChecker::take_borrow_whole_,it->mut_borrowed = true;
568792,3808,16,3822,10,else branch,logos::compiler::BorrowChecker::take_borrow_whole_,} else {
568792,3809,17,3809,33,if guard,logos::compiler::BorrowChecker::take_borrow_whole_,if (it->mut_borrowed) {
18,3809,35,3813,14,if guard,logos::compiler::BorrowChecker::take_borrow_whole_,if (it->mut_borrowed) {
568774,3815,13,3822,10,if guard,logos::compiler::BorrowChecker::take_borrow_whole_,if (!it->mut_field_borrows.empty()) {
568774,3815,17,3815,47,if guard,logos::compiler::BorrowChecker::take_borrow_whole_,if (!it->mut_field_borrows.empty()) {
1,3815,49,3820,14,if guard,logos::compiler::BorrowChecker::take_borrow_whole_,if (!it->mut_field_borrows.empty()) {
568773,3821,13,3822,10,statement,logos::compiler::BorrowChecker::take_borrow_whole_,++it->shared_borrows;
570373,3823,9,3827,6,if guard,logos::compiler::BorrowChecker::take_borrow_whole_,if (!scopes_.empty())
570373,3823,13,3823,29,if guard,logos::compiler::BorrowChecker::take_borrow_whole_,if (!scopes_.empty())
570373,3824,13,3826,51,statement,logos::compiler::BorrowChecker::take_borrow_whole_,scopes_.back().borrows.push_back(
2213272,3848,72,3938,6,call / statement,logos::compiler::BorrowChecker::record_borrow,"const std::string& holder, RecordFlags fl = {}) {"
2213272,3861,13,3861,48,if guard,logos::compiler::BorrowChecker::record_borrow,"if (logos::probe::on(""selftest_refuse"")) {"
0,3861,50,3865,10,if guard,logos::compiler::BorrowChecker::record_borrow,"if (logos::probe::on(""selftest_refuse"")) {"
2213272,3866,9,3938,6,if guard,logos::compiler::BorrowChecker::record_borrow,if (bp.root.empty()) return;
2213272,3866,13,3866,28,if guard,logos::compiler::BorrowChecker::record_borrow,if (bp.root.empty()) return;
0,3866,30,3866,36,if guard,logos::compiler::BorrowChecker::record_borrow,if (bp.root.empty()) return;
2213272,3877,9,3938,6,if guard,logos::compiler::BorrowChecker::record_borrow,"if (logos::probe::on(""movedborrow"")) {"
2213272,3877,13,3877,44,if guard,logos::compiler::BorrowChecker::record_borrow,"if (logos::probe::on(""movedborrow"")) {"
0,3877,46,3895,10,if guard,logos::compiler::BorrowChecker::record_borrow,"if (logos::probe::on(""movedborrow"")) {"
0,3878,62,3878,76,if guard,logos::compiler::BorrowChecker::record_borrow,"if (auto* mst = var_find(bp.root_slot, bp.root); mst != nullptr) {"
0,3878,78,3894,14,if guard,logos::compiler::BorrowChecker::record_borrow,"if (auto* mst = var_find(bp.root_slot, bp.root); mst != nullptr) {"
0,3879,21,3879,31,if guard,logos::compiler::BorrowChecker::record_borrow,if (mst->moved) {
0,3879,33,3884,18,if guard,logos::compiler::BorrowChecker::record_borrow,if (mst->moved) {
0,3885,17,3894,14,if guard,logos::compiler::BorrowChecker::record_borrow,if (!bp.path.empty())
0,3885,21,3885,37,if guard,logos::compiler::BorrowChecker::record_borrow,if (!bp.path.empty())
0,3886,21,3893,22,if guard,logos::compiler::BorrowChecker::record_borrow,"if (auto* hit = find_moved_overlap(mst->moved_fields,"
0,3886,31,3886,34,if guard,logos::compiler::BorrowChecker::record_borrow,"if (auto* hit = find_moved_overlap(mst->moved_fields,"
0,3887,66,3893,22,call / statement,logos::compiler::BorrowChecker::record_borrow,bp.path)) {
2213272,3908,9,3938,6,if guard,logos::compiler::BorrowChecker::record_borrow,if (is_mut && bp.through_ref_type &&
2213272,3908,13,3908,19,if guard,logos::compiler::BorrowChecker::record_borrow,if (is_mut && bp.through_ref_type &&
2213272,3908,13,3908,42,if guard,logos::compiler::BorrowChecker::record_borrow,if (is_mut && bp.through_ref_type &&
2213272,3908,13,3909,63,if guard,logos::compiler::BorrowChecker::record_borrow,if (is_mut && bp.through_ref_type &&
1068427,3908,23,3908,42,if guard,logos::compiler::BorrowChecker::record_borrow,if (is_mut && bp.through_ref_type &&
1053779,3909,13,3909,63,call / statement,logos::compiler::BorrowChecker::record_borrow,bp.through_ref_type.kind() == LogosType::Kind::Ref) {
14,3909,65,3914,10,call / statement,logos::compiler::BorrowChecker::record_borrow,bp.through_ref_type.kind() == LogosType::Kind::Ref) {
2213258,3917,9,3938,6,statement,logos::compiler::BorrowChecker::record_borrow,bool whole = bp.path.empty() || is_union_root(bp.root_type);
2213258,3917,22,3917,37,statement,logos::compiler::BorrowChecker::record_borrow,bool whole = bp.path.empty() || is_union_root(bp.root_type);
582903,3917,41,3917,68,statement,logos::compiler::BorrowChecker::record_borrow,bool whole = bp.path.empty() || is_union_root(bp.root_type);
2213258,3919,13,3919,28,if guard,logos::compiler::BorrowChecker::record_borrow,if (fl.ref_capacity) {
1049318,3919,30,3927,10,if guard,logos::compiler::BorrowChecker::record_borrow,if (fl.ref_capacity) {
1049318,3921,17,3921,31,if guard,logos::compiler::BorrowChecker::record_borrow,if (sit != nullptr && !sit->is_mut_binding &&
1049318,3921,17,3921,55,if guard,logos::compiler::BorrowChecker::record_borrow,if (sit != nullptr && !sit->is_mut_binding &&
1049318,3921,17,3922,45,if guard,logos::compiler::BorrowChecker::record_borrow,if (sit != nullptr && !sit->is_mut_binding &&
1049318,3921,35,3921,55,if guard,logos::compiler::BorrowChecker::record_borrow,if (sit != nullptr && !sit->is_mut_binding &&
1049317,3922,17,3922,45,statement,logos::compiler::BorrowChecker::record_borrow,!param_names_.count(bp.root)) {
515,3922,47,3926,14,statement,logos::compiler::BorrowChecker::record_borrow,!param_names_.count(bp.root)) {
2213258,3928,13,3928,18,if guard,logos::compiler::BorrowChecker::record_borrow,if (whole) {
1630365,3928,20,3931,10,if guard,logos::compiler::BorrowChecker::record_borrow,if (whole) {
582893,3931,16,3937,10,else branch,logos::compiler::BorrowChecker::record_borrow,} else {
1165786,3932,13,3932,13,abort/assert,logos::compiler::BorrowChecker::record_borrow,assert(!bp.path.empty() &&
214608,3965,62,3973,6,statement,logos::compiler::BorrowChecker::flow_operand_root[abi:cxx11],std::string flow_operand_root(lir_view::ExprRef a) const {
214608,3968,13,3968,15,if guard,logos::compiler::BorrowChecker::flow_operand_root[abi:cxx11],if (!a) return {};
0,3968,17,3968,26,if guard,logos::compiler::BorrowChecker::flow_operand_root[abi:cxx11],if (!a) return {};
214608,3969,9,3973,6,if guard,logos::compiler::BorrowChecker::flow_operand_root[abi:cxx11],if (a.kind() == Code::AddrOf) return std::string(EAddrOfView{a}.var_name());
214608,3969,13,3969,37,if guard,logos::compiler::BorrowChecker::flow_operand_root[abi:cxx11],if (a.kind() == Code::AddrOf) return std::string(EAddrOfView{a}.var_name());
170,3969,39,3969,84,if guard,logos::compiler::BorrowChecker::flow_operand_root[abi:cxx11],if (a.kind() == Code::AddrOf) return std::string(EAddrOfView{a}.var_name());
214438,3970,9,3972,82,statement,logos::compiler::BorrowChecker::flow_operand_root[abi:cxx11],bool dummy = false;
214438,3972,13,3972,41,statement,logos::compiler::BorrowChecker::flow_operand_root[abi:cxx11],"a.kind() == Code::AddrOfTemp ? EAddrOfTempView{a}.inner() : a, dummy);"
207573,3972,44,3972,70,statement,logos::compiler::BorrowChecker::flow_operand_root[abi:cxx11],"a.kind() == Code::AddrOfTemp ? EAddrOfTempView{a}.inner() : a, dummy);"
6865,3972,73,3972,74,statement,logos::compiler::BorrowChecker::flow_operand_root[abi:cxx11],"a.kind() == Code::AddrOfTemp ? EAddrOfTempView{a}.inner() : a, dummy);"
6548589,3983,74,4024,6,call / statement,logos::compiler::BorrowChecker::apply_call_outparam_rules,"const FlowSummary* fs, uint32_t line) {"
7118170,3989,28,4009,10,loop body,logos::compiler::BorrowChecker::apply_call_outparam_rules,for (auto a : ops) {
7118170,3990,17,3990,19,if guard,logos::compiler::BorrowChecker::apply_call_outparam_rules,if (!a) continue;
0,3990,21,3990,29,if guard,logos::compiler::BorrowChecker::apply_call_outparam_rules,if (!a) continue;
7118170,3991,13,4009,10,statement,logos::compiler::BorrowChecker::apply_call_outparam_rules,TypeRef at = a.type(pool);
7118170,3992,17,3992,33,if guard,logos::compiler::BorrowChecker::apply_call_outparam_rules,if (!is_ref_kind(at) && is_borrow_carrying_type(at)) {
7118170,3992,17,3992,64,if guard,logos::compiler::BorrowChecker::apply_call_outparam_rules,if (!is_ref_kind(at) && is_borrow_carrying_type(at)) {
2494993,3992,37,3992,64,if guard,logos::compiler::BorrowChecker::apply_call_outparam_rules,if (!is_ref_kind(at) && is_borrow_carrying_type(at)) {
4756,3992,66,3995,14,if guard,logos::compiler::BorrowChecker::apply_call_outparam_rules,if (!is_ref_kind(at) && is_borrow_carrying_type(at)) {
7113414,3996,13,4009,10,if guard,logos::compiler::BorrowChecker::apply_call_outparam_rules,if (at && at.kind() == LogosType::Kind::MutRef) {
7113414,3996,17,3996,19,if guard,logos::compiler::BorrowChecker::apply_call_outparam_rules,if (at && at.kind() == LogosType::Kind::MutRef) {
7113414,3996,17,3996,59,if guard,logos::compiler::BorrowChecker::apply_call_outparam_rules,if (at && at.kind() == LogosType::Kind::MutRef) {
7113414,3996,23,3996,59,if guard,logos::compiler::BorrowChecker::apply_call_outparam_rules,if (at && at.kind() == LogosType::Kind::MutRef) {
1086528,3996,61,4008,14,if guard,logos::compiler::BorrowChecker::apply_call_outparam_rules,if (at && at.kind() == LogosType::Kind::MutRef) {
1086528,3998,21,3998,45,if guard,logos::compiler::BorrowChecker::apply_call_outparam_rules,if (a.kind() == Code::AddrOf)
12504,3999,21,3999,64,statement,logos::compiler::BorrowChecker::apply_call_outparam_rules,mr = std::string(EAddrOfView{a}.var_name());
1074024,4000,22,4005,18,else branch,logos::compiler::BorrowChecker::apply_call_outparam_rules,else {
1074024,4003,25,4003,53,statement,logos::compiler::BorrowChecker::apply_call_outparam_rules,a.kind() == Code::AddrOfTemp
1058648,4004,31,4004,57,statement,logos::compiler::BorrowChecker::apply_call_outparam_rules,"? EAddrOfTempView{a}.inner() : a, dummy);"
15376,4004,60,4004,61,statement,logos::compiler::BorrowChecker::apply_call_outparam_rules,"? EAddrOfTempView{a}.inner() : a, dummy);"
1086528,4006,21,4006,32,if guard,logos::compiler::BorrowChecker::apply_call_outparam_rules,"if (!mr.empty() && var_has(NO_SLOT, mr))"
1086528,4006,21,4006,56,if guard,logos::compiler::BorrowChecker::apply_call_outparam_rules,"if (!mr.empty() && var_has(NO_SLOT, mr))"
1086483,4006,36,4006,56,if guard,logos::compiler::BorrowChecker::apply_call_outparam_rules,"if (!mr.empty() && var_has(NO_SLOT, mr))"
1086445,4007,21,4007,51,statement,logos::compiler::BorrowChecker::apply_call_outparam_rules,"mut_roots.emplace_back(mr, 0u);"
1086445,4010,42,4013,10,loop body,logos::compiler::BorrowChecker::apply_call_outparam_rules,"for (auto& [mr, ms] : mut_roots) {"
707,4012,38,4012,64,loop body,logos::compiler::BorrowChecker::apply_call_outparam_rules,"for (auto& r : bc_roots) inherit_loans(r, mr, line);"
6548589,4014,13,4014,31,if guard,logos::compiler::BorrowChecker::apply_call_outparam_rules,if (!mut_roots.empty())
1085122,4015,13,4022,14,loop body,logos::compiler::BorrowChecker::apply_call_outparam_rules,for (auto a : ops) {
2152568,4015,32,4022,14,loop body,logos::compiler::BorrowChecker::apply_call_outparam_rules,for (auto a : ops) {
2152568,4016,21,4016,23,if guard,logos::compiler::BorrowChecker::apply_call_outparam_rules,if (!a) continue;
0,4016,25,4016,33,if guard,logos::compiler::BorrowChecker::apply_call_outparam_rules,if (!a) continue;
2152568,4017,17,4022,14,statement,logos::compiler::BorrowChecker::apply_call_outparam_rules,TypeRef at = a.type(pool);
2152568,4018,21,4018,36,if guard,logos::compiler::BorrowChecker::apply_call_outparam_rules,if (is_ref_kind(at) || !is_borrow_carrying_type(at)) continue;
2152568,4018,21,4018,68,if guard,logos::compiler::BorrowChecker::apply_call_outparam_rules,if (is_ref_kind(at) || !is_borrow_carrying_type(at)) continue;
1001128,4018,40,4018,68,if guard,logos::compiler::BorrowChecker::apply_call_outparam_rules,if (is_ref_kind(at) || !is_borrow_carrying_type(at)) continue;
2151473,4018,70,4018,78,if guard,logos::compiler::BorrowChecker::apply_call_outparam_rules,if (is_ref_kind(at) || !is_borrow_carrying_type(at)) continue;
1095,4020,17,4022,14,statement,logos::compiler::BorrowChecker::apply_call_outparam_rules,"take_ref_borrows(a, line, mut_roots.front().first,"
6961776,4027,46,4225,6,call / statement,logos::compiler::BorrowChecker::apply_flow_outparams,uint32_t line) {
6961776,4028,13,4028,16,if guard,logos::compiler::BorrowChecker::apply_flow_outparams,if (!fs) return;                       // documented (a)-(d) hole
6494642,4028,18,4028,24,if guard,logos::compiler::BorrowChecker::apply_flow_outparams,if (!fs) return;                       // documented (a)-(d) hole
467134,4029,9,4225,6,statement,logos::compiler::BorrowChecker::apply_flow_outparams,const auto* pool = prog_.type_pool.impl();
1291008,4030,28,4030,42,loop body,logos::compiler::BorrowChecker::apply_flow_outparams,for (size_t j = 0; j < ops.size() && j < fs->nparams; ++j) {
1291008,4030,28,4030,61,loop body,logos::compiler::BorrowChecker::apply_flow_outparams,for (size_t j = 0; j < ops.size() && j < fs->nparams; ++j) {
823874,4030,46,4030,61,loop body,logos::compiler::BorrowChecker::apply_flow_outparams,for (size_t j = 0; j < ops.size() && j < fs->nparams; ++j) {
823874,4030,63,4030,66,loop body,logos::compiler::BorrowChecker::apply_flow_outparams,for (size_t j = 0; j < ops.size() && j < fs->nparams; ++j) {
823874,4030,68,4224,10,loop body,logos::compiler::BorrowChecker::apply_flow_outparams,for (size_t j = 0; j < ops.size() && j < fs->nparams; ++j) {
823874,4031,17,4031,36,if guard,logos::compiler::BorrowChecker::apply_flow_outparams,if (!fs->is_outparam[j] || !fs->to_outparam[j]) continue;
823874,4031,17,4031,59,if guard,logos::compiler::BorrowChecker::apply_flow_outparams,if (!fs->is_outparam[j] || !fs->to_outparam[j]) continue;
120009,4031,40,4031,59,if guard,logos::compiler::BorrowChecker::apply_flow_outparams,if (!fs->is_outparam[j] || !fs->to_outparam[j]) continue;
820863,4031,61,4031,69,if guard,logos::compiler::BorrowChecker::apply_flow_outparams,if (!fs->is_outparam[j] || !fs->to_outparam[j]) continue;
3011,4032,13,4224,10,statement,logos::compiler::BorrowChecker::apply_flow_outparams,std::string dst = flow_operand_root(ops[j]);
3011,4033,17,4033,28,if guard,logos::compiler::BorrowChecker::apply_flow_outparams,"if (dst.empty() || !var_has(NO_SLOT, dst)) continue;"
3011,4033,17,4033,54,if guard,logos::compiler::BorrowChecker::apply_flow_outparams,"if (dst.empty() || !var_has(NO_SLOT, dst)) continue;"
2919,4033,32,4033,54,if guard,logos::compiler::BorrowChecker::apply_flow_outparams,"if (dst.empty() || !var_has(NO_SLOT, dst)) continue;"
112,4033,56,4033,64,if guard,logos::compiler::BorrowChecker::apply_flow_outparams,"if (dst.empty() || !var_has(NO_SLOT, dst)) continue;"
2899,4068,13,4224,10,statement,logos::compiler::BorrowChecker::apply_flow_outparams,std::vector<std::string> chased;
542,4069,52,4075,14,call / statement,logos::compiler::BorrowChecker::apply_flow_outparams,auto chase = [&](const std::string& n) {
542,4071,21,4071,30,if guard,logos::compiler::BorrowChecker::apply_flow_outparams,if (r.empty() || r == dst) return;
542,4071,21,4071,42,if guard,logos::compiler::BorrowChecker::apply_flow_outparams,if (r.empty() || r == dst) return;
542,4071,34,4071,42,if guard,logos::compiler::BorrowChecker::apply_flow_outparams,if (r.empty() || r == dst) return;
535,4071,44,4071,50,if guard,logos::compiler::BorrowChecker::apply_flow_outparams,if (r.empty() || r == dst) return;
7,4072,17,4075,14,if guard,logos::compiler::BorrowChecker::apply_flow_outparams,"if (param_names_.count(r) || !var_has(NO_SLOT, r)) return;"
7,4072,21,4072,42,if guard,logos::compiler::BorrowChecker::apply_flow_outparams,"if (param_names_.count(r) || !var_has(NO_SLOT, r)) return;"
7,4072,21,4072,66,if guard,logos::compiler::BorrowChecker::apply_flow_outparams,"if (param_names_.count(r) || !var_has(NO_SLOT, r)) return;"
7,4072,46,4072,66,if guard,logos::compiler::BorrowChecker::apply_flow_outparams,"if (param_names_.count(r) || !var_has(NO_SLOT, r)) return;"
0,4072,68,4072,74,if guard,logos::compiler::BorrowChecker::apply_flow_outparams,"if (param_names_.count(r) || !var_has(NO_SLOT, r)) return;"
7,4073,17,4075,14,if guard,logos::compiler::BorrowChecker::apply_flow_outparams,"if (std::find(chased.begin(), chased.end(), r) == chased.end())"
7,4073,21,4073,79,if guard,logos::compiler::BorrowChecker::apply_flow_outparams,"if (std::find(chased.begin(), chased.end(), r) == chased.end())"
7,4074,21,4074,40,statement,logos::compiler::BorrowChecker::apply_flow_outparams,chased.push_back(r);
2899,4085,17,4085,41,if guard,logos::compiler::BorrowChecker::apply_flow_outparams,"if (reborrow_mut_.count(dst)) reborrow_of_.each_root_place(dst, chase);"
13,4085,43,4085,83,if guard,logos::compiler::BorrowChecker::apply_flow_outparams,"if (reborrow_mut_.count(dst)) reborrow_of_.each_root_place(dst, chase);"
13,4087,68,4089,14,call / statement,logos::compiler::BorrowChecker::apply_flow_outparams,"reborrow_of_.each_under(dst, [&](const std::string& s) {"
13,4088,21,4088,43,if guard,logos::compiler::BorrowChecker::apply_flow_outparams,if (reborrow_mut_.count(s)) subs.push_back(s);
9,4088,45,4088,62,if guard,logos::compiler::BorrowChecker::apply_flow_outparams,if (reborrow_mut_.count(s)) subs.push_back(s);
9,4090,34,4090,72,loop body,logos::compiler::BorrowChecker::apply_flow_outparams,"for (auto& s : subs) reborrow_of_.each_root_place(s, chase);"
9840,4091,32,4091,46,loop body,logos::compiler::BorrowChecker::apply_flow_outparams,for (size_t i = 0; i < ops.size() && i < fs->nparams; ++i) {
9840,4091,32,4091,65,loop body,logos::compiler::BorrowChecker::apply_flow_outparams,for (size_t i = 0; i < ops.size() && i < fs->nparams; ++i) {
6941,4091,50,4091,65,loop body,logos::compiler::BorrowChecker::apply_flow_outparams,for (size_t i = 0; i < ops.size() && i < fs->nparams; ++i) {
6941,4091,67,4091,70,loop body,logos::compiler::BorrowChecker::apply_flow_outparams,for (size_t i = 0; i < ops.size() && i < fs->nparams; ++i) {
6941,4091,72,4222,14,loop body,logos::compiler::BorrowChecker::apply_flow_outparams,for (size_t i = 0; i < ops.size() && i < fs->nparams; ++i) {
6941,4092,21,4092,27,if guard,logos::compiler::BorrowChecker::apply_flow_outparams,if (i == j || !(fs->to_outparam[j] & (1ull << i))) continue;
6941,4092,21,4092,66,if guard,logos::compiler::BorrowChecker::apply_flow_outparams,if (i == j || !(fs->to_outparam[j] & (1ull << i))) continue;
4042,4092,31,4092,66,if guard,logos::compiler::BorrowChecker::apply_flow_outparams,if (i == j || !(fs->to_outparam[j] & (1ull << i))) continue;
3682,4092,68,4092,76,if guard,logos::compiler::BorrowChecker::apply_flow_outparams,if (i == j || !(fs->to_outparam[j] & (1ull << i))) continue;
3259,4093,17,4222,14,statement,logos::compiler::BorrowChecker::apply_flow_outparams,lir_view::ExprRef src = ops[i];
3259,4094,21,4094,25,if guard,logos::compiler::BorrowChecker::apply_flow_outparams,if (!src) continue;
0,4094,27,4094,35,if guard,logos::compiler::BorrowChecker::apply_flow_outparams,if (!src) continue;
3259,4095,17,4222,14,statement,logos::compiler::BorrowChecker::apply_flow_outparams,TypeRef st = src.type(pool);
3259,4118,21,4118,46,if guard,logos::compiler::BorrowChecker::apply_flow_outparams,if (type_may_carry_borrow(st))
3012,4119,21,4120,56,statement,logos::compiler::BorrowChecker::apply_flow_outparams,"note_holder_escape_prov(dst, holder_ty_of(dst), src, line,"
3259,4122,21,4122,37,if guard,logos::compiler::BorrowChecker::apply_flow_outparams,if (!is_ref_kind(st) && !loan_carrying_type(st) &&
3259,4122,21,4122,64,if guard,logos::compiler::BorrowChecker::apply_flow_outparams,if (!is_ref_kind(st) && !loan_carrying_type(st) &&
3259,4122,21,4123,49,if guard,logos::compiler::BorrowChecker::apply_flow_outparams,if (!is_ref_kind(st) && !loan_carrying_type(st) &&
2195,4122,41,4122,64,if guard,logos::compiler::BorrowChecker::apply_flow_outparams,if (!is_ref_kind(st) && !loan_carrying_type(st) &&
1963,4123,21,4123,49,statement,logos::compiler::BorrowChecker::apply_flow_outparams,!is_borrow_carrying_type(st))
1963,4124,21,4124,29,loop exit,logos::compiler::BorrowChecker::apply_flow_outparams,continue;
1296,4125,17,4222,14,statement,logos::compiler::BorrowChecker::apply_flow_outparams,std::vector<std::string> roots;
1277,4127,39,4127,66,loop body,logos::compiler::BorrowChecker::apply_flow_outparams,"for (auto& r : roots) inherit_loans(r, dst, line);"
617,4164,21,4164,45,statement,logos::compiler::BorrowChecker::apply_flow_outparams,"reborrow_of_.add(dst, p);"
196,4217,25,4218,76,statement,logos::compiler::BorrowChecker::apply_flow_outparams,"pairs.emplace_back(std::string{},"
1296,4219,25,4219,39,if guard,logos::compiler::BorrowChecker::apply_flow_outparams,if (!pairs.empty())
196,4220,25,4220,76,statement,logos::compiler::BorrowChecker::apply_flow_outparams,"store_ref_sources(dst, std::move(pairs), dst, line);"
7,4223,36,4223,63,loop body,logos::compiler::BorrowChecker::apply_flow_outparams,"for (auto& h : chased) inherit_loans(dst, h, line);"
103562,4234,80,4251,6,statement,logos::compiler::BorrowChecker::one_holder_last_use,"uint64_t one_holder_last_use(const std::string& name, uint32_t slot) const {"
103562,4235,13,4235,28,if guard,logos::compiler::BorrowChecker::one_holder_last_use,if (slot == NO_SLOT) {   // no identity available — pre-F5 behaviour
471,4235,30,4238,10,if guard,logos::compiler::BorrowChecker::one_holder_last_use,if (slot == NO_SLOT) {   // no identity available — pre-F5 behaviour
471,4237,20,4237,46,early return,logos::compiler::BorrowChecker::one_holder_last_use,return it == last_use_line_.end() ? 0u : it->second;
79,4237,49,4237,51,early return,logos::compiler::BorrowChecker::one_holder_last_use,return it == last_use_line_.end() ? 0u : it->second;
392,4237,54,4237,64,early return,logos::compiler::BorrowChecker::one_holder_last_use,return it == last_use_line_.end() ? 0u : it->second;
103091,4239,9,4250,18,statement,logos::compiler::BorrowChecker::one_holder_last_use,uint64_t lu = 0;
103091,4240,50,4240,76,if guard,logos::compiler::BorrowChecker::one_holder_last_use,if (auto it = last_use_slot_.find(slot); it != last_use_slot_.end())
97540,4241,13,4241,28,statement,logos::compiler::BorrowChecker::one_holder_last_use,lu = it->second;
103091,4245,55,4245,86,if guard,logos::compiler::BorrowChecker::one_holder_last_use,if (auto it = last_use_unslotted_.find(name); it != last_use_unslotted_.end())
21860,4246,13,4246,42,statement,logos::compiler::BorrowChecker::one_holder_last_use,"lu = std::max(lu, it->second);"
85857,4254,76,4260,6,statement,logos::compiler::BorrowChecker::holders_last_use,const std::vector<uint32_t>& co_slots) const {
103562,4256,28,4256,41,loop body,logos::compiler::BorrowChecker::holders_last_use,for (size_t i = 0; i < co.size(); ++i)
17705,4256,43,4256,46,loop body,logos::compiler::BorrowChecker::holders_last_use,for (size_t i = 0; i < co.size(); ++i)
17705,4257,13,4258,69,statement,logos::compiler::BorrowChecker::holders_last_use,"lu = std::max(lu, one_holder_last_use("
17705,4258,24,4258,43,statement,logos::compiler::BorrowChecker::holders_last_use,"co[i], i < co_slots.size() ? co_slots[i] : NO_SLOT));"
17705,4258,46,4258,57,statement,logos::compiler::BorrowChecker::holders_last_use,"co[i], i < co_slots.size() ? co_slots[i] : NO_SLOT));"
0,4258,60,4258,67,statement,logos::compiler::BorrowChecker::holders_last_use,"co[i], i < co_slots.size() ? co_slots[i] : NO_SLOT));"
85857,4262,51,4265,6,statement,unsigned long logos::compiler::BorrowChecker::holders_last_use,uint64_t holders_last_use(const Rec& r) const {
1266,4286,56,4298,6,statement,logos::compiler::BorrowChecker::is_loan_holder,bool is_loan_holder(const std::string& name) const {
4820,4287,37,4296,10,loop body,logos::compiler::BorrowChecker::is_loan_holder,for (auto& frame : scopes_) {
1775,4289,17,4291,60,if guard,logos::compiler::BorrowChecker::is_loan_holder,if (br.holder == name ||
1775,4289,21,4289,38,if guard,logos::compiler::BorrowChecker::is_loan_holder,if (br.holder == name ||
1775,4289,21,4291,47,if guard,logos::compiler::BorrowChecker::is_loan_holder,if (br.holder == name ||
1771,4290,21,4291,47,call / statement,logos::compiler::BorrowChecker::is_loan_holder,"std::find(br.co_holders.begin(), br.co_holders.end(), name)"
122,4291,49,4291,60,statement,logos::compiler::BorrowChecker::is_loan_holder,!= br.co_holders.end()) return true;
4698,4292,13,4296,10,loop body,logos::compiler::BorrowChecker::is_loan_holder,for (auto& fb : frame.field_borrows)
20,4293,17,4295,60,if guard,logos::compiler::BorrowChecker::is_loan_holder,if (fb.holder == name ||
20,4293,21,4293,38,if guard,logos::compiler::BorrowChecker::is_loan_holder,if (fb.holder == name ||
20,4293,21,4295,47,if guard,logos::compiler::BorrowChecker::is_loan_holder,if (fb.holder == name ||
20,4294,21,4295,47,call / statement,logos::compiler::BorrowChecker::is_loan_holder,"std::find(fb.co_holders.begin(), fb.co_holders.end(), name)"
0,4295,49,4295,60,statement,logos::compiler::BorrowChecker::is_loan_holder,!= fb.co_holders.end()) return true;
1144,4297,9,4297,21,early return,logos::compiler::BorrowChecker::is_loan_holder,return false;
1942144,4301,43,4321,6,call / statement,logos::compiler::BorrowChecker::inherit_loans,uint64_t /*line*/) {
1942144,4302,13,4302,25,if guard,logos::compiler::BorrowChecker::inherit_loans,if (from.empty() || to.empty() || from == to) return;
1942144,4302,13,4302,39,if guard,logos::compiler::BorrowChecker::inherit_loans,if (from.empty() || to.empty() || from == to) return;
1942144,4302,13,4302,53,if guard,logos::compiler::BorrowChecker::inherit_loans,if (from.empty() || to.empty() || from == to) return;
1942144,4302,29,4302,39,if guard,logos::compiler::BorrowChecker::inherit_loans,if (from.empty() || to.empty() || from == to) return;
1942144,4302,43,4302,53,if guard,logos::compiler::BorrowChecker::inherit_loans,if (from.empty() || to.empty() || from == to) return;
2457,4302,55,4302,61,if guard,logos::compiler::BorrowChecker::inherit_loans,if (from.empty() || to.empty() || from == to) return;
1939687,4303,9,4321,6,call / statement,logos::compiler::BorrowChecker::inherit_loans,auto holds = [&](const auto& rec) {
274275,4303,43,4307,10,call / statement,auto logos::compiler::BorrowChecker::inherit_loans,auto holds = [&](const auto& rec) {
274275,4304,20,4304,38,early return,auto logos::compiler::BorrowChecker::inherit_loans,return rec.holder == from ||
263260,4305,20,4306,47,call / statement,auto logos::compiler::BorrowChecker::inherit_loans,"std::find(rec.co_holders.begin(), rec.co_holders.end(), from)"
13309,4309,38,4316,10,call / statement,auto logos::compiler::BorrowChecker::inherit_loans,auto add_to = [&](auto& rec) {
13309,4310,17,4310,33,if guard,auto logos::compiler::BorrowChecker::inherit_loans,if (rec.holder == to) return;
6,4310,35,4310,41,if guard,auto logos::compiler::BorrowChecker::inherit_loans,if (rec.holder == to) return;
13303,4311,13,4316,10,if guard,auto logos::compiler::BorrowChecker::inherit_loans,"if (std::find(rec.co_holders.begin(), rec.co_holders.end(), to)"
13303,4311,17,4312,40,if guard,auto logos::compiler::BorrowChecker::inherit_loans,"if (std::find(rec.co_holders.begin(), rec.co_holders.end(), to)"
8435,4312,42,4312,48,statement,auto logos::compiler::BorrowChecker::inherit_loans,!= rec.co_holders.end()) return;
4868,4313,13,4316,10,statement,auto logos::compiler::BorrowChecker::inherit_loans,rec.co_holders.push_back(to);
8108439,4317,37,4320,10,loop body,logos::compiler::BorrowChecker::inherit_loans,for (auto& frame : scopes_) {
53462,4318,50,4318,75,loop body,logos::compiler::BorrowChecker::inherit_loans,for (auto& br : frame.borrows)       if (holds(br)) add_to(br);
53462,4318,54,4318,63,loop body,logos::compiler::BorrowChecker::inherit_loans,for (auto& br : frame.borrows)       if (holds(br)) add_to(br);
13189,4318,65,4318,75,loop body,logos::compiler::BorrowChecker::inherit_loans,for (auto& br : frame.borrows)       if (holds(br)) add_to(br);
220813,4319,50,4319,75,loop body,logos::compiler::BorrowChecker::inherit_loans,for (auto& fb : frame.field_borrows) if (holds(fb)) add_to(fb);
220813,4319,54,4319,63,loop body,logos::compiler::BorrowChecker::inherit_loans,for (auto& fb : frame.field_borrows) if (holds(fb)) add_to(fb);
120,4319,65,4319,75,loop body,logos::compiler::BorrowChecker::inherit_loans,for (auto& fb : frame.field_borrows) if (holds(fb)) add_to(fb);
439,4331,75,4336,6,call / statement,logos::compiler::BorrowChecker::path_overlaps,"static bool path_overlaps(const std::string& a, const std::string& b) {"
439,4332,13,4332,19,if guard,logos::compiler::BorrowChecker::path_overlaps,if (a == b) return true;
7,4332,21,4332,32,if guard,logos::compiler::BorrowChecker::path_overlaps,if (a == b) return true;
432,4333,9,4336,6,if guard,logos::compiler::BorrowChecker::path_overlaps,if (a.size() < b.size())
432,4333,13,4333,32,if guard,logos::compiler::BorrowChecker::path_overlaps,if (a.size() < b.size())
291,4334,13,4334,72,early return,logos::compiler::BorrowChecker::path_overlaps,"return b.compare(0, a.size(), a) == 0 && b[a.size()] == '.';"
291,4334,20,4334,50,early return,logos::compiler::BorrowChecker::path_overlaps,"return b.compare(0, a.size(), a) == 0 && b[a.size()] == '.';"
1,4334,54,4334,72,early return,logos::compiler::BorrowChecker::path_overlaps,"return b.compare(0, a.size(), a) == 0 && b[a.size()] == '.';"
141,4335,9,4335,68,early return,logos::compiler::BorrowChecker::path_overlaps,"return a.compare(0, b.size(), b) == 0 && a[b.size()] == '.';"
141,4335,16,4335,46,early return,logos::compiler::BorrowChecker::path_overlaps,"return a.compare(0, b.size(), b) == 0 && a[b.size()] == '.';"
4,4335,50,4335,68,early return,logos::compiler::BorrowChecker::path_overlaps,"return a.compare(0, b.size(), b) == 0 && a[b.size()] == '.';"
169721,4340,49,4344,6,call / statement,logos::compiler::BorrowChecker::find_moved_overlap,const std::string& path) {
439,4342,13,4342,58,if guard,logos::compiler::BorrowChecker::find_moved_overlap,"if (path_overlaps(kv.first, path)) return &kv;"
439,4342,17,4342,46,if guard,logos::compiler::BorrowChecker::find_moved_overlap,"if (path_overlaps(kv.first, path)) return &kv;"
12,4342,48,4342,58,if guard,logos::compiler::BorrowChecker::find_moved_overlap,"if (path_overlaps(kv.first, path)) return &kv;"
169709,4343,9,4343,23,early return,logos::compiler::BorrowChecker::find_moved_overlap,return nullptr;
12395,4349,55,4357,6,call / statement,logos::compiler::BorrowChecker::erase_reinit,const std::string& path) {
12402,4350,39,4350,56,loop body,logos::compiler::BorrowChecker::erase_reinit,for (auto it = moved.begin(); it != moved.end(); ) {
7,4350,60,4356,10,loop body,logos::compiler::BorrowChecker::erase_reinit,for (auto it = moved.begin(); it != moved.end(); ) {
7,4351,28,4351,45,statement,logos::compiler::BorrowChecker::erase_reinit,bool covered = it->first == path ||
1,4352,17,4354,48,statement,logos::compiler::BorrowChecker::erase_reinit,(it->first.size() > path.size() &&
1,4352,18,4352,48,statement,logos::compiler::BorrowChecker::erase_reinit,(it->first.size() > path.size() &&
1,4352,18,4353,62,statement,logos::compiler::BorrowChecker::erase_reinit,(it->first.size() > path.size() &&
0,4353,18,4353,62,statement,logos::compiler::BorrowChecker::erase_reinit,"it->first.compare(0, path.size(), path) == 0 &&"
0,4354,18,4354,47,statement,logos::compiler::BorrowChecker::erase_reinit,it->first[path.size()] == '.');
7,4355,18,4355,25,statement,logos::compiler::BorrowChecker::erase_reinit,it = covered ? moved.erase(it) : ++it;
6,4355,28,4355,43,statement,logos::compiler::BorrowChecker::erase_reinit,it = covered ? moved.erase(it) : ++it;
1,4355,46,4355,50,statement,logos::compiler::BorrowChecker::erase_reinit,it = covered ? moved.erase(it) : ++it;
366134,4359,83,4400,6,call / statement,logos::compiler::BorrowChecker::consume,"bool consume(const std::string& name, uint32_t line, uint32_t slot = NO_SLOT) {"
366134,4361,13,4361,26,if guard,logos::compiler::BorrowChecker::consume,if (it == nullptr) return true;
2674,4361,28,4361,39,if guard,logos::compiler::BorrowChecker::consume,if (it == nullptr) return true;
363460,4362,9,4400,6,if guard,logos::compiler::BorrowChecker::consume,if (!it->moved_fields.empty()) {
363460,4362,13,4362,38,if guard,logos::compiler::BorrowChecker::consume,if (!it->moved_fields.empty()) {
7,4362,40,4368,10,if guard,logos::compiler::BorrowChecker::consume,if (!it->moved_fields.empty()) {
363453,4369,9,4400,6,if guard,logos::compiler::BorrowChecker::consume,if (it->moved) {
363453,4369,13,4369,22,if guard,logos::compiler::BorrowChecker::consume,if (it->moved) {
36,4369,24,4377,10,if guard,logos::compiler::BorrowChecker::consume,if (it->moved) {
36,4371,17,4371,21,if guard,logos::compiler::BorrowChecker::consume,if (prev)
36,4372,17,4373,79,diagnostic emission,logos::compiler::BorrowChecker::consume,"report(line, std::format("
0,4375,17,4375,75,diagnostic emission,logos::compiler::BorrowChecker::consume,"report(line, std::format(""use of moved value '{}'"", name));"
363417,4378,9,4400,6,if guard,logos::compiler::BorrowChecker::consume,if (it->mut_borrowed || it->shared_borrows > 0 ||
363417,4378,13,4378,29,if guard,logos::compiler::BorrowChecker::consume,if (it->mut_borrowed || it->shared_borrows > 0 ||
363417,4378,13,4378,55,if guard,logos::compiler::BorrowChecker::consume,if (it->mut_borrowed || it->shared_borrows > 0 ||
363417,4378,13,4379,37,if guard,logos::compiler::BorrowChecker::consume,if (it->mut_borrowed || it->shared_borrows > 0 ||
363412,4378,33,4378,55,if guard,logos::compiler::BorrowChecker::consume,if (it->mut_borrowed || it->shared_borrows > 0 ||
363401,4379,13,4379,37,call / statement,logos::compiler::BorrowChecker::consume,it->mut_reservations > 0) {
17,4379,39,4382,10,call / statement,logos::compiler::BorrowChecker::consume,it->mut_reservations > 0) {
363400,4385,9,4400,6,if guard,logos::compiler::BorrowChecker::consume,"if (field_borrow_conflicts((*it), name, /*path=*/"""","
363400,4385,13,4386,74,if guard,logos::compiler::BorrowChecker::consume,"if (field_borrow_conflicts((*it), name, /*path=*/"""","
2,4387,13,4387,25,early return,logos::compiler::BorrowChecker::consume,return false;
363398,4388,9,4399,20,statement,logos::compiler::BorrowChecker::consume,{
645179,4410,63,4415,6,call / statement,logos::compiler::BorrowChecker::visit_place_base,"void visit_place_base(lir_view::ExprRef e, uint32_t line) {"
9995,4429,56,4483,6,statement,logos::compiler::BorrowChecker::deref_move_exempt,bool deref_move_exempt(lir_view::ExprRef op) const {
9995,4430,13,4430,16,if guard,logos::compiler::BorrowChecker::deref_move_exempt,if (!op) return true;
0,4430,18,4430,29,if guard,logos::compiler::BorrowChecker::deref_move_exempt,if (!op) return true;
9995,4431,9,4483,6,statement,logos::compiler::BorrowChecker::deref_move_exempt,using Code = lir_schema::expr::Code;
9995,4442,13,4442,38,if guard,logos::compiler::BorrowChecker::deref_move_exempt,if (op.kind() == Code::VarRef &&
9995,4442,13,4443,75,if guard,logos::compiler::BorrowChecker::deref_move_exempt,if (op.kind() == Code::VarRef &&
7972,4443,13,4443,75,call / statement,logos::compiler::BorrowChecker::deref_move_exempt,"lir_view::EVarRefView{op}.name().starts_with(""__static_addr:""))"
177,4444,13,4444,25,early return,logos::compiler::BorrowChecker::deref_move_exempt,return false;
9818,4445,9,4483,6,statement,logos::compiler::BorrowChecker::deref_move_exempt,auto ot = op.type(pool);
9818,4454,13,4454,15,if guard,logos::compiler::BorrowChecker::deref_move_exempt,if (ot && ot.kind() == LogosType::Kind::Ptr) return true;
9818,4454,13,4454,52,if guard,logos::compiler::BorrowChecker::deref_move_exempt,if (ot && ot.kind() == LogosType::Kind::Ptr) return true;
9818,4454,19,4454,52,if guard,logos::compiler::BorrowChecker::deref_move_exempt,if (ot && ot.kind() == LogosType::Kind::Ptr) return true;
6866,4454,54,4454,65,if guard,logos::compiler::BorrowChecker::deref_move_exempt,if (ot && ot.kind() == LogosType::Kind::Ptr) return true;
2952,4466,9,4483,6,if guard,logos::compiler::BorrowChecker::deref_move_exempt,if (auto dt = deref_type_of_(op); dt && dt.kind() == LogosType::Kind::TypeVar)
2952,4466,43,4466,45,if guard,logos::compiler::BorrowChecker::deref_move_exempt,if (auto dt = deref_type_of_(op); dt && dt.kind() == LogosType::Kind::TypeVar)
2952,4466,43,4466,86,if guard,logos::compiler::BorrowChecker::deref_move_exempt,if (auto dt = deref_type_of_(op); dt && dt.kind() == LogosType::Kind::TypeVar)
2952,4466,49,4466,86,if guard,logos::compiler::BorrowChecker::deref_move_exempt,if (auto dt = deref_type_of_(op); dt && dt.kind() == LogosType::Kind::TypeVar)
8,4467,13,4467,24,early return,logos::compiler::BorrowChecker::deref_move_exempt,return true;
2944,4481,9,4483,6,if guard,logos::compiler::BorrowChecker::deref_move_exempt,if (in_destructure_temp_) return true;
2944,4481,13,4481,33,if guard,logos::compiler::BorrowChecker::deref_move_exempt,if (in_destructure_temp_) return true;
3,4481,35,4481,46,if guard,logos::compiler::BorrowChecker::deref_move_exempt,if (in_destructure_temp_) return true;
2941,4482,9,4482,21,early return,logos::compiler::BorrowChecker::deref_move_exempt,return false;
2952,4488,56,4497,6,statement,logos::compiler::BorrowChecker::deref_type_of_,TypeRef deref_type_of_(lir_view::ExprRef op) const {
2952,4490,19,4490,21,statement,logos::compiler::BorrowChecker::deref_type_of_,auto ot = op ? op.type(pool) : TypeRef(nullptr);
2952,4490,24,4490,37,statement,logos::compiler::BorrowChecker::deref_type_of_,auto ot = op ? op.type(pool) : TypeRef(nullptr);
0,4490,40,4490,56,statement,logos::compiler::BorrowChecker::deref_type_of_,auto ot = op ? op.type(pool) : TypeRef(nullptr);
2952,4491,13,4491,16,if guard,logos::compiler::BorrowChecker::deref_type_of_,if (!ot) return TypeRef(nullptr);
0,4491,18,4491,41,if guard,logos::compiler::BorrowChecker::deref_type_of_,if (!ot) return TypeRef(nullptr);
2952,4492,9,4497,6,if guard,logos::compiler::BorrowChecker::deref_type_of_,if (ot.kind() == LogosType::Kind::Ref ||
2952,4492,13,4492,46,if guard,logos::compiler::BorrowChecker::deref_type_of_,if (ot.kind() == LogosType::Kind::Ref ||
2952,4492,13,4493,49,if guard,logos::compiler::BorrowChecker::deref_type_of_,if (ot.kind() == LogosType::Kind::Ref ||
2952,4492,13,4494,46,if guard,logos::compiler::BorrowChecker::deref_type_of_,if (ot.kind() == LogosType::Kind::Ref ||
408,4493,13,4493,49,statement,logos::compiler::BorrowChecker::deref_type_of_,ot.kind() == LogosType::Kind::MutRef ||
0,4494,13,4494,46,call / statement,logos::compiler::BorrowChecker::deref_type_of_,ot.kind() == LogosType::Kind::Ptr)
2952,4495,13,4495,32,early return,logos::compiler::BorrowChecker::deref_type_of_,return ot.pointee();
0,4496,9,4496,32,early return,logos::compiler::BorrowChecker::deref_type_of_,return TypeRef(nullptr);
18,4504,64,4527,6,statement,logos::compiler::BorrowChecker::deref_move_message[abi:cxx11],std::string deref_move_message(lir_view::ExprRef op) const {
18,4507,13,4507,15,if guard,logos::compiler::BorrowChecker::deref_move_message[abi:cxx11],if (op && op.kind() == Code::VarRef) {
18,4507,13,4507,44,if guard,logos::compiler::BorrowChecker::deref_move_message[abi:cxx11],if (op && op.kind() == Code::VarRef) {
18,4507,19,4507,44,if guard,logos::compiler::BorrowChecker::deref_move_message[abi:cxx11],if (op && op.kind() == Code::VarRef) {
14,4507,46,4520,10,if guard,logos::compiler::BorrowChecker::deref_move_message[abi:cxx11],if (op && op.kind() == Code::VarRef) {
14,4510,17,4510,36,if guard,logos::compiler::BorrowChecker::deref_move_message[abi:cxx11],if (n.starts_with(kPfx)) {
11,4510,38,4519,14,if guard,logos::compiler::BorrowChecker::deref_move_message[abi:cxx11],if (n.starts_with(kPfx)) {
11,4515,46,4515,73,if guard,logos::compiler::BorrowChecker::deref_move_message[abi:cxx11],if (auto d = sym.rfind('$'); d != std::string_view::npos)
11,4516,21,4516,44,statement,logos::compiler::BorrowChecker::deref_move_message[abi:cxx11],sym = sym.substr(d + 1);
7,4521,9,4527,6,statement,logos::compiler::BorrowChecker::deref_move_message[abi:cxx11],auto ot = op ? op.type(pool) : TypeRef(nullptr);
7,4521,19,4521,21,statement,logos::compiler::BorrowChecker::deref_move_message[abi:cxx11],auto ot = op ? op.type(pool) : TypeRef(nullptr);
7,4521,24,4521,37,statement,logos::compiler::BorrowChecker::deref_move_message[abi:cxx11],auto ot = op ? op.type(pool) : TypeRef(nullptr);
0,4521,40,4521,56,statement,logos::compiler::BorrowChecker::deref_move_message[abi:cxx11],auto ot = op ? op.type(pool) : TypeRef(nullptr);
7,4522,13,4522,15,if guard,logos::compiler::BorrowChecker::deref_move_message[abi:cxx11],if (ot && ot.kind() == LogosType::Kind::Ref)
7,4522,13,4522,52,if guard,logos::compiler::BorrowChecker::deref_move_message[abi:cxx11],if (ot && ot.kind() == LogosType::Kind::Ref)
7,4522,19,4522,52,if guard,logos::compiler::BorrowChecker::deref_move_message[abi:cxx11],if (ot && ot.kind() == LogosType::Kind::Ref)
4,4523,13,4523,82,early return,logos::compiler::BorrowChecker::deref_move_message[abi:cxx11],"return ""cannot move out of a value behind a shared reference (E0507)"";"
3,4524,9,4527,6,if guard,logos::compiler::BorrowChecker::deref_move_message[abi:cxx11],if (ot && ot.kind() == LogosType::Kind::MutRef)
3,4524,13,4524,15,if guard,logos::compiler::BorrowChecker::deref_move_message[abi:cxx11],if (ot && ot.kind() == LogosType::Kind::MutRef)
3,4524,13,4524,55,if guard,logos::compiler::BorrowChecker::deref_move_message[abi:cxx11],if (ot && ot.kind() == LogosType::Kind::MutRef)
3,4524,19,4524,55,if guard,logos::compiler::BorrowChecker::deref_move_message[abi:cxx11],if (ot && ot.kind() == LogosType::Kind::MutRef)
3,4525,13,4525,83,early return,logos::compiler::BorrowChecker::deref_move_message[abi:cxx11],"return ""cannot move out of a value behind a mutable reference (E0507)"";"
0,4526,9,4526,58,early return,logos::compiler::BorrowChecker::deref_move_message[abi:cxx11],"return ""cannot move out of a dereference (E0507)"";"
30052639,4529,86,4552,6,call / statement,logos::compiler::BorrowChecker::check_live,"void check_live(const std::string& name, uint32_t line, uint32_t slot = NO_SLOT) {"
30052639,4531,46,4531,68,if guard,logos::compiler::BorrowChecker::check_live,if (auto dit = dangling_.find(name); dit != dangling_.end()) {
45,4531,70,4537,10,if guard,logos::compiler::BorrowChecker::check_live,if (auto dit = dangling_.find(name); dit != dangling_.end()) {
30052639,4539,13,4539,26,if guard,logos::compiler::BorrowChecker::check_live,if (it == nullptr) return;
41211,4539,28,4539,34,if guard,logos::compiler::BorrowChecker::check_live,if (it == nullptr) return;
30011428,4540,9,4552,6,if guard,logos::compiler::BorrowChecker::check_live,if (it->moved) {
30011428,4540,13,4540,22,if guard,logos::compiler::BorrowChecker::check_live,if (it->moved) {
11,4540,24,4547,10,if guard,logos::compiler::BorrowChecker::check_live,if (it->moved) {
11,4542,17,4542,21,if guard,logos::compiler::BorrowChecker::check_live,if (prev)
11,4543,17,4544,79,diagnostic emission,logos::compiler::BorrowChecker::check_live,"report(line, std::format("
0,4546,17,4546,75,diagnostic emission,logos::compiler::BorrowChecker::check_live,"report(line, std::format(""use of moved value '{}'"", name));"
30011428,4548,13,4548,29,if guard,logos::compiler::BorrowChecker::check_live,if (it->mut_borrowed) {
46,4548,31,4551,10,if guard,logos::compiler::BorrowChecker::check_live,if (it->mut_borrowed) {
10596830,4578,78,4606,6,call / statement,logos::compiler::BorrowChecker::check_whole_read_vs_field_loans,"void check_whole_read_vs_field_loans(lir_view::ExprRef e, uint32_t line) {"
10596830,4581,16,4581,19,loop body,logos::compiler::BorrowChecker::check_whole_read_vs_field_loans,while (cur && cur.kind() == EC::Cast)
10596830,4581,16,4581,45,loop body,logos::compiler::BorrowChecker::check_whole_read_vs_field_loans,while (cur && cur.kind() == EC::Cast)
10596830,4581,23,4581,45,loop body,logos::compiler::BorrowChecker::check_whole_read_vs_field_loans,while (cur && cur.kind() == EC::Cast)
0,4582,13,4582,53,statement,logos::compiler::BorrowChecker::check_whole_read_vs_field_loans,cur = lir_view::ECastView{cur}.operand();
10596830,4583,13,4583,17,if guard,logos::compiler::BorrowChecker::check_whole_read_vs_field_loans,if (!cur) return;
0,4583,19,4583,25,if guard,logos::compiler::BorrowChecker::check_whole_read_vs_field_loans,if (!cur) return;
10596830,4584,9,4606,6,statement,logos::compiler::BorrowChecker::check_whole_read_vs_field_loans,std::string nm;
10596830,4586,13,4586,37,if guard,logos::compiler::BorrowChecker::check_whole_read_vs_field_loans,if (cur.kind() == EC::AddrOf) {
18138,4586,39,4588,10,if guard,logos::compiler::BorrowChecker::check_whole_read_vs_field_loans,if (cur.kind() == EC::AddrOf) {
10578692,4588,16,4596,10,else branch,logos::compiler::BorrowChecker::check_whole_read_vs_field_loans,} else {
10578692,4589,17,4589,45,if guard,logos::compiler::BorrowChecker::check_whole_read_vs_field_loans,if (cur.kind() == EC::AddrOfTemp)
1,4590,17,4590,61,statement,logos::compiler::BorrowChecker::check_whole_read_vs_field_loans,cur = lir_view::EAddrOfTempView{cur}.inner();
10578692,4591,20,4591,23,loop body,logos::compiler::BorrowChecker::check_whole_read_vs_field_loans,while (cur && cur.kind() == EC::Cast)
10578692,4591,20,4591,49,loop body,logos::compiler::BorrowChecker::check_whole_read_vs_field_loans,while (cur && cur.kind() == EC::Cast)
10578692,4591,27,4591,49,loop body,logos::compiler::BorrowChecker::check_whole_read_vs_field_loans,while (cur && cur.kind() == EC::Cast)
0,4592,17,4592,57,statement,logos::compiler::BorrowChecker::check_whole_read_vs_field_loans,cur = lir_view::ECastView{cur}.operand();
10578692,4593,17,4593,21,if guard,logos::compiler::BorrowChecker::check_whole_read_vs_field_loans,if (!cur || cur.kind() != EC::VarRef) return;
10578692,4593,17,4593,49,if guard,logos::compiler::BorrowChecker::check_whole_read_vs_field_loans,if (!cur || cur.kind() != EC::VarRef) return;
10578692,4593,25,4593,49,if guard,logos::compiler::BorrowChecker::check_whole_read_vs_field_loans,if (!cur || cur.kind() != EC::VarRef) return;
15875,4593,51,4593,57,if guard,logos::compiler::BorrowChecker::check_whole_read_vs_field_loans,if (!cur || cur.kind() != EC::VarRef) return;
10562817,4594,13,4596,10,statement,logos::compiler::BorrowChecker::check_whole_read_vs_field_loans,nm = std::string(lir_view::EVarRefView{cur}.name());
10580955,4597,9,4606,6,if guard,logos::compiler::BorrowChecker::check_whole_read_vs_field_loans,if (nm.empty()) return;
10580955,4597,13,4597,23,if guard,logos::compiler::BorrowChecker::check_whole_read_vs_field_loans,if (nm.empty()) return;
0,4597,25,4597,31,if guard,logos::compiler::BorrowChecker::check_whole_read_vs_field_loans,if (nm.empty()) return;
10580955,4598,9,4606,6,statement,logos::compiler::BorrowChecker::check_whole_read_vs_field_loans,"auto* it = var_find(slot, nm);"
10580955,4599,13,4599,16,if guard,logos::compiler::BorrowChecker::check_whole_read_vs_field_loans,if (!it || it->mut_field_borrows.empty()) return;
10580955,4599,13,4599,49,if guard,logos::compiler::BorrowChecker::check_whole_read_vs_field_loans,if (!it || it->mut_field_borrows.empty()) return;
10580946,4599,20,4599,49,if guard,logos::compiler::BorrowChecker::check_whole_read_vs_field_loans,if (!it || it->mut_field_borrows.empty()) return;
10580951,4599,51,4599,57,if guard,logos::compiler::BorrowChecker::check_whole_read_vs_field_loans,if (!it || it->mut_field_borrows.empty()) return;
4,4603,9,4606,6,diagnostic emission,logos::compiler::BorrowChecker::check_whole_read_vs_field_loans,"report(line, std::format("
0,4616,57,4618,6,statement,logos::compiler::BorrowChecker::expr_ref,lir_view::ExprRef expr_ref(const LExprPtr& e) const {
0,4620,54,4625,6,statement,logos::compiler::BorrowChecker::pat_ref,lir_view::PatRef pat_ref(const Pattern& p) const {
21194302,4629,52,4651,6,call / statement,logos::compiler::BorrowChecker::declare_pat_bindings,void declare_pat_bindings(lir_view::PatRef pr) {
21194302,4630,13,4630,16,if guard,logos::compiler::BorrowChecker::declare_pat_bindings,if (!pr) return;
0,4630,18,4630,24,if guard,logos::compiler::BorrowChecker::declare_pat_bindings,if (!pr) return;
21194302,4631,9,4651,6,statement,logos::compiler::BorrowChecker::declare_pat_bindings,using Code = lir_schema::pat::Code;
14161618,4633,13,4641,22,switch arm,logos::compiler::BorrowChecker::declare_pat_bindings,case Code::VariantData: {
14161535,4637,56,4640,18,call / statement,logos::compiler::BorrowChecker::declare_pat_bindings,v.each_binding([&](std::string_view b) {
14161535,4638,49,4638,65,statement,logos::compiler::BorrowChecker::declare_pat_bindings,"declare_var(std::string(b), i < slots.size() ? slots[i] : NO_SLOT);"
14152688,4638,68,4638,76,statement,logos::compiler::BorrowChecker::declare_pat_bindings,"declare_var(std::string(b), i < slots.size() ? slots[i] : NO_SLOT);"
8847,4638,79,4638,86,statement,logos::compiler::BorrowChecker::declare_pat_bindings,"declare_var(std::string(b), i < slots.size() ? slots[i] : NO_SLOT);"
4955,4643,13,4647,22,switch arm,logos::compiler::BorrowChecker::declare_pat_bindings,case Code::Wild: {
4955,4646,21,4646,31,if guard,logos::compiler::BorrowChecker::declare_pat_bindings,"if (!n.empty() && n != ""_"") declare_var(n, wv.bind_slot());  // Phase-1"
4955,4646,21,4646,43,if guard,logos::compiler::BorrowChecker::declare_pat_bindings,"if (!n.empty() && n != ""_"") declare_var(n, wv.bind_slot());  // Phase-1"
4952,4646,35,4646,43,if guard,logos::compiler::BorrowChecker::declare_pat_bindings,"if (!n.empty() && n != ""_"") declare_var(n, wv.bind_slot());  // Phase-1"
100,4646,45,4646,75,if guard,logos::compiler::BorrowChecker::declare_pat_bindings,"if (!n.empty() && n != ""_"") declare_var(n, wv.bind_slot());  // Phase-1"
7027729,4649,13,4649,27,switch arm,logos::compiler::BorrowChecker::declare_pat_bindings,default: break;
0,4652,49,4654,6,call / statement,logos::compiler::BorrowChecker::declare_pat_bindings,void declare_pat_bindings(const Pattern& p) {
7301087,4691,61,4754,6,statement,void logos::compiler::BorrowChecker::each_pat_binding,"void each_pat_binding(lir_view::PatRef pr, F&& f) const {"
7301087,4694,13,4694,16,if guard,void logos::compiler::BorrowChecker::each_pat_binding,if (!pr) return;
0,4694,18,4694,24,if guard,void logos::compiler::BorrowChecker::each_pat_binding,if (!pr) return;
7301087,4695,9,4754,6,statement,void logos::compiler::BorrowChecker::each_pat_binding,const auto* pool = prog_.type_pool.impl();
4314953,4696,60,4703,10,call / statement,auto void logos::compiler::BorrowChecker::each_pat_binding,"auto zip = [&](auto&& each_name, auto&& each_type) {"
4315049,4699,46,4699,69,statement,auto void logos::compiler::BorrowChecker::each_pat_binding,each_name([&](std::string_view b){ ns.emplace_back(b); });
4315049,4700,37,4700,57,statement,auto void logos::compiler::BorrowChecker::each_pat_binding,each_type([&](TypeRef t){ ts.push_back(t); });
8630002,4701,32,4701,45,loop body,auto void logos::compiler::BorrowChecker::each_pat_binding,for (size_t i = 0; i < ns.size(); ++i)
4315049,4701,47,4701,50,loop body,auto void logos::compiler::BorrowChecker::each_pat_binding,for (size_t i = 0; i < ns.size(); ++i)
4315049,4702,17,4702,85,statement,auto void logos::compiler::BorrowChecker::each_pat_binding,"f(std::string_view(ns[i]), i < ts.size() ? ts[i] : TypeRef(nullptr));"
4315049,4702,44,4702,57,statement,auto void logos::compiler::BorrowChecker::each_pat_binding,"f(std::string_view(ns[i]), i < ts.size() ? ts[i] : TypeRef(nullptr));"
4315049,4702,60,4702,65,statement,auto void logos::compiler::BorrowChecker::each_pat_binding,"f(std::string_view(ns[i]), i < ts.size() ? ts[i] : TypeRef(nullptr));"
0,4702,68,4702,84,statement,auto void logos::compiler::BorrowChecker::each_pat_binding,"f(std::string_view(ns[i]), i < ts.size() ? ts[i] : TypeRef(nullptr));"
2985725,4705,13,4752,23,switch arm,void logos::compiler::BorrowChecker::each_pat_binding,case PC::Variant: case PC::Int: case PC::Bool: case PC::Range:
2985732,4705,31,4752,23,switch arm,void logos::compiler::BorrowChecker::each_pat_binding,case PC::Variant: case PC::Int: case PC::Bool: case PC::Range:
2985732,4705,45,4752,23,switch arm,void logos::compiler::BorrowChecker::each_pat_binding,case PC::Variant: case PC::Int: case PC::Bool: case PC::Range:
2985732,4705,60,4706,23,switch arm,void logos::compiler::BorrowChecker::each_pat_binding,case PC::Variant: case PC::Int: case PC::Bool: case PC::Range:
259,4707,13,4709,23,switch arm,void logos::compiler::BorrowChecker::each_pat_binding,case PC::Wild:
4314915,4710,13,4714,23,switch arm,void logos::compiler::BorrowChecker::each_pat_binding,case PC::VariantData: {
4314915,4712,34,4712,56,statement,auto void logos::compiler::BorrowChecker::each_pat_binding,"zip([&](auto&& g){ v.each_binding(g); },"
4314915,4713,34,4713,67,statement,auto void logos::compiler::BorrowChecker::each_pat_binding,"[&](auto&& g){ v.each_binding_type(pool, g); });"
38,4716,13,4721,23,switch arm,void logos::compiler::BorrowChecker::each_pat_binding,case PC::Tuple: {
38,4718,34,4718,56,statement,auto void logos::compiler::BorrowChecker::each_pat_binding,"zip([&](auto&& g){ v.each_binding(g); },"
38,4719,34,4719,67,statement,auto void logos::compiler::BorrowChecker::each_pat_binding,"[&](auto&& g){ v.each_binding_type(pool, g); });"
80,4720,43,4720,72,statement,void logos::compiler::BorrowChecker::each_pat_binding,"v.each_sub([&](PatRef sub){ each_pat_binding(sub, f); });"
46,4723,13,4728,23,switch arm,void logos::compiler::BorrowChecker::each_pat_binding,case PC::Struct:
51,4724,74,4727,18,call / statement,void logos::compiler::BorrowChecker::each_pat_binding,PatStructView{pr}.each_field([&](PatFieldBindingView fb) {
51,4725,30,4725,33,if guard,void logos::compiler::BorrowChecker::each_pat_binding,"if (auto sub = fb.sub()) each_pat_binding(sub, f);"
38,4725,46,4725,70,if guard,void logos::compiler::BorrowChecker::each_pat_binding,"if (auto sub = fb.sub()) each_pat_binding(sub, f);"
13,4726,26,4726,62,else branch,void logos::compiler::BorrowChecker::each_pat_binding,"else f(fb.field_name(), TypeRef(nullptr));"
0,4729,13,4731,23,switch arm,void logos::compiler::BorrowChecker::each_pat_binding,case PC::Or:
0,4730,55,4730,84,statement,void logos::compiler::BorrowChecker::each_pat_binding,"PatOrView{pr}.each_alt([&](PatRef alt){ each_pat_binding(alt, f); });"
29,4732,13,4737,23,switch arm,void logos::compiler::BorrowChecker::each_pat_binding,case PC::Slice: {
31,4734,46,4734,75,statement,void logos::compiler::BorrowChecker::each_pat_binding,"v.each_prefix([&](PatRef sub){ each_pat_binding(sub, f); });"
19,4735,46,4735,75,statement,void logos::compiler::BorrowChecker::each_pat_binding,"v.each_rest  ([&](PatRef sub){ each_pat_binding(sub, f); });"
8,4736,46,4736,75,statement,void logos::compiler::BorrowChecker::each_pat_binding,"v.each_suffix([&](PatRef sub){ each_pat_binding(sub, f); });"
0,4739,13,4743,23,switch arm,void logos::compiler::BorrowChecker::each_pat_binding,case PC::At: {
0,4742,26,4742,29,if guard,void logos::compiler::BorrowChecker::each_pat_binding,"if (auto sub = v.sub()) each_pat_binding(sub, f);"
0,4742,41,4742,65,if guard,void logos::compiler::BorrowChecker::each_pat_binding,"if (auto sub = v.sub()) each_pat_binding(sub, f);"
20,4745,13,4748,23,switch arm,void logos::compiler::BorrowChecker::each_pat_binding,case PC::RefBind: {
48,4750,13,4752,23,switch arm,void logos::compiler::BorrowChecker::each_pat_binding,case PC::RefPat:
48,4751,26,4751,28,if guard,void logos::compiler::BorrowChecker::each_pat_binding,"if (auto in = PatRefPatView{pr}.inner()) each_pat_binding(in, f);"
48,4751,58,4751,81,if guard,void logos::compiler::BorrowChecker::each_pat_binding,"if (auto in = PatRefPatView{pr}.inner()) each_pat_binding(in, f);"
21179072,4762,83,4777,6,call / statement,logos::compiler::BorrowChecker::propagate_pat_sources,"const std::vector<std::string>& srcs, uint32_t ln) {"
21179072,4763,13,4763,16,if guard,logos::compiler::BorrowChecker::propagate_pat_sources,if (!pr || srcs.empty()) return;
21179072,4763,13,4763,32,if guard,logos::compiler::BorrowChecker::propagate_pat_sources,if (!pr || srcs.empty()) return;
21179072,4763,20,4763,32,if guard,logos::compiler::BorrowChecker::propagate_pat_sources,if (!pr || srcs.empty()) return;
21140523,4763,34,4763,40,if guard,logos::compiler::BorrowChecker::propagate_pat_sources,if (!pr || srcs.empty()) return;
38549,4764,9,4777,6,call / statement,logos::compiler::BorrowChecker::propagate_pat_sources,"each_pat_binding(pr, [&](std::string_view b, TypeRef t) {"
19350,4764,65,4776,10,call / statement,logos::compiler::BorrowChecker::propagate_pat_sources,"each_pat_binding(pr, [&](std::string_view b, TypeRef t) {"
19350,4765,17,4765,26,if guard,logos::compiler::BorrowChecker::propagate_pat_sources,"if (b.empty() || b == ""_"") return;"
19350,4765,17,4765,38,if guard,logos::compiler::BorrowChecker::propagate_pat_sources,"if (b.empty() || b == ""_"") return;"
19350,4765,30,4765,38,if guard,logos::compiler::BorrowChecker::propagate_pat_sources,"if (b.empty() || b == ""_"") return;"
62,4765,40,4765,46,if guard,logos::compiler::BorrowChecker::propagate_pat_sources,"if (b.empty() || b == ""_"") return;"
19288,4769,13,4776,10,if guard,logos::compiler::BorrowChecker::propagate_pat_sources,if (t && !is_ref_kind(t) && !is_borrow_carrying_type(t)) return;
19288,4769,17,4769,18,if guard,logos::compiler::BorrowChecker::propagate_pat_sources,if (t && !is_ref_kind(t) && !is_borrow_carrying_type(t)) return;
19288,4769,17,4769,37,if guard,logos::compiler::BorrowChecker::propagate_pat_sources,if (t && !is_ref_kind(t) && !is_borrow_carrying_type(t)) return;
19288,4769,17,4769,68,if guard,logos::compiler::BorrowChecker::propagate_pat_sources,if (t && !is_ref_kind(t) && !is_borrow_carrying_type(t)) return;
19265,4769,22,4769,37,if guard,logos::compiler::BorrowChecker::propagate_pat_sources,if (t && !is_ref_kind(t) && !is_borrow_carrying_type(t)) return;
51,4769,41,4769,68,if guard,logos::compiler::BorrowChecker::propagate_pat_sources,if (t && !is_ref_kind(t) && !is_borrow_carrying_type(t)) return;
25,4769,70,4769,76,if guard,logos::compiler::BorrowChecker::propagate_pat_sources,if (t && !is_ref_kind(t) && !is_borrow_carrying_type(t)) return;
19263,4770,13,4776,10,statement,logos::compiler::BorrowChecker::propagate_pat_sources,std::string n(b);
19268,4774,34,4774,78,loop body,logos::compiler::BorrowChecker::propagate_pat_sources,"for (auto& s : srcs) dst.push_back(RefSrc{s, slot_of_binding(s)});"
21179072,4794,75,4819,6,call / statement,logos::compiler::BorrowChecker::propagate_pat_prov,"void propagate_pat_prov(lir_view::PatRef pr, lir_view::ExprRef scrut) {"
21179072,4796,13,4796,16,if guard,logos::compiler::BorrowChecker::propagate_pat_prov,if (!pr || !scrut) return;
21179072,4796,13,4796,26,if guard,logos::compiler::BorrowChecker::propagate_pat_prov,if (!pr || !scrut) return;
21179072,4796,20,4796,26,if guard,logos::compiler::BorrowChecker::propagate_pat_prov,if (!pr || !scrut) return;
0,4796,28,4796,34,if guard,logos::compiler::BorrowChecker::propagate_pat_prov,if (!pr || !scrut) return;
21179072,4797,9,4819,6,statement,logos::compiler::BorrowChecker::propagate_pat_prov,const auto* pool = prog_.type_pool.impl();
21179072,4812,13,4812,41,if guard,logos::compiler::BorrowChecker::propagate_pat_prov,if (!is_borrow_carrying_type(st) && !loan_carrying_type(st)) return;
21179072,4812,13,4812,68,if guard,logos::compiler::BorrowChecker::propagate_pat_prov,if (!is_borrow_carrying_type(st) && !loan_carrying_type(st)) return;
21161854,4812,45,4812,68,if guard,logos::compiler::BorrowChecker::propagate_pat_prov,if (!is_borrow_carrying_type(st) && !loan_carrying_type(st)) return;
21161854,4812,70,4812,76,if guard,logos::compiler::BorrowChecker::propagate_pat_prov,if (!is_borrow_carrying_type(st) && !loan_carrying_type(st)) return;
17218,4813,9,4819,6,statement,logos::compiler::BorrowChecker::propagate_pat_prov,RefProv sp = prov_of(scrut);
10023,4814,45,4817,10,call / statement,logos::compiler::BorrowChecker::propagate_pat_prov,auto bind = [&](std::string_view b) {
10023,4815,17,4815,26,if guard,logos::compiler::BorrowChecker::propagate_pat_prov,"if (b.empty() || b == ""_"") return;"
10023,4815,17,4815,38,if guard,logos::compiler::BorrowChecker::propagate_pat_prov,"if (b.empty() || b == ""_"") return;"
10023,4815,30,4815,38,if guard,logos::compiler::BorrowChecker::propagate_pat_prov,"if (b.empty() || b == ""_"") return;"
2509,4815,40,4815,46,if guard,logos::compiler::BorrowChecker::propagate_pat_prov,"if (b.empty() || b == ""_"") return;"
7514,4816,13,4817,10,statement,logos::compiler::BorrowChecker::propagate_pat_prov,prov_[std::string(b)] = sp;
10023,4818,62,4818,74,statement,logos::compiler::BorrowChecker::propagate_pat_prov,"each_pat_binding(pr, [&](std::string_view b, TypeRef){ bind(b); });"
21179072,4834,82,4842,6,call / statement,logos::compiler::BorrowChecker::propagate_pat_loans,"const std::vector<std::string>& roots, uint32_t ln) {"
21179072,4835,13,4835,16,if guard,logos::compiler::BorrowChecker::propagate_pat_loans,if (!pr || roots.empty()) return;
21179072,4835,13,4835,33,if guard,logos::compiler::BorrowChecker::propagate_pat_loans,if (!pr || roots.empty()) return;
21179072,4835,20,4835,33,if guard,logos::compiler::BorrowChecker::propagate_pat_loans,if (!pr || roots.empty()) return;
13934481,4835,35,4835,41,if guard,logos::compiler::BorrowChecker::propagate_pat_loans,if (!pr || roots.empty()) return;
7244591,4836,9,4842,6,call / statement,logos::compiler::BorrowChecker::propagate_pat_loans,"each_pat_binding(pr, [&](std::string_view b, TypeRef t) {"
4285690,4836,65,4841,10,call / statement,logos::compiler::BorrowChecker::propagate_pat_loans,"each_pat_binding(pr, [&](std::string_view b, TypeRef t) {"
4285690,4837,17,4837,26,if guard,logos::compiler::BorrowChecker::propagate_pat_loans,"if (b.empty() || b == ""_"") return;"
4285690,4837,17,4837,38,if guard,logos::compiler::BorrowChecker::propagate_pat_loans,"if (b.empty() || b == ""_"") return;"
4285690,4837,30,4837,38,if guard,logos::compiler::BorrowChecker::propagate_pat_loans,"if (b.empty() || b == ""_"") return;"
2269904,4837,40,4837,46,if guard,logos::compiler::BorrowChecker::propagate_pat_loans,"if (b.empty() || b == ""_"") return;"
2015786,4838,13,4841,10,if guard,logos::compiler::BorrowChecker::propagate_pat_loans,if (t && !is_ref_kind(t) && !is_borrow_carrying_type(t)) return;
2015786,4838,17,4838,18,if guard,logos::compiler::BorrowChecker::propagate_pat_loans,if (t && !is_ref_kind(t) && !is_borrow_carrying_type(t)) return;
2015786,4838,17,4838,37,if guard,logos::compiler::BorrowChecker::propagate_pat_loans,if (t && !is_ref_kind(t) && !is_borrow_carrying_type(t)) return;
2015786,4838,17,4838,68,if guard,logos::compiler::BorrowChecker::propagate_pat_loans,if (t && !is_ref_kind(t) && !is_borrow_carrying_type(t)) return;
2015709,4838,22,4838,37,if guard,logos::compiler::BorrowChecker::propagate_pat_loans,if (t && !is_ref_kind(t) && !is_borrow_carrying_type(t)) return;
746195,4838,41,4838,68,if guard,logos::compiler::BorrowChecker::propagate_pat_loans,if (t && !is_ref_kind(t) && !is_borrow_carrying_type(t)) return;
739496,4838,70,4838,76,if guard,logos::compiler::BorrowChecker::propagate_pat_loans,if (t && !is_ref_kind(t) && !is_borrow_carrying_type(t)) return;
1276290,4839,13,4841,10,statement,logos::compiler::BorrowChecker::propagate_pat_loans,std::string n(b);
1276364,4840,35,4840,58,loop body,logos::compiler::BorrowChecker::propagate_pat_loans,"for (auto& r : roots) inherit_loans(r, n, ln);"
42285618,4867,46,4949,6,statement,void logos::compiler::BorrowChecker::each_pat_binding_place,F&& f) const {
42285618,4870,13,4870,16,if guard,void logos::compiler::BorrowChecker::each_pat_binding_place,if (!pr || base.empty()) return;
42285618,4870,13,4870,32,if guard,void logos::compiler::BorrowChecker::each_pat_binding_place,if (!pr || base.empty()) return;
42285618,4870,20,4870,32,if guard,void logos::compiler::BorrowChecker::each_pat_binding_place,if (!pr || base.empty()) return;
0,4870,34,4870,40,if guard,void logos::compiler::BorrowChecker::each_pat_binding_place,if (!pr || base.empty()) return;
42285618,4871,9,4949,6,statement,void logos::compiler::BorrowChecker::each_pat_binding_place,const auto* pool = prog_.type_pool.impl();
28265113,4872,48,4872,76,statement,void logos::compiler::BorrowChecker::each_pat_binding_place,"auto sub = [&](const std::string& seg) { return base + ""."" + seg; };"
28264700,4874,60,4883,10,call / statement,auto void logos::compiler::BorrowChecker::each_pat_binding_place,const std::vector<uint32_t>& modes) {
28264778,4877,46,4877,69,statement,auto void logos::compiler::BorrowChecker::each_pat_binding_place,each_name([&](std::string_view b){ ns.emplace_back(b); });
28264778,4878,37,4878,57,statement,auto void logos::compiler::BorrowChecker::each_pat_binding_place,each_type([&](TypeRef t){ ts.push_back(t); });
56529478,4879,32,4879,45,loop body,auto void logos::compiler::BorrowChecker::each_pat_binding_place,for (size_t i = 0; i < ns.size(); ++i)
28264778,4879,47,4879,50,loop body,auto void logos::compiler::BorrowChecker::each_pat_binding_place,for (size_t i = 0; i < ns.size(); ++i)
28264778,4880,17,4882,82,statement,auto void logos::compiler::BorrowChecker::each_pat_binding_place,"f(std::string_view(ns[i]), i < ts.size() ? ts[i] : TypeRef(nullptr),"
28264778,4880,44,4880,57,statement,auto void logos::compiler::BorrowChecker::each_pat_binding_place,"f(std::string_view(ns[i]), i < ts.size() ? ts[i] : TypeRef(nullptr),"
28264778,4880,60,4880,65,statement,auto void logos::compiler::BorrowChecker::each_pat_binding_place,"f(std::string_view(ns[i]), i < ts.size() ? ts[i] : TypeRef(nullptr),"
0,4880,68,4880,84,statement,auto void logos::compiler::BorrowChecker::each_pat_binding_place,"f(std::string_view(ns[i]), i < ts.size() ? ts[i] : TypeRef(nullptr),"
28264778,4882,19,4882,35,statement,auto void logos::compiler::BorrowChecker::each_pat_binding_place,i < modes.size() ? static_cast<uint8_t>(modes[i]) : uint8_t(0));
1266696,4882,38,4882,68,statement,auto void logos::compiler::BorrowChecker::each_pat_binding_place,i < modes.size() ? static_cast<uint8_t>(modes[i]) : uint8_t(0));
26998082,4882,71,4882,81,statement,auto void logos::compiler::BorrowChecker::each_pat_binding_place,i < modes.size() ? static_cast<uint8_t>(modes[i]) : uint8_t(0));
14018114,4885,13,4947,23,switch arm,void logos::compiler::BorrowChecker::each_pat_binding_place,case PC::Variant: case PC::Int: case PC::Bool: case PC::Range:
14018604,4885,31,4947,23,switch arm,void logos::compiler::BorrowChecker::each_pat_binding_place,case PC::Variant: case PC::Int: case PC::Bool: case PC::Range:
14018682,4885,45,4947,23,switch arm,void logos::compiler::BorrowChecker::each_pat_binding_place,case PC::Variant: case PC::Int: case PC::Bool: case PC::Range:
14018846,4885,60,4886,23,switch arm,void logos::compiler::BorrowChecker::each_pat_binding_place,case PC::Variant: case PC::Int: case PC::Bool: case PC::Range:
1512,4887,13,4889,23,switch arm,void logos::compiler::BorrowChecker::each_pat_binding_place,case PC::Wild:
28264526,4890,13,4895,23,switch arm,void logos::compiler::BorrowChecker::each_pat_binding_place,case PC::VariantData: {
28264526,4892,34,4892,56,statement,auto void logos::compiler::BorrowChecker::each_pat_binding_place,"zip([&](auto&& g){ v.each_binding(g); },"
28264526,4893,34,4893,67,statement,auto void logos::compiler::BorrowChecker::each_pat_binding_place,"[&](auto&& g){ v.each_binding_type(pool, g); },"
174,4897,13,4912,23,switch arm,void logos::compiler::BorrowChecker::each_pat_binding_place,case PC::Tuple: {
174,4906,34,4906,56,statement,auto void logos::compiler::BorrowChecker::each_pat_binding_place,"zip([&](auto&& g){ v.each_binding(g); },"
174,4907,34,4907,67,statement,auto void logos::compiler::BorrowChecker::each_pat_binding_place,"[&](auto&& g){ v.each_binding_type(pool, g); },"
408,4911,41,4911,80,statement,void logos::compiler::BorrowChecker::each_pat_binding_place,"v.each_sub([&](PatRef s){ each_pat_binding_place(s, base, f); });"
239,4914,13,4921,23,switch arm,void logos::compiler::BorrowChecker::each_pat_binding_place,case PC::Struct:
335,4915,74,4920,18,call / statement,void logos::compiler::BorrowChecker::each_pat_binding_place,PatStructView{pr}.each_field([&](PatFieldBindingView fb) {
335,4916,38,4916,61,call / statement,void logos::compiler::BorrowChecker::each_pat_binding_place,std::string fp = fb.field_name().empty()
0,4917,42,4917,46,statement,void logos::compiler::BorrowChecker::each_pat_binding_place,? base : sub(std::string(fb.field_name()));
335,4917,49,4917,82,statement,void logos::compiler::BorrowChecker::each_pat_binding_place,? base : sub(std::string(fb.field_name()));
335,4918,30,4918,31,if guard,void logos::compiler::BorrowChecker::each_pat_binding_place,"if (auto s = fb.sub()) each_pat_binding_place(s, fp, f);"
253,4918,44,4918,76,if guard,void logos::compiler::BorrowChecker::each_pat_binding_place,"if (auto s = fb.sub()) each_pat_binding_place(s, fp, f);"
82,4919,26,4919,78,else branch,void logos::compiler::BorrowChecker::each_pat_binding_place,"else f(fb.field_name(), TypeRef(nullptr), fp, uint8_t(0));"
44,4922,13,4924,23,switch arm,void logos::compiler::BorrowChecker::each_pat_binding_place,case PC::Or:
106,4923,53,4923,92,statement,void logos::compiler::BorrowChecker::each_pat_binding_place,"PatOrView{pr}.each_alt([&](PatRef a){ each_pat_binding_place(a, base, f); });"
111,4925,13,4930,23,switch arm,void logos::compiler::BorrowChecker::each_pat_binding_place,case PC::Slice: {
199,4927,44,4927,83,statement,void logos::compiler::BorrowChecker::each_pat_binding_place,"v.each_prefix([&](PatRef s){ each_pat_binding_place(s, base, f); });"
57,4928,44,4928,83,statement,void logos::compiler::BorrowChecker::each_pat_binding_place,"v.each_rest  ([&](PatRef s){ each_pat_binding_place(s, base, f); });"
18,4929,44,4929,83,statement,void logos::compiler::BorrowChecker::each_pat_binding_place,"v.each_suffix([&](PatRef s){ each_pat_binding_place(s, base, f); });"
36,4932,13,4936,23,switch arm,void logos::compiler::BorrowChecker::each_pat_binding_place,case PC::At: {
36,4935,26,4935,27,if guard,void logos::compiler::BorrowChecker::each_pat_binding_place,"if (auto s = v.sub()) each_pat_binding_place(s, base, f);"
36,4935,39,4935,73,if guard,void logos::compiler::BorrowChecker::each_pat_binding_place,"if (auto s = v.sub()) each_pat_binding_place(s, base, f);"
90,4938,13,4942,23,switch arm,void logos::compiler::BorrowChecker::each_pat_binding_place,case PC::RefBind: {
90,4941,27,4941,37,statement,void logos::compiler::BorrowChecker::each_pat_binding_place,uint8_t(v.is_mut() ? 2 : 1));
32,4941,40,4941,41,statement,void logos::compiler::BorrowChecker::each_pat_binding_place,uint8_t(v.is_mut() ? 2 : 1));
58,4941,44,4941,45,statement,void logos::compiler::BorrowChecker::each_pat_binding_place,uint8_t(v.is_mut() ? 2 : 1));
40,4944,13,4947,23,switch arm,void logos::compiler::BorrowChecker::each_pat_binding_place,case PC::RefPat:
40,4945,26,4945,28,if guard,void logos::compiler::BorrowChecker::each_pat_binding_place,if (auto in = PatRefPatView{pr}.inner())
40,4946,21,4946,56,statement,void logos::compiler::BorrowChecker::each_pat_binding_place,"each_pat_binding_place(in, base, f);"
21178992,4989,45,5019,6,call / statement,logos::compiler::BorrowChecker::propagate_pat_borrows,uint32_t ln) {
21178992,4990,13,4990,16,if guard,logos::compiler::BorrowChecker::propagate_pat_borrows,if (!pr || !scrut) return;
21178992,4990,13,4990,26,if guard,logos::compiler::BorrowChecker::propagate_pat_borrows,if (!pr || !scrut) return;
21178992,4990,20,4990,26,if guard,logos::compiler::BorrowChecker::propagate_pat_borrows,if (!pr || !scrut) return;
0,4990,28,4990,34,if guard,logos::compiler::BorrowChecker::propagate_pat_borrows,if (!pr || !scrut) return;
21178992,4991,9,5019,6,statement,logos::compiler::BorrowChecker::propagate_pat_borrows,"BorrowPlace base = extract_borrow_place(scrut, prog_.type_pool.impl());"
21178992,4992,13,4992,30,if guard,logos::compiler::BorrowChecker::propagate_pat_borrows,if (base.root.empty()) return;
54889,4992,32,4992,38,if guard,logos::compiler::BorrowChecker::propagate_pat_borrows,if (base.root.empty()) return;
21124103,4993,9,5019,6,statement,logos::compiler::BorrowChecker::propagate_pat_borrows,"const std::string base_place = fmt_path(base.root, base.path);"
14124171,4996,31,5018,14,call / statement,logos::compiler::BorrowChecker::propagate_pat_borrows,uint8_t mode) {
14124171,5009,21,5009,30,if guard,logos::compiler::BorrowChecker::propagate_pat_borrows,if (mode == 0 || mode > 2 ||
14124171,5009,21,5009,42,if guard,logos::compiler::BorrowChecker::propagate_pat_borrows,if (mode == 0 || mode > 2 ||
14124171,5009,21,5010,30,if guard,logos::compiler::BorrowChecker::propagate_pat_borrows,if (mode == 0 || mode > 2 ||
14124171,5009,21,5010,42,if guard,logos::compiler::BorrowChecker::propagate_pat_borrows,if (mode == 0 || mode > 2 ||
14124171,5009,21,5010,59,if guard,logos::compiler::BorrowChecker::propagate_pat_borrows,if (mode == 0 || mode > 2 ||
624304,5009,34,5009,42,if guard,logos::compiler::BorrowChecker::propagate_pat_borrows,if (mode == 0 || mode > 2 ||
572844,5010,21,5010,30,statement,logos::compiler::BorrowChecker::propagate_pat_borrows,"b.empty() || b == ""_"" || place.empty()) return;"
572844,5010,34,5010,42,statement,logos::compiler::BorrowChecker::propagate_pat_borrows,"b.empty() || b == ""_"" || place.empty()) return;"
572844,5010,46,5010,59,statement,logos::compiler::BorrowChecker::propagate_pat_borrows,"b.empty() || b == ""_"" || place.empty()) return;"
13551327,5010,61,5010,67,statement,logos::compiler::BorrowChecker::propagate_pat_borrows,"b.empty() || b == ""_"" || place.empty()) return;"
572844,5011,17,5018,14,if guard,logos::compiler::BorrowChecker::propagate_pat_borrows,if (place.size() < base_place.size()) return;
572844,5011,21,5011,53,if guard,logos::compiler::BorrowChecker::propagate_pat_borrows,if (place.size() < base_place.size()) return;
0,5011,55,5011,61,if guard,logos::compiler::BorrowChecker::propagate_pat_borrows,if (place.size() < base_place.size()) return;
572844,5012,17,5018,14,statement,logos::compiler::BorrowChecker::propagate_pat_borrows,BorrowPlace bp = base;
572844,5013,21,5013,53,if guard,logos::compiler::BorrowChecker::propagate_pat_borrows,if (place.size() > base_place.size())
572826,5014,21,5016,78,call / statement,logos::compiler::BorrowChecker::propagate_pat_borrows,bp.path = base.path.empty()
572826,5014,31,5014,48,call / statement,logos::compiler::BorrowChecker::propagate_pat_borrows,bp.path = base.path.empty()
572826,5015,35,5015,70,statement,logos::compiler::BorrowChecker::propagate_pat_borrows,? place.substr(base_place.size() + 1)
0,5016,35,5016,78,statement,logos::compiler::BorrowChecker::propagate_pat_borrows,: base.path + place.substr(base_place.size());
21179072,5045,80,5123,6,call / statement,logos::compiler::BorrowChecker::propagate_pat_reborrows,"void propagate_pat_reborrows(lir_view::PatRef pr, lir_view::ExprRef scrut) {"
21179072,5046,13,5046,16,if guard,logos::compiler::BorrowChecker::propagate_pat_reborrows,if (!pr || !scrut) return;
21179072,5046,13,5046,26,if guard,logos::compiler::BorrowChecker::propagate_pat_reborrows,if (!pr || !scrut) return;
21179072,5046,20,5046,26,if guard,logos::compiler::BorrowChecker::propagate_pat_reborrows,if (!pr || !scrut) return;
0,5046,28,5046,34,if guard,logos::compiler::BorrowChecker::propagate_pat_reborrows,if (!pr || !scrut) return;
21179072,5047,9,5123,6,statement,logos::compiler::BorrowChecker::propagate_pat_reborrows,const auto* pool = prog_.type_pool.impl();
21179072,5050,13,5050,26,if guard,logos::compiler::BorrowChecker::propagate_pat_reborrows,if (bases.empty()) {
18674,5050,28,5082,10,if guard,logos::compiler::BorrowChecker::propagate_pat_reborrows,if (bases.empty()) {
18674,5071,17,5071,29,if guard,logos::compiler::BorrowChecker::propagate_pat_reborrows,if (srcs.empty()) return;
18169,5071,31,5071,37,if guard,logos::compiler::BorrowChecker::propagate_pat_reborrows,if (srcs.empty()) return;
505,5072,13,5081,19,call / statement,logos::compiler::BorrowChecker::propagate_pat_reborrows,"each_pat_binding(pr, [&](std::string_view b, TypeRef t) {"
278,5072,69,5080,14,call / statement,logos::compiler::BorrowChecker::propagate_pat_reborrows,"each_pat_binding(pr, [&](std::string_view b, TypeRef t) {"
278,5073,21,5073,30,if guard,logos::compiler::BorrowChecker::propagate_pat_reborrows,"if (b.empty() || b == ""_"" || !is_reborrow_ref_kind(t)) return;"
278,5073,21,5073,42,if guard,logos::compiler::BorrowChecker::propagate_pat_reborrows,"if (b.empty() || b == ""_"" || !is_reborrow_ref_kind(t)) return;"
278,5073,21,5073,70,if guard,logos::compiler::BorrowChecker::propagate_pat_reborrows,"if (b.empty() || b == ""_"" || !is_reborrow_ref_kind(t)) return;"
278,5073,34,5073,42,if guard,logos::compiler::BorrowChecker::propagate_pat_reborrows,"if (b.empty() || b == ""_"" || !is_reborrow_ref_kind(t)) return;"
224,5073,46,5073,70,if guard,logos::compiler::BorrowChecker::propagate_pat_reborrows,"if (b.empty() || b == ""_"" || !is_reborrow_ref_kind(t)) return;"
91,5073,72,5073,78,if guard,logos::compiler::BorrowChecker::propagate_pat_reborrows,"if (b.empty() || b == ""_"" || !is_reborrow_ref_kind(t)) return;"
187,5074,17,5080,14,statement,logos::compiler::BorrowChecker::propagate_pat_reborrows,std::string n(b);
187,5077,21,5077,32,if guard,logos::compiler::BorrowChecker::propagate_pat_reborrows,if (src.empty()) return;
0,5077,34,5077,40,if guard,logos::compiler::BorrowChecker::propagate_pat_reborrows,if (src.empty()) return;
187,5078,17,5080,14,statement,logos::compiler::BorrowChecker::propagate_pat_reborrows,"freeze_ref_closure(n, src);"
21160398,5084,9,5123,6,statement,logos::compiler::BorrowChecker::propagate_pat_reborrows,"std::vector<std::pair<std::string, std::vector<std::string>>> rec;"
37,5085,76,5089,10,statement,logos::compiler::BorrowChecker::propagate_pat_reborrows,auto slot = [&](const std::string& n) -> std::vector<std::string>& {
8,5086,35,5086,72,loop body,logos::compiler::BorrowChecker::propagate_pat_reborrows,for (auto& pr2 : rec) if (pr2.first == n) return pr2.second;
8,5086,39,5086,53,loop body,logos::compiler::BorrowChecker::propagate_pat_reborrows,for (auto& pr2 : rec) if (pr2.first == n) return pr2.second;
0,5086,55,5086,72,loop body,logos::compiler::BorrowChecker::propagate_pat_reborrows,for (auto& pr2 : rec) if (pr2.first == n) return pr2.second;
37,5087,13,5088,37,statement,logos::compiler::BorrowChecker::propagate_pat_reborrows,"rec.emplace_back(n, std::vector<std::string>{});"
21160398,5091,13,5116,19,statement,logos::compiler::BorrowChecker::propagate_pat_reborrows,"each_pat_binding_place(pr, base,"
14142327,5093,30,5116,18,call / statement,logos::compiler::BorrowChecker::propagate_pat_reborrows,uint8_t) {
14142327,5094,25,5094,34,if guard,logos::compiler::BorrowChecker::propagate_pat_reborrows,"if (b.empty() || b == ""_"" || place.empty()) return;"
14142327,5094,25,5094,46,if guard,logos::compiler::BorrowChecker::propagate_pat_reborrows,"if (b.empty() || b == ""_"" || place.empty()) return;"
14142327,5094,25,5094,63,if guard,logos::compiler::BorrowChecker::propagate_pat_reborrows,"if (b.empty() || b == ""_"" || place.empty()) return;"
14142324,5094,38,5094,46,if guard,logos::compiler::BorrowChecker::propagate_pat_reborrows,"if (b.empty() || b == ""_"" || place.empty()) return;"
8863590,5094,50,5094,63,if guard,logos::compiler::BorrowChecker::propagate_pat_reborrows,"if (b.empty() || b == ""_"" || place.empty()) return;"
5278737,5094,65,5094,71,if guard,logos::compiler::BorrowChecker::propagate_pat_reborrows,"if (b.empty() || b == ""_"" || place.empty()) return;"
8863590,5095,21,5116,18,statement,logos::compiler::BorrowChecker::propagate_pat_reborrows,std::string n(b);
8863590,5096,25,5096,35,if guard,logos::compiler::BorrowChecker::propagate_pat_reborrows,if (n == place) return;
0,5096,37,5096,43,if guard,logos::compiler::BorrowChecker::propagate_pat_reborrows,if (n == place) return;
8863590,5097,21,5116,18,if guard,logos::compiler::BorrowChecker::propagate_pat_reborrows,if (reborrow_of_.find(place)) {
8863590,5097,25,5097,49,if guard,logos::compiler::BorrowChecker::propagate_pat_reborrows,if (reborrow_of_.find(place)) {
35,5097,51,5101,22,if guard,logos::compiler::BorrowChecker::propagate_pat_reborrows,if (reborrow_of_.find(place)) {
35,5099,29,5099,76,if guard,logos::compiler::BorrowChecker::propagate_pat_reborrows,"if (std::find(v.begin(), v.end(), place) == v.end())"
35,5100,29,5100,47,statement,logos::compiler::BorrowChecker::propagate_pat_reborrows,v.push_back(place);
63365,5106,25,5109,57,if guard,logos::compiler::BorrowChecker::propagate_pat_reborrows,if (kv.first.size() > pfx.size() &&
63365,5106,29,5106,57,if guard,logos::compiler::BorrowChecker::propagate_pat_reborrows,if (kv.first.size() > pfx.size() &&
63365,5106,29,5107,70,if guard,logos::compiler::BorrowChecker::propagate_pat_reborrows,if (kv.first.size() > pfx.size() &&
62013,5107,29,5107,70,call / statement,logos::compiler::BorrowChecker::propagate_pat_reborrows,"kv.first.compare(0, pfx.size(), pfx) == 0)"
2,5108,29,5109,57,statement,logos::compiler::BorrowChecker::propagate_pat_reborrows,"adds.emplace_back(n + kv.first.substr(place.size()),"
2,5110,42,5115,22,loop body,logos::compiler::BorrowChecker::propagate_pat_reborrows,for (auto& a : adds) {
2,5113,29,5114,47,if guard,logos::compiler::BorrowChecker::propagate_pat_reborrows,"if (std::find(v.begin(), v.end(), s) == v.end())"
2,5113,33,5113,76,if guard,logos::compiler::BorrowChecker::propagate_pat_reborrows,"if (std::find(v.begin(), v.end(), s) == v.end())"
2,5114,33,5114,47,statement,logos::compiler::BorrowChecker::propagate_pat_reborrows,v.push_back(s);
37,5117,34,5122,10,loop body,logos::compiler::BorrowChecker::propagate_pat_reborrows,"for (auto& [n, s] : rec) {"
37,5118,17,5118,26,if guard,logos::compiler::BorrowChecker::propagate_pat_reborrows,if (s.empty()) continue;
0,5118,28,5118,36,if guard,logos::compiler::BorrowChecker::propagate_pat_reborrows,if (s.empty()) continue;
37,5119,13,5122,10,statement,logos::compiler::BorrowChecker::propagate_pat_reborrows,std::vector<std::string> src = s;
10589340,5167,78,5175,6,call / statement,logos::compiler::BorrowChecker::retain_temp_scrut_loan[abi:cxx11],"std::string retain_temp_scrut_loan(lir_view::ExprRef scrut, uint32_t ln) {"
10589340,5168,13,5168,19,if guard,logos::compiler::BorrowChecker::retain_temp_scrut_loan[abi:cxx11],if (!scrut || !is_temporary_value_expr(scrut)) return {};
10589340,5168,13,5168,54,if guard,logos::compiler::BorrowChecker::retain_temp_scrut_loan[abi:cxx11],if (!scrut || !is_temporary_value_expr(scrut)) return {};
10589340,5168,23,5168,54,if guard,logos::compiler::BorrowChecker::retain_temp_scrut_loan[abi:cxx11],if (!scrut || !is_temporary_value_expr(scrut)) return {};
10580117,5168,56,5168,65,if guard,logos::compiler::BorrowChecker::retain_temp_scrut_loan[abi:cxx11],if (!scrut || !is_temporary_value_expr(scrut)) return {};
9223,5169,9,5175,6,statement,logos::compiler::BorrowChecker::retain_temp_scrut_loan[abi:cxx11],const auto* pool = prog_.type_pool.impl();
9223,5170,13,5170,50,if guard,logos::compiler::BorrowChecker::retain_temp_scrut_loan[abi:cxx11],if (!loan_carrying_type(scrut.type(pool))) return {};
9192,5170,52,5170,61,if guard,logos::compiler::BorrowChecker::retain_temp_scrut_loan[abi:cxx11],if (!loan_carrying_type(scrut.type(pool))) return {};
31,5171,9,5174,19,statement,logos::compiler::BorrowChecker::retain_temp_scrut_loan[abi:cxx11],"std::string tmp = ""__scrut_tmp_"" + std::to_string(++scrut_tmp_seq_);"
148417,5184,60,5208,6,statement,logos::compiler::BorrowChecker::is_self_borrowing,bool is_self_borrowing(lir_view::FunctionView f) const {
148417,5189,13,5189,15,if guard,logos::compiler::BorrowChecker::is_self_borrowing,if (!f) return false;
0,5189,17,5189,29,if guard,logos::compiler::BorrowChecker::is_self_borrowing,if (!f) return false;
148417,5190,9,5208,6,statement,logos::compiler::BorrowChecker::is_self_borrowing,auto* pool = prog_.type_pool.impl();
148417,5192,13,5192,27,if guard,logos::compiler::BorrowChecker::is_self_borrowing,if (params.empty() || !is_ref_kind(params[0].type(pool)) ||
148417,5192,13,5192,65,if guard,logos::compiler::BorrowChecker::is_self_borrowing,if (params.empty() || !is_ref_kind(params[0].type(pool)) ||
148417,5192,13,5193,41,if guard,logos::compiler::BorrowChecker::is_self_borrowing,if (params.empty() || !is_ref_kind(params[0].type(pool)) ||
148417,5192,31,5192,65,if guard,logos::compiler::BorrowChecker::is_self_borrowing,if (params.empty() || !is_ref_kind(params[0].type(pool)) ||
141454,5193,13,5193,41,statement,logos::compiler::BorrowChecker::is_self_borrowing,!f.lifetime_params().empty())
7403,5194,13,5194,25,early return,logos::compiler::BorrowChecker::is_self_borrowing,return false;
141014,5195,9,5208,6,statement,logos::compiler::BorrowChecker::is_self_borrowing,TypeRef ret = f.ret_type(pool);
141014,5196,13,5196,41,if guard,logos::compiler::BorrowChecker::is_self_borrowing,if (is_borrow_carrying_type(ret)) return true;
17440,5196,43,5196,54,if guard,logos::compiler::BorrowChecker::is_self_borrowing,if (is_borrow_carrying_type(ret)) return true;
123574,5197,9,5208,6,if guard,logos::compiler::BorrowChecker::is_self_borrowing,if (is_plain_ref_kind(ret)) return true;
123574,5197,13,5197,35,if guard,logos::compiler::BorrowChecker::is_self_borrowing,if (is_plain_ref_kind(ret)) return true;
63637,5197,37,5197,48,if guard,logos::compiler::BorrowChecker::is_self_borrowing,if (is_plain_ref_kind(ret)) return true;
59937,5198,9,5208,6,if guard,logos::compiler::BorrowChecker::is_self_borrowing,if (!is_ref_kind(ret)) return false;
59937,5198,13,5198,30,if guard,logos::compiler::BorrowChecker::is_self_borrowing,if (!is_ref_kind(ret)) return false;
5634,5198,32,5198,44,if guard,logos::compiler::BorrowChecker::is_self_borrowing,if (!is_ref_kind(ret)) return false;
54303,5205,9,5208,6,loop body,logos::compiler::BorrowChecker::is_self_borrowing,for (size_t i = 1; i < params.size(); ++i)
58168,5205,28,5205,45,loop body,logos::compiler::BorrowChecker::is_self_borrowing,for (size_t i = 1; i < params.size(); ++i)
3865,5205,47,5205,50,loop body,logos::compiler::BorrowChecker::is_self_borrowing,for (size_t i = 1; i < params.size(); ++i)
4607,5206,13,5206,64,if guard,logos::compiler::BorrowChecker::is_self_borrowing,if (is_ref_kind(params[i].type(pool))) return false;
4607,5206,17,5206,50,if guard,logos::compiler::BorrowChecker::is_self_borrowing,if (is_ref_kind(params[i].type(pool))) return false;
742,5206,52,5206,64,if guard,logos::compiler::BorrowChecker::is_self_borrowing,if (is_ref_kind(params[i].type(pool))) return false;
53561,5207,9,5207,20,early return,logos::compiler::BorrowChecker::is_self_borrowing,return true;
37222,5211,65,5227,6,statement,logos::compiler::BorrowChecker::result_borrows_self,bool result_borrows_self(lir_view::EMethodCallView v) const {
37222,5213,13,5213,42,call / statement,logos::compiler::BorrowChecker::result_borrows_self,it != fn_index_.by_name.end())
15806,5214,13,5214,49,early return,logos::compiler::BorrowChecker::result_borrows_self,return is_self_borrowing(it->second);
21416,5220,9,5227,6,if guard,logos::compiler::BorrowChecker::result_borrows_self,if (auto it = fn_index_.by_base.find(std::string(v.method()));
21416,5221,13,5221,42,call / statement,logos::compiler::BorrowChecker::result_borrows_self,it != fn_index_.by_base.end() && !it->second.empty()) {
21416,5221,13,5221,65,call / statement,logos::compiler::BorrowChecker::result_borrows_self,it != fn_index_.by_base.end() && !it->second.empty()) {
21401,5221,46,5221,65,call / statement,logos::compiler::BorrowChecker::result_borrows_self,it != fn_index_.by_base.end() && !it->second.empty()) {
21401,5221,67,5225,10,call / statement,logos::compiler::BorrowChecker::result_borrows_self,it != fn_index_.by_base.end() && !it->second.empty()) {
118497,5223,17,5223,56,if guard,logos::compiler::BorrowChecker::result_borrows_self,if (!is_self_borrowing(f)) return false;
118497,5223,21,5223,42,if guard,logos::compiler::BorrowChecker::result_borrows_self,if (!is_self_borrowing(f)) return false;
4949,5223,44,5223,56,if guard,logos::compiler::BorrowChecker::result_borrows_self,if (!is_self_borrowing(f)) return false;
16452,5224,13,5224,24,early return,logos::compiler::BorrowChecker::result_borrows_self,return true;
15,5226,9,5226,21,early return,logos::compiler::BorrowChecker::result_borrows_self,return false;
594279,5233,61,5267,6,statement,logos::compiler::BorrowChecker::method_self_kind,int method_self_kind(lir_view::EMethodCallView v) const {
594279,5237,13,5237,42,call / statement,logos::compiler::BorrowChecker::method_self_kind,it != fn_index_.by_name.end())
258414,5238,13,5238,27,statement,logos::compiler::BorrowChecker::method_self_kind,f = it->second;
335865,5239,14,5251,10,else-if guard,logos::compiler::BorrowChecker::method_self_kind,else if (auto it = fn_index_.by_base.find(std::string(v.method()));
335865,5240,18,5240,47,call / statement,logos::compiler::BorrowChecker::method_self_kind,it != fn_index_.by_base.end() && !it->second.empty()) {
335865,5240,18,5240,70,call / statement,logos::compiler::BorrowChecker::method_self_kind,it != fn_index_.by_base.end() && !it->second.empty()) {
333510,5240,51,5240,70,call / statement,logos::compiler::BorrowChecker::method_self_kind,it != fn_index_.by_base.end() && !it->second.empty()) {
333510,5240,72,5251,10,call / statement,logos::compiler::BorrowChecker::method_self_kind,it != fn_index_.by_base.end() && !it->second.empty()) {
333510,5243,26,5243,42,statement,logos::compiler::BorrowChecker::method_self_kind,auto kind0 = f_params.empty() ? LogosType::Kind::Void
0,5243,45,5243,66,statement,logos::compiler::BorrowChecker::method_self_kind,auto kind0 = f_params.empty() ? LogosType::Kind::Void
333510,5244,45,5244,74,statement,logos::compiler::BorrowChecker::method_self_kind,: f_params[0].type(pool).kind();
16065572,5245,57,5250,14,loop body,logos::compiler::BorrowChecker::method_self_kind,for (lir_view::FunctionView g : it->second) {
16065572,5247,26,5247,42,statement,logos::compiler::BorrowChecker::method_self_kind,auto k = g_params.empty() ? LogosType::Kind::Void
68,5247,45,5247,66,statement,logos::compiler::BorrowChecker::method_self_kind,auto k = g_params.empty() ? LogosType::Kind::Void
16065504,5248,45,5248,74,statement,logos::compiler::BorrowChecker::method_self_kind,: g_params[0].type(pool).kind();
16065572,5249,21,5249,31,if guard,logos::compiler::BorrowChecker::method_self_kind,if (k != kind0) return 0;  // ambiguous
105859,5249,33,5249,41,if guard,logos::compiler::BorrowChecker::method_self_kind,if (k != kind0) return 0;  // ambiguous
488420,5252,9,5267,6,if guard,logos::compiler::BorrowChecker::method_self_kind,if (!f) return 0;
488420,5252,13,5252,15,if guard,logos::compiler::BorrowChecker::method_self_kind,if (!f) return 0;
2355,5252,17,5252,25,if guard,logos::compiler::BorrowChecker::method_self_kind,if (!f) return 0;
486065,5253,9,5267,6,statement,logos::compiler::BorrowChecker::method_self_kind,auto f_params = f.params();
486065,5254,13,5254,29,if guard,logos::compiler::BorrowChecker::method_self_kind,if (f_params.empty()) return 0;
0,5254,31,5254,39,if guard,logos::compiler::BorrowChecker::method_self_kind,if (f_params.empty()) return 0;
486065,5255,9,5267,6,statement,logos::compiler::BorrowChecker::method_self_kind,TypeRef p0 = f_params[0].type(pool);
486065,5257,13,5257,41,if guard,logos::compiler::BorrowChecker::method_self_kind,if (k == LogosType::Kind::MutRef) return 2;
337499,5257,43,5257,51,if guard,logos::compiler::BorrowChecker::method_self_kind,if (k == LogosType::Kind::MutRef) return 2;
148566,5258,9,5267,6,if guard,logos::compiler::BorrowChecker::method_self_kind,if (k == LogosType::Kind::Ref)    return 1;
148566,5258,13,5258,38,if guard,logos::compiler::BorrowChecker::method_self_kind,if (k == LogosType::Kind::Ref)    return 1;
118889,5258,43,5258,51,if guard,logos::compiler::BorrowChecker::method_self_kind,if (k == LogosType::Kind::Ref)    return 1;
29677,5264,9,5267,6,if guard,logos::compiler::BorrowChecker::method_self_kind,if (k == LogosType::Kind::DstRef && !p0.owning_dst())
29677,5264,13,5264,41,if guard,logos::compiler::BorrowChecker::method_self_kind,if (k == LogosType::Kind::DstRef && !p0.owning_dst())
29677,5264,13,5264,61,if guard,logos::compiler::BorrowChecker::method_self_kind,if (k == LogosType::Kind::DstRef && !p0.owning_dst())
2064,5264,45,5264,61,if guard,logos::compiler::BorrowChecker::method_self_kind,if (k == LogosType::Kind::DstRef && !p0.owning_dst())
2064,5265,13,5265,40,early return,logos::compiler::BorrowChecker::method_self_kind,return p0.mut_ptr() ? 2 : 1;
2064,5265,20,5265,32,early return,logos::compiler::BorrowChecker::method_self_kind,return p0.mut_ptr() ? 2 : 1;
442,5265,35,5265,36,early return,logos::compiler::BorrowChecker::method_self_kind,return p0.mut_ptr() ? 2 : 1;
1622,5265,39,5265,40,early return,logos::compiler::BorrowChecker::method_self_kind,return p0.mut_ptr() ? 2 : 1;
27613,5266,9,5266,17,early return,logos::compiler::BorrowChecker::method_self_kind,return 0;
111266,5279,81,5336,6,call / statement,logos::compiler::BorrowChecker::check_recv_conflict,"void check_recv_conflict(const BorrowPlace& bp, bool is_mut, uint32_t line) {"
111266,5280,13,5280,28,if guard,logos::compiler::BorrowChecker::check_recv_conflict,if (bp.root.empty() || !bp.path.empty()) return;
111266,5280,13,5280,48,if guard,logos::compiler::BorrowChecker::check_recv_conflict,if (bp.root.empty() || !bp.path.empty()) return;
103020,5280,32,5280,48,if guard,logos::compiler::BorrowChecker::check_recv_conflict,if (bp.root.empty() || !bp.path.empty()) return;
20237,5280,50,5280,56,if guard,logos::compiler::BorrowChecker::check_recv_conflict,if (bp.root.empty() || !bp.path.empty()) return;
91029,5281,9,5336,6,if guard,logos::compiler::BorrowChecker::check_recv_conflict,if (bp.root_type && bp.root_type.kind() == LogosType::Kind::Ptr) return;
91029,5281,13,5281,25,if guard,logos::compiler::BorrowChecker::check_recv_conflict,if (bp.root_type && bp.root_type.kind() == LogosType::Kind::Ptr) return;
91029,5281,13,5281,72,if guard,logos::compiler::BorrowChecker::check_recv_conflict,if (bp.root_type && bp.root_type.kind() == LogosType::Kind::Ptr) return;
91029,5281,29,5281,72,if guard,logos::compiler::BorrowChecker::check_recv_conflict,if (bp.root_type && bp.root_type.kind() == LogosType::Kind::Ptr) return;
2831,5281,74,5281,80,if guard,logos::compiler::BorrowChecker::check_recv_conflict,if (bp.root_type && bp.root_type.kind() == LogosType::Kind::Ptr) return;
88198,5282,9,5336,6,statement,logos::compiler::BorrowChecker::check_recv_conflict,"auto sit = var_find(bp.root_slot, bp.root);"
88198,5283,13,5283,27,if guard,logos::compiler::BorrowChecker::check_recv_conflict,if (sit == nullptr) return;
24,5283,29,5283,35,if guard,logos::compiler::BorrowChecker::check_recv_conflict,if (sit == nullptr) return;
88174,5284,9,5336,6,if guard,logos::compiler::BorrowChecker::check_recv_conflict,if (sit->mut_borrowed) {
88174,5284,13,5284,30,if guard,logos::compiler::BorrowChecker::check_recv_conflict,if (sit->mut_borrowed) {
10,5284,32,5299,10,if guard,logos::compiler::BorrowChecker::check_recv_conflict,if (sit->mut_borrowed) {
88164,5299,16,5335,35,else-if guard,logos::compiler::BorrowChecker::check_recv_conflict,} else if (is_mut && sit->shared_borrows > 0)
88164,5299,20,5299,26,else-if guard,logos::compiler::BorrowChecker::check_recv_conflict,} else if (is_mut && sit->shared_borrows > 0)
88164,5299,20,5299,53,else-if guard,logos::compiler::BorrowChecker::check_recv_conflict,} else if (is_mut && sit->shared_borrows > 0)
59910,5299,30,5299,53,else-if guard,logos::compiler::BorrowChecker::check_recv_conflict,} else if (is_mut && sit->shared_borrows > 0)
10,5300,13,5302,35,diagnostic emission,logos::compiler::BorrowChecker::check_recv_conflict,"report(line, std::format("
88154,5303,14,5335,35,else-if guard,logos::compiler::BorrowChecker::check_recv_conflict,else if (is_mut && (!sit->shared_field_borrows.empty() ||
88154,5303,18,5303,24,else-if guard,logos::compiler::BorrowChecker::check_recv_conflict,else if (is_mut && (!sit->shared_field_borrows.empty() ||
88154,5303,18,5304,61,else-if guard,logos::compiler::BorrowChecker::check_recv_conflict,else if (is_mut && (!sit->shared_field_borrows.empty() ||
59900,5303,28,5304,61,else-if guard,logos::compiler::BorrowChecker::check_recv_conflict,else if (is_mut && (!sit->shared_field_borrows.empty() ||
59900,5303,29,5303,63,else-if guard,logos::compiler::BorrowChecker::check_recv_conflict,else if (is_mut && (!sit->shared_field_borrows.empty() ||
59900,5304,29,5304,60,statement,logos::compiler::BorrowChecker::check_recv_conflict,!sit->mut_field_borrows.empty()))
0,5305,13,5307,35,diagnostic emission,logos::compiler::BorrowChecker::check_recv_conflict,"report(line, std::format("
88154,5332,14,5335,35,else-if guard,logos::compiler::BorrowChecker::check_recv_conflict,else if (!is_mut && !sit->mut_field_borrows.empty())
88154,5332,18,5332,25,else-if guard,logos::compiler::BorrowChecker::check_recv_conflict,else if (!is_mut && !sit->mut_field_borrows.empty())
88154,5332,18,5332,60,else-if guard,logos::compiler::BorrowChecker::check_recv_conflict,else if (!is_mut && !sit->mut_field_borrows.empty())
28254,5332,29,5332,60,else-if guard,logos::compiler::BorrowChecker::check_recv_conflict,else if (!is_mut && !sit->mut_field_borrows.empty())
1,5333,13,5335,35,diagnostic emission,logos::compiler::BorrowChecker::check_recv_conflict,"report(line, std::format("
7519,5363,45,5436,6,call / statement,logos::compiler::BorrowChecker::check_place_mut_use,uint32_t line) {
7519,5379,13,5379,21,if guard,logos::compiler::BorrowChecker::check_place_mut_use,if (ptr_type && ptr_type.kind() == LogosType::Kind::Ptr) return;
7519,5379,13,5379,64,if guard,logos::compiler::BorrowChecker::check_place_mut_use,if (ptr_type && ptr_type.kind() == LogosType::Kind::Ptr) return;
7519,5379,25,5379,64,if guard,logos::compiler::BorrowChecker::check_place_mut_use,if (ptr_type && ptr_type.kind() == LogosType::Kind::Ptr) return;
6820,5379,66,5379,72,if guard,logos::compiler::BorrowChecker::check_place_mut_use,if (ptr_type && ptr_type.kind() == LogosType::Kind::Ptr) return;
699,5406,9,5436,6,if guard,logos::compiler::BorrowChecker::check_place_mut_use,if (bp.through_ref_type &&
699,5406,13,5406,32,if guard,logos::compiler::BorrowChecker::check_place_mut_use,if (bp.through_ref_type &&
699,5406,13,5407,63,if guard,logos::compiler::BorrowChecker::check_place_mut_use,if (bp.through_ref_type &&
14,5407,13,5407,63,call / statement,logos::compiler::BorrowChecker::check_place_mut_use,bp.through_ref_type.kind() == LogosType::Kind::Ref) {
5,5407,65,5414,10,call / statement,logos::compiler::BorrowChecker::check_place_mut_use,bp.through_ref_type.kind() == LogosType::Kind::Ref) {
5,5409,26,5409,39,diagnostic emission,logos::compiler::BorrowChecker::check_place_mut_use,"report(line, place.empty()"
2,5410,19,5410,81,statement,logos::compiler::BorrowChecker::check_place_mut_use,"? std::string(""cannot assign to a place behind a `&` reference"")"
3,5411,19,5412,63,statement,logos::compiler::BorrowChecker::check_place_mut_use,": std::format(""cannot assign to '{}': '{}' is behind a """
694,5415,9,5436,6,if guard,logos::compiler::BorrowChecker::check_place_mut_use,if (bp.path.empty()) {
694,5415,13,5415,28,if guard,logos::compiler::BorrowChecker::check_place_mut_use,if (bp.path.empty()) {
678,5415,30,5418,10,if guard,logos::compiler::BorrowChecker::check_place_mut_use,if (bp.path.empty()) {
16,5419,9,5436,6,if guard,logos::compiler::BorrowChecker::check_place_mut_use,if (bp.root.empty()) return;
16,5419,13,5419,28,if guard,logos::compiler::BorrowChecker::check_place_mut_use,if (bp.root.empty()) return;
0,5419,30,5419,36,if guard,logos::compiler::BorrowChecker::check_place_mut_use,if (bp.root.empty()) return;
16,5420,9,5436,6,statement,logos::compiler::BorrowChecker::check_place_mut_use,"auto sit = var_find(bp.root_slot, bp.root);"
16,5421,13,5421,27,if guard,logos::compiler::BorrowChecker::check_place_mut_use,if (sit == nullptr) return;
0,5421,29,5421,35,if guard,logos::compiler::BorrowChecker::check_place_mut_use,if (sit == nullptr) return;
16,5427,9,5436,6,if guard,logos::compiler::BorrowChecker::check_place_mut_use,if (sit->mut_borrowed) return;
16,5427,13,5427,30,if guard,logos::compiler::BorrowChecker::check_place_mut_use,if (sit->mut_borrowed) return;
0,5427,32,5427,38,if guard,logos::compiler::BorrowChecker::check_place_mut_use,if (sit->mut_borrowed) return;
16,5428,9,5436,6,if guard,logos::compiler::BorrowChecker::check_place_mut_use,if (sit->shared_borrows > 0) {
16,5428,13,5428,36,if guard,logos::compiler::BorrowChecker::check_place_mut_use,if (sit->shared_borrows > 0) {
0,5428,38,5433,10,if guard,logos::compiler::BorrowChecker::check_place_mut_use,if (sit->shared_borrows > 0) {
16,5434,9,5436,6,statement,logos::compiler::BorrowChecker::check_place_mut_use,"field_borrow_conflicts(*sit, bp.root, bp.path, /*need_exclusive=*/true,"
67908388,5440,51,5442,6,statement,logos::compiler::BorrowChecker::is_borrow_carrying_type,bool is_borrow_carrying_type(TypeRef t) const {
91312727,5463,46,5465,6,statement,logos::compiler::BorrowChecker::loan_carrying_type,bool loan_carrying_type(TypeRef t) const {
20678053,5472,52,5480,6,statement,logos::compiler::BorrowChecker::type_is_residency_exempt,bool type_is_residency_exempt(TypeRef t) const {
20678053,5473,13,5473,15,if guard,logos::compiler::BorrowChecker::type_is_residency_exempt,if (!t) return false;
0,5473,17,5473,29,if guard,logos::compiler::BorrowChecker::type_is_residency_exempt,if (!t) return false;
20678053,5474,9,5479,65,statement,logos::compiler::BorrowChecker::type_is_residency_exempt,auto k = t.kind();
20678053,5476,13,5476,39,if guard,logos::compiler::BorrowChecker::type_is_residency_exempt,if (k == LogosType::Kind::Enum) nm = std::string(t.enum_name());
8783450,5476,41,5476,72,if guard,logos::compiler::BorrowChecker::type_is_residency_exempt,if (k == LogosType::Kind::Enum) nm = std::string(t.enum_name());
11894603,5477,14,5478,46,else-if guard,logos::compiler::BorrowChecker::type_is_residency_exempt,else if (k == LogosType::Kind::Struct || k == LogosType::Kind::ZonedStruct)
11894603,5477,18,5477,46,else-if guard,logos::compiler::BorrowChecker::type_is_residency_exempt,else if (k == LogosType::Kind::Struct || k == LogosType::Kind::ZonedStruct)
11894603,5477,18,5477,83,else-if guard,logos::compiler::BorrowChecker::type_is_residency_exempt,else if (k == LogosType::Kind::Struct || k == LogosType::Kind::ZonedStruct)
8736090,5477,50,5477,83,else-if guard,logos::compiler::BorrowChecker::type_is_residency_exempt,else if (k == LogosType::Kind::Struct || k == LogosType::Kind::ZonedStruct)
3158593,5478,13,5478,46,statement,logos::compiler::BorrowChecker::type_is_residency_exempt,nm = std::string(t.struct_name());
20678053,5479,16,5479,27,early return,logos::compiler::BorrowChecker::type_is_residency_exempt,return !nm.empty() && ts_.residency_exempt.count(nm) > 0;
11942043,5479,31,5479,65,early return,logos::compiler::BorrowChecker::type_is_residency_exempt,return !nm.empty() && ts_.residency_exempt.count(nm) > 0;
12,5522,67,5543,6,statement,logos::compiler::BorrowChecker::type_is_residency_backed,"bool type_is_residency_backed(TypeRef t, int depth = 1) const {"
12,5523,13,5523,15,if guard,logos::compiler::BorrowChecker::type_is_residency_backed,if (!t) return false;
0,5523,17,5523,29,if guard,logos::compiler::BorrowChecker::type_is_residency_backed,if (!t) return false;
12,5524,9,5543,6,statement,logos::compiler::BorrowChecker::type_is_residency_backed,auto k = t.kind();
12,5526,13,5526,39,if guard,logos::compiler::BorrowChecker::type_is_residency_backed,if (k == LogosType::Kind::Enum) nm = std::string(t.enum_name());
0,5526,41,5526,72,if guard,logos::compiler::BorrowChecker::type_is_residency_backed,if (k == LogosType::Kind::Enum) nm = std::string(t.enum_name());
12,5527,14,5528,46,else-if guard,logos::compiler::BorrowChecker::type_is_residency_backed,else if (k == LogosType::Kind::Struct || k == LogosType::Kind::ZonedStruct)
12,5527,18,5527,46,else-if guard,logos::compiler::BorrowChecker::type_is_residency_backed,else if (k == LogosType::Kind::Struct || k == LogosType::Kind::ZonedStruct)
12,5527,18,5527,83,else-if guard,logos::compiler::BorrowChecker::type_is_residency_backed,else if (k == LogosType::Kind::Struct || k == LogosType::Kind::ZonedStruct)
0,5527,50,5527,83,else-if guard,logos::compiler::BorrowChecker::type_is_residency_backed,else if (k == LogosType::Kind::Struct || k == LogosType::Kind::ZonedStruct)
12,5528,13,5528,46,statement,logos::compiler::BorrowChecker::type_is_residency_backed,nm = std::string(t.struct_name());
12,5529,13,5529,24,if guard,logos::compiler::BorrowChecker::type_is_residency_backed,if (!nm.empty()) {
12,5529,26,5538,10,if guard,logos::compiler::BorrowChecker::type_is_residency_backed,if (!nm.empty()) {
12,5530,17,5530,47,if guard,logos::compiler::BorrowChecker::type_is_residency_backed,if (ts_.residency_exempt.count(nm)) return true;
0,5530,49,5530,60,if guard,logos::compiler::BorrowChecker::type_is_residency_backed,if (ts_.residency_exempt.count(nm)) return true;
12,5531,13,5538,10,statement,logos::compiler::BorrowChecker::type_is_residency_backed,std::string_view bare = nm;
12,5532,43,5532,70,if guard,logos::compiler::BorrowChecker::type_is_residency_backed,if (auto d = bare.rfind('.'); d != std::string_view::npos)
0,5533,17,5533,42,statement,logos::compiler::BorrowChecker::type_is_residency_backed,bare = bare.substr(d + 1);
12,5534,43,5534,70,if guard,logos::compiler::BorrowChecker::type_is_residency_backed,"if (auto g = bare.find(""$G""); g != std::string_view::npos)"
0,5535,17,5535,41,statement,logos::compiler::BorrowChecker::type_is_residency_backed,"bare = bare.substr(0, g);"
12,5536,17,5536,62,if guard,logos::compiler::BorrowChecker::type_is_residency_backed,if (ts_.residency_exempt.count(std::string(bare))) return true;
0,5536,64,5536,75,if guard,logos::compiler::BorrowChecker::type_is_residency_backed,if (ts_.residency_exempt.count(std::string(bare))) return true;
12,5537,13,5538,10,if guard,logos::compiler::BorrowChecker::type_is_residency_backed,"if (bare == ""Rc"" || bare == ""Arc"") return true;"
12,5537,17,5537,29,if guard,logos::compiler::BorrowChecker::type_is_residency_backed,"if (bare == ""Rc"" || bare == ""Arc"") return true;"
12,5537,17,5537,46,if guard,logos::compiler::BorrowChecker::type_is_residency_backed,"if (bare == ""Rc"" || bare == ""Arc"") return true;"
2,5537,33,5537,46,if guard,logos::compiler::BorrowChecker::type_is_residency_backed,"if (bare == ""Rc"" || bare == ""Arc"") return true;"
10,5537,48,5537,59,if guard,logos::compiler::BorrowChecker::type_is_residency_backed,"if (bare == ""Rc"" || bare == ""Arc"") return true;"
2,5539,9,5543,6,if guard,logos::compiler::BorrowChecker::type_is_residency_backed,if (depth <= 0) return false;
2,5539,13,5539,23,if guard,logos::compiler::BorrowChecker::type_is_residency_backed,if (depth <= 0) return false;
0,5539,25,5539,37,if guard,logos::compiler::BorrowChecker::type_is_residency_backed,if (depth <= 0) return false;
2,5540,9,5543,6,loop body,logos::compiler::BorrowChecker::type_is_residency_backed,for (auto a : t.type_args())
0,5541,13,5541,77,if guard,logos::compiler::BorrowChecker::type_is_residency_backed,"if (type_is_residency_backed(TypeRef(a), depth - 1)) return true;"
0,5541,17,5541,64,if guard,logos::compiler::BorrowChecker::type_is_residency_backed,"if (type_is_residency_backed(TypeRef(a), depth - 1)) return true;"
0,5541,66,5541,77,if guard,logos::compiler::BorrowChecker::type_is_residency_backed,"if (type_is_residency_backed(TypeRef(a), depth - 1)) return true;"
2,5542,9,5542,21,early return,logos::compiler::BorrowChecker::type_is_residency_backed,return false;
12,5545,64,5547,6,statement,logos::compiler::BorrowChecker::local_is_residency_backed,bool local_is_residency_backed(const std::string& n) const {
20678053,5552,74,5628,6,statement,logos::compiler::BorrowChecker::residency_exemption_holds,"bool residency_exemption_holds(TypeRef t, lir_view::ExprRef e) const {"
20678053,5553,13,5553,41,if guard,logos::compiler::BorrowChecker::residency_exemption_holds,if (!type_is_residency_exempt(t)) return false;
20673903,5553,43,5553,55,if guard,logos::compiler::BorrowChecker::residency_exemption_holds,if (!type_is_residency_exempt(t)) return false;
4150,5554,9,5628,6,if guard,logos::compiler::BorrowChecker::residency_exemption_holds,if (!e) return true;
4150,5554,13,5554,15,if guard,logos::compiler::BorrowChecker::residency_exemption_holds,if (!e) return true;
0,5554,17,5554,28,if guard,logos::compiler::BorrowChecker::residency_exemption_holds,if (!e) return true;
4150,5555,9,5628,6,statement,logos::compiler::BorrowChecker::residency_exemption_holds,std::vector<std::string> srcs;
12,5557,30,5565,10,loop body,logos::compiler::BorrowChecker::residency_exemption_holds,for (auto& n : srcs) {
12,5558,17,5558,39,if guard,logos::compiler::BorrowChecker::residency_exemption_holds,if (is_return_temp_name(n) || is_materialized_temp_name(n)) continue;
12,5558,17,5558,71,if guard,logos::compiler::BorrowChecker::residency_exemption_holds,if (is_return_temp_name(n) || is_materialized_temp_name(n)) continue;
12,5558,43,5558,71,if guard,logos::compiler::BorrowChecker::residency_exemption_holds,if (is_return_temp_name(n) || is_materialized_temp_name(n)) continue;
0,5558,73,5558,81,if guard,logos::compiler::BorrowChecker::residency_exemption_holds,if (is_return_temp_name(n) || is_materialized_temp_name(n)) continue;
12,5559,13,5565,10,if guard,logos::compiler::BorrowChecker::residency_exemption_holds,if (!local_is_residency_backed(n)) {
12,5559,17,5559,46,if guard,logos::compiler::BorrowChecker::residency_exemption_holds,if (!local_is_residency_backed(n)) {
2,5559,48,5564,14,if guard,logos::compiler::BorrowChecker::residency_exemption_holds,if (!local_is_residency_backed(n)) {
2,5560,21,5560,50,if guard,logos::compiler::BorrowChecker::residency_exemption_holds,"if (std::getenv(""LOGOS_86_TRACE""))"
0,5561,21,5562,57,statement,logos::compiler::BorrowChecker::residency_exemption_holds,"fprintf(stderr, ""[#86trace-exempt-denied] fn=%s src=%s\n"","
0,5561,29,5561,29,statement,logos::compiler::BorrowChecker::residency_exemption_holds,"fprintf(stderr, ""[#86trace-exempt-denied] fn=%s src=%s\n"","
4148,5616,9,5628,6,statement,logos::compiler::BorrowChecker::residency_exemption_holds,{
649,5619,17,5619,62,if guard,logos::compiler::BorrowChecker::residency_exemption_holds,if (type_is_share_handle(kv.second)) ++nshare;
649,5619,21,5619,52,if guard,logos::compiler::BorrowChecker::residency_exemption_holds,if (type_is_share_handle(kv.second)) ++nshare;
150,5619,54,5619,62,if guard,logos::compiler::BorrowChecker::residency_exemption_holds,if (type_is_share_handle(kv.second)) ++nshare;
4148,5620,17,5620,27,if guard,logos::compiler::BorrowChecker::residency_exemption_holds,if (nshare > 1) {
54,5620,29,5625,14,if guard,logos::compiler::BorrowChecker::residency_exemption_holds,if (nshare > 1) {
54,5621,21,5621,50,if guard,logos::compiler::BorrowChecker::residency_exemption_holds,"if (std::getenv(""LOGOS_86_TRACE""))"
0,5622,21,5623,54,statement,logos::compiler::BorrowChecker::residency_exemption_holds,"fprintf(stderr, ""[#86trace-exempt-multishare] fn=%s n=%d\n"","
0,5622,29,5622,29,statement,logos::compiler::BorrowChecker::residency_exemption_holds,"fprintf(stderr, ""[#86trace-exempt-multishare] fn=%s n=%d\n"","
4094,5627,9,5627,20,early return,logos::compiler::BorrowChecker::residency_exemption_holds,return true;
649,5636,48,5650,6,statement,logos::compiler::BorrowChecker::type_is_share_handle,bool type_is_share_handle(TypeRef t) const {
649,5637,13,5637,15,if guard,logos::compiler::BorrowChecker::type_is_share_handle,if (!t) return false;
0,5637,17,5637,29,if guard,logos::compiler::BorrowChecker::type_is_share_handle,if (!t) return false;
649,5638,9,5650,6,statement,logos::compiler::BorrowChecker::type_is_share_handle,auto k = t.kind();
649,5640,13,5640,41,if guard,logos::compiler::BorrowChecker::type_is_share_handle,if (k == LogosType::Kind::Struct || k == LogosType::Kind::ZonedStruct)
649,5640,13,5640,78,if guard,logos::compiler::BorrowChecker::type_is_share_handle,if (k == LogosType::Kind::Struct || k == LogosType::Kind::ZonedStruct)
158,5640,45,5640,78,if guard,logos::compiler::BorrowChecker::type_is_share_handle,if (k == LogosType::Kind::Struct || k == LogosType::Kind::ZonedStruct)
491,5641,13,5641,46,statement,logos::compiler::BorrowChecker::type_is_share_handle,nm = std::string(t.struct_name());
158,5642,14,5642,77,else-if guard,logos::compiler::BorrowChecker::type_is_share_handle,else if (k == LogosType::Kind::Enum) nm = std::string(t.enum_name());
158,5642,18,5642,44,else-if guard,logos::compiler::BorrowChecker::type_is_share_handle,else if (k == LogosType::Kind::Enum) nm = std::string(t.enum_name());
8,5642,46,5642,77,else-if guard,logos::compiler::BorrowChecker::type_is_share_handle,else if (k == LogosType::Kind::Enum) nm = std::string(t.enum_name());
649,5643,13,5643,23,if guard,logos::compiler::BorrowChecker::type_is_share_handle,if (nm.empty()) return false;
150,5643,25,5643,37,if guard,logos::compiler::BorrowChecker::type_is_share_handle,if (nm.empty()) return false;
499,5644,9,5649,45,statement,logos::compiler::BorrowChecker::type_is_share_handle,std::string_view bare = nm;
499,5645,39,5645,66,if guard,logos::compiler::BorrowChecker::type_is_share_handle,if (auto d = bare.rfind('.'); d != std::string_view::npos)
0,5646,13,5646,38,statement,logos::compiler::BorrowChecker::type_is_share_handle,bare = bare.substr(d + 1);
499,5647,39,5647,66,if guard,logos::compiler::BorrowChecker::type_is_share_handle,"if (auto g = bare.find(""$G""); g != std::string_view::npos)"
0,5648,13,5648,37,statement,logos::compiler::BorrowChecker::type_is_share_handle,"bare = bare.substr(0, g);"
499,5649,16,5649,28,early return,logos::compiler::BorrowChecker::type_is_share_handle,"return bare == ""Rc"" || bare == ""Arc"";"
483,5649,32,5649,45,early return,logos::compiler::BorrowChecker::type_is_share_handle,"return bare == ""Rc"" || bare == ""Arc"";"
679485,5684,52,5737,6,call / statement,logos::compiler::BorrowChecker::note_holder_escape_prov,const char* site) {
679485,5685,13,5685,25,if guard,logos::compiler::BorrowChecker::note_holder_escape_prov,if (name.empty() || !val) return;
679485,5685,13,5685,33,if guard,logos::compiler::BorrowChecker::note_holder_escape_prov,if (name.empty() || !val) return;
679485,5685,29,5685,33,if guard,logos::compiler::BorrowChecker::note_holder_escape_prov,if (name.empty() || !val) return;
0,5685,35,5685,41,if guard,logos::compiler::BorrowChecker::note_holder_escape_prov,if (name.empty() || !val) return;
679485,5692,9,5737,6,if guard,logos::compiler::BorrowChecker::note_holder_escape_prov,"if (param_names_.count(name)) return;          // #78/#138, see task"
679485,5692,13,5692,37,if guard,logos::compiler::BorrowChecker::note_holder_escape_prov,"if (param_names_.count(name)) return;          // #78/#138, see task"
701,5692,39,5692,45,if guard,logos::compiler::BorrowChecker::note_holder_escape_prov,"if (param_names_.count(name)) return;          // #78/#138, see task"
678784,5693,9,5737,6,if guard,logos::compiler::BorrowChecker::note_holder_escape_prov,if (!holder_ty || !type_may_carry_borrow(holder_ty)) return;
678784,5693,13,5693,23,if guard,logos::compiler::BorrowChecker::note_holder_escape_prov,if (!holder_ty || !type_may_carry_borrow(holder_ty)) return;
678784,5693,13,5693,60,if guard,logos::compiler::BorrowChecker::note_holder_escape_prov,if (!holder_ty || !type_may_carry_borrow(holder_ty)) return;
678781,5693,27,5693,60,if guard,logos::compiler::BorrowChecker::note_holder_escape_prov,if (!holder_ty || !type_may_carry_borrow(holder_ty)) return;
665576,5693,62,5693,68,if guard,logos::compiler::BorrowChecker::note_holder_escape_prov,if (!holder_ty || !type_may_carry_borrow(holder_ty)) return;
13208,5694,9,5737,6,if guard,logos::compiler::BorrowChecker::note_holder_escape_prov,"if (residency_exemption_holds(holder_ty, val)) return;"
13208,5694,13,5694,54,if guard,logos::compiler::BorrowChecker::note_holder_escape_prov,"if (residency_exemption_holds(holder_ty, val)) return;"
0,5694,56,5694,62,if guard,logos::compiler::BorrowChecker::note_holder_escape_prov,"if (residency_exemption_holds(holder_ty, val)) return;"
13208,5695,9,5737,6,statement,logos::compiler::BorrowChecker::note_holder_escape_prov,RefProv vp = prov_of(val);
13208,5696,13,5696,25,if guard,logos::compiler::BorrowChecker::note_holder_escape_prov,if (!vp.is_local && !vp.is_temp && vp.params.empty())
13208,5696,13,5696,40,if guard,logos::compiler::BorrowChecker::note_holder_escape_prov,if (!vp.is_local && !vp.is_temp && vp.params.empty())
13208,5696,13,5696,61,if guard,logos::compiler::BorrowChecker::note_holder_escape_prov,if (!vp.is_local && !vp.is_temp && vp.params.empty())
12513,5696,29,5696,40,if guard,logos::compiler::BorrowChecker::note_holder_escape_prov,if (!vp.is_local && !vp.is_temp && vp.params.empty())
12513,5696,44,5696,61,if guard,logos::compiler::BorrowChecker::note_holder_escape_prov,if (!vp.is_local && !vp.is_temp && vp.params.empty())
12085,5697,13,5697,39,statement,logos::compiler::BorrowChecker::note_holder_escape_prov,vp = prov_of_retained(val);
13208,5698,13,5698,25,if guard,logos::compiler::BorrowChecker::note_holder_escape_prov,if (!vp.is_local && !vp.is_temp) return;
13208,5698,13,5698,40,if guard,logos::compiler::BorrowChecker::note_holder_escape_prov,if (!vp.is_local && !vp.is_temp) return;
12508,5698,29,5698,40,if guard,logos::compiler::BorrowChecker::note_holder_escape_prov,if (!vp.is_local && !vp.is_temp) return;
12508,5698,42,5698,48,if guard,logos::compiler::BorrowChecker::note_holder_escape_prov,if (!vp.is_local && !vp.is_temp) return;
700,5699,9,5737,6,statement,logos::compiler::BorrowChecker::note_holder_escape_prov,++holder_escape_prov_fired_;
700,5701,21,5701,35,statement,logos::compiler::BorrowChecker::note_holder_escape_prov,int d = site[0] == 'a' ? 0 : site[0] == 'd' ? 1
110,5701,38,5701,39,statement,logos::compiler::BorrowChecker::note_holder_escape_prov,int d = site[0] == 'a' ? 0 : site[0] == 'd' ? 1
590,5701,42,5701,56,statement,logos::compiler::BorrowChecker::note_holder_escape_prov,int d = site[0] == 'a' ? 0 : site[0] == 'd' ? 1
590,5701,42,5702,43,statement,logos::compiler::BorrowChecker::note_holder_escape_prov,int d = site[0] == 'a' ? 0 : site[0] == 'd' ? 1
21,5701,59,5701,60,statement,logos::compiler::BorrowChecker::note_holder_escape_prov,int d = site[0] == 'a' ? 0 : site[0] == 'd' ? 1
569,5702,21,5702,35,statement,logos::compiler::BorrowChecker::note_holder_escape_prov,: site[0] == 'o' ? 2 : 3;
569,5702,21,5702,43,statement,logos::compiler::BorrowChecker::note_holder_escape_prov,: site[0] == 'o' ? 2 : 3;
224,5702,38,5702,39,statement,logos::compiler::BorrowChecker::note_holder_escape_prov,: site[0] == 'o' ? 2 : 3;
345,5702,42,5702,43,statement,logos::compiler::BorrowChecker::note_holder_escape_prov,: site[0] == 'o' ? 2 : 3;
700,5705,13,5705,42,if guard,logos::compiler::BorrowChecker::note_holder_escape_prov,"if (std::getenv(""LOGOS_86_TRACE""))"
0,5706,13,5708,55,statement,logos::compiler::BorrowChecker::note_holder_escape_prov,"fprintf(stderr, ""[#86trace-%s] fn=%s line=%u var=%s loc=%d tmp=%d\n"","
0,5706,21,5706,21,statement,logos::compiler::BorrowChecker::note_holder_escape_prov,"fprintf(stderr, ""[#86trace-%s] fn=%s line=%u var=%s loc=%d tmp=%d\n"","
700,5710,25,5710,38,statement,logos::compiler::BorrowChecker::note_holder_escape_prov,slot.is_local = slot.is_local || vp.is_local;
392,5710,42,5710,53,statement,logos::compiler::BorrowChecker::note_holder_escape_prov,slot.is_local = slot.is_local || vp.is_local;
700,5711,25,5711,37,statement,logos::compiler::BorrowChecker::note_holder_escape_prov,slot.is_temp  = slot.is_temp  || vp.is_temp;
700,5711,42,5711,52,statement,logos::compiler::BorrowChecker::note_holder_escape_prov,slot.is_temp  = slot.is_temp  || vp.is_temp;
370,5734,17,5734,83,statement,logos::compiler::BorrowChecker::note_holder_escape_prov,"pairs.emplace_back(std::string{}, RefSrc{s2, slot_of_binding(s2)});"
700,5735,17,5735,31,if guard,logos::compiler::BorrowChecker::note_holder_escape_prov,"if (!pairs.empty()) store_ref_sources(name, std::move(pairs), name, ln);"
359,5735,33,5735,84,if guard,logos::compiler::BorrowChecker::note_holder_escape_prov,"if (!pairs.empty()) store_ref_sources(name, std::move(pairs), name, ln);"
312190,5740,57,5743,6,statement,logos::compiler::BorrowChecker::holder_ty_of,TypeRef holder_ty_of(const std::string& name) const {
312190,5742,16,5742,38,early return,logos::compiler::BorrowChecker::holder_ty_of,return it != holder_ty_.end() ? it->second : TypeRef(nullptr);
138415,5742,41,5742,51,early return,logos::compiler::BorrowChecker::holder_ty_of,return it != holder_ty_.end() ? it->second : TypeRef(nullptr);
173775,5742,54,5742,70,early return,logos::compiler::BorrowChecker::holder_ty_of,return it != holder_ty_.end() ? it->second : TypeRef(nullptr);
3627399,5762,48,5774,6,call / statement,logos::compiler::BorrowChecker::type_retains_values,static bool type_retains_values(TypeRef t) {
3627399,5763,13,5763,15,if guard,logos::compiler::BorrowChecker::type_retains_values,if (!t) return false;
0,5763,17,5763,29,if guard,logos::compiler::BorrowChecker::type_retains_values,if (!t) return false;
3627399,5764,9,5774,6,statement,logos::compiler::BorrowChecker::type_retains_values,using K = LogosType::Kind;
353170,5766,13,5772,34,switch arm,logos::compiler::BorrowChecker::type_retains_values,case K::Struct: case K::ZonedStruct: case K::Enum: case K::Tuple:
353182,5766,29,5772,34,switch arm,logos::compiler::BorrowChecker::type_retains_values,case K::Struct: case K::ZonedStruct: case K::Enum: case K::Tuple:
1810565,5766,50,5772,34,switch arm,logos::compiler::BorrowChecker::type_retains_values,case K::Struct: case K::ZonedStruct: case K::Enum: case K::Tuple:
1813855,5766,64,5772,34,switch arm,logos::compiler::BorrowChecker::type_retains_values,case K::Struct: case K::ZonedStruct: case K::Enum: case K::Tuple:
1813961,5767,13,5772,34,switch arm,logos::compiler::BorrowChecker::type_retains_values,case K::Array:  case K::Slice:       case K::UnsizedSlice:
1813961,5767,29,5772,34,switch arm,logos::compiler::BorrowChecker::type_retains_values,case K::Array:  case K::Slice:       case K::UnsizedSlice:
1813961,5767,50,5772,34,switch arm,logos::compiler::BorrowChecker::type_retains_values,case K::Array:  case K::Slice:       case K::UnsizedSlice:
1814089,5768,13,5772,34,switch arm,logos::compiler::BorrowChecker::type_retains_values,case K::TraitObject: case K::UnsizedDyn: case K::ImplTrait:
1814089,5768,34,5772,34,switch arm,logos::compiler::BorrowChecker::type_retains_values,case K::TraitObject: case K::UnsizedDyn: case K::ImplTrait:
1814089,5768,54,5772,34,switch arm,logos::compiler::BorrowChecker::type_retains_values,case K::TraitObject: case K::UnsizedDyn: case K::ImplTrait:
1814091,5769,13,5772,34,switch arm,logos::compiler::BorrowChecker::type_retains_values,case K::DstRef: case K::TaggedPtr:   case K::Closure:
1814091,5769,29,5772,34,switch arm,logos::compiler::BorrowChecker::type_retains_values,case K::DstRef: case K::TaggedPtr:   case K::Closure:
1814118,5769,50,5772,34,switch arm,logos::compiler::BorrowChecker::type_retains_values,case K::DstRef: case K::TaggedPtr:   case K::Closure:
1876399,5770,13,5772,34,switch arm,logos::compiler::BorrowChecker::type_retains_values,case K::Ptr:    case K::Ref:         case K::MutRef:
1876481,5770,29,5772,34,switch arm,logos::compiler::BorrowChecker::type_retains_values,case K::Ptr:    case K::Ref:         case K::MutRef:
1880773,5770,50,5771,28,switch arm,logos::compiler::BorrowChecker::type_retains_values,case K::Ptr:    case K::Ref:         case K::MutRef:
1746626,5772,13,5772,34,switch arm,logos::compiler::BorrowChecker::type_retains_values,default: return false;
3340866,5775,67,5805,6,statement,logos::compiler::BorrowChecker::retains_loan_carrying_operand,bool retains_loan_carrying_operand(lir_view::ExprRef e) const {
3340866,5778,13,5778,15,if guard,logos::compiler::BorrowChecker::retains_loan_carrying_operand,if (!e) return false;
0,5778,17,5778,29,if guard,logos::compiler::BorrowChecker::retains_loan_carrying_operand,if (!e) return false;
3340866,5779,9,5805,6,statement,logos::compiler::BorrowChecker::retains_loan_carrying_operand,const auto* pool = prog_.type_pool.impl();
3340866,5780,13,5780,47,if guard,logos::compiler::BorrowChecker::retains_loan_carrying_operand,if (!type_retains_values(e.type(pool))) return false;
1726760,5780,49,5780,61,if guard,logos::compiler::BorrowChecker::retains_loan_carrying_operand,if (!type_retains_values(e.type(pool))) return false;
1614106,5781,9,5805,6,statement,logos::compiler::BorrowChecker::retains_loan_carrying_operand,bool found = false;
412258,5782,43,5786,10,call / statement,logos::compiler::BorrowChecker::retains_loan_carrying_operand,auto by_value_bc = [&](ExprRef a) {
412258,5783,17,5783,19,if guard,logos::compiler::BorrowChecker::retains_loan_carrying_operand,if (!a || found) return;
412258,5783,17,5783,28,if guard,logos::compiler::BorrowChecker::retains_loan_carrying_operand,if (!a || found) return;
412258,5783,23,5783,28,if guard,logos::compiler::BorrowChecker::retains_loan_carrying_operand,if (!a || found) return;
309,5783,30,5783,36,if guard,logos::compiler::BorrowChecker::retains_loan_carrying_operand,if (!a || found) return;
411949,5784,13,5786,10,statement,logos::compiler::BorrowChecker::retains_loan_carrying_operand,TypeRef at = a.type(pool);
411949,5785,17,5785,33,if guard,logos::compiler::BorrowChecker::retains_loan_carrying_operand,if (!is_ref_kind(at) && loan_carrying_type(at)) found = true;
411949,5785,17,5785,59,if guard,logos::compiler::BorrowChecker::retains_loan_carrying_operand,if (!is_ref_kind(at) && loan_carrying_type(at)) found = true;
147333,5785,37,5785,59,if guard,logos::compiler::BorrowChecker::retains_loan_carrying_operand,if (!is_ref_kind(at) && loan_carrying_type(at)) found = true;
3486,5785,61,5785,73,if guard,logos::compiler::BorrowChecker::retains_loan_carrying_operand,if (!is_ref_kind(at) && loan_carrying_type(at)) found = true;
130456,5788,13,5788,77,switch arm,logos::compiler::BorrowChecker::retains_loan_carrying_operand,case Code::Call:       ECallView{e}.each_arg(by_value_bc); break;
108924,5789,13,5793,22,switch arm,logos::compiler::BorrowChecker::retains_loan_carrying_operand,case Code::MethodCall: {
0,5795,13,5796,71,switch arm,logos::compiler::BorrowChecker::retains_loan_carrying_operand,case Code::StructLit:
0,5797,13,5797,81,switch arm,logos::compiler::BorrowChecker::retains_loan_carrying_operand,case Code::TupleLit:  ETupleLitView{e}.each_elem(by_value_bc); break;
0,5798,13,5798,80,switch arm,logos::compiler::BorrowChecker::retains_loan_carrying_operand,case Code::ArrLit:    EArrLitView{e}.each_elem(by_value_bc);  break;
0,5799,13,5800,69,switch arm,logos::compiler::BorrowChecker::retains_loan_carrying_operand,case Code::EnumLitData:
12223,5801,13,5801,80,switch arm,logos::compiler::BorrowChecker::retains_loan_carrying_operand,case Code::Cast:      by_value_bc(ECastView{e}.operand());    break;
1362503,5802,13,5802,27,switch arm,logos::compiler::BorrowChecker::retains_loan_carrying_operand,default: break;
1614106,5804,9,5804,21,early return,logos::compiler::BorrowChecker::retains_loan_carrying_operand,return found;
3499,5823,44,5851,6,call / statement,logos::compiler::BorrowChecker::retain_operand_loans,uint32_t ln) {
3499,5826,13,5826,15,if guard,logos::compiler::BorrowChecker::retain_operand_loans,if (!e || holder.empty()) return;
3499,5826,13,5826,33,if guard,logos::compiler::BorrowChecker::retain_operand_loans,if (!e || holder.empty()) return;
3499,5826,19,5826,33,if guard,logos::compiler::BorrowChecker::retain_operand_loans,if (!e || holder.empty()) return;
0,5826,35,5826,41,if guard,logos::compiler::BorrowChecker::retain_operand_loans,if (!e || holder.empty()) return;
3499,5827,9,5851,6,statement,logos::compiler::BorrowChecker::retain_operand_loans,const auto* pool = prog_.type_pool.impl();
4190,5828,36,5835,10,call / statement,logos::compiler::BorrowChecker::retain_operand_loans,auto one = [&](ExprRef op) {
4190,5829,17,5829,20,if guard,logos::compiler::BorrowChecker::retain_operand_loans,if (!op) return;
0,5829,22,5829,28,if guard,logos::compiler::BorrowChecker::retain_operand_loans,if (!op) return;
4190,5830,13,5835,10,statement,logos::compiler::BorrowChecker::retain_operand_loans,TypeRef ot = op.type(pool);
4190,5831,17,5831,20,if guard,logos::compiler::BorrowChecker::retain_operand_loans,if (!ot) return;
0,5831,22,5831,28,if guard,logos::compiler::BorrowChecker::retain_operand_loans,if (!ot) return;
4190,5832,13,5835,10,if guard,logos::compiler::BorrowChecker::retain_operand_loans,if (ot.kind() == LogosType::Kind::MutRef) return;   // out-param: not ours
4190,5832,17,5832,53,if guard,logos::compiler::BorrowChecker::retain_operand_loans,if (ot.kind() == LogosType::Kind::MutRef) return;   // out-param: not ours
11,5832,55,5832,61,if guard,logos::compiler::BorrowChecker::retain_operand_loans,if (ot.kind() == LogosType::Kind::MutRef) return;   // out-param: not ours
4179,5833,13,5835,10,if guard,logos::compiler::BorrowChecker::retain_operand_loans,if (!is_ref_kind(ot) && !loan_carrying_type(ot)) return;
4179,5833,17,5833,33,if guard,logos::compiler::BorrowChecker::retain_operand_loans,if (!is_ref_kind(ot) && !loan_carrying_type(ot)) return;
4179,5833,17,5833,60,if guard,logos::compiler::BorrowChecker::retain_operand_loans,if (!is_ref_kind(ot) && !loan_carrying_type(ot)) return;
3642,5833,37,5833,60,if guard,logos::compiler::BorrowChecker::retain_operand_loans,if (!is_ref_kind(ot) && !loan_carrying_type(ot)) return;
150,5833,62,5833,68,if guard,logos::compiler::BorrowChecker::retain_operand_loans,if (!is_ref_kind(ot) && !loan_carrying_type(ot)) return;
4029,5834,13,5835,10,statement,logos::compiler::BorrowChecker::retain_operand_loans,"take_ref_borrows(op, ln, holder, /*record_only=*/true);"
436,5837,13,5837,69,switch arm,logos::compiler::BorrowChecker::retain_operand_loans,case Code::Call:       ECallView{e}.each_arg(one); break;
3063,5838,13,5842,22,switch arm,logos::compiler::BorrowChecker::retain_operand_loans,case Code::MethodCall: {
0,5844,13,5844,82,switch arm,logos::compiler::BorrowChecker::retain_operand_loans,case Code::StructLit:  EStructLitView{e}.each_field_value(one); break;
0,5845,13,5845,82,switch arm,logos::compiler::BorrowChecker::retain_operand_loans,case Code::TupleLit:   ETupleLitView{e}.each_elem(one);         break;
0,5846,13,5846,82,switch arm,logos::compiler::BorrowChecker::retain_operand_loans,case Code::ArrLit:     EArrLitView{e}.each_elem(one);           break;
0,5847,13,5847,82,switch arm,logos::compiler::BorrowChecker::retain_operand_loans,case Code::EnumLitData:EEnumLitDataView{e}.each_payload(one);   break;
0,5848,13,5848,82,switch arm,logos::compiler::BorrowChecker::retain_operand_loans,case Code::Cast:       one(ECastView{e}.operand());             break;
0,5849,13,5849,27,switch arm,logos::compiler::BorrowChecker::retain_operand_loans,default: break;
69075422,5868,49,5898,6,statement,logos::compiler::BorrowChecker::type_may_carry_borrow,bool type_may_carry_borrow(TypeRef t) const {
69075422,5869,13,5869,15,if guard,logos::compiler::BorrowChecker::type_may_carry_borrow,if (!t) return false;
0,5869,17,5869,29,if guard,logos::compiler::BorrowChecker::type_may_carry_borrow,if (!t) return false;
69075422,5870,9,5898,6,if guard,logos::compiler::BorrowChecker::type_may_carry_borrow,if (is_ref_kind(t) || loan_carrying_type(t)) return true;
69075422,5870,13,5870,27,if guard,logos::compiler::BorrowChecker::type_may_carry_borrow,if (is_ref_kind(t) || loan_carrying_type(t)) return true;
69075422,5870,13,5870,52,if guard,logos::compiler::BorrowChecker::type_may_carry_borrow,if (is_ref_kind(t) || loan_carrying_type(t)) return true;
63092124,5870,31,5870,52,if guard,logos::compiler::BorrowChecker::type_may_carry_borrow,if (is_ref_kind(t) || loan_carrying_type(t)) return true;
6040881,5870,54,5870,65,if guard,logos::compiler::BorrowChecker::type_may_carry_borrow,if (is_ref_kind(t) || loan_carrying_type(t)) return true;
63034541,5871,9,5898,6,statement,logos::compiler::BorrowChecker::type_may_carry_borrow,{   // #71 SPIKE
63034541,5874,17,5874,43,if guard,logos::compiler::BorrowChecker::type_may_carry_borrow,if (k == LogosType::Kind::Enum) n = std::string(t.enum_name());
21181813,5874,45,5874,75,if guard,logos::compiler::BorrowChecker::type_may_carry_borrow,if (k == LogosType::Kind::Enum) n = std::string(t.enum_name());
41852728,5875,18,5876,49,else-if guard,logos::compiler::BorrowChecker::type_may_carry_borrow,else if (k == LogosType::Kind::Struct || k == LogosType::Kind::ZonedStruct)
41852728,5875,22,5875,50,else-if guard,logos::compiler::BorrowChecker::type_may_carry_borrow,else if (k == LogosType::Kind::Struct || k == LogosType::Kind::ZonedStruct)
41852728,5875,22,5875,87,else-if guard,logos::compiler::BorrowChecker::type_may_carry_borrow,else if (k == LogosType::Kind::Struct || k == LogosType::Kind::ZonedStruct)
24559564,5875,54,5875,87,else-if guard,logos::compiler::BorrowChecker::type_may_carry_borrow,else if (k == LogosType::Kind::Struct || k == LogosType::Kind::ZonedStruct)
17294372,5876,17,5876,49,statement,logos::compiler::BorrowChecker::type_may_carry_borrow,n = std::string(t.struct_name());
63034541,5877,17,5877,27,if guard,logos::compiler::BorrowChecker::type_may_carry_borrow,if (!n.empty() && ts_.holds_any_ref.count(n) > 0) return true;
63034541,5877,17,5877,61,if guard,logos::compiler::BorrowChecker::type_may_carry_borrow,if (!n.empty() && ts_.holds_any_ref.count(n) > 0) return true;
38476185,5877,31,5877,61,if guard,logos::compiler::BorrowChecker::type_may_carry_borrow,if (!n.empty() && ts_.holds_any_ref.count(n) > 0) return true;
2115995,5877,63,5877,74,if guard,logos::compiler::BorrowChecker::type_may_carry_borrow,if (!n.empty() && ts_.holds_any_ref.count(n) > 0) return true;
60918546,5879,9,5898,6,loop body,logos::compiler::BorrowChecker::type_may_carry_borrow,for (auto a : t.type_args())
29144797,5880,13,5880,54,if guard,logos::compiler::BorrowChecker::type_may_carry_borrow,if (type_may_carry_borrow(a)) return true;
29144797,5880,17,5880,41,if guard,logos::compiler::BorrowChecker::type_may_carry_borrow,if (type_may_carry_borrow(a)) return true;
6322055,5880,43,5880,54,if guard,logos::compiler::BorrowChecker::type_may_carry_borrow,if (type_may_carry_borrow(a)) return true;
54596491,5891,9,5898,6,if guard,logos::compiler::BorrowChecker::type_may_carry_borrow,if (t.kind() == LogosType::Kind::Tuple) {
54596491,5891,13,5891,47,if guard,logos::compiler::BorrowChecker::type_may_carry_borrow,if (t.kind() == LogosType::Kind::Tuple) {
525850,5891,49,5894,10,if guard,logos::compiler::BorrowChecker::type_may_carry_borrow,if (t.kind() == LogosType::Kind::Tuple) {
696935,5893,17,5893,67,if guard,logos::compiler::BorrowChecker::type_may_carry_borrow,if (type_may_carry_borrow(TypeRef(e))) return true;
696935,5893,21,5893,54,if guard,logos::compiler::BorrowChecker::type_may_carry_borrow,if (type_may_carry_borrow(TypeRef(e))) return true;
392453,5893,56,5893,67,if guard,logos::compiler::BorrowChecker::type_may_carry_borrow,if (type_may_carry_borrow(TypeRef(e))) return true;
54204038,5895,9,5898,6,if guard,logos::compiler::BorrowChecker::type_may_carry_borrow,if (t.kind() == LogosType::Kind::Array || t.kind() == LogosType::Kind::Slice)
54204038,5895,13,5895,47,if guard,logos::compiler::BorrowChecker::type_may_carry_borrow,if (t.kind() == LogosType::Kind::Array || t.kind() == LogosType::Kind::Slice)
54204038,5895,13,5895,85,if guard,logos::compiler::BorrowChecker::type_may_carry_borrow,if (t.kind() == LogosType::Kind::Array || t.kind() == LogosType::Kind::Slice)
54188124,5895,51,5895,85,if guard,logos::compiler::BorrowChecker::type_may_carry_borrow,if (t.kind() == LogosType::Kind::Array || t.kind() == LogosType::Kind::Slice)
15914,5896,13,5896,51,early return,logos::compiler::BorrowChecker::type_may_carry_borrow,return type_may_carry_borrow(t.elem());
54188124,5897,9,5897,21,early return,logos::compiler::BorrowChecker::type_may_carry_borrow,return false;
16540,5924,79,6014,6,statement,logos::compiler::BorrowChecker::value_local_root[abi:cxx11],lir_view::ExprRef* terminal = nullptr) const {
16540,5928,13,5928,16,if guard,logos::compiler::BorrowChecker::value_local_root[abi:cxx11],if (cur && cur.kind() == Code::AddrOfTemp) cur = EAddrOfTempView{cur}.inner();
16540,5928,13,5928,50,if guard,logos::compiler::BorrowChecker::value_local_root[abi:cxx11],if (cur && cur.kind() == Code::AddrOfTemp) cur = EAddrOfTempView{cur}.inner();
16540,5928,20,5928,50,if guard,logos::compiler::BorrowChecker::value_local_root[abi:cxx11],if (cur && cur.kind() == Code::AddrOfTemp) cur = EAddrOfTempView{cur}.inner();
12635,5928,52,5928,86,if guard,logos::compiler::BorrowChecker::value_local_root[abi:cxx11],if (cur && cur.kind() == Code::AddrOfTemp) cur = EAddrOfTempView{cur}.inner();
1119,5938,46,5941,10,call / statement,logos::compiler::BorrowChecker::value_local_root[abi:cxx11],auto recv_is_rawptr = [&](ExprRef r) {
1119,5939,20,5939,21,early return,logos::compiler::BorrowChecker::value_local_root[abi:cxx11],return r && r.type(pool) &&
1119,5939,20,5939,37,early return,logos::compiler::BorrowChecker::value_local_root[abi:cxx11],return r && r.type(pool) &&
1119,5939,25,5939,37,early return,logos::compiler::BorrowChecker::value_local_root[abi:cxx11],return r && r.type(pool) &&
1119,5940,20,5940,63,statement,logos::compiler::BorrowChecker::value_local_root[abi:cxx11],r.type(pool).kind() == LogosType::Kind::Ptr;
22895,5942,16,5942,19,loop body,logos::compiler::BorrowChecker::value_local_root[abi:cxx11],while (cur) {
22895,5942,21,5977,10,loop body,logos::compiler::BorrowChecker::value_local_root[abi:cxx11],while (cur) {
22895,5944,17,5944,37,if guard,logos::compiler::BorrowChecker::value_local_root[abi:cxx11],if (k == Code::FieldRead)  {
1055,5944,40,5948,14,if guard,logos::compiler::BorrowChecker::value_local_root[abi:cxx11],if (k == Code::FieldRead)  {
1055,5946,21,5946,38,if guard,logos::compiler::BorrowChecker::value_local_root[abi:cxx11],if (recv_is_rawptr(r)) return {};
550,5946,40,5946,49,if guard,logos::compiler::BorrowChecker::value_local_root[abi:cxx11],if (recv_is_rawptr(r)) return {};
505,5947,17,5947,34,statement,logos::compiler::BorrowChecker::value_local_root[abi:cxx11],cur = r; continue;
21840,5949,13,5977,10,if guard,logos::compiler::BorrowChecker::value_local_root[abi:cxx11],if (k == Code::TupleIndex) {
21840,5949,17,5949,38,if guard,logos::compiler::BorrowChecker::value_local_root[abi:cxx11],if (k == Code::TupleIndex) {
37,5949,40,5953,14,if guard,logos::compiler::BorrowChecker::value_local_root[abi:cxx11],if (k == Code::TupleIndex) {
37,5951,21,5951,38,if guard,logos::compiler::BorrowChecker::value_local_root[abi:cxx11],if (recv_is_rawptr(r)) return {};
0,5951,40,5951,49,if guard,logos::compiler::BorrowChecker::value_local_root[abi:cxx11],if (recv_is_rawptr(r)) return {};
37,5952,17,5952,34,statement,logos::compiler::BorrowChecker::value_local_root[abi:cxx11],cur = r; continue;
21803,5954,13,5977,10,if guard,logos::compiler::BorrowChecker::value_local_root[abi:cxx11],if (k == Code::IndexRead)  {
21803,5954,17,5954,37,if guard,logos::compiler::BorrowChecker::value_local_root[abi:cxx11],if (k == Code::IndexRead)  {
27,5954,40,5958,14,if guard,logos::compiler::BorrowChecker::value_local_root[abi:cxx11],if (k == Code::IndexRead)  {
27,5956,21,5956,38,if guard,logos::compiler::BorrowChecker::value_local_root[abi:cxx11],if (recv_is_rawptr(r)) return {};
0,5956,40,5956,49,if guard,logos::compiler::BorrowChecker::value_local_root[abi:cxx11],if (recv_is_rawptr(r)) return {};
27,5957,17,5957,34,statement,logos::compiler::BorrowChecker::value_local_root[abi:cxx11],cur = r; continue;
21776,5959,13,5977,10,if guard,logos::compiler::BorrowChecker::value_local_root[abi:cxx11],if (k == Code::Deref) {
21776,5959,17,5959,33,if guard,logos::compiler::BorrowChecker::value_local_root[abi:cxx11],if (k == Code::Deref) {
5139,5959,35,5965,14,if guard,logos::compiler::BorrowChecker::value_local_root[abi:cxx11],if (k == Code::Deref) {
5139,5961,21,5961,23,if guard,logos::compiler::BorrowChecker::value_local_root[abi:cxx11],if (op && op.type(pool) &&
5139,5961,21,5961,40,if guard,logos::compiler::BorrowChecker::value_local_root[abi:cxx11],if (op && op.type(pool) &&
5139,5961,21,5962,65,if guard,logos::compiler::BorrowChecker::value_local_root[abi:cxx11],if (op && op.type(pool) &&
5139,5961,27,5961,40,if guard,logos::compiler::BorrowChecker::value_local_root[abi:cxx11],if (op && op.type(pool) &&
5139,5962,21,5962,65,call / statement,logos::compiler::BorrowChecker::value_local_root[abi:cxx11],op.type(pool).kind() == LogosType::Kind::Ptr)
5112,5963,21,5963,30,early return,logos::compiler::BorrowChecker::value_local_root[abi:cxx11],return {};   // raw-pointer deref — unchecked
27,5964,17,5964,35,statement,logos::compiler::BorrowChecker::value_local_root[abi:cxx11],cur = op; continue;
16637,5972,13,5977,10,if guard,logos::compiler::BorrowChecker::value_local_root[abi:cxx11],if (k == Code::SliceLit)  { cur = ESliceLitView{cur}.base();  continue; }
16637,5972,17,5972,36,if guard,logos::compiler::BorrowChecker::value_local_root[abi:cxx11],if (k == Code::SliceLit)  { cur = ESliceLitView{cur}.base();  continue; }
109,5972,39,5972,86,if guard,logos::compiler::BorrowChecker::value_local_root[abi:cxx11],if (k == Code::SliceLit)  { cur = ESliceLitView{cur}.base();  continue; }
16528,5973,13,5977,10,if guard,logos::compiler::BorrowChecker::value_local_root[abi:cxx11],if (k == Code::SlicePtr)  { cur = ESlicePtrView{cur}.slice(); continue; }
16528,5973,17,5973,36,if guard,logos::compiler::BorrowChecker::value_local_root[abi:cxx11],if (k == Code::SlicePtr)  { cur = ESlicePtrView{cur}.slice(); continue; }
0,5973,39,5973,86,if guard,logos::compiler::BorrowChecker::value_local_root[abi:cxx11],if (k == Code::SlicePtr)  { cur = ESlicePtrView{cur}.slice(); continue; }
16528,5974,13,5977,10,if guard,logos::compiler::BorrowChecker::value_local_root[abi:cxx11],if (k == Code::SliceIndex){ cur = ESliceIndexView{cur}.slice(); continue; }
16528,5974,17,5974,38,if guard,logos::compiler::BorrowChecker::value_local_root[abi:cxx11],if (k == Code::SliceIndex){ cur = ESliceIndexView{cur}.slice(); continue; }
5647,5974,39,5974,88,if guard,logos::compiler::BorrowChecker::value_local_root[abi:cxx11],if (k == Code::SliceIndex){ cur = ESliceIndexView{cur}.slice(); continue; }
10881,5975,13,5977,10,if guard,logos::compiler::BorrowChecker::value_local_root[abi:cxx11],if (k == Code::AddrOfTemp){ cur = EAddrOfTempView{cur}.inner(); continue; }
10881,5975,17,5975,38,if guard,logos::compiler::BorrowChecker::value_local_root[abi:cxx11],if (k == Code::AddrOfTemp){ cur = EAddrOfTempView{cur}.inner(); continue; }
3,5975,39,5975,88,if guard,logos::compiler::BorrowChecker::value_local_root[abi:cxx11],if (k == Code::AddrOfTemp){ cur = EAddrOfTempView{cur}.inner(); continue; }
10878,5976,13,5976,18,loop exit,logos::compiler::BorrowChecker::value_local_root[abi:cxx11],break;
10878,5978,9,6014,6,if guard,logos::compiler::BorrowChecker::value_local_root[abi:cxx11],if (terminal) *terminal = cur;
10878,5978,13,5978,21,if guard,logos::compiler::BorrowChecker::value_local_root[abi:cxx11],if (terminal) *terminal = cur;
8,5978,23,5978,38,if guard,logos::compiler::BorrowChecker::value_local_root[abi:cxx11],if (terminal) *terminal = cur;
10878,5979,13,5979,16,if guard,logos::compiler::BorrowChecker::value_local_root[abi:cxx11],if (cur && temp_root && is_temporary_value_expr(cur) &&
10878,5979,13,5979,29,if guard,logos::compiler::BorrowChecker::value_local_root[abi:cxx11],if (cur && temp_root && is_temporary_value_expr(cur) &&
10878,5979,13,5979,61,if guard,logos::compiler::BorrowChecker::value_local_root[abi:cxx11],if (cur && temp_root && is_temporary_value_expr(cur) &&
10878,5979,13,5980,41,if guard,logos::compiler::BorrowChecker::value_local_root[abi:cxx11],if (cur && temp_root && is_temporary_value_expr(cur) &&
10878,5979,20,5979,29,if guard,logos::compiler::BorrowChecker::value_local_root[abi:cxx11],if (cur && temp_root && is_temporary_value_expr(cur) &&
7020,5979,33,5979,61,if guard,logos::compiler::BorrowChecker::value_local_root[abi:cxx11],if (cur && temp_root && is_temporary_value_expr(cur) &&
153,5980,13,5980,41,statement,logos::compiler::BorrowChecker::value_local_root[abi:cxx11],!is_ref_kind(cur.type(pool)))
8,5981,13,5981,30,statement,logos::compiler::BorrowChecker::value_local_root[abi:cxx11],*temp_root = true;
10878,5982,13,5982,16,if guard,logos::compiler::BorrowChecker::value_local_root[abi:cxx11],if (cur && cur.kind() == Code::VarRef) {
10878,5982,13,5982,46,if guard,logos::compiler::BorrowChecker::value_local_root[abi:cxx11],if (cur && cur.kind() == Code::VarRef) {
10878,5982,20,5982,46,if guard,logos::compiler::BorrowChecker::value_local_root[abi:cxx11],if (cur && cur.kind() == Code::VarRef) {
10586,5982,48,6012,10,if guard,logos::compiler::BorrowChecker::value_local_root[abi:cxx11],if (cur && cur.kind() == Code::VarRef) {
10586,5986,17,5986,37,if guard,logos::compiler::BorrowChecker::value_local_root[abi:cxx11],"if (var_has(rn_slot, rn) && !param_names_.count(rn) &&"
10586,5986,17,5986,64,if guard,logos::compiler::BorrowChecker::value_local_root[abi:cxx11],"if (var_has(rn_slot, rn) && !param_names_.count(rn) &&"
10586,5986,17,5987,46,if guard,logos::compiler::BorrowChecker::value_local_root[abi:cxx11],"if (var_has(rn_slot, rn) && !param_names_.count(rn) &&"
10578,5986,41,5986,64,if guard,logos::compiler::BorrowChecker::value_local_root[abi:cxx11],"if (var_has(rn_slot, rn) && !param_names_.count(rn) &&"
10557,5987,17,5987,46,call / statement,logos::compiler::BorrowChecker::value_local_root[abi:cxx11],prov_.find(rn) == prov_.end())
2809,5988,17,5988,26,early return,logos::compiler::BorrowChecker::value_local_root[abi:cxx11],return rn;
7777,6002,13,6012,10,if guard,logos::compiler::BorrowChecker::value_local_root[abi:cxx11],if (ts_.frame_consts.count(rn)) return rn;
7777,6002,17,6002,43,if guard,logos::compiler::BorrowChecker::value_local_root[abi:cxx11],if (ts_.frame_consts.count(rn)) return rn;
1,6002,45,6002,54,if guard,logos::compiler::BorrowChecker::value_local_root[abi:cxx11],if (ts_.frame_consts.count(rn)) return rn;
7776,6010,13,6012,10,if guard,logos::compiler::BorrowChecker::value_local_root[abi:cxx11],if (param_names_.count(rn) && !outliving_params_.count(rn))
7776,6010,17,6010,39,if guard,logos::compiler::BorrowChecker::value_local_root[abi:cxx11],if (param_names_.count(rn) && !outliving_params_.count(rn))
7776,6010,17,6010,71,if guard,logos::compiler::BorrowChecker::value_local_root[abi:cxx11],if (param_names_.count(rn) && !outliving_params_.count(rn))
21,6010,43,6010,71,if guard,logos::compiler::BorrowChecker::value_local_root[abi:cxx11],if (param_names_.count(rn) && !outliving_params_.count(rn))
9,6011,17,6011,26,early return,logos::compiler::BorrowChecker::value_local_root[abi:cxx11],return rn;
8059,6013,9,6013,18,early return,logos::compiler::BorrowChecker::value_local_root[abi:cxx11],return {};
7705282,6031,60,6298,6,statement,logos::compiler::BorrowChecker::bc_hop_roots,std::vector<std::string>& out) const {
7705282,6034,13,6034,15,if guard,logos::compiler::BorrowChecker::bc_hop_roots,if (!e) return;
3,6034,17,6034,23,if guard,logos::compiler::BorrowChecker::bc_hop_roots,if (!e) return;
7705279,6035,9,6298,6,statement,logos::compiler::BorrowChecker::bc_hop_roots,const auto* pool = prog_.type_pool.impl();
18451,6051,13,6058,23,switch arm,logos::compiler::BorrowChecker::bc_hop_roots,case Code::MethodCall: {
8109,6054,43,6057,18,call / statement,logos::compiler::BorrowChecker::bc_hop_roots,v.each_arg([&](ExprRef a) {
8109,6055,25,6055,26,if guard,logos::compiler::BorrowChecker::bc_hop_roots,if (a && type_may_carry_borrow(a.type(pool)))
8109,6055,25,6055,65,if guard,logos::compiler::BorrowChecker::bc_hop_roots,if (a && type_may_carry_borrow(a.type(pool)))
8109,6055,30,6055,65,if guard,logos::compiler::BorrowChecker::bc_hop_roots,if (a && type_may_carry_borrow(a.type(pool)))
1483,6056,25,6056,45,statement,logos::compiler::BorrowChecker::bc_hop_roots,"bc_hop_roots(a, out);"
29011,6060,13,6066,23,switch arm,logos::compiler::BorrowChecker::bc_hop_roots,case Code::Call: {
51526,6062,43,6065,18,call / statement,logos::compiler::BorrowChecker::bc_hop_roots,v.each_arg([&](ExprRef a) {
51526,6063,25,6063,26,if guard,logos::compiler::BorrowChecker::bc_hop_roots,if (a && type_may_carry_borrow(a.type(pool)))
51526,6063,25,6063,65,if guard,logos::compiler::BorrowChecker::bc_hop_roots,if (a && type_may_carry_borrow(a.type(pool)))
51526,6063,30,6063,65,if guard,logos::compiler::BorrowChecker::bc_hop_roots,if (a && type_may_carry_borrow(a.type(pool)))
13038,6064,25,6064,45,statement,logos::compiler::BorrowChecker::bc_hop_roots,"bc_hop_roots(a, out);"
109,6068,13,6148,27,switch arm,logos::compiler::BorrowChecker::bc_hop_roots,case Code::ClosureCall:
247,6069,13,6084,23,switch arm,logos::compiler::BorrowChecker::bc_hop_roots,case Code::FnPtrCall: {   // H4 — see note_closure_caps
247,6071,33,6071,37,if guard,logos::compiler::BorrowChecker::bc_hop_roots,if (const auto* caps = closure_caps_of(callee)) {
11,6071,65,6077,18,if guard,logos::compiler::BorrowChecker::bc_hop_roots,if (const auto* caps = closure_caps_of(callee)) {
11,6076,43,6076,59,loop body,logos::compiler::BorrowChecker::bc_hop_roots,for (auto& c : *caps) out.push_back(c);
476,6078,43,6081,18,call / statement,logos::compiler::BorrowChecker::bc_hop_roots,auto arg = [&](ExprRef a) {
476,6079,25,6079,26,if guard,logos::compiler::BorrowChecker::bc_hop_roots,if (a && type_may_carry_borrow(a.type(pool)))
476,6079,25,6079,65,if guard,logos::compiler::BorrowChecker::bc_hop_roots,if (a && type_may_carry_borrow(a.type(pool)))
476,6079,30,6079,65,if guard,logos::compiler::BorrowChecker::bc_hop_roots,if (a && type_may_carry_borrow(a.type(pool)))
53,6080,25,6080,45,statement,logos::compiler::BorrowChecker::bc_hop_roots,"bc_hop_roots(a, out);"
247,6082,21,6082,50,if guard,logos::compiler::BorrowChecker::bc_hop_roots,if (e.kind() == Code::ClosureCall) EClosureCallView{e}.each_arg(arg);
109,6082,52,6082,85,if guard,logos::compiler::BorrowChecker::bc_hop_roots,if (e.kind() == Code::ClosureCall) EClosureCallView{e}.each_arg(arg);
138,6083,52,6083,83,else branch,logos::compiler::BorrowChecker::bc_hop_roots,else                               EFnPtrCallView{e}.each_arg(arg);
1255952,6114,13,6119,23,switch arm,logos::compiler::BorrowChecker::bc_hop_roots,case Code::EnumLitData:
1255948,6115,66,6118,18,call / statement,logos::compiler::BorrowChecker::bc_hop_roots,EEnumLitDataView{e}.each_payload([&](ExprRef pl) {
1255948,6116,25,6116,27,if guard,logos::compiler::BorrowChecker::bc_hop_roots,if (pl && type_may_carry_borrow(pl.type(pool)))
1255948,6116,25,6116,67,if guard,logos::compiler::BorrowChecker::bc_hop_roots,if (pl && type_may_carry_borrow(pl.type(pool)))
1255948,6116,31,6116,67,if guard,logos::compiler::BorrowChecker::bc_hop_roots,if (pl && type_may_carry_borrow(pl.type(pool)))
517775,6117,25,6117,46,statement,logos::compiler::BorrowChecker::bc_hop_roots,"bc_hop_roots(pl, out);"
5469,6120,13,6125,23,switch arm,logos::compiler::BorrowChecker::bc_hop_roots,case Code::StructLit:
25828,6121,68,6124,18,call / statement,logos::compiler::BorrowChecker::bc_hop_roots,EStructLitView{e}.each_field_value([&](ExprRef fv) {
25828,6122,25,6122,27,if guard,logos::compiler::BorrowChecker::bc_hop_roots,if (fv && type_may_carry_borrow(fv.type(pool)))
25828,6122,25,6122,67,if guard,logos::compiler::BorrowChecker::bc_hop_roots,if (fv && type_may_carry_borrow(fv.type(pool)))
25828,6122,31,6122,67,if guard,logos::compiler::BorrowChecker::bc_hop_roots,if (fv && type_may_carry_borrow(fv.type(pool)))
3297,6123,25,6123,46,statement,logos::compiler::BorrowChecker::bc_hop_roots,"bc_hop_roots(fv, out);"
1705,6126,13,6131,23,switch arm,logos::compiler::BorrowChecker::bc_hop_roots,case Code::TupleLit:
6722,6127,60,6130,18,call / statement,logos::compiler::BorrowChecker::bc_hop_roots,ETupleLitView{e}.each_elem([&](ExprRef el) {
6722,6128,25,6128,27,if guard,logos::compiler::BorrowChecker::bc_hop_roots,if (el && type_may_carry_borrow(el.type(pool)))
6722,6128,25,6128,67,if guard,logos::compiler::BorrowChecker::bc_hop_roots,if (el && type_may_carry_borrow(el.type(pool)))
6722,6128,31,6128,67,if guard,logos::compiler::BorrowChecker::bc_hop_roots,if (el && type_may_carry_borrow(el.type(pool)))
4922,6129,25,6129,46,statement,logos::compiler::BorrowChecker::bc_hop_roots,"bc_hop_roots(el, out);"
677,6132,13,6137,23,switch arm,logos::compiler::BorrowChecker::bc_hop_roots,case Code::ArrLit:
2025,6133,58,6136,18,call / statement,logos::compiler::BorrowChecker::bc_hop_roots,EArrLitView{e}.each_elem([&](ExprRef el) {
2025,6134,25,6134,27,if guard,logos::compiler::BorrowChecker::bc_hop_roots,if (el && type_may_carry_borrow(el.type(pool)))
2025,6134,25,6134,67,if guard,logos::compiler::BorrowChecker::bc_hop_roots,if (el && type_may_carry_borrow(el.type(pool)))
2025,6134,31,6134,67,if guard,logos::compiler::BorrowChecker::bc_hop_roots,if (el && type_may_carry_borrow(el.type(pool)))
1991,6135,25,6135,46,statement,logos::compiler::BorrowChecker::bc_hop_roots,"bc_hop_roots(el, out);"
5448,6138,13,6140,23,switch arm,logos::compiler::BorrowChecker::bc_hop_roots,case Code::Cast:
282,6141,13,6144,23,switch arm,logos::compiler::BorrowChecker::bc_hop_roots,case Code::IfExpr:
12996,6145,13,6147,23,switch arm,logos::compiler::BorrowChecker::bc_hop_roots,case Code::BlockExpr:
6375041,6148,13,6148,27,switch arm,logos::compiler::BorrowChecker::bc_hop_roots,default: break;
6375041,6151,9,6298,6,statement,logos::compiler::BorrowChecker::bc_hop_roots,ExprRef cur = e;
6375041,6152,13,6152,16,if guard,logos::compiler::BorrowChecker::bc_hop_roots,if (cur && cur.kind() == Code::AddrOfTemp) {
6375041,6152,13,6152,50,if guard,logos::compiler::BorrowChecker::bc_hop_roots,if (cur && cur.kind() == Code::AddrOfTemp) {
6375041,6152,20,6152,50,if guard,logos::compiler::BorrowChecker::bc_hop_roots,if (cur && cur.kind() == Code::AddrOfTemp) {
32981,6152,52,6183,10,if guard,logos::compiler::BorrowChecker::bc_hop_roots,if (cur && cur.kind() == Code::AddrOfTemp) {
32981,6176,17,6176,20,if guard,logos::compiler::BorrowChecker::bc_hop_roots,if (cur && cur.kind() != K::VarRef  && cur.kind() != K::AddrOf &&
32981,6176,17,6176,47,if guard,logos::compiler::BorrowChecker::bc_hop_roots,if (cur && cur.kind() != K::VarRef  && cur.kind() != K::AddrOf &&
32981,6176,17,6176,75,if guard,logos::compiler::BorrowChecker::bc_hop_roots,if (cur && cur.kind() != K::VarRef  && cur.kind() != K::AddrOf &&
32981,6176,17,6177,44,if guard,logos::compiler::BorrowChecker::bc_hop_roots,if (cur && cur.kind() != K::VarRef  && cur.kind() != K::AddrOf &&
32981,6176,17,6177,78,if guard,logos::compiler::BorrowChecker::bc_hop_roots,if (cur && cur.kind() != K::VarRef  && cur.kind() != K::AddrOf &&
32981,6176,17,6178,44,if guard,logos::compiler::BorrowChecker::bc_hop_roots,if (cur && cur.kind() != K::VarRef  && cur.kind() != K::AddrOf &&
32981,6176,17,6178,78,if guard,logos::compiler::BorrowChecker::bc_hop_roots,if (cur && cur.kind() != K::VarRef  && cur.kind() != K::AddrOf &&
32981,6176,17,6179,44,if guard,logos::compiler::BorrowChecker::bc_hop_roots,if (cur && cur.kind() != K::VarRef  && cur.kind() != K::AddrOf &&
32981,6176,17,6179,74,if guard,logos::compiler::BorrowChecker::bc_hop_roots,if (cur && cur.kind() != K::VarRef  && cur.kind() != K::AddrOf &&
32981,6176,24,6176,47,if guard,logos::compiler::BorrowChecker::bc_hop_roots,if (cur && cur.kind() != K::VarRef  && cur.kind() != K::AddrOf &&
27648,6176,52,6176,75,if guard,logos::compiler::BorrowChecker::bc_hop_roots,if (cur && cur.kind() != K::VarRef  && cur.kind() != K::AddrOf &&
27647,6177,17,6177,44,statement,logos::compiler::BorrowChecker::bc_hop_roots,cur.kind() != K::AddrOfTemp     && cur.kind() != K::FieldRead &&
27645,6177,52,6177,78,statement,logos::compiler::BorrowChecker::bc_hop_roots,cur.kind() != K::AddrOfTemp     && cur.kind() != K::FieldRead &&
27175,6178,17,6178,44,statement,logos::compiler::BorrowChecker::bc_hop_roots,cur.kind() != K::TupleIndex     && cur.kind() != K::IndexRead &&
27145,6178,52,6178,78,statement,logos::compiler::BorrowChecker::bc_hop_roots,cur.kind() != K::TupleIndex     && cur.kind() != K::IndexRead &&
26914,6179,17,6179,44,call / statement,logos::compiler::BorrowChecker::bc_hop_roots,cur.kind() != K::SliceIndex     && cur.kind() != K::Deref) {
10182,6179,52,6179,74,call / statement,logos::compiler::BorrowChecker::bc_hop_roots,cur.kind() != K::SliceIndex     && cur.kind() != K::Deref) {
96,6179,76,6182,14,call / statement,logos::compiler::BorrowChecker::bc_hop_roots,cur.kind() != K::SliceIndex     && cur.kind() != K::Deref) {
6374945,6184,9,6298,6,if guard,logos::compiler::BorrowChecker::bc_hop_roots,if (cur && cur.kind() == Code::AddrOf) {
6374945,6184,13,6184,16,if guard,logos::compiler::BorrowChecker::bc_hop_roots,if (cur && cur.kind() == Code::AddrOf) {
6374945,6184,13,6184,46,if guard,logos::compiler::BorrowChecker::bc_hop_roots,if (cur && cur.kind() == Code::AddrOf) {
6374945,6184,20,6184,46,if guard,logos::compiler::BorrowChecker::bc_hop_roots,if (cur && cur.kind() == Code::AddrOf) {
27463,6184,48,6188,10,if guard,logos::compiler::BorrowChecker::bc_hop_roots,if (cur && cur.kind() == Code::AddrOf) {
27463,6186,17,6186,36,if guard,logos::compiler::BorrowChecker::bc_hop_roots,"if (var_has(NO_SLOT, n)) out.push_back(std::move(n));"
27445,6186,38,6186,65,if guard,logos::compiler::BorrowChecker::bc_hop_roots,"if (var_has(NO_SLOT, n)) out.push_back(std::move(n));"
6347482,6198,9,6298,6,call / statement,logos::compiler::BorrowChecker::bc_hop_roots,auto recv_is_rawptr = [&](ExprRef r) {
34139,6198,46,6201,10,call / statement,logos::compiler::BorrowChecker::bc_hop_roots,auto recv_is_rawptr = [&](ExprRef r) {
34139,6199,20,6199,21,early return,logos::compiler::BorrowChecker::bc_hop_roots,return r && r.type(pool) &&
34139,6199,20,6199,37,early return,logos::compiler::BorrowChecker::bc_hop_roots,return r && r.type(pool) &&
34139,6199,25,6199,37,early return,logos::compiler::BorrowChecker::bc_hop_roots,return r && r.type(pool) &&
34139,6200,20,6200,63,statement,logos::compiler::BorrowChecker::bc_hop_roots,r.type(pool).kind() == LogosType::Kind::Ptr;
6381932,6235,16,6235,19,loop body,logos::compiler::BorrowChecker::bc_hop_roots,while (cur) {
6381932,6235,21,6277,10,loop body,logos::compiler::BorrowChecker::bc_hop_roots,while (cur) {
6381932,6237,17,6237,37,if guard,logos::compiler::BorrowChecker::bc_hop_roots,if (k == Code::FieldRead)  {
5860,6237,40,6242,14,if guard,logos::compiler::BorrowChecker::bc_hop_roots,if (k == Code::FieldRead)  {
5860,6239,21,6239,38,if guard,logos::compiler::BorrowChecker::bc_hop_roots,if (recv_is_rawptr(r)) return;
650,6239,40,6239,46,if guard,logos::compiler::BorrowChecker::bc_hop_roots,if (recv_is_rawptr(r)) return;
5210,6240,17,6241,34,if guard,logos::compiler::BorrowChecker::bc_hop_roots,if (path_ok) path_fields.emplace_back(EFieldReadView{cur}.field());
5210,6240,21,6240,28,if guard,logos::compiler::BorrowChecker::bc_hop_roots,if (path_ok) path_fields.emplace_back(EFieldReadView{cur}.field());
4384,6240,30,6240,83,if guard,logos::compiler::BorrowChecker::bc_hop_roots,if (path_ok) path_fields.emplace_back(EFieldReadView{cur}.field());
6376072,6243,13,6277,10,if guard,logos::compiler::BorrowChecker::bc_hop_roots,if (k == Code::TupleIndex) {
6376072,6243,17,6243,38,if guard,logos::compiler::BorrowChecker::bc_hop_roots,if (k == Code::TupleIndex) {
9780,6243,40,6248,14,if guard,logos::compiler::BorrowChecker::bc_hop_roots,if (k == Code::TupleIndex) {
9780,6245,21,6245,38,if guard,logos::compiler::BorrowChecker::bc_hop_roots,if (recv_is_rawptr(r)) return;
0,6245,40,6245,46,if guard,logos::compiler::BorrowChecker::bc_hop_roots,if (recv_is_rawptr(r)) return;
9780,6246,17,6247,34,statement,logos::compiler::BorrowChecker::bc_hop_roots,path_ok = false;
6366292,6262,13,6277,10,if guard,logos::compiler::BorrowChecker::bc_hop_roots,if (k == Code::IndexRead || k == Code::SliceIndex) {
6366292,6262,17,6262,37,if guard,logos::compiler::BorrowChecker::bc_hop_roots,if (k == Code::IndexRead || k == Code::SliceIndex) {
6366292,6262,17,6262,62,if guard,logos::compiler::BorrowChecker::bc_hop_roots,if (k == Code::IndexRead || k == Code::SliceIndex) {
6364628,6262,41,6262,62,if guard,logos::compiler::BorrowChecker::bc_hop_roots,if (k == Code::IndexRead || k == Code::SliceIndex) {
18499,6262,64,6268,14,if guard,logos::compiler::BorrowChecker::bc_hop_roots,if (k == Code::IndexRead || k == Code::SliceIndex) {
18499,6263,26,6263,48,call / statement,logos::compiler::BorrowChecker::bc_hop_roots,auto r = (k == Code::IndexRead) ? EIndexReadView{cur}.receiver()
1664,6263,51,6263,81,call / statement,logos::compiler::BorrowChecker::bc_hop_roots,auto r = (k == Code::IndexRead) ? EIndexReadView{cur}.receiver()
16835,6264,51,6264,79,statement,logos::compiler::BorrowChecker::bc_hop_roots,: ESliceIndexView{cur}.slice();
18499,6265,21,6265,38,if guard,logos::compiler::BorrowChecker::bc_hop_roots,if (recv_is_rawptr(r)) return;
606,6265,40,6265,46,if guard,logos::compiler::BorrowChecker::bc_hop_roots,if (recv_is_rawptr(r)) return;
17893,6266,17,6267,34,statement,logos::compiler::BorrowChecker::bc_hop_roots,path_ok = false;
6347793,6269,13,6277,10,if guard,logos::compiler::BorrowChecker::bc_hop_roots,if (k == Code::Deref) {
6347793,6269,17,6269,33,if guard,logos::compiler::BorrowChecker::bc_hop_roots,if (k == Code::Deref) {
10322,6269,35,6275,14,if guard,logos::compiler::BorrowChecker::bc_hop_roots,if (k == Code::Deref) {
10322,6271,21,6271,23,if guard,logos::compiler::BorrowChecker::bc_hop_roots,if (op && op.type(pool) &&
10322,6271,21,6271,40,if guard,logos::compiler::BorrowChecker::bc_hop_roots,if (op && op.type(pool) &&
10322,6271,21,6272,65,if guard,logos::compiler::BorrowChecker::bc_hop_roots,if (op && op.type(pool) &&
10322,6271,27,6271,40,if guard,logos::compiler::BorrowChecker::bc_hop_roots,if (op && op.type(pool) &&
10322,6272,21,6272,65,call / statement,logos::compiler::BorrowChecker::bc_hop_roots,op.type(pool).kind() == LogosType::Kind::Ptr)
8755,6273,21,6273,27,early return,logos::compiler::BorrowChecker::bc_hop_roots,return;   // raw-pointer deref — unchecked (Rust parity)
1567,6274,17,6274,35,statement,logos::compiler::BorrowChecker::bc_hop_roots,cur = op; continue;
6337471,6276,13,6276,18,loop exit,logos::compiler::BorrowChecker::bc_hop_roots,break;
6337471,6278,9,6298,6,if guard,logos::compiler::BorrowChecker::bc_hop_roots,if (cur && cur.kind() == Code::VarRef) {
6337471,6278,13,6278,16,if guard,logos::compiler::BorrowChecker::bc_hop_roots,if (cur && cur.kind() == Code::VarRef) {
6337471,6278,13,6278,46,if guard,logos::compiler::BorrowChecker::bc_hop_roots,if (cur && cur.kind() == Code::VarRef) {
6337471,6278,20,6278,46,if guard,logos::compiler::BorrowChecker::bc_hop_roots,if (cur && cur.kind() == Code::VarRef) {
5318471,6278,48,6297,10,if guard,logos::compiler::BorrowChecker::bc_hop_roots,if (cur && cur.kind() == Code::VarRef) {
5318471,6280,28,6280,67,statement,logos::compiler::BorrowChecker::bc_hop_roots,"bool tracked = var_has(EVarRefView{cur}.var_slot(), n) || is_loan_holder(n);"
234,6280,71,6280,88,statement,logos::compiler::BorrowChecker::bc_hop_roots,"bool tracked = var_has(EVarRefView{cur}.var_slot(), n) || is_loan_holder(n);"
5318471,6281,17,6281,24,if guard,logos::compiler::BorrowChecker::bc_hop_roots,if (tracked) out.push_back(n);
5318298,6281,26,6281,42,if guard,logos::compiler::BorrowChecker::bc_hop_roots,if (tracked) out.push_back(n);
5327293,6285,50,6289,14,call / statement,logos::compiler::BorrowChecker::bc_hop_roots,auto add = [&](const std::string& c) {
5327293,6286,21,6286,30,if guard,logos::compiler::BorrowChecker::bc_hop_roots,if (c.empty() || c == n) return;
5327293,6286,21,6286,40,if guard,logos::compiler::BorrowChecker::bc_hop_roots,if (c.empty() || c == n) return;
5327293,6286,34,6286,40,if guard,logos::compiler::BorrowChecker::bc_hop_roots,if (c.empty() || c == n) return;
5318644,6286,42,6286,48,if guard,logos::compiler::BorrowChecker::bc_hop_roots,if (c.empty() || c == n) return;
8649,6287,17,6289,14,if guard,logos::compiler::BorrowChecker::bc_hop_roots,"if (!var_has(NO_SLOT, c) && !is_loan_holder(c)) return;"
8649,6287,21,6287,41,if guard,logos::compiler::BorrowChecker::bc_hop_roots,"if (!var_has(NO_SLOT, c) && !is_loan_holder(c)) return;"
8649,6287,21,6287,63,if guard,logos::compiler::BorrowChecker::bc_hop_roots,"if (!var_has(NO_SLOT, c) && !is_loan_holder(c)) return;"
198,6287,45,6287,63,if guard,logos::compiler::BorrowChecker::bc_hop_roots,"if (!var_has(NO_SLOT, c) && !is_loan_holder(c)) return;"
198,6287,65,6287,71,if guard,logos::compiler::BorrowChecker::bc_hop_roots,"if (!var_has(NO_SLOT, c) && !is_loan_holder(c)) return;"
8451,6288,17,6289,14,if guard,logos::compiler::BorrowChecker::bc_hop_roots,"if (std::find(out.begin(), out.end(), c) == out.end()) out.push_back(c);"
8451,6288,21,6288,70,if guard,logos::compiler::BorrowChecker::bc_hop_roots,"if (std::find(out.begin(), out.end(), c) == out.end()) out.push_back(c);"
8370,6288,72,6288,88,if guard,logos::compiler::BorrowChecker::bc_hop_roots,"if (std::find(out.begin(), out.end(), c) == out.end()) out.push_back(c);"
5327293,6290,35,6296,14,loop body,logos::compiler::BorrowChecker::bc_hop_roots,for (auto& m : nodes) {
5327293,6294,21,6294,40,if guard,logos::compiler::BorrowChecker::bc_hop_roots,"if (var_has(NO_SLOT, m) || is_loan_holder(m)) add(m);"
5327293,6294,21,6294,61,if guard,logos::compiler::BorrowChecker::bc_hop_roots,"if (var_has(NO_SLOT, m) || is_loan_holder(m)) add(m);"
834,6294,44,6294,61,if guard,logos::compiler::BorrowChecker::bc_hop_roots,"if (var_has(NO_SLOT, m) || is_loan_holder(m)) add(m);"
5326520,6294,63,6294,69,if guard,logos::compiler::BorrowChecker::bc_hop_roots,"if (var_has(NO_SLOT, m) || is_loan_holder(m)) add(m);"
773,6295,63,6295,85,else branch,logos::compiler::BorrowChecker::bc_hop_roots,else                                          add(ref_place_root(m));
5111,6314,61,6346,6,statement,logos::compiler::BorrowChecker::carried_prov_of_recv,RefProv carried_prov_of_recv(lir_view::ExprRef r) const {
5111,6317,13,6317,15,if guard,logos::compiler::BorrowChecker::carried_prov_of_recv,if (!r) return {};
0,6317,17,6317,26,if guard,logos::compiler::BorrowChecker::carried_prov_of_recv,if (!r) return {};
5111,6318,9,6346,6,if guard,logos::compiler::BorrowChecker::carried_prov_of_recv,if (r.kind() == Code::AddrOf) {
5111,6318,13,6318,37,if guard,logos::compiler::BorrowChecker::carried_prov_of_recv,if (r.kind() == Code::AddrOf) {
0,6318,39,6323,10,if guard,logos::compiler::BorrowChecker::carried_prov_of_recv,if (r.kind() == Code::AddrOf) {
0,6320,17,6320,39,if guard,logos::compiler::BorrowChecker::carried_prov_of_recv,"if (param_names_.count(nm)) return {{nm}, false};"
0,6320,41,6320,61,if guard,logos::compiler::BorrowChecker::carried_prov_of_recv,"if (param_names_.count(nm)) return {{nm}, false};"
0,6321,13,6322,62,statement,logos::compiler::BorrowChecker::carried_prov_of_recv,auto it = prov_.find(nm);
0,6322,20,6322,37,early return,logos::compiler::BorrowChecker::carried_prov_of_recv,return it != prov_.end() ? it->second : RefProv{};
0,6322,40,6322,50,early return,logos::compiler::BorrowChecker::carried_prov_of_recv,return it != prov_.end() ? it->second : RefProv{};
0,6322,53,6322,62,early return,logos::compiler::BorrowChecker::carried_prov_of_recv,return it != prov_.end() ? it->second : RefProv{};
5111,6324,9,6346,6,if guard,logos::compiler::BorrowChecker::carried_prov_of_recv,if (r.kind() == Code::AddrOfTemp)
5111,6324,13,6324,41,if guard,logos::compiler::BorrowChecker::carried_prov_of_recv,if (r.kind() == Code::AddrOfTemp)
1067,6325,13,6325,68,early return,logos::compiler::BorrowChecker::carried_prov_of_recv,return carried_prov_of_recv(EAddrOfTempView{r}.inner());
4044,6326,9,6346,6,if guard,logos::compiler::BorrowChecker::carried_prov_of_recv,if (r.kind() == Code::VarRef) {
4044,6326,13,6326,37,if guard,logos::compiler::BorrowChecker::carried_prov_of_recv,if (r.kind() == Code::VarRef) {
3273,6326,39,6341,10,if guard,logos::compiler::BorrowChecker::carried_prov_of_recv,if (r.kind() == Code::VarRef) {
3273,6336,17,6336,39,if guard,logos::compiler::BorrowChecker::carried_prov_of_recv,if (param_names_.count(nm))
2417,6337,17,6338,84,early return,logos::compiler::BorrowChecker::carried_prov_of_recv,"return outliving_params_.count(nm) ? RefProv{{nm}, false}"
2417,6337,24,6337,51,early return,logos::compiler::BorrowChecker::carried_prov_of_recv,"return outliving_params_.count(nm) ? RefProv{{nm}, false}"
2417,6337,54,6337,74,early return,logos::compiler::BorrowChecker::carried_prov_of_recv,"return outliving_params_.count(nm) ? RefProv{{nm}, false}"
0,6338,54,6338,84,statement,logos::compiler::BorrowChecker::carried_prov_of_recv,": RefProv{{}, /*is_local=*/true};"
856,6339,13,6340,62,statement,logos::compiler::BorrowChecker::carried_prov_of_recv,auto it = prov_.find(nm);
856,6340,20,6340,37,early return,logos::compiler::BorrowChecker::carried_prov_of_recv,return it != prov_.end() ? it->second : RefProv{};
368,6340,40,6340,50,early return,logos::compiler::BorrowChecker::carried_prov_of_recv,return it != prov_.end() ? it->second : RefProv{};
488,6340,53,6340,62,early return,logos::compiler::BorrowChecker::carried_prov_of_recv,return it != prov_.end() ? it->second : RefProv{};
771,6342,9,6345,17,statement,logos::compiler::BorrowChecker::carried_prov_of_recv,RefProv p = prov_of(r);
771,6343,13,6343,24,if guard,logos::compiler::BorrowChecker::carried_prov_of_recv,if (!p.is_local && !p.is_temp && p.params.empty())
771,6343,13,6343,38,if guard,logos::compiler::BorrowChecker::carried_prov_of_recv,if (!p.is_local && !p.is_temp && p.params.empty())
771,6343,13,6343,58,if guard,logos::compiler::BorrowChecker::carried_prov_of_recv,if (!p.is_local && !p.is_temp && p.params.empty())
765,6343,28,6343,38,if guard,logos::compiler::BorrowChecker::carried_prov_of_recv,if (!p.is_local && !p.is_temp && p.params.empty())
765,6343,42,6343,58,if guard,logos::compiler::BorrowChecker::carried_prov_of_recv,if (!p.is_local && !p.is_temp && p.params.empty())
19,6344,13,6344,36,statement,logos::compiler::BorrowChecker::carried_prov_of_recv,p = prov_of_retained(r);
5723914,6348,48,7034,6,statement,logos::compiler::BorrowChecker::prov_of,RefProv prov_of(lir_view::ExprRef e) const {
5723914,6349,13,6349,15,if guard,logos::compiler::BorrowChecker::prov_of,if (!e) return {};
201,6349,17,6349,26,if guard,logos::compiler::BorrowChecker::prov_of,if (!e) return {};
5723713,6350,9,7034,6,statement,logos::compiler::BorrowChecker::prov_of,using namespace lir_view;
3009035,6355,13,7032,26,switch arm,logos::compiler::BorrowChecker::prov_of,case Code::VarRef: {
3009035,6358,21,6358,45,if guard,logos::compiler::BorrowChecker::prov_of,if (param_names_.count(name) && is_ref_kind(e.type(pool)))
3009035,6358,21,6358,74,if guard,logos::compiler::BorrowChecker::prov_of,if (param_names_.count(name) && is_ref_kind(e.type(pool)))
772590,6358,49,6358,74,if guard,logos::compiler::BorrowChecker::prov_of,if (param_names_.count(name) && is_ref_kind(e.type(pool)))
407675,6359,21,6359,43,early return,logos::compiler::BorrowChecker::prov_of,"return {{name}, false};"
2601360,6360,17,7032,26,statement,logos::compiler::BorrowChecker::prov_of,auto it = prov_.find(name);
2601360,6361,21,6361,38,if guard,logos::compiler::BorrowChecker::prov_of,if (it != prov_.end()) return it->second;
108467,6361,40,6361,57,if guard,logos::compiler::BorrowChecker::prov_of,if (it != prov_.end()) return it->second;
2492893,6362,17,6362,26,early return,logos::compiler::BorrowChecker::prov_of,return {};
7912,6364,13,7032,26,switch arm,logos::compiler::BorrowChecker::prov_of,case Code::AddrOf: {
7912,6367,21,6367,52,if guard,logos::compiler::BorrowChecker::prov_of,if (is_materialized_temp_name(name))
0,6368,21,6368,70,early return,logos::compiler::BorrowChecker::prov_of,"return {{}, /*is_local=*/false, /*is_temp=*/true};"
7912,6374,17,7032,26,if guard,logos::compiler::BorrowChecker::prov_of,if (param_names_.count(name))
7912,6374,21,6374,45,if guard,logos::compiler::BorrowChecker::prov_of,if (param_names_.count(name))
19,6375,21,6377,62,early return,logos::compiler::BorrowChecker::prov_of,return outliving_params_.count(name)
19,6375,28,6375,57,early return,logos::compiler::BorrowChecker::prov_of,return outliving_params_.count(name)
6,6376,32,6376,54,statement,logos::compiler::BorrowChecker::prov_of,"? RefProv{{name}, false}"
13,6377,32,6377,62,statement,logos::compiler::BorrowChecker::prov_of,": RefProv{{}, /*is_local=*/true};"
7893,6378,17,7032,26,if guard,logos::compiler::BorrowChecker::prov_of,"if (var_has(NO_SLOT, name))      return {{},     true};"
7893,6378,21,6378,43,if guard,logos::compiler::BorrowChecker::prov_of,"if (var_has(NO_SLOT, name))      return {{},     true};"
7883,6378,50,6378,71,if guard,logos::compiler::BorrowChecker::prov_of,"if (var_has(NO_SLOT, name))      return {{},     true};"
10,6386,17,7032,26,if guard,logos::compiler::BorrowChecker::prov_of,if (ts_.frame_consts.count(name))
10,6386,21,6386,49,if guard,logos::compiler::BorrowChecker::prov_of,if (ts_.frame_consts.count(name))
4,6387,21,6387,51,early return,logos::compiler::BorrowChecker::prov_of,"return {{}, /*is_local=*/true};"
6,6388,17,6388,26,early return,logos::compiler::BorrowChecker::prov_of,return {};
290348,6390,13,7032,26,switch arm,logos::compiler::BorrowChecker::prov_of,case Code::AddrOfTemp: {
290348,6405,21,6405,63,if guard,logos::compiler::BorrowChecker::prov_of,"if (const_promote::is_promoted_borrow(e, pool)) return {};"
43,6405,65,6405,74,if guard,logos::compiler::BorrowChecker::prov_of,"if (const_promote::is_promoted_borrow(e, pool)) return {};"
290305,6412,17,7032,26,statement,logos::compiler::BorrowChecker::prov_of,EAddrOfTempView v{e};
290305,6419,21,6419,23,statement,logos::compiler::BorrowChecker::prov_of,in && in.kind() == Code::VarRef &&
290305,6419,21,6419,52,statement,logos::compiler::BorrowChecker::prov_of,in && in.kind() == Code::VarRef &&
290305,6419,21,6420,70,statement,logos::compiler::BorrowChecker::prov_of,in && in.kind() == Code::VarRef &&
290305,6419,27,6419,52,statement,logos::compiler::BorrowChecker::prov_of,in && in.kind() == Code::VarRef &&
1285,6420,21,6420,70,call / statement,logos::compiler::BorrowChecker::prov_of,is_materialized_temp_name(EVarRefView{in}.name()))
5,6421,21,6421,70,early return,logos::compiler::BorrowChecker::prov_of,"return {{}, /*is_local=*/false, /*is_temp=*/true};"
290300,6422,17,7032,26,statement,logos::compiler::BorrowChecker::prov_of,auto inner_prov = prov_of(v.inner());
290300,6423,21,6423,47,if guard,logos::compiler::BorrowChecker::prov_of,if (!inner_prov.params.empty() || inner_prov.is_local ||
290300,6423,21,6423,70,if guard,logos::compiler::BorrowChecker::prov_of,if (!inner_prov.params.empty() || inner_prov.is_local ||
290300,6423,21,6424,39,if guard,logos::compiler::BorrowChecker::prov_of,if (!inner_prov.params.empty() || inner_prov.is_local ||
14955,6423,51,6423,70,if guard,logos::compiler::BorrowChecker::prov_of,if (!inner_prov.params.empty() || inner_prov.is_local ||
12633,6424,21,6424,39,call / statement,logos::compiler::BorrowChecker::prov_of,inner_prov.is_temp)
277667,6425,21,6425,38,early return,logos::compiler::BorrowChecker::prov_of,return inner_prov;
12633,6432,17,7032,26,if guard,logos::compiler::BorrowChecker::prov_of,if (is_temporary_value_expr(v.inner()))
12633,6432,21,6432,55,if guard,logos::compiler::BorrowChecker::prov_of,if (is_temporary_value_expr(v.inner()))
22,6433,21,6433,70,early return,logos::compiler::BorrowChecker::prov_of,"return {{}, /*is_local=*/true, /*is_temp=*/false};"
12611,6437,17,7032,26,statement,logos::compiler::BorrowChecker::prov_of,bool temp_root = false;
12611,6438,21,6438,67,if guard,logos::compiler::BorrowChecker::prov_of,"if (!value_local_root(e, pool, &temp_root).empty() || temp_root)"
12611,6438,21,6438,80,if guard,logos::compiler::BorrowChecker::prov_of,"if (!value_local_root(e, pool, &temp_root).empty() || temp_root)"
11399,6438,71,6438,80,if guard,logos::compiler::BorrowChecker::prov_of,"if (!value_local_root(e, pool, &temp_root).empty() || temp_root)"
1215,6439,21,6439,70,early return,logos::compiler::BorrowChecker::prov_of,"return {{}, /*is_local=*/true, /*is_temp=*/false};"
11396,6440,17,6440,26,early return,logos::compiler::BorrowChecker::prov_of,return {};  // unknown — conservative-accept
10081,6442,13,7032,26,switch arm,logos::compiler::BorrowChecker::prov_of,case Code::FieldRead: {
10081,6447,21,6447,22,if guard,logos::compiler::BorrowChecker::prov_of,if (r && r.type(pool) && r.type(pool).kind() == LogosType::Kind::Ptr)
10081,6447,21,6447,38,if guard,logos::compiler::BorrowChecker::prov_of,if (r && r.type(pool) && r.type(pool).kind() == LogosType::Kind::Ptr)
10081,6447,21,6447,85,if guard,logos::compiler::BorrowChecker::prov_of,if (r && r.type(pool) && r.type(pool).kind() == LogosType::Kind::Ptr)
10081,6447,26,6447,38,if guard,logos::compiler::BorrowChecker::prov_of,if (r && r.type(pool) && r.type(pool).kind() == LogosType::Kind::Ptr)
10081,6447,42,6447,85,if guard,logos::compiler::BorrowChecker::prov_of,if (r && r.type(pool) && r.type(pool).kind() == LogosType::Kind::Ptr)
686,6448,21,6448,30,early return,logos::compiler::BorrowChecker::prov_of,return {};
9395,6449,17,6449,34,early return,logos::compiler::BorrowChecker::prov_of,return prov_of(r);
268027,6451,13,7032,26,switch arm,logos::compiler::BorrowChecker::prov_of,case Code::Deref: {
268027,6460,21,6460,23,if guard,logos::compiler::BorrowChecker::prov_of,if (op && op.type(pool) && op.type(pool).kind() == LogosType::Kind::Ptr)
268027,6460,21,6460,40,if guard,logos::compiler::BorrowChecker::prov_of,if (op && op.type(pool) && op.type(pool).kind() == LogosType::Kind::Ptr)
268027,6460,21,6460,88,if guard,logos::compiler::BorrowChecker::prov_of,if (op && op.type(pool) && op.type(pool).kind() == LogosType::Kind::Ptr)
268027,6460,27,6460,40,if guard,logos::compiler::BorrowChecker::prov_of,if (op && op.type(pool) && op.type(pool).kind() == LogosType::Kind::Ptr)
268027,6460,44,6460,88,if guard,logos::compiler::BorrowChecker::prov_of,if (op && op.type(pool) && op.type(pool).kind() == LogosType::Kind::Ptr)
5165,6461,21,6461,30,early return,logos::compiler::BorrowChecker::prov_of,return {};
262862,6462,17,6462,35,early return,logos::compiler::BorrowChecker::prov_of,return prov_of(op);
7744,6464,13,6465,62,switch arm,logos::compiler::BorrowChecker::prov_of,case Code::TupleIndex:
2482,6466,13,6467,55,switch arm,logos::compiler::BorrowChecker::prov_of,case Code::Cast:
3810,6468,13,6469,61,switch arm,logos::compiler::BorrowChecker::prov_of,case Code::IndexRead:
347,6484,13,6485,56,switch arm,logos::compiler::BorrowChecker::prov_of,case Code::SliceLit:
0,6486,13,6487,57,switch arm,logos::compiler::BorrowChecker::prov_of,case Code::SlicePtr:
16850,6500,13,6501,59,switch arm,logos::compiler::BorrowChecker::prov_of,case Code::SliceIndex:
280,6502,13,6504,80,switch arm,logos::compiler::BorrowChecker::prov_of,case Code::IfExpr: {
13187,6506,13,6507,59,switch arm,logos::compiler::BorrowChecker::prov_of,case Code::BlockExpr:
255,6508,13,6513,30,switch arm,logos::compiler::BorrowChecker::prov_of,case Code::MatchExpr: {
511,6510,66,6512,18,call / statement,logos::compiler::BorrowChecker::prov_of,EMatchExprView{e}.each_arm([&](EMatchArmRef arm) {
11,6515,13,7032,26,switch arm,logos::compiler::BorrowChecker::prov_of,case Code::ClosureCall:
263034,6516,13,7032,26,switch arm,logos::compiler::BorrowChecker::prov_of,case Code::FnPtrCall: {   // H4 — see note_closure_caps
263034,6518,21,6518,37,if guard,logos::compiler::BorrowChecker::prov_of,if (!is_ref_kind(rt) && !is_borrow_carrying_type(rt)) return {};
263034,6518,21,6518,69,if guard,logos::compiler::BorrowChecker::prov_of,if (!is_ref_kind(rt) && !is_borrow_carrying_type(rt)) return {};
201002,6518,41,6518,69,if guard,logos::compiler::BorrowChecker::prov_of,if (!is_ref_kind(rt) && !is_borrow_carrying_type(rt)) return {};
200035,6518,71,6518,80,if guard,logos::compiler::BorrowChecker::prov_of,if (!is_ref_kind(rt) && !is_borrow_carrying_type(rt)) return {};
62999,6519,17,7032,26,statement,logos::compiler::BorrowChecker::prov_of,const std::vector<std::string>* caps = closure_caps_of(call_callee(e));
62999,6524,21,6524,26,if guard,logos::compiler::BorrowChecker::prov_of,if (!caps && e.kind() == Code::FnPtrCall) {
62999,6524,21,6524,57,if guard,logos::compiler::BorrowChecker::prov_of,if (!caps && e.kind() == Code::FnPtrCall) {
62989,6524,30,6524,57,if guard,logos::compiler::BorrowChecker::prov_of,if (!caps && e.kind() == Code::FnPtrCall) {
62988,6524,59,6544,18,if guard,logos::compiler::BorrowChecker::prov_of,if (!caps && e.kind() == Code::FnPtrCall) {
62988,6527,44,6527,46,if guard,logos::compiler::BorrowChecker::prov_of,if (const FlowSummary* fs = flow_of_fnptr(fv.callee())) {
11,6527,77,6535,22,if guard,logos::compiler::BorrowChecker::prov_of,if (const FlowSummary* fs = flow_of_fnptr(fv.callee())) {
13,6529,52,6533,26,call / statement,logos::compiler::BorrowChecker::prov_of,fv.each_arg([&](ExprRef a) {
13,6530,33,6530,34,if guard,logos::compiler::BorrowChecker::prov_of,if (a && i < fs->nparams && (fs->to_result & (1ull << i)))
13,6530,33,6530,53,if guard,logos::compiler::BorrowChecker::prov_of,if (a && i < fs->nparams && (fs->to_result & (1ull << i)))
13,6530,33,6530,86,if guard,logos::compiler::BorrowChecker::prov_of,if (a && i < fs->nparams && (fs->to_result & (1ull << i)))
13,6530,38,6530,53,if guard,logos::compiler::BorrowChecker::prov_of,if (a && i < fs->nparams && (fs->to_result & (1ull << i)))
13,6530,57,6530,86,if guard,logos::compiler::BorrowChecker::prov_of,if (a && i < fs->nparams && (fs->to_result & (1ull << i)))
9,6531,33,6531,72,statement,logos::compiler::BorrowChecker::prov_of,"merged = merge_prov(merged, prov_of(a));"
62977,6536,21,6543,34,call / statement,logos::compiler::BorrowChecker::prov_of,fv.each_arg([&](ExprRef a) {
143,6536,48,6542,22,call / statement,logos::compiler::BorrowChecker::prov_of,fv.each_arg([&](ExprRef a) {
143,6537,29,6537,31,if guard,logos::compiler::BorrowChecker::prov_of,if (!a) return;
0,6537,33,6537,39,if guard,logos::compiler::BorrowChecker::prov_of,if (!a) return;
143,6538,25,6542,22,statement,logos::compiler::BorrowChecker::prov_of,TypeRef at = a.type(pool);
143,6539,29,6539,50,if guard,logos::compiler::BorrowChecker::prov_of,if (is_plain_ref_kind(at) ||
143,6539,29,6540,78,if guard,logos::compiler::BorrowChecker::prov_of,if (is_plain_ref_kind(at) ||
127,6540,29,6540,78,statement,logos::compiler::BorrowChecker::prov_of,(!is_ref_kind(at) && is_borrow_carrying_type(at)))
127,6540,30,6540,46,statement,logos::compiler::BorrowChecker::prov_of,(!is_ref_kind(at) && is_borrow_carrying_type(at)))
122,6540,50,6540,77,statement,logos::compiler::BorrowChecker::prov_of,(!is_ref_kind(at) && is_borrow_carrying_type(at)))
16,6541,29,6541,68,statement,logos::compiler::BorrowChecker::prov_of,"merged = merge_prov(merged, prov_of(a));"
11,6545,17,7032,26,if guard,logos::compiler::BorrowChecker::prov_of,if (!caps) return {};
11,6545,21,6545,26,if guard,logos::compiler::BorrowChecker::prov_of,if (!caps) return {};
1,6545,28,6545,37,if guard,logos::compiler::BorrowChecker::prov_of,if (!caps) return {};
10,6546,17,6560,30,statement,logos::compiler::BorrowChecker::prov_of,RefProv merged = {};
10,6547,41,6559,18,loop body,logos::compiler::BorrowChecker::prov_of,for (auto& cap : *caps) {
10,6548,52,6548,69,if guard,logos::compiler::BorrowChecker::prov_of,if (auto it = prov_.find(cap); it != prov_.end()) {
0,6548,71,6551,22,if guard,logos::compiler::BorrowChecker::prov_of,if (auto it = prov_.find(cap); it != prov_.end()) {
10,6557,21,6559,18,if guard,logos::compiler::BorrowChecker::prov_of,"if (var_has(NO_SLOT, cap) && !param_names_.count(cap))"
10,6557,25,6557,46,if guard,logos::compiler::BorrowChecker::prov_of,"if (var_has(NO_SLOT, cap) && !param_names_.count(cap))"
10,6557,25,6557,74,if guard,logos::compiler::BorrowChecker::prov_of,"if (var_has(NO_SLOT, cap) && !param_names_.count(cap))"
10,6557,50,6557,74,if guard,logos::compiler::BorrowChecker::prov_of,"if (var_has(NO_SLOT, cap) && !param_names_.count(cap))"
10,6558,25,6558,47,statement,logos::compiler::BorrowChecker::prov_of,merged.is_local = true;
25406,6562,13,7032,26,switch arm,logos::compiler::BorrowChecker::prov_of,case Code::MethodCall: {
25406,6615,34,6615,40,statement,logos::compiler::BorrowChecker::prov_of,bool fat   = !plain && is_ref_kind(m_rt);
20916,6615,44,6615,61,statement,logos::compiler::BorrowChecker::prov_of,bool fat   = !plain && is_ref_kind(m_rt);
25406,6616,25,6616,31,if guard,logos::compiler::BorrowChecker::prov_of,if (!plain && !fat && !m_bc) return {};
25406,6616,25,6616,39,if guard,logos::compiler::BorrowChecker::prov_of,if (!plain && !fat && !m_bc) return {};
25406,6616,25,6616,48,if guard,logos::compiler::BorrowChecker::prov_of,if (!plain && !fat && !m_bc) return {};
20916,6616,35,6616,39,if guard,logos::compiler::BorrowChecker::prov_of,if (!plain && !fat && !m_bc) return {};
18349,6616,43,6616,48,if guard,logos::compiler::BorrowChecker::prov_of,if (!plain && !fat && !m_bc) return {};
12557,6616,50,6616,59,if guard,logos::compiler::BorrowChecker::prov_of,if (!plain && !fat && !m_bc) return {};
12849,6617,21,7032,26,statement,logos::compiler::BorrowChecker::prov_of,m_fat_gate_shut = fat && !m_bc && !result_borrows_self(v);
12849,6617,39,6617,42,statement,logos::compiler::BorrowChecker::prov_of,m_fat_gate_shut = fat && !m_bc && !result_borrows_self(v);
12849,6617,39,6617,51,statement,logos::compiler::BorrowChecker::prov_of,m_fat_gate_shut = fat && !m_bc && !result_borrows_self(v);
2567,6617,46,6617,51,statement,logos::compiler::BorrowChecker::prov_of,m_fat_gate_shut = fat && !m_bc && !result_borrows_self(v);
2566,6617,55,6617,78,statement,logos::compiler::BorrowChecker::prov_of,m_fat_gate_shut = fat && !m_bc && !result_borrows_self(v);
12849,6647,21,6647,36,if guard,logos::compiler::BorrowChecker::prov_of,if (m_fat_gate_shut && (!fs || fs->over_approx)) return {};
12849,6647,21,6647,64,if guard,logos::compiler::BorrowChecker::prov_of,if (m_fat_gate_shut && (!fs || fs->over_approx)) return {};
222,6647,40,6647,64,if guard,logos::compiler::BorrowChecker::prov_of,if (m_fat_gate_shut && (!fs || fs->over_approx)) return {};
222,6647,41,6647,44,if guard,logos::compiler::BorrowChecker::prov_of,if (m_fat_gate_shut && (!fs || fs->over_approx)) return {};
75,6647,48,6647,63,if guard,logos::compiler::BorrowChecker::prov_of,if (m_fat_gate_shut && (!fs || fs->over_approx)) return {};
149,6647,66,6647,75,if guard,logos::compiler::BorrowChecker::prov_of,if (m_fat_gate_shut && (!fs || fs->over_approx)) return {};
12700,6648,17,6729,26,statement,logos::compiler::BorrowChecker::prov_of,RefProv rp = {};
12700,6650,21,6650,23,if guard,logos::compiler::BorrowChecker::prov_of,if (fs) {
11234,6650,25,6658,18,if guard,logos::compiler::BorrowChecker::prov_of,if (fs) {
5898,6654,46,6654,67,statement,logos::compiler::BorrowChecker::prov_of,v.each_arg([&](ExprRef a){ ops.push_back(a); });
28366,6655,40,6655,54,loop body,logos::compiler::BorrowChecker::prov_of,for (size_t i = 0; i < ops.size() && i < fs->nparams; ++i)
28366,6655,40,6655,73,loop body,logos::compiler::BorrowChecker::prov_of,for (size_t i = 0; i < ops.size() && i < fs->nparams; ++i)
17132,6655,58,6655,73,loop body,logos::compiler::BorrowChecker::prov_of,for (size_t i = 0; i < ops.size() && i < fs->nparams; ++i)
17132,6655,75,6655,78,loop body,logos::compiler::BorrowChecker::prov_of,for (size_t i = 0; i < ops.size() && i < fs->nparams; ++i)
17132,6656,25,6657,65,if guard,logos::compiler::BorrowChecker::prov_of,if (fs->to_result & (1ull << i))
17132,6656,29,6656,56,if guard,logos::compiler::BorrowChecker::prov_of,if (fs->to_result & (1ull << i))
6394,6657,29,6657,65,statement,logos::compiler::BorrowChecker::prov_of,"rp = merge_prov(rp, prov_of(ops[i]));"
1466,6658,24,6669,18,else branch,logos::compiler::BorrowChecker::prov_of,} else {
1099,6663,47,6668,22,call / statement,logos::compiler::BorrowChecker::prov_of,v.each_arg([&](ExprRef a) {
1099,6664,29,6664,31,if guard,logos::compiler::BorrowChecker::prov_of,if (!a) return;
0,6664,33,6664,39,if guard,logos::compiler::BorrowChecker::prov_of,if (!a) return;
1099,6665,25,6668,22,statement,logos::compiler::BorrowChecker::prov_of,TypeRef at = a.type(pool);
1099,6666,29,6666,45,if guard,logos::compiler::BorrowChecker::prov_of,if (!is_ref_kind(at) && is_borrow_carrying_type(at))
1099,6666,29,6666,76,if guard,logos::compiler::BorrowChecker::prov_of,if (!is_ref_kind(at) && is_borrow_carrying_type(at))
804,6666,49,6666,76,if guard,logos::compiler::BorrowChecker::prov_of,if (!is_ref_kind(at) && is_borrow_carrying_type(at))
203,6667,29,6667,60,statement,logos::compiler::BorrowChecker::prov_of,"rp = merge_prov(rp, prov_of(a));"
12700,6676,21,6676,37,if guard,logos::compiler::BorrowChecker::prov_of,if (recv_contributes && is_temporary_value_expr(v.receiver()) &&
12700,6676,21,6676,78,if guard,logos::compiler::BorrowChecker::prov_of,if (recv_contributes && is_temporary_value_expr(v.receiver()) &&
12700,6676,21,6677,45,if guard,logos::compiler::BorrowChecker::prov_of,if (recv_contributes && is_temporary_value_expr(v.receiver()) &&
7705,6676,41,6676,78,if guard,logos::compiler::BorrowChecker::prov_of,if (recv_contributes && is_temporary_value_expr(v.receiver()) &&
35,6677,21,6677,45,call / statement,logos::compiler::BorrowChecker::prov_of,method_self_kind(v) != 0)
0,6678,21,6678,38,statement,logos::compiler::BorrowChecker::prov_of,rp.is_temp = true;
12700,6684,21,6684,37,if guard,logos::compiler::BorrowChecker::prov_of,if (recv_contributes && rp.params.empty() && !rp.is_local &&
12700,6684,21,6684,58,if guard,logos::compiler::BorrowChecker::prov_of,if (recv_contributes && rp.params.empty() && !rp.is_local &&
12700,6684,21,6684,74,if guard,logos::compiler::BorrowChecker::prov_of,if (recv_contributes && rp.params.empty() && !rp.is_local &&
12700,6684,21,6685,32,if guard,logos::compiler::BorrowChecker::prov_of,if (recv_contributes && rp.params.empty() && !rp.is_local &&
12700,6684,21,6686,66,if guard,logos::compiler::BorrowChecker::prov_of,if (recv_contributes && rp.params.empty() && !rp.is_local &&
7705,6684,41,6684,58,if guard,logos::compiler::BorrowChecker::prov_of,if (recv_contributes && rp.params.empty() && !rp.is_local &&
4948,6684,62,6684,74,if guard,logos::compiler::BorrowChecker::prov_of,if (recv_contributes && rp.params.empty() && !rp.is_local &&
3924,6685,21,6685,32,statement,logos::compiler::BorrowChecker::prov_of,!rp.is_temp &&
3921,6686,21,6686,66,statement,logos::compiler::BorrowChecker::prov_of,"!value_local_root(v.receiver(), pool).empty())"
1607,6687,21,6687,39,statement,logos::compiler::BorrowChecker::prov_of,rp.is_local = true;
12700,6714,21,6714,38,if guard,logos::compiler::BorrowChecker::prov_of,if (!recv_contributes && !rp.is_local && !rp.is_temp) {
12700,6714,21,6714,54,if guard,logos::compiler::BorrowChecker::prov_of,if (!recv_contributes && !rp.is_local && !rp.is_temp) {
12700,6714,21,6714,69,if guard,logos::compiler::BorrowChecker::prov_of,if (!recv_contributes && !rp.is_local && !rp.is_temp) {
4995,6714,42,6714,54,if guard,logos::compiler::BorrowChecker::prov_of,if (!recv_contributes && !rp.is_local && !rp.is_temp) {
4969,6714,58,6714,69,if guard,logos::compiler::BorrowChecker::prov_of,if (!recv_contributes && !rp.is_local && !rp.is_temp) {
4969,6714,71,6728,18,if guard,logos::compiler::BorrowChecker::prov_of,if (!recv_contributes && !rp.is_local && !rp.is_temp) {
4969,6716,25,6716,28,if guard,logos::compiler::BorrowChecker::prov_of,if (rvt && type_may_carry_borrow(rvt) &&
4969,6716,25,6716,58,if guard,logos::compiler::BorrowChecker::prov_of,if (rvt && type_may_carry_borrow(rvt) &&
4969,6716,25,6717,70,if guard,logos::compiler::BorrowChecker::prov_of,if (rvt && type_may_carry_borrow(rvt) &&
4969,6716,32,6716,58,if guard,logos::compiler::BorrowChecker::prov_of,if (rvt && type_may_carry_borrow(rvt) &&
4044,6717,25,6717,70,statement,logos::compiler::BorrowChecker::prov_of,"!residency_exemption_holds(rvt, v.receiver())) {"
4044,6717,72,6727,22,statement,logos::compiler::BorrowChecker::prov_of,"!residency_exemption_holds(rvt, v.receiver())) {"
4044,6719,29,6719,40,if guard,logos::compiler::BorrowChecker::prov_of,if (cp.is_local || cp.is_temp) {
4044,6719,29,6719,54,if guard,logos::compiler::BorrowChecker::prov_of,if (cp.is_local || cp.is_temp) {
4028,6719,44,6719,54,if guard,logos::compiler::BorrowChecker::prov_of,if (cp.is_local || cp.is_temp) {
16,6719,56,6726,26,if guard,logos::compiler::BorrowChecker::prov_of,if (cp.is_local || cp.is_temp) {
16,6720,33,6720,62,if guard,logos::compiler::BorrowChecker::prov_of,"if (std::getenv(""LOGOS_86_TRACE""))"
0,6721,33,6723,57,statement,logos::compiler::BorrowChecker::prov_of,"fprintf(stderr, ""[#86trace-carry] fn=%s loc=%d tmp=%d\n"","
0,6721,41,6721,41,statement,logos::compiler::BorrowChecker::prov_of,"fprintf(stderr, ""[#86trace-carry] fn=%s loc=%d tmp=%d\n"","
16,6724,43,6724,54,statement,logos::compiler::BorrowChecker::prov_of,rp.is_local = rp.is_local || cp.is_local;
16,6724,58,6724,69,statement,logos::compiler::BorrowChecker::prov_of,rp.is_local = rp.is_local || cp.is_local;
16,6725,43,6725,53,statement,logos::compiler::BorrowChecker::prov_of,rp.is_temp  = rp.is_temp  || cp.is_temp;
16,6725,58,6725,68,statement,logos::compiler::BorrowChecker::prov_of,rp.is_temp  = rp.is_temp  || cp.is_temp;
292063,6731,13,7032,26,switch arm,logos::compiler::BorrowChecker::prov_of,case Code::Call: {
292063,6783,21,6783,31,if guard,logos::compiler::BorrowChecker::prov_of,if (!bc_result && !type_may_carry_borrow(e.type(pool))) return {};
292063,6783,21,6783,71,if guard,logos::compiler::BorrowChecker::prov_of,if (!bc_result && !type_may_carry_borrow(e.type(pool))) return {};
282597,6783,35,6783,71,if guard,logos::compiler::BorrowChecker::prov_of,if (!bc_result && !type_may_carry_borrow(e.type(pool))) return {};
2801,6783,73,6783,82,if guard,logos::compiler::BorrowChecker::prov_of,if (!bc_result && !type_may_carry_borrow(e.type(pool))) return {};
289262,6784,17,7032,26,statement,logos::compiler::BorrowChecker::prov_of,RefProv merged = {};
570663,6842,48,6847,22,call / statement,logos::compiler::BorrowChecker::prov_of,cv.each_arg([&](ExprRef a) {
570663,6844,39,6844,40,statement,logos::compiler::BorrowChecker::prov_of,TypeRef at0 = a ? a.type(pool) : TypeRef(nullptr);
570663,6844,43,6844,55,statement,logos::compiler::BorrowChecker::prov_of,TypeRef at0 = a ? a.type(pool) : TypeRef(nullptr);
0,6844,58,6844,74,statement,logos::compiler::BorrowChecker::prov_of,TypeRef at0 = a ? a.type(pool) : TypeRef(nullptr);
570663,6845,29,6845,32,if guard,logos::compiler::BorrowChecker::prov_of,if (at0 && at0.kind() != LogosType::Kind::Ptr &&
570663,6845,29,6845,70,if guard,logos::compiler::BorrowChecker::prov_of,if (at0 && at0.kind() != LogosType::Kind::Ptr &&
570663,6845,29,6846,45,if guard,logos::compiler::BorrowChecker::prov_of,if (at0 && at0.kind() != LogosType::Kind::Ptr &&
570663,6845,36,6845,70,if guard,logos::compiler::BorrowChecker::prov_of,if (at0 && at0.kind() != LogosType::Kind::Ptr &&
561204,6846,29,6846,45,statement,logos::compiler::BorrowChecker::prov_of,is_ref_kind(at0)) { ++nref; elided_to = k; }
269422,6846,47,6846,73,statement,logos::compiler::BorrowChecker::prov_of,is_ref_kind(at0)) { ++nref; elided_to = k; }
289262,6848,25,6848,34,if guard,logos::compiler::BorrowChecker::prov_of,if (nref != 1 || !is_ref_kind(e.type(pool))) elided_to = -1;
289262,6848,25,6848,64,if guard,logos::compiler::BorrowChecker::prov_of,if (nref != 1 || !is_ref_kind(e.type(pool))) elided_to = -1;
267701,6848,38,6848,64,if guard,logos::compiler::BorrowChecker::prov_of,if (nref != 1 || !is_ref_kind(e.type(pool))) elided_to = -1;
288348,6848,66,6848,80,if guard,logos::compiler::BorrowChecker::prov_of,if (nref != 1 || !is_ref_kind(e.type(pool))) elided_to = -1;
289262,6865,25,6865,28,call / statement,logos::compiler::BorrowChecker::prov_of,fs0 && fs0->available && !fs0->over_approx)
289262,6865,25,6865,46,call / statement,logos::compiler::BorrowChecker::prov_of,fs0 && fs0->available && !fs0->over_approx)
289262,6865,25,6865,67,call / statement,logos::compiler::BorrowChecker::prov_of,fs0 && fs0->available && !fs0->over_approx)
20326,6865,32,6865,46,call / statement,logos::compiler::BorrowChecker::prov_of,fs0 && fs0->available && !fs0->over_approx)
20326,6865,50,6865,67,call / statement,logos::compiler::BorrowChecker::prov_of,fs0 && fs0->available && !fs0->over_approx)
19766,6866,25,6866,39,statement,logos::compiler::BorrowChecker::prov_of,elided_to = -1;
27934,6897,54,6903,18,call / statement,logos::compiler::BorrowChecker::prov_of,auto merge_arg_prov = [&](ExprRef a) {
27934,6899,25,6899,53,if guard,logos::compiler::BorrowChecker::prov_of,if (a.kind() == Code::AddrOfTemp &&
27934,6899,25,6900,76,if guard,logos::compiler::BorrowChecker::prov_of,if (a.kind() == Code::AddrOfTemp &&
5346,6900,25,6900,76,call / statement,logos::compiler::BorrowChecker::prov_of,is_temporary_value_expr(EAddrOfTempView{a}.inner()))
4,6901,25,6901,42,statement,logos::compiler::BorrowChecker::prov_of,ap.is_temp = true;
289262,6904,40,6904,42,if guard,logos::compiler::BorrowChecker::prov_of,if (const FlowSummary* fs = flow_of_call(cv.callee())) {
20326,6904,72,6985,18,if guard,logos::compiler::BorrowChecker::prov_of,if (const FlowSummary* fs = flow_of_call(cv.callee())) {
20326,6950,25,6950,35,if guard,logos::compiler::BorrowChecker::prov_of,if (!bc_result && fs->over_approx && elided_to < 0) return {};
20326,6950,25,6950,54,if guard,logos::compiler::BorrowChecker::prov_of,if (!bc_result && fs->over_approx && elided_to < 0) return {};
20326,6950,25,6950,71,if guard,logos::compiler::BorrowChecker::prov_of,if (!bc_result && fs->over_approx && elided_to < 0) return {};
14361,6950,39,6950,54,if guard,logos::compiler::BorrowChecker::prov_of,if (!bc_result && fs->over_approx && elided_to < 0) return {};
372,6950,58,6950,71,if guard,logos::compiler::BorrowChecker::prov_of,if (!bc_result && fs->over_approx && elided_to < 0) return {};
181,6950,73,6950,82,if guard,logos::compiler::BorrowChecker::prov_of,if (!bc_result && fs->over_approx && elided_to < 0) return {};
20145,6951,21,6984,34,statement,logos::compiler::BorrowChecker::prov_of,size_t i = 0;
35861,6978,48,6983,22,call / statement,logos::compiler::BorrowChecker::prov_of,cv.each_arg([&](ExprRef a) {
35861,6979,29,6979,30,if guard,logos::compiler::BorrowChecker::prov_of,if (a && ((i < fs->nparams && (fs->to_result & (1ull << i))) ||
35861,6979,29,6980,78,if guard,logos::compiler::BorrowChecker::prov_of,if (a && ((i < fs->nparams && (fs->to_result & (1ull << i))) ||
35861,6979,34,6980,78,if guard,logos::compiler::BorrowChecker::prov_of,if (a && ((i < fs->nparams && (fs->to_result & (1ull << i))) ||
35861,6979,35,6979,85,if guard,logos::compiler::BorrowChecker::prov_of,if (a && ((i < fs->nparams && (fs->to_result & (1ull << i))) ||
35861,6979,36,6979,51,if guard,logos::compiler::BorrowChecker::prov_of,if (a && ((i < fs->nparams && (fs->to_result & (1ull << i))) ||
35861,6979,55,6979,84,if guard,logos::compiler::BorrowChecker::prov_of,if (a && ((i < fs->nparams && (fs->to_result & (1ull << i))) ||
11278,6980,35,6980,77,statement,logos::compiler::BorrowChecker::prov_of,(elided_to >= 0 && (size_t)elided_to == i)))
11278,6980,36,6980,50,statement,logos::compiler::BorrowChecker::prov_of,(elided_to >= 0 && (size_t)elided_to == i)))
282,6980,54,6980,76,statement,logos::compiler::BorrowChecker::prov_of,(elided_to >= 0 && (size_t)elided_to == i)))
24589,6981,29,6981,46,statement,logos::compiler::BorrowChecker::prov_of,merge_arg_prov(a);
268936,6989,17,7032,26,if guard,logos::compiler::BorrowChecker::prov_of,if (!bc_result) return {};
268936,6989,21,6989,31,if guard,logos::compiler::BorrowChecker::prov_of,if (!bc_result) return {};
265435,6989,33,6989,42,if guard,logos::compiler::BorrowChecker::prov_of,if (!bc_result) return {};
3501,6993,17,7003,30,statement,logos::compiler::BorrowChecker::prov_of,size_t fb_i = 0;
6625,6994,44,7002,18,call / statement,logos::compiler::BorrowChecker::prov_of,cv.each_arg([&](ExprRef a) {
6625,6996,25,6996,27,if guard,logos::compiler::BorrowChecker::prov_of,if (!a) return;
0,6996,29,6996,35,if guard,logos::compiler::BorrowChecker::prov_of,if (!a) return;
6625,6997,21,7002,18,statement,logos::compiler::BorrowChecker::prov_of,TypeRef at = a.type(pool);
6625,6998,25,6998,46,if guard,logos::compiler::BorrowChecker::prov_of,if (is_plain_ref_kind(at) ||
6625,6998,25,6999,74,if guard,logos::compiler::BorrowChecker::prov_of,if (is_plain_ref_kind(at) ||
6625,6998,25,7000,73,if guard,logos::compiler::BorrowChecker::prov_of,if (is_plain_ref_kind(at) ||
3474,6999,25,6999,74,statement,logos::compiler::BorrowChecker::prov_of,(!is_ref_kind(at) && is_borrow_carrying_type(at)) ||
3474,6999,26,6999,42,statement,logos::compiler::BorrowChecker::prov_of,(!is_ref_kind(at) && is_borrow_carrying_type(at)) ||
3329,6999,46,6999,73,statement,logos::compiler::BorrowChecker::prov_of,(!is_ref_kind(at) && is_borrow_carrying_type(at)) ||
3280,7000,25,7000,73,statement,logos::compiler::BorrowChecker::prov_of,(elided_to >= 0 && (size_t)elided_to == fb_here))
3280,7000,26,7000,40,statement,logos::compiler::BorrowChecker::prov_of,(elided_to >= 0 && (size_t)elided_to == fb_here))
0,7000,44,7000,72,statement,logos::compiler::BorrowChecker::prov_of,(elided_to >= 0 && (size_t)elided_to == fb_here))
3345,7001,25,7001,42,statement,logos::compiler::BorrowChecker::prov_of,merge_arg_prov(a);
154278,7005,13,7014,30,switch arm,logos::compiler::BorrowChecker::prov_of,case Code::StructLit: {
177897,7011,67,7013,18,call / statement,logos::compiler::BorrowChecker::prov_of,EStructLitView{e}.each_field_value([&](ExprRef fv){
2102,7016,13,7021,30,switch arm,logos::compiler::BorrowChecker::prov_of,case Code::TupleLit: {
7804,7018,59,7020,18,call / statement,logos::compiler::BorrowChecker::prov_of,ETupleLitView{e}.each_elem([&](ExprRef el){
804990,7023,13,7028,30,switch arm,logos::compiler::BorrowChecker::prov_of,case Code::EnumLitData: {
668983,7025,65,7027,18,call / statement,logos::compiler::BorrowChecker::prov_of,EEnumLitDataView{e}.each_payload([&](ExprRef pl){
551482,7030,13,7032,26,switch arm,logos::compiler::BorrowChecker::prov_of,default:
20117674,7099,45,7102,6,statement,logos::compiler::BorrowChecker::type_hides_borrow,bool type_hides_borrow(TypeRef t) const {
38672712,7103,85,7151,6,statement,logos::compiler::BorrowChecker::type_hides_borrow_,"bool type_hides_borrow_(TypeRef t, std::unordered_set<std::string>& seen) const {"
38672712,7104,13,7104,15,if guard,logos::compiler::BorrowChecker::type_hides_borrow_,if (!t) return false;
0,7104,17,7104,29,if guard,logos::compiler::BorrowChecker::type_hides_borrow_,if (!t) return false;
38672712,7105,9,7151,6,statement,logos::compiler::BorrowChecker::type_hides_borrow_,using K = LogosType::Kind;
57462959,7106,36,7118,10,call / statement,logos::compiler::BorrowChecker::type_hides_borrow_,auto hides = [](TypeRef a) {
57462959,7107,17,7107,19,if guard,logos::compiler::BorrowChecker::type_hides_borrow_,if (!a) return false;
0,7107,21,7107,33,if guard,logos::compiler::BorrowChecker::type_hides_borrow_,if (!a) return false;
57462959,7108,13,7118,10,call / statement,logos::compiler::BorrowChecker::type_hides_borrow_,switch (a.kind()) {
218805,7113,17,7116,38,switch arm,logos::compiler::BorrowChecker::type_hides_borrow_,case K::TraitObject: case K::UnsizedDyn:
235138,7113,38,7116,38,switch arm,logos::compiler::BorrowChecker::type_hides_borrow_,case K::TraitObject: case K::UnsizedDyn:
235242,7114,17,7116,38,switch arm,logos::compiler::BorrowChecker::type_hides_borrow_,case K::Closure:     case K::ImplTrait:
235242,7114,38,7115,32,switch arm,logos::compiler::BorrowChecker::type_hides_borrow_,case K::Closure:     case K::ImplTrait:
57227717,7116,17,7116,38,switch arm,logos::compiler::BorrowChecker::type_hides_borrow_,default: return false;
38672712,7121,13,7121,21,if guard,logos::compiler::BorrowChecker::type_hides_borrow_,if (hides(t)) return true;
33,7121,23,7121,34,if guard,logos::compiler::BorrowChecker::type_hides_borrow_,if (hides(t)) return true;
38672679,7122,9,7151,6,loop body,logos::compiler::BorrowChecker::type_hides_borrow_,for (auto a : t.type_args())
11631393,7123,13,7123,69,if guard,logos::compiler::BorrowChecker::type_hides_borrow_,"if (hides(a) || type_hides_borrow_(a, seen)) return true;"
11631393,7123,17,7123,25,if guard,logos::compiler::BorrowChecker::type_hides_borrow_,"if (hides(a) || type_hides_borrow_(a, seen)) return true;"
11631393,7123,17,7123,56,if guard,logos::compiler::BorrowChecker::type_hides_borrow_,"if (hides(a) || type_hides_borrow_(a, seen)) return true;"
11396207,7123,29,7123,56,if guard,logos::compiler::BorrowChecker::type_hides_borrow_,"if (hides(a) || type_hides_borrow_(a, seen)) return true;"
247004,7123,58,7123,69,if guard,logos::compiler::BorrowChecker::type_hides_borrow_,"if (hides(a) || type_hides_borrow_(a, seen)) return true;"
38425675,7124,9,7151,6,if guard,logos::compiler::BorrowChecker::type_hides_borrow_,if (t.kind() == K::Tuple) {
38425675,7124,13,7124,33,if guard,logos::compiler::BorrowChecker::type_hides_borrow_,if (t.kind() == K::Tuple) {
218938,7124,35,7128,10,if guard,logos::compiler::BorrowChecker::type_hides_borrow_,if (t.kind() == K::Tuple) {
704586,7126,17,7126,91,if guard,logos::compiler::BorrowChecker::type_hides_borrow_,"if (hides(TypeRef(e)) || type_hides_borrow_(TypeRef(e), seen)) return true;"
704586,7126,21,7126,38,if guard,logos::compiler::BorrowChecker::type_hides_borrow_,"if (hides(TypeRef(e)) || type_hides_borrow_(TypeRef(e), seen)) return true;"
704586,7126,21,7126,78,if guard,logos::compiler::BorrowChecker::type_hides_borrow_,"if (hides(TypeRef(e)) || type_hides_borrow_(TypeRef(e), seen)) return true;"
704584,7126,42,7126,78,if guard,logos::compiler::BorrowChecker::type_hides_borrow_,"if (hides(TypeRef(e)) || type_hides_borrow_(TypeRef(e), seen)) return true;"
794,7126,80,7126,91,if guard,logos::compiler::BorrowChecker::type_hides_borrow_,"if (hides(TypeRef(e)) || type_hides_borrow_(TypeRef(e), seen)) return true;"
218144,7127,13,7127,25,early return,logos::compiler::BorrowChecker::type_hides_borrow_,return false;
38206737,7129,9,7151,6,if guard,logos::compiler::BorrowChecker::type_hides_borrow_,if (t.kind() == K::Array)
38206737,7129,13,7129,33,if guard,logos::compiler::BorrowChecker::type_hides_borrow_,if (t.kind() == K::Array)
1148,7130,13,7130,73,early return,logos::compiler::BorrowChecker::type_hides_borrow_,"return hides(t.elem()) || type_hides_borrow_(t.elem(), seen);"
1148,7130,20,7130,35,early return,logos::compiler::BorrowChecker::type_hides_borrow_,"return hides(t.elem()) || type_hides_borrow_(t.elem(), seen);"
1147,7130,39,7130,73,early return,logos::compiler::BorrowChecker::type_hides_borrow_,"return hides(t.elem()) || type_hides_borrow_(t.elem(), seen);"
38205589,7134,9,7151,6,if guard,logos::compiler::BorrowChecker::type_hides_borrow_,if (t.kind() == K::Struct || t.kind() == K::ZonedStruct) {
38205589,7134,13,7134,34,if guard,logos::compiler::BorrowChecker::type_hides_borrow_,if (t.kind() == K::Struct || t.kind() == K::ZonedStruct) {
38205589,7134,13,7134,64,if guard,logos::compiler::BorrowChecker::type_hides_borrow_,if (t.kind() == K::Struct || t.kind() == K::ZonedStruct) {
30111281,7134,38,7134,64,if guard,logos::compiler::BorrowChecker::type_hides_borrow_,if (t.kind() == K::Struct || t.kind() == K::ZonedStruct) {
8094794,7134,66,7149,10,if guard,logos::compiler::BorrowChecker::type_hides_borrow_,if (t.kind() == K::Struct || t.kind() == K::ZonedStruct) {
8094794,7136,17,7136,30,if guard,logos::compiler::BorrowChecker::type_hides_borrow_,if (sname.empty() || !seen.insert(sname).second) return false;
8094794,7136,17,7136,60,if guard,logos::compiler::BorrowChecker::type_hides_borrow_,if (sname.empty() || !seen.insert(sname).second) return false;
8094794,7136,34,7136,60,if guard,logos::compiler::BorrowChecker::type_hides_borrow_,if (sname.empty() || !seen.insert(sname).second) return false;
107586,7136,62,7136,74,if guard,logos::compiler::BorrowChecker::type_hides_borrow_,if (sname.empty() || !seen.insert(sname).second) return false;
7987208,7137,13,7149,10,call / statement,logos::compiler::BorrowChecker::type_hides_borrow_,auto walk = [&](lir_view::StructView sd) {
4763359,7137,54,7144,14,call / statement,logos::compiler::BorrowChecker::type_hides_borrow_,auto walk = [&](lir_view::StructView sd) {
4763359,7138,21,7138,24,if guard,logos::compiler::BorrowChecker::type_hides_borrow_,if (!sd) return false;
0,7138,26,7138,38,if guard,logos::compiler::BorrowChecker::type_hides_borrow_,if (!sd) return false;
4763359,7139,17,7144,14,loop body,logos::compiler::BorrowChecker::type_hides_borrow_,for (auto& f : sd.fields()) {
6453120,7139,45,7142,18,loop body,logos::compiler::BorrowChecker::type_hides_borrow_,for (auto& f : sd.fields()) {
6453120,7141,25,7141,34,if guard,logos::compiler::BorrowChecker::type_hides_borrow_,"if (hides(ft) || type_hides_borrow_(ft, seen)) return true;"
6453120,7141,25,7141,66,if guard,logos::compiler::BorrowChecker::type_hides_borrow_,"if (hides(ft) || type_hides_borrow_(ft, seen)) return true;"
6453100,7141,38,7141,66,if guard,logos::compiler::BorrowChecker::type_hides_borrow_,"if (hides(ft) || type_hides_borrow_(ft, seen)) return true;"
563,7141,68,7141,79,if guard,logos::compiler::BorrowChecker::type_hides_borrow_,"if (hides(ft) || type_hides_borrow_(ft, seen)) return true;"
4762796,7143,17,7143,29,early return,logos::compiler::BorrowChecker::type_hides_borrow_,return false;
7987208,7146,17,7146,48,if guard,logos::compiler::BorrowChecker::type_hides_borrow_,if (sit != ts_.struct_by_name.end() && walk(sit->second)) return true;
7987208,7146,17,7146,69,if guard,logos::compiler::BorrowChecker::type_hides_borrow_,if (sit != ts_.struct_by_name.end() && walk(sit->second)) return true;
4763359,7146,52,7146,69,if guard,logos::compiler::BorrowChecker::type_hides_borrow_,if (sit != ts_.struct_by_name.end() && walk(sit->second)) return true;
563,7146,71,7146,82,if guard,logos::compiler::BorrowChecker::type_hides_borrow_,if (sit != ts_.struct_by_name.end() && walk(sit->second)) return true;
7986645,7147,13,7149,10,statement,logos::compiler::BorrowChecker::type_hides_borrow_,auto pit = ts_.spec_by_name.find(sname);
7986645,7148,17,7148,46,if guard,logos::compiler::BorrowChecker::type_hides_borrow_,if (pit != ts_.spec_by_name.end() && walk(pit->second)) return true;
7986645,7148,17,7148,67,if guard,logos::compiler::BorrowChecker::type_hides_borrow_,if (pit != ts_.spec_by_name.end() && walk(pit->second)) return true;
0,7148,50,7148,67,if guard,logos::compiler::BorrowChecker::type_hides_borrow_,if (pit != ts_.spec_by_name.end() && walk(pit->second)) return true;
0,7148,69,7148,80,if guard,logos::compiler::BorrowChecker::type_hides_borrow_,if (pit != ts_.spec_by_name.end() && walk(pit->second)) return true;
38097440,7150,9,7150,21,early return,logos::compiler::BorrowChecker::type_hides_borrow_,return false;
286533,7217,63,7249,6,statement,logos::compiler::BorrowChecker::retains_borrowing_operand,bool retains_borrowing_operand(lir_view::ExprRef e) const {
286533,7220,13,7220,15,if guard,logos::compiler::BorrowChecker::retains_borrowing_operand,if (!e) return false;
0,7220,17,7220,29,if guard,logos::compiler::BorrowChecker::retains_borrowing_operand,if (!e) return false;
286533,7221,9,7249,6,statement,logos::compiler::BorrowChecker::retains_borrowing_operand,const auto* pool = prog_.type_pool.impl();
286533,7222,13,7222,47,if guard,logos::compiler::BorrowChecker::retains_borrowing_operand,if (!type_retains_values(e.type(pool))) return false;
19866,7222,49,7222,61,if guard,logos::compiler::BorrowChecker::retains_borrowing_operand,if (!type_retains_values(e.type(pool))) return false;
266667,7223,9,7249,6,statement,logos::compiler::BorrowChecker::retains_borrowing_operand,bool found = false;
128248,7224,35,7231,10,call / statement,logos::compiler::BorrowChecker::retains_borrowing_operand,auto one = [&](ExprRef a) {
128248,7225,17,7225,19,if guard,logos::compiler::BorrowChecker::retains_borrowing_operand,if (!a || found) return;
128248,7225,17,7225,28,if guard,logos::compiler::BorrowChecker::retains_borrowing_operand,if (!a || found) return;
128248,7225,23,7225,28,if guard,logos::compiler::BorrowChecker::retains_borrowing_operand,if (!a || found) return;
32300,7225,30,7225,36,if guard,logos::compiler::BorrowChecker::retains_borrowing_operand,if (!a || found) return;
95948,7226,13,7231,10,statement,logos::compiler::BorrowChecker::retains_borrowing_operand,TypeRef at = a.type(pool);
95948,7227,17,7227,32,if guard,logos::compiler::BorrowChecker::retains_borrowing_operand,if (is_ref_kind(at) || loan_carrying_type(at) ||
95948,7227,17,7227,58,if guard,logos::compiler::BorrowChecker::retains_borrowing_operand,if (is_ref_kind(at) || loan_carrying_type(at) ||
95948,7227,17,7228,44,if guard,logos::compiler::BorrowChecker::retains_borrowing_operand,if (is_ref_kind(at) || loan_carrying_type(at) ||
19673,7227,36,7227,58,if guard,logos::compiler::BorrowChecker::retains_borrowing_operand,if (is_ref_kind(at) || loan_carrying_type(at) ||
19612,7228,17,7228,44,statement,logos::compiler::BorrowChecker::retains_borrowing_operand,is_borrow_carrying_type(at)) { found = true; return; }
76336,7228,46,7228,71,statement,logos::compiler::BorrowChecker::retains_borrowing_operand,is_borrow_carrying_type(at)) { found = true; return; }
19612,7229,13,7231,10,if guard,logos::compiler::BorrowChecker::retains_borrowing_operand,if (a.kind() == Code::ClosureBox || retains_borrowing_operand(a))
19612,7229,17,7229,45,if guard,logos::compiler::BorrowChecker::retains_borrowing_operand,if (a.kind() == Code::ClosureBox || retains_borrowing_operand(a))
19612,7229,17,7229,77,if guard,logos::compiler::BorrowChecker::retains_borrowing_operand,if (a.kind() == Code::ClosureBox || retains_borrowing_operand(a))
19605,7229,49,7229,77,if guard,logos::compiler::BorrowChecker::retains_borrowing_operand,if (a.kind() == Code::ClosureBox || retains_borrowing_operand(a))
240,7230,17,7230,29,statement,logos::compiler::BorrowChecker::retains_borrowing_operand,found = true;
30937,7233,13,7233,69,switch arm,logos::compiler::BorrowChecker::retains_borrowing_operand,case Code::Call:       ECallView{e}.each_arg(one); break;
1698,7234,13,7238,22,switch arm,logos::compiler::BorrowChecker::retains_borrowing_operand,case Code::MethodCall: {
16167,7240,13,7240,83,switch arm,logos::compiler::BorrowChecker::retains_borrowing_operand,case Code::StructLit:   EStructLitView{e}.each_field_value(one); break;
12,7241,13,7241,75,switch arm,logos::compiler::BorrowChecker::retains_borrowing_operand,case Code::TupleLit:    ETupleLitView{e}.each_elem(one); break;
2,7242,13,7242,73,switch arm,logos::compiler::BorrowChecker::retains_borrowing_operand,case Code::ArrLit:      EArrLitView{e}.each_elem(one); break;
61137,7243,13,7243,81,switch arm,logos::compiler::BorrowChecker::retains_borrowing_operand,case Code::EnumLitData: EEnumLitDataView{e}.each_payload(one); break;
175,7244,13,7244,71,switch arm,logos::compiler::BorrowChecker::retains_borrowing_operand,case Code::Cast:        one(ECastView{e}.operand()); break;
11,7245,13,7245,48,switch arm,logos::compiler::BorrowChecker::retains_borrowing_operand,case Code::ClosureBox:  return true;
156528,7246,13,7246,27,switch arm,logos::compiler::BorrowChecker::retains_borrowing_operand,default: break;
266656,7248,9,7248,21,early return,logos::compiler::BorrowChecker::retains_borrowing_operand,return found;
3877805,7254,57,7357,6,statement,logos::compiler::BorrowChecker::prov_of_retained,RefProv prov_of_retained(lir_view::ExprRef e) const {
3877805,7258,13,7258,15,if guard,logos::compiler::BorrowChecker::prov_of_retained,if (!e) return merged;
0,7258,17,7258,30,if guard,logos::compiler::BorrowChecker::prov_of_retained,if (!e) return merged;
3877805,7259,9,7357,6,statement,logos::compiler::BorrowChecker::prov_of_retained,const auto* pool = prog_.type_pool.impl();
1503032,7260,35,7269,10,call / statement,logos::compiler::BorrowChecker::prov_of_retained,auto one = [&](ExprRef a) {
1503032,7261,17,7261,19,if guard,logos::compiler::BorrowChecker::prov_of_retained,if (!a) return;
0,7261,21,7261,27,if guard,logos::compiler::BorrowChecker::prov_of_retained,if (!a) return;
1503032,7262,13,7269,10,statement,logos::compiler::BorrowChecker::prov_of_retained,TypeRef at = a.type(pool);
1503032,7263,17,7263,32,if guard,logos::compiler::BorrowChecker::prov_of_retained,if (is_ref_kind(at) || loan_carrying_type(at) ||
1503032,7263,17,7263,58,if guard,logos::compiler::BorrowChecker::prov_of_retained,if (is_ref_kind(at) || loan_carrying_type(at) ||
1503032,7263,17,7264,44,if guard,logos::compiler::BorrowChecker::prov_of_retained,if (is_ref_kind(at) || loan_carrying_type(at) ||
857410,7263,36,7263,58,if guard,logos::compiler::BorrowChecker::prov_of_retained,if (is_ref_kind(at) || loan_carrying_type(at) ||
852510,7264,17,7264,44,call / statement,logos::compiler::BorrowChecker::prov_of_retained,is_borrow_carrying_type(at)) {
650522,7264,46,7267,14,call / statement,logos::compiler::BorrowChecker::prov_of_retained,is_borrow_carrying_type(at)) {
852510,7268,13,7269,10,statement,logos::compiler::BorrowChecker::prov_of_retained,"merged = merge_prov(merged, prov_of_retained(a));"
266329,7278,13,7291,22,switch arm,logos::compiler::BorrowChecker::prov_of_retained,case Code::Call: {
266329,7281,21,7281,23,if guard,logos::compiler::BorrowChecker::prov_of_retained,if (fs) {
8047,7281,25,7288,18,if guard,logos::compiler::BorrowChecker::prov_of_retained,if (fs) {
17851,7283,48,7287,22,call / statement,logos::compiler::BorrowChecker::prov_of_retained,cv.each_arg([&](ExprRef a) {
17851,7284,29,7284,30,if guard,logos::compiler::BorrowChecker::prov_of_retained,if (a && i < fs->nparams && (fs->to_result & (1ull << i)))
17851,7284,29,7284,49,if guard,logos::compiler::BorrowChecker::prov_of_retained,if (a && i < fs->nparams && (fs->to_result & (1ull << i)))
17851,7284,29,7284,82,if guard,logos::compiler::BorrowChecker::prov_of_retained,if (a && i < fs->nparams && (fs->to_result & (1ull << i)))
17851,7284,34,7284,49,if guard,logos::compiler::BorrowChecker::prov_of_retained,if (a && i < fs->nparams && (fs->to_result & (1ull << i)))
17851,7284,53,7284,82,if guard,logos::compiler::BorrowChecker::prov_of_retained,if (a && i < fs->nparams && (fs->to_result & (1ull << i)))
9537,7285,29,7285,35,statement,logos::compiler::BorrowChecker::prov_of_retained,one(a);
258282,7288,24,7290,18,else branch,logos::compiler::BorrowChecker::prov_of_retained,} else {
200037,7296,13,7309,22,switch arm,logos::compiler::BorrowChecker::prov_of_retained,case Code::FnPtrCall: {
200037,7299,21,7299,23,if guard,logos::compiler::BorrowChecker::prov_of_retained,if (fs) {
1,7299,25,7306,18,if guard,logos::compiler::BorrowChecker::prov_of_retained,if (fs) {
1,7301,48,7305,22,call / statement,logos::compiler::BorrowChecker::prov_of_retained,fv.each_arg([&](ExprRef a) {
1,7302,29,7302,30,if guard,logos::compiler::BorrowChecker::prov_of_retained,if (a && i < fs->nparams && (fs->to_result & (1ull << i)))
1,7302,29,7302,49,if guard,logos::compiler::BorrowChecker::prov_of_retained,if (a && i < fs->nparams && (fs->to_result & (1ull << i)))
1,7302,29,7302,82,if guard,logos::compiler::BorrowChecker::prov_of_retained,if (a && i < fs->nparams && (fs->to_result & (1ull << i)))
1,7302,34,7302,49,if guard,logos::compiler::BorrowChecker::prov_of_retained,if (a && i < fs->nparams && (fs->to_result & (1ull << i)))
1,7302,53,7302,82,if guard,logos::compiler::BorrowChecker::prov_of_retained,if (a && i < fs->nparams && (fs->to_result & (1ull << i)))
0,7303,29,7303,35,statement,logos::compiler::BorrowChecker::prov_of_retained,one(a);
200036,7306,24,7308,18,else branch,logos::compiler::BorrowChecker::prov_of_retained,} else {
12685,7311,13,7323,22,switch arm,logos::compiler::BorrowChecker::prov_of_retained,case Code::MethodCall: {
12685,7313,40,7313,42,if guard,logos::compiler::BorrowChecker::prov_of_retained,if (const FlowSummary* fs = flow_of_method(v)) {
12469,7313,64,7319,18,if guard,logos::compiler::BorrowChecker::prov_of_retained,if (const FlowSummary* fs = flow_of_method(v)) {
154,7316,46,7316,67,statement,logos::compiler::BorrowChecker::prov_of_retained,v.each_arg([&](ExprRef a){ ops.push_back(a); });
25092,7317,40,7317,54,loop body,logos::compiler::BorrowChecker::prov_of_retained,for (size_t i = 0; i < ops.size() && i < fs->nparams; ++i)
25092,7317,40,7317,73,loop body,logos::compiler::BorrowChecker::prov_of_retained,for (size_t i = 0; i < ops.size() && i < fs->nparams; ++i)
12623,7317,58,7317,73,loop body,logos::compiler::BorrowChecker::prov_of_retained,for (size_t i = 0; i < ops.size() && i < fs->nparams; ++i)
12623,7317,75,7317,78,loop body,logos::compiler::BorrowChecker::prov_of_retained,for (size_t i = 0; i < ops.size() && i < fs->nparams; ++i)
12623,7318,25,7318,69,if guard,logos::compiler::BorrowChecker::prov_of_retained,if (fs->to_result & (1ull << i)) one(ops[i]);
12623,7318,29,7318,56,if guard,logos::compiler::BorrowChecker::prov_of_retained,if (fs->to_result & (1ull << i)) one(ops[i]);
10668,7318,58,7318,69,if guard,logos::compiler::BorrowChecker::prov_of_retained,if (fs->to_result & (1ull << i)) one(ops[i]);
216,7319,24,7322,18,else branch,logos::compiler::BorrowChecker::prov_of_retained,} else {
148895,7325,13,7325,83,switch arm,logos::compiler::BorrowChecker::prov_of_retained,case Code::StructLit:   EStructLitView{e}.each_field_value(one); break;
275,7326,13,7326,75,switch arm,logos::compiler::BorrowChecker::prov_of_retained,case Code::TupleLit:    ETupleLitView{e}.each_elem(one); break;
865,7327,13,7327,73,switch arm,logos::compiler::BorrowChecker::prov_of_retained,case Code::ArrLit:      EArrLitView{e}.each_elem(one); break;
923350,7328,13,7328,81,switch arm,logos::compiler::BorrowChecker::prov_of_retained,case Code::EnumLitData: EEnumLitDataView{e}.each_payload(one); break;
1152,7329,13,7329,71,switch arm,logos::compiler::BorrowChecker::prov_of_retained,case Code::Cast:        one(ECastView{e}.operand()); break;
10,7330,13,7352,22,switch arm,logos::compiler::BorrowChecker::prov_of_retained,case Code::ClosureBox: {
8,7345,80,7351,18,call / statement,logos::compiler::BorrowChecker::prov_of_retained,EClosureBoxView{e}.each_capture_name([&](std::string_view cap) {
8,7347,50,7347,67,if guard,logos::compiler::BorrowChecker::prov_of_retained,if (auto it = prov_.find(n); it != prov_.end())
4,7348,25,7348,64,statement,logos::compiler::BorrowChecker::prov_of_retained,"merged = merge_prov(merged, it->second);"
4,7349,26,7350,47,else-if guard,logos::compiler::BorrowChecker::prov_of_retained,else if (force_local)
4,7349,30,7349,41,else-if guard,logos::compiler::BorrowChecker::prov_of_retained,else if (force_local)
0,7350,25,7350,47,statement,logos::compiler::BorrowChecker::prov_of_retained,merged.is_local = true;   // capture of a plain local
2324207,7354,13,7354,27,switch arm,logos::compiler::BorrowChecker::prov_of_retained,default: break;
3877805,7356,9,7356,22,early return,logos::compiler::BorrowChecker::prov_of_retained,return merged;
20517297,7359,66,7668,6,call / statement,logos::compiler::BorrowChecker::check_return_value,"void check_return_value(lir_view::ExprRef er, uint32_t line) {"
20517297,7360,13,7360,23,if guard,logos::compiler::BorrowChecker::check_return_value,if (!ret_type_) return;
0,7360,25,7360,31,if guard,logos::compiler::BorrowChecker::check_return_value,if (!ret_type_) return;
20517297,7361,9,7668,6,statement,logos::compiler::BorrowChecker::check_return_value,bool typed_gate = is_ref_kind(ret_type_) || is_borrow_carrying_type(ret_type_);
20517297,7361,27,7361,49,statement,logos::compiler::BorrowChecker::check_return_value,bool typed_gate = is_ref_kind(ret_type_) || is_borrow_carrying_type(ret_type_);
20136839,7361,53,7361,87,statement,logos::compiler::BorrowChecker::check_return_value,bool typed_gate = is_ref_kind(ret_type_) || is_borrow_carrying_type(ret_type_);
20517297,7362,31,7362,42,statement,logos::compiler::BorrowChecker::check_return_value,bool retention_gate = !typed_gate && type_hides_borrow(ret_type_) &&
20517297,7362,31,7362,74,statement,logos::compiler::BorrowChecker::check_return_value,bool retention_gate = !typed_gate && type_hides_borrow(ret_type_) &&
20117674,7362,46,7362,74,statement,logos::compiler::BorrowChecker::check_return_value,bool retention_gate = !typed_gate && type_hides_borrow(ret_type_) &&
235242,7363,31,7363,60,statement,logos::compiler::BorrowChecker::check_return_value,retains_borrowing_operand(er);
20517297,7376,27,7376,38,statement,logos::compiler::BorrowChecker::check_return_value,bool holds_gate = !typed_gate && !retention_gate &&
20517297,7376,27,7376,57,statement,logos::compiler::BorrowChecker::check_return_value,bool holds_gate = !typed_gate && !retention_gate &&
20517297,7376,27,7377,68,statement,logos::compiler::BorrowChecker::check_return_value,bool holds_gate = !typed_gate && !retention_gate &&
20117674,7376,42,7376,57,statement,logos::compiler::BorrowChecker::check_return_value,bool holds_gate = !typed_gate && !retention_gate &&
20042661,7377,27,7377,68,statement,logos::compiler::BorrowChecker::check_return_value,"!residency_exemption_holds(ret_type_, er) &&"
20038784,7378,27,7378,59,statement,logos::compiler::BorrowChecker::check_return_value,type_may_carry_borrow(ret_type_);
20517297,7379,13,7379,46,if guard,logos::compiler::BorrowChecker::check_return_value,"if (std::getenv(""LOGOS_DUMP_RETGATE"")) {"
0,7379,48,7390,10,if guard,logos::compiler::BorrowChecker::check_return_value,"if (std::getenv(""LOGOS_DUMP_RETGATE"")) {"
0,7383,50,7383,71,statement,logos::compiler::BorrowChecker::check_return_value,"std::string j; for (auto& s : srcs0) { j += s; j += "",""; }"
0,7384,21,7384,21,statement,logos::compiler::BorrowChecker::check_return_value,"fprintf(stderr,"
20517297,7391,13,7391,23,if guard,logos::compiler::BorrowChecker::check_return_value,"if (holds_gate && std::getenv(""LOGOS_86_TRACE""))"
20517297,7391,13,7391,56,if guard,logos::compiler::BorrowChecker::check_return_value,"if (holds_gate && std::getenv(""LOGOS_86_TRACE""))"
2328598,7391,27,7391,56,if guard,logos::compiler::BorrowChecker::check_return_value,"if (holds_gate && std::getenv(""LOGOS_86_TRACE""))"
0,7392,13,7392,87,statement,logos::compiler::BorrowChecker::check_return_value,"fprintf(stderr, ""[#86trace-gate] fn=%s line=%u\n"", fn_name_.c_str(), line);"
0,7392,21,7392,21,statement,logos::compiler::BorrowChecker::check_return_value,"fprintf(stderr, ""[#86trace-gate] fn=%s line=%u\n"", fn_name_.c_str(), line);"
20517297,7393,13,7393,24,if guard,logos::compiler::BorrowChecker::check_return_value,if (!typed_gate && !retention_gate && !holds_gate) return;
20517297,7393,13,7393,43,if guard,logos::compiler::BorrowChecker::check_return_value,if (!typed_gate && !retention_gate && !holds_gate) return;
20517297,7393,13,7393,58,if guard,logos::compiler::BorrowChecker::check_return_value,if (!typed_gate && !retention_gate && !holds_gate) return;
20117674,7393,28,7393,43,if guard,logos::compiler::BorrowChecker::check_return_value,if (!typed_gate && !retention_gate && !holds_gate) return;
20042661,7393,47,7393,58,if guard,logos::compiler::BorrowChecker::check_return_value,if (!typed_gate && !retention_gate && !holds_gate) return;
17714063,7393,60,7393,66,if guard,logos::compiler::BorrowChecker::check_return_value,if (!typed_gate && !retention_gate && !holds_gate) return;
2803234,7395,9,7668,6,statement,logos::compiler::BorrowChecker::check_return_value,RefProv prov = prov_of(er);
2803234,7396,13,7396,43,if guard,logos::compiler::BorrowChecker::check_return_value,if ((retention_gate || holds_gate) &&
2803234,7396,13,7397,27,if guard,logos::compiler::BorrowChecker::check_return_value,if ((retention_gate || holds_gate) &&
2803234,7396,13,7397,44,if guard,logos::compiler::BorrowChecker::check_return_value,if ((retention_gate || holds_gate) &&
2803234,7396,13,7397,67,if guard,logos::compiler::BorrowChecker::check_return_value,if ((retention_gate || holds_gate) &&
2803234,7396,14,7396,28,if guard,logos::compiler::BorrowChecker::check_return_value,if ((retention_gate || holds_gate) &&
2728221,7396,32,7396,42,if guard,logos::compiler::BorrowChecker::check_return_value,if ((retention_gate || holds_gate) &&
2403611,7397,13,7397,27,statement,logos::compiler::BorrowChecker::check_return_value,!prov.is_local && !prov.is_temp && prov.params.empty())
2403593,7397,31,7397,44,statement,logos::compiler::BorrowChecker::check_return_value,!prov.is_local && !prov.is_temp && prov.params.empty())
2403593,7397,48,7397,67,statement,logos::compiler::BorrowChecker::check_return_value,!prov.is_local && !prov.is_temp && prov.params.empty())
2397532,7398,13,7398,40,statement,logos::compiler::BorrowChecker::check_return_value,prov = prov_of_retained(er);   // F4 / #86
2803234,7400,13,7400,26,if guard,logos::compiler::BorrowChecker::check_return_value,if (prov.is_local || prov.is_temp) {
2803234,7400,13,7400,42,if guard,logos::compiler::BorrowChecker::check_return_value,if (prov.is_local || prov.is_temp) {
2803128,7400,30,7400,42,if guard,logos::compiler::BorrowChecker::check_return_value,if (prov.is_local || prov.is_temp) {
107,7400,44,7567,10,if guard,logos::compiler::BorrowChecker::check_return_value,if (prov.is_local || prov.is_temp) {
107,7403,17,7403,19,if guard,logos::compiler::BorrowChecker::check_return_value,if (er) {
107,7403,21,7514,14,if guard,logos::compiler::BorrowChecker::check_return_value,if (er) {
107,7405,21,7405,46,if guard,logos::compiler::BorrowChecker::check_return_value,if (er.kind() == Code::AddrOf)
23,7406,21,7406,76,statement,logos::compiler::BorrowChecker::check_return_value,src = std::string(lir_view::EAddrOfView{er}.var_name());
84,7407,22,7410,35,else-if guard,logos::compiler::BorrowChecker::check_return_value,else if (er.kind() == Code::VarRef)
84,7407,26,7407,51,else-if guard,logos::compiler::BorrowChecker::check_return_value,else if (er.kind() == Code::VarRef)
49,7408,21,7408,72,statement,logos::compiler::BorrowChecker::check_return_value,src = std::string(lir_view::EVarRefView{er}.name());
35,7409,22,7410,35,else-if guard,logos::compiler::BorrowChecker::check_return_value,else if (er.kind() == Code::AddrOfTemp)
35,7409,26,7409,55,else-if guard,logos::compiler::BorrowChecker::check_return_value,else if (er.kind() == Code::AddrOfTemp)
13,7410,21,7410,35,statement,logos::compiler::BorrowChecker::check_return_value,is_temp = true;
107,7418,21,7418,32,if guard,logos::compiler::BorrowChecker::check_return_value,if (src.empty() && !is_temp) {
107,7418,21,7418,44,if guard,logos::compiler::BorrowChecker::check_return_value,if (src.empty() && !is_temp) {
35,7418,36,7418,44,if guard,logos::compiler::BorrowChecker::check_return_value,if (src.empty() && !is_temp) {
21,7418,46,7425,18,if guard,logos::compiler::BorrowChecker::check_return_value,if (src.empty() && !is_temp) {
13,7422,25,7423,79,if guard,logos::compiler::BorrowChecker::check_return_value,if (!is_return_temp_name(n) &&
13,7422,29,7422,52,if guard,logos::compiler::BorrowChecker::check_return_value,if (!is_return_temp_name(n) &&
13,7422,29,7423,58,if guard,logos::compiler::BorrowChecker::check_return_value,if (!is_return_temp_name(n) &&
13,7423,29,7423,58,statement,logos::compiler::BorrowChecker::check_return_value,!is_materialized_temp_name(n)) { src = n; break; }
13,7423,60,7423,79,statement,logos::compiler::BorrowChecker::check_return_value,!is_materialized_temp_name(n)) { src = n; break; }
21,7424,25,7424,36,if guard,logos::compiler::BorrowChecker::check_return_value,if (src.empty() && !srcs.empty()) src = srcs.front();
21,7424,25,7424,53,if guard,logos::compiler::BorrowChecker::check_return_value,if (src.empty() && !srcs.empty()) src = srcs.front();
8,7424,40,7424,53,if guard,logos::compiler::BorrowChecker::check_return_value,if (src.empty() && !srcs.empty()) src = srcs.front();
0,7424,55,7424,73,if guard,logos::compiler::BorrowChecker::check_return_value,if (src.empty() && !srcs.empty()) src = srcs.front();
107,7448,21,7448,45,if guard,logos::compiler::BorrowChecker::check_return_value,if (is_return_temp_name(src)) {
37,7448,47,7452,18,if guard,logos::compiler::BorrowChecker::check_return_value,if (is_return_temp_name(src)) {
33,7450,25,7451,89,if guard,logos::compiler::BorrowChecker::check_return_value,if (!is_return_temp_name(n.name) &&
33,7450,29,7450,57,if guard,logos::compiler::BorrowChecker::check_return_value,if (!is_return_temp_name(n.name) &&
33,7450,29,7451,63,if guard,logos::compiler::BorrowChecker::check_return_value,if (!is_return_temp_name(n.name) &&
33,7451,29,7451,63,statement,logos::compiler::BorrowChecker::check_return_value,!is_materialized_temp_name(n.name)) { src = n.name; break; }
33,7451,65,7451,89,statement,logos::compiler::BorrowChecker::check_return_value,!is_materialized_temp_name(n.name)) { src = n.name; break; }
107,7457,21,7457,45,if guard,logos::compiler::BorrowChecker::check_return_value,if (is_return_temp_name(src)) {
4,7457,47,7463,18,if guard,logos::compiler::BorrowChecker::check_return_value,if (is_return_temp_name(src)) {
4,7459,25,7459,52,if guard,logos::compiler::BorrowChecker::check_return_value,if (it != ret_temp_roots_.end())
3,7460,25,7462,83,loop body,logos::compiler::BorrowChecker::check_return_value,for (auto& n : it->second)
3,7461,29,7462,83,if guard,logos::compiler::BorrowChecker::check_return_value,if (!n.empty() && !is_return_temp_name(n) &&
3,7461,33,7461,43,if guard,logos::compiler::BorrowChecker::check_return_value,if (!n.empty() && !is_return_temp_name(n) &&
3,7461,33,7461,70,if guard,logos::compiler::BorrowChecker::check_return_value,if (!n.empty() && !is_return_temp_name(n) &&
3,7461,33,7462,62,if guard,logos::compiler::BorrowChecker::check_return_value,if (!n.empty() && !is_return_temp_name(n) &&
3,7461,47,7461,70,if guard,logos::compiler::BorrowChecker::check_return_value,if (!n.empty() && !is_return_temp_name(n) &&
3,7462,33,7462,62,statement,logos::compiler::BorrowChecker::check_return_value,!is_materialized_temp_name(n)) { src = n; break; }
3,7462,64,7462,83,statement,logos::compiler::BorrowChecker::check_return_value,!is_materialized_temp_name(n)) { src = n; break; }
107,7498,21,7498,32,if guard,logos::compiler::BorrowChecker::check_return_value,if (src.empty() && !is_temp) {
107,7498,21,7498,44,if guard,logos::compiler::BorrowChecker::check_return_value,if (src.empty() && !is_temp) {
22,7498,36,7498,44,if guard,logos::compiler::BorrowChecker::check_return_value,if (src.empty() && !is_temp) {
8,7498,46,7513,18,if guard,logos::compiler::BorrowChecker::check_return_value,if (src.empty() && !is_temp) {
8,7503,25,7503,80,if guard,logos::compiler::BorrowChecker::check_return_value,"if (value_local_root(er, pl, &temp_root_msg, &term).empty() &&"
8,7503,25,7504,38,if guard,logos::compiler::BorrowChecker::check_return_value,"if (value_local_root(er, pl, &temp_root_msg, &term).empty() &&"
8,7503,25,7504,46,if guard,logos::compiler::BorrowChecker::check_return_value,"if (value_local_root(er, pl, &temp_root_msg, &term).empty() &&"
8,7504,25,7504,38,call / statement,logos::compiler::BorrowChecker::check_return_value,temp_root_msg && term) {
5,7504,42,7504,46,call / statement,logos::compiler::BorrowChecker::check_return_value,temp_root_msg && term) {
5,7504,48,7511,22,call / statement,logos::compiler::BorrowChecker::check_return_value,temp_root_msg && term) {
3,7506,29,7509,43,switch arm,logos::compiler::BorrowChecker::check_return_value,case Code::ArrLit:   case Code::LitInt:
3,7506,50,7509,43,switch arm,logos::compiler::BorrowChecker::check_return_value,case Code::ArrLit:   case Code::LitInt:
3,7507,29,7509,43,switch arm,logos::compiler::BorrowChecker::check_return_value,case Code::LitFloat: case Code::LitBool:
3,7507,50,7508,55,switch arm,logos::compiler::BorrowChecker::check_return_value,case Code::LitFloat: case Code::LitBool:
2,7509,29,7509,43,switch arm,logos::compiler::BorrowChecker::check_return_value,default: break;
8,7512,21,7513,18,if guard,logos::compiler::BorrowChecker::check_return_value,if (lit_term) is_temp = true;
8,7512,25,7512,33,if guard,logos::compiler::BorrowChecker::check_return_value,if (lit_term) is_temp = true;
3,7512,35,7512,49,if guard,logos::compiler::BorrowChecker::check_return_value,if (lit_term) is_temp = true;
107,7552,13,7566,19,if guard,logos::compiler::BorrowChecker::check_return_value,if (!is_temp && !src.empty() && ts_.frame_consts.count(src) &&
107,7552,17,7552,25,if guard,logos::compiler::BorrowChecker::check_return_value,if (!is_temp && !src.empty() && ts_.frame_consts.count(src) &&
107,7552,17,7552,41,if guard,logos::compiler::BorrowChecker::check_return_value,if (!is_temp && !src.empty() && ts_.frame_consts.count(src) &&
107,7552,17,7552,72,if guard,logos::compiler::BorrowChecker::check_return_value,if (!is_temp && !src.empty() && ts_.frame_consts.count(src) &&
107,7552,17,7553,39,if guard,logos::compiler::BorrowChecker::check_return_value,if (!is_temp && !src.empty() && ts_.frame_consts.count(src) &&
89,7552,29,7552,41,if guard,logos::compiler::BorrowChecker::check_return_value,if (!is_temp && !src.empty() && ts_.frame_consts.count(src) &&
84,7552,45,7552,72,if guard,logos::compiler::BorrowChecker::check_return_value,if (!is_temp && !src.empty() && ts_.frame_consts.count(src) &&
1,7553,17,7553,39,statement,logos::compiler::BorrowChecker::check_return_value,"!var_has(NO_SLOT, src))"
1,7554,17,7558,26,diagnostic emission,logos::compiler::BorrowChecker::check_return_value,"report(line, std::format("
106,7559,18,7565,46,else-if guard,logos::compiler::BorrowChecker::check_return_value,else if (is_temp)
106,7559,22,7559,29,else-if guard,logos::compiler::BorrowChecker::check_return_value,else if (is_temp)
18,7560,17,7561,86,diagnostic emission,logos::compiler::BorrowChecker::check_return_value,"report(line,"
88,7563,17,7565,46,diagnostic emission,logos::compiler::BorrowChecker::check_return_value,"report(line, std::format("
88,7565,21,7565,32,statement,logos::compiler::BorrowChecker::check_return_value,"src.empty() ? ""?"" : src));"
5,7565,35,7565,38,statement,logos::compiler::BorrowChecker::check_return_value,"src.empty() ? ""?"" : src));"
83,7565,41,7565,44,statement,logos::compiler::BorrowChecker::check_return_value,"src.empty() ? ""?"" : src));"
2803127,7570,9,7668,6,statement,logos::compiler::BorrowChecker::check_return_value,const std::string ret_lt(TypeRef(ret_type_).lifetime());
2803127,7571,13,7571,28,if guard,logos::compiler::BorrowChecker::check_return_value,"if (!ret_lt.empty() && ret_lt != ""'_"") {"
2803127,7571,13,7571,46,if guard,logos::compiler::BorrowChecker::check_return_value,"if (!ret_lt.empty() && ret_lt != ""'_"") {"
235,7571,32,7571,46,if guard,logos::compiler::BorrowChecker::check_return_value,"if (!ret_lt.empty() && ret_lt != ""'_"") {"
235,7571,48,7641,10,if guard,logos::compiler::BorrowChecker::check_return_value,"if (!ret_lt.empty() && ret_lt != ""'_"") {"
235,7581,17,7581,36,if guard,logos::compiler::BorrowChecker::check_return_value,if (prov.params.empty()) return;
73,7581,38,7581,44,if guard,logos::compiler::BorrowChecker::check_return_value,if (prov.params.empty()) return;
162,7582,13,7640,19,loop body,logos::compiler::BorrowChecker::check_return_value,for (auto& src : prov.params) {
163,7582,43,7639,14,loop body,logos::compiler::BorrowChecker::check_return_value,for (auto& src : prov.params) {
163,7588,21,7588,49,if guard,logos::compiler::BorrowChecker::check_return_value,if (it == param_lifetimes_.end()) continue;
0,7588,51,7588,59,if guard,logos::compiler::BorrowChecker::check_return_value,if (it == param_lifetimes_.end()) continue;
163,7589,17,7639,14,statement,logos::compiler::BorrowChecker::check_return_value,const std::string& src_lt = it->second;
163,7593,21,7593,37,if guard,logos::compiler::BorrowChecker::check_return_value,if (src_lt == ret_lt) continue;
110,7593,39,7593,47,if guard,logos::compiler::BorrowChecker::check_return_value,if (src_lt == ret_lt) continue;
53,7603,17,7639,14,call / statement,logos::compiler::BorrowChecker::check_return_value,"bool ok = ri_ ? ri_->outlives_named(src_lt, ret_lt)"
53,7603,27,7603,30,call / statement,logos::compiler::BorrowChecker::check_return_value,"bool ok = ri_ ? ri_->outlives_named(src_lt, ret_lt)"
53,7603,33,7603,68,call / statement,logos::compiler::BorrowChecker::check_return_value,"bool ok = ri_ ? ri_->outlives_named(src_lt, ret_lt)"
0,7604,33,7605,69,statement,logos::compiler::BorrowChecker::check_return_value,": outlives(src_lt, ret_lt, outlives_adj_,"
53,7606,21,7606,23,if guard,logos::compiler::BorrowChecker::check_return_value,if (ok) continue;
21,7606,25,7606,33,if guard,logos::compiler::BorrowChecker::check_return_value,if (ok) continue;
32,7612,17,7639,14,if guard,logos::compiler::BorrowChecker::check_return_value,if (src_lt.empty()) {
32,7612,21,7612,35,if guard,logos::compiler::BorrowChecker::check_return_value,if (src_lt.empty()) {
29,7612,37,7634,18,if guard,logos::compiler::BorrowChecker::check_return_value,if (src_lt.empty()) {
29,7614,25,7614,62,if guard,logos::compiler::BorrowChecker::check_return_value,if (inner != param_inner_lifetimes_.end()) {
17,7614,64,7633,22,if guard,logos::compiler::BorrowChecker::check_return_value,if (inner != param_inner_lifetimes_.end()) {
17,7627,38,7627,74,call / statement,logos::compiler::BorrowChecker::check_return_value,"bool found = logos::probe::on(""lifereg_aggtrust"")"
0,7628,44,7628,49,statement,logos::compiler::BorrowChecker::check_return_value,? false
17,7629,44,7629,65,statement,logos::compiler::BorrowChecker::check_return_value,: inner->second.empty();
15,7631,29,7631,72,if guard,logos::compiler::BorrowChecker::check_return_value,if (ilt == ret_lt) { found = true; break; }
15,7631,33,7631,46,if guard,logos::compiler::BorrowChecker::check_return_value,if (ilt == ret_lt) { found = true; break; }
15,7631,48,7631,72,if guard,logos::compiler::BorrowChecker::check_return_value,if (ilt == ret_lt) { found = true; break; }
17,7632,29,7632,34,if guard,logos::compiler::BorrowChecker::check_return_value,if (found) continue;
17,7632,36,7632,44,if guard,logos::compiler::BorrowChecker::check_return_value,if (found) continue;
15,7635,17,7639,14,diagnostic emission,logos::compiler::BorrowChecker::check_return_value,"report(line, std::format("
15,7638,34,7638,48,statement,logos::compiler::BorrowChecker::check_return_value,"ret_lt, src, src_lt.empty() ? ""(elided)"" : src_lt));"
12,7638,51,7638,61,statement,logos::compiler::BorrowChecker::check_return_value,"ret_lt, src, src_lt.empty() ? ""(elided)"" : src_lt));"
3,7638,64,7638,70,statement,logos::compiler::BorrowChecker::check_return_value,"ret_lt, src, src_lt.empty() ? ""(elided)"" : src_lt));"
2802892,7647,9,7668,6,if guard,logos::compiler::BorrowChecker::check_return_value,if (!prov.params.empty()) {
2802892,7647,13,7647,33,if guard,logos::compiler::BorrowChecker::check_return_value,if (!prov.params.empty()) {
329812,7647,35,7659,10,if guard,logos::compiler::BorrowChecker::check_return_value,if (!prov.params.empty()) {
329812,7649,17,7649,45,if guard,logos::compiler::BorrowChecker::check_return_value,if (param_lifetimes_.size() == 1) {
267565,7649,47,7656,14,if guard,logos::compiler::BorrowChecker::check_return_value,if (param_lifetimes_.size() == 1) {
267565,7651,21,7651,51,if guard,logos::compiler::BorrowChecker::check_return_value,if (!prov.params.count(sole_param)) {
0,7651,53,7655,18,if guard,logos::compiler::BorrowChecker::check_return_value,if (!prov.params.count(sole_param)) {
2473080,7663,9,7668,6,if guard,logos::compiler::BorrowChecker::check_return_value,if (!param_lifetimes_.empty()) {
2473080,7663,13,7663,38,if guard,logos::compiler::BorrowChecker::check_return_value,if (!param_lifetimes_.empty()) {
212091,7663,40,7666,10,if guard,logos::compiler::BorrowChecker::check_return_value,if (!param_lifetimes_.empty()) {
7085691,7698,54,8697,6,call / statement,logos::compiler::BorrowChecker::take_ref_borrows,bool record_only = false) {
7085691,7699,13,7699,15,if guard,logos::compiler::BorrowChecker::take_ref_borrows,if (!e) return;
16,7699,17,7699,23,if guard,logos::compiler::BorrowChecker::take_ref_borrows,if (!e) return;
7085675,7700,9,8697,6,statement,logos::compiler::BorrowChecker::take_ref_borrows,using namespace lir_view;
7085675,7746,13,7746,28,if guard,logos::compiler::BorrowChecker::take_ref_borrows,if (!holder.empty() && type_may_carry_borrow(e.type(pool))) {
7085675,7746,13,7746,67,if guard,logos::compiler::BorrowChecker::take_ref_borrows,if (!holder.empty() && type_may_carry_borrow(e.type(pool))) {
2281234,7746,32,7746,67,if guard,logos::compiler::BorrowChecker::take_ref_borrows,if (!holder.empty() && type_may_carry_borrow(e.type(pool))) {
682986,7746,69,7750,10,if guard,logos::compiler::BorrowChecker::take_ref_borrows,if (!holder.empty() && type_may_carry_borrow(e.type(pool))) {
659398,7749,35,7749,65,loop body,logos::compiler::BorrowChecker::take_ref_borrows,"for (auto& r : roots) inherit_loans(r, holder, line);"
13,7763,13,8695,22,switch arm,logos::compiler::BorrowChecker::take_ref_borrows,case Code::ClosureCall:
34,7764,13,7804,22,switch arm,logos::compiler::BorrowChecker::take_ref_borrows,case Code::FnPtrCall: {
34,7767,21,7767,36,if guard,logos::compiler::BorrowChecker::take_ref_borrows,if (is_ref_kind(rt) || is_borrow_carrying_type(rt))
34,7767,21,7767,67,if guard,logos::compiler::BorrowChecker::take_ref_borrows,if (is_ref_kind(rt) || is_borrow_carrying_type(rt))
17,7767,40,7767,67,if guard,logos::compiler::BorrowChecker::take_ref_borrows,if (is_ref_kind(rt) || is_borrow_carrying_type(rt))
26,7768,21,7775,30,if guard,logos::compiler::BorrowChecker::take_ref_borrows,if (caps)
26,7768,25,7768,29,if guard,logos::compiler::BorrowChecker::take_ref_borrows,if (caps)
6,7769,25,7775,30,loop body,logos::compiler::BorrowChecker::take_ref_borrows,for (auto& c : *caps)
6,7770,29,7775,30,if guard,logos::compiler::BorrowChecker::take_ref_borrows,"if (var_has(NO_SLOT, c) && !param_names_.count(c)) {"
6,7770,33,7770,52,if guard,logos::compiler::BorrowChecker::take_ref_borrows,"if (var_has(NO_SLOT, c) && !param_names_.count(c)) {"
6,7770,33,7770,78,if guard,logos::compiler::BorrowChecker::take_ref_borrows,"if (var_has(NO_SLOT, c) && !param_names_.count(c)) {"
6,7770,56,7770,78,if guard,logos::compiler::BorrowChecker::take_ref_borrows,"if (var_has(NO_SLOT, c) && !param_names_.count(c)) {"
6,7770,80,7775,30,if guard,logos::compiler::BorrowChecker::take_ref_borrows,"if (var_has(NO_SLOT, c) && !param_names_.count(c)) {"
34,7781,21,7781,26,if guard,logos::compiler::BorrowChecker::take_ref_borrows,if (!caps && e.kind() == Code::FnPtrCall) {
34,7781,21,7781,57,if guard,logos::compiler::BorrowChecker::take_ref_borrows,if (!caps && e.kind() == Code::FnPtrCall) {
28,7781,30,7781,57,if guard,logos::compiler::BorrowChecker::take_ref_borrows,if (!caps && e.kind() == Code::FnPtrCall) {
21,7781,59,7802,18,if guard,logos::compiler::BorrowChecker::take_ref_borrows,if (!caps && e.kind() == Code::FnPtrCall) {
22,7786,48,7801,22,call / statement,logos::compiler::BorrowChecker::take_ref_borrows,fv.each_arg([&](ExprRef a) {
22,7788,29,7788,31,if guard,logos::compiler::BorrowChecker::take_ref_borrows,if (!a) return;
0,7788,33,7788,39,if guard,logos::compiler::BorrowChecker::take_ref_borrows,if (!a) return;
22,7789,25,7801,22,if guard,logos::compiler::BorrowChecker::take_ref_borrows,if (fs && ix < fs->nparams && !(fs->to_result & (1ull << ix)))
22,7789,29,7789,31,if guard,logos::compiler::BorrowChecker::take_ref_borrows,if (fs && ix < fs->nparams && !(fs->to_result & (1ull << ix)))
22,7789,29,7789,51,if guard,logos::compiler::BorrowChecker::take_ref_borrows,if (fs && ix < fs->nparams && !(fs->to_result & (1ull << ix)))
22,7789,29,7789,86,if guard,logos::compiler::BorrowChecker::take_ref_borrows,if (fs && ix < fs->nparams && !(fs->to_result & (1ull << ix)))
7,7789,35,7789,51,if guard,logos::compiler::BorrowChecker::take_ref_borrows,if (fs && ix < fs->nparams && !(fs->to_result & (1ull << ix)))
7,7789,55,7789,86,if guard,logos::compiler::BorrowChecker::take_ref_borrows,if (fs && ix < fs->nparams && !(fs->to_result & (1ull << ix)))
2,7790,29,7790,35,early return,logos::compiler::BorrowChecker::take_ref_borrows,return;
20,7791,25,7801,22,if guard,logos::compiler::BorrowChecker::take_ref_borrows,if (is_ref_kind(a.type(pool)) ||
20,7791,29,7791,54,if guard,logos::compiler::BorrowChecker::take_ref_borrows,if (is_ref_kind(a.type(pool)) ||
20,7791,29,7792,78,if guard,logos::compiler::BorrowChecker::take_ref_borrows,if (is_ref_kind(a.type(pool)) ||
2,7792,29,7792,78,statement,logos::compiler::BorrowChecker::take_ref_borrows,(res_bc && is_borrow_carrying_type(a.type(pool))))
2,7792,30,7792,36,statement,logos::compiler::BorrowChecker::take_ref_borrows,(res_bc && is_borrow_carrying_type(a.type(pool))))
0,7792,40,7792,77,statement,logos::compiler::BorrowChecker::take_ref_borrows,(res_bc && is_borrow_carrying_type(a.type(pool))))
18,7800,29,7800,84,statement,logos::compiler::BorrowChecker::take_ref_borrows,"take_ref_borrows(a, line, holder, /*record_only=*/true);"
34,7803,21,7803,33,if guard,logos::compiler::BorrowChecker::take_ref_borrows,"if (!record_only) visit(e, /*consuming=*/true, line);"
25,7803,35,7803,69,if guard,logos::compiler::BorrowChecker::take_ref_borrows,"if (!record_only) visit(e, /*consuming=*/true, line);"
1448,7820,13,7825,22,switch arm,logos::compiler::BorrowChecker::take_ref_borrows,case Code::SliceLit: {
552511,7827,13,7833,22,switch arm,logos::compiler::BorrowChecker::take_ref_borrows,case Code::AddrOf: {
1113100,7838,13,8695,22,switch arm,logos::compiler::BorrowChecker::take_ref_borrows,case Code::AddrOfTemp: {
1113100,7890,21,7890,26,if guard,logos::compiler::BorrowChecker::take_ref_borrows,if (inner) {
1113100,7890,28,7898,18,if guard,logos::compiler::BorrowChecker::take_ref_borrows,if (inner) {
2167383,7892,28,7892,31,loop body,logos::compiler::BorrowChecker::take_ref_borrows,while (cur && cur.kind() == Code::Deref)
2167383,7892,28,7892,60,loop body,logos::compiler::BorrowChecker::take_ref_borrows,while (cur && cur.kind() == Code::Deref)
2167383,7892,35,7892,60,loop body,logos::compiler::BorrowChecker::take_ref_borrows,while (cur && cur.kind() == Code::Deref)
1054283,7893,25,7893,56,statement,logos::compiler::BorrowChecker::take_ref_borrows,cur = EDerefView{cur}.operand();
1113100,7894,25,7894,28,if guard,logos::compiler::BorrowChecker::take_ref_borrows,if (cur && cur != inner && lir_view::is_place_expr(cur)) {
1113100,7894,25,7894,44,if guard,logos::compiler::BorrowChecker::take_ref_borrows,if (cur && cur != inner && lir_view::is_place_expr(cur)) {
1113100,7894,25,7894,76,if guard,logos::compiler::BorrowChecker::take_ref_borrows,if (cur && cur != inner && lir_view::is_place_expr(cur)) {
1113100,7894,32,7894,44,if guard,logos::compiler::BorrowChecker::take_ref_borrows,if (cur && cur != inner && lir_view::is_place_expr(cur)) {
1054268,7894,48,7894,76,if guard,logos::compiler::BorrowChecker::take_ref_borrows,if (cur && cur != inner && lir_view::is_place_expr(cur)) {
1053980,7894,78,7897,22,if guard,logos::compiler::BorrowChecker::take_ref_borrows,if (cur && cur != inner && lir_view::is_place_expr(cur)) {
1053980,7895,29,7895,55,if guard,logos::compiler::BorrowChecker::take_ref_borrows,if (cur.kind() == Code::VarRef) reborrow_root = cur;
1053483,7895,57,7895,76,if guard,logos::compiler::BorrowChecker::take_ref_borrows,if (cur.kind() == Code::VarRef) reborrow_root = cur;
497,7896,30,7896,83,else-if guard,logos::compiler::BorrowChecker::take_ref_borrows,else if (is_ref_kind(cur.type(pool))) reborrow_place = cur;
497,7896,34,7896,61,else-if guard,logos::compiler::BorrowChecker::take_ref_borrows,else if (is_ref_kind(cur.type(pool))) reborrow_place = cur;
30,7896,63,7896,83,else-if guard,logos::compiler::BorrowChecker::take_ref_borrows,else if (is_ref_kind(cur.type(pool))) reborrow_place = cur;
1113100,7900,21,7900,30,call / statement,logos::compiler::BorrowChecker::take_ref_borrows,inner_var && is_ref_kind(inner_var.type(pool))) {
1113100,7900,21,7900,67,call / statement,logos::compiler::BorrowChecker::take_ref_borrows,inner_var && is_ref_kind(inner_var.type(pool))) {
1053483,7900,34,7900,67,call / statement,logos::compiler::BorrowChecker::take_ref_borrows,inner_var && is_ref_kind(inner_var.type(pool))) {
1049334,7900,69,7923,18,call / statement,logos::compiler::BorrowChecker::take_ref_borrows,inner_var && is_ref_kind(inner_var.type(pool))) {
1049334,7903,65,7903,79,if guard,logos::compiler::BorrowChecker::take_ref_borrows,"if (auto sit = var_find(rname_slot, rname); sit != nullptr) {"
1049326,7903,81,7922,22,if guard,logos::compiler::BorrowChecker::take_ref_borrows,"if (auto sit = var_find(rname_slot, rname); sit != nullptr) {"
63774,7930,17,8695,22,if guard,logos::compiler::BorrowChecker::take_ref_borrows,if (inner && inner.kind() == Code::Deref) {
63774,7930,21,7930,26,if guard,logos::compiler::BorrowChecker::take_ref_borrows,if (inner && inner.kind() == Code::Deref) {
63774,7930,21,7930,57,if guard,logos::compiler::BorrowChecker::take_ref_borrows,if (inner && inner.kind() == Code::Deref) {
63774,7930,30,7930,57,if guard,logos::compiler::BorrowChecker::take_ref_borrows,if (inner && inner.kind() == Code::Deref) {
4942,7930,59,7945,18,if guard,logos::compiler::BorrowChecker::take_ref_borrows,if (inner && inner.kind() == Code::Deref) {
4942,7932,25,7932,27,call / statement,logos::compiler::BorrowChecker::take_ref_borrows,op && op.kind() == Code::MethodCall) {
4942,7932,25,7932,60,call / statement,logos::compiler::BorrowChecker::take_ref_borrows,op && op.kind() == Code::MethodCall) {
4942,7932,31,7932,60,call / statement,logos::compiler::BorrowChecker::take_ref_borrows,op && op.kind() == Code::MethodCall) {
29,7932,62,7944,22,call / statement,logos::compiler::BorrowChecker::take_ref_borrows,op && op.kind() == Code::MethodCall) {
63745,7951,17,8695,22,statement,logos::compiler::BorrowChecker::take_ref_borrows,"BorrowPlace bp = extract_borrow_place(inner, pool);"
63745,7955,21,7955,34,if guard,logos::compiler::BorrowChecker::take_ref_borrows,if (!root.empty()) {
55398,7955,36,8022,18,if guard,logos::compiler::BorrowChecker::take_ref_borrows,if (!root.empty()) {
55398,7963,25,7963,39,if guard,logos::compiler::BorrowChecker::take_ref_borrows,if (reborrow_place && sit != nullptr &&
55398,7963,25,7963,57,if guard,logos::compiler::BorrowChecker::take_ref_borrows,if (reborrow_place && sit != nullptr &&
55398,7963,25,7964,45,if guard,logos::compiler::BorrowChecker::take_ref_borrows,if (reborrow_place && sit != nullptr &&
55398,7963,25,7964,74,if guard,logos::compiler::BorrowChecker::take_ref_borrows,if (reborrow_place && sit != nullptr &&
30,7963,43,7963,57,if guard,logos::compiler::BorrowChecker::take_ref_borrows,if (reborrow_place && sit != nullptr &&
30,7964,25,7964,45,statement,logos::compiler::BorrowChecker::take_ref_borrows,!sit->is_mut_binding && !param_names_.count(root)) {
16,7964,49,7964,74,statement,logos::compiler::BorrowChecker::take_ref_borrows,!sit->is_mut_binding && !param_names_.count(root)) {
13,7964,76,7968,22,statement,logos::compiler::BorrowChecker::take_ref_borrows,!sit->is_mut_binding && !param_names_.count(root)) {
55398,7969,25,7969,39,if guard,logos::compiler::BorrowChecker::take_ref_borrows,if (sit != nullptr && !path.empty()) {
55398,7969,25,7969,56,if guard,logos::compiler::BorrowChecker::take_ref_borrows,if (sit != nullptr && !path.empty()) {
53455,7969,43,7969,56,if guard,logos::compiler::BorrowChecker::take_ref_borrows,if (sit != nullptr && !path.empty()) {
9491,7969,58,7979,22,if guard,logos::compiler::BorrowChecker::take_ref_borrows,if (sit != nullptr && !path.empty()) {
9491,7972,35,7972,38,if guard,logos::compiler::BorrowChecker::take_ref_borrows,if (auto* hit = find_moved_overlap(
2,7973,59,7978,26,call / statement,logos::compiler::BorrowChecker::take_ref_borrows,"sit->moved_fields, path)) {"
55396,7980,21,8022,18,if guard,logos::compiler::BorrowChecker::take_ref_borrows,if (index_in_chain) {
55396,7980,25,7980,39,if guard,logos::compiler::BorrowChecker::take_ref_borrows,if (index_in_chain) {
16723,7980,41,7988,22,if guard,logos::compiler::BorrowChecker::take_ref_borrows,if (index_in_chain) {
16723,7985,29,7985,34,if guard,logos::compiler::BorrowChecker::take_ref_borrows,"if (inner) visit(inner, /*consuming=*/false, line);"
16723,7985,36,7985,75,if guard,logos::compiler::BorrowChecker::take_ref_borrows,"if (inner) visit(inner, /*consuming=*/false, line);"
38673,7989,21,8022,18,if guard,logos::compiler::BorrowChecker::take_ref_borrows,if (!path.empty()) {
38673,7989,25,7989,38,if guard,logos::compiler::BorrowChecker::take_ref_borrows,if (!path.empty()) {
9480,7989,40,8004,22,if guard,logos::compiler::BorrowChecker::take_ref_borrows,if (!path.empty()) {
9480,8001,29,8001,34,if guard,logos::compiler::BorrowChecker::take_ref_borrows,"if (inner) visit(inner, /*consuming=*/false, line);"
9480,8001,36,8001,75,if guard,logos::compiler::BorrowChecker::take_ref_borrows,"if (inner) visit(inner, /*consuming=*/false, line);"
29193,8017,21,8022,18,if guard,logos::compiler::BorrowChecker::take_ref_borrows,if (view_base) {
29193,8017,25,8017,34,if guard,logos::compiler::BorrowChecker::take_ref_borrows,if (view_base) {
899,8017,36,8021,22,if guard,logos::compiler::BorrowChecker::take_ref_borrows,if (view_base) {
899,8018,29,8018,34,if guard,logos::compiler::BorrowChecker::take_ref_borrows,"if (inner) visit(inner, /*consuming=*/false, line);"
899,8018,36,8018,75,if guard,logos::compiler::BorrowChecker::take_ref_borrows,"if (inner) visit(inner, /*consuming=*/false, line);"
36641,8023,17,8024,22,if guard,logos::compiler::BorrowChecker::take_ref_borrows,"if (!record_only) visit(e, /*consuming=*/true, line);  // #70"
36641,8023,21,8023,33,if guard,logos::compiler::BorrowChecker::take_ref_borrows,"if (!record_only) visit(e, /*consuming=*/true, line);  // #70"
36363,8023,35,8023,69,if guard,logos::compiler::BorrowChecker::take_ref_borrows,"if (!record_only) visit(e, /*consuming=*/true, line);  // #70"
284,8026,13,8040,22,switch arm,logos::compiler::BorrowChecker::take_ref_borrows,case Code::IfExpr: {
284,8028,21,8028,33,if guard,logos::compiler::BorrowChecker::take_ref_borrows,"if (!record_only) visit(v.cond(), /*consuming=*/true, line);  // #70"
276,8028,35,8028,76,if guard,logos::compiler::BorrowChecker::take_ref_borrows,"if (!record_only) visit(v.cond(), /*consuming=*/true, line);  // #70"
25627,8051,13,8274,22,switch arm,logos::compiler::BorrowChecker::take_ref_borrows,case Code::Call: {
25627,8062,21,8062,50,statement,logos::compiler::BorrowChecker::take_ref_borrows,it != fn_index_.by_name.end() && it->second &&
25627,8062,21,8062,64,statement,logos::compiler::BorrowChecker::take_ref_borrows,it != fn_index_.by_name.end() && it->second &&
25627,8062,21,8063,49,statement,logos::compiler::BorrowChecker::take_ref_borrows,it != fn_index_.by_name.end() && it->second &&
25627,8062,21,8063,82,statement,logos::compiler::BorrowChecker::take_ref_borrows,it != fn_index_.by_name.end() && it->second &&
15137,8062,54,8062,64,statement,logos::compiler::BorrowChecker::take_ref_borrows,it != fn_index_.by_name.end() && it->second &&
15137,8063,21,8063,49,statement,logos::compiler::BorrowChecker::take_ref_borrows,!it->second.params().empty() && is_self_borrowing(it->second)) {
14114,8063,53,8063,82,statement,logos::compiler::BorrowChecker::take_ref_borrows,!it->second.params().empty() && is_self_borrowing(it->second)) {
7662,8063,84,8158,18,statement,logos::compiler::BorrowChecker::take_ref_borrows,!it->second.params().empty() && is_self_borrowing(it->second)) {
7662,8131,35,8131,37,statement,logos::compiler::BorrowChecker::take_ref_borrows,bool p0_ref = p0 && (p0.kind() == LogosType::Kind::Ref ||
7662,8131,41,8132,79,statement,logos::compiler::BorrowChecker::take_ref_borrows,bool p0_ref = p0 && (p0.kind() == LogosType::Kind::Ref ||
7662,8131,42,8131,75,statement,logos::compiler::BorrowChecker::take_ref_borrows,bool p0_ref = p0 && (p0.kind() == LogosType::Kind::Ref ||
2885,8132,42,8132,78,statement,logos::compiler::BorrowChecker::take_ref_borrows,p0.kind() == LogosType::Kind::MutRef);
7662,8133,25,8134,42,if guard,logos::compiler::BorrowChecker::take_ref_borrows,if ((p0 && p0.kind() == LogosType::Kind::DstRef &&
7662,8133,25,8134,52,if guard,logos::compiler::BorrowChecker::take_ref_borrows,if ((p0 && p0.kind() == LogosType::Kind::DstRef &&
7662,8133,26,8133,28,if guard,logos::compiler::BorrowChecker::take_ref_borrows,if ((p0 && p0.kind() == LogosType::Kind::DstRef &&
7662,8133,26,8133,68,if guard,logos::compiler::BorrowChecker::take_ref_borrows,if ((p0 && p0.kind() == LogosType::Kind::DstRef &&
7662,8133,32,8133,68,if guard,logos::compiler::BorrowChecker::take_ref_borrows,if ((p0 && p0.kind() == LogosType::Kind::DstRef &&
125,8134,25,8134,41,statement,logos::compiler::BorrowChecker::take_ref_borrows,!p0.owning_dst()) || p0_ref) {
7537,8134,46,8134,52,statement,logos::compiler::BorrowChecker::take_ref_borrows,!p0.owning_dst()) || p0_ref) {
5001,8134,54,8157,22,statement,logos::compiler::BorrowChecker::take_ref_borrows,!p0.owning_dst()) || p0_ref) {
7920,8136,50,8136,77,statement,logos::compiler::BorrowChecker::take_ref_borrows,v.each_arg([&](ExprRef a){ if (ai0++ == 0) a0 = a; });
7920,8136,56,8136,66,statement,logos::compiler::BorrowChecker::take_ref_borrows,v.each_arg([&](ExprRef a){ if (ai0++ == 0) a0 = a; });
5001,8136,68,8136,74,statement,logos::compiler::BorrowChecker::take_ref_borrows,v.each_arg([&](ExprRef a){ if (ai0++ == 0) a0 = a; });
5001,8142,29,8142,31,if guard,logos::compiler::BorrowChecker::take_ref_borrows,if (a0 && a0.kind() == Code::AddrOfTemp)
5001,8142,29,8142,64,if guard,logos::compiler::BorrowChecker::take_ref_borrows,if (a0 && a0.kind() == Code::AddrOfTemp)
5001,8142,35,8142,64,if guard,logos::compiler::BorrowChecker::take_ref_borrows,if (a0 && a0.kind() == Code::AddrOfTemp)
656,8143,29,8143,61,statement,logos::compiler::BorrowChecker::take_ref_borrows,a0 = EAddrOfTempView{a0}.inner();
5001,8144,29,8144,31,if guard,logos::compiler::BorrowChecker::take_ref_borrows,if (a0) {
5001,8144,33,8156,26,if guard,logos::compiler::BorrowChecker::take_ref_borrows,if (a0) {
5001,8146,43,8146,55,statement,logos::compiler::BorrowChecker::take_ref_borrows,bool rawptr = bp.root_type &&
1223,8147,33,8147,76,statement,logos::compiler::BorrowChecker::take_ref_borrows,bp.root_type.kind() == LogosType::Kind::Ptr;
5001,8148,33,8148,49,if guard,logos::compiler::BorrowChecker::take_ref_borrows,if (!bp.root.empty() && !rawptr &&
5001,8148,33,8148,60,if guard,logos::compiler::BorrowChecker::take_ref_borrows,if (!bp.root.empty() && !rawptr &&
5001,8148,33,8149,63,if guard,logos::compiler::BorrowChecker::take_ref_borrows,if (!bp.root.empty() && !rawptr &&
1223,8148,53,8148,60,if guard,logos::compiler::BorrowChecker::take_ref_borrows,if (!bp.root.empty() && !rawptr &&
1217,8149,33,8149,63,call / statement,logos::compiler::BorrowChecker::take_ref_borrows,"var_has(bp.root_slot, bp.root)) {"
1217,8149,65,8155,30,call / statement,logos::compiler::BorrowChecker::take_ref_borrows,"var_has(bp.root_slot, bp.root)) {"
1217,8150,42,8150,54,statement,logos::compiler::BorrowChecker::take_ref_borrows,bool m = p0.mut_ptr() ||
1215,8151,37,8151,73,statement,logos::compiler::BorrowChecker::take_ref_borrows,p0.kind() == LogosType::Kind::MutRef;
25627,8176,21,8176,26,if guard,logos::compiler::BorrowChecker::take_ref_borrows,if (blind && !tied_recv && !holder.empty() &&
25627,8176,21,8176,40,if guard,logos::compiler::BorrowChecker::take_ref_borrows,if (blind && !tied_recv && !holder.empty() &&
25627,8176,21,8176,59,if guard,logos::compiler::BorrowChecker::take_ref_borrows,if (blind && !tied_recv && !holder.empty() &&
25627,8176,21,8178,48,if guard,logos::compiler::BorrowChecker::take_ref_borrows,if (blind && !tied_recv && !holder.empty() &&
0,8176,30,8176,40,if guard,logos::compiler::BorrowChecker::take_ref_borrows,if (blind && !tied_recv && !holder.empty() &&
0,8176,44,8176,59,if guard,logos::compiler::BorrowChecker::take_ref_borrows,if (blind && !tied_recv && !holder.empty() &&
0,8177,21,8178,48,statement,logos::compiler::BorrowChecker::take_ref_borrows,fn_index_.by_name.find(std::string(v.callee())) ==
0,8178,50,8191,18,call / statement,logos::compiler::BorrowChecker::take_ref_borrows,fn_index_.by_name.end()) {
0,8180,46,8180,72,statement,logos::compiler::BorrowChecker::take_ref_borrows,v.each_arg([&](ExprRef a){ if (bi++ == 0) b0 = a; });
0,8180,52,8180,61,statement,logos::compiler::BorrowChecker::take_ref_borrows,v.each_arg([&](ExprRef a){ if (bi++ == 0) b0 = a; });
0,8180,63,8180,69,statement,logos::compiler::BorrowChecker::take_ref_borrows,v.each_arg([&](ExprRef a){ if (bi++ == 0) b0 = a; });
0,8181,25,8181,27,if guard,logos::compiler::BorrowChecker::take_ref_borrows,if (b0 && b0.kind() == Code::AddrOfTemp) {
0,8181,25,8181,60,if guard,logos::compiler::BorrowChecker::take_ref_borrows,if (b0 && b0.kind() == Code::AddrOfTemp) {
0,8181,31,8181,60,if guard,logos::compiler::BorrowChecker::take_ref_borrows,if (b0 && b0.kind() == Code::AddrOfTemp) {
0,8181,62,8190,22,if guard,logos::compiler::BorrowChecker::take_ref_borrows,if (b0 && b0.kind() == Code::AddrOfTemp) {
0,8184,39,8184,51,statement,logos::compiler::BorrowChecker::take_ref_borrows,bool rawptr = bp.root_type &&
0,8185,29,8185,72,statement,logos::compiler::BorrowChecker::take_ref_borrows,bp.root_type.kind() == LogosType::Kind::Ptr;
0,8186,29,8186,45,if guard,logos::compiler::BorrowChecker::take_ref_borrows,if (!bp.root.empty() && !rawptr &&
0,8186,29,8186,56,if guard,logos::compiler::BorrowChecker::take_ref_borrows,if (!bp.root.empty() && !rawptr &&
0,8186,29,8187,59,if guard,logos::compiler::BorrowChecker::take_ref_borrows,if (!bp.root.empty() && !rawptr &&
0,8186,49,8186,56,if guard,logos::compiler::BorrowChecker::take_ref_borrows,if (!bp.root.empty() && !rawptr &&
0,8187,29,8187,59,call / statement,logos::compiler::BorrowChecker::take_ref_borrows,"var_has(bp.root_slot, bp.root))"
0,8188,29,8189,71,statement,logos::compiler::BorrowChecker::take_ref_borrows,"record_borrow(bp, /*is_mut=*/false, line, holder,"
40766,8200,43,8273,18,call / statement,logos::compiler::BorrowChecker::take_ref_borrows,v.each_arg([&](ExprRef a) {
40766,8201,36,8201,45,statement,logos::compiler::BorrowChecker::take_ref_borrows,bool is_recv = tied_recv && ai == 0;
1850,8201,49,8201,56,statement,logos::compiler::BorrowChecker::take_ref_borrows,bool is_recv = tied_recv && ai == 0;
40766,8203,25,8203,32,if guard,logos::compiler::BorrowChecker::take_ref_borrows,if (is_recv) return;   // receiver borrow recorded above
1217,8203,34,8203,40,if guard,logos::compiler::BorrowChecker::take_ref_borrows,if (is_recv) return;   // receiver borrow recorded above
39549,8204,21,8273,18,if guard,logos::compiler::BorrowChecker::take_ref_borrows,if (!a) return;
39549,8204,25,8204,27,if guard,logos::compiler::BorrowChecker::take_ref_borrows,if (!a) return;
0,8204,29,8204,35,if guard,logos::compiler::BorrowChecker::take_ref_borrows,if (!a) return;
39549,8224,21,8273,18,if guard,logos::compiler::BorrowChecker::take_ref_borrows,if (ai == 1 && !tied_recv && !holder.empty() &&
39549,8224,25,8224,32,if guard,logos::compiler::BorrowChecker::take_ref_borrows,if (ai == 1 && !tied_recv && !holder.empty() &&
39549,8224,25,8224,46,if guard,logos::compiler::BorrowChecker::take_ref_borrows,if (ai == 1 && !tied_recv && !holder.empty() &&
39549,8224,25,8224,65,if guard,logos::compiler::BorrowChecker::take_ref_borrows,if (ai == 1 && !tied_recv && !holder.empty() &&
39549,8224,25,8225,53,if guard,logos::compiler::BorrowChecker::take_ref_borrows,if (ai == 1 && !tied_recv && !holder.empty() &&
23296,8224,36,8224,46,if guard,logos::compiler::BorrowChecker::take_ref_borrows,if (ai == 1 && !tied_recv && !holder.empty() &&
23296,8224,50,8224,65,if guard,logos::compiler::BorrowChecker::take_ref_borrows,if (ai == 1 && !tied_recv && !holder.empty() &&
19838,8225,25,8225,53,call / statement,logos::compiler::BorrowChecker::take_ref_borrows,a.kind() == Code::AddrOfTemp) {
2411,8225,55,8258,22,call / statement,logos::compiler::BorrowChecker::take_ref_borrows,a.kind() == Code::AddrOfTemp) {
2411,8228,29,8228,46,if guard,logos::compiler::BorrowChecker::take_ref_borrows,"if (!pbp.root.empty() && var_has(pbp.root_slot, pbp.root)) {"
2411,8228,29,8228,82,if guard,logos::compiler::BorrowChecker::take_ref_borrows,"if (!pbp.root.empty() && var_has(pbp.root_slot, pbp.root)) {"
2397,8228,50,8228,82,if guard,logos::compiler::BorrowChecker::take_ref_borrows,"if (!pbp.root.empty() && var_has(pbp.root_slot, pbp.root)) {"
2397,8228,84,8257,26,if guard,logos::compiler::BorrowChecker::take_ref_borrows,"if (!pbp.root.empty() && var_has(pbp.root_slot, pbp.root)) {"
2397,8249,33,8249,64,if guard,logos::compiler::BorrowChecker::take_ref_borrows,"if (logos::probe::on(""genautorefx"")) {"
0,8249,66,8256,30,if guard,logos::compiler::BorrowChecker::take_ref_borrows,"if (logos::probe::on(""genautorefx"")) {"
0,8250,47,8250,60,statement,logos::compiler::BorrowChecker::take_ref_borrows,bool rawptr = pbp.root_type &&
0,8251,37,8251,81,statement,logos::compiler::BorrowChecker::take_ref_borrows,pbp.root_type.kind() == LogosType::Kind::Ptr;
0,8252,37,8252,44,if guard,logos::compiler::BorrowChecker::take_ref_borrows,if (!rawptr)
0,8253,37,8255,77,statement,logos::compiler::BorrowChecker::take_ref_borrows,"record_borrow(pbp,"
39549,8269,25,8269,50,if guard,logos::compiler::BorrowChecker::take_ref_borrows,if (is_ref_kind(a.type(pool)) ||
39549,8269,25,8270,74,if guard,logos::compiler::BorrowChecker::take_ref_borrows,if (is_ref_kind(a.type(pool)) ||
39549,8269,25,8271,53,if guard,logos::compiler::BorrowChecker::take_ref_borrows,if (is_ref_kind(a.type(pool)) ||
29717,8270,25,8270,74,statement,logos::compiler::BorrowChecker::take_ref_borrows,(res_bc && is_borrow_carrying_type(a.type(pool))) ||
29717,8270,26,8270,32,statement,logos::compiler::BorrowChecker::take_ref_borrows,(res_bc && is_borrow_carrying_type(a.type(pool))) ||
5670,8270,36,8270,73,statement,logos::compiler::BorrowChecker::take_ref_borrows,(res_bc && is_borrow_carrying_type(a.type(pool))) ||
27660,8271,25,8271,53,call / statement,logos::compiler::BorrowChecker::take_ref_borrows,retains_borrowing_operand(a))
13230,8272,25,8272,71,statement,logos::compiler::BorrowChecker::take_ref_borrows,"take_ref_borrows(a, line, holder, record_only);  // #70"
18577,8276,13,8695,22,switch arm,logos::compiler::BorrowChecker::take_ref_borrows,case Code::MethodCall: {
18577,8291,21,8291,44,if guard,logos::compiler::BorrowChecker::take_ref_borrows,if (!result_borrows_self(v)) {
6908,8291,46,8294,18,if guard,logos::compiler::BorrowChecker::take_ref_borrows,if (!result_borrows_self(v)) {
6908,8292,25,8292,37,if guard,logos::compiler::BorrowChecker::take_ref_borrows,"if (!record_only) visit(e, /*consuming=*/false, line);"
6547,8292,39,8292,74,if guard,logos::compiler::BorrowChecker::take_ref_borrows,"if (!record_only) visit(e, /*consuming=*/false, line);"
11669,8302,17,8372,22,if guard,logos::compiler::BorrowChecker::take_ref_borrows,if (recv && recv.kind() == Code::AddrOfTemp && result_borrows_self(v)) {
11669,8302,21,8302,25,if guard,logos::compiler::BorrowChecker::take_ref_borrows,if (recv && recv.kind() == Code::AddrOfTemp && result_borrows_self(v)) {
11669,8302,21,8302,60,if guard,logos::compiler::BorrowChecker::take_ref_borrows,if (recv && recv.kind() == Code::AddrOfTemp && result_borrows_self(v)) {
11669,8302,21,8302,86,if guard,logos::compiler::BorrowChecker::take_ref_borrows,if (recv && recv.kind() == Code::AddrOfTemp && result_borrows_self(v)) {
11669,8302,29,8302,60,if guard,logos::compiler::BorrowChecker::take_ref_borrows,if (recv && recv.kind() == Code::AddrOfTemp && result_borrows_self(v)) {
4242,8302,64,8302,86,if guard,logos::compiler::BorrowChecker::take_ref_borrows,if (recv && recv.kind() == Code::AddrOfTemp && result_borrows_self(v)) {
4242,8302,88,8323,18,if guard,logos::compiler::BorrowChecker::take_ref_borrows,if (recv && recv.kind() == Code::AddrOfTemp && result_borrows_self(v)) {
4242,8308,43,8308,55,statement,logos::compiler::BorrowChecker::take_ref_borrows,bool root_is_rawptr = bp.root_type &&
4193,8309,25,8309,68,statement,logos::compiler::BorrowChecker::take_ref_borrows,bp.root_type.kind() == LogosType::Kind::Ptr;
4242,8310,25,8310,41,if guard,logos::compiler::BorrowChecker::take_ref_borrows,"if (!bp.root.empty() && !root_is_rawptr && var_has(bp.root_slot, bp.root)) {"
4242,8310,25,8310,60,if guard,logos::compiler::BorrowChecker::take_ref_borrows,"if (!bp.root.empty() && !root_is_rawptr && var_has(bp.root_slot, bp.root)) {"
4242,8310,25,8310,94,if guard,logos::compiler::BorrowChecker::take_ref_borrows,"if (!bp.root.empty() && !root_is_rawptr && var_has(bp.root_slot, bp.root)) {"
4193,8310,45,8310,60,if guard,logos::compiler::BorrowChecker::take_ref_borrows,"if (!bp.root.empty() && !root_is_rawptr && var_has(bp.root_slot, bp.root)) {"
4193,8310,64,8310,94,if guard,logos::compiler::BorrowChecker::take_ref_borrows,"if (!bp.root.empty() && !root_is_rawptr && var_has(bp.root_slot, bp.root)) {"
3636,8310,96,8322,22,if guard,logos::compiler::BorrowChecker::take_ref_borrows,"if (!bp.root.empty() && !root_is_rawptr && var_has(bp.root_slot, bp.root)) {"
3636,8311,34,8311,45,statement,logos::compiler::BorrowChecker::take_ref_borrows,bool m = av.is_mut() || force_mut;
3390,8311,49,8311,58,statement,logos::compiler::BorrowChecker::take_ref_borrows,bool m = av.is_mut() || force_mut;
7427,8323,24,8361,18,else-if guard,logos::compiler::BorrowChecker::take_ref_borrows,} else if (recv && result_borrows_self(v)) {
7427,8323,28,8323,32,else-if guard,logos::compiler::BorrowChecker::take_ref_borrows,} else if (recv && result_borrows_self(v)) {
7427,8323,28,8323,58,else-if guard,logos::compiler::BorrowChecker::take_ref_borrows,} else if (recv && result_borrows_self(v)) {
7427,8323,36,8323,58,else-if guard,logos::compiler::BorrowChecker::take_ref_borrows,} else if (recv && result_borrows_self(v)) {
7427,8323,60,8359,18,else-if guard,logos::compiler::BorrowChecker::take_ref_borrows,} else if (recv && result_borrows_self(v)) {
7427,8336,43,8336,55,statement,logos::compiler::BorrowChecker::take_ref_borrows,bool root_is_rawptr = bp.root_type &&
7392,8337,25,8337,68,statement,logos::compiler::BorrowChecker::take_ref_borrows,bp.root_type.kind() == LogosType::Kind::Ptr;
7427,8339,25,8339,37,if guard,logos::compiler::BorrowChecker::take_ref_borrows,if (bp.root_type &&
7427,8339,25,8341,78,if guard,logos::compiler::BorrowChecker::take_ref_borrows,if (bp.root_type &&
7392,8340,25,8341,78,statement,logos::compiler::BorrowChecker::take_ref_borrows,(bp.root_type.kind() == LogosType::Kind::Struct ||
7392,8340,26,8340,72,statement,logos::compiler::BorrowChecker::take_ref_borrows,(bp.root_type.kind() == LogosType::Kind::Struct ||
5045,8341,26,8341,77,call / statement,logos::compiler::BorrowChecker::take_ref_borrows,bp.root_type.kind() == LogosType::Kind::ZonedStruct)) {
2347,8341,80,8348,22,call / statement,logos::compiler::BorrowChecker::take_ref_borrows,bp.root_type.kind() == LogosType::Kind::ZonedStruct)) {
2347,8343,53,8343,75,if guard,logos::compiler::BorrowChecker::take_ref_borrows,if (auto d = rn.rfind('.'); d != std::string::npos)
0,8344,29,8344,50,statement,logos::compiler::BorrowChecker::take_ref_borrows,rn = rn.substr(d + 1);
2347,8345,53,8345,75,if guard,logos::compiler::BorrowChecker::take_ref_borrows,"if (auto g = rn.find(""$G""); g != std::string::npos)"
0,8346,29,8346,49,statement,logos::compiler::BorrowChecker::take_ref_borrows,"rn = rn.substr(0, g);"
2347,8347,38,8347,48,statement,logos::compiler::BorrowChecker::take_ref_borrows,"root_is_rc = rn == ""Rc"" || rn == ""Arc"";"
2182,8347,52,8347,63,statement,logos::compiler::BorrowChecker::take_ref_borrows,"root_is_rc = rn == ""Rc"" || rn == ""Arc"";"
7427,8349,25,8349,41,if guard,logos::compiler::BorrowChecker::take_ref_borrows,if (!bp.root.empty() && !root_is_rawptr && !root_is_rc &&
7427,8349,25,8349,60,if guard,logos::compiler::BorrowChecker::take_ref_borrows,if (!bp.root.empty() && !root_is_rawptr && !root_is_rc &&
7427,8349,25,8349,75,if guard,logos::compiler::BorrowChecker::take_ref_borrows,if (!bp.root.empty() && !root_is_rawptr && !root_is_rc &&
7427,8349,25,8350,55,if guard,logos::compiler::BorrowChecker::take_ref_borrows,if (!bp.root.empty() && !root_is_rawptr && !root_is_rc &&
7392,8349,45,8349,60,if guard,logos::compiler::BorrowChecker::take_ref_borrows,if (!bp.root.empty() && !root_is_rawptr && !root_is_rc &&
6757,8349,64,8349,75,if guard,logos::compiler::BorrowChecker::take_ref_borrows,if (!bp.root.empty() && !root_is_rawptr && !root_is_rc &&
6548,8350,25,8350,55,call / statement,logos::compiler::BorrowChecker::take_ref_borrows,"var_has(bp.root_slot, bp.root)) {"
6548,8350,57,8358,22,call / statement,logos::compiler::BorrowChecker::take_ref_borrows,"var_has(bp.root_slot, bp.root)) {"
6548,8351,34,8351,58,statement,logos::compiler::BorrowChecker::take_ref_borrows,bool m = method_self_kind(v) == 2 || force_mut;
6407,8351,62,8351,71,statement,logos::compiler::BorrowChecker::take_ref_borrows,bool m = method_self_kind(v) == 2 || force_mut;
0,8359,24,8361,18,else-if guard,logos::compiler::BorrowChecker::take_ref_borrows,} else if (recv && is_ref_kind(recv.type(pool))) {
0,8359,28,8359,32,else-if guard,logos::compiler::BorrowChecker::take_ref_borrows,} else if (recv && is_ref_kind(recv.type(pool))) {
0,8359,28,8359,64,else-if guard,logos::compiler::BorrowChecker::take_ref_borrows,} else if (recv && is_ref_kind(recv.type(pool))) {
0,8359,36,8359,64,else-if guard,logos::compiler::BorrowChecker::take_ref_borrows,} else if (recv && is_ref_kind(recv.type(pool))) {
0,8359,66,8361,18,else-if guard,logos::compiler::BorrowChecker::take_ref_borrows,} else if (recv && is_ref_kind(recv.type(pool))) {
4571,8364,43,8371,18,call / statement,logos::compiler::BorrowChecker::take_ref_borrows,v.each_arg([&](ExprRef a) {
4571,8365,25,8365,27,if guard,logos::compiler::BorrowChecker::take_ref_borrows,if (!a) return;
0,8365,29,8365,35,if guard,logos::compiler::BorrowChecker::take_ref_borrows,if (!a) return;
4571,8367,21,8371,18,if guard,logos::compiler::BorrowChecker::take_ref_borrows,if (is_ref_kind(a.type(pool)) ||
4571,8367,25,8367,50,if guard,logos::compiler::BorrowChecker::take_ref_borrows,if (is_ref_kind(a.type(pool)) ||
4571,8367,25,8368,76,if guard,logos::compiler::BorrowChecker::take_ref_borrows,if (is_ref_kind(a.type(pool)) ||
4571,8367,25,8369,53,if guard,logos::compiler::BorrowChecker::take_ref_borrows,if (is_ref_kind(a.type(pool)) ||
4329,8368,25,8368,76,statement,logos::compiler::BorrowChecker::take_ref_borrows,(res_bc_m && is_borrow_carrying_type(a.type(pool))) ||
4329,8368,26,8368,34,statement,logos::compiler::BorrowChecker::take_ref_borrows,(res_bc_m && is_borrow_carrying_type(a.type(pool))) ||
1695,8368,38,8368,75,statement,logos::compiler::BorrowChecker::take_ref_borrows,(res_bc_m && is_borrow_carrying_type(a.type(pool))) ||
4026,8369,25,8369,53,call / statement,logos::compiler::BorrowChecker::take_ref_borrows,retains_borrowing_operand(a))
545,8370,25,8370,71,statement,logos::compiler::BorrowChecker::take_ref_borrows,"take_ref_borrows(a, line, holder, record_only);  // #70"
41,8374,13,8445,22,switch arm,logos::compiler::BorrowChecker::take_ref_borrows,case Code::MatchExpr: {
41,8386,21,8386,30,if guard,logos::compiler::BorrowChecker::take_ref_borrows,if (v.scrut() && type_may_carry_borrow(v.scrut().type(pool)))
41,8386,21,8386,77,if guard,logos::compiler::BorrowChecker::take_ref_borrows,if (v.scrut() && type_may_carry_borrow(v.scrut().type(pool)))
41,8386,34,8386,77,if guard,logos::compiler::BorrowChecker::take_ref_borrows,if (v.scrut() && type_may_carry_borrow(v.scrut().type(pool)))
21,8387,21,8387,57,statement,logos::compiler::BorrowChecker::take_ref_borrows,"bc_hop_roots(v.scrut(), scrut_roots);"
41,8389,72,8389,83,if guard,logos::compiler::BorrowChecker::take_ref_borrows,"if (auto st = retain_temp_scrut_loan(v.scrut(), line); !st.empty())"
11,8390,21,8390,57,statement,logos::compiler::BorrowChecker::take_ref_borrows,scrut_roots.push_back(std::move(st));
80,8432,50,8443,18,call / statement,logos::compiler::BorrowChecker::take_ref_borrows,v.each_arm([&](EMatchArmRef arm) {
80,8434,30,8434,31,if guard,logos::compiler::BorrowChecker::take_ref_borrows,if (auto g = arm.guard())
0,8435,25,8435,77,if guard,logos::compiler::BorrowChecker::take_ref_borrows,"if (!record_only) visit(g, /*consuming=*/true, line);  // #70"
0,8435,29,8435,41,if guard,logos::compiler::BorrowChecker::take_ref_borrows,"if (!record_only) visit(g, /*consuming=*/true, line);  // #70"
0,8435,43,8435,77,if guard,logos::compiler::BorrowChecker::take_ref_borrows,"if (!record_only) visit(g, /*consuming=*/true, line);  // #70"
80,8441,25,8441,38,if guard,logos::compiler::BorrowChecker::take_ref_borrows,if (!merged_arm_s) merged_arm_s = states_;
41,8441,40,8441,62,if guard,logos::compiler::BorrowChecker::take_ref_borrows,if (!merged_arm_s) merged_arm_s = states_;
39,8442,26,8442,61,else branch,logos::compiler::BorrowChecker::take_ref_borrows,"else merge_loans(*merged_arm_s, states_);"
41,8444,21,8444,33,if guard,logos::compiler::BorrowChecker::take_ref_borrows,if (merged_arm_s) states_ = std::move(*merged_arm_s);
41,8444,35,8444,69,if guard,logos::compiler::BorrowChecker::take_ref_borrows,if (merged_arm_s) states_ = std::move(*merged_arm_s);
12634,8447,13,8459,22,switch arm,logos::compiler::BorrowChecker::take_ref_borrows,case Code::BlockExpr: {
12634,8457,26,8457,28,if guard,logos::compiler::BorrowChecker::take_ref_borrows,"if (auto br = v.block()) visit_block(br, v.result(), holder);"
12634,8457,42,8457,77,if guard,logos::compiler::BorrowChecker::take_ref_borrows,"if (auto br = v.block()) visit_block(br, v.result(), holder);"
415,8470,13,8649,22,switch arm,logos::compiler::BorrowChecker::take_ref_borrows,case Code::ClosureBox: {
294,8526,66,8528,34,statement,logos::compiler::BorrowChecker::take_ref_borrows,"[&](std::string_view, TypeRef t) {"
294,8530,64,8641,18,call / statement,logos::compiler::BorrowChecker::take_ref_borrows,cb.each_capture_name([&](std::string_view cap) {
294,8531,25,8531,37,if guard,logos::compiler::BorrowChecker::take_ref_borrows,if (cb.is_move()) {
35,8531,39,8548,22,if guard,logos::compiler::BorrowChecker::take_ref_borrows,if (cb.is_move()) {
35,8545,29,8545,56,if guard,logos::compiler::BorrowChecker::take_ref_borrows,"if (logos::probe::on(""capmove""))"
0,8546,29,8546,60,statement,logos::compiler::BorrowChecker::take_ref_borrows,"consume(std::string(cap), line);"
259,8549,21,8641,18,statement,logos::compiler::BorrowChecker::take_ref_borrows,std::string root(cap);
259,8552,25,8552,55,if guard,logos::compiler::BorrowChecker::take_ref_borrows,if (fpath.size() > root.size() + 1 &&
259,8552,25,8553,65,if guard,logos::compiler::BorrowChecker::take_ref_borrows,if (fpath.size() > root.size() + 1 &&
259,8552,25,8554,50,if guard,logos::compiler::BorrowChecker::take_ref_borrows,if (fpath.size() > root.size() + 1 &&
32,8553,25,8553,65,statement,logos::compiler::BorrowChecker::take_ref_borrows,"fpath.compare(0, root.size(), root) == 0 &&"
32,8554,25,8554,50,call / statement,logos::compiler::BorrowChecker::take_ref_borrows,fpath[root.size()] == '.')
32,8555,25,8555,73,statement,logos::compiler::BorrowChecker::take_ref_borrows,rel = std::string(fpath.substr(root.size() + 1));
259,8567,25,8567,51,if guard,logos::compiler::BorrowChecker::take_ref_borrows,"if (logos::probe::on(""capmut"")) is_mut = true;"
0,8567,53,8567,66,if guard,logos::compiler::BorrowChecker::take_ref_borrows,"if (logos::probe::on(""capmut"")) is_mut = true;"
259,8568,25,8568,61,if guard,logos::compiler::BorrowChecker::take_ref_borrows,"if (std::getenv(""LOGOS_DUMP_BC_CAPTURE""))"
0,8569,25,8574,44,statement,logos::compiler::BorrowChecker::take_ref_borrows,"std::fprintf(stderr,"
0,8569,38,8569,38,statement,logos::compiler::BorrowChecker::take_ref_borrows,"std::fprintf(stderr,"
259,8580,41,8580,52,statement,logos::compiler::BorrowChecker::take_ref_borrows,bool shared_whole = rel.empty() && !is_mut;
227,8580,56,8580,63,statement,logos::compiler::BorrowChecker::take_ref_borrows,bool shared_whole = rel.empty() && !is_mut;
259,8592,25,8592,54,if guard,logos::compiler::BorrowChecker::take_ref_borrows,"if (logos::probe::on(""capshared"") && shared_whole)"
259,8592,25,8592,70,if guard,logos::compiler::BorrowChecker::take_ref_borrows,"if (logos::probe::on(""capshared"") && shared_whole)"
0,8592,58,8592,70,if guard,logos::compiler::BorrowChecker::take_ref_borrows,"if (logos::probe::on(""capshared"") && shared_whole)"
0,8593,25,8593,45,statement,logos::compiler::BorrowChecker::take_ref_borrows,shared_whole = false;   // fall to record_borrow
259,8594,25,8594,37,if guard,logos::compiler::BorrowChecker::take_ref_borrows,if (shared_whole) {
177,8594,39,8596,22,if guard,logos::compiler::BorrowChecker::take_ref_borrows,if (shared_whole) {
82,8596,28,8626,22,else branch,logos::compiler::BorrowChecker::take_ref_borrows,} else {
82,8608,41,8608,61,statement,logos::compiler::BorrowChecker::take_ref_borrows,cbp.root_type = i < cap_types.size() ? cap_types[i]
82,8608,64,8608,76,statement,logos::compiler::BorrowChecker::take_ref_borrows,cbp.root_type = i < cap_types.size() ? cap_types[i]
0,8609,64,8609,80,statement,logos::compiler::BorrowChecker::take_ref_borrows,: TypeRef(nullptr);
82,8623,39,8623,67,call / statement,logos::compiler::BorrowChecker::take_ref_borrows,"logos::probe::on(""capscope"")"
0,8624,45,8624,58,statement,logos::compiler::BorrowChecker::take_ref_borrows,? std::string() : holder);
82,8624,61,8624,67,statement,logos::compiler::BorrowChecker::take_ref_borrows,? std::string() : holder);
82,8625,29,8625,41,if guard,logos::compiler::BorrowChecker::take_ref_borrows,"if (!rel.empty()) check_live(root, line);"
32,8625,43,8625,65,if guard,logos::compiler::BorrowChecker::take_ref_borrows,"if (!rel.empty()) check_live(root, line);"
259,8639,25,8639,40,if guard,logos::compiler::BorrowChecker::take_ref_borrows,"if (!holder.empty()) inherit_loans(root, holder, line);"
259,8639,42,8639,75,if guard,logos::compiler::BorrowChecker::take_ref_borrows,"if (!holder.empty()) inherit_loans(root, holder, line);"
13687,8660,13,8664,22,switch arm,logos::compiler::BorrowChecker::take_ref_borrows,case Code::StructLit: {
42823,8661,68,8663,18,call / statement,logos::compiler::BorrowChecker::take_ref_borrows,EStructLitView{e}.each_field_value([&](ExprRef fv) {
7478,8666,13,8670,22,switch arm,logos::compiler::BorrowChecker::take_ref_borrows,case Code::TupleLit: {
13721,8667,60,8669,18,call / statement,logos::compiler::BorrowChecker::take_ref_borrows,ETupleLitView{e}.each_elem([&](ExprRef el) {
7677,8672,13,8676,22,switch arm,logos::compiler::BorrowChecker::take_ref_borrows,case Code::ArrLit: {
45836,8673,58,8675,18,call / statement,logos::compiler::BorrowChecker::take_ref_borrows,EArrLitView{e}.each_elem([&](ExprRef el) {
1003842,8686,13,8690,22,switch arm,logos::compiler::BorrowChecker::take_ref_borrows,case Code::EnumLitData: {
1003929,8687,66,8689,18,call / statement,logos::compiler::BorrowChecker::take_ref_borrows,EEnumLitDataView{e}.each_payload([&](ExprRef pl) {
4328320,8692,13,8695,22,switch arm,logos::compiler::BorrowChecker::take_ref_borrows,default:
4328320,8694,21,8694,33,if guard,logos::compiler::BorrowChecker::take_ref_borrows,"if (!record_only) visit(e, /*consuming=*/true, line);"
4321726,8694,35,8694,69,if guard,logos::compiler::BorrowChecker::take_ref_borrows,"if (!record_only) visit(e, /*consuming=*/true, line);"
426820,8713,72,8719,6,call / statement,logos::compiler::BorrowChecker::prescan_note,"void prescan_note(const std::string& place, lir_view::ExprRef val) {"
391934,8717,13,8718,48,if guard,logos::compiler::BorrowChecker::prescan_note,if (!is_materialized_temp_name(ref_place_root(p)))
391934,8717,17,8717,62,if guard,logos::compiler::BorrowChecker::prescan_note,if (!is_materialized_temp_name(ref_place_root(p)))
391932,8718,17,8718,48,statement,logos::compiler::BorrowChecker::prescan_note,"reborrow_prescan_.add(place, p);"
2051650,8724,82,8728,6,call / statement,logos::compiler::BorrowChecker::prescan_reborrow_place,"void prescan_reborrow_place(const std::string& place, lir_view::ExprRef val) {"
2051650,8725,13,8725,26,if guard,logos::compiler::BorrowChecker::prescan_reborrow_place,if (place.empty() || !val) return;
2051650,8725,13,8725,34,if guard,logos::compiler::BorrowChecker::prescan_reborrow_place,if (place.empty() || !val) return;
2051650,8725,30,8725,34,if guard,logos::compiler::BorrowChecker::prescan_reborrow_place,if (place.empty() || !val) return;
0,8725,36,8725,42,if guard,logos::compiler::BorrowChecker::prescan_reborrow_place,if (place.empty() || !val) return;
2051650,8726,9,8728,6,if guard,logos::compiler::BorrowChecker::prescan_reborrow_place,if (!is_reborrow_ref_kind(val.type(prog_.type_pool.impl()))) return;
2051650,8726,13,8726,68,if guard,logos::compiler::BorrowChecker::prescan_reborrow_place,if (!is_reborrow_ref_kind(val.type(prog_.type_pool.impl()))) return;
1799432,8726,70,8726,76,if guard,logos::compiler::BorrowChecker::prescan_reborrow_place,if (!is_reborrow_ref_kind(val.type(prog_.type_pool.impl()))) return;
252218,8727,9,8728,6,statement,logos::compiler::BorrowChecker::prescan_reborrow_place,"prescan_note(place, val);"
8504545,8729,86,8738,6,call / statement,logos::compiler::BorrowChecker::prescan_reborrow,"void prescan_reborrow(const std::string& name, TypeRef t, lir_view::ExprRef val) {"
8504545,8730,13,8730,25,if guard,logos::compiler::BorrowChecker::prescan_reborrow,if (name.empty() || !val) return;
8504545,8730,13,8730,33,if guard,logos::compiler::BorrowChecker::prescan_reborrow,if (name.empty() || !val) return;
8504541,8730,29,8730,33,if guard,logos::compiler::BorrowChecker::prescan_reborrow,if (name.empty() || !val) return;
234,8730,35,8730,41,if guard,logos::compiler::BorrowChecker::prescan_reborrow,if (name.empty() || !val) return;
8504311,8731,9,8738,6,statement,logos::compiler::BorrowChecker::prescan_reborrow,TypeRef vt = val.type(prog_.type_pool.impl());
8504311,8732,13,8732,36,if guard,logos::compiler::BorrowChecker::prescan_reborrow,if (is_reborrow_ref_kind(t) || is_reborrow_ref_kind(vt))     // R7a rule 2
8504311,8732,13,8732,64,if guard,logos::compiler::BorrowChecker::prescan_reborrow,if (is_reborrow_ref_kind(t) || is_reborrow_ref_kind(vt))     // R7a rule 2
8336885,8732,40,8732,64,if guard,logos::compiler::BorrowChecker::prescan_reborrow,if (is_reborrow_ref_kind(t) || is_reborrow_ref_kind(vt))     // R7a rule 2
174602,8733,13,8733,36,statement,logos::compiler::BorrowChecker::prescan_reborrow,"prescan_note(name, val);"
2051650,8735,64,8737,14,statement,logos::compiler::BorrowChecker::prescan_reborrow,"[&](const std::string& place, lir_view::ExprRef v) {"
63012077,8743,72,8761,6,call / statement,logos::compiler::BorrowChecker::note_reborrow_alias_uses,"void note_reborrow_alias_uses(const std::string& n, uint64_t line) {"
63012077,8744,13,8744,22,if guard,logos::compiler::BorrowChecker::note_reborrow_alias_uses,if (n.empty() || reborrow_prescan_.empty()) return;
63012077,8744,13,8744,51,if guard,logos::compiler::BorrowChecker::note_reborrow_alias_uses,if (n.empty() || reborrow_prescan_.empty()) return;
63012077,8744,26,8744,51,if guard,logos::compiler::BorrowChecker::note_reborrow_alias_uses,if (n.empty() || reborrow_prescan_.empty()) return;
61116582,8744,53,8744,59,if guard,logos::compiler::BorrowChecker::note_reborrow_alias_uses,if (n.empty() || reborrow_prescan_.empty()) return;
1895495,8747,9,8761,6,call / statement,logos::compiler::BorrowChecker::note_reborrow_alias_uses,auto chase = [&](const std::string& start) {
2146662,8747,52,8751,10,call / statement,logos::compiler::BorrowChecker::note_reborrow_alias_uses,auto chase = [&](const std::string& start) {
2306511,8748,74,8750,14,call / statement,logos::compiler::BorrowChecker::note_reborrow_alias_uses,"reborrow_prescan_.each_root(start, [&](const std::string& m) {"
2306511,8749,21,8749,31,if guard,logos::compiler::BorrowChecker::note_reborrow_alias_uses,"if (m != start) note_use(ref_place_root(m), line);"
159849,8749,33,8749,66,if guard,logos::compiler::BorrowChecker::note_reborrow_alias_uses,"if (m != start) note_use(ref_place_root(m), line);"
2555265,8755,13,8760,18,if guard,logos::compiler::BorrowChecker::note_reborrow_alias_uses,if (kv.first.size() > pfx.size() &&
2555265,8755,17,8755,45,if guard,logos::compiler::BorrowChecker::note_reborrow_alias_uses,if (kv.first.size() > pfx.size() &&
2555265,8755,17,8756,58,if guard,logos::compiler::BorrowChecker::note_reborrow_alias_uses,if (kv.first.size() > pfx.size() &&
1658681,8756,17,8756,58,call / statement,logos::compiler::BorrowChecker::note_reborrow_alias_uses,"kv.first.compare(0, pfx.size(), pfx) == 0)"
250973,8757,17,8760,18,loop body,logos::compiler::BorrowChecker::note_reborrow_alias_uses,for (auto& r : kv.second) {
251167,8757,43,8760,18,loop body,logos::compiler::BorrowChecker::note_reborrow_alias_uses,for (auto& r : kv.second) {
8504545,8778,83,8800,6,call / statement,logos::compiler::BorrowChecker::prescan_fnptr,"void prescan_fnptr(const std::string& name, TypeRef t, lir_view::ExprRef val) {"
8504545,8780,13,8780,25,if guard,logos::compiler::BorrowChecker::prescan_fnptr,if (name.empty() || !val) return;
8504545,8780,13,8780,33,if guard,logos::compiler::BorrowChecker::prescan_fnptr,if (name.empty() || !val) return;
8504541,8780,29,8780,33,if guard,logos::compiler::BorrowChecker::prescan_fnptr,if (name.empty() || !val) return;
234,8780,35,8780,41,if guard,logos::compiler::BorrowChecker::prescan_fnptr,if (name.empty() || !val) return;
8504311,8781,9,8800,6,statement,logos::compiler::BorrowChecker::prescan_fnptr,TypeRef vt = val.type(prog_.type_pool.impl());
17007098,8789,39,8792,10,call / statement,logos::compiler::BorrowChecker::prescan_fnptr,auto is_fnish = [](TypeRef k) {
17007098,8790,20,8790,21,early return,logos::compiler::BorrowChecker::prescan_fnptr,return k && (k.kind() == LogosType::Kind::FnPtr ||
15860125,8790,25,8791,62,early return,logos::compiler::BorrowChecker::prescan_fnptr,return k && (k.kind() == LogosType::Kind::FnPtr ||
15860125,8790,26,8790,60,early return,logos::compiler::BorrowChecker::prescan_fnptr,return k && (k.kind() == LogosType::Kind::FnPtr ||
15858757,8791,26,8791,61,statement,logos::compiler::BorrowChecker::prescan_fnptr,k.kind() == LogosType::Kind::FnItem);
8504311,8793,13,8793,25,if guard,logos::compiler::BorrowChecker::prescan_fnptr,if (!is_fnish(t) && !is_fnish(vt)) return;
8504311,8793,13,8793,42,if guard,logos::compiler::BorrowChecker::prescan_fnptr,if (!is_fnish(t) && !is_fnish(vt)) return;
8502787,8793,29,8793,42,if guard,logos::compiler::BorrowChecker::prescan_fnptr,if (!is_fnish(t) && !is_fnish(vt)) return;
8502779,8793,44,8793,50,if guard,logos::compiler::BorrowChecker::prescan_fnptr,if (!is_fnish(t) && !is_fnish(vt)) return;
1532,8794,9,8800,6,statement,logos::compiler::BorrowChecker::prescan_fnptr,std::string sym;
1532,8795,13,8795,39,if guard,logos::compiler::BorrowChecker::prescan_fnptr,if (val.kind() == Code::VarRef) sym = std::string(lir_view::EVarRefView{val}.name());
426,8795,41,8795,93,if guard,logos::compiler::BorrowChecker::prescan_fnptr,if (val.kind() == Code::VarRef) sym = std::string(lir_view::EVarRefView{val}.name());
1532,8796,13,8796,24,if guard,logos::compiler::BorrowChecker::prescan_fnptr,if (sym.empty()) { fnptr_multi_.insert(name); return; }   // unresolvable value
1106,8796,26,8796,64,if guard,logos::compiler::BorrowChecker::prescan_fnptr,if (sym.empty()) { fnptr_multi_.insert(name); return; }   // unresolvable value
426,8797,9,8800,6,statement,logos::compiler::BorrowChecker::prescan_fnptr,auto it = fnptr_sym_.find(name);
426,8798,13,8798,35,if guard,logos::compiler::BorrowChecker::prescan_fnptr,if (it == fnptr_sym_.end()) fnptr_sym_[name] = std::move(sym);
209,8798,37,8798,70,if guard,logos::compiler::BorrowChecker::prescan_fnptr,if (it == fnptr_sym_.end()) fnptr_sym_[name] = std::move(sym);
217,8799,14,8799,62,else-if guard,logos::compiler::BorrowChecker::prescan_fnptr,else if (it->second != sym) fnptr_multi_.insert(name);    // two callees
217,8799,18,8799,35,else-if guard,logos::compiler::BorrowChecker::prescan_fnptr,else if (it->second != sym) fnptr_multi_.insert(name);    // two callees
8,8799,37,8799,62,else-if guard,logos::compiler::BorrowChecker::prescan_fnptr,else if (it->second != sym) fnptr_multi_.insert(name);    // two callees
3067136,8803,70,8811,6,statement,logos::compiler::BorrowChecker::flow_of_fnptr,const FlowSummary* flow_of_fnptr(lir_view::ExprRef callee) const {
3067136,8805,13,8805,20,if guard,logos::compiler::BorrowChecker::flow_of_fnptr,if (!callee || callee.kind() != Code::VarRef) return nullptr;
3067136,8805,13,8805,53,if guard,logos::compiler::BorrowChecker::flow_of_fnptr,if (!callee || callee.kind() != Code::VarRef) return nullptr;
3067136,8805,24,8805,53,if guard,logos::compiler::BorrowChecker::flow_of_fnptr,if (!callee || callee.kind() != Code::VarRef) return nullptr;
53,8805,55,8805,69,if guard,logos::compiler::BorrowChecker::flow_of_fnptr,if (!callee || callee.kind() != Code::VarRef) return nullptr;
3067083,8806,9,8811,6,statement,logos::compiler::BorrowChecker::flow_of_fnptr,std::string n(lir_view::EVarRefView{callee}.name());
3067083,8807,13,8807,34,if guard,logos::compiler::BorrowChecker::flow_of_fnptr,if (fnptr_multi_.count(n)) return nullptr;
793,8807,36,8807,50,if guard,logos::compiler::BorrowChecker::flow_of_fnptr,if (fnptr_multi_.count(n)) return nullptr;
3066290,8808,9,8811,6,statement,logos::compiler::BorrowChecker::flow_of_fnptr,auto it = fnptr_sym_.find(n);
3066290,8809,13,8809,35,if guard,logos::compiler::BorrowChecker::flow_of_fnptr,if (it == fnptr_sym_.end()) return nullptr;
3066064,8809,37,8809,51,if guard,logos::compiler::BorrowChecker::flow_of_fnptr,if (it == fnptr_sym_.end()) return nullptr;
226,8810,9,8810,40,early return,logos::compiler::BorrowChecker::flow_of_fnptr,return flow_of_call(it->second);
1514280,8812,52,8814,6,call / statement,logos::compiler::BorrowChecker::note_use,"void note_use(std::string name, uint64_t line) {"
63423859,8817,72,8828,6,call / statement,logos::compiler::BorrowChecker::note_use_slot,"void note_use_slot(uint32_t slot, std::string name, uint64_t line) {"
63423859,8818,13,8818,25,if guard,logos::compiler::BorrowChecker::note_use_slot,if (name.empty()) return;
0,8818,27,8818,33,if guard,logos::compiler::BorrowChecker::note_use_slot,if (name.empty()) return;
63423859,8819,9,8828,6,statement,logos::compiler::BorrowChecker::note_use_slot,auto& any = last_use_line_[name];
63423859,8820,13,8820,23,if guard,logos::compiler::BorrowChecker::note_use_slot,if (line > any) any = line;
31612733,8820,25,8820,35,if guard,logos::compiler::BorrowChecker::note_use_slot,if (line > any) any = line;
63423859,8821,13,8821,28,if guard,logos::compiler::BorrowChecker::note_use_slot,if (slot == NO_SLOT) {
13782956,8821,30,8824,10,if guard,logos::compiler::BorrowChecker::note_use_slot,if (slot == NO_SLOT) {
13782956,8823,17,8823,25,if guard,logos::compiler::BorrowChecker::note_use_slot,if (line > u) u = line;
6880210,8823,27,8823,35,if guard,logos::compiler::BorrowChecker::note_use_slot,if (line > u) u = line;
49640903,8824,16,8827,10,else branch,logos::compiler::BorrowChecker::note_use_slot,} else {
49640903,8826,17,8826,25,if guard,logos::compiler::BorrowChecker::note_use_slot,if (line > s) s = line;
24746560,8826,27,8826,35,if guard,logos::compiler::BorrowChecker::note_use_slot,if (line > s) s = line;
115304796,8830,61,8976,6,call / statement,logos::compiler::BorrowChecker::scan_uses_expr,"void scan_uses_expr(lir_view::ExprRef e, uint64_t line) {"
115304796,8831,13,8831,15,if guard,logos::compiler::BorrowChecker::scan_uses_expr,if (!e) return;
13770,8831,17,8831,23,if guard,logos::compiler::BorrowChecker::scan_uses_expr,if (!e) return;
115291026,8832,9,8976,6,statement,logos::compiler::BorrowChecker::scan_uses_expr,using namespace lir_view;
61909579,8835,13,8839,22,switch arm,logos::compiler::BorrowChecker::scan_uses_expr,case Code::VarRef:
1102498,8840,13,8843,22,switch arm,logos::compiler::BorrowChecker::scan_uses_expr,case Code::AddrOf:
2661105,8844,13,8846,22,switch arm,logos::compiler::BorrowChecker::scan_uses_expr,case Code::AddrOfTemp:
368834,8847,13,8849,22,switch arm,logos::compiler::BorrowChecker::scan_uses_expr,case Code::Unary:
2463207,8850,13,8852,22,switch arm,logos::compiler::BorrowChecker::scan_uses_expr,case Code::Deref:
261140,8853,13,8855,22,switch arm,logos::compiler::BorrowChecker::scan_uses_expr,case Code::Cast:
0,8856,13,8858,22,switch arm,logos::compiler::BorrowChecker::scan_uses_expr,case Code::Try:
277518,8859,13,8861,22,switch arm,logos::compiler::BorrowChecker::scan_uses_expr,case Code::FieldRead:
16374,8862,13,8864,22,switch arm,logos::compiler::BorrowChecker::scan_uses_expr,case Code::TupleIndex:
11809,8865,13,8867,22,switch arm,logos::compiler::BorrowChecker::scan_uses_expr,case Code::SliceLen:
4218,8868,13,8870,22,switch arm,logos::compiler::BorrowChecker::scan_uses_expr,case Code::SlicePtr:
360122,8871,13,8875,22,switch arm,logos::compiler::BorrowChecker::scan_uses_expr,case Code::BinOp: {
35231,8877,13,8881,22,switch arm,logos::compiler::BorrowChecker::scan_uses_expr,case Code::IndexRead: {
3414,8883,13,8887,22,switch arm,logos::compiler::BorrowChecker::scan_uses_expr,case Code::SliceLit: {
9446,8889,13,8893,22,switch arm,logos::compiler::BorrowChecker::scan_uses_expr,case Code::SliceIndex: {
13074,8895,13,8900,22,switch arm,logos::compiler::BorrowChecker::scan_uses_expr,case Code::IfExpr: {
9862,8902,13,8909,22,switch arm,logos::compiler::BorrowChecker::scan_uses_expr,case Code::MatchExpr: {
19880,8905,50,8908,18,call / statement,logos::compiler::BorrowChecker::scan_uses_expr,v.each_arm([&](EMatchArmRef arm) {
19880,8906,30,8906,31,if guard,logos::compiler::BorrowChecker::scan_uses_expr,"if (auto g = arm.guard()) scan_uses_expr(g, line);"
212,8906,47,8906,70,if guard,logos::compiler::BorrowChecker::scan_uses_expr,"if (auto g = arm.guard()) scan_uses_expr(g, line);"
121344,8911,13,8915,22,switch arm,logos::compiler::BorrowChecker::scan_uses_expr,case Code::BlockExpr: {
121344,8913,26,8913,28,if guard,logos::compiler::BorrowChecker::scan_uses_expr,if (auto br = v.block()) scan_uses_block(br);
121344,8913,42,8913,61,if guard,logos::compiler::BorrowChecker::scan_uses_expr,if (auto br = v.block()) scan_uses_block(br);
121344,8914,26,8914,27,if guard,logos::compiler::BorrowChecker::scan_uses_expr,"if (auto r = v.result()) scan_uses_expr(r, line);"
116033,8914,42,8914,65,if guard,logos::compiler::BorrowChecker::scan_uses_expr,"if (auto r = v.result()) scan_uses_expr(r, line);"
7432116,8917,13,8919,22,switch arm,logos::compiler::BorrowChecker::scan_uses_expr,case Code::Call:
10465716,8918,53,8918,81,statement,logos::compiler::BorrowChecker::scan_uses_expr,"ECallView{e}.each_arg([&](ExprRef a){ scan_uses_expr(a, line); });"
641496,8920,13,8924,22,switch arm,logos::compiler::BorrowChecker::scan_uses_expr,case Code::MethodCall: {
544785,8923,42,8923,70,statement,logos::compiler::BorrowChecker::scan_uses_expr,"v.each_arg([&](ExprRef a){ scan_uses_expr(a, line); });"
3078,8926,13,8930,22,switch arm,logos::compiler::BorrowChecker::scan_uses_expr,case Code::ClosureCall: {
2919,8929,42,8929,70,statement,logos::compiler::BorrowChecker::scan_uses_expr,"v.each_arg([&](ExprRef a){ scan_uses_expr(a, line); });"
5592521,8932,13,8936,22,switch arm,logos::compiler::BorrowChecker::scan_uses_expr,case Code::FnPtrCall: {
3631057,8935,42,8935,70,statement,logos::compiler::BorrowChecker::scan_uses_expr,"v.each_arg([&](ExprRef a){ scan_uses_expr(a, line); });"
0,8938,13,8942,22,switch arm,logos::compiler::BorrowChecker::scan_uses_expr,case Code::FormatCall: {
0,8941,42,8941,70,statement,logos::compiler::BorrowChecker::scan_uses_expr,"v.each_arg([&](ExprRef a){ scan_uses_expr(a, line); });"
2225876,8944,13,8946,22,switch arm,logos::compiler::BorrowChecker::scan_uses_expr,case Code::StructLit:
2469752,8945,67,8945,96,statement,logos::compiler::BorrowChecker::scan_uses_expr,"EStructLitView{e}.each_field_value([&](ExprRef fv){ scan_uses_expr(fv, line); });"
15257,8947,13,8949,22,switch arm,logos::compiler::BorrowChecker::scan_uses_expr,case Code::ArrLit:
113388,8948,57,8948,86,statement,logos::compiler::BorrowChecker::scan_uses_expr,"EArrLitView{e}.each_elem([&](ExprRef el){ scan_uses_expr(el, line); });"
17789,8950,13,8952,22,switch arm,logos::compiler::BorrowChecker::scan_uses_expr,case Code::TupleLit:
12180,8951,59,8951,88,statement,logos::compiler::BorrowChecker::scan_uses_expr,"ETupleLitView{e}.each_elem([&](ExprRef el){ scan_uses_expr(el, line); });"
9142523,8953,13,8955,22,switch arm,logos::compiler::BorrowChecker::scan_uses_expr,case Code::EnumLitData:
7606403,8954,65,8954,94,statement,logos::compiler::BorrowChecker::scan_uses_expr,"EEnumLitDataView{e}.each_payload([&](ExprRef pl){ scan_uses_expr(pl, line); });"
1330,8956,13,8960,22,switch arm,logos::compiler::BorrowChecker::scan_uses_expr,case Code::ClosureBox:
766,8957,79,8959,18,call / statement,logos::compiler::BorrowChecker::scan_uses_expr,EClosureBoxView{e}.each_capture_name([&](std::string_view cap){
2118,8961,13,8965,22,switch arm,logos::compiler::BorrowChecker::scan_uses_expr,case Code::PtrArith: {
18,8967,13,8971,22,switch arm,logos::compiler::BorrowChecker::scan_uses_expr,case Code::PtrDiff: {
20588129,8973,13,8974,22,switch arm,logos::compiler::BorrowChecker::scan_uses_expr,default:
86040831,8978,47,9109,6,call / statement,logos::compiler::BorrowChecker::scan_uses_stmt,void scan_uses_stmt(lir_view::StmtRef sr) {
86040831,8981,13,8981,16,if guard,logos::compiler::BorrowChecker::scan_uses_stmt,if (!sr) return;
0,8981,18,8981,24,if guard,logos::compiler::BorrowChecker::scan_uses_stmt,if (!sr) return;
86040831,8982,9,9109,6,statement,logos::compiler::BorrowChecker::scan_uses_stmt,"uint64_t ln = stmt_point(sr);   // #75: (line, ordinal), not the line"
7357640,8984,13,9107,22,switch arm,logos::compiler::BorrowChecker::scan_uses_stmt,case Code::Let: {
7357640,8986,21,8986,76,if guard,logos::compiler::BorrowChecker::scan_uses_stmt,"if (is_cond_move_field_drop_temp(sr, lv.name(), lv.value())) break;  // #121"
68,8986,78,8986,83,if guard,logos::compiler::BorrowChecker::scan_uses_stmt,"if (is_cond_move_field_drop_temp(sr, lv.name(), lv.value())) break;  // #121"
7357572,8987,17,8992,22,statement,logos::compiler::BorrowChecker::scan_uses_stmt,"prescan_reborrow(std::string(lv.name()), lv.type(prog_.type_pool.impl()),"
1146973,8994,13,9001,22,switch arm,logos::compiler::BorrowChecker::scan_uses_stmt,case Code::Assign: {
40975958,9003,13,9005,22,switch arm,logos::compiler::BorrowChecker::scan_uses_stmt,case Code::Return:
4319620,9006,13,9008,22,switch arm,logos::compiler::BorrowChecker::scan_uses_stmt,case Code::ExprStmt:
0,9009,13,9016,22,switch arm,logos::compiler::BorrowChecker::scan_uses_stmt,case Code::FieldWrite: {
0,9012,21,9012,55,if guard,logos::compiler::BorrowChecker::scan_uses_stmt,if (!std::string(v.receiver()).empty() && !std::string(v.field()).empty())
0,9012,21,9012,90,if guard,logos::compiler::BorrowChecker::scan_uses_stmt,if (!std::string(v.receiver()).empty() && !std::string(v.field()).empty())
0,9012,59,9012,90,if guard,logos::compiler::BorrowChecker::scan_uses_stmt,if (!std::string(v.receiver()).empty() && !std::string(v.field()).empty())
0,9013,21,9014,78,statement,logos::compiler::BorrowChecker::scan_uses_stmt,"prescan_reborrow_place(std::string(v.receiver()) + ""."" +"
0,9018,13,9023,22,switch arm,logos::compiler::BorrowChecker::scan_uses_stmt,case Code::IndexWrite: {
0,9025,13,9030,22,switch arm,logos::compiler::BorrowChecker::scan_uses_stmt,case Code::FieldIndexWrite: {
0,9032,13,9036,22,switch arm,logos::compiler::BorrowChecker::scan_uses_stmt,case Code::ChainFieldWrite: {
0,9038,13,9042,22,switch arm,logos::compiler::BorrowChecker::scan_uses_stmt,case Code::DerefFieldWrite: {
40876,9044,13,9048,22,switch arm,logos::compiler::BorrowChecker::scan_uses_stmt,case Code::DerefWrite: {
0,9050,13,9054,22,switch arm,logos::compiler::BorrowChecker::scan_uses_stmt,case Code::TupleWrite: {
2111290,9056,13,9061,22,switch arm,logos::compiler::BorrowChecker::scan_uses_stmt,case Code::If: {
2111290,9059,26,9059,27,if guard,logos::compiler::BorrowChecker::scan_uses_stmt,if (auto b = v.then_block()) scan_uses_block(b);
2111290,9059,46,9059,64,if guard,logos::compiler::BorrowChecker::scan_uses_stmt,if (auto b = v.then_block()) scan_uses_block(b);
2111290,9060,26,9060,27,if guard,logos::compiler::BorrowChecker::scan_uses_stmt,if (auto b = v.else_block()) scan_uses_block(b);
13112,9060,46,9060,64,if guard,logos::compiler::BorrowChecker::scan_uses_stmt,if (auto b = v.else_block()) scan_uses_block(b);
43031,9063,13,9067,22,switch arm,logos::compiler::BorrowChecker::scan_uses_stmt,case Code::While: {
43031,9066,26,9066,27,if guard,logos::compiler::BorrowChecker::scan_uses_stmt,if (auto b = v.body()) scan_uses_block(b);
43031,9066,40,9066,58,if guard,logos::compiler::BorrowChecker::scan_uses_stmt,if (auto b = v.body()) scan_uses_block(b);
725,9069,13,9074,22,switch arm,logos::compiler::BorrowChecker::scan_uses_stmt,case Code::For: {
725,9073,26,9073,27,if guard,logos::compiler::BorrowChecker::scan_uses_stmt,if (auto b = v.body()) scan_uses_block(b);
725,9073,40,9073,58,if guard,logos::compiler::BorrowChecker::scan_uses_stmt,if (auto b = v.body()) scan_uses_block(b);
46497,9076,13,9078,22,switch arm,logos::compiler::BorrowChecker::scan_uses_stmt,case Code::Loop:
46497,9077,26,9077,27,if guard,logos::compiler::BorrowChecker::scan_uses_stmt,if (auto b = SLoopView{sr}.body()) scan_uses_block(b);
46497,9077,52,9077,70,if guard,logos::compiler::BorrowChecker::scan_uses_stmt,if (auto b = SLoopView{sr}.body()) scan_uses_block(b);
123499,9079,13,9081,22,switch arm,logos::compiler::BorrowChecker::scan_uses_stmt,case Code::Block:
123499,9080,26,9080,27,if guard,logos::compiler::BorrowChecker::scan_uses_stmt,if (auto b = SBlockView{sr}.body()) scan_uses_block(b);
123499,9080,53,9080,71,if guard,logos::compiler::BorrowChecker::scan_uses_stmt,if (auto b = SBlockView{sr}.body()) scan_uses_block(b);
205,9082,13,9086,22,switch arm,logos::compiler::BorrowChecker::scan_uses_stmt,case Code::ForEach: {
205,9085,26,9085,27,if guard,logos::compiler::BorrowChecker::scan_uses_stmt,if (auto b = v.body()) scan_uses_block(b);
205,9085,40,9085,58,if guard,logos::compiler::BorrowChecker::scan_uses_stmt,if (auto b = v.body()) scan_uses_block(b);
21108405,9088,13,9095,22,switch arm,logos::compiler::BorrowChecker::scan_uses_stmt,case Code::Match: {
42217720,9091,50,9094,18,call / statement,logos::compiler::BorrowChecker::scan_uses_stmt,v.each_arm([&](EMatchArmRef arm) {
42217720,9092,30,9092,31,if guard,logos::compiler::BorrowChecker::scan_uses_stmt,"if (auto g = arm.guard()) scan_uses_expr(g, ln);"
516,9092,47,9092,68,if guard,logos::compiler::BorrowChecker::scan_uses_stmt,"if (auto g = arm.guard()) scan_uses_expr(g, ln);"
42217720,9093,30,9093,31,if guard,logos::compiler::BorrowChecker::scan_uses_stmt,if (auto b = arm.body()) scan_uses_block(b);
42217720,9093,46,9093,64,if guard,logos::compiler::BorrowChecker::scan_uses_stmt,if (auto b = arm.body()) scan_uses_block(b);
159,9097,13,9101,22,switch arm,logos::compiler::BorrowChecker::scan_uses_stmt,case Code::LetElse: {
159,9100,26,9100,27,if guard,logos::compiler::BorrowChecker::scan_uses_stmt,if (auto b = v.else_block()) scan_uses_block(b);
159,9100,46,9100,64,if guard,logos::compiler::BorrowChecker::scan_uses_stmt,if (auto b = v.else_block()) scan_uses_block(b);
4458,9103,13,9105,22,switch arm,logos::compiler::BorrowChecker::scan_uses_stmt,case Code::Break:
8761495,9106,13,9107,22,switch arm,logos::compiler::BorrowChecker::scan_uses_stmt,default:
67709336,9111,49,9113,6,call / statement,logos::compiler::BorrowChecker::scan_uses_block,void scan_uses_block(lir_view::BlockRef br) {
86040831,9112,48,9112,71,statement,logos::compiler::BorrowChecker::scan_uses_block,br.each_stmt([&](lir_view::StmtRef sr) { scan_uses_stmt(sr); });
8778,9130,66,9183,6,call / statement,logos::compiler::BorrowChecker::release_borrows_held_by,void release_borrows_held_by(const std::string& holder_name) {
14,9132,60,9136,10,call / statement,logos::compiler::BorrowChecker::release_borrows_held_by,"auto same = [&](const std::string& h, uint32_t hs) {"
14,9133,17,9133,33,if guard,logos::compiler::BorrowChecker::release_borrows_held_by,if (h != holder_name) return false;
6,9133,35,9133,47,if guard,logos::compiler::BorrowChecker::release_borrows_held_by,if (h != holder_name) return false;
8,9134,13,9136,10,if guard,logos::compiler::BorrowChecker::release_borrows_held_by,if (hslot != NO_SLOT && hs != NO_SLOT) return hs == hslot;
8,9134,17,9134,33,if guard,logos::compiler::BorrowChecker::release_borrows_held_by,if (hslot != NO_SLOT && hs != NO_SLOT) return hs == hslot;
8,9134,17,9134,50,if guard,logos::compiler::BorrowChecker::release_borrows_held_by,if (hslot != NO_SLOT && hs != NO_SLOT) return hs == hslot;
8,9134,37,9134,50,if guard,logos::compiler::BorrowChecker::release_borrows_held_by,if (hslot != NO_SLOT && hs != NO_SLOT) return hs == hslot;
8,9134,52,9134,70,if guard,logos::compiler::BorrowChecker::release_borrows_held_by,if (hslot != NO_SLOT && hs != NO_SLOT) return hs == hslot;
0,9135,13,9135,24,early return,logos::compiler::BorrowChecker::release_borrows_held_by,return true;
5,9142,63,9148,10,call / statement,logos::compiler::BorrowChecker::release_borrows_held_by,auto named_elsewhere = [&](const std::string& target) {
5,9143,58,9146,14,loop body,logos::compiler::BorrowChecker::release_borrows_held_by,"for (auto& [pl, srcs] : ref_borrow_sources_) {"
5,9144,21,9144,49,if guard,logos::compiler::BorrowChecker::release_borrows_held_by,"if (place_under(pl, holder_name)) continue;"
5,9144,51,9144,59,if guard,logos::compiler::BorrowChecker::release_borrows_held_by,"if (place_under(pl, holder_name)) continue;"
0,9145,17,9146,14,loop body,logos::compiler::BorrowChecker::release_borrows_held_by,for (auto& s : srcs) if (s.name == target) return true;
0,9145,38,9145,71,loop body,logos::compiler::BorrowChecker::release_borrows_held_by,for (auto& s : srcs) if (s.name == target) return true;
0,9145,42,9145,58,loop body,logos::compiler::BorrowChecker::release_borrows_held_by,for (auto& s : srcs) if (s.name == target) return true;
0,9145,60,9145,71,loop body,logos::compiler::BorrowChecker::release_borrows_held_by,for (auto& s : srcs) if (s.name == target) return true;
5,9147,13,9147,25,early return,logos::compiler::BorrowChecker::release_borrows_held_by,return false;
43615,9149,37,9182,10,loop body,logos::compiler::BorrowChecker::release_borrows_held_by,for (auto& frame : scopes_) {
44753,9151,20,9151,45,loop body,logos::compiler::BorrowChecker::release_borrows_held_by,while (it != frame.borrows.end()) {
1138,9151,47,9172,14,loop body,logos::compiler::BorrowChecker::release_borrows_held_by,while (it != frame.borrows.end()) {
1138,9165,21,9165,31,if guard,logos::compiler::BorrowChecker::release_borrows_held_by,"if (it->is_mut && same(it->holder, it->holder_slot) &&"
1138,9165,21,9165,68,if guard,logos::compiler::BorrowChecker::release_borrows_held_by,"if (it->is_mut && same(it->holder, it->holder_slot) &&"
1138,9165,21,9166,43,if guard,logos::compiler::BorrowChecker::release_borrows_held_by,"if (it->is_mut && same(it->holder, it->holder_slot) &&"
1138,9165,21,9166,75,if guard,logos::compiler::BorrowChecker::release_borrows_held_by,"if (it->is_mut && same(it->holder, it->holder_slot) &&"
1138,9165,21,9167,57,if guard,logos::compiler::BorrowChecker::release_borrows_held_by,"if (it->is_mut && same(it->holder, it->holder_slot) &&"
10,9165,35,9165,68,if guard,logos::compiler::BorrowChecker::release_borrows_held_by,"if (it->is_mut && same(it->holder, it->holder_slot) &&"
8,9166,21,9166,43,statement,logos::compiler::BorrowChecker::release_borrows_held_by,it->co_holders.empty() && !named_elsewhere(it->target) &&
5,9166,47,9166,75,statement,logos::compiler::BorrowChecker::release_borrows_held_by,it->co_holders.empty() && !named_elsewhere(it->target) &&
5,9167,21,9167,57,statement,logos::compiler::BorrowChecker::release_borrows_held_by,"!logos::probe::on(""holderkill_keep"")) {"
5,9167,59,9171,18,statement,logos::compiler::BorrowChecker::release_borrows_held_by,"!logos::probe::on(""holderkill_keep"")) {"
5,9168,75,9168,89,if guard,logos::compiler::BorrowChecker::release_borrows_held_by,"if (auto sit = var_find(it->target_slot, it->target); sit != nullptr)"
5,9169,25,9169,50,statement,logos::compiler::BorrowChecker::release_borrows_held_by,sit->mut_borrowed = false;
1133,9171,24,9171,33,else branch,logos::compiler::BorrowChecker::release_borrows_held_by,} else { ++it; }
43625,9174,20,9174,52,loop body,logos::compiler::BorrowChecker::release_borrows_held_by,while (fit != frame.field_borrows.end()) {
10,9174,54,9181,14,loop body,logos::compiler::BorrowChecker::release_borrows_held_by,while (fit != frame.field_borrows.end()) {
10,9175,21,9175,32,if guard,logos::compiler::BorrowChecker::release_borrows_held_by,"if (fit->is_mut && same(fit->holder, fit->holder_slot) &&"
10,9175,21,9175,71,if guard,logos::compiler::BorrowChecker::release_borrows_held_by,"if (fit->is_mut && same(fit->holder, fit->holder_slot) &&"
10,9175,21,9176,44,if guard,logos::compiler::BorrowChecker::release_borrows_held_by,"if (fit->is_mut && same(fit->holder, fit->holder_slot) &&"
10,9175,21,9176,77,if guard,logos::compiler::BorrowChecker::release_borrows_held_by,"if (fit->is_mut && same(fit->holder, fit->holder_slot) &&"
4,9175,36,9175,71,if guard,logos::compiler::BorrowChecker::release_borrows_held_by,"if (fit->is_mut && same(fit->holder, fit->holder_slot) &&"
0,9176,21,9176,44,call / statement,logos::compiler::BorrowChecker::release_borrows_held_by,fit->co_holders.empty() && !named_elsewhere(fit->target)) {
0,9176,48,9176,77,call / statement,logos::compiler::BorrowChecker::release_borrows_held_by,fit->co_holders.empty() && !named_elsewhere(fit->target)) {
0,9176,79,9180,18,call / statement,logos::compiler::BorrowChecker::release_borrows_held_by,fit->co_holders.empty() && !named_elsewhere(fit->target)) {
0,9177,77,9177,91,if guard,logos::compiler::BorrowChecker::release_borrows_held_by,"if (auto sit = var_find(fit->target_slot, fit->target); sit != nullptr)"
0,9178,25,9178,64,statement,logos::compiler::BorrowChecker::release_borrows_held_by,sit->mut_field_borrows.erase(fit->path);
10,9180,24,9180,34,else branch,logos::compiler::BorrowChecker::release_borrows_held_by,} else { ++fit; }
43452612,9185,50,9288,6,call / statement,logos::compiler::BorrowChecker::release_dead_borrows,void release_dead_borrows(uint64_t cur_line) {
43452612,9186,13,9186,28,if guard,logos::compiler::BorrowChecker::release_dead_borrows,if (scopes_.empty()) return;
0,9186,30,9186,36,if guard,logos::compiler::BorrowChecker::release_dead_borrows,if (scopes_.empty()) return;
43452612,9187,9,9288,6,if guard,logos::compiler::BorrowChecker::release_dead_borrows,"if (std::getenv(""LOGOS_DUMP_BC_RELEASE"")) {"
43452612,9187,13,9187,49,if guard,logos::compiler::BorrowChecker::release_dead_borrows,"if (std::getenv(""LOGOS_DUMP_BC_RELEASE"")) {"
0,9187,51,9198,10,if guard,logos::compiler::BorrowChecker::release_dead_borrows,"if (std::getenv(""LOGOS_DUMP_BC_RELEASE"")) {"
0,9188,26,9188,26,statement,logos::compiler::BorrowChecker::release_dead_borrows,"std::fprintf(stderr, ""[bc-release] cur_line=%llu frames=%zu\n"","
0,9190,33,9190,52,loop body,logos::compiler::BorrowChecker::release_dead_borrows,for (size_t fi = 0; fi < scopes_.size(); ++fi)
0,9190,54,9190,58,loop body,logos::compiler::BorrowChecker::release_dead_borrows,for (size_t fi = 0; fi < scopes_.size(); ++fi)
0,9191,17,9197,65,loop body,logos::compiler::BorrowChecker::release_dead_borrows,for (auto& b : scopes_[fi].borrows)
0,9192,21,9197,65,statement,logos::compiler::BorrowChecker::release_dead_borrows,"std::fprintf(stderr,"
0,9192,34,9192,34,statement,logos::compiler::BorrowChecker::release_dead_borrows,"std::fprintf(stderr,"
0,9195,25,9195,49,statement,logos::compiler::BorrowChecker::release_dead_borrows,"fi + 1 == scopes_.size() ? ""(back)"" : """","
0,9195,52,9195,60,statement,logos::compiler::BorrowChecker::release_dead_borrows,"fi + 1 == scopes_.size() ? ""(back)"" : """","
0,9195,63,9195,65,statement,logos::compiler::BorrowChecker::release_dead_borrows,"fi + 1 == scopes_.size() ? ""(back)"" : """","
43599520,9236,16,9236,22,loop body,logos::compiler::BorrowChecker::release_dead_borrows,while (lo > 0 && scopes_[lo].bare_block) --lo;
43599520,9236,16,9236,48,loop body,logos::compiler::BorrowChecker::release_dead_borrows,while (lo > 0 && scopes_[lo].bare_block) --lo;
43599520,9236,26,9236,48,loop body,logos::compiler::BorrowChecker::release_dead_borrows,while (lo > 0 && scopes_[lo].bare_block) --lo;
146908,9236,50,9236,54,loop body,logos::compiler::BorrowChecker::release_dead_borrows,while (lo > 0 && scopes_[lo].bare_block) --lo;
87052132,9237,31,9237,51,loop body,logos::compiler::BorrowChecker::release_dead_borrows,for (size_t _fi = lo; _fi < scopes_.size(); ++_fi) {
43599520,9237,53,9237,58,loop body,logos::compiler::BorrowChecker::release_dead_borrows,for (size_t _fi = lo; _fi < scopes_.size(); ++_fi) {
43599520,9237,60,9287,10,loop body,logos::compiler::BorrowChecker::release_dead_borrows,for (size_t _fi = lo; _fi < scopes_.size(); ++_fi) {
43683722,9240,16,9240,41,loop body,logos::compiler::BorrowChecker::release_dead_borrows,while (it != frame.borrows.end()) {
84202,9240,43,9265,10,loop body,logos::compiler::BorrowChecker::release_dead_borrows,while (it != frame.borrows.end()) {
84202,9241,17,9241,35,if guard,logos::compiler::BorrowChecker::release_dead_borrows,if (it->holder.empty()) { ++it; continue; }
0,9241,37,9241,56,if guard,logos::compiler::BorrowChecker::release_dead_borrows,if (it->holder.empty()) { ++it; continue; }
84202,9242,13,9265,10,statement,logos::compiler::BorrowChecker::release_dead_borrows,uint64_t lu = holders_last_use(*it);
84202,9247,17,9247,24,if guard,logos::compiler::BorrowChecker::release_dead_borrows,"if (lu == 0 && logos::probe::on(""nll_lu_zero"")) { ++it; continue; }"
84202,9247,17,9247,59,if guard,logos::compiler::BorrowChecker::release_dead_borrows,"if (lu == 0 && logos::probe::on(""nll_lu_zero"")) { ++it; continue; }"
1414,9247,28,9247,59,if guard,logos::compiler::BorrowChecker::release_dead_borrows,"if (lu == 0 && logos::probe::on(""nll_lu_zero"")) { ++it; continue; }"
0,9247,61,9247,80,if guard,logos::compiler::BorrowChecker::release_dead_borrows,"if (lu == 0 && logos::probe::on(""nll_lu_zero"")) { ++it; continue; }"
84202,9249,13,9265,10,if guard,logos::compiler::BorrowChecker::release_dead_borrows,if (holder_drops_after_last_use(*it)) { ++it; continue; }
84202,9249,17,9249,49,if guard,logos::compiler::BorrowChecker::release_dead_borrows,if (holder_drops_after_last_use(*it)) { ++it; continue; }
293,9249,51,9249,70,if guard,logos::compiler::BorrowChecker::release_dead_borrows,if (holder_drops_after_last_use(*it)) { ++it; continue; }
83909,9253,13,9265,10,if guard,logos::compiler::BorrowChecker::release_dead_borrows,"if (logos::probe::on(""nll_lu_strict"") ? (lu != 0 && lu < cur_line)"
83909,9253,17,9253,50,if guard,logos::compiler::BorrowChecker::release_dead_borrows,"if (logos::probe::on(""nll_lu_strict"") ? (lu != 0 && lu < cur_line)"
83909,9253,17,9254,69,if guard,logos::compiler::BorrowChecker::release_dead_borrows,"if (logos::probe::on(""nll_lu_strict"") ? (lu != 0 && lu < cur_line)"
0,9253,53,9253,79,if guard,logos::compiler::BorrowChecker::release_dead_borrows,"if (logos::probe::on(""nll_lu_strict"") ? (lu != 0 && lu < cur_line)"
0,9253,54,9253,61,if guard,logos::compiler::BorrowChecker::release_dead_borrows,"if (logos::probe::on(""nll_lu_strict"") ? (lu != 0 && lu < cur_line)"
0,9253,65,9253,78,if guard,logos::compiler::BorrowChecker::release_dead_borrows,"if (logos::probe::on(""nll_lu_strict"") ? (lu != 0 && lu < cur_line)"
83909,9254,53,9254,69,statement,logos::compiler::BorrowChecker::release_dead_borrows,: (lu <= cur_line)) {
28528,9254,71,9262,14,statement,logos::compiler::BorrowChecker::release_dead_borrows,: (lu <= cur_line)) {
28528,9256,21,9256,35,if guard,logos::compiler::BorrowChecker::release_dead_borrows,if (sit != nullptr) {
28442,9256,37,9260,18,if guard,logos::compiler::BorrowChecker::release_dead_borrows,if (sit != nullptr) {
28442,9257,25,9257,35,if guard,logos::compiler::BorrowChecker::release_dead_borrows,if (it->is_mut) sit->mut_borrowed = false;
1563,9257,37,9257,62,if guard,logos::compiler::BorrowChecker::release_dead_borrows,if (it->is_mut) sit->mut_borrowed = false;
26879,9258,26,9259,46,else-if guard,logos::compiler::BorrowChecker::release_dead_borrows,else if (sit->shared_borrows > 0)
26879,9258,30,9258,53,else-if guard,logos::compiler::BorrowChecker::release_dead_borrows,else if (sit->shared_borrows > 0)
26823,9259,25,9259,46,statement,logos::compiler::BorrowChecker::release_dead_borrows,--sit->shared_borrows;
55381,9262,20,9264,14,else branch,logos::compiler::BorrowChecker::release_dead_borrows,} else {
43601175,9268,16,9268,49,loop body,logos::compiler::BorrowChecker::release_dead_borrows,while (fit2 != frame.field_borrows.end()) {
1655,9268,51,9286,10,loop body,logos::compiler::BorrowChecker::release_dead_borrows,while (fit2 != frame.field_borrows.end()) {
1655,9269,17,9269,37,if guard,logos::compiler::BorrowChecker::release_dead_borrows,if (fit2->holder.empty()) { ++fit2; continue; }
0,9269,39,9269,60,if guard,logos::compiler::BorrowChecker::release_dead_borrows,if (fit2->holder.empty()) { ++fit2; continue; }
1655,9270,13,9286,10,statement,logos::compiler::BorrowChecker::release_dead_borrows,uint64_t lu = holders_last_use(*fit2);
1655,9271,17,9271,24,if guard,logos::compiler::BorrowChecker::release_dead_borrows,"if (lu == 0 && logos::probe::on(""nll_lu_zero"")) { ++fit2; continue; }"
1655,9271,17,9271,59,if guard,logos::compiler::BorrowChecker::release_dead_borrows,"if (lu == 0 && logos::probe::on(""nll_lu_zero"")) { ++fit2; continue; }"
12,9271,28,9271,59,if guard,logos::compiler::BorrowChecker::release_dead_borrows,"if (lu == 0 && logos::probe::on(""nll_lu_zero"")) { ++fit2; continue; }"
0,9271,61,9271,82,if guard,logos::compiler::BorrowChecker::release_dead_borrows,"if (lu == 0 && logos::probe::on(""nll_lu_zero"")) { ++fit2; continue; }"
1655,9272,13,9286,10,if guard,logos::compiler::BorrowChecker::release_dead_borrows,if (holder_drops_after_last_use(*fit2)) { ++fit2; continue; }
1655,9272,17,9272,51,if guard,logos::compiler::BorrowChecker::release_dead_borrows,if (holder_drops_after_last_use(*fit2)) { ++fit2; continue; }
0,9272,53,9272,74,if guard,logos::compiler::BorrowChecker::release_dead_borrows,if (holder_drops_after_last_use(*fit2)) { ++fit2; continue; }
1655,9273,13,9286,10,if guard,logos::compiler::BorrowChecker::release_dead_borrows,"if (logos::probe::on(""nll_lu_strict"") ? (lu != 0 && lu < cur_line)"
1655,9273,17,9273,50,if guard,logos::compiler::BorrowChecker::release_dead_borrows,"if (logos::probe::on(""nll_lu_strict"") ? (lu != 0 && lu < cur_line)"
1655,9273,17,9274,69,if guard,logos::compiler::BorrowChecker::release_dead_borrows,"if (logos::probe::on(""nll_lu_strict"") ? (lu != 0 && lu < cur_line)"
0,9273,53,9273,79,if guard,logos::compiler::BorrowChecker::release_dead_borrows,"if (logos::probe::on(""nll_lu_strict"") ? (lu != 0 && lu < cur_line)"
0,9273,54,9273,61,if guard,logos::compiler::BorrowChecker::release_dead_borrows,"if (logos::probe::on(""nll_lu_strict"") ? (lu != 0 && lu < cur_line)"
0,9273,65,9273,78,if guard,logos::compiler::BorrowChecker::release_dead_borrows,"if (logos::probe::on(""nll_lu_strict"") ? (lu != 0 && lu < cur_line)"
1655,9274,53,9274,69,statement,logos::compiler::BorrowChecker::release_dead_borrows,: (lu <= cur_line)) {
650,9274,71,9283,14,statement,logos::compiler::BorrowChecker::release_dead_borrows,: (lu <= cur_line)) {
650,9275,75,9275,89,if guard,logos::compiler::BorrowChecker::release_dead_borrows,"if (auto sit = var_find(fit2->target_slot, fit2->target); sit != nullptr) {"
650,9275,91,9281,18,if guard,logos::compiler::BorrowChecker::release_dead_borrows,"if (auto sit = var_find(fit2->target_slot, fit2->target); sit != nullptr) {"
650,9276,25,9276,37,if guard,logos::compiler::BorrowChecker::release_dead_borrows,if (fit2->is_mut)
282,9277,25,9277,65,statement,logos::compiler::BorrowChecker::release_dead_borrows,sit->mut_field_borrows.erase(fit2->path);
368,9278,26,9280,37,else-if guard,logos::compiler::BorrowChecker::release_dead_borrows,else if (auto sb = sit->shared_field_borrows.find(fit2->path);
368,9279,30,9279,67,call / statement,logos::compiler::BorrowChecker::release_dead_borrows,sb != sit->shared_field_borrows.end() && sb->second > 0)
368,9279,30,9279,85,call / statement,logos::compiler::BorrowChecker::release_dead_borrows,sb != sit->shared_field_borrows.end() && sb->second > 0)
365,9279,71,9279,85,call / statement,logos::compiler::BorrowChecker::release_dead_borrows,sb != sit->shared_field_borrows.end() && sb->second > 0)
364,9280,25,9280,37,statement,logos::compiler::BorrowChecker::release_dead_borrows,--sb->second;
1005,9283,20,9285,14,else branch,logos::compiler::BorrowChecker::release_dead_borrows,} else {
34079849,9314,78,9325,6,call / statement,logos::compiler::BorrowChecker::walk_stmts_releasing,"uint64_t walk_stmts_releasing(lir_view::BlockRef br, bool defer_release) {"
43504858,9316,48,9323,10,call / statement,logos::compiler::BorrowChecker::walk_stmts_releasing,br.each_stmt([&](lir_view::StmtRef sr) {
43504858,9322,17,9322,31,if guard,logos::compiler::BorrowChecker::walk_stmts_releasing,if (!defer_release) release_dead_borrows(cursor);
43410450,9322,33,9322,61,if guard,logos::compiler::BorrowChecker::walk_stmts_releasing,if (!defer_release) release_dead_borrows(cursor);
33929705,9335,58,9400,6,call / statement,logos::compiler::BorrowChecker::visit_block,const std::string& esc_holder = {}) {
33929705,9379,13,9379,23,if guard,logos::compiler::BorrowChecker::visit_block,if (esc_result && !esc_holder.empty()) {
33929705,9379,13,9379,46,if guard,logos::compiler::BorrowChecker::visit_block,if (esc_result && !esc_holder.empty()) {
12618,9379,27,9379,46,if guard,logos::compiler::BorrowChecker::visit_block,if (esc_result && !esc_holder.empty()) {
12410,9379,48,9390,10,if guard,logos::compiler::BorrowChecker::visit_block,if (esc_result && !esc_holder.empty()) {
98,9383,17,9389,18,if guard,logos::compiler::BorrowChecker::visit_block,"if (dying_binding(scopes_.back(), s)) {"
98,9383,21,9383,53,if guard,logos::compiler::BorrowChecker::visit_block,"if (dying_binding(scopes_.back(), s)) {"
12,9383,55,9389,18,if guard,logos::compiler::BorrowChecker::visit_block,"if (dying_binding(scopes_.back(), s)) {"
12,9384,28,9384,34,diagnostic emission,logos::compiler::BorrowChecker::visit_block,"report(cursor ? (uint32_t)cursor : 0, std::format("
12,9384,37,9384,53,diagnostic emission,logos::compiler::BorrowChecker::visit_block,"report(cursor ? (uint32_t)cursor : 0, std::format("
0,9384,56,9384,57,diagnostic emission,logos::compiler::BorrowChecker::visit_block,"report(cursor ? (uint32_t)cursor : 0, std::format("
33929705,9391,13,9391,23,if guard,logos::compiler::BorrowChecker::visit_block,if (esc_result && !esc_holder.empty() &&
33929705,9391,13,9391,46,if guard,logos::compiler::BorrowChecker::visit_block,if (esc_result && !esc_holder.empty() &&
33929705,9391,13,9392,77,if guard,logos::compiler::BorrowChecker::visit_block,if (esc_result && !esc_holder.empty() &&
12618,9391,27,9391,46,if guard,logos::compiler::BorrowChecker::visit_block,if (esc_result && !esc_holder.empty() &&
12410,9392,13,9392,77,call / statement,logos::compiler::BorrowChecker::visit_block,is_borrow_carrying_type(esc_result.type(prog_.type_pool.impl()))) {
76,9392,79,9396,10,call / statement,logos::compiler::BorrowChecker::visit_block,is_borrow_carrying_type(esc_result.type(prog_.type_pool.impl()))) {
41,9395,35,9395,71,loop body,logos::compiler::BorrowChecker::visit_block,"for (auto& r : roots) inherit_loans(r, esc_holder, cursor);"
53991,9415,60,9557,6,call / statement,logos::compiler::BorrowChecker::visit_loop_body,std::string_view break_slot = {}) {
107982,9416,42,9419,10,call / statement,logos::compiler::BorrowChecker::visit_loop_body,auto seed_loop_var_loans = [&]() {
107982,9417,17,9417,34,if guard,logos::compiler::BorrowChecker::visit_loop_body,if (loop_vars.empty()) return;
107020,9417,36,9417,42,if guard,logos::compiler::BorrowChecker::visit_loop_body,if (loop_vars.empty()) return;
962,9418,13,9419,10,loop body,logos::compiler::BorrowChecker::visit_loop_body,"for (auto& r : var_loan_roots) inherit_loans(r, loop_vars.front(), 0);"
0,9418,44,9418,82,loop body,logos::compiler::BorrowChecker::visit_loop_body,"for (auto& r : var_loan_roots) inherit_loans(r, loop_vars.front(), 0);"
481,9435,35,9435,49,loop body,logos::compiler::BorrowChecker::visit_loop_body,for (auto& v : loop_vars) declare_var(v);
53991,9497,13,9497,29,if guard,logos::compiler::BorrowChecker::visit_loop_body,if (bottom_reachable) {
53718,9497,31,9500,10,if guard,logos::compiler::BorrowChecker::visit_loop_body,if (bottom_reachable) {
134,9501,49,9504,10,loop body,logos::compiler::BorrowChecker::visit_loop_body,for (auto& cs : frame1.continue_states) {
481,9522,35,9522,49,loop body,logos::compiler::BorrowChecker::visit_loop_body,for (auto& v : loop_vars) declare_var(v);
53991,9541,13,9541,29,if guard,logos::compiler::BorrowChecker::visit_loop_body,"if (bottom_reachable) loop_propagate_moves(states_, post2_s, pre_s);"
53718,9541,31,9541,76,if guard,logos::compiler::BorrowChecker::visit_loop_body,"if (bottom_reachable) loop_propagate_moves(states_, post2_s, pre_s);"
134,9548,49,9551,10,loop body,logos::compiler::BorrowChecker::visit_loop_body,for (auto& cs : frame2.continue_states) {
2719,9552,46,9555,10,loop body,logos::compiler::BorrowChecker::visit_loop_body,for (auto& bs : frame2.break_states) {
1519248,9590,61,9642,6,statement,logos::compiler::BorrowChecker::place_write_root[abi:cxx11],bool resolve = true) const {
2785486,9601,16,9601,19,loop body,logos::compiler::BorrowChecker::place_write_root[abi:cxx11],while (cur) {
2785486,9601,21,9625,10,loop body,logos::compiler::BorrowChecker::place_write_root[abi:cxx11],while (cur) {
2785486,9603,17,9603,37,if guard,logos::compiler::BorrowChecker::place_write_root[abi:cxx11],if (k == Code::FieldRead)       { if (path_ok) path_fields.emplace_back(EFieldReadView{cur}.field());
34512,9603,45,9604,97,if guard,logos::compiler::BorrowChecker::place_write_root[abi:cxx11],if (k == Code::FieldRead)       { if (path_ok) path_fields.emplace_back(EFieldReadView{cur}.field());
34512,9603,51,9603,58,if guard,logos::compiler::BorrowChecker::place_write_root[abi:cxx11],if (k == Code::FieldRead)       { if (path_ok) path_fields.emplace_back(EFieldReadView{cur}.field());
32179,9603,60,9603,113,if guard,logos::compiler::BorrowChecker::place_write_root[abi:cxx11],if (k == Code::FieldRead)       { if (path_ok) path_fields.emplace_back(EFieldReadView{cur}.field());
2750974,9605,13,9625,10,if guard,logos::compiler::BorrowChecker::place_write_root[abi:cxx11],if (k == Code::TupleIndex)      { path_ok = false; cur = ETupleIndexView{cur}.receiver(); continue; }
2750974,9605,17,9605,38,if guard,logos::compiler::BorrowChecker::place_write_root[abi:cxx11],if (k == Code::TupleIndex)      { path_ok = false; cur = ETupleIndexView{cur}.receiver(); continue; }
45,9605,45,9605,114,if guard,logos::compiler::BorrowChecker::place_write_root[abi:cxx11],if (k == Code::TupleIndex)      { path_ok = false; cur = ETupleIndexView{cur}.receiver(); continue; }
2750929,9606,13,9625,10,if guard,logos::compiler::BorrowChecker::place_write_root[abi:cxx11],if (k == Code::IndexRead)       { path_ok = false; cur = EIndexReadView{cur}.receiver();  continue; }
2750929,9606,17,9606,37,if guard,logos::compiler::BorrowChecker::place_write_root[abi:cxx11],if (k == Code::IndexRead)       { path_ok = false; cur = EIndexReadView{cur}.receiver();  continue; }
6659,9606,45,9606,114,if guard,logos::compiler::BorrowChecker::place_write_root[abi:cxx11],if (k == Code::IndexRead)       { path_ok = false; cur = EIndexReadView{cur}.receiver();  continue; }
2744270,9607,13,9625,10,if guard,logos::compiler::BorrowChecker::place_write_root[abi:cxx11],if (k == Code::SliceIndex)      { path_ok = false; cur = ESliceIndexView{cur}.slice();    continue; }
2744270,9607,17,9607,38,if guard,logos::compiler::BorrowChecker::place_write_root[abi:cxx11],if (k == Code::SliceIndex)      { path_ok = false; cur = ESliceIndexView{cur}.slice();    continue; }
55,9607,45,9607,114,if guard,logos::compiler::BorrowChecker::place_write_root[abi:cxx11],if (k == Code::SliceIndex)      { path_ok = false; cur = ESliceIndexView{cur}.slice();    continue; }
2744215,9608,13,9625,10,if guard,logos::compiler::BorrowChecker::place_write_root[abi:cxx11],if (k == Code::Deref) {
2744215,9608,17,9608,33,if guard,logos::compiler::BorrowChecker::place_write_root[abi:cxx11],if (k == Code::Deref) {
1228937,9608,35,9623,14,if guard,logos::compiler::BorrowChecker::place_write_root[abi:cxx11],if (k == Code::Deref) {
1228937,9610,21,9610,24,if guard,logos::compiler::BorrowChecker::place_write_root[abi:cxx11],if (!op) break;
0,9610,26,9610,31,if guard,logos::compiler::BorrowChecker::place_write_root[abi:cxx11],if (!op) break;
1228937,9611,17,9623,14,statement,logos::compiler::BorrowChecker::place_write_root[abi:cxx11],auto ot = op.type(pool);
1228937,9612,21,9612,23,if guard,logos::compiler::BorrowChecker::place_write_root[abi:cxx11],if (ot && ot.kind() == LogosType::Kind::Ptr) return {};  // raw: unchecked
1228937,9612,21,9612,60,if guard,logos::compiler::BorrowChecker::place_write_root[abi:cxx11],if (ot && ot.kind() == LogosType::Kind::Ptr) return {};  // raw: unchecked
1228937,9612,27,9612,60,if guard,logos::compiler::BorrowChecker::place_write_root[abi:cxx11],if (ot && ot.kind() == LogosType::Kind::Ptr) return {};  // raw: unchecked
3970,9612,62,9612,71,if guard,logos::compiler::BorrowChecker::place_write_root[abi:cxx11],if (ot && ot.kind() == LogosType::Kind::Ptr) return {};  // raw: unchecked
1224967,9620,17,9622,25,statement,logos::compiler::BorrowChecker::place_write_root[abi:cxx11],through_ref = true;
1515278,9624,13,9624,18,loop exit,logos::compiler::BorrowChecker::place_write_root[abi:cxx11],break;
1515278,9626,9,9642,6,if guard,logos::compiler::BorrowChecker::place_write_root[abi:cxx11],if (cur && cur.kind() == Code::VarRef) {
1515278,9626,13,9626,16,if guard,logos::compiler::BorrowChecker::place_write_root[abi:cxx11],if (cur && cur.kind() == Code::VarRef) {
1515278,9626,13,9626,46,if guard,logos::compiler::BorrowChecker::place_write_root[abi:cxx11],if (cur && cur.kind() == Code::VarRef) {
1515278,9626,20,9626,46,if guard,logos::compiler::BorrowChecker::place_write_root[abi:cxx11],if (cur && cur.kind() == Code::VarRef) {
1307301,9626,48,9640,10,if guard,logos::compiler::BorrowChecker::place_write_root[abi:cxx11],if (cur && cur.kind() == Code::VarRef) {
1307301,9634,30,9634,37,statement,logos::compiler::BorrowChecker::place_write_root[abi:cxx11],std::string ep = resolve
1306561,9635,19,9636,82,statement,logos::compiler::BorrowChecker::place_write_root[abi:cxx11],? resolve_place_reborrow(
740,9637,19,9637,55,statement,logos::compiler::BorrowChecker::place_write_root[abi:cxx11],: std::string(EVarRefView{cur}.name());
1307301,9638,17,9638,28,if guard,logos::compiler::BorrowChecker::place_write_root[abi:cxx11],"if (!ep.empty() && !var_has(NO_SLOT, ep)) ep = ref_place_root(ep);"
1307301,9638,17,9638,53,if guard,logos::compiler::BorrowChecker::place_write_root[abi:cxx11],"if (!ep.empty() && !var_has(NO_SLOT, ep)) ep = ref_place_root(ep);"
1307301,9638,32,9638,53,if guard,logos::compiler::BorrowChecker::place_write_root[abi:cxx11],"if (!ep.empty() && !var_has(NO_SLOT, ep)) ep = ref_place_root(ep);"
257,9638,55,9638,78,if guard,logos::compiler::BorrowChecker::place_write_root[abi:cxx11],"if (!ep.empty() && !var_has(NO_SLOT, ep)) ep = ref_place_root(ep);"
207977,9641,9,9641,18,early return,logos::compiler::BorrowChecker::place_write_root[abi:cxx11],return {};
219173,9695,60,9721,6,statement,logos::compiler::BorrowChecker::ref_source_admissible,bool ref_source_admissible(const std::string& p) const {
219173,9697,13,9697,25,if guard,logos::compiler::BorrowChecker::ref_source_admissible,if (root.empty() || is_materialized_temp_name(root)) return false;
219173,9697,13,9697,60,if guard,logos::compiler::BorrowChecker::ref_source_admissible,if (root.empty() || is_materialized_temp_name(root)) return false;
219173,9697,29,9697,60,if guard,logos::compiler::BorrowChecker::ref_source_admissible,if (root.empty() || is_materialized_temp_name(root)) return false;
5,9697,62,9697,74,if guard,logos::compiler::BorrowChecker::ref_source_admissible,if (root.empty() || is_materialized_temp_name(root)) return false;
219168,9707,9,9721,6,if guard,logos::compiler::BorrowChecker::ref_source_admissible,if (!is_loop_break_slot_name(root)) {
219168,9707,13,9707,43,if guard,logos::compiler::BorrowChecker::ref_source_admissible,if (!is_loop_break_slot_name(root)) {
219166,9707,45,9719,10,if guard,logos::compiler::BorrowChecker::ref_source_admissible,if (!is_loop_break_slot_name(root)) {
219166,9708,17,9708,41,if guard,logos::compiler::BorrowChecker::ref_source_admissible,if (param_names_.count(root)) return false;
10470,9708,43,9708,55,if guard,logos::compiler::BorrowChecker::ref_source_admissible,if (param_names_.count(root)) return false;
208696,9718,13,9719,10,if guard,logos::compiler::BorrowChecker::ref_source_admissible,"if (!var_has(NO_SLOT, root) && !reborrow_of_.find(p)) return false;"
208696,9718,17,9718,40,if guard,logos::compiler::BorrowChecker::ref_source_admissible,"if (!var_has(NO_SLOT, root) && !reborrow_of_.find(p)) return false;"
208696,9718,17,9718,65,if guard,logos::compiler::BorrowChecker::ref_source_admissible,"if (!var_has(NO_SLOT, root) && !reborrow_of_.find(p)) return false;"
48,9718,44,9718,65,if guard,logos::compiler::BorrowChecker::ref_source_admissible,"if (!var_has(NO_SLOT, root) && !reborrow_of_.find(p)) return false;"
36,9718,67,9718,79,if guard,logos::compiler::BorrowChecker::ref_source_admissible,"if (!var_has(NO_SLOT, root) && !reborrow_of_.find(p)) return false;"
208662,9720,9,9720,20,early return,logos::compiler::BorrowChecker::ref_source_admissible,return true;
262100,9765,89,9835,6,statement,logos::compiler::BorrowChecker::ref_sources_of[abi:cxx11],"std::vector<std::string> ref_sources_of(lir_view::ExprRef val, int depth = 0) const {"
262100,9767,13,9767,17,if guard,logos::compiler::BorrowChecker::ref_sources_of[abi:cxx11],if (!val) return ok;
45,9767,19,9767,28,if guard,logos::compiler::BorrowChecker::ref_sources_of[abi:cxx11],if (!val) return ok;
262055,9768,9,9835,6,statement,logos::compiler::BorrowChecker::ref_sources_of[abi:cxx11],"ref_source_places(val, prog_.type_pool.impl(), raw);"
219173,9770,13,9770,69,if guard,logos::compiler::BorrowChecker::ref_sources_of[abi:cxx11],if (ref_source_admissible(p)) ok.push_back(std::move(p));
219173,9770,17,9770,41,if guard,logos::compiler::BorrowChecker::ref_sources_of[abi:cxx11],if (ref_source_admissible(p)) ok.push_back(std::move(p));
208662,9770,43,9770,69,if guard,logos::compiler::BorrowChecker::ref_sources_of[abi:cxx11],if (ref_source_admissible(p)) ok.push_back(std::move(p));
262055,9771,13,9771,25,if guard,logos::compiler::BorrowChecker::ref_sources_of[abi:cxx11],if (!raw.empty() || depth > 4) return ok;
262055,9771,13,9771,38,if guard,logos::compiler::BorrowChecker::ref_sources_of[abi:cxx11],if (!raw.empty() || depth > 4) return ok;
43005,9771,29,9771,38,if guard,logos::compiler::BorrowChecker::ref_sources_of[abi:cxx11],if (!raw.empty() || depth > 4) return ok;
219050,9771,40,9771,49,if guard,logos::compiler::BorrowChecker::ref_sources_of[abi:cxx11],if (!raw.empty() || depth > 4) return ok;
43005,9772,9,9835,6,statement,logos::compiler::BorrowChecker::ref_sources_of[abi:cxx11],using namespace lir_view;
4796,9774,39,9777,10,call / statement,logos::compiler::BorrowChecker::ref_sources_of[abi:cxx11],auto add = [&](std::string p) {
4796,9775,17,9775,63,if guard,logos::compiler::BorrowChecker::ref_sources_of[abi:cxx11],"if (std::find(ok.begin(), ok.end(), p) == ok.end())"
4795,9776,17,9776,43,statement,logos::compiler::BorrowChecker::ref_sources_of[abi:cxx11],ok.push_back(std::move(p));
5830,9778,36,9794,10,call / statement,logos::compiler::BorrowChecker::ref_sources_of[abi:cxx11],auto seed = [&](ExprRef a) {
5830,9779,17,9779,19,if guard,logos::compiler::BorrowChecker::ref_sources_of[abi:cxx11],if (!a) return;
0,9779,21,9779,27,if guard,logos::compiler::BorrowChecker::ref_sources_of[abi:cxx11],if (!a) return;
5830,9780,13,9794,10,loop body,logos::compiler::BorrowChecker::ref_sources_of[abi:cxx11],"for (auto& p : ref_sources_of(a, depth + 1)) {"
4787,9780,58,9793,14,loop body,logos::compiler::BorrowChecker::ref_sources_of[abi:cxx11],"for (auto& p : ref_sources_of(a, depth + 1)) {"
9,9791,72,9791,85,statement,logos::compiler::BorrowChecker::ref_sources_of[abi:cxx11],"reborrow_of_.each_under(p, [&](const std::string& sub) { add(sub); });"
27403,9795,84,9799,10,call / statement,logos::compiler::BorrowChecker::ref_sources_of[abi:cxx11],"auto by_mask = [&](const FlowSummary* fs, const std::vector<ExprRef>& ops) {"
27403,9796,17,9796,20,if guard,logos::compiler::BorrowChecker::ref_sources_of[abi:cxx11],if (!fs) return;
6093,9796,22,9796,28,if guard,logos::compiler::BorrowChecker::ref_sources_of[abi:cxx11],if (!fs) return;
21310,9797,13,9799,10,loop body,logos::compiler::BorrowChecker::ref_sources_of[abi:cxx11],for (size_t i = 0; i < ops.size() && i < fs->nparams; ++i)
52778,9797,32,9797,46,loop body,logos::compiler::BorrowChecker::ref_sources_of[abi:cxx11],for (size_t i = 0; i < ops.size() && i < fs->nparams; ++i)
52778,9797,32,9797,65,loop body,logos::compiler::BorrowChecker::ref_sources_of[abi:cxx11],for (size_t i = 0; i < ops.size() && i < fs->nparams; ++i)
31468,9797,50,9797,65,loop body,logos::compiler::BorrowChecker::ref_sources_of[abi:cxx11],for (size_t i = 0; i < ops.size() && i < fs->nparams; ++i)
31468,9797,67,9797,70,loop body,logos::compiler::BorrowChecker::ref_sources_of[abi:cxx11],for (size_t i = 0; i < ops.size() && i < fs->nparams; ++i)
31468,9798,17,9798,62,if guard,logos::compiler::BorrowChecker::ref_sources_of[abi:cxx11],if (fs->to_result & (1ull << i)) seed(ops[i]);
31468,9798,21,9798,48,if guard,logos::compiler::BorrowChecker::ref_sources_of[abi:cxx11],if (fs->to_result & (1ull << i)) seed(ops[i]);
5830,9798,50,9798,62,if guard,logos::compiler::BorrowChecker::ref_sources_of[abi:cxx11],if (fs->to_result & (1ull << i)) seed(ops[i]);
14220,9802,13,9806,22,switch arm,logos::compiler::BorrowChecker::ref_sources_of[abi:cxx11],case Code::Call: {
25263,9804,44,9804,65,statement,logos::compiler::BorrowChecker::ref_sources_of[abi:cxx11],cv.each_arg([&](ExprRef a) { ops.push_back(a); });
195,9808,13,9812,22,switch arm,logos::compiler::BorrowChecker::ref_sources_of[abi:cxx11],case Code::FnPtrCall: {           // G1's twin: a resolved pointer
232,9810,44,9810,65,statement,logos::compiler::BorrowChecker::ref_sources_of[abi:cxx11],fv.each_arg([&](ExprRef a) { ops.push_back(a); });
12988,9814,13,9819,22,switch arm,logos::compiler::BorrowChecker::ref_sources_of[abi:cxx11],case Code::MethodCall: {
5959,9817,44,9817,65,statement,logos::compiler::BorrowChecker::ref_sources_of[abi:cxx11],mv.each_arg([&](ExprRef a) { ops.push_back(a); });
0,9828,13,9831,22,switch arm,logos::compiler::BorrowChecker::ref_sources_of[abi:cxx11],case Code::Try:
0,9830,21,9830,38,statement,logos::compiler::BorrowChecker::ref_sources_of[abi:cxx11],add(std::move(p));
15602,9832,13,9832,27,switch arm,logos::compiler::BorrowChecker::ref_sources_of[abi:cxx11],default: break;
43005,9834,9,9834,18,early return,logos::compiler::BorrowChecker::ref_sources_of[abi:cxx11],return ok;
29955009,9871,49,9871,75,statement,logos::compiler::BorrowChecker::is_reborrow_ref_kind,static bool is_reborrow_ref_kind(TypeRef t) { return is_ref_kind(t); }
5527718,9887,75,9893,6,call / statement,logos::compiler::BorrowChecker::is_reborrow_store_value,"static bool is_reborrow_store_value(TypeRef t, lir_view::ExprRef val) {"
5527718,9888,13,9888,36,if guard,logos::compiler::BorrowChecker::is_reborrow_store_value,if (is_reborrow_ref_kind(t)) return true;
236054,9888,38,9888,49,if guard,logos::compiler::BorrowChecker::is_reborrow_store_value,if (is_reborrow_ref_kind(t)) return true;
5291664,9889,9,9893,6,if guard,logos::compiler::BorrowChecker::is_reborrow_store_value,if (!val || val.kind() != lir_schema::expr::Code::ArrLit || !t) return false;
5291664,9889,13,9889,17,if guard,logos::compiler::BorrowChecker::is_reborrow_store_value,if (!val || val.kind() != lir_schema::expr::Code::ArrLit || !t) return false;
5291664,9889,13,9889,65,if guard,logos::compiler::BorrowChecker::is_reborrow_store_value,if (!val || val.kind() != lir_schema::expr::Code::ArrLit || !t) return false;
5291664,9889,13,9889,71,if guard,logos::compiler::BorrowChecker::is_reborrow_store_value,if (!val || val.kind() != lir_schema::expr::Code::ArrLit || !t) return false;
5291592,9889,21,9889,65,if guard,logos::compiler::BorrowChecker::is_reborrow_store_value,if (!val || val.kind() != lir_schema::expr::Code::ArrLit || !t) return false;
6620,9889,69,9889,71,if guard,logos::compiler::BorrowChecker::is_reborrow_store_value,if (!val || val.kind() != lir_schema::expr::Code::ArrLit || !t) return false;
5285044,9889,73,9889,85,if guard,logos::compiler::BorrowChecker::is_reborrow_store_value,if (!val || val.kind() != lir_schema::expr::Code::ArrLit || !t) return false;
6620,9890,9,9893,6,statement,logos::compiler::BorrowChecker::is_reborrow_store_value,auto k = t.kind();
6620,9891,13,9891,40,if guard,logos::compiler::BorrowChecker::is_reborrow_store_value,if (k != LogosType::Kind::Array && k != LogosType::Kind::Slice) return false;
6620,9891,13,9891,71,if guard,logos::compiler::BorrowChecker::is_reborrow_store_value,if (k != LogosType::Kind::Array && k != LogosType::Kind::Slice) return false;
0,9891,44,9891,71,if guard,logos::compiler::BorrowChecker::is_reborrow_store_value,if (k != LogosType::Kind::Array && k != LogosType::Kind::Slice) return false;
0,9891,73,9891,85,if guard,logos::compiler::BorrowChecker::is_reborrow_store_value,if (k != LogosType::Kind::Array && k != LogosType::Kind::Slice) return false;
6620,9892,9,9892,46,early return,logos::compiler::BorrowChecker::is_reborrow_store_value,return is_reborrow_ref_kind(t.elem());
5527942,9915,82,9941,6,call / statement,logos::compiler::BorrowChecker::freeze_ref_closure,"void freeze_ref_closure(const std::string& key, std::vector<std::string>& s) {"
5527942,9916,13,9916,22,if guard,logos::compiler::BorrowChecker::freeze_ref_closure,if (s.empty()) return;
5320264,9916,24,9916,30,if guard,logos::compiler::BorrowChecker::freeze_ref_closure,if (s.empty()) return;
207678,9917,9,9941,6,statement,logos::compiler::BorrowChecker::freeze_ref_closure,std::vector<std::string> cl;
207752,9919,13,9922,15,call / statement,logos::compiler::BorrowChecker::freeze_ref_closure,"reborrow_of_.each_root(src, [&](const std::string& n) {"
214767,9919,67,9922,14,call / statement,logos::compiler::BorrowChecker::freeze_ref_closure,"reborrow_of_.each_root(src, [&](const std::string& n) {"
214767,9920,21,9920,29,if guard,logos::compiler::BorrowChecker::freeze_ref_closure,"if (n != key && std::find(cl.begin(), cl.end(), n) == cl.end())"
214767,9920,21,9920,79,if guard,logos::compiler::BorrowChecker::freeze_ref_closure,"if (n != key && std::find(cl.begin(), cl.end(), n) == cl.end())"
214765,9920,33,9920,79,if guard,logos::compiler::BorrowChecker::freeze_ref_closure,"if (n != key && std::find(cl.begin(), cl.end(), n) == cl.end())"
214746,9921,21,9921,36,statement,logos::compiler::BorrowChecker::freeze_ref_closure,cl.push_back(n);
214746,9936,79,9939,10,call / statement,logos::compiler::BorrowChecker::freeze_ref_closure,"std::stable_partition(cl.begin(), cl.end(), [&](const std::string& n) {"
214746,9938,20,9938,22,early return,logos::compiler::BorrowChecker::freeze_ref_closure,return !v || v->empty();
7016,9938,26,9938,36,early return,logos::compiler::BorrowChecker::freeze_ref_closure,return !v || v->empty();
4484349,9942,83,9967,6,call / statement,logos::compiler::BorrowChecker::note_reborrow,"void note_reborrow(const std::string& name, TypeRef t, lir_view::ExprRef val) {"
4484349,9943,13,9943,25,if guard,logos::compiler::BorrowChecker::note_reborrow,if (name.empty()) return;
2,9943,27,9943,33,if guard,logos::compiler::BorrowChecker::note_reborrow,if (name.empty()) return;
4484347,9944,9,9967,6,statement,logos::compiler::BorrowChecker::note_reborrow,std::vector<std::string> s;
4484347,9955,13,9955,44,if guard,logos::compiler::BorrowChecker::note_reborrow,"if (is_reborrow_store_value(t, val)) s = ref_sources_of(val);   // P1: arrays too"
104758,9955,46,9955,69,if guard,logos::compiler::BorrowChecker::note_reborrow,"if (is_reborrow_store_value(t, val)) s = ref_sources_of(val);   // P1: arrays too"
4484347,9956,13,9956,14,if guard,logos::compiler::BorrowChecker::note_reborrow,if (t && t.kind() == LogosType::Kind::MutRef) reborrow_mut_.insert(name);
4484347,9956,13,9956,53,if guard,logos::compiler::BorrowChecker::note_reborrow,if (t && t.kind() == LogosType::Kind::MutRef) reborrow_mut_.insert(name);
4484347,9956,18,9956,53,if guard,logos::compiler::BorrowChecker::note_reborrow,if (t && t.kind() == LogosType::Kind::MutRef) reborrow_mut_.insert(name);
17457,9956,55,9956,81,if guard,logos::compiler::BorrowChecker::note_reborrow,if (t && t.kind() == LogosType::Kind::MutRef) reborrow_mut_.insert(name);
4466890,9957,55,9957,80,else branch,logos::compiler::BorrowChecker::note_reborrow,else                                          reborrow_mut_.erase(name);
5527718,9988,74,10005,6,call / statement,logos::compiler::BorrowChecker::note_place_copy,"void note_place_copy(const std::string& name, lir_view::ExprRef val) {"
5527718,9989,13,9989,17,if guard,logos::compiler::BorrowChecker::note_place_copy,if (!val) return;
117,9989,19,9989,25,if guard,logos::compiler::BorrowChecker::note_place_copy,if (!val) return;
5527601,9990,9,10005,6,statement,logos::compiler::BorrowChecker::note_place_copy,const auto* pool = prog_.type_pool.impl();
5527601,9992,13,9992,37,if guard,logos::compiler::BorrowChecker::note_place_copy,"if (is_reborrow_ref_kind(vt)) return;   // a reborrow, handled above"
240435,9992,39,9992,45,if guard,logos::compiler::BorrowChecker::note_place_copy,"if (is_reborrow_ref_kind(vt)) return;   // a reborrow, handled above"
5287166,9993,9,10005,6,statement,logos::compiler::BorrowChecker::note_place_copy,std::vector<std::string> raw;
5287166,9995,13,9995,28,if guard,logos::compiler::BorrowChecker::note_place_copy,if (raw.size() != 1) return;            // not ONE named source place
3585952,9995,30,9995,36,if guard,logos::compiler::BorrowChecker::note_place_copy,if (raw.size() != 1) return;            // not ONE named source place
1701214,9996,9,10005,6,statement,logos::compiler::BorrowChecker::note_place_copy,const std::string& src = raw[0];
1701214,9997,13,9997,24,if guard,logos::compiler::BorrowChecker::note_place_copy,if (src.empty() || src == name) return;
1701214,9997,13,9997,39,if guard,logos::compiler::BorrowChecker::note_place_copy,if (src.empty() || src == name) return;
1701214,9997,28,9997,39,if guard,logos::compiler::BorrowChecker::note_place_copy,if (src.empty() || src == name) return;
17,9997,41,9997,47,if guard,logos::compiler::BorrowChecker::note_place_copy,if (src.empty() || src == name) return;
1701197,9998,9,10005,6,statement,logos::compiler::BorrowChecker::note_place_copy,"std::string pfx = src + ""."";"
89701,10001,13,10003,81,if guard,logos::compiler::BorrowChecker::note_place_copy,if (kv.first.size() > pfx.size() &&
89701,10001,17,10001,45,if guard,logos::compiler::BorrowChecker::note_place_copy,if (kv.first.size() > pfx.size() &&
89701,10001,17,10002,58,if guard,logos::compiler::BorrowChecker::note_place_copy,if (kv.first.size() > pfx.size() &&
43619,10002,17,10002,58,call / statement,logos::compiler::BorrowChecker::note_place_copy,"kv.first.compare(0, pfx.size(), pfx) == 0)"
551,10003,17,10003,81,statement,logos::compiler::BorrowChecker::note_place_copy,"adds.emplace_back(name + kv.first.substr(src.size()), kv.second);"
551,10004,30,10004,76,loop body,logos::compiler::BorrowChecker::note_place_copy,"for (auto& a : adds) reborrow_of_.set(a.first, std::move(a.second));"
5527718,10023,59,10025,6,call / statement,logos::compiler::BorrowChecker::retract_reborrow_places,void retract_reborrow_places(const std::string& root) {
1043371,10028,79,10071,6,call / statement,logos::compiler::BorrowChecker::note_reborrow_place,"void note_reborrow_place(const std::string& place, lir_view::ExprRef val) {"
1043371,10029,13,10029,26,if guard,logos::compiler::BorrowChecker::note_reborrow_place,if (place.empty()) return;
0,10029,28,10029,34,if guard,logos::compiler::BorrowChecker::note_reborrow_place,if (place.empty()) return;
1043371,10030,9,10071,6,statement,logos::compiler::BorrowChecker::note_reborrow_place,const auto* pool = prog_.type_pool.impl();
1043371,10031,22,10031,25,statement,logos::compiler::BorrowChecker::note_reborrow_place,TypeRef vt = val ? val.type(pool) : TypeRef(nullptr);
1043371,10031,28,10031,42,statement,logos::compiler::BorrowChecker::note_reborrow_place,TypeRef vt = val ? val.type(pool) : TypeRef(nullptr);
0,10031,45,10031,61,statement,logos::compiler::BorrowChecker::note_reborrow_place,TypeRef vt = val ? val.type(pool) : TypeRef(nullptr);
1043371,10033,13,10033,45,if guard,logos::compiler::BorrowChecker::note_reborrow_place,"if (is_reborrow_store_value(vt, val)) s = ref_sources_of(val);   // R7a rule 2 (+P1)"
131434,10033,47,10033,70,if guard,logos::compiler::BorrowChecker::note_reborrow_place,"if (is_reborrow_store_value(vt, val)) s = ref_sources_of(val);   // R7a rule 2 (+P1)"
1043371,10034,13,10034,15,if guard,logos::compiler::BorrowChecker::note_reborrow_place,if (vt && vt.kind() == LogosType::Kind::MutRef) reborrow_mut_.insert(place);
1043371,10034,13,10034,55,if guard,logos::compiler::BorrowChecker::note_reborrow_place,if (vt && vt.kind() == LogosType::Kind::MutRef) reborrow_mut_.insert(place);
1043371,10034,19,10034,55,if guard,logos::compiler::BorrowChecker::note_reborrow_place,if (vt && vt.kind() == LogosType::Kind::MutRef) reborrow_mut_.insert(place);
30775,10034,57,10034,84,if guard,logos::compiler::BorrowChecker::note_reborrow_place,if (vt && vt.kind() == LogosType::Kind::MutRef) reborrow_mut_.insert(place);
1012596,10035,57,10035,83,else branch,logos::compiler::BorrowChecker::note_reborrow_place,else                                            reborrow_mut_.erase(place);
4484347,10074,84,10079,6,call / statement,logos::compiler::BorrowChecker::note_struct_lit_reborrows,"void note_struct_lit_reborrows(const std::string& name, lir_view::ExprRef val) {"
1043177,10076,64,10078,14,statement,logos::compiler::BorrowChecker::note_struct_lit_reborrows,"[&](const std::string& place, lir_view::ExprRef v) {"
5318471,10104,66,10138,6,statement,logos::compiler::BorrowChecker::resolve_ref_places,std::vector<std::string>& out) const {
5318471,10105,13,10105,25,if guard,logos::compiler::BorrowChecker::resolve_ref_places,if (base.empty()) return;
0,10105,27,10105,33,if guard,logos::compiler::BorrowChecker::resolve_ref_places,if (base.empty()) return;
5318471,10106,9,10138,6,statement,logos::compiler::BorrowChecker::resolve_ref_places,std::vector<std::string> frontier;
5318484,10107,80,10112,10,call / statement,logos::compiler::BorrowChecker::resolve_ref_places,"auto close = [&](const std::string& n, std::vector<std::string>& into) {"
5327293,10108,65,10111,14,call / statement,logos::compiler::BorrowChecker::resolve_ref_places,"reborrow_of_.each_root(n, [&](const std::string& m) {"
5327293,10109,21,10109,70,if guard,logos::compiler::BorrowChecker::resolve_ref_places,"if (std::find(out.begin(), out.end(), m) == out.end()) out.push_back(m);"
5327293,10109,72,10109,88,if guard,logos::compiler::BorrowChecker::resolve_ref_places,"if (std::find(out.begin(), out.end(), m) == out.end()) out.push_back(m);"
5318471,10114,13,10114,21,if guard,logos::compiler::BorrowChecker::resolve_ref_places,if (!path_ok) return;
27448,10114,23,10114,29,if guard,logos::compiler::BorrowChecker::resolve_ref_places,if (!path_ok) return;
5291023,10119,9,10138,6,loop body,logos::compiler::BorrowChecker::resolve_ref_places,for (auto it = fields_outer_first.rbegin(); it != fields_outer_first.rend(); ++it) {
5295217,10119,53,10119,84,loop body,logos::compiler::BorrowChecker::resolve_ref_places,for (auto it = fields_outer_first.rbegin(); it != fields_outer_first.rend(); ++it) {
4194,10119,86,10119,90,loop body,logos::compiler::BorrowChecker::resolve_ref_places,for (auto it = fields_outer_first.rbegin(); it != fields_outer_first.rend(); ++it) {
4194,10119,92,10137,10,loop body,logos::compiler::BorrowChecker::resolve_ref_places,for (auto it = fields_outer_first.rbegin(); it != fields_outer_first.rend(); ++it) {
4955,10121,38,10134,14,loop body,logos::compiler::BorrowChecker::resolve_ref_places,for (auto& n : frontier) {
4955,10123,21,10123,43,if guard,logos::compiler::BorrowChecker::resolve_ref_places,"if (reborrow_of_.find(key)) { close(key, next); continue; }"
13,10123,45,10123,76,if guard,logos::compiler::BorrowChecker::resolve_ref_places,"if (reborrow_of_.find(key)) { close(key, next); continue; }"
4942,10133,17,10134,14,statement,logos::compiler::BorrowChecker::resolve_ref_places,"next.push_back(key);   // frontier only, not `out`"
4194,10135,17,10135,29,if guard,logos::compiler::BorrowChecker::resolve_ref_places,if (next.empty()) break;
0,10135,31,10135,36,if guard,logos::compiler::BorrowChecker::resolve_ref_places,if (next.empty()) break;
4194,10136,13,10137,10,statement,logos::compiler::BorrowChecker::resolve_ref_places,frontier.swap(next);
1306561,10143,60,10160,6,statement,logos::compiler::BorrowChecker::resolve_place_reborrow,bool path_ok) const {
1306561,10145,13,10145,21,if guard,logos::compiler::BorrowChecker::resolve_place_reborrow,if (!path_ok) return base;
6170,10145,23,10145,34,if guard,logos::compiler::BorrowChecker::resolve_place_reborrow,if (!path_ok) return base;
1300391,10151,9,10159,20,statement,logos::compiler::BorrowChecker::resolve_place_reborrow,std::string cur = base;
1332229,10152,53,10152,84,loop body,logos::compiler::BorrowChecker::resolve_place_reborrow,for (auto it = fields_outer_first.rbegin(); it != fields_outer_first.rend(); ++it) {
31838,10152,86,10152,90,loop body,logos::compiler::BorrowChecker::resolve_place_reborrow,for (auto it = fields_outer_first.rbegin(); it != fields_outer_first.rend(); ++it) {
31838,10152,92,10158,10,loop body,logos::compiler::BorrowChecker::resolve_place_reborrow,for (auto it = fields_outer_first.rbegin(); it != fields_outer_first.rend(); ++it) {
31838,10155,17,10155,19,if guard,logos::compiler::BorrowChecker::resolve_place_reborrow,if (!f || f->empty()) continue;
31838,10155,17,10155,33,if guard,logos::compiler::BorrowChecker::resolve_place_reborrow,if (!f || f->empty()) continue;
25,10155,23,10155,33,if guard,logos::compiler::BorrowChecker::resolve_place_reborrow,if (!f || f->empty()) continue;
31813,10155,35,10155,43,if guard,logos::compiler::BorrowChecker::resolve_place_reborrow,if (!f || f->empty()) continue;
25,10156,13,10158,10,statement,logos::compiler::BorrowChecker::resolve_place_reborrow,cur  = reborrow_of_.endpoint(f->front());
4484349,10183,76,10192,6,call / statement,logos::compiler::BorrowChecker::note_closure_caps,"void note_closure_caps(const std::string& name, lir_view::ExprRef val) {"
4484349,10185,13,10185,25,if guard,logos::compiler::BorrowChecker::note_closure_caps,if (name.empty()) return;
2,10185,27,10185,33,if guard,logos::compiler::BorrowChecker::note_closure_caps,if (name.empty()) return;
4484347,10186,9,10192,6,if guard,logos::compiler::BorrowChecker::note_closure_caps,if (!val || val.kind() != Code::ClosureBox) { closure_caps_.erase(name); return; }
4484347,10186,13,10186,17,if guard,logos::compiler::BorrowChecker::note_closure_caps,if (!val || val.kind() != Code::ClosureBox) { closure_caps_.erase(name); return; }
4484347,10186,13,10186,51,if guard,logos::compiler::BorrowChecker::note_closure_caps,if (!val || val.kind() != Code::ClosureBox) { closure_caps_.erase(name); return; }
4484230,10186,21,10186,51,if guard,logos::compiler::BorrowChecker::note_closure_caps,if (!val || val.kind() != Code::ClosureBox) { closure_caps_.erase(name); return; }
4483928,10186,53,10186,91,if guard,logos::compiler::BorrowChecker::note_closure_caps,if (!val || val.kind() != Code::ClosureBox) { closure_caps_.erase(name); return; }
419,10187,9,10192,6,statement,logos::compiler::BorrowChecker::note_closure_caps,std::vector<std::string> caps;
289,10189,36,10189,61,statement,logos::compiler::BorrowChecker::note_closure_caps,[&](std::string_view c){ caps.emplace_back(c); });
419,10190,13,10190,25,if guard,logos::compiler::BorrowChecker::note_closure_caps,if (caps.empty()) closure_caps_.erase(name);
161,10190,27,10190,52,if guard,logos::compiler::BorrowChecker::note_closure_caps,if (caps.empty()) closure_caps_.erase(name);
258,10191,27,10191,64,else branch,logos::compiler::BorrowChecker::note_closure_caps,else              closure_caps_[name] = std::move(caps);
63319,10193,85,10202,6,statement,logos::compiler::BorrowChecker::closure_caps_of[abi:cxx11],const std::vector<std::string>* closure_caps_of(lir_view::ExprRef callee) const {
63319,10195,13,10195,20,if guard,logos::compiler::BorrowChecker::closure_caps_of[abi:cxx11],if (!callee) return nullptr;
0,10195,22,10195,36,if guard,logos::compiler::BorrowChecker::closure_caps_of[abi:cxx11],if (!callee) return nullptr;
63319,10196,9,10202,6,statement,logos::compiler::BorrowChecker::closure_caps_of[abi:cxx11],const auto* pool = prog_.type_pool.impl();
63319,10198,13,10198,16,if guard,logos::compiler::BorrowChecker::closure_caps_of[abi:cxx11],if (!ct || ct.kind() != LogosType::Kind::Closure) return nullptr;
63319,10198,13,10198,57,if guard,logos::compiler::BorrowChecker::closure_caps_of[abi:cxx11],if (!ct || ct.kind() != LogosType::Kind::Closure) return nullptr;
63319,10198,20,10198,57,if guard,logos::compiler::BorrowChecker::closure_caps_of[abi:cxx11],if (!ct || ct.kind() != LogosType::Kind::Closure) return nullptr;
63236,10198,59,10198,73,if guard,logos::compiler::BorrowChecker::closure_caps_of[abi:cxx11],if (!ct || ct.kind() != LogosType::Kind::Closure) return nullptr;
83,10199,9,10202,6,if guard,logos::compiler::BorrowChecker::closure_caps_of[abi:cxx11],if (callee.kind() != Code::VarRef) return nullptr;
83,10199,13,10199,42,if guard,logos::compiler::BorrowChecker::closure_caps_of[abi:cxx11],if (callee.kind() != Code::VarRef) return nullptr;
2,10199,44,10199,58,if guard,logos::compiler::BorrowChecker::closure_caps_of[abi:cxx11],if (callee.kind() != Code::VarRef) return nullptr;
81,10200,9,10201,65,statement,logos::compiler::BorrowChecker::closure_caps_of[abi:cxx11],auto it = closure_caps_.find(std::string(lir_view::EVarRefView{callee}.name()));
81,10201,16,10201,41,early return,logos::compiler::BorrowChecker::closure_caps_of[abi:cxx11],return it == closure_caps_.end() ? nullptr : &it->second;
42,10201,44,10201,51,early return,logos::compiler::BorrowChecker::closure_caps_of[abi:cxx11],return it == closure_caps_.end() ? nullptr : &it->second;
39,10201,54,10201,65,early return,logos::compiler::BorrowChecker::closure_caps_of[abi:cxx11],return it == closure_caps_.end() ? nullptr : &it->second;
63319,10203,63,10208,6,call / statement,logos::compiler::BorrowChecker::call_callee,static lir_view::ExprRef call_callee(lir_view::ExprRef e) {
63319,10205,13,10205,42,if guard,logos::compiler::BorrowChecker::call_callee,if (e.kind() == Code::ClosureCall) return lir_view::EClosureCallView{e}.callee();
146,10205,44,10205,89,if guard,logos::compiler::BorrowChecker::call_callee,if (e.kind() == Code::ClosureCall) return lir_view::EClosureCallView{e}.callee();
63173,10206,9,10208,6,if guard,logos::compiler::BorrowChecker::call_callee,if (e.kind() == Code::FnPtrCall)   return lir_view::EFnPtrCallView{e}.callee();
63173,10206,13,10206,40,if guard,logos::compiler::BorrowChecker::call_callee,if (e.kind() == Code::FnPtrCall)   return lir_view::EFnPtrCallView{e}.callee();
63173,10206,44,10206,87,if guard,logos::compiler::BorrowChecker::call_callee,if (e.kind() == Code::FnPtrCall)   return lir_view::EFnPtrCallView{e}.callee();
0,10207,9,10207,18,early return,logos::compiler::BorrowChecker::call_callee,return {};
545517,10212,54,10214,6,statement,logos::compiler::BorrowChecker::rehome_reborrow,std::string rehome_reborrow(std::string n) const {
194,10233,84,10266,6,call / statement,logos::compiler::BorrowChecker::release_place_retarget,"void release_place_retarget(const std::string& place, const std::string& root) {"
194,10235,13,10235,17,if guard,logos::compiler::BorrowChecker::release_place_retarget,if (!old || root.empty()) return;
194,10235,13,10235,33,if guard,logos::compiler::BorrowChecker::release_place_retarget,if (!old || root.empty()) return;
30,10235,21,10235,33,if guard,logos::compiler::BorrowChecker::release_place_retarget,if (!old || root.empty()) return;
164,10235,35,10235,41,if guard,logos::compiler::BorrowChecker::release_place_retarget,if (!old || root.empty()) return;
30,10246,9,10266,6,if guard,logos::compiler::BorrowChecker::release_place_retarget,"if (logos::probe::on(""retarget_keep"")) return;"
30,10246,13,10246,46,if guard,logos::compiler::BorrowChecker::release_place_retarget,"if (logos::probe::on(""retarget_keep"")) return;"
0,10246,48,10246,54,if guard,logos::compiler::BorrowChecker::release_place_retarget,"if (logos::probe::on(""retarget_keep"")) return;"
30,10247,9,10266,6,statement,logos::compiler::BorrowChecker::release_place_retarget,std::vector<std::string> targets(*old);
7,10248,51,10253,10,call / statement,logos::compiler::BorrowChecker::release_place_retarget,auto take_one = [&](const std::string& t) {
7,10250,17,10250,36,if guard,logos::compiler::BorrowChecker::release_place_retarget,if (it == targets.end()) return false;
0,10250,38,10250,50,if guard,logos::compiler::BorrowChecker::release_place_retarget,if (it == targets.end()) return false;
7,10251,13,10252,24,statement,logos::compiler::BorrowChecker::release_place_retarget,targets.erase(it);
212,10254,37,10265,10,loop body,logos::compiler::BorrowChecker::release_place_retarget,for (auto& frame : scopes_) {
219,10255,51,10255,56,loop body,logos::compiler::BorrowChecker::release_place_retarget,for (size_t i = frame.borrows.size(); i > 0; --i) {
7,10255,58,10255,61,loop body,logos::compiler::BorrowChecker::release_place_retarget,for (size_t i = frame.borrows.size(); i > 0; --i) {
7,10255,63,10264,14,loop body,logos::compiler::BorrowChecker::release_place_retarget,for (size_t i = frame.borrows.size(); i > 0; --i) {
7,10257,21,10257,38,if guard,logos::compiler::BorrowChecker::release_place_retarget,if (br.holder != root || !br.co_holders.empty()) continue;
7,10257,21,10257,64,if guard,logos::compiler::BorrowChecker::release_place_retarget,if (br.holder != root || !br.co_holders.empty()) continue;
7,10257,42,10257,64,if guard,logos::compiler::BorrowChecker::release_place_retarget,if (br.holder != root || !br.co_holders.empty()) continue;
0,10257,66,10257,74,if guard,logos::compiler::BorrowChecker::release_place_retarget,if (br.holder != root || !br.co_holders.empty()) continue;
7,10258,17,10264,14,if guard,logos::compiler::BorrowChecker::release_place_retarget,if (!take_one(br.target)) continue;
7,10258,21,10258,41,if guard,logos::compiler::BorrowChecker::release_place_retarget,if (!take_one(br.target)) continue;
0,10258,43,10258,51,if guard,logos::compiler::BorrowChecker::release_place_retarget,if (!take_one(br.target)) continue;
7,10259,17,10264,14,if guard,logos::compiler::BorrowChecker::release_place_retarget,"if (auto sit = var_find(br.target_slot, br.target); sit != nullptr) {"
7,10259,69,10259,83,if guard,logos::compiler::BorrowChecker::release_place_retarget,"if (auto sit = var_find(br.target_slot, br.target); sit != nullptr) {"
7,10259,85,10262,18,if guard,logos::compiler::BorrowChecker::release_place_retarget,"if (auto sit = var_find(br.target_slot, br.target); sit != nullptr) {"
7,10260,25,10260,34,if guard,logos::compiler::BorrowChecker::release_place_retarget,if (br.is_mut) sit->mut_borrowed = false;
6,10260,36,10260,61,if guard,logos::compiler::BorrowChecker::release_place_retarget,if (br.is_mut) sit->mut_borrowed = false;
1,10261,26,10261,76,else-if guard,logos::compiler::BorrowChecker::release_place_retarget,else if (sit->shared_borrows > 0) --sit->shared_borrows;
1,10261,30,10261,53,else-if guard,logos::compiler::BorrowChecker::release_place_retarget,else if (sit->shared_borrows > 0) --sit->shared_borrows;
1,10261,55,10261,76,else-if guard,logos::compiler::BorrowChecker::release_place_retarget,else if (sit->shared_borrows > 0) --sit->shared_borrows;
18992,10268,59,10348,6,call / statement,logos::compiler::BorrowChecker::place_write_loans,"uint32_t ln, bool through_ref) {"
18992,10269,13,10269,25,if guard,logos::compiler::BorrowChecker::place_write_loans,if (root.empty() || !val) return;
18992,10269,13,10269,33,if guard,logos::compiler::BorrowChecker::place_write_loans,if (root.empty() || !val) return;
18992,10269,29,10269,33,if guard,logos::compiler::BorrowChecker::place_write_loans,if (root.empty() || !val) return;
0,10269,35,10269,41,if guard,logos::compiler::BorrowChecker::place_write_loans,if (root.empty() || !val) return;
18992,10278,9,10348,6,statement,logos::compiler::BorrowChecker::place_write_loans,using EC = lir_schema::expr::Code;
18992,10280,24,10280,51,statement,logos::compiler::BorrowChecker::place_write_loans,bool agg_lit = val.kind() == EC::StructLit || val.kind() == EC::TupleLit ||
18992,10280,24,10280,81,statement,logos::compiler::BorrowChecker::place_write_loans,bool agg_lit = val.kind() == EC::StructLit || val.kind() == EC::TupleLit ||
18992,10280,24,10281,48,statement,logos::compiler::BorrowChecker::place_write_loans,bool agg_lit = val.kind() == EC::StructLit || val.kind() == EC::TupleLit ||
18928,10280,55,10280,81,statement,logos::compiler::BorrowChecker::place_write_loans,bool agg_lit = val.kind() == EC::StructLit || val.kind() == EC::TupleLit ||
18928,10281,24,10281,48,statement,logos::compiler::BorrowChecker::place_write_loans,val.kind() == EC::ArrLit    || val.kind() == EC::EnumLitData;
18928,10281,55,10281,84,statement,logos::compiler::BorrowChecker::place_write_loans,val.kind() == EC::ArrLit    || val.kind() == EC::EnumLitData;
18992,10282,13,10282,21,if guard,logos::compiler::BorrowChecker::place_write_loans,if (!agg_lit && !is_ref_kind(vt) && !is_borrow_carrying_type(vt)) return;
18992,10282,13,10282,41,if guard,logos::compiler::BorrowChecker::place_write_loans,if (!agg_lit && !is_ref_kind(vt) && !is_borrow_carrying_type(vt)) return;
18992,10282,13,10282,73,if guard,logos::compiler::BorrowChecker::place_write_loans,if (!agg_lit && !is_ref_kind(vt) && !is_borrow_carrying_type(vt)) return;
18919,10282,25,10282,41,if guard,logos::compiler::BorrowChecker::place_write_loans,if (!agg_lit && !is_ref_kind(vt) && !is_borrow_carrying_type(vt)) return;
18179,10282,45,10282,73,if guard,logos::compiler::BorrowChecker::place_write_loans,if (!agg_lit && !is_ref_kind(vt) && !is_borrow_carrying_type(vt)) return;
17878,10282,75,10282,81,if guard,logos::compiler::BorrowChecker::place_write_loans,if (!agg_lit && !is_ref_kind(vt) && !is_borrow_carrying_type(vt)) return;
1114,10283,9,10348,6,statement,logos::compiler::BorrowChecker::place_write_loans,size_t nb = scopes_.empty() ? 0 : scopes_.back().borrows.size();
1114,10283,21,10283,36,statement,logos::compiler::BorrowChecker::place_write_loans,size_t nb = scopes_.empty() ? 0 : scopes_.back().borrows.size();
0,10283,39,10283,40,statement,logos::compiler::BorrowChecker::place_write_loans,size_t nb = scopes_.empty() ? 0 : scopes_.back().borrows.size();
1114,10283,43,10283,72,statement,logos::compiler::BorrowChecker::place_write_loans,size_t nb = scopes_.empty() ? 0 : scopes_.back().borrows.size();
1114,10284,21,10284,36,statement,logos::compiler::BorrowChecker::place_write_loans,size_t nf = scopes_.empty() ? 0 : scopes_.back().field_borrows.size();
0,10284,39,10284,40,statement,logos::compiler::BorrowChecker::place_write_loans,size_t nf = scopes_.empty() ? 0 : scopes_.back().field_borrows.size();
1114,10284,43,10284,78,statement,logos::compiler::BorrowChecker::place_write_loans,size_t nf = scopes_.empty() ? 0 : scopes_.back().field_borrows.size();
1114,10294,13,10294,29,if guard,logos::compiler::BorrowChecker::place_write_loans,if (!scopes_.empty()) {
1114,10294,31,10316,10,if guard,logos::compiler::BorrowChecker::place_write_loans,if (!scopes_.empty()) {
1176,10296,48,10296,54,loop body,logos::compiler::BorrowChecker::place_write_loans,for (size_t i = fr.borrows.size(); i > nb; --i) {
62,10296,56,10296,59,loop body,logos::compiler::BorrowChecker::place_write_loans,for (size_t i = fr.borrows.size(); i > nb; --i) {
62,10296,61,10304,14,loop body,logos::compiler::BorrowChecker::place_write_loans,for (size_t i = fr.borrows.size(); i > nb; --i) {
62,10298,21,10298,38,if guard,logos::compiler::BorrowChecker::place_write_loans,if (br.target != root) continue;
62,10298,40,10298,48,if guard,logos::compiler::BorrowChecker::place_write_loans,if (br.target != root) continue;
0,10299,17,10304,14,if guard,logos::compiler::BorrowChecker::place_write_loans,"if (auto it = var_find(br.target_slot, br.target); it != nullptr) {"
0,10299,68,10299,81,if guard,logos::compiler::BorrowChecker::place_write_loans,"if (auto it = var_find(br.target_slot, br.target); it != nullptr) {"
0,10299,83,10302,18,if guard,logos::compiler::BorrowChecker::place_write_loans,"if (auto it = var_find(br.target_slot, br.target); it != nullptr) {"
0,10300,25,10300,34,if guard,logos::compiler::BorrowChecker::place_write_loans,if (br.is_mut) it->mut_borrowed = false;
0,10300,36,10300,60,if guard,logos::compiler::BorrowChecker::place_write_loans,if (br.is_mut) it->mut_borrowed = false;
0,10301,26,10301,74,else-if guard,logos::compiler::BorrowChecker::place_write_loans,else if (it->shared_borrows > 0) --it->shared_borrows;
0,10301,30,10301,52,else-if guard,logos::compiler::BorrowChecker::place_write_loans,else if (it->shared_borrows > 0) --it->shared_borrows;
0,10301,54,10301,74,else-if guard,logos::compiler::BorrowChecker::place_write_loans,else if (it->shared_borrows > 0) --it->shared_borrows;
1114,10305,54,10305,60,loop body,logos::compiler::BorrowChecker::place_write_loans,for (size_t i = fr.field_borrows.size(); i > nf; --i) {
0,10305,62,10305,65,loop body,logos::compiler::BorrowChecker::place_write_loans,for (size_t i = fr.field_borrows.size(); i > nf; --i) {
0,10305,67,10315,14,loop body,logos::compiler::BorrowChecker::place_write_loans,for (size_t i = fr.field_borrows.size(); i > nf; --i) {
0,10307,21,10307,38,if guard,logos::compiler::BorrowChecker::place_write_loans,if (fb.target != root) continue;
0,10307,40,10307,48,if guard,logos::compiler::BorrowChecker::place_write_loans,if (fb.target != root) continue;
0,10308,17,10315,14,if guard,logos::compiler::BorrowChecker::place_write_loans,"if (auto it = var_find(fb.target_slot, fb.target); it != nullptr) {"
0,10308,68,10308,81,if guard,logos::compiler::BorrowChecker::place_write_loans,"if (auto it = var_find(fb.target_slot, fb.target); it != nullptr) {"
0,10308,83,10313,18,if guard,logos::compiler::BorrowChecker::place_write_loans,"if (auto it = var_find(fb.target_slot, fb.target); it != nullptr) {"
0,10309,25,10309,34,if guard,logos::compiler::BorrowChecker::place_write_loans,if (fb.is_mut) it->mut_field_borrows.erase(fb.path);
0,10309,36,10309,72,if guard,logos::compiler::BorrowChecker::place_write_loans,if (fb.is_mut) it->mut_field_borrows.erase(fb.path);
0,10310,26,10312,59,else-if guard,logos::compiler::BorrowChecker::place_write_loans,else if (auto sb = it->shared_field_borrows.find(fb.path);
0,10311,30,10311,66,call / statement,logos::compiler::BorrowChecker::place_write_loans,sb != it->shared_field_borrows.end() && --sb->second <= 0)
0,10311,30,10311,87,call / statement,logos::compiler::BorrowChecker::place_write_loans,sb != it->shared_field_borrows.end() && --sb->second <= 0)
0,10311,70,10311,87,call / statement,logos::compiler::BorrowChecker::place_write_loans,sb != it->shared_field_borrows.end() && --sb->second <= 0)
0,10312,25,10312,59,statement,logos::compiler::BorrowChecker::place_write_loans,it->shared_field_borrows.erase(sb);
1114,10317,13,10317,25,if guard,logos::compiler::BorrowChecker::place_write_loans,if (!through_ref) return;
1080,10317,27,10317,33,if guard,logos::compiler::BorrowChecker::place_write_loans,if (!through_ref) return;
34,10318,9,10348,6,statement,logos::compiler::BorrowChecker::place_write_loans,std::vector<RefSrc> src_ids = ref_sources_under(root);
34,10319,13,10319,28,if guard,logos::compiler::BorrowChecker::place_write_loans,if (src_ids.empty()) return;
15,10319,30,10319,36,if guard,logos::compiler::BorrowChecker::place_write_loans,if (src_ids.empty()) return;
19,10320,9,10348,6,loop body,logos::compiler::BorrowChecker::place_write_loans,for (auto& src_id : src_ids) {
21,10320,38,10346,10,loop body,logos::compiler::BorrowChecker::place_write_loans,for (auto& src_id : src_ids) {
21,10322,17,10322,28,if guard,logos::compiler::BorrowChecker::place_write_loans,if (src == root) continue;
0,10322,30,10322,38,if guard,logos::compiler::BorrowChecker::place_write_loans,if (src == root) continue;
21,10330,13,10346,10,call / statement,logos::compiler::BorrowChecker::place_write_loans,auto reroot = [&](auto& rec) {
34,10330,42,10341,14,call / statement,auto logos::compiler::BorrowChecker::place_write_loans,auto reroot = [&](auto& rec) {
34,10331,21,10331,38,if guard,auto logos::compiler::BorrowChecker::place_write_loans,if (rec.target == src) return;
21,10331,40,10331,46,if guard,auto logos::compiler::BorrowChecker::place_write_loans,if (rec.target == src) return;
13,10332,17,10341,14,if guard,auto logos::compiler::BorrowChecker::place_write_loans,if (rec.holder != root &&
13,10332,21,10332,39,if guard,auto logos::compiler::BorrowChecker::place_write_loans,if (rec.holder != root &&
13,10332,21,10334,48,if guard,auto logos::compiler::BorrowChecker::place_write_loans,if (rec.holder != root &&
2,10333,21,10334,48,call / statement,auto logos::compiler::BorrowChecker::place_write_loans,"std::find(rec.co_holders.begin(), rec.co_holders.end(), root)"
2,10334,50,10334,56,statement,auto logos::compiler::BorrowChecker::place_write_loans,== rec.co_holders.end()) return;
11,10335,17,10341,14,if guard,auto logos::compiler::BorrowChecker::place_write_loans,if (rec.holder == src) return;
11,10335,21,10335,38,if guard,auto logos::compiler::BorrowChecker::place_write_loans,if (rec.holder == src) return;
0,10335,40,10335,46,if guard,auto logos::compiler::BorrowChecker::place_write_loans,if (rec.holder == src) return;
11,10336,17,10341,14,if guard,auto logos::compiler::BorrowChecker::place_write_loans,"if (std::find(rec.co_holders.begin(), rec.co_holders.end(), src)"
11,10336,21,10337,44,if guard,auto logos::compiler::BorrowChecker::place_write_loans,"if (std::find(rec.co_holders.begin(), rec.co_holders.end(), src)"
0,10337,46,10337,52,statement,auto logos::compiler::BorrowChecker::place_write_loans,!= rec.co_holders.end()) return;
11,10338,17,10341,14,statement,auto logos::compiler::BorrowChecker::place_write_loans,rec.co_holders.push_back(src);
45,10342,41,10345,14,loop body,logos::compiler::BorrowChecker::place_write_loans,for (auto& frame : scopes_) {
32,10343,54,10343,64,loop body,logos::compiler::BorrowChecker::place_write_loans,for (auto& br : frame.borrows)       reroot(br);
2,10344,54,10344,64,loop body,logos::compiler::BorrowChecker::place_write_loans,for (auto& fb : frame.field_borrows) reroot(fb);
43504858,10350,43,11464,6,call / statement,logos::compiler::BorrowChecker::visit_stmt,void visit_stmt(lir_view::StmtRef sr) {
43504858,10351,13,10351,16,if guard,logos::compiler::BorrowChecker::visit_stmt,if (!sr) return;
0,10351,18,10351,24,if guard,logos::compiler::BorrowChecker::visit_stmt,if (!sr) return;
43504858,10352,9,11464,6,statement,logos::compiler::BorrowChecker::visit_stmt,uint32_t ln = lir_view::stmt_line(sr);
43504858,10355,43,10355,62,if guard,logos::compiler::BorrowChecker::visit_stmt,if (uint64_t pt = stmt_point(sr); pt > max_line_seen_) max_line_seen_ = pt;
0,10355,64,10355,83,if guard,logos::compiler::BorrowChecker::visit_stmt,if (uint64_t pt = stmt_point(sr); pt > max_line_seen_) max_line_seen_ = pt;
43504858,10365,13,10365,57,if guard,logos::compiler::BorrowChecker::visit_stmt,"if (std::getenv(""LOGOS_DUMP_BC_PLACEWRITE_DOOR"") &&"
43504858,10365,13,10366,77,if guard,logos::compiler::BorrowChecker::visit_stmt,"if (std::getenv(""LOGOS_DUMP_BC_PLACEWRITE_DOOR"") &&"
0,10366,13,10366,77,statement,logos::compiler::BorrowChecker::visit_stmt,(sr.kind() == Code::FieldWrite || sr.kind() == Code::TupleWrite))
0,10366,14,10366,43,statement,logos::compiler::BorrowChecker::visit_stmt,(sr.kind() == Code::FieldWrite || sr.kind() == Code::TupleWrite))
0,10366,47,10366,76,statement,logos::compiler::BorrowChecker::visit_stmt,(sr.kind() == Code::FieldWrite || sr.kind() == Code::TupleWrite))
0,10367,13,10368,58,statement,logos::compiler::BorrowChecker::visit_stmt,"fprintf(stderr, ""[bc-placewrite-door] fn=%s ln=%u kind=%d\n"","
0,10367,21,10367,21,statement,logos::compiler::BorrowChecker::visit_stmt,"fprintf(stderr, ""[bc-placewrite-door] fn=%s ln=%u kind=%d\n"","
3813131,10372,13,11462,22,switch arm,logos::compiler::BorrowChecker::visit_stmt,case Code::Let: {
3813131,10374,21,10374,74,if guard,logos::compiler::BorrowChecker::visit_stmt,"if (is_cond_move_field_drop_temp(sr, v.name(), v.value())) break;  // #121"
34,10374,76,10374,81,if guard,logos::compiler::BorrowChecker::visit_stmt,"if (is_cond_move_field_drop_temp(sr, v.name(), v.value())) break;  // #121"
3813097,10375,17,10519,22,statement,logos::compiler::BorrowChecker::visit_stmt,auto val = v.value();
3813097,10381,37,10381,38,statement,logos::compiler::BorrowChecker::visit_stmt,bool is_closure_t = t && t.kind() == LogosType::Kind::Closure;
3813097,10381,42,10381,78,statement,logos::compiler::BorrowChecker::visit_stmt,bool is_closure_t = t && t.kind() == LogosType::Kind::Closure;
3813097,10392,21,10392,22,if guard,logos::compiler::BorrowChecker::visit_stmt,if (t) holder_ty_[name] = t;
3813097,10392,24,10392,44,if guard,logos::compiler::BorrowChecker::visit_stmt,if (t) holder_ty_[name] = t;
3813097,10401,39,10401,42,statement,logos::compiler::BorrowChecker::visit_stmt,bool val_is_agg_lit = val &&
3812980,10402,21,10405,72,statement,logos::compiler::BorrowChecker::visit_stmt,(val.kind() == lir_schema::expr::Code::StructLit ||
3812980,10402,22,10402,69,statement,logos::compiler::BorrowChecker::visit_stmt,(val.kind() == lir_schema::expr::Code::StructLit ||
3812980,10402,22,10403,68,statement,logos::compiler::BorrowChecker::visit_stmt,(val.kind() == lir_schema::expr::Code::StructLit ||
3812980,10402,22,10404,66,statement,logos::compiler::BorrowChecker::visit_stmt,(val.kind() == lir_schema::expr::Code::StructLit ||
3804778,10403,22,10403,68,statement,logos::compiler::BorrowChecker::visit_stmt,val.kind() == lir_schema::expr::Code::TupleLit ||
3797809,10404,22,10404,66,statement,logos::compiler::BorrowChecker::visit_stmt,val.kind() == lir_schema::expr::Code::ArrLit ||
3793119,10405,22,10405,71,statement,logos::compiler::BorrowChecker::visit_stmt,val.kind() == lir_schema::expr::Code::EnumLitData);
3813097,10413,21,10413,24,if guard,logos::compiler::BorrowChecker::visit_stmt,if (val && (is_ref_kind(t) || is_closure_t ||
3813097,10413,21,10414,74,if guard,logos::compiler::BorrowChecker::visit_stmt,if (val && (is_ref_kind(t) || is_closure_t ||
3812980,10413,28,10414,74,if guard,logos::compiler::BorrowChecker::visit_stmt,if (val && (is_ref_kind(t) || is_closure_t ||
3812980,10413,29,10413,43,if guard,logos::compiler::BorrowChecker::visit_stmt,if (val && (is_ref_kind(t) || is_closure_t ||
3812980,10413,29,10413,59,if guard,logos::compiler::BorrowChecker::visit_stmt,if (val && (is_ref_kind(t) || is_closure_t ||
3812980,10413,29,10414,55,if guard,logos::compiler::BorrowChecker::visit_stmt,if (val && (is_ref_kind(t) || is_closure_t ||
3708743,10413,47,10413,59,if guard,logos::compiler::BorrowChecker::visit_stmt,if (val && (is_ref_kind(t) || is_closure_t ||
3708259,10414,29,10414,55,call / statement,logos::compiler::BorrowChecker::visit_stmt,is_borrow_carrying_type(t) || val_is_agg_lit)) {
3692120,10414,59,10414,73,call / statement,logos::compiler::BorrowChecker::visit_stmt,is_borrow_carrying_type(t) || val_is_agg_lit)) {
1134575,10414,76,10416,18,call / statement,logos::compiler::BorrowChecker::visit_stmt,is_borrow_carrying_type(t) || val_is_agg_lit)) {
2678522,10416,24,10443,18,else-if guard,logos::compiler::BorrowChecker::visit_stmt,} else if (val) {
2678522,10416,28,10416,31,else-if guard,logos::compiler::BorrowChecker::visit_stmt,} else if (val) {
2678405,10416,33,10443,18,else-if guard,logos::compiler::BorrowChecker::visit_stmt,} else if (val) {
2678405,10435,25,10435,46,if guard,logos::compiler::BorrowChecker::visit_stmt,if (loan_carrying_type(t) ||
2678405,10435,25,10436,59,if guard,logos::compiler::BorrowChecker::visit_stmt,if (loan_carrying_type(t) ||
2678405,10435,25,10437,59,if guard,logos::compiler::BorrowChecker::visit_stmt,if (loan_carrying_type(t) ||
2678394,10436,25,10436,59,statement,logos::compiler::BorrowChecker::visit_stmt,loan_carrying_type(val.type(pool)) ||
2678392,10437,25,10437,59,call / statement,logos::compiler::BorrowChecker::visit_stmt,retains_loan_carrying_operand(val)) {
3487,10437,61,10442,22,call / statement,logos::compiler::BorrowChecker::visit_stmt,retains_loan_carrying_operand(val)) {
4021,10440,47,10440,73,loop body,logos::compiler::BorrowChecker::visit_stmt,"for (auto& r : roots) inherit_loans(r, name, ln);"
3813097,10447,61,10447,74,if guard,logos::compiler::BorrowChecker::visit_stmt,"if (auto it = var_find(v.var_slot(), name); it != nullptr)"
3813097,10448,21,10448,52,statement,logos::compiler::BorrowChecker::visit_stmt,it->is_mut_binding = v.is_mut();
3813097,10449,21,10449,35,if guard,logos::compiler::BorrowChecker::visit_stmt,if (is_ref_kind(t) || is_borrow_carrying_type(t)) {
3813097,10449,21,10449,65,if guard,logos::compiler::BorrowChecker::visit_stmt,if (is_ref_kind(t) || is_borrow_carrying_type(t)) {
3708815,10449,39,10449,65,if guard,logos::compiler::BorrowChecker::visit_stmt,if (is_ref_kind(t) || is_borrow_carrying_type(t)) {
120422,10449,67,10463,18,if guard,logos::compiler::BorrowChecker::visit_stmt,if (is_ref_kind(t) || is_borrow_carrying_type(t)) {
120422,10456,25,10456,35,if guard,logos::compiler::BorrowChecker::visit_stmt,if (vp.is_temp)
8,10457,25,10461,77,diagnostic emission,logos::compiler::BorrowChecker::visit_stmt,"report(ln,"
3692675,10463,24,10495,18,else-if guard,logos::compiler::BorrowChecker::visit_stmt,} else if (t && !t.lifetime_args().empty() &&
3692675,10463,28,10463,29,else-if guard,logos::compiler::BorrowChecker::visit_stmt,} else if (t && !t.lifetime_args().empty() &&
3692675,10463,28,10463,59,else-if guard,logos::compiler::BorrowChecker::visit_stmt,} else if (t && !t.lifetime_args().empty() &&
3692675,10463,28,10465,68,else-if guard,logos::compiler::BorrowChecker::visit_stmt,} else if (t && !t.lifetime_args().empty() &&
3692675,10463,33,10463,59,else-if guard,logos::compiler::BorrowChecker::visit_stmt,} else if (t && !t.lifetime_args().empty() &&
26,10464,26,10465,68,statement,logos::compiler::BorrowChecker::visit_stmt,(t.kind() == LogosType::Kind::Struct ||
26,10464,27,10464,62,statement,logos::compiler::BorrowChecker::visit_stmt,(t.kind() == LogosType::Kind::Struct ||
5,10465,27,10465,67,call / statement,logos::compiler::BorrowChecker::visit_stmt,t.kind() == LogosType::Kind::ZonedStruct))
21,10466,21,10466,47,statement,logos::compiler::BorrowChecker::visit_stmt,prov_[name] = prov_of(val);  // struct<'z> borrows through lifetime
3692654,10482,22,10495,18,else-if guard,logos::compiler::BorrowChecker::visit_stmt,else if (val && type_may_carry_borrow(t) &&
3692654,10482,26,10482,29,else-if guard,logos::compiler::BorrowChecker::visit_stmt,else if (val && type_may_carry_borrow(t) &&
3692654,10482,26,10482,57,else-if guard,logos::compiler::BorrowChecker::visit_stmt,else if (val && type_may_carry_borrow(t) &&
3692654,10482,26,10483,60,else-if guard,logos::compiler::BorrowChecker::visit_stmt,else if (val && type_may_carry_borrow(t) &&
3692654,10482,26,10484,48,else-if guard,logos::compiler::BorrowChecker::visit_stmt,else if (val && type_may_carry_borrow(t) &&
3692583,10482,33,10482,57,else-if guard,logos::compiler::BorrowChecker::visit_stmt,else if (val && type_may_carry_borrow(t) &&
618140,10483,26,10483,60,statement,logos::compiler::BorrowChecker::visit_stmt,"!residency_exemption_holds(t, val) &&"
617923,10484,26,10484,48,call / statement,logos::compiler::BorrowChecker::visit_stmt,prov_.count(name) == 0) {
617923,10484,50,10495,18,call / statement,logos::compiler::BorrowChecker::visit_stmt,prov_.count(name) == 0) {
617923,10486,25,10486,38,if guard,logos::compiler::BorrowChecker::visit_stmt,if (!vp2.is_local && !vp2.is_temp && vp2.params.empty())
617923,10486,25,10486,54,if guard,logos::compiler::BorrowChecker::visit_stmt,if (!vp2.is_local && !vp2.is_temp && vp2.params.empty())
617923,10486,25,10486,76,if guard,logos::compiler::BorrowChecker::visit_stmt,if (!vp2.is_local && !vp2.is_temp && vp2.params.empty())
617287,10486,42,10486,54,if guard,logos::compiler::BorrowChecker::visit_stmt,if (!vp2.is_local && !vp2.is_temp && vp2.params.empty())
617287,10486,58,10486,76,if guard,logos::compiler::BorrowChecker::visit_stmt,if (!vp2.is_local && !vp2.is_temp && vp2.params.empty())
615659,10487,25,10487,52,statement,logos::compiler::BorrowChecker::visit_stmt,vp2 = prov_of_retained(val);
617923,10488,25,10488,37,if guard,logos::compiler::BorrowChecker::visit_stmt,if (vp2.is_local || vp2.is_temp) {
617923,10488,25,10488,52,if guard,logos::compiler::BorrowChecker::visit_stmt,if (vp2.is_local || vp2.is_temp) {
614492,10488,41,10488,52,if guard,logos::compiler::BorrowChecker::visit_stmt,if (vp2.is_local || vp2.is_temp) {
3431,10488,54,10494,22,if guard,logos::compiler::BorrowChecker::visit_stmt,if (vp2.is_local || vp2.is_temp) {
3431,10489,29,10489,58,if guard,logos::compiler::BorrowChecker::visit_stmt,"if (std::getenv(""LOGOS_86_TRACE""))"
0,10490,29,10492,87,statement,logos::compiler::BorrowChecker::visit_stmt,"fprintf(stderr, ""[#86trace-let] fn=%s line=%u var=%s """
0,10490,37,10490,37,statement,logos::compiler::BorrowChecker::visit_stmt,"fprintf(stderr, ""[#86trace-let] fn=%s line=%u var=%s """
3813097,10497,21,10497,24,if guard,logos::compiler::BorrowChecker::visit_stmt,if (val && struct_is_dropck_relevant(t)) {
3813097,10497,21,10497,56,if guard,logos::compiler::BorrowChecker::visit_stmt,if (val && struct_is_dropck_relevant(t)) {
3812980,10497,28,10497,56,if guard,logos::compiler::BorrowChecker::visit_stmt,if (val && struct_is_dropck_relevant(t)) {
11,10497,58,10504,18,if guard,logos::compiler::BorrowChecker::visit_stmt,if (val && struct_is_dropck_relevant(t)) {
11,10500,25,10500,41,if guard,logos::compiler::BorrowChecker::visit_stmt,if (!sources.empty()) {
9,10500,43,10503,22,if guard,logos::compiler::BorrowChecker::visit_stmt,if (!sources.empty()) {
3813097,10514,21,10514,46,if guard,logos::compiler::BorrowChecker::visit_stmt,if (is_return_temp_name(name) && val) {
3813097,10514,21,10514,53,if guard,logos::compiler::BorrowChecker::visit_stmt,if (is_return_temp_name(name) && val) {
2810199,10514,50,10514,53,if guard,logos::compiler::BorrowChecker::visit_stmt,if (is_return_temp_name(name) && val) {
2810199,10514,55,10518,18,if guard,logos::compiler::BorrowChecker::visit_stmt,if (is_return_temp_name(name) && val) {
2810199,10517,25,10517,36,if guard,logos::compiler::BorrowChecker::visit_stmt,if (!hr.empty()) ret_temp_roots_[name] = std::move(hr);
1063048,10517,38,10517,75,if guard,logos::compiler::BorrowChecker::visit_stmt,if (!hr.empty()) ret_temp_roots_[name] = std::move(hr);
671252,10523,13,10615,22,switch arm,logos::compiler::BorrowChecker::visit_stmt,case Code::Assign: {
671252,10536,56,10536,69,if guard,logos::compiler::BorrowChecker::visit_stmt,"if (auto it = var_find(NO_SLOT, name); it != nullptr) {"
671251,10536,71,10553,18,if guard,logos::compiler::BorrowChecker::visit_stmt,"if (auto it = var_find(NO_SLOT, name); it != nullptr) {"
671251,10537,25,10537,47,if guard,logos::compiler::BorrowChecker::visit_stmt,if (it->shared_borrows > 0)
16,10538,25,10539,83,diagnostic emission,logos::compiler::BorrowChecker::visit_stmt,"report(ln, std::format("
671251,10540,25,10540,41,if guard,logos::compiler::BorrowChecker::visit_stmt,if (it->mut_borrowed)
18,10541,25,10542,89,diagnostic emission,logos::compiler::BorrowChecker::visit_stmt,"report(ln, std::format("
671252,10554,40,10554,43,statement,logos::compiler::BorrowChecker::visit_stmt,bool val_is_agg_lit2 = val &&
671252,10555,21,10558,72,statement,logos::compiler::BorrowChecker::visit_stmt,(val.kind() == lir_schema::expr::Code::StructLit ||
671252,10555,22,10555,69,statement,logos::compiler::BorrowChecker::visit_stmt,(val.kind() == lir_schema::expr::Code::StructLit ||
671252,10555,22,10556,68,statement,logos::compiler::BorrowChecker::visit_stmt,(val.kind() == lir_schema::expr::Code::StructLit ||
671252,10555,22,10557,66,statement,logos::compiler::BorrowChecker::visit_stmt,(val.kind() == lir_schema::expr::Code::StructLit ||
671196,10556,22,10556,68,statement,logos::compiler::BorrowChecker::visit_stmt,val.kind() == lir_schema::expr::Code::TupleLit ||
671193,10557,22,10557,66,statement,logos::compiler::BorrowChecker::visit_stmt,val.kind() == lir_schema::expr::Code::ArrLit ||
671189,10558,22,10558,71,statement,logos::compiler::BorrowChecker::visit_stmt,val.kind() == lir_schema::expr::Code::EnumLitData);
671252,10559,38,10559,41,statement,logos::compiler::BorrowChecker::visit_stmt,bool is_ref_assign = val &&
671252,10560,21,10560,71,statement,logos::compiler::BorrowChecker::visit_stmt,(prov_.count(name) || is_ref_kind(val.type(pool)));
671252,10560,22,10560,39,statement,logos::compiler::BorrowChecker::visit_stmt,(prov_.count(name) || is_ref_kind(val.type(pool)));
669515,10560,43,10560,70,statement,logos::compiler::BorrowChecker::visit_stmt,(prov_.count(name) || is_ref_kind(val.type(pool)));
671252,10561,21,10561,34,if guard,logos::compiler::BorrowChecker::visit_stmt,if (is_ref_assign || val_is_agg_lit2) {
671252,10561,21,10561,53,if guard,logos::compiler::BorrowChecker::visit_stmt,if (is_ref_assign || val_is_agg_lit2) {
669513,10561,38,10561,53,if guard,logos::compiler::BorrowChecker::visit_stmt,if (is_ref_assign || val_is_agg_lit2) {
8778,10561,55,10564,18,if guard,logos::compiler::BorrowChecker::visit_stmt,if (is_ref_assign || val_is_agg_lit2) {
662474,10564,24,10574,18,else-if guard,logos::compiler::BorrowChecker::visit_stmt,} else if (val) {
662474,10564,28,10564,31,else-if guard,logos::compiler::BorrowChecker::visit_stmt,} else if (val) {
662474,10564,33,10574,18,else-if guard,logos::compiler::BorrowChecker::visit_stmt,} else if (val) {
662474,10567,25,10567,59,if guard,logos::compiler::BorrowChecker::visit_stmt,if (loan_carrying_type(val.type(pool)) ||
662474,10567,25,10568,59,if guard,logos::compiler::BorrowChecker::visit_stmt,if (loan_carrying_type(val.type(pool)) ||
662474,10568,25,10568,59,call / statement,logos::compiler::BorrowChecker::visit_stmt,retains_loan_carrying_operand(val)) {
12,10568,61,10573,22,call / statement,logos::compiler::BorrowChecker::visit_stmt,retains_loan_carrying_operand(val)) {
12,10571,47,10571,73,loop body,logos::compiler::BorrowChecker::visit_stmt,"for (auto& r : roots) inherit_loans(r, name, ln);"
671252,10575,21,10575,43,if guard,logos::compiler::BorrowChecker::visit_stmt,"if (var_has(NO_SLOT, name)) {"
671251,10575,45,10586,18,if guard,logos::compiler::BorrowChecker::visit_stmt,"if (var_has(NO_SLOT, name)) {"
671252,10587,21,10587,34,if guard,logos::compiler::BorrowChecker::visit_stmt,if (is_ref_assign)
1739,10588,21,10588,47,statement,logos::compiler::BorrowChecker::visit_stmt,prov_[name] = prov_of(val);
671252,10596,47,10596,50,statement,logos::compiler::BorrowChecker::visit_stmt,"note_holder_escape_prov(name, val ? val.type(pool) : TypeRef(nullptr),"
671252,10596,53,10596,67,statement,logos::compiler::BorrowChecker::visit_stmt,"note_holder_escape_prov(name, val ? val.type(pool) : TypeRef(nullptr),"
0,10596,70,10596,86,statement,logos::compiler::BorrowChecker::visit_stmt,"note_holder_escape_prov(name, val ? val.type(pool) : TypeRef(nullptr),"
671252,10598,37,10598,40,statement,logos::compiler::BorrowChecker::visit_stmt,"note_reborrow(name, val ? val.type(pool) : TypeRef(nullptr), val);  // H1"
671252,10598,43,10598,57,statement,logos::compiler::BorrowChecker::visit_stmt,"note_reborrow(name, val ? val.type(pool) : TypeRef(nullptr), val);  // H1"
0,10598,60,10598,76,statement,logos::compiler::BorrowChecker::visit_stmt,"note_reborrow(name, val ? val.type(pool) : TypeRef(nullptr), val);  // H1"
671252,10601,21,10601,24,if guard,logos::compiler::BorrowChecker::visit_stmt,if (val) {
671252,10601,26,10611,18,if guard,logos::compiler::BorrowChecker::visit_stmt,if (val) {
671252,10603,25,10603,54,if guard,logos::compiler::BorrowChecker::visit_stmt,if (struct_is_dropck_relevant(vt)) {
17,10603,56,10610,22,if guard,logos::compiler::BorrowChecker::visit_stmt,if (struct_is_dropck_relevant(vt)) {
17,10606,29,10606,45,if guard,logos::compiler::BorrowChecker::visit_stmt,if (!sources.empty()) {
17,10606,47,10609,26,if guard,logos::compiler::BorrowChecker::visit_stmt,if (!sources.empty()) {
20522814,10619,13,10625,22,switch arm,logos::compiler::BorrowChecker::visit_stmt,case Code::Return: {
20522814,10620,26,10620,29,if guard,logos::compiler::BorrowChecker::visit_stmt,if (auto val = SReturnView{sr}.value()) {
20517814,10620,57,10623,18,if guard,logos::compiler::BorrowChecker::visit_stmt,if (auto val = SReturnView{sr}.value()) {
20517814,10621,25,10621,42,if guard,logos::compiler::BorrowChecker::visit_stmt,"if (!in_closure_body_) check_return_value(val, ln);"
20517297,10621,44,10621,71,if guard,logos::compiler::BorrowChecker::visit_stmt,"if (!in_closure_body_) check_return_value(val, ln);"
2201082,10629,13,10651,22,switch arm,logos::compiler::BorrowChecker::visit_stmt,case Code::ExprStmt: {
2201082,10646,21,10646,23,if guard,logos::compiler::BorrowChecker::visit_stmt,if (ex) {
2201082,10646,25,10650,18,if guard,logos::compiler::BorrowChecker::visit_stmt,if (ex) {
2201082,10648,25,10648,28,if guard,logos::compiler::BorrowChecker::visit_stmt,if (ety && ety.kind() == LogosType::Kind::Never)
2201082,10648,25,10648,68,if guard,logos::compiler::BorrowChecker::visit_stmt,if (ety && ety.kind() == LogosType::Kind::Never)
2201082,10648,32,10648,68,if guard,logos::compiler::BorrowChecker::visit_stmt,if (ety && ety.kind() == LogosType::Kind::Never)
2075522,10649,25,10649,45,statement,logos::compiler::BorrowChecker::visit_stmt,cur_diverged_ = true;
0,10655,13,10696,22,switch arm,logos::compiler::BorrowChecker::visit_stmt,case Code::FieldWrite: {
0,10666,21,10666,37,if guard,logos::compiler::BorrowChecker::visit_stmt,if (!recv_nm.empty() && !field_nm.empty()) {
0,10666,21,10666,58,if guard,logos::compiler::BorrowChecker::visit_stmt,if (!recv_nm.empty() && !field_nm.empty()) {
0,10666,41,10666,58,if guard,logos::compiler::BorrowChecker::visit_stmt,if (!recv_nm.empty() && !field_nm.empty()) {
0,10666,60,10671,18,if guard,logos::compiler::BorrowChecker::visit_stmt,if (!recv_nm.empty() && !field_nm.empty()) {
0,10667,63,10667,76,if guard,logos::compiler::BorrowChecker::visit_stmt,"if (auto it = var_find(NO_SLOT, recv_nm); it != nullptr)"
0,10670,25,10670,65,statement,logos::compiler::BorrowChecker::visit_stmt,"erase_reinit(it->moved_fields, field_nm);"
0,10691,21,10691,37,if guard,logos::compiler::BorrowChecker::visit_stmt,if (!recv_nm.empty() && !field_nm.empty())
0,10691,21,10691,58,if guard,logos::compiler::BorrowChecker::visit_stmt,if (!recv_nm.empty() && !field_nm.empty())
0,10691,41,10691,58,if guard,logos::compiler::BorrowChecker::visit_stmt,if (!recv_nm.empty() && !field_nm.empty())
0,10692,21,10692,77,statement,logos::compiler::BorrowChecker::visit_stmt,"note_reborrow_place(recv_nm + ""."" + field_nm, v.value());"
0,10705,13,10724,22,switch arm,logos::compiler::BorrowChecker::visit_stmt,case Code::IndexWrite: {
0,10708,54,10708,67,if guard,logos::compiler::BorrowChecker::visit_stmt,"if (auto it = var_find(NO_SLOT, nm); it != nullptr) {"
0,10708,69,10717,18,if guard,logos::compiler::BorrowChecker::visit_stmt,"if (auto it = var_find(NO_SLOT, nm); it != nullptr) {"
0,10709,25,10709,47,if guard,logos::compiler::BorrowChecker::visit_stmt,if (it->shared_borrows > 0)
0,10710,25,10712,37,diagnostic emission,logos::compiler::BorrowChecker::visit_stmt,"report(ln, std::format("
0,10713,25,10713,41,if guard,logos::compiler::BorrowChecker::visit_stmt,if (it->mut_borrowed)
0,10714,25,10716,37,diagnostic emission,logos::compiler::BorrowChecker::visit_stmt,"report(ln, std::format("
0,10730,13,10749,22,switch arm,logos::compiler::BorrowChecker::visit_stmt,case Code::FieldIndexWrite: {
0,10733,54,10733,67,if guard,logos::compiler::BorrowChecker::visit_stmt,"if (auto it = var_find(NO_SLOT, nm); it != nullptr) {"
0,10733,69,10742,18,if guard,logos::compiler::BorrowChecker::visit_stmt,"if (auto it = var_find(NO_SLOT, nm); it != nullptr) {"
0,10734,25,10734,47,if guard,logos::compiler::BorrowChecker::visit_stmt,if (it->shared_borrows > 0)
0,10735,25,10737,61,diagnostic emission,logos::compiler::BorrowChecker::visit_stmt,"report(ln, std::format("
0,10738,25,10738,41,if guard,logos::compiler::BorrowChecker::visit_stmt,if (it->mut_borrowed)
0,10739,25,10741,61,diagnostic emission,logos::compiler::BorrowChecker::visit_stmt,"report(ln, std::format("
0,10753,13,10769,22,switch arm,logos::compiler::BorrowChecker::visit_stmt,case Code::ChainFieldWrite: {
0,10760,59,10762,22,call / statement,logos::compiler::BorrowChecker::visit_stmt,v.each_extra([&](std::string_view ex) {
0,10761,29,10761,40,if guard,logos::compiler::BorrowChecker::visit_stmt,"if (!ex.empty()) cf_path += ""."" + std::string(ex);"
0,10761,42,10761,74,if guard,logos::compiler::BorrowChecker::visit_stmt,"if (!ex.empty()) cf_path += ""."" + std::string(ex);"
0,10763,25,10763,43,if guard,logos::compiler::BorrowChecker::visit_stmt,if (!v.field().empty())
0,10764,25,10764,89,statement,logos::compiler::BorrowChecker::visit_stmt,"cf_path += (cf_path.empty() ? """" : ""."") + std::string(v.field());"
0,10764,37,10764,52,statement,logos::compiler::BorrowChecker::visit_stmt,"cf_path += (cf_path.empty() ? """" : ""."") + std::string(v.field());"
0,10764,55,10764,57,statement,logos::compiler::BorrowChecker::visit_stmt,"cf_path += (cf_path.empty() ? """" : ""."") + std::string(v.field());"
0,10764,60,10764,63,statement,logos::compiler::BorrowChecker::visit_stmt,"cf_path += (cf_path.empty() ? """" : ""."") + std::string(v.field());"
0,10773,13,10782,22,switch arm,logos::compiler::BorrowChecker::visit_stmt,case Code::DerefFieldWrite: {
26712,10794,13,11462,22,switch arm,logos::compiler::BorrowChecker::visit_stmt,case Code::DerefWrite: {
26712,10798,21,10798,24,if guard,logos::compiler::BorrowChecker::visit_stmt,if (ptr && ptr.kind() == EC::AddrOfTemp) {
26712,10798,21,10798,56,if guard,logos::compiler::BorrowChecker::visit_stmt,if (ptr && ptr.kind() == EC::AddrOfTemp) {
26712,10798,28,10798,56,if guard,logos::compiler::BorrowChecker::visit_stmt,if (ptr && ptr.kind() == EC::AddrOfTemp) {
19193,10798,58,10991,18,if guard,logos::compiler::BorrowChecker::visit_stmt,if (ptr && ptr.kind() == EC::AddrOfTemp) {
40887,10802,28,10802,31,loop body,logos::compiler::BorrowChecker::visit_stmt,while (cur) {
40887,10802,33,10808,22,loop body,logos::compiler::BorrowChecker::visit_stmt,while (cur) {
40887,10803,29,10803,56,if guard,logos::compiler::BorrowChecker::visit_stmt,if (cur.kind() == EC::FieldRead)      cur = EFieldReadView{cur}.receiver();
15122,10803,63,10803,99,if guard,logos::compiler::BorrowChecker::visit_stmt,if (cur.kind() == EC::FieldRead)      cur = EFieldReadView{cur}.receiver();
25765,10804,30,10807,35,else-if guard,logos::compiler::BorrowChecker::visit_stmt,else if (cur.kind() == EC::IndexRead) { saw_index = true; cur = EIndexReadView{cur}.receiver(); }
25765,10804,34,10804,61,else-if guard,logos::compiler::BorrowChecker::visit_stmt,else if (cur.kind() == EC::IndexRead) { saw_index = true; cur = EIndexReadView{cur}.receiver(); }
6478,10804,63,10804,122,else-if guard,logos::compiler::BorrowChecker::visit_stmt,else if (cur.kind() == EC::IndexRead) { saw_index = true; cur = EIndexReadView{cur}.receiver(); }
19287,10805,30,10807,35,else-if guard,logos::compiler::BorrowChecker::visit_stmt,else if (cur.kind() == EC::SliceIndex){ saw_index = true; cur = ESliceIndexView{cur}.slice(); }
19287,10805,34,10805,62,else-if guard,logos::compiler::BorrowChecker::visit_stmt,else if (cur.kind() == EC::SliceIndex){ saw_index = true; cur = ESliceIndexView{cur}.slice(); }
55,10805,63,10805,120,else-if guard,logos::compiler::BorrowChecker::visit_stmt,else if (cur.kind() == EC::SliceIndex){ saw_index = true; cur = ESliceIndexView{cur}.slice(); }
19232,10806,30,10807,35,else-if guard,logos::compiler::BorrowChecker::visit_stmt,else if (cur.kind() == EC::TupleIndex){ cur = ETupleIndexView{cur}.receiver(); }
19232,10806,34,10806,62,else-if guard,logos::compiler::BorrowChecker::visit_stmt,else if (cur.kind() == EC::TupleIndex){ cur = ETupleIndexView{cur}.receiver(); }
39,10806,63,10806,105,else-if guard,logos::compiler::BorrowChecker::visit_stmt,else if (cur.kind() == EC::TupleIndex){ cur = ETupleIndexView{cur}.receiver(); }
19193,10807,30,10807,35,else branch,logos::compiler::BorrowChecker::visit_stmt,else break;
19193,10809,25,10809,34,if guard,logos::compiler::BorrowChecker::visit_stmt,if (saw_index && cur && cur.kind() == EC::VarRef) {
19193,10809,25,10809,41,if guard,logos::compiler::BorrowChecker::visit_stmt,if (saw_index && cur && cur.kind() == EC::VarRef) {
19193,10809,25,10809,69,if guard,logos::compiler::BorrowChecker::visit_stmt,if (saw_index && cur && cur.kind() == EC::VarRef) {
6518,10809,38,10809,41,if guard,logos::compiler::BorrowChecker::visit_stmt,if (saw_index && cur && cur.kind() == EC::VarRef) {
6518,10809,45,10809,69,if guard,logos::compiler::BorrowChecker::visit_stmt,if (saw_index && cur && cur.kind() == EC::VarRef) {
6494,10809,71,10822,22,if guard,logos::compiler::BorrowChecker::visit_stmt,if (saw_index && cur && cur.kind() == EC::VarRef) {
6494,10812,66,10812,79,if guard,logos::compiler::BorrowChecker::visit_stmt,"if (auto it = var_find(root_slot, root); it != nullptr) {"
6494,10812,81,10821,26,if guard,logos::compiler::BorrowChecker::visit_stmt,"if (auto it = var_find(root_slot, root); it != nullptr) {"
6494,10813,33,10813,55,if guard,logos::compiler::BorrowChecker::visit_stmt,if (it->shared_borrows > 0)
7,10814,33,10816,49,diagnostic emission,logos::compiler::BorrowChecker::visit_stmt,"report(ln, std::format("
6494,10817,33,10817,49,if guard,logos::compiler::BorrowChecker::visit_stmt,if (it->mut_borrowed)
5,10818,33,10820,49,diagnostic emission,logos::compiler::BorrowChecker::visit_stmt,"report(ln, std::format("
19193,10832,25,10832,30,if guard,logos::compiler::BorrowChecker::visit_stmt,if (inner && inner.kind() == EC::FieldRead) {
19193,10832,25,10832,63,if guard,logos::compiler::BorrowChecker::visit_stmt,if (inner && inner.kind() == EC::FieldRead) {
19193,10832,34,10832,63,if guard,logos::compiler::BorrowChecker::visit_stmt,if (inner && inner.kind() == EC::FieldRead) {
12568,10832,65,10853,22,if guard,logos::compiler::BorrowChecker::visit_stmt,if (inner && inner.kind() == EC::FieldRead) {
25357,10837,32,10837,35,loop body,logos::compiler::BorrowChecker::visit_stmt,while (cur && cur.kind() == EC::FieldRead) {
25357,10837,32,10837,66,loop body,logos::compiler::BorrowChecker::visit_stmt,while (cur && cur.kind() == EC::FieldRead) {
25357,10837,39,10837,66,loop body,logos::compiler::BorrowChecker::visit_stmt,while (cur && cur.kind() == EC::FieldRead) {
12789,10837,68,10841,26,loop body,logos::compiler::BorrowChecker::visit_stmt,while (cur && cur.kind() == EC::FieldRead) {
12568,10842,29,10842,32,if guard,logos::compiler::BorrowChecker::visit_stmt,if (cur && cur.kind() == EC::VarRef) {
12568,10842,29,10842,60,if guard,logos::compiler::BorrowChecker::visit_stmt,if (cur && cur.kind() == EC::VarRef) {
12568,10842,36,10842,60,if guard,logos::compiler::BorrowChecker::visit_stmt,if (cur && cur.kind() == EC::VarRef) {
12395,10842,62,10852,26,if guard,logos::compiler::BorrowChecker::visit_stmt,if (cur && cur.kind() == EC::VarRef) {
25011,10846,60,10846,78,loop body,logos::compiler::BorrowChecker::visit_stmt,for (auto it2 = segs.rbegin(); it2 != segs.rend(); ++it2) {
12616,10846,80,10846,85,loop body,logos::compiler::BorrowChecker::visit_stmt,for (auto it2 = segs.rbegin(); it2 != segs.rend(); ++it2) {
12616,10846,87,10849,30,loop body,logos::compiler::BorrowChecker::visit_stmt,for (auto it2 = segs.rbegin(); it2 != segs.rend(); ++it2) {
12616,10847,37,10847,51,if guard,logos::compiler::BorrowChecker::visit_stmt,if (!fpath.empty()) fpath.push_back('.');
221,10847,53,10847,73,if guard,logos::compiler::BorrowChecker::visit_stmt,if (!fpath.empty()) fpath.push_back('.');
12395,10850,70,10850,83,if guard,logos::compiler::BorrowChecker::visit_stmt,"if (auto it = var_find(root_slot, root); it != nullptr)"
12395,10851,33,10851,70,statement,logos::compiler::BorrowChecker::visit_stmt,"erase_reinit(it->moved_fields, fpath);"
32021,10860,28,10860,29,loop body,logos::compiler::BorrowChecker::visit_stmt,while (c) {
32021,10860,31,10864,22,loop body,logos::compiler::BorrowChecker::visit_stmt,while (c) {
32021,10861,29,10861,54,if guard,logos::compiler::BorrowChecker::visit_stmt,if (c.kind() == EC::FieldRead)       c = EFieldReadView{c}.receiver();
12789,10861,62,10861,94,if guard,logos::compiler::BorrowChecker::visit_stmt,if (c.kind() == EC::FieldRead)       c = EFieldReadView{c}.receiver();
19232,10862,30,10863,35,else-if guard,logos::compiler::BorrowChecker::visit_stmt,else if (c.kind() == EC::TupleIndex) c = ETupleIndexView{c}.receiver();
19232,10862,34,10862,60,else-if guard,logos::compiler::BorrowChecker::visit_stmt,else if (c.kind() == EC::TupleIndex) c = ETupleIndexView{c}.receiver();
39,10862,62,10862,95,else-if guard,logos::compiler::BorrowChecker::visit_stmt,else if (c.kind() == EC::TupleIndex) c = ETupleIndexView{c}.receiver();
19193,10863,30,10863,35,else branch,logos::compiler::BorrowChecker::visit_stmt,else break;
19193,10865,25,10865,26,if guard,logos::compiler::BorrowChecker::visit_stmt,if (c && c.kind() == EC::VarRef &&
19193,10865,25,10865,52,if guard,logos::compiler::BorrowChecker::visit_stmt,if (c && c.kind() == EC::VarRef &&
19193,10865,25,10866,57,if guard,logos::compiler::BorrowChecker::visit_stmt,if (c && c.kind() == EC::VarRef &&
19193,10865,30,10865,52,if guard,logos::compiler::BorrowChecker::visit_stmt,if (c && c.kind() == EC::VarRef &&
12433,10866,25,10866,57,call / statement,logos::compiler::BorrowChecker::visit_stmt,atv.inner().kind() != EC::VarRef) {
12433,10866,59,10930,22,call / statement,logos::compiler::BorrowChecker::visit_stmt,atv.inner().kind() != EC::VarRef) {
12433,10869,29,10869,53,if guard,logos::compiler::BorrowChecker::visit_stmt,"if (var_has(root_slot, root) && !param_names_.count(root)) {"
12433,10869,29,10869,82,if guard,logos::compiler::BorrowChecker::visit_stmt,"if (var_has(root_slot, root) && !param_names_.count(root)) {"
12433,10869,57,10869,82,if guard,logos::compiler::BorrowChecker::visit_stmt,"if (var_has(root_slot, root) && !param_names_.count(root)) {"
2233,10869,84,10929,26,if guard,logos::compiler::BorrowChecker::visit_stmt,"if (var_has(root_slot, root) && !param_names_.count(root)) {"
2233,10924,33,10924,49,if guard,logos::compiler::BorrowChecker::visit_stmt,"if (!eroot86.empty() && !var_has(NO_SLOT, eroot86))"
2233,10924,33,10924,79,if guard,logos::compiler::BorrowChecker::visit_stmt,"if (!eroot86.empty() && !var_has(NO_SLOT, eroot86))"
2233,10924,53,10924,79,if guard,logos::compiler::BorrowChecker::visit_stmt,"if (!eroot86.empty() && !var_has(NO_SLOT, eroot86))"
10,10925,33,10925,66,statement,logos::compiler::BorrowChecker::visit_stmt,eroot86 = ref_place_root(eroot86);
2233,10926,33,10926,48,if guard,logos::compiler::BorrowChecker::visit_stmt,if (eroot86.empty()) eroot86 = root;
0,10926,50,10926,64,if guard,logos::compiler::BorrowChecker::visit_stmt,if (eroot86.empty()) eroot86 = root;
19193,10972,34,10972,45,statement,logos::compiler::BorrowChecker::visit_stmt,TypeRef pt = atv.inner() ? atv.inner().type(pool) : TypeRef(nullptr);
19193,10972,48,10972,70,statement,logos::compiler::BorrowChecker::visit_stmt,TypeRef pt = atv.inner() ? atv.inner().type(pool) : TypeRef(nullptr);
0,10972,73,10972,89,statement,logos::compiler::BorrowChecker::visit_stmt,TypeRef pt = atv.inner() ? atv.inner().type(pool) : TypeRef(nullptr);
19193,10976,25,10976,33,if guard,logos::compiler::BorrowChecker::visit_stmt,if (retarget) {
740,10976,35,10984,22,if guard,logos::compiler::BorrowChecker::visit_stmt,if (retarget) {
740,10979,29,10979,45,if guard,logos::compiler::BorrowChecker::visit_stmt,if (!bp.root.empty() && !bp.path.empty() && !bp.index_in_chain) {
740,10979,29,10979,65,if guard,logos::compiler::BorrowChecker::visit_stmt,if (!bp.root.empty() && !bp.path.empty() && !bp.index_in_chain) {
740,10979,29,10979,87,if guard,logos::compiler::BorrowChecker::visit_stmt,if (!bp.root.empty() && !bp.path.empty() && !bp.index_in_chain) {
711,10979,49,10979,65,if guard,logos::compiler::BorrowChecker::visit_stmt,if (!bp.root.empty() && !bp.path.empty() && !bp.index_in_chain) {
528,10979,69,10979,87,if guard,logos::compiler::BorrowChecker::visit_stmt,if (!bp.root.empty() && !bp.path.empty() && !bp.index_in_chain) {
194,10979,89,10983,26,if guard,logos::compiler::BorrowChecker::visit_stmt,if (!bp.root.empty() && !bp.path.empty() && !bp.index_in_chain) {
19193,10987,25,10987,39,if guard,logos::compiler::BorrowChecker::visit_stmt,if (!wroot.empty())
18992,10988,25,10989,74,statement,logos::compiler::BorrowChecker::visit_stmt,"place_write_loans(wroot, v.value(), ln,"
18992,10989,43,10989,47,statement,logos::compiler::BorrowChecker::visit_stmt,wref || prov_.count(wroot) > 0);
18927,10989,51,10989,73,statement,logos::compiler::BorrowChecker::visit_stmt,wref || prov_.count(wroot) > 0);
7519,11016,17,11090,22,if guard,logos::compiler::BorrowChecker::visit_stmt,if (auto pm = v.ptr();
7519,11017,21,11017,23,call / statement,logos::compiler::BorrowChecker::visit_stmt,pm && pm.kind() == EC::MethodCall && v.value()) {
7519,11017,21,11017,54,call / statement,logos::compiler::BorrowChecker::visit_stmt,pm && pm.kind() == EC::MethodCall && v.value()) {
7519,11017,21,11017,67,call / statement,logos::compiler::BorrowChecker::visit_stmt,pm && pm.kind() == EC::MethodCall && v.value()) {
7519,11017,27,11017,54,call / statement,logos::compiler::BorrowChecker::visit_stmt,pm && pm.kind() == EC::MethodCall && v.value()) {
49,11017,58,11017,67,call / statement,logos::compiler::BorrowChecker::visit_stmt,pm && pm.kind() == EC::MethodCall && v.value()) {
49,11017,69,11032,18,call / statement,logos::compiler::BorrowChecker::visit_stmt,pm && pm.kind() == EC::MethodCall && v.value()) {
49,11020,25,11020,30,if guard,logos::compiler::BorrowChecker::visit_stmt,if (mrecv && method_self_kind(mv) == 2 &&
49,11020,25,11020,59,if guard,logos::compiler::BorrowChecker::visit_stmt,if (mrecv && method_self_kind(mv) == 2 &&
49,11020,25,11021,68,if guard,logos::compiler::BorrowChecker::visit_stmt,if (mrecv && method_self_kind(mv) == 2 &&
49,11020,34,11020,59,if guard,logos::compiler::BorrowChecker::visit_stmt,if (mrecv && method_self_kind(mv) == 2 &&
11,11021,25,11021,68,call / statement,logos::compiler::BorrowChecker::visit_stmt,type_may_carry_borrow(v.value().type(pool))) {
4,11021,70,11031,22,call / statement,logos::compiler::BorrowChecker::visit_stmt,type_may_carry_borrow(v.value().type(pool))) {
4,11022,43,11022,69,statement,logos::compiler::BorrowChecker::visit_stmt,std::string cr0 = mrecv.kind() == EC::VarRef
0,11023,31,11023,69,statement,logos::compiler::BorrowChecker::visit_stmt,? std::string(EVarRefView{mrecv}.name())
4,11024,31,11024,55,statement,logos::compiler::BorrowChecker::visit_stmt,: flow_operand_root(mrecv);
4,11026,29,11026,40,if guard,logos::compiler::BorrowChecker::visit_stmt,"if (!cr.empty() && !var_has(NO_SLOT, cr))"
4,11026,29,11026,65,if guard,logos::compiler::BorrowChecker::visit_stmt,"if (!cr.empty() && !var_has(NO_SLOT, cr))"
4,11026,44,11026,65,if guard,logos::compiler::BorrowChecker::visit_stmt,"if (!cr.empty() && !var_has(NO_SLOT, cr))"
0,11027,29,11027,52,statement,logos::compiler::BorrowChecker::visit_stmt,cr = ref_place_root(cr);
4,11028,29,11028,40,if guard,logos::compiler::BorrowChecker::visit_stmt,"if (!cr.empty() && var_has(NO_SLOT, cr))"
4,11028,29,11028,64,if guard,logos::compiler::BorrowChecker::visit_stmt,"if (!cr.empty() && var_has(NO_SLOT, cr))"
4,11028,44,11028,64,if guard,logos::compiler::BorrowChecker::visit_stmt,"if (!cr.empty() && var_has(NO_SLOT, cr))"
4,11029,29,11030,81,statement,logos::compiler::BorrowChecker::visit_stmt,"note_holder_escape_prov(cr, holder_ty_of(cr),"
7519,11086,37,11086,44,statement,logos::compiler::BorrowChecker::visit_stmt,"v.ptr() ? v.ptr().type(pool) : TypeRef{},"
7519,11086,47,11086,65,statement,logos::compiler::BorrowChecker::visit_stmt,"v.ptr() ? v.ptr().type(pool) : TypeRef{},"
0,11086,68,11086,77,statement,logos::compiler::BorrowChecker::visit_stmt,"v.ptr() ? v.ptr().type(pool) : TypeRef{},"
0,11094,13,11105,22,switch arm,logos::compiler::BorrowChecker::visit_stmt,case Code::TupleWrite: {
84,11123,13,11155,22,switch arm,logos::compiler::BorrowChecker::visit_stmt,case Code::LetElse: {
84,11125,26,11125,28,if guard,logos::compiler::BorrowChecker::visit_stmt,if (auto sc = v.scrut()) {
84,11125,42,11141,18,if guard,logos::compiler::BorrowChecker::visit_stmt,if (auto sc = v.scrut()) {
84,11130,25,11130,61,if guard,logos::compiler::BorrowChecker::visit_stmt,if (type_may_carry_borrow(sc.type(pool)))
9,11131,25,11131,48,statement,logos::compiler::BorrowChecker::visit_stmt,"bc_hop_roots(sc, roots);"
84,11133,67,11133,78,if guard,logos::compiler::BorrowChecker::visit_stmt,"if (auto st = retain_temp_scrut_loan(sc, ln); !st.empty())"
0,11134,25,11134,55,statement,logos::compiler::BorrowChecker::visit_stmt,roots.push_back(std::move(st));
0,11141,24,11143,18,else branch,logos::compiler::BorrowChecker::visit_stmt,} else {
4,11144,45,11144,82,statement,logos::compiler::BorrowChecker::visit_stmt,"v.each_guard([&](ExprRef g) { visit(g, /*consuming=*/true, ln); });"
84,11145,26,11145,28,if guard,logos::compiler::BorrowChecker::visit_stmt,if (auto eb = v.else_block()) {
84,11145,47,11154,18,if guard,logos::compiler::BorrowChecker::visit_stmt,if (auto eb = v.else_block()) {
4429300,11159,13,11160,22,switch arm,logos::compiler::BorrowChecker::visit_stmt,case Code::Drop:
1088538,11163,13,11199,22,switch arm,logos::compiler::BorrowChecker::visit_stmt,case Code::If: {
1088538,11170,26,11170,32,if guard,logos::compiler::BorrowChecker::visit_stmt,if (auto then_b = v.then_block()) visit_block(then_b);
1088538,11170,51,11170,70,if guard,logos::compiler::BorrowChecker::visit_stmt,if (auto then_b = v.then_block()) visit_block(then_b);
1088538,11177,26,11177,32,if guard,logos::compiler::BorrowChecker::visit_stmt,if (auto else_b = v.else_block()) visit_block(else_b);
10741,11177,51,11177,70,if guard,logos::compiler::BorrowChecker::visit_stmt,if (auto else_b = v.else_block()) visit_block(else_b);
1088538,11183,21,11183,29,if guard,logos::compiler::BorrowChecker::visit_stmt,if (then_div && else_div) {
1088538,11183,21,11183,41,if guard,logos::compiler::BorrowChecker::visit_stmt,if (then_div && else_div) {
549472,11183,33,11183,41,if guard,logos::compiler::BorrowChecker::visit_stmt,if (then_div && else_div) {
376,11183,43,11185,18,if guard,logos::compiler::BorrowChecker::visit_stmt,if (then_div && else_div) {
1088162,11185,24,11198,18,else-if guard,logos::compiler::BorrowChecker::visit_stmt,} else if (then_div) {
1088162,11185,28,11185,36,else-if guard,logos::compiler::BorrowChecker::visit_stmt,} else if (then_div) {
549096,11185,38,11187,18,else-if guard,logos::compiler::BorrowChecker::visit_stmt,} else if (then_div) {
539066,11187,24,11198,18,else-if guard,logos::compiler::BorrowChecker::visit_stmt,} else if (else_div) {
539066,11187,28,11187,36,else-if guard,logos::compiler::BorrowChecker::visit_stmt,} else if (else_div) {
3082,11187,38,11191,18,else-if guard,logos::compiler::BorrowChecker::visit_stmt,} else if (else_div) {
535984,11191,24,11198,18,else branch,logos::compiler::BorrowChecker::visit_stmt,} else {
29924,11203,13,11207,22,switch arm,logos::compiler::BorrowChecker::visit_stmt,case Code::While: {
29924,11206,26,11206,27,if guard,logos::compiler::BorrowChecker::visit_stmt,"if (auto b = v.body()) visit_loop_body(b, {}, v.label());"
29924,11206,40,11206,73,if guard,logos::compiler::BorrowChecker::visit_stmt,"if (auto b = v.body()) visit_loop_body(b, {}, v.label());"
377,11211,13,11217,22,switch arm,logos::compiler::BorrowChecker::visit_stmt,case Code::For: {
377,11215,26,11215,27,if guard,logos::compiler::BorrowChecker::visit_stmt,if (auto b = v.body())
377,11216,21,11216,74,statement,logos::compiler::BorrowChecker::visit_stmt,"visit_loop_body(b, {std::string(v.var())}, v.label());"
23586,11221,13,11225,22,switch arm,logos::compiler::BorrowChecker::visit_stmt,case Code::Loop: {
23586,11223,26,11223,27,if guard,logos::compiler::BorrowChecker::visit_stmt,if (auto b = v.body())
23586,11224,21,11224,74,statement,logos::compiler::BorrowChecker::visit_stmt,"visit_loop_body(b, {}, v.label(), {}, v.break_slot());"
103033,11249,13,11267,22,switch arm,logos::compiler::BorrowChecker::visit_stmt,case Code::Block: {
103033,11251,26,11251,27,if guard,logos::compiler::BorrowChecker::visit_stmt,if (auto b = bv.body()) {
103033,11251,41,11266,18,if guard,logos::compiler::BorrowChecker::visit_stmt,if (auto b = bv.body()) {
103033,11252,25,11252,41,if guard,logos::compiler::BorrowChecker::visit_stmt,if (bv.transparent()) {
42162,11252,43,11262,22,if guard,logos::compiler::BorrowChecker::visit_stmt,if (bv.transparent()) {
60871,11262,28,11265,22,else branch,logos::compiler::BorrowChecker::visit_stmt,} else {
104,11271,13,11279,22,switch arm,logos::compiler::BorrowChecker::visit_stmt,case Code::ForEach: {
104,11274,26,11274,27,if guard,logos::compiler::BorrowChecker::visit_stmt,if (auto b = v.body())
104,11278,21,11278,63,statement,logos::compiler::BorrowChecker::visit_stmt,"visit_loop_body(b, {std::string(v.var())});"
10589215,11283,13,11404,22,switch arm,logos::compiler::BorrowChecker::visit_stmt,case Code::Match: {
10589215,11293,21,11293,64,if guard,logos::compiler::BorrowChecker::visit_stmt,if (type_may_carry_borrow(v.scrut().type(pool)))
3622213,11294,21,11294,61,statement,logos::compiler::BorrowChecker::visit_stmt,"bc_hop_roots(v.scrut(), scrut_hop_roots);"
10589215,11297,70,11297,81,if guard,logos::compiler::BorrowChecker::visit_stmt,"if (auto st = retain_temp_scrut_loan(v.scrut(), ln); !st.empty())"
20,11298,21,11298,61,statement,logos::compiler::BorrowChecker::visit_stmt,scrut_hop_roots.push_back(std::move(st));
21178908,11321,50,11385,18,call / statement,logos::compiler::BorrowChecker::visit_stmt,v.each_arm([&](EMatchArmRef arm) {
21178908,11338,30,11338,31,if guard,logos::compiler::BorrowChecker::visit_stmt,"if (auto g = arm.guard()) visit(g, /*consuming=*/true, ln);"
258,11338,47,11338,79,if guard,logos::compiler::BorrowChecker::visit_stmt,"if (auto g = arm.guard()) visit(g, /*consuming=*/true, ln);"
21178908,11341,25,11341,36,if guard,logos::compiler::BorrowChecker::visit_stmt,if (arm.guard())
258,11342,25,11346,27,call / statement,logos::compiler::BorrowChecker::visit_stmt,"states_.for_each([&](uint32_t slot, std::string_view name, VarState& st) {"
615,11342,98,11346,26,call / statement,logos::compiler::BorrowChecker::visit_stmt,"states_.for_each([&](uint32_t slot, std::string_view name, VarState& st) {"
615,11343,33,11343,42,if guard,logos::compiler::BorrowChecker::visit_stmt,"if (!st.moved || !saved_s.has_id(slot, name)) return;"
615,11343,33,11343,73,if guard,logos::compiler::BorrowChecker::visit_stmt,"if (!st.moved || !saved_s.has_id(slot, name)) return;"
11,11343,46,11343,73,if guard,logos::compiler::BorrowChecker::visit_stmt,"if (!st.moved || !saved_s.has_id(slot, name)) return;"
604,11343,75,11343,81,if guard,logos::compiler::BorrowChecker::visit_stmt,"if (!st.moved || !saved_s.has_id(slot, name)) return;"
11,11344,29,11346,26,statement,logos::compiler::BorrowChecker::visit_stmt,"const VarState* bg = before_guard.find(slot, name);"
11,11345,33,11345,36,if guard,logos::compiler::BorrowChecker::visit_stmt,"if (!bg || !bg->moved) guard_acc.at_id(slot, name) = st;"
11,11345,33,11345,50,if guard,logos::compiler::BorrowChecker::visit_stmt,"if (!bg || !bg->moved) guard_acc.at_id(slot, name) = st;"
11,11345,40,11345,50,if guard,logos::compiler::BorrowChecker::visit_stmt,"if (!bg || !bg->moved) guard_acc.at_id(slot, name) = st;"
8,11345,52,11345,84,if guard,logos::compiler::BorrowChecker::visit_stmt,"if (!bg || !bg->moved) guard_acc.at_id(slot, name) = st;"
21178908,11347,30,11347,34,if guard,logos::compiler::BorrowChecker::visit_stmt,if (auto body = arm.body()) visit_block(body);
21178908,11347,49,11347,66,if guard,logos::compiler::BorrowChecker::visit_stmt,if (auto body = arm.body()) visit_block(body);
21178908,11356,25,11356,32,if guard,logos::compiler::BorrowChecker::visit_stmt,if (arm_div) return;
21084053,11356,34,11356,40,if guard,logos::compiler::BorrowChecker::visit_stmt,if (arm_div) return;
94855,11357,21,11385,18,statement,logos::compiler::BorrowChecker::visit_stmt,all_diverged = false;
19047,11359,63,11365,22,loop body,logos::compiler::BorrowChecker::visit_stmt,"for (auto& [k, v2] : ref_borrow_sources_) {"
19054,11362,29,11363,49,if guard,logos::compiler::BorrowChecker::visit_stmt,"if (std::find(dst.begin(), dst.end(), s) == dst.end())"
19054,11362,33,11362,82,if guard,logos::compiler::BorrowChecker::visit_stmt,"if (std::find(dst.begin(), dst.end(), s) == dst.end())"
10436,11363,33,11363,49,statement,logos::compiler::BorrowChecker::visit_stmt,dst.push_back(s);
19047,11364,38,11364,63,statement,logos::compiler::BorrowChecker::visit_stmt,acc_rbl[k] = ref_borrow_line_.count(k) ? ref_borrow_line_[k] : ln;
19047,11364,66,11364,85,statement,logos::compiler::BorrowChecker::visit_stmt,acc_rbl[k] = ref_borrow_line_.count(k) ? ref_borrow_line_[k] : ln;
0,11364,88,11364,90,statement,logos::compiler::BorrowChecker::visit_stmt,acc_rbl[k] = ref_borrow_line_.count(k) ? ref_borrow_line_[k] : ln;
6,11366,52,11366,74,loop body,logos::compiler::BorrowChecker::visit_stmt,"for (auto& [k, d] : dangling_) acc_dang.emplace(k, d);"
94855,11367,25,11367,34,if guard,logos::compiler::BorrowChecker::visit_stmt,if (!merged_s) {
72030,11367,36,11370,22,if guard,logos::compiler::BorrowChecker::visit_stmt,if (!merged_s) {
22825,11370,28,11384,22,else branch,logos::compiler::BorrowChecker::visit_stmt,} else {
160154,11371,98,11374,26,call / statement,logos::compiler::BorrowChecker::visit_stmt,"states_.for_each([&](uint32_t slot, std::string_view name, VarState& st) {"
160154,11372,33,11372,41,if guard,logos::compiler::BorrowChecker::visit_stmt,"if (st.moved && saved_s.has_id(slot, name))"
160154,11372,33,11372,71,if guard,logos::compiler::BorrowChecker::visit_stmt,"if (st.moved && saved_s.has_id(slot, name))"
501,11372,45,11372,71,if guard,logos::compiler::BorrowChecker::visit_stmt,"if (st.moved && saved_s.has_id(slot, name))"
501,11373,33,11373,65,statement,logos::compiler::BorrowChecker::visit_stmt,"merged_s->at_id(slot, name) = st;"
10589215,11386,21,11386,29,if guard,logos::compiler::BorrowChecker::visit_stmt,if (merged_s) {
72030,11386,31,11396,18,if guard,logos::compiler::BorrowChecker::visit_stmt,if (merged_s) {
386280,11389,96,11391,22,call / statement,logos::compiler::BorrowChecker::visit_stmt,"merged_s->for_each([&](uint32_t slot, std::string_view name, VarState& st) {"
386280,11390,29,11390,55,if guard,logos::compiler::BorrowChecker::visit_stmt,"if (saved_s.has_id(slot, name)) states_.at_id(slot, name) = st;"
386275,11390,57,11390,87,if guard,logos::compiler::BorrowChecker::visit_stmt,"if (saved_s.has_id(slot, name)) states_.at_id(slot, name) = st;"
10517185,11396,24,11403,18,else branch,logos::compiler::BorrowChecker::visit_stmt,} else {
10517185,11402,25,11402,32,if guard,logos::compiler::BorrowChecker::visit_stmt,if (any_arm && all_diverged) cur_diverged_ = true;
10517185,11402,25,11402,48,if guard,logos::compiler::BorrowChecker::visit_stmt,if (any_arm && all_diverged) cur_diverged_ = true;
10517180,11402,36,11402,48,if guard,logos::compiler::BorrowChecker::visit_stmt,if (any_arm && all_diverged) cur_diverged_ = true;
10517180,11402,50,11402,70,if guard,logos::compiler::BorrowChecker::visit_stmt,if (any_arm && all_diverged) cur_diverged_ = true;
5438,11439,13,11451,22,switch arm,logos::compiler::BorrowChecker::visit_stmt,case Code::Break: {
5438,11441,27,11441,29,if guard,logos::compiler::BorrowChecker::visit_stmt,if (auto* lf = loop_target(bv.label())) {
5438,11441,57,11449,18,if guard,logos::compiler::BorrowChecker::visit_stmt,if (auto* lf = loop_target(bv.label())) {
5438,11446,25,11446,48,if guard,logos::compiler::BorrowChecker::visit_stmt,if (!lf->break_slot.empty() && bv.value())
5438,11446,25,11446,62,if guard,logos::compiler::BorrowChecker::visit_stmt,if (!lf->break_slot.empty() && bv.value())
108,11446,52,11446,62,if guard,logos::compiler::BorrowChecker::visit_stmt,if (!lf->break_slot.empty() && bv.value())
108,11447,25,11448,66,loop body,logos::compiler::BorrowChecker::visit_stmt,for (auto& src : ref_sources_of(bv.value()))
20,11448,29,11448,66,statement,logos::compiler::BorrowChecker::visit_stmt,"reborrow_of_.add(lf->break_slot, src);"
268,11453,13,11460,22,switch arm,logos::compiler::BorrowChecker::visit_stmt,case Code::Continue:
268,11456,27,11456,29,if guard,logos::compiler::BorrowChecker::visit_stmt,if (auto* lf = loop_target(SContinueView{sr}.label()))
268,11457,21,11458,67,statement,logos::compiler::BorrowChecker::visit_stmt,lf->continue_states.push_back(
0,11461,13,11462,22,switch arm,logos::compiler::BorrowChecker::visit_stmt,default:
46769240,11473,18,11473,23,diagnostic emission,logos::compiler::BorrowChecker::BorrowChecker,": diags_(diags), fn_name_(std::move(fn_name)), prog_(prog), ts_(ts),"
46769240,11473,26,11473,54,diagnostic emission,logos::compiler::BorrowChecker::BorrowChecker,": diags_(diags), fn_name_(std::move(fn_name)), prog_(prog), ts_(ts),"
46769240,11473,62,11473,66,diagnostic emission,logos::compiler::BorrowChecker::BorrowChecker,": diags_(diags), fn_name_(std::move(fn_name)), prog_(prog), ts_(ts),"
46769240,11473,73,11473,75,diagnostic emission,logos::compiler::BorrowChecker::BorrowChecker,": diags_(diags), fn_name_(std::move(fn_name)), prog_(prog), ts_(ts),"
46769240,11474,21,11474,29,statement,logos::compiler::BorrowChecker::BorrowChecker,"fn_index_(fn_index), ri_(ri), flows_(flows),"
46769240,11474,36,11474,38,statement,logos::compiler::BorrowChecker::BorrowChecker,"fn_index_(fn_index), ri_(ri), flows_(flows),"
46769240,11474,48,11474,53,statement,logos::compiler::BorrowChecker::BorrowChecker,"fn_index_(fn_index), ri_(ri), flows_(flows),"
46769240,11475,29,11475,45,statement,logos::compiler::BorrowChecker::BorrowChecker,exclusivity_only_(exclusivity_only) {}
46769240,11475,47,11475,49,statement,logos::compiler::BorrowChecker::BorrowChecker,exclusivity_only_(exclusivity_only) {}
4639424,11482,68,11484,6,statement,logos::compiler::BorrowChecker::flow_of_call,const FlowSummary* flow_of_call(std::string_view symbol) const {
4639424,11483,16,11483,22,early return,logos::compiler::BorrowChecker::flow_of_call,"return flows_ ? resolve_call_flow(*flows_, symbol, &fn_index_) : nullptr;"
4639424,11483,25,11483,71,early return,logos::compiler::BorrowChecker::flow_of_call,"return flows_ ? resolve_call_flow(*flows_, symbol, &fn_index_) : nullptr;"
0,11483,74,11483,81,early return,logos::compiler::BorrowChecker::flow_of_call,"return flows_ ? resolve_call_flow(*flows_, symbol, &fn_index_) : nullptr;"
607256,11485,74,11489,6,statement,logos::compiler::BorrowChecker::flow_of_method,const FlowSummary* flow_of_method(lir_view::EMethodCallView v) const {
607256,11486,16,11486,22,early return,logos::compiler::BorrowChecker::flow_of_method,"return flows_ ? resolve_method_flow(*flows_, fn_index_,"
607256,11486,25,11487,70,early return,logos::compiler::BorrowChecker::flow_of_method,"return flows_ ? resolve_method_flow(*flows_, fn_index_,"
0,11488,25,11488,32,statement,logos::compiler::BorrowChecker::flow_of_method,: nullptr;
46769240,11519,43,11626,6,call / statement,logos::compiler::BorrowChecker::check,void check(lir_view::FunctionView fn) {
46769240,11525,13,11525,21,if guard,logos::compiler::BorrowChecker::check,if (!fn_body) return;
35253675,11525,23,11525,29,if guard,logos::compiler::BorrowChecker::check,if (!fn_body) return;
11515565,11526,9,11626,6,statement,logos::compiler::BorrowChecker::check,states_.reset(fn.local_count());  // Phase-1: size the dense slot vector
4516,11567,59,11572,10,call / statement,logos::compiler::BorrowChecker::check,fn.each_type_param([&](lir_view::FnTParamView tp) {
2813,11569,61,11571,14,call / statement,logos::compiler::BorrowChecker::check,tp.each_bound([&](lir_view::FnTraitBoundView b) {
2813,11570,21,11570,45,if guard,logos::compiler::BorrowChecker::check,"if (b.trait_name() == ""Copy"") copy_tvs_.insert(tpname);"
163,11570,47,11570,71,if guard,logos::compiler::BorrowChecker::check,"if (b.trait_name() == ""Copy"") copy_tvs_.insert(tpname);"
460,11574,46,11574,92,loop body,logos::compiler::BorrowChecker::check,for (auto lp : fn.lifetime_params()) fn_lifetime_params_.push_back(std::string(lp));
106,11578,17,11578,64,statement,logos::compiler::BorrowChecker::check,"lo.emplace_back(std::string(a), std::string(b));"
17577565,11591,37,11622,10,loop body,logos::compiler::BorrowChecker::check,for (auto& p : fn.params()) {
17577565,11601,17,11601,35,if guard,logos::compiler::BorrowChecker::check,if (is_ref_kind(ptype) || is_borrow_carrying_type(ptype) ||
17577565,11601,17,11601,69,if guard,logos::compiler::BorrowChecker::check,if (is_ref_kind(ptype) || is_borrow_carrying_type(ptype) ||
17577565,11601,17,11602,62,if guard,logos::compiler::BorrowChecker::check,if (is_ref_kind(ptype) || is_borrow_carrying_type(ptype) ||
13004117,11601,39,11601,69,if guard,logos::compiler::BorrowChecker::check,if (is_ref_kind(ptype) || is_borrow_carrying_type(ptype) ||
12990952,11602,17,11602,62,call / statement,logos::compiler::BorrowChecker::check,TypeRef(ptype).kind() == LogosType::Kind::Ptr)
4606035,11603,17,11603,48,statement,logos::compiler::BorrowChecker::check,outliving_params_.insert(pname);
17577565,11604,17,11604,35,if guard,logos::compiler::BorrowChecker::check,if (is_ref_kind(ptype)) {
4573448,11604,37,11621,14,if guard,logos::compiler::BorrowChecker::check,if (is_ref_kind(ptype)) {
4573448,11608,21,11608,28,if guard,logos::compiler::BorrowChecker::check,if (pointee && (pointee.kind() == LogosType::Kind::Struct ||
4573448,11608,21,11610,73,if guard,logos::compiler::BorrowChecker::check,if (pointee && (pointee.kind() == LogosType::Kind::Struct ||
3465883,11608,32,11610,73,if guard,logos::compiler::BorrowChecker::check,if (pointee && (pointee.kind() == LogosType::Kind::Struct ||
3465883,11608,33,11608,74,if guard,logos::compiler::BorrowChecker::check,if (pointee && (pointee.kind() == LogosType::Kind::Struct ||
3465883,11608,33,11609,79,if guard,logos::compiler::BorrowChecker::check,if (pointee && (pointee.kind() == LogosType::Kind::Struct ||
3340965,11609,33,11609,79,statement,logos::compiler::BorrowChecker::check,pointee.kind() == LogosType::Kind::ZonedStruct ||
3340874,11610,33,11610,72,call / statement,logos::compiler::BorrowChecker::check,pointee.kind() == LogosType::Kind::Enum)) {
3398369,11610,75,11620,18,call / statement,logos::compiler::BorrowChecker::check,pointee.kind() == LogosType::Kind::Enum)) {
65,11618,62,11618,79,loop body,logos::compiler::BorrowChecker::check,for (auto& lt : pointee.lifetime_args()) lts.push_back(lt);
54027114,11631,79,12520,2,call / statement,logos::compiler::BorrowChecker::visit,"void BorrowChecker::visit(lir_view::ExprRef e, bool consuming, uint32_t line) {"
54027114,11632,9,11632,11,if guard,logos::compiler::BorrowChecker::visit,if (!e) return;
0,11632,13,11632,19,if guard,logos::compiler::BorrowChecker::visit,if (!e) return;
54027114,11633,5,12520,2,statement,logos::compiler::BorrowChecker::visit,using namespace lir_view;
6964184,11640,40,11649,6,call / statement,borrow_check.cpp:_ZZN5logos8compiler13BorrowChecker5visitENS0_8lir_view7ExprRefEbjENK3$_0clIRNS2_15EMethodCallViewEEEDaOT_,auto visit_args = [&](auto&& view) {
7473240,11643,38,11646,10,call / statement,borrow_check.cpp:_ZZZN5logos8compiler13BorrowChecker5visitENS0_8lir_view7ExprRefEbjENK3$_0clIRNS2_15EMethodCallViewEEEDaOT_ENKUlS3_E_clES3_,view.each_arg([&](ExprRef a) {
7473240,11644,17,11644,18,if guard,borrow_check.cpp:_ZZZN5logos8compiler13BorrowChecker5visitENS0_8lir_view7ExprRefEbjENK3$_0clIRNS2_15EMethodCallViewEEEDaOT_ENKUlS3_E_clES3_,"if (a && is_ref_kind(a.type(pool))) take_ref_borrows(a, line);"
7473240,11644,17,11644,47,if guard,borrow_check.cpp:_ZZZN5logos8compiler13BorrowChecker5visitENS0_8lir_view7ExprRefEbjENK3$_0clIRNS2_15EMethodCallViewEEEDaOT_ENKUlS3_E_clES3_,"if (a && is_ref_kind(a.type(pool))) take_ref_borrows(a, line);"
7473240,11644,22,11644,47,if guard,borrow_check.cpp:_ZZZN5logos8compiler13BorrowChecker5visitENS0_8lir_view7ExprRefEbjENK3$_0clIRNS2_15EMethodCallViewEEEDaOT_ENKUlS3_E_clES3_,"if (a && is_ref_kind(a.type(pool))) take_ref_borrows(a, line);"
4799810,11644,49,11644,74,if guard,borrow_check.cpp:_ZZZN5logos8compiler13BorrowChecker5visitENS0_8lir_view7ExprRefEbjENK3$_0clIRNS2_15EMethodCallViewEEEDaOT_ENKUlS3_E_clES3_,"if (a && is_ref_kind(a.type(pool))) take_ref_borrows(a, line);"
2673430,11645,49,11645,83,else branch,borrow_check.cpp:_ZZZN5logos8compiler13BorrowChecker5visitENS0_8lir_view7ExprRefEbjENK3$_0clIRNS2_15EMethodCallViewEEEDaOT_ENKUlS3_E_clES3_,"else                                visit(a, /*consuming=*/true, line);"
30393173,11653,9,11673,18,switch arm,logos::compiler::BorrowChecker::visit,case Code::VarRef: {
30393173,11656,17,11656,26,if guard,logos::compiler::BorrowChecker::visit,"if (consuming && is_move_type(e.type(pool), prog_, ts_, &copy_tvs_))"
30393173,11656,17,11656,80,if guard,logos::compiler::BorrowChecker::visit,"if (consuming && is_move_type(e.type(pool), prog_, ts_, &copy_tvs_))"
16367434,11656,30,11656,80,if guard,logos::compiler::BorrowChecker::visit,"if (consuming && is_move_type(e.type(pool), prog_, ts_, &copy_tvs_))"
366134,11657,17,11657,50,statement,logos::compiler::BorrowChecker::visit,"consume(name, line, v.var_slot());  // Phase-1"
30027039,11658,18,11672,14,else branch,logos::compiler::BorrowChecker::visit,else {
30027039,11669,21,11669,34,call / statement,logos::compiler::BorrowChecker::visit,it != nullptr && !in_addr_source_)
30027039,11669,21,11669,54,call / statement,logos::compiler::BorrowChecker::visit,it != nullptr && !in_addr_source_)
29986598,11669,38,11669,54,call / statement,logos::compiler::BorrowChecker::visit,it != nullptr && !in_addr_source_)
29366785,11670,21,11671,82,statement,logos::compiler::BorrowChecker::visit,"field_borrow_conflicts((*it), name, /*path=*/"""","
25294,11680,9,11691,18,switch arm,logos::compiler::BorrowChecker::visit,case Code::AddrOf: {
25294,11683,17,11683,41,if guard,logos::compiler::BorrowChecker::visit,if (is_mut_ref(e.type(pool))) {
3323,11683,43,11690,14,if guard,logos::compiler::BorrowChecker::visit,if (is_mut_ref(e.type(pool))) {
3323,11684,57,11684,70,if guard,logos::compiler::BorrowChecker::visit,"if (auto it = var_find(NO_SLOT, vname); it != nullptr) {"
3323,11684,72,11689,18,if guard,logos::compiler::BorrowChecker::visit,"if (auto it = var_find(NO_SLOT, vname); it != nullptr) {"
3323,11685,25,11685,44,if guard,logos::compiler::BorrowChecker::visit,if (!it->is_mut_binding && !param_names_.count(vname))
3323,11685,25,11685,74,if guard,logos::compiler::BorrowChecker::visit,if (!it->is_mut_binding && !param_names_.count(vname))
0,11685,48,11685,74,if guard,logos::compiler::BorrowChecker::visit,if (!it->is_mut_binding && !param_names_.count(vname))
0,11686,25,11688,36,diagnostic emission,logos::compiler::BorrowChecker::visit,"report(line, std::format("
304909,11703,9,12518,18,switch arm,logos::compiler::BorrowChecker::visit,case Code::AddrOfTemp: {
304909,11720,17,11720,29,statement,logos::compiler::BorrowChecker::visit,bp.root_type && bp.root_type.kind() == LogosType::Kind::Ptr;
274945,11720,33,11720,76,statement,logos::compiler::BorrowChecker::visit,bp.root_type && bp.root_type.kind() == LogosType::Kind::Ptr;
304909,11725,32,11725,44,statement,logos::compiler::BorrowChecker::visit,bool root_is_ref = bp.root_type && is_ref_kind(bp.root_type);
274945,11725,48,11725,73,statement,logos::compiler::BorrowChecker::visit,bool root_is_ref = bp.root_type && is_ref_kind(bp.root_type);
304909,11726,17,11726,30,if guard,logos::compiler::BorrowChecker::visit,"if (!root.empty() && !root_is_rawptr && var_has(NO_SLOT, root)) {"
304909,11726,17,11726,49,if guard,logos::compiler::BorrowChecker::visit,"if (!root.empty() && !root_is_rawptr && var_has(NO_SLOT, root)) {"
304909,11726,17,11726,75,if guard,logos::compiler::BorrowChecker::visit,"if (!root.empty() && !root_is_rawptr && var_has(NO_SLOT, root)) {"
274945,11726,34,11726,49,if guard,logos::compiler::BorrowChecker::visit,"if (!root.empty() && !root_is_rawptr && var_has(NO_SLOT, root)) {"
271139,11726,53,11726,75,if guard,logos::compiler::BorrowChecker::visit,"if (!root.empty() && !root_is_rawptr && var_has(NO_SLOT, root)) {"
268880,11726,77,11827,14,if guard,logos::compiler::BorrowChecker::visit,"if (!root.empty() && !root_is_rawptr && var_has(NO_SLOT, root)) {"
268880,11729,21,11729,27,if guard,logos::compiler::BorrowChecker::visit,if (is_mut && !root_is_ref && !sit->is_mut_binding
268880,11729,21,11729,43,if guard,logos::compiler::BorrowChecker::visit,if (is_mut && !root_is_ref && !sit->is_mut_binding
268880,11729,21,11729,67,if guard,logos::compiler::BorrowChecker::visit,if (is_mut && !root_is_ref && !sit->is_mut_binding
268880,11729,21,11730,49,if guard,logos::compiler::BorrowChecker::visit,if (is_mut && !root_is_ref && !sit->is_mut_binding
220755,11729,31,11729,43,if guard,logos::compiler::BorrowChecker::visit,if (is_mut && !root_is_ref && !sit->is_mut_binding
30188,11729,47,11729,67,if guard,logos::compiler::BorrowChecker::visit,if (is_mut && !root_is_ref && !sit->is_mut_binding
5,11730,24,11730,49,statement,logos::compiler::BorrowChecker::visit,&& !param_names_.count(root))
4,11731,21,11733,31,diagnostic emission,logos::compiler::BorrowChecker::visit,"report(line, std::format("
268880,11736,21,11736,34,if guard,logos::compiler::BorrowChecker::visit,if (!path.empty()) {
20135,11736,36,11744,18,if guard,logos::compiler::BorrowChecker::visit,if (!path.empty()) {
20135,11737,31,11737,34,if guard,logos::compiler::BorrowChecker::visit,if (auto* hit = find_moved_overlap(
1,11738,55,11743,22,call / statement,logos::compiler::BorrowChecker::visit,"sit->moved_fields, path)) {"
268879,11753,17,11827,14,statement,logos::compiler::BorrowChecker::visit,{
268879,11755,25,11755,42,if guard,logos::compiler::BorrowChecker::visit,if (sit->mut_borrowed) {
10,11755,44,11760,22,if guard,logos::compiler::BorrowChecker::visit,if (sit->mut_borrowed) {
268869,11795,21,11827,14,if guard,logos::compiler::BorrowChecker::visit,if (is_mut && sit->mut_reservations > 0) {
268869,11795,25,11795,31,if guard,logos::compiler::BorrowChecker::visit,if (is_mut && sit->mut_reservations > 0) {
268869,11795,25,11795,60,if guard,logos::compiler::BorrowChecker::visit,if (is_mut && sit->mut_reservations > 0) {
220745,11795,35,11795,60,if guard,logos::compiler::BorrowChecker::visit,if (is_mut && sit->mut_reservations > 0) {
1,11795,62,11800,22,if guard,logos::compiler::BorrowChecker::visit,if (is_mut && sit->mut_reservations > 0) {
268868,11801,21,11827,14,if guard,logos::compiler::BorrowChecker::visit,if (is_mut && sit->shared_borrows > 0) {
268868,11801,25,11801,31,if guard,logos::compiler::BorrowChecker::visit,if (is_mut && sit->shared_borrows > 0) {
268868,11801,25,11801,58,if guard,logos::compiler::BorrowChecker::visit,if (is_mut && sit->shared_borrows > 0) {
220744,11801,35,11801,58,if guard,logos::compiler::BorrowChecker::visit,if (is_mut && sit->shared_borrows > 0) {
123,11801,60,11806,22,if guard,logos::compiler::BorrowChecker::visit,if (is_mut && sit->shared_borrows > 0) {
268745,11807,21,11827,14,loop body,logos::compiler::BorrowChecker::visit,"for (auto& [p, c] : sit->shared_field_borrows) {"
18,11807,68,11816,22,loop body,logos::compiler::BorrowChecker::visit,"for (auto& [p, c] : sit->shared_field_borrows) {"
18,11809,29,11809,35,if guard,logos::compiler::BorrowChecker::visit,"if (c <= 0 && !logos::probe::on(""sharedzero_live"")) continue;"
18,11809,29,11809,75,if guard,logos::compiler::BorrowChecker::visit,"if (c <= 0 && !logos::probe::on(""sharedzero_live"")) continue;"
7,11809,39,11809,75,if guard,logos::compiler::BorrowChecker::visit,"if (c <= 0 && !logos::probe::on(""sharedzero_live"")) continue;"
7,11809,77,11809,85,if guard,logos::compiler::BorrowChecker::visit,"if (c <= 0 && !logos::probe::on(""sharedzero_live"")) continue;"
11,11810,25,11816,22,if guard,logos::compiler::BorrowChecker::visit,"if (paths_overlap(path, p) && is_mut) {"
11,11810,29,11810,51,if guard,logos::compiler::BorrowChecker::visit,"if (paths_overlap(path, p) && is_mut) {"
11,11810,29,11810,61,if guard,logos::compiler::BorrowChecker::visit,"if (paths_overlap(path, p) && is_mut) {"
3,11810,55,11810,61,if guard,logos::compiler::BorrowChecker::visit,"if (paths_overlap(path, p) && is_mut) {"
3,11810,63,11815,26,if guard,logos::compiler::BorrowChecker::visit,"if (paths_overlap(path, p) && is_mut) {"
268742,11817,21,11827,14,loop body,logos::compiler::BorrowChecker::visit,for (auto& p : sit->mut_field_borrows) {
36,11817,60,11824,22,loop body,logos::compiler::BorrowChecker::visit,for (auto& p : sit->mut_field_borrows) {
36,11818,29,11818,51,if guard,logos::compiler::BorrowChecker::visit,"if (paths_overlap(path, p)) {"
12,11818,53,11823,26,if guard,logos::compiler::BorrowChecker::visit,"if (paths_overlap(path, p)) {"
268745,11825,21,11827,14,statement,logos::compiler::BorrowChecker::visit,addrof_temp_done:;
304774,11828,13,11834,18,if guard,logos::compiler::BorrowChecker::visit,if (inner) {
304774,11828,17,11828,22,if guard,logos::compiler::BorrowChecker::visit,if (inner) {
304774,11828,24,11833,14,if guard,logos::compiler::BorrowChecker::visit,if (inner) {
213747,11855,9,11861,18,switch arm,logos::compiler::BorrowChecker::visit,case Code::Deref: {
213747,11857,17,11857,26,if guard,logos::compiler::BorrowChecker::visit,if (consuming && !deref_move_exempt(dop) &&
213747,11857,17,11857,53,if guard,logos::compiler::BorrowChecker::visit,if (consuming && !deref_move_exempt(dop) &&
213747,11857,17,11858,67,if guard,logos::compiler::BorrowChecker::visit,if (consuming && !deref_move_exempt(dop) &&
9995,11857,30,11857,53,if guard,logos::compiler::BorrowChecker::visit,if (consuming && !deref_move_exempt(dop) &&
3118,11858,17,11858,67,call / statement,logos::compiler::BorrowChecker::visit,"is_move_type(e.type(pool), prog_, ts_, &copy_tvs_))"
18,11859,17,11859,54,diagnostic emission,logos::compiler::BorrowChecker::visit,"report(line, deref_move_message(dop));"
179369,11865,9,12518,18,switch arm,logos::compiler::BorrowChecker::visit,case Code::FieldRead: {
160861,11881,51,11884,18,call / statement,borrow_check.cpp:logos::compiler::BorrowChecker::visit,auto recv_is_raw = [&](ExprRef r) {
160861,11882,34,11882,35,statement,borrow_check.cpp:logos::compiler::BorrowChecker::visit,TypeRef rt = r ? r.type(pool) : TypeRef(nullptr);
160861,11882,38,11882,50,statement,borrow_check.cpp:logos::compiler::BorrowChecker::visit,TypeRef rt = r ? r.type(pool) : TypeRef(nullptr);
0,11882,53,11882,69,statement,borrow_check.cpp:logos::compiler::BorrowChecker::visit,TypeRef rt = r ? r.type(pool) : TypeRef(nullptr);
160861,11883,28,11883,30,early return,borrow_check.cpp:logos::compiler::BorrowChecker::visit,return rt && rt.kind() == LogosType::Kind::Ptr;
160861,11883,34,11883,67,early return,borrow_check.cpp:logos::compiler::BorrowChecker::visit,return rt && rt.kind() == LogosType::Kind::Ptr;
182030,11885,24,11885,27,loop body,logos::compiler::BorrowChecker::visit,while (cur && cur.kind() == Code::FieldRead) {
182030,11885,24,11885,60,loop body,logos::compiler::BorrowChecker::visit,while (cur && cur.kind() == Code::FieldRead) {
182030,11885,31,11885,60,loop body,logos::compiler::BorrowChecker::visit,while (cur && cur.kind() == Code::FieldRead) {
2661,11885,62,11890,18,loop body,logos::compiler::BorrowChecker::visit,while (cur && cur.kind() == Code::FieldRead) {
2661,11888,25,11888,41,if guard,logos::compiler::BorrowChecker::visit,if (recv_is_raw(cur)) raw_hop = true;
1422,11888,43,11888,57,if guard,logos::compiler::BorrowChecker::visit,if (recv_is_raw(cur)) raw_hop = true;
179369,11897,21,11897,24,if guard,logos::compiler::BorrowChecker::visit,if (cur && cur.kind() == Code::VarRef &&
179369,11897,21,11897,54,if guard,logos::compiler::BorrowChecker::visit,if (cur && cur.kind() == Code::VarRef &&
179369,11897,21,11898,29,if guard,logos::compiler::BorrowChecker::visit,if (cur && cur.kind() == Code::VarRef &&
179369,11897,21,11898,50,if guard,logos::compiler::BorrowChecker::visit,if (cur && cur.kind() == Code::VarRef &&
179369,11897,28,11897,54,if guard,logos::compiler::BorrowChecker::visit,if (cur && cur.kind() == Code::VarRef &&
159606,11898,21,11898,29,statement,logos::compiler::BorrowChecker::visit,!raw_hop && !recv_is_raw(cur)) {
158200,11898,33,11898,50,statement,logos::compiler::BorrowChecker::visit,!raw_hop && !recv_is_raw(cur)) {
141122,11898,52,11904,18,statement,logos::compiler::BorrowChecker::visit,!raw_hop && !recv_is_raw(cur)) {
283101,11900,52,11900,70,loop body,logos::compiler::BorrowChecker::visit,for (auto it2 = segs.rbegin(); it2 != segs.rend(); ++it2) {
141979,11900,72,11900,77,loop body,logos::compiler::BorrowChecker::visit,for (auto it2 = segs.rbegin(); it2 != segs.rend(); ++it2) {
141979,11900,79,11903,22,loop body,logos::compiler::BorrowChecker::visit,for (auto it2 = segs.rbegin(); it2 != segs.rend(); ++it2) {
141979,11901,29,11901,42,if guard,logos::compiler::BorrowChecker::visit,if (!path.empty()) path.push_back('.');
857,11901,44,11901,63,if guard,logos::compiler::BorrowChecker::visit,if (!path.empty()) path.push_back('.');
179369,11906,17,11906,30,if guard,logos::compiler::BorrowChecker::visit,if (!root.empty()) {
141122,11906,32,11943,14,if guard,logos::compiler::BorrowChecker::visit,if (!root.empty()) {
141122,11907,56,11907,69,if guard,logos::compiler::BorrowChecker::visit,"if (auto it = var_find(NO_SLOT, root); it != nullptr) {"
140095,11907,71,11942,18,if guard,logos::compiler::BorrowChecker::visit,"if (auto it = var_find(NO_SLOT, root); it != nullptr) {"
140095,11908,31,11908,34,if guard,logos::compiler::BorrowChecker::visit,"if (auto* hit = find_moved_overlap(it->moved_fields, path)) {"
9,11908,81,11926,22,if guard,logos::compiler::BorrowChecker::visit,"if (auto* hit = find_moved_overlap(it->moved_fields, path)) {"
9,11920,29,11920,39,if guard,logos::compiler::BorrowChecker::visit,if (into_moved || !in_addr_source_) {
9,11920,29,11920,59,if guard,logos::compiler::BorrowChecker::visit,if (into_moved || !in_addr_source_) {
4,11920,43,11920,59,if guard,logos::compiler::BorrowChecker::visit,if (into_moved || !in_addr_source_) {
8,11920,61,11925,26,if guard,logos::compiler::BorrowChecker::visit,if (into_moved || !in_addr_source_) {
140087,11927,21,11942,18,statement,logos::compiler::BorrowChecker::visit,"bool moving = consuming && is_move_type(e.type(pool), prog_, ts_, &copy_tvs_);"
140087,11927,35,11927,44,statement,logos::compiler::BorrowChecker::visit,"bool moving = consuming && is_move_type(e.type(pool), prog_, ts_, &copy_tvs_);"
81237,11927,48,11927,98,statement,logos::compiler::BorrowChecker::visit,"bool moving = consuming && is_move_type(e.type(pool), prog_, ts_, &copy_tvs_);"
140087,11933,25,11933,41,if guard,logos::compiler::BorrowChecker::visit,if (!in_addr_source_ &&
140087,11933,25,11936,72,if guard,logos::compiler::BorrowChecker::visit,if (!in_addr_source_ &&
89166,11934,25,11936,72,statement,logos::compiler::BorrowChecker::visit,"field_borrow_conflicts((*it), root, path,"
89166,11936,48,11936,54,call / statement,logos::compiler::BorrowChecker::visit,"moving ? ""move"" : ""use""))"
552,11936,57,11936,63,call / statement,logos::compiler::BorrowChecker::visit,"moving ? ""move"" : ""use""))"
88614,11936,66,11936,71,call / statement,logos::compiler::BorrowChecker::visit,"moving ? ""move"" : ""use""))"
21,11937,25,11937,30,loop exit,logos::compiler::BorrowChecker::visit,break;
140066,11938,21,11942,18,if guard,logos::compiler::BorrowChecker::visit,if (moving) {
140066,11938,25,11938,31,if guard,logos::compiler::BorrowChecker::visit,if (moving) {
551,11938,33,11941,22,if guard,logos::compiler::BorrowChecker::visit,if (moving) {
178789,11944,13,11945,18,statement,logos::compiler::BorrowChecker::visit,"visit_place_base(recv, line);"
24453,11949,9,11953,18,switch arm,logos::compiler::BorrowChecker::visit,case Code::IndexRead: {
28750,11957,9,11959,18,switch arm,logos::compiler::BorrowChecker::visit,case Code::TupleIndex:
413187,11966,9,12221,18,switch arm,logos::compiler::BorrowChecker::visit,case Code::MethodCall: {
413187,11976,17,11976,21,call / statement,logos::compiler::BorrowChecker::visit,recv && recv.kind() != Code::AddrOfTemp) {
413187,11976,17,11976,56,call / statement,logos::compiler::BorrowChecker::visit,recv && recv.kind() != Code::AddrOfTemp) {
413187,11976,25,11976,56,call / statement,logos::compiler::BorrowChecker::visit,recv && recv.kind() != Code::AddrOfTemp) {
174460,11976,58,11981,14,call / statement,logos::compiler::BorrowChecker::visit,recv && recv.kind() != Code::AddrOfTemp) {
174460,11978,21,11978,28,if guard,logos::compiler::BorrowChecker::visit,if (sk >= 1)
108650,11979,21,11980,66,statement,logos::compiler::BorrowChecker::visit,"check_recv_conflict(extract_borrow_place(recv, pool),"
413187,12015,43,12015,47,if guard,logos::compiler::BorrowChecker::visit,if (auto recv = v.receiver(); recv && method_self_kind(v) == 2) {
413187,12015,43,12015,75,if guard,logos::compiler::BorrowChecker::visit,if (auto recv = v.receiver(); recv && method_self_kind(v) == 2) {
413187,12015,51,12015,75,if guard,logos::compiler::BorrowChecker::visit,if (auto recv = v.receiver(); recv && method_self_kind(v) == 2) {
271640,12015,77,12213,14,if guard,logos::compiler::BorrowChecker::visit,if (auto recv = v.receiver(); recv && method_self_kind(v) == 2) {
271640,12024,35,12024,46,statement,logos::compiler::BorrowChecker::visit,std::string rn0 = recv_is_var
60047,12025,23,12025,70,statement,logos::compiler::BorrowChecker::visit,? std::string(lir_view::EVarRefView{recv}.name())
211593,12026,23,12026,54,statement,logos::compiler::BorrowChecker::visit,": place_write_root(recv, rn_thru);"
271640,12029,21,12029,32,if guard,logos::compiler::BorrowChecker::visit,"if (!rn.empty() && !var_has(NO_SLOT, rn)) rn = ref_place_root(rn);"
271640,12029,21,12029,57,if guard,logos::compiler::BorrowChecker::visit,"if (!rn.empty() && !var_has(NO_SLOT, rn)) rn = ref_place_root(rn);"
66095,12029,36,12029,57,if guard,logos::compiler::BorrowChecker::visit,"if (!rn.empty() && !var_has(NO_SLOT, rn)) rn = ref_place_root(rn);"
18,12029,59,12029,82,if guard,logos::compiler::BorrowChecker::visit,"if (!rn.empty() && !var_has(NO_SLOT, rn)) rn = ref_place_root(rn);"
271640,12030,36,12030,62,statement,logos::compiler::BorrowChecker::visit,uint32_t rn_slot = (recv_is_var && rn == rn0)         // Phase-1
271640,12030,37,12030,48,statement,logos::compiler::BorrowChecker::visit,uint32_t rn_slot = (recv_is_var && rn == rn0)         // Phase-1
60047,12030,52,12030,61,statement,logos::compiler::BorrowChecker::visit,uint32_t rn_slot = (recv_is_var && rn == rn0)         // Phase-1
60017,12031,23,12031,61,statement,logos::compiler::BorrowChecker::visit,? lir_view::EVarRefView{recv}.var_slot() : NO_SLOT;
211623,12031,64,12031,71,statement,logos::compiler::BorrowChecker::visit,? lir_view::EVarRefView{recv}.var_slot() : NO_SLOT;
271640,12032,21,12032,32,if guard,logos::compiler::BorrowChecker::visit,"if (!rn.empty() && var_has(rn_slot, rn)) {"
271640,12032,21,12032,56,if guard,logos::compiler::BorrowChecker::visit,"if (!rn.empty() && var_has(rn_slot, rn)) {"
66095,12032,36,12032,56,if guard,logos::compiler::BorrowChecker::visit,"if (!rn.empty() && var_has(rn_slot, rn)) {"
66085,12032,58,12111,18,if guard,logos::compiler::BorrowChecker::visit,"if (!rn.empty() && var_has(rn_slot, rn)) {"
66085,12040,25,12040,27,if guard,logos::compiler::BorrowChecker::visit,if (rt) for (auto el : rt.type_args()) elems.push_back(el);
66085,12040,29,12040,79,if guard,logos::compiler::BorrowChecker::visit,if (rt) for (auto el : rt.type_args()) elems.push_back(el);
75832,12040,60,12040,79,if guard,logos::compiler::BorrowChecker::visit,if (rt) for (auto el : rt.type_args()) elems.push_back(el);
36058,12041,56,12108,22,call / statement,borrow_check.cpp:logos::compiler::BorrowChecker::visit,v.each_arg([&](lir_view::ExprRef a){
36058,12042,29,12042,31,if guard,borrow_check.cpp:logos::compiler::BorrowChecker::visit,if (!a) return;
0,12042,33,12042,39,if guard,borrow_check.cpp:logos::compiler::BorrowChecker::visit,if (!a) return;
36058,12043,25,12108,22,statement,borrow_check.cpp:logos::compiler::BorrowChecker::visit,TypeRef at = a.type(pool);
36058,12045,29,12045,45,statement,borrow_check.cpp:logos::compiler::BorrowChecker::visit,!is_ref_kind(at) && is_borrow_carrying_type(at);
35630,12045,49,12045,76,statement,borrow_check.cpp:logos::compiler::BorrowChecker::visit,!is_ref_kind(at) && is_borrow_carrying_type(at);
36058,12047,29,12047,44,if guard,borrow_check.cpp:logos::compiler::BorrowChecker::visit,if (is_ref_kind(at))
428,12048,29,12049,81,loop body,borrow_check.cpp:logos::compiler::BorrowChecker::visit,for (auto el : elems)
424,12049,33,12049,81,if guard,borrow_check.cpp:logos::compiler::BorrowChecker::visit,if (at == el) { stored_ref_elem = true; break; }
424,12049,37,12049,45,if guard,borrow_check.cpp:logos::compiler::BorrowChecker::visit,if (at == el) { stored_ref_elem = true; break; }
404,12049,47,12049,81,if guard,borrow_check.cpp:logos::compiler::BorrowChecker::visit,if (at == el) { stored_ref_elem = true; break; }
36058,12050,29,12050,40,if guard,borrow_check.cpp:logos::compiler::BorrowChecker::visit,if (by_value_bc)
102,12051,29,12051,62,statement,borrow_check.cpp:logos::compiler::BorrowChecker::visit,"cap = merge_prov(cap, prov_of(a));"
36058,12055,29,12055,40,if guard,borrow_check.cpp:logos::compiler::BorrowChecker::visit,if (by_value_bc || stored_ref_elem)
36058,12055,29,12055,59,if guard,borrow_check.cpp:logos::compiler::BorrowChecker::visit,if (by_value_bc || stored_ref_elem)
35956,12055,44,12055,59,if guard,borrow_check.cpp:logos::compiler::BorrowChecker::visit,if (by_value_bc || stored_ref_elem)
506,12056,29,12056,72,statement,borrow_check.cpp:logos::compiler::BorrowChecker::visit,"add_ref_sources(rn, std::string{}, a, line);"
36058,12102,29,12102,40,if guard,borrow_check.cpp:logos::compiler::BorrowChecker::visit,if (by_value_bc) {
102,12102,42,12107,26,if guard,borrow_check.cpp:logos::compiler::BorrowChecker::visit,if (by_value_bc) {
58,12105,51,12105,77,loop body,borrow_check.cpp:logos::compiler::BorrowChecker::visit,"for (auto& r : roots) inherit_loans(r, rn, line);"
66085,12109,25,12109,44,if guard,logos::compiler::BorrowChecker::visit,if (!cap.params.empty() || cap.is_local || cap.is_temp)
66085,12109,25,12109,60,if guard,logos::compiler::BorrowChecker::visit,if (!cap.params.empty() || cap.is_local || cap.is_temp)
66085,12109,25,12109,75,if guard,logos::compiler::BorrowChecker::visit,if (!cap.params.empty() || cap.is_local || cap.is_temp)
66078,12109,48,12109,60,if guard,logos::compiler::BorrowChecker::visit,if (!cap.params.empty() || cap.is_local || cap.is_temp)
66058,12109,64,12109,75,if guard,logos::compiler::BorrowChecker::visit,if (!cap.params.empty() || cap.is_local || cap.is_temp)
27,12110,25,12110,63,statement,logos::compiler::BorrowChecker::visit,"prov_[rn] = merge_prov(prov_[rn], cap);"
271640,12157,41,12157,52,statement,logos::compiler::BorrowChecker::visit,std::string rn086 = recv_is_var
60047,12158,27,12158,74,statement,logos::compiler::BorrowChecker::visit,? std::string(lir_view::EVarRefView{recv}.name())
211593,12159,27,12159,50,statement,logos::compiler::BorrowChecker::visit,: flow_operand_root(recv);
271640,12161,25,12161,38,if guard,logos::compiler::BorrowChecker::visit,"if (!rn86.empty() && !var_has(NO_SLOT, rn86))"
271640,12161,25,12161,65,if guard,logos::compiler::BorrowChecker::visit,"if (!rn86.empty() && !var_has(NO_SLOT, rn86))"
265576,12161,42,12161,65,if guard,logos::compiler::BorrowChecker::visit,"if (!rn86.empty() && !var_has(NO_SLOT, rn86))"
59,12162,25,12162,52,statement,logos::compiler::BorrowChecker::visit,rn86 = ref_place_root(rn86);
271640,12163,42,12163,72,call / statement,logos::compiler::BorrowChecker::visit,uint32_t rn86_slot = (recv_is_var && rn86 == rn086)
271640,12163,43,12163,54,call / statement,logos::compiler::BorrowChecker::visit,uint32_t rn86_slot = (recv_is_var && rn86 == rn086)
60047,12163,58,12163,71,call / statement,logos::compiler::BorrowChecker::visit,uint32_t rn86_slot = (recv_is_var && rn86 == rn086)
60017,12164,27,12164,65,statement,logos::compiler::BorrowChecker::visit,? lir_view::EVarRefView{recv}.var_slot() : NO_SLOT;
211623,12164,68,12164,75,statement,logos::compiler::BorrowChecker::visit,? lir_view::EVarRefView{recv}.var_slot() : NO_SLOT;
271640,12165,25,12165,38,if guard,logos::compiler::BorrowChecker::visit,"if (!rn86.empty() && var_has(rn86_slot, rn86)) {"
271640,12165,25,12165,66,if guard,logos::compiler::BorrowChecker::visit,"if (!rn86.empty() && var_has(rn86_slot, rn86)) {"
265576,12165,42,12165,66,if guard,logos::compiler::BorrowChecker::visit,"if (!rn86.empty() && var_has(rn86_slot, rn86)) {"
265550,12165,68,12211,22,if guard,logos::compiler::BorrowChecker::visit,"if (!rn86.empty() && var_has(rn86_slot, rn86)) {"
465015,12182,42,12182,48,loop body,logos::compiler::BorrowChecker::visit,for (int pk = 0; pk < 4 && rt86 && is_ref_kind(rt86) &&
465015,12182,42,12182,56,loop body,logos::compiler::BorrowChecker::visit,for (int pk = 0; pk < 4 && rt86 && is_ref_kind(rt86) &&
465015,12182,42,12182,77,loop body,logos::compiler::BorrowChecker::visit,for (int pk = 0; pk < 4 && rt86 && is_ref_kind(rt86) &&
465015,12182,42,12183,77,loop body,logos::compiler::BorrowChecker::visit,for (int pk = 0; pk < 4 && rt86 && is_ref_kind(rt86) &&
465015,12182,52,12182,56,loop body,logos::compiler::BorrowChecker::visit,for (int pk = 0; pk < 4 && rt86 && is_ref_kind(rt86) &&
265550,12182,60,12182,77,loop body,logos::compiler::BorrowChecker::visit,for (int pk = 0; pk < 4 && rt86 && is_ref_kind(rt86) &&
199564,12183,34,12183,77,call / statement,logos::compiler::BorrowChecker::visit,rt86.kind() != LogosType::Kind::TraitObject; ++pk)
199465,12183,79,12183,83,call / statement,logos::compiler::BorrowChecker::visit,rt86.kind() != LogosType::Kind::TraitObject; ++pk)
199465,12184,29,12184,47,statement,logos::compiler::BorrowChecker::visit,rt86 = rt86.elem();
265550,12186,29,12186,33,if guard,logos::compiler::BorrowChecker::visit,if (rt86) for (auto el : rt86.type_args()) el86.push_back(el);
66085,12186,35,12186,86,if guard,logos::compiler::BorrowChecker::visit,if (rt86) for (auto el : rt86.type_args()) el86.push_back(el);
75832,12186,68,12186,86,if guard,logos::compiler::BorrowChecker::visit,if (rt86) for (auto el : rt86.type_args()) el86.push_back(el);
265550,12187,29,12187,41,if guard,logos::compiler::BorrowChecker::visit,if (el86.empty())
200401,12188,29,12189,84,if guard,logos::compiler::BorrowChecker::visit,if (TypeRef ht86 = holder_ty_of(rn86))
200401,12188,41,12188,45,if guard,logos::compiler::BorrowChecker::visit,if (TypeRef ht86 = holder_ty_of(rn86))
28315,12189,33,12189,84,loop body,logos::compiler::BorrowChecker::visit,for (auto el : ht86.type_args()) el86.push_back(el);
4595,12189,66,12189,84,loop body,logos::compiler::BorrowChecker::visit,for (auto el : ht86.type_args()) el86.push_back(el);
223523,12190,60,12210,26,call / statement,borrow_check.cpp:logos::compiler::BorrowChecker::visit,v.each_arg([&](lir_view::ExprRef a){
223523,12191,33,12191,35,if guard,borrow_check.cpp:logos::compiler::BorrowChecker::visit,if (!a) return;
0,12191,37,12191,43,if guard,borrow_check.cpp:logos::compiler::BorrowChecker::visit,if (!a) return;
223523,12192,29,12210,26,statement,borrow_check.cpp:logos::compiler::BorrowChecker::visit,TypeRef at = a.type(pool);
223523,12194,33,12194,49,statement,borrow_check.cpp:logos::compiler::BorrowChecker::visit,!is_ref_kind(at) && is_borrow_carrying_type(at);
61740,12194,53,12194,80,statement,borrow_check.cpp:logos::compiler::BorrowChecker::visit,!is_ref_kind(at) && is_borrow_carrying_type(at);
39787,12205,33,12205,79,if guard,borrow_check.cpp:logos::compiler::BorrowChecker::visit,if (at == el) { stored_elem86 = true; break; }
39787,12205,37,12205,45,if guard,borrow_check.cpp:logos::compiler::BorrowChecker::visit,if (at == el) { stored_elem86 = true; break; }
38767,12205,47,12205,79,if guard,borrow_check.cpp:logos::compiler::BorrowChecker::visit,if (at == el) { stored_elem86 = true; break; }
223523,12206,33,12206,63,if guard,borrow_check.cpp:logos::compiler::BorrowChecker::visit,if ((by_value_bc || stored_elem86) &&
223523,12206,33,12207,58,if guard,borrow_check.cpp:logos::compiler::BorrowChecker::visit,if ((by_value_bc || stored_elem86) &&
223523,12206,34,12206,45,if guard,borrow_check.cpp:logos::compiler::BorrowChecker::visit,if ((by_value_bc || stored_elem86) &&
222899,12206,49,12206,62,if guard,borrow_check.cpp:logos::compiler::BorrowChecker::visit,if ((by_value_bc || stored_elem86) &&
39272,12207,33,12207,58,call / statement,borrow_check.cpp:logos::compiler::BorrowChecker::visit,type_may_carry_borrow(at))
2984,12208,33,12209,78,statement,borrow_check.cpp:logos::compiler::BorrowChecker::visit,"note_holder_escape_prov(rn86, holder_ty_of(rn86),"
352561,12218,42,12218,63,statement,borrow_check.cpp:logos::compiler::BorrowChecker::visit,v.each_arg([&](ExprRef a){ ops.push_back(a); });
3744720,12225,9,12287,18,switch arm,logos::compiler::BorrowChecker::visit,case Code::Call: {
3744720,12232,17,12232,46,statement,logos::compiler::BorrowChecker::visit,it != fn_index_.by_name.end() && it->second &&
3744720,12232,17,12232,60,statement,logos::compiler::BorrowChecker::visit,it != fn_index_.by_name.end() && it->second &&
3744720,12232,17,12233,45,statement,logos::compiler::BorrowChecker::visit,it != fn_index_.by_name.end() && it->second &&
3478515,12232,50,12232,60,statement,logos::compiler::BorrowChecker::visit,it != fn_index_.by_name.end() && it->second &&
3478515,12233,17,12233,45,statement,logos::compiler::BorrowChecker::visit,!it->second.params().empty()) {
3432807,12233,47,12264,14,statement,logos::compiler::BorrowChecker::visit,!it->second.params().empty()) {
3432807,12250,31,12250,33,statement,logos::compiler::BorrowChecker::visit,bool p0_ref = p0 && (p0.kind() == LogosType::Kind::Ref ||
3432807,12250,37,12251,75,statement,logos::compiler::BorrowChecker::visit,bool p0_ref = p0 && (p0.kind() == LogosType::Kind::Ref ||
3432807,12250,38,12250,71,statement,logos::compiler::BorrowChecker::visit,bool p0_ref = p0 && (p0.kind() == LogosType::Kind::Ref ||
3223700,12251,38,12251,74,statement,logos::compiler::BorrowChecker::visit,p0.kind() == LogosType::Kind::MutRef);
3432807,12252,21,12253,38,if guard,logos::compiler::BorrowChecker::visit,if ((p0 && p0.kind() == LogosType::Kind::DstRef &&
3432807,12252,21,12253,57,if guard,logos::compiler::BorrowChecker::visit,if ((p0 && p0.kind() == LogosType::Kind::DstRef &&
3432807,12252,22,12252,24,if guard,logos::compiler::BorrowChecker::visit,if ((p0 && p0.kind() == LogosType::Kind::DstRef &&
3432807,12252,22,12252,64,if guard,logos::compiler::BorrowChecker::visit,if ((p0 && p0.kind() == LogosType::Kind::DstRef &&
3432807,12252,28,12252,64,if guard,logos::compiler::BorrowChecker::visit,if ((p0 && p0.kind() == LogosType::Kind::DstRef &&
1938,12253,21,12253,37,statement,logos::compiler::BorrowChecker::visit,!p0.owning_dst()) || (gcf && p0_ref)) {
3430869,12253,42,12253,57,statement,logos::compiler::BorrowChecker::visit,!p0.owning_dst()) || (gcf && p0_ref)) {
3430869,12253,43,12253,46,statement,logos::compiler::BorrowChecker::visit,!p0.owning_dst()) || (gcf && p0_ref)) {
0,12253,50,12253,56,statement,logos::compiler::BorrowChecker::visit,!p0.owning_dst()) || (gcf && p0_ref)) {
1938,12253,59,12263,18,statement,logos::compiler::BorrowChecker::visit,!p0.owning_dst()) || (gcf && p0_ref)) {
3804,12255,47,12255,74,statement,borrow_check.cpp:logos::compiler::BorrowChecker::visit,cv.each_arg([&](ExprRef a){ if (ai0++ == 0) a0 = a; });
3804,12255,53,12255,63,statement,borrow_check.cpp:logos::compiler::BorrowChecker::visit,cv.each_arg([&](ExprRef a){ if (ai0++ == 0) a0 = a; });
1938,12255,65,12255,71,statement,borrow_check.cpp:logos::compiler::BorrowChecker::visit,cv.each_arg([&](ExprRef a){ if (ai0++ == 0) a0 = a; });
1938,12256,25,12256,28,if guard,logos::compiler::BorrowChecker::visit,if (gcf && a0 && a0.kind() == Code::AddrOfTemp)
1938,12256,25,12256,34,if guard,logos::compiler::BorrowChecker::visit,if (gcf && a0 && a0.kind() == Code::AddrOfTemp)
1938,12256,25,12256,67,if guard,logos::compiler::BorrowChecker::visit,if (gcf && a0 && a0.kind() == Code::AddrOfTemp)
0,12256,32,12256,34,if guard,logos::compiler::BorrowChecker::visit,if (gcf && a0 && a0.kind() == Code::AddrOfTemp)
0,12256,38,12256,67,if guard,logos::compiler::BorrowChecker::visit,if (gcf && a0 && a0.kind() == Code::AddrOfTemp)
0,12257,25,12257,57,statement,logos::compiler::BorrowChecker::visit,a0 = EAddrOfTempView{a0}.inner();
1938,12258,25,12258,27,if guard,logos::compiler::BorrowChecker::visit,if (a0)
1938,12259,25,12262,50,statement,logos::compiler::BorrowChecker::visit,"check_recv_conflict(extract_borrow_place(a0, pool),"
1938,12260,56,12260,68,statement,logos::compiler::BorrowChecker::visit,/*is_mut=*/p0.mut_ptr() ||
1887,12261,47,12261,92,statement,logos::compiler::BorrowChecker::visit,"(gcf && p0.kind() == LogosType::Kind::MutRef),"
1887,12261,48,12261,51,statement,logos::compiler::BorrowChecker::visit,"(gcf && p0.kind() == LogosType::Kind::MutRef),"
0,12261,55,12261,91,statement,logos::compiler::BorrowChecker::visit,"(gcf && p0.kind() == LogosType::Kind::MutRef),"
5287746,12284,43,12284,64,statement,borrow_check.cpp:logos::compiler::BorrowChecker::visit,cv.each_arg([&](ExprRef a){ ops.push_back(a); });
2408,12291,9,12295,18,switch arm,logos::compiler::BorrowChecker::visit,case Code::ClosureCall: {
2803869,12299,9,12314,18,switch arm,logos::compiler::BorrowChecker::visit,case Code::FnPtrCall: {
1830424,12311,42,12311,63,statement,borrow_check.cpp:logos::compiler::BorrowChecker::visit,v.each_arg([&](ExprRef a){ ops.push_back(a); });
298763,12318,9,12322,18,switch arm,logos::compiler::BorrowChecker::visit,case Code::BinOp: {
186457,12324,9,12326,18,switch arm,logos::compiler::BorrowChecker::visit,case Code::Unary:
170755,12329,9,12345,18,switch arm,logos::compiler::BorrowChecker::visit,case Code::Cast: {
170755,12333,26,12333,28,statement,logos::compiler::BorrowChecker::visit,TypeRef ot = op ? op.type(pool) : TypeRef(nullptr);
170755,12333,31,12333,44,statement,logos::compiler::BorrowChecker::visit,TypeRef ot = op ? op.type(pool) : TypeRef(nullptr);
0,12333,47,12333,63,statement,logos::compiler::BorrowChecker::visit,TypeRef ot = op ? op.type(pool) : TypeRef(nullptr);
170755,12341,31,12341,33,statement,logos::compiler::BorrowChecker::visit,bool ref_to_ptr = ot && (ot.kind() == LogosType::Kind::Ref ||
170755,12341,31,12342,75,statement,logos::compiler::BorrowChecker::visit,bool ref_to_ptr = ot && (ot.kind() == LogosType::Kind::Ref ||
170755,12341,31,12343,33,statement,logos::compiler::BorrowChecker::visit,bool ref_to_ptr = ot && (ot.kind() == LogosType::Kind::Ref ||
170755,12341,37,12342,75,statement,logos::compiler::BorrowChecker::visit,bool ref_to_ptr = ot && (ot.kind() == LogosType::Kind::Ref ||
170755,12341,38,12341,71,statement,logos::compiler::BorrowChecker::visit,bool ref_to_ptr = ot && (ot.kind() == LogosType::Kind::Ref ||
163640,12342,38,12342,74,statement,logos::compiler::BorrowChecker::visit,ot.kind() == LogosType::Kind::MutRef) &&
10003,12343,31,12343,33,statement,logos::compiler::BorrowChecker::visit,tt && tt.kind() == LogosType::Kind::Ptr;
10003,12343,37,12343,70,statement,logos::compiler::BorrowChecker::visit,tt && tt.kind() == LogosType::Kind::Ptr;
170755,12344,23,12344,32,statement,logos::compiler::BorrowChecker::visit,"visit(op, consuming && !ref_to_ptr, line);"
160370,12344,36,12344,47,statement,logos::compiler::BorrowChecker::visit,"visit(op, consuming && !ref_to_ptr, line);"
1100989,12349,9,12353,18,switch arm,logos::compiler::BorrowChecker::visit,case Code::StructLit:
1196585,12350,64,12352,14,call / statement,borrow_check.cpp:logos::compiler::BorrowChecker::visit,EStructLitView{e}.each_field_value([&](ExprRef fv) {
532,12356,9,12360,18,switch arm,logos::compiler::BorrowChecker::visit,case Code::ArrLit:
16349,12357,54,12359,14,call / statement,borrow_check.cpp:logos::compiler::BorrowChecker::visit,EArrLitView{e}.each_elem([&](ExprRef el) {
6734,12363,9,12367,18,switch arm,logos::compiler::BorrowChecker::visit,case Code::TupleLit:
5950,12364,56,12366,14,call / statement,borrow_check.cpp:logos::compiler::BorrowChecker::visit,ETupleLitView{e}.each_elem([&](ExprRef el) {
3588265,12370,9,12374,18,switch arm,logos::compiler::BorrowChecker::visit,case Code::EnumLitData:
2820109,12371,62,12373,14,call / statement,borrow_check.cpp:logos::compiler::BorrowChecker::visit,EEnumLitDataView{e}.each_payload([&](ExprRef pl) {
6795,12377,9,12391,18,switch arm,logos::compiler::BorrowChecker::visit,case Code::IfExpr: {
7615,12395,9,12443,18,switch arm,logos::compiler::BorrowChecker::visit,case Code::MatchExpr: {
15310,12403,46,12431,14,call / statement,borrow_check.cpp:logos::compiler::BorrowChecker::visit,v.each_arm([&](EMatchArmRef arm) {
15310,12410,26,12410,27,if guard,borrow_check.cpp:logos::compiler::BorrowChecker::visit,"if (auto g = arm.guard()) visit(g, /*consuming=*/true, line);"
106,12410,43,12410,77,if guard,borrow_check.cpp:logos::compiler::BorrowChecker::visit,"if (auto g = arm.guard()) visit(g, /*consuming=*/true, line);"
15310,12419,21,12419,28,if guard,borrow_check.cpp:logos::compiler::BorrowChecker::visit,if (arm_div) return;
6590,12419,30,12419,36,if guard,borrow_check.cpp:logos::compiler::BorrowChecker::visit,if (arm_div) return;
8720,12420,17,12431,14,if guard,borrow_check.cpp:logos::compiler::BorrowChecker::visit,if (!merged_s) {
8720,12420,21,12420,30,if guard,borrow_check.cpp:logos::compiler::BorrowChecker::visit,if (!merged_s) {
7615,12420,32,12423,18,if guard,borrow_check.cpp:logos::compiler::BorrowChecker::visit,if (!merged_s) {
1105,12423,24,12430,18,else branch,borrow_check.cpp:logos::compiler::BorrowChecker::visit,} else {
2654,12424,94,12427,22,call / statement,borrow_check.cpp:logos::compiler::BorrowChecker::visit,"states_.for_each([&](uint32_t slot, std::string_view name, VarState& st) {"
2654,12425,29,12425,37,if guard,borrow_check.cpp:logos::compiler::BorrowChecker::visit,"if (st.moved && saved_s.has_id(slot, name))"
2654,12425,29,12425,67,if guard,borrow_check.cpp:logos::compiler::BorrowChecker::visit,"if (st.moved && saved_s.has_id(slot, name))"
1,12425,41,12425,67,if guard,borrow_check.cpp:logos::compiler::BorrowChecker::visit,"if (st.moved && saved_s.has_id(slot, name))"
1,12426,29,12426,61,statement,borrow_check.cpp:logos::compiler::BorrowChecker::visit,"merged_s->at_id(slot, name) = st;"
7615,12432,17,12432,25,if guard,logos::compiler::BorrowChecker::visit,if (merged_s) {
7615,12432,27,12439,14,if guard,logos::compiler::BorrowChecker::visit,if (merged_s) {
99681,12435,92,12437,18,call / statement,borrow_check.cpp:logos::compiler::BorrowChecker::visit,"merged_s->for_each([&](uint32_t slot, std::string_view name, VarState& st) {"
99681,12436,25,12436,51,if guard,borrow_check.cpp:logos::compiler::BorrowChecker::visit,"if (saved_s.has_id(slot, name)) states_.at_id(slot, name) = st;"
99681,12436,53,12436,83,if guard,borrow_check.cpp:logos::compiler::BorrowChecker::visit,"if (saved_s.has_id(slot, name)) states_.at_id(slot, name) = st;"
0,12439,20,12442,14,else branch,logos::compiler::BorrowChecker::visit,} else {
0,12447,9,12449,18,switch arm,logos::compiler::BorrowChecker::visit,case Code::Try:
312,12452,9,12456,18,switch arm,logos::compiler::BorrowChecker::visit,case Code::SliceLit: {
20349,12458,9,12462,18,switch arm,logos::compiler::BorrowChecker::visit,case Code::SliceIndex: {
8371,12464,9,12466,18,switch arm,logos::compiler::BorrowChecker::visit,case Code::SliceLen:
1548,12467,9,12469,18,switch arm,logos::compiler::BorrowChecker::visit,case Code::SlicePtr:
0,12472,9,12476,18,switch arm,logos::compiler::BorrowChecker::visit,case Code::FormatCall: {
259,12480,9,12506,18,switch arm,logos::compiler::BorrowChecker::visit,case Code::ClosureBox:
97,12481,76,12483,14,call / statement,borrow_check.cpp:logos::compiler::BorrowChecker::visit,EClosureBoxView{e}.each_capture_name([&](std::string_view cap) {
61740,12509,9,12513,18,switch arm,logos::compiler::BorrowChecker::visit,case Code::BlockExpr: {
61740,12511,22,12511,24,if guard,logos::compiler::BorrowChecker::visit,if (auto br = v.block()) visit_block(br);
61740,12511,38,12511,53,if guard,logos::compiler::BorrowChecker::visit,if (auto br = v.block()) visit_block(br);
61740,12512,22,12512,23,if guard,logos::compiler::BorrowChecker::visit,"if (auto r = v.result()) visit(r, consuming, line);"
56706,12512,38,12512,63,if guard,logos::compiler::BorrowChecker::visit,"if (auto r = v.result()) visit(r, consuming, line);"
10433751,12517,9,12518,18,switch arm,logos::compiler::BorrowChecker::visit,default:
14435,12524,77,12688,2,call / statement,logos::compiler::borrow_check,"lir::LProgram borrow_check(lir::LProgram prog, bool generic_templates_only) {"
14435,12563,13,12563,49,if guard,logos::compiler::borrow_check,"if (std::getenv(""LOGOS_DUMP_FLOW_ITERS""))"
0,12564,13,12565,74,statement,logos::compiler::borrow_check,"fprintf(stderr, ""[flow-iters] fns=%zu rounds=%u max_body_passes=%u\n"","
0,12564,21,12564,21,statement,logos::compiler::borrow_check,"fprintf(stderr, ""[flow-iters] fns=%zu rounds=%u max_body_passes=%u\n"","
14435,12566,25,12566,27,if guard,logos::compiler::borrow_check,"if (const char* df = std::getenv(""LOGOS_DUMP_FLOWS"")) {"
0,12566,63,12583,10,if guard,logos::compiler::borrow_check,"if (const char* df = std::getenv(""LOGOS_DUMP_FLOWS"")) {"
0,12568,41,12582,14,loop body,logos::compiler::borrow_check,"for (auto& [nm, s] : flows) {"
0,12569,21,12569,32,if guard,logos::compiler::borrow_check,"if (filt != ""1"" && nm.find(filt) == std::string::npos) continue;"
0,12569,21,12569,70,if guard,logos::compiler::borrow_check,"if (filt != ""1"" && nm.find(filt) == std::string::npos) continue;"
0,12569,36,12569,70,if guard,logos::compiler::borrow_check,"if (filt != ""1"" && nm.find(filt) == std::string::npos) continue;"
0,12569,72,12569,80,if guard,logos::compiler::borrow_check,"if (filt != ""1"" && nm.find(filt) == std::string::npos) continue;"
0,12570,17,12582,14,if guard,logos::compiler::borrow_check,"if (!s.available) { fprintf(stderr, ""[flow] %s: UNAVAILABLE\n"", nm.c_str()); continue; }"
0,12570,21,12570,33,if guard,logos::compiler::borrow_check,"if (!s.available) { fprintf(stderr, ""[flow] %s: UNAVAILABLE\n"", nm.c_str()); continue; }"
0,12570,35,12570,105,if guard,logos::compiler::borrow_check,"if (!s.available) { fprintf(stderr, ""[flow] %s: UNAVAILABLE\n"", nm.c_str()); continue; }"
0,12570,45,12570,45,if guard,logos::compiler::borrow_check,"if (!s.available) { fprintf(stderr, ""[flow] %s: UNAVAILABLE\n"", nm.c_str()); continue; }"
0,12571,17,12582,14,if guard,logos::compiler::borrow_check,"if (filt == ""1"" && !s.to_result && [&]{"
0,12571,21,12571,32,if guard,logos::compiler::borrow_check,"if (filt == ""1"" && !s.to_result && [&]{"
0,12571,21,12571,48,if guard,logos::compiler::borrow_check,"if (filt == ""1"" && !s.to_result && [&]{"
0,12571,21,12573,41,if guard,logos::compiler::borrow_check,"if (filt == ""1"" && !s.to_result && [&]{"
0,12571,36,12571,48,if guard,logos::compiler::borrow_check,"if (filt == ""1"" && !s.to_result && [&]{"
0,12571,52,12573,41,if guard,logos::compiler::borrow_check,"if (filt == ""1"" && !s.to_result && [&]{"
0,12571,55,12573,39,if guard,borrow_check.cpp:logos::compiler::borrow_check,"if (filt == ""1"" && !s.to_result && [&]{"
0,12572,54,12572,73,loop body,borrow_check.cpp:logos::compiler::borrow_check,for (auto m : s.to_outparam) if (m) return false;
0,12572,58,12572,59,loop body,borrow_check.cpp:logos::compiler::borrow_check,for (auto m : s.to_outparam) if (m) return false;
0,12572,61,12572,73,loop body,borrow_check.cpp:logos::compiler::borrow_check,for (auto m : s.to_outparam) if (m) return false;
0,12573,25,12573,36,early return,borrow_check.cpp:logos::compiler::borrow_check,return true; }()) continue;
0,12573,43,12573,51,early return,logos::compiler::borrow_check,return true; }()) continue;
0,12574,17,12582,14,statement,logos::compiler::borrow_check,"fprintf(stderr, ""[flow] %s: result<-%#llx"", nm.c_str(),"
0,12574,25,12574,25,statement,logos::compiler::borrow_check,"fprintf(stderr, ""[flow] %s: result<-%#llx"", nm.c_str(),"
0,12576,38,12576,51,loop body,logos::compiler::borrow_check,for (uint32_t j = 0; j < s.nparams; ++j)
0,12576,53,12576,56,loop body,logos::compiler::borrow_check,for (uint32_t j = 0; j < s.nparams; ++j)
0,12577,21,12579,70,if guard,logos::compiler::borrow_check,if (s.to_outparam[j])
0,12577,25,12577,41,if guard,logos::compiler::borrow_check,if (s.to_outparam[j])
0,12578,25,12579,70,statement,logos::compiler::borrow_check,"fprintf(stderr, "" out%u<-%#llx"", j,"
0,12578,33,12578,33,statement,logos::compiler::borrow_check,"fprintf(stderr, "" out%u<-%#llx"", j,"
0,12580,25,12580,25,statement,logos::compiler::borrow_check,"fprintf(stderr, ""%s  (rounds=%u)\n"","
0,12581,25,12581,38,statement,logos::compiler::borrow_check,"s.over_approx ? ""  OVER"" : ""  EXACT"", fs.rounds_used());"
0,12581,41,12581,49,statement,logos::compiler::borrow_check,"s.over_approx ? ""  OVER"" : ""  EXACT"", fs.rounds_used());"
0,12581,52,12581,61,statement,logos::compiler::borrow_check,"s.over_approx ? ""  OVER"" : ""  EXACT"", fs.rounds_used());"
73693199,12586,49,12646,6,call / statement,borrow_check.cpp:logos::compiler::borrow_check,auto check = [&](lir_view::FunctionView fn) {
73693199,12587,13,12587,27,if guard,borrow_check.cpp:logos::compiler::borrow_check,if (fn.is_extern())           return;
1255888,12587,39,12587,45,if guard,borrow_check.cpp:logos::compiler::borrow_check,if (fn.is_extern())           return;
72437311,12594,9,12646,6,if guard,borrow_check.cpp:logos::compiler::borrow_check,if (fn.from_binary_module())  return;
72437311,12594,13,12594,36,if guard,borrow_check.cpp:logos::compiler::borrow_check,if (fn.from_binary_module())  return;
25618802,12594,39,12594,45,if guard,borrow_check.cpp:logos::compiler::borrow_check,if (fn.from_binary_module())  return;
46818509,12595,9,12646,6,statement,borrow_check.cpp:logos::compiler::borrow_check,bool is_generic = !fn.type_params_empty();
46818509,12602,13,12602,49,if guard,borrow_check.cpp:logos::compiler::borrow_check,if (generic_templates_only != is_generic) return;
49269,12602,51,12602,57,if guard,borrow_check.cpp:logos::compiler::borrow_check,if (generic_templates_only != is_generic) return;
46769240,12610,9,12646,6,statement,borrow_check.cpp:logos::compiler::borrow_check,RegionInferer ri;
46769240,12611,13,12611,36,if guard,borrow_check.cpp:logos::compiler::borrow_check,if (!generic_templates_only)
46765857,12612,13,12612,33,statement,borrow_check.cpp:logos::compiler::borrow_check,"ri.analyze(fn, prog);"
46769240,12615,23,12615,45,statement,borrow_check.cpp:logos::compiler::borrow_check,"generic_templates_only ? nullptr : &ri,"
3383,12615,48,12615,55,statement,borrow_check.cpp:logos::compiler::borrow_check,"generic_templates_only ? nullptr : &ri,"
46765857,12615,58,12615,61,statement,borrow_check.cpp:logos::compiler::borrow_check,"generic_templates_only ? nullptr : &ri,"
46769240,12617,13,12617,35,if guard,borrow_check.cpp:logos::compiler::borrow_check,if (generic_templates_only) return;
3383,12617,37,12617,43,if guard,borrow_check.cpp:logos::compiler::borrow_check,if (generic_templates_only) return;
46765857,12618,9,12646,6,if guard,borrow_check.cpp:logos::compiler::borrow_check,"if (std::getenv(""LOGOS_DUMP_REGIONS""))"
46765857,12618,13,12618,46,if guard,borrow_check.cpp:logos::compiler::borrow_check,"if (std::getenv(""LOGOS_DUMP_REGIONS""))"
0,12619,13,12619,58,statement,borrow_check.cpp:logos::compiler::borrow_check,ri.dump(std::string(bare_fn_name(fn.name())));
57,12626,35,12645,10,loop body,borrow_check.cpp:logos::compiler::borrow_check,for (auto& c : conflicts) {
57,12629,17,12629,57,if guard,borrow_check.cpp:logos::compiler::borrow_check,if (second->origin_line < first->origin_line)
0,12630,17,12630,41,statement,borrow_check.cpp:logos::compiler::borrow_check,"std::swap(first, second);"
57,12631,39,12631,52,statement,borrow_check.cpp:logos::compiler::borrow_check,"const char* kind_first  = first->is_mut  ? ""mutable"" : ""shared"";"
44,12631,56,12631,65,statement,borrow_check.cpp:logos::compiler::borrow_check,"const char* kind_first  = first->is_mut  ? ""mutable"" : ""shared"";"
13,12631,68,12631,76,statement,borrow_check.cpp:logos::compiler::borrow_check,"const char* kind_first  = first->is_mut  ? ""mutable"" : ""shared"";"
57,12632,39,12632,53,statement,borrow_check.cpp:logos::compiler::borrow_check,"const char* kind_second = second->is_mut ? ""mutable"" : ""shared"";"
45,12632,56,12632,65,statement,borrow_check.cpp:logos::compiler::borrow_check,"const char* kind_second = second->is_mut ? ""mutable"" : ""shared"";"
12,12632,68,12632,76,statement,borrow_check.cpp:logos::compiler::borrow_check,"const char* kind_second = second->is_mut ? ""mutable"" : ""shared"";"
57,12634,17,12634,50,if guard,borrow_check.cpp:logos::compiler::borrow_check,"if (target_label.starts_with(""<temp"")) target_label = ""temporary"";"
0,12634,52,12634,78,if guard,borrow_check.cpp:logos::compiler::borrow_check,"if (target_label.starts_with(""<temp"")) target_label = ""temporary"";"
38403212,12648,43,12648,52,loop body,logos::compiler::borrow_check,for (auto& fn : prog.functions)       check(fn);
10,12649,43,12649,52,loop body,logos::compiler::borrow_check,for (auto& fn : prog.specializations) check(fn);
14962001,12651,9,12651,68,statement,logos::compiler::borrow_check,sd.each_method([&](lir_view::FunctionView m) { check(m); });
35289977,12651,54,12651,67,statement,borrow_check.cpp:logos::compiler::borrow_check,sd.each_method([&](lir_view::FunctionView m) { check(m); });
2140,12662,28,12667,10,loop body,logos::compiler::borrow_check,for (auto& d : ds) {
2140,12666,17,12666,40,if guard,logos::compiler::borrow_check,if (seen.insert(key).second) uniq.push_back(std::move(d));
1750,12666,42,12666,70,if guard,logos::compiler::borrow_check,if (seen.insert(key).second) uniq.push_back(std::move(d));
14435,12672,9,12672,45,if guard,logos::compiler::borrow_check,"if (std::getenv(""LOGOS_DUMP_BC_THRUREF""))"
0,12673,9,12674,73,statement,logos::compiler::borrow_check,"fprintf(stderr, ""[bc-thruref] fired=%llu\n"","
0,12673,17,12673,17,statement,logos::compiler::borrow_check,"fprintf(stderr, ""[bc-thruref] fired=%llu\n"","
14435,12677,9,12677,48,if guard,logos::compiler::borrow_check,"if (std::getenv(""LOGOS_DUMP_BC_HOLDERPROV""))"
0,12678,9,12685,83,statement,logos::compiler::borrow_check,"fprintf(stderr,"
0,12678,17,12678,17,statement,logos::compiler::borrow_check,"fprintf(stderr,"
