count,line,col,end_line,end_col,kind,fn,text
14435,110,60,451,2,call / statement,borrow_check.cpp:logos::compiler::build_type_sets,static TypeSets build_type_sets(const lir::LProgram& prog) {
477973,129,34,132,6,loop body,borrow_check.cpp:logos::compiler::build_type_sets,for (auto& cv : prog.consts) {
477973,130,13,130,27,if guard,borrow_check.cpp:logos::compiler::build_type_sets,if (cv.is_static()) continue;   // real global storage — borrow is sound
221,130,29,130,37,if guard,borrow_check.cpp:logos::compiler::build_type_sets,if (cv.is_static()) continue;   // real global storage — borrow is sound
477752,131,9,132,6,statement,borrow_check.cpp:logos::compiler::build_type_sets,ts.frame_consts.insert(std::string(cv.name()));
73693199,133,59,151,6,call / statement,borrow_check.cpp:logos::compiler::build_type_sets,auto register_drop_symbol = [&](std::string_view sym) {
73693199,138,40,138,69,if guard,borrow_check.cpp:logos::compiler::build_type_sets,if (auto dot = sym.rfind('.'); dot != std::string_view::npos)
71713535,139,13,139,38,statement,borrow_check.cpp:logos::compiler::build_type_sets,sym = sym.substr(dot + 1);
73693199,140,42,140,69,if guard,borrow_check.cpp:logos::compiler::build_type_sets,"if (auto p = sym.find(""__drop""); p != std::string_view::npos) {"
371936,140,71,150,10,if guard,borrow_check.cpp:logos::compiler::build_type_sets,"if (auto p = sym.find(""__drop""); p != std::string_view::npos) {"
371936,148,43,148,70,if guard,borrow_check.cpp:logos::compiler::build_type_sets,"if (auto g = base.find(""$G""); g != std::string_view::npos)"
110650,149,17,149,69,statement,borrow_check.cpp:logos::compiler::build_type_sets,"ts.drop_types.insert(std::string(base.substr(0, g)));"
28870,152,63,155,6,call / statement,borrow_check.cpp:logos::compiler::build_type_sets,auto scan_fns = [&](const std::vector<LFunctionPtr>& fns) {
38403222,154,13,154,44,statement,borrow_check.cpp:logos::compiler::build_type_sets,register_drop_symbol(fn.name());
14962001,159,9,161,11,call / statement,borrow_check.cpp:logos::compiler::build_type_sets,sd.each_method([&](lir_view::FunctionView m) {
35289977,159,54,161,10,call / statement,borrow_check.cpp:logos::compiler::build_type_sets,sd.each_method([&](lir_view::FunctionView m) {
9143480,163,9,164,66,if guard,borrow_check.cpp:logos::compiler::build_type_sets,"if (impl.trait_name() == ""Copy"")"
9143480,163,13,163,40,if guard,borrow_check.cpp:logos::compiler::build_type_sets,"if (impl.trait_name() == ""Copy"")"
315092,164,13,164,66,statement,borrow_check.cpp:logos::compiler::build_type_sets,ts.copy_types.insert(std::string(impl.target_type()));
225539,176,73,188,6,call / statement,borrow_check.cpp:logos::compiler::build_type_sets,"auto reg_bc_name = [&](const std::string& name, bool strip_generic) {"
225539,179,38,179,67,if guard,borrow_check.cpp:logos::compiler::build_type_sets,if (auto dot = n.rfind('.'); dot != std::string_view::npos)
0,180,13,180,70,statement,borrow_check.cpp:logos::compiler::build_type_sets,ts.borrow_carrying.insert(std::string(n.substr(dot + 1)));
225539,181,13,181,27,if guard,borrow_check.cpp:logos::compiler::build_type_sets,if (!strip_generic) return;
160384,181,29,181,35,if guard,borrow_check.cpp:logos::compiler::build_type_sets,if (!strip_generic) return;
65155,182,9,188,6,if guard,borrow_check.cpp:logos::compiler::build_type_sets,"if (auto g = n.find(""$G""); g != std::string_view::npos) {"
65155,182,36,182,63,if guard,borrow_check.cpp:logos::compiler::build_type_sets,"if (auto g = n.find(""$G""); g != std::string_view::npos) {"
15578,182,65,187,10,if guard,borrow_check.cpp:logos::compiler::build_type_sets,"if (auto g = n.find(""$G""); g != std::string_view::npos) {"
15578,185,44,185,72,if guard,borrow_check.cpp:logos::compiler::build_type_sets,if (auto d2 = base.rfind('.'); d2 != std::string_view::npos)
0,186,17,186,76,statement,borrow_check.cpp:logos::compiler::build_type_sets,ts.borrow_carrying.insert(std::string(base.substr(d2 + 1)));
14966690,189,48,191,6,call / statement,borrow_check.cpp:logos::compiler::build_type_sets,auto reg_bc = [&](lir_view::StructView sd) {
14966690,190,13,190,33,if guard,borrow_check.cpp:logos::compiler::build_type_sets,"if (sd.borrow_carrying()) reg_bc_name(std::string(sd.name()), /*strip_generic=*/true);"
50710,190,35,190,94,if guard,borrow_check.cpp:logos::compiler::build_type_sets,"if (sd.borrow_carrying()) reg_bc_name(std::string(sd.name()), /*strip_generic=*/true);"
14962001,192,35,192,45,loop body,borrow_check.cpp:logos::compiler::build_type_sets,for (auto& sd : prog.structs) reg_bc(sd);
4689,193,50,193,60,loop body,borrow_check.cpp:logos::compiler::build_type_sets,for (auto& sd : prog.struct_specializations) reg_bc(sd);
547477,196,9,196,94,if guard,borrow_check.cpp:logos::compiler::build_type_sets,"if (ed.borrow_carrying()) reg_bc_name(std::string(ed.name()), /*strip_generic=*/true);"
547477,196,13,196,33,if guard,borrow_check.cpp:logos::compiler::build_type_sets,"if (ed.borrow_carrying()) reg_bc_name(std::string(ed.name()), /*strip_generic=*/true);"
14445,196,35,196,94,if guard,borrow_check.cpp:logos::compiler::build_type_sets,"if (ed.borrow_carrying()) reg_bc_name(std::string(ed.name()), /*strip_generic=*/true);"
425756949,203,54,210,6,statement,borrow_check.cpp:logos::compiler::build_type_sets,auto type_bc_name = [](TypeRef t) -> std::string {
425756949,204,13,204,15,if guard,borrow_check.cpp:logos::compiler::build_type_sets,if (!t) return {};
0,204,17,204,26,if guard,borrow_check.cpp:logos::compiler::build_type_sets,if (!t) return {};
425756949,205,9,210,6,statement,borrow_check.cpp:logos::compiler::build_type_sets,auto k = t.kind();
425756949,206,13,206,39,if guard,borrow_check.cpp:logos::compiler::build_type_sets,if (k == LogosType::Kind::Enum) return std::string(t.enum_name());
13539356,206,41,206,74,if guard,borrow_check.cpp:logos::compiler::build_type_sets,if (k == LogosType::Kind::Enum) return std::string(t.enum_name());
412217593,207,9,210,6,if guard,borrow_check.cpp:logos::compiler::build_type_sets,if (k == LogosType::Kind::Struct || k == LogosType::Kind::ZonedStruct)
412217593,207,13,207,41,if guard,borrow_check.cpp:logos::compiler::build_type_sets,if (k == LogosType::Kind::Struct || k == LogosType::Kind::ZonedStruct)
412217593,207,13,207,78,if guard,borrow_check.cpp:logos::compiler::build_type_sets,if (k == LogosType::Kind::Struct || k == LogosType::Kind::ZonedStruct)
234916492,207,45,207,78,if guard,borrow_check.cpp:logos::compiler::build_type_sets,if (k == LogosType::Kind::Struct || k == LogosType::Kind::ZonedStruct)
177301887,208,13,208,48,early return,borrow_check.cpp:logos::compiler::build_type_sets,return std::string(t.struct_name());
234915706,209,9,209,18,early return,borrow_check.cpp:logos::compiler::build_type_sets,return {};
77763032,211,46,224,6,statement,borrow_check.cpp:logos::compiler::build_type_sets,auto type_is_bc = [&](TypeRef t) -> bool {
77763032,217,13,217,23,if guard,borrow_check.cpp:logos::compiler::build_type_sets,if (!n.empty() && ts.borrow_carrying.count(n) > 0) return true;
77763032,217,13,217,58,if guard,borrow_check.cpp:logos::compiler::build_type_sets,if (!n.empty() && ts.borrow_carrying.count(n) > 0) return true;
32449451,217,27,217,58,if guard,borrow_check.cpp:logos::compiler::build_type_sets,if (!n.empty() && ts.borrow_carrying.count(n) > 0) return true;
157331,217,60,217,71,if guard,borrow_check.cpp:logos::compiler::build_type_sets,if (!n.empty() && ts.borrow_carrying.count(n) > 0) return true;
77605701,218,9,224,6,if guard,borrow_check.cpp:logos::compiler::build_type_sets,if (!t) return false;
77605701,218,13,218,15,if guard,borrow_check.cpp:logos::compiler::build_type_sets,if (!t) return false;
0,218,17,218,29,if guard,borrow_check.cpp:logos::compiler::build_type_sets,if (!t) return false;
77605701,219,9,224,6,loop body,borrow_check.cpp:logos::compiler::build_type_sets,for (auto a : t.type_args()) {
45068885,219,38,222,10,loop body,borrow_check.cpp:logos::compiler::build_type_sets,for (auto a : t.type_args()) {
45068885,221,17,221,28,if guard,borrow_check.cpp:logos::compiler::build_type_sets,if (!an.empty() && ts.borrow_carrying.count(an) > 0) return true;
45068885,221,17,221,64,if guard,borrow_check.cpp:logos::compiler::build_type_sets,if (!an.empty() && ts.borrow_carrying.count(an) > 0) return true;
22380213,221,32,221,64,if guard,borrow_check.cpp:logos::compiler::build_type_sets,if (!an.empty() && ts.borrow_carrying.count(an) > 0) return true;
3053,221,66,221,77,if guard,borrow_check.cpp:logos::compiler::build_type_sets,if (!an.empty() && ts.borrow_carrying.count(an) > 0) return true;
77602648,223,9,223,21,early return,borrow_check.cpp:logos::compiler::build_type_sets,return false;
43884309,230,72,241,6,statement,borrow_check.cpp:logos::compiler::build_type_sets,auto holds_residency_holder = [&](lir_view::StructView sd) -> bool {
116221422,231,37,239,10,loop body,borrow_check.cpp:logos::compiler::build_type_sets,for (auto& f : sd.fields()) {
116221422,233,17,233,20,if guard,borrow_check.cpp:logos::compiler::build_type_sets,if (!ft) continue;
0,233,22,233,30,if guard,borrow_check.cpp:logos::compiler::build_type_sets,if (!ft) continue;
116221422,234,13,239,10,statement,borrow_check.cpp:logos::compiler::build_type_sets,auto k = ft.kind();
116221422,235,17,235,45,if guard,borrow_check.cpp:logos::compiler::build_type_sets,if (k != LogosType::Kind::Struct && k != LogosType::Kind::ZonedStruct) continue;
116221422,235,17,235,82,if guard,borrow_check.cpp:logos::compiler::build_type_sets,if (k != LogosType::Kind::Struct && k != LogosType::Kind::ZonedStruct) continue;
73707066,235,49,235,82,if guard,borrow_check.cpp:logos::compiler::build_type_sets,if (k != LogosType::Kind::Struct && k != LogosType::Kind::ZonedStruct) continue;
73706968,235,84,235,92,if guard,borrow_check.cpp:logos::compiler::build_type_sets,if (k != LogosType::Kind::Struct && k != LogosType::Kind::ZonedStruct) continue;
42514454,236,13,239,10,statement,borrow_check.cpp:logos::compiler::build_type_sets,std::string n(ft.struct_name());
42514454,237,40,237,62,if guard,borrow_check.cpp:logos::compiler::build_type_sets,if (auto d = n.rfind('.'); d != std::string::npos) n = n.substr(d + 1);
0,237,64,237,83,if guard,borrow_check.cpp:logos::compiler::build_type_sets,if (auto d = n.rfind('.'); d != std::string::npos) n = n.substr(d + 1);
42514454,238,17,238,26,if guard,borrow_check.cpp:logos::compiler::build_type_sets,"if (n == ""Rc"" || n == ""Arc"") return true;"
42514454,238,17,238,40,if guard,borrow_check.cpp:logos::compiler::build_type_sets,"if (n == ""Rc"" || n == ""Arc"") return true;"
42501036,238,30,238,40,if guard,borrow_check.cpp:logos::compiler::build_type_sets,"if (n == ""Rc"" || n == ""Arc"") return true;"
20129,238,42,238,53,if guard,borrow_check.cpp:logos::compiler::build_type_sets,"if (n == ""Rc"" || n == ""Arc"") return true;"
43864180,240,9,240,21,early return,borrow_check.cpp:logos::compiler::build_type_sets,return false;
6813,242,57,252,6,call / statement,borrow_check.cpp:logos::compiler::build_type_sets,auto reg_exempt_name = [&](const std::string& name) {
6813,245,38,245,67,if guard,borrow_check.cpp:logos::compiler::build_type_sets,if (auto dot = n.rfind('.'); dot != std::string_view::npos)
0,246,13,246,34,statement,borrow_check.cpp:logos::compiler::build_type_sets,n = n.substr(dot + 1);
6813,250,36,250,63,if guard,borrow_check.cpp:logos::compiler::build_type_sets,"if (auto g = n.find(""$G""); g != std::string_view::npos)"
1422,251,13,251,68,statement,borrow_check.cpp:logos::compiler::build_type_sets,"ts.residency_exempt.insert(std::string(n.substr(0, g)));"
14962001,261,9,261,105,if guard,borrow_check.cpp:logos::compiler::build_type_sets,if (!sd.borrow_carrying() && holds_residency_holder(sd)) reg_exempt_name(std::string(sd.name()));
14962001,261,13,261,34,if guard,borrow_check.cpp:logos::compiler::build_type_sets,if (!sd.borrow_carrying() && holds_residency_holder(sd)) reg_exempt_name(std::string(sd.name()));
14962001,261,13,261,64,if guard,borrow_check.cpp:logos::compiler::build_type_sets,if (!sd.borrow_carrying() && holds_residency_holder(sd)) reg_exempt_name(std::string(sd.name()));
14911291,261,38,261,64,if guard,borrow_check.cpp:logos::compiler::build_type_sets,if (!sd.borrow_carrying() && holds_residency_holder(sd)) reg_exempt_name(std::string(sd.name()));
6813,261,66,261,105,if guard,borrow_check.cpp:logos::compiler::build_type_sets,if (!sd.borrow_carrying() && holds_residency_holder(sd)) reg_exempt_name(std::string(sd.name()));
4689,263,9,263,105,if guard,borrow_check.cpp:logos::compiler::build_type_sets,if (!sd.borrow_carrying() && holds_residency_holder(sd)) reg_exempt_name(std::string(sd.name()));
4689,263,13,263,34,if guard,borrow_check.cpp:logos::compiler::build_type_sets,if (!sd.borrow_carrying() && holds_residency_holder(sd)) reg_exempt_name(std::string(sd.name()));
4689,263,13,263,64,if guard,borrow_check.cpp:logos::compiler::build_type_sets,if (!sd.borrow_carrying() && holds_residency_holder(sd)) reg_exempt_name(std::string(sd.name()));
4689,263,38,263,64,if guard,borrow_check.cpp:logos::compiler::build_type_sets,if (!sd.borrow_carrying() && holds_residency_holder(sd)) reg_exempt_name(std::string(sd.name()));
0,263,66,263,105,if guard,borrow_check.cpp:logos::compiler::build_type_sets,if (!sd.borrow_carrying() && holds_residency_holder(sd)) reg_exempt_name(std::string(sd.name()));
37639,265,12,265,22,loop body,borrow_check.cpp:logos::compiler::build_type_sets,while (bc_changed) {
23204,265,24,287,6,loop body,borrow_check.cpp:logos::compiler::build_type_sets,while (bc_changed) {
29210685,267,61,272,10,call / statement,borrow_check.cpp:logos::compiler::build_type_sets,auto consider_struct = [&](lir_view::StructView sd) {
29210685,268,17,268,65,if guard,borrow_check.cpp:logos::compiler::build_type_sets,if (ts.borrow_carrying.count(std::string(sd.name()))) return;
242356,268,67,268,73,if guard,borrow_check.cpp:logos::compiler::build_type_sets,if (ts.borrow_carrying.count(std::string(sd.name()))) return;
28968329,269,13,272,10,if guard,borrow_check.cpp:logos::compiler::build_type_sets,if (holds_residency_holder(sd)) return;   // laundered escape package — exempt
28968329,269,17,269,43,if guard,borrow_check.cpp:logos::compiler::build_type_sets,if (holds_residency_holder(sd)) return;   // laundered escape package — exempt
13316,269,45,269,51,if guard,borrow_check.cpp:logos::compiler::build_type_sets,if (holds_residency_holder(sd)) return;   // laundered escape package — exempt
28955013,270,13,272,10,loop body,borrow_check.cpp:logos::compiler::build_type_sets,for (auto& f : sd.fields())
76596115,271,17,271,156,if guard,borrow_check.cpp:logos::compiler::build_type_sets,"if (type_is_bc(f.type(prog.type_pool.impl()))) { reg_bc_name(std::string(sd.name()), /*strip_generic=*/false); bc_changed = true; return; }"
76596115,271,21,271,62,if guard,borrow_check.cpp:logos::compiler::build_type_sets,"if (type_is_bc(f.type(prog.type_pool.impl()))) { reg_bc_name(std::string(sd.name()), /*strip_generic=*/false); bc_changed = true; return; }"
160052,271,64,271,156,if guard,borrow_check.cpp:logos::compiler::build_type_sets,"if (type_is_bc(f.type(prog.type_pool.impl()))) { reg_bc_name(std::string(sd.name()), /*strip_generic=*/false); bc_changed = true; return; }"
29201783,273,54,273,73,loop body,borrow_check.cpp:logos::compiler::build_type_sets,for (auto& sd : prog.structs)                consider_struct(sd);
8902,274,54,274,73,loop body,borrow_check.cpp:logos::compiler::build_type_sets,for (auto& sd : prog.struct_specializations) consider_struct(sd);
1029621,275,37,286,10,loop body,borrow_check.cpp:logos::compiler::build_type_sets,for (auto& ed : prog.enums) {
1029621,277,17,277,50,if guard,borrow_check.cpp:logos::compiler::build_type_sets,if (ts.borrow_carrying.count(ed_name)) continue;
23624,277,52,277,60,if guard,borrow_check.cpp:logos::compiler::build_type_sets,if (ts.borrow_carrying.count(ed_name)) continue;
1005997,278,13,286,10,statement,borrow_check.cpp:logos::compiler::build_type_sets,bool hit = false;
2412055,279,64,284,14,call / statement,borrow_check.cpp:logos::compiler::build_type_sets,ed.each_variant([&](lir_view::EnumVariantView var) {
2412055,280,21,280,24,if guard,borrow_check.cpp:logos::compiler::build_type_sets,if (hit) return;
396,280,26,280,32,if guard,borrow_check.cpp:logos::compiler::build_type_sets,if (hit) return;
2411659,281,17,284,14,call / statement,borrow_check.cpp:logos::compiler::build_type_sets,"var.each_payload_type(prog.type_pool.impl(), [&](TypeRef pt) {"
1166917,281,78,283,18,call / statement,borrow_check.cpp:logos::compiler::build_type_sets,"var.each_payload_type(prog.type_pool.impl(), [&](TypeRef pt) {"
1166917,282,25,282,39,if guard,borrow_check.cpp:logos::compiler::build_type_sets,if (type_is_bc(pt)) hit = true;
332,282,41,282,51,if guard,borrow_check.cpp:logos::compiler::build_type_sets,if (type_is_bc(pt)) hit = true;
1005997,285,17,285,20,if guard,borrow_check.cpp:logos::compiler::build_type_sets,"if (hit) { reg_bc_name(ed_name, /*strip_generic=*/false); bc_changed = true; }"
332,285,22,285,91,if guard,borrow_check.cpp:logos::compiler::build_type_sets,"if (hit) { reg_bc_name(ed_name, /*strip_generic=*/false); bc_changed = true; }"
3321,294,57,299,10,call / statement,borrow_check.cpp:logos::compiler::build_type_sets,auto reg_lc_name = [&](const std::string& name) {
3321,297,42,297,71,if guard,borrow_check.cpp:logos::compiler::build_type_sets,if (auto dot = n.rfind('.'); dot != std::string_view::npos)
0,298,17,298,72,statement,borrow_check.cpp:logos::compiler::build_type_sets,ts.loan_carrying.insert(std::string(n.substr(dot + 1)));
49992885,300,50,309,10,statement,borrow_check.cpp:logos::compiler::build_type_sets,auto type_is_lc = [&](TypeRef t) -> bool {
49992885,302,17,302,27,if guard,borrow_check.cpp:logos::compiler::build_type_sets,if (!n.empty() && ts.loan_carrying.count(n) > 0) return true;
49992885,302,17,302,60,if guard,borrow_check.cpp:logos::compiler::build_type_sets,if (!n.empty() && ts.loan_carrying.count(n) > 0) return true;
20361577,302,31,302,60,if guard,borrow_check.cpp:logos::compiler::build_type_sets,if (!n.empty() && ts.loan_carrying.count(n) > 0) return true;
3321,302,62,302,73,if guard,borrow_check.cpp:logos::compiler::build_type_sets,if (!n.empty() && ts.loan_carrying.count(n) > 0) return true;
49989564,303,13,309,10,if guard,borrow_check.cpp:logos::compiler::build_type_sets,if (!t) return false;
49989564,303,17,303,19,if guard,borrow_check.cpp:logos::compiler::build_type_sets,if (!t) return false;
0,303,21,303,33,if guard,borrow_check.cpp:logos::compiler::build_type_sets,if (!t) return false;
49989564,304,13,309,10,loop body,borrow_check.cpp:logos::compiler::build_type_sets,for (auto a : t.type_args()) {
28185162,304,42,307,14,loop body,borrow_check.cpp:logos::compiler::build_type_sets,for (auto a : t.type_args()) {
28185162,306,21,306,32,if guard,borrow_check.cpp:logos::compiler::build_type_sets,if (!an.empty() && ts.loan_carrying.count(an) > 0) return true;
28185162,306,21,306,66,if guard,borrow_check.cpp:logos::compiler::build_type_sets,if (!an.empty() && ts.loan_carrying.count(an) > 0) return true;
13976476,306,36,306,66,if guard,borrow_check.cpp:logos::compiler::build_type_sets,if (!an.empty() && ts.loan_carrying.count(an) > 0) return true;
0,306,68,306,79,if guard,borrow_check.cpp:logos::compiler::build_type_sets,if (!an.empty() && ts.loan_carrying.count(an) > 0) return true;
49989564,308,13,308,25,early return,borrow_check.cpp:logos::compiler::build_type_sets,return false;
32191,311,16,311,26,loop body,borrow_check.cpp:logos::compiler::build_type_sets,while (lc_changed) {
17756,311,28,333,10,loop body,borrow_check.cpp:logos::compiler::build_type_sets,while (lc_changed) {
18906720,313,58,319,14,call / statement,borrow_check.cpp:logos::compiler::build_type_sets,auto consider = [&](lir_view::StructView sd) {
18906720,314,21,314,67,if guard,borrow_check.cpp:logos::compiler::build_type_sets,if (ts.loan_carrying.count(std::string(sd.name()))) return;
287198,314,69,314,75,if guard,borrow_check.cpp:logos::compiler::build_type_sets,if (ts.loan_carrying.count(std::string(sd.name()))) return;
18619522,315,17,319,14,loop body,borrow_check.cpp:logos::compiler::build_type_sets,for (auto& f : sd.fields())
49221762,316,21,318,22,if guard,borrow_check.cpp:logos::compiler::build_type_sets,if (type_is_lc(f.type(prog.type_pool.impl()))) {
49221762,316,25,316,66,if guard,borrow_check.cpp:logos::compiler::build_type_sets,if (type_is_lc(f.type(prog.type_pool.impl()))) {
3321,316,68,318,22,if guard,borrow_check.cpp:logos::compiler::build_type_sets,if (type_is_lc(f.type(prog.type_pool.impl()))) {
18897359,320,59,320,71,loop body,borrow_check.cpp:logos::compiler::build_type_sets,for (auto& sd : prog.structs)                 consider(sd);
9361,321,59,321,71,loop body,borrow_check.cpp:logos::compiler::build_type_sets,for (auto& sd : prog.struct_specializations)  consider(sd);
697703,322,41,332,14,loop body,borrow_check.cpp:logos::compiler::build_type_sets,for (auto& ed : prog.enums) {
697703,324,21,324,52,if guard,borrow_check.cpp:logos::compiler::build_type_sets,if (ts.loan_carrying.count(ed_name)) continue;
18423,324,54,324,62,if guard,borrow_check.cpp:logos::compiler::build_type_sets,if (ts.loan_carrying.count(ed_name)) continue;
679280,325,17,332,14,statement,borrow_check.cpp:logos::compiler::build_type_sets,bool hit = false;
1665355,326,68,330,18,call / statement,borrow_check.cpp:logos::compiler::build_type_sets,ed.each_variant([&](lir_view::EnumVariantView var) {
1665355,327,25,327,28,if guard,borrow_check.cpp:logos::compiler::build_type_sets,if (hit) return;
0,327,30,327,36,if guard,borrow_check.cpp:logos::compiler::build_type_sets,if (hit) return;
1665355,328,21,330,18,statement,borrow_check.cpp:logos::compiler::build_type_sets,"var.each_payload_type(prog.type_pool.impl(),"
771123,329,59,329,94,statement,borrow_check.cpp:logos::compiler::build_type_sets,[&](TypeRef pt) { if (type_is_lc(pt)) hit = true; });
771123,329,65,329,79,statement,borrow_check.cpp:logos::compiler::build_type_sets,[&](TypeRef pt) { if (type_is_lc(pt)) hit = true; });
0,329,81,329,91,statement,borrow_check.cpp:logos::compiler::build_type_sets,[&](TypeRef pt) { if (type_is_lc(pt)) hit = true; });
679280,331,21,331,24,if guard,borrow_check.cpp:logos::compiler::build_type_sets,if (hit) { reg_lc_name(ed_name); lc_changed = true; }
0,331,26,331,70,if guard,borrow_check.cpp:logos::compiler::build_type_sets,if (hit) { reg_lc_name(ed_name); lc_changed = true; }
122521386,337,47,339,10,statement,borrow_check.cpp:logos::compiler::build_type_sets,auto has_mut = [&](TypeRef t) -> bool {
122521386,338,20,338,21,early return,borrow_check.cpp:logos::compiler::build_type_sets,return t && t.kind() == LogosType::Kind::MutRef;
122521386,338,25,338,60,early return,borrow_check.cpp:logos::compiler::build_type_sets,return t && t.kind() == LogosType::Kind::MutRef;
77449124,340,50,351,10,statement,borrow_check.cpp:logos::compiler::build_type_sets,auto type_is_hm = [&](TypeRef t) -> bool {
77449124,341,17,341,27,if guard,borrow_check.cpp:logos::compiler::build_type_sets,if (has_mut(t)) return true;
38399,341,29,341,40,if guard,borrow_check.cpp:logos::compiler::build_type_sets,if (has_mut(t)) return true;
77410725,342,13,351,10,statement,borrow_check.cpp:logos::compiler::build_type_sets,auto n = type_bc_name(t);
77410725,343,17,343,27,if guard,borrow_check.cpp:logos::compiler::build_type_sets,if (!n.empty() && ts.holds_mut_ref.count(n) > 0) return true;
77410725,343,17,343,60,if guard,borrow_check.cpp:logos::compiler::build_type_sets,if (!n.empty() && ts.holds_mut_ref.count(n) > 0) return true;
32353173,343,31,343,60,if guard,borrow_check.cpp:logos::compiler::build_type_sets,if (!n.empty() && ts.holds_mut_ref.count(n) > 0) return true;
44,343,62,343,73,if guard,borrow_check.cpp:logos::compiler::build_type_sets,if (!n.empty() && ts.holds_mut_ref.count(n) > 0) return true;
77410681,344,13,351,10,if guard,borrow_check.cpp:logos::compiler::build_type_sets,if (!t) return false;
77410681,344,17,344,19,if guard,borrow_check.cpp:logos::compiler::build_type_sets,if (!t) return false;
0,344,21,344,33,if guard,borrow_check.cpp:logos::compiler::build_type_sets,if (!t) return false;
77410681,345,13,351,10,loop body,borrow_check.cpp:logos::compiler::build_type_sets,for (auto a : t.type_args()) {
45072262,345,42,349,14,loop body,borrow_check.cpp:logos::compiler::build_type_sets,for (auto a : t.type_args()) {
45072262,346,21,346,31,if guard,borrow_check.cpp:logos::compiler::build_type_sets,if (has_mut(a)) return true;
91863,346,33,346,44,if guard,borrow_check.cpp:logos::compiler::build_type_sets,if (has_mut(a)) return true;
44980399,347,17,349,14,statement,borrow_check.cpp:logos::compiler::build_type_sets,auto an = type_bc_name(a);
44980399,348,21,348,32,if guard,borrow_check.cpp:logos::compiler::build_type_sets,if (!an.empty() && ts.holds_mut_ref.count(an) > 0) return true;
44980399,348,21,348,66,if guard,borrow_check.cpp:logos::compiler::build_type_sets,if (!an.empty() && ts.holds_mut_ref.count(an) > 0) return true;
22304749,348,36,348,66,if guard,borrow_check.cpp:logos::compiler::build_type_sets,if (!an.empty() && ts.holds_mut_ref.count(an) > 0) return true;
0,348,68,348,79,if guard,borrow_check.cpp:logos::compiler::build_type_sets,if (!an.empty() && ts.holds_mut_ref.count(an) > 0) return true;
77318818,350,13,350,25,early return,borrow_check.cpp:logos::compiler::build_type_sets,return false;
130306,352,57,357,10,call / statement,borrow_check.cpp:logos::compiler::build_type_sets,auto reg_hm_name = [&](const std::string& name) {
130306,355,42,355,71,if guard,borrow_check.cpp:logos::compiler::build_type_sets,if (auto dot = n.rfind('.'); dot != std::string_view::npos)
0,356,17,356,72,statement,borrow_check.cpp:logos::compiler::build_type_sets,ts.holds_mut_ref.insert(std::string(n.substr(dot + 1)));
36586,359,16,359,26,loop body,borrow_check.cpp:logos::compiler::build_type_sets,while (hm_changed) {
22151,359,28,381,10,loop body,borrow_check.cpp:logos::compiler::build_type_sets,while (hm_changed) {
28867275,361,58,367,14,call / statement,borrow_check.cpp:logos::compiler::build_type_sets,auto consider = [&](lir_view::StructView sd) {
28867275,362,21,362,67,if guard,borrow_check.cpp:logos::compiler::build_type_sets,if (ts.holds_mut_ref.count(std::string(sd.name()))) return;
122642,362,69,362,75,if guard,borrow_check.cpp:logos::compiler::build_type_sets,if (ts.holds_mut_ref.count(std::string(sd.name()))) return;
28744633,363,17,367,14,loop body,borrow_check.cpp:logos::compiler::build_type_sets,for (auto& f : sd.fields())
76256999,364,21,366,22,if guard,borrow_check.cpp:logos::compiler::build_type_sets,if (type_is_hm(f.type(prog.type_pool.impl()))) {
76256999,364,25,364,66,if guard,borrow_check.cpp:logos::compiler::build_type_sets,if (type_is_hm(f.type(prog.type_pool.impl()))) {
122642,364,68,366,22,if guard,borrow_check.cpp:logos::compiler::build_type_sets,if (type_is_hm(f.type(prog.type_pool.impl()))) {
28862586,368,59,368,71,loop body,borrow_check.cpp:logos::compiler::build_type_sets,for (auto& sd : prog.structs)                 consider(sd);
4689,369,59,369,71,loop body,borrow_check.cpp:logos::compiler::build_type_sets,for (auto& sd : prog.struct_specializations)  consider(sd);
1012293,370,41,380,14,loop body,borrow_check.cpp:logos::compiler::build_type_sets,for (auto& ed : prog.enums) {
1012293,372,21,372,52,if guard,borrow_check.cpp:logos::compiler::build_type_sets,if (ts.holds_mut_ref.count(ed_name)) continue;
7664,372,54,372,62,if guard,borrow_check.cpp:logos::compiler::build_type_sets,if (ts.holds_mut_ref.count(ed_name)) continue;
1004629,373,17,380,14,statement,borrow_check.cpp:logos::compiler::build_type_sets,bool hit = false;
2390725,374,68,378,18,call / statement,borrow_check.cpp:logos::compiler::build_type_sets,ed.each_variant([&](lir_view::EnumVariantView var) {
2390725,375,25,375,28,if guard,borrow_check.cpp:logos::compiler::build_type_sets,if (hit) return;
7654,375,30,375,36,if guard,borrow_check.cpp:logos::compiler::build_type_sets,if (hit) return;
2383071,376,21,378,18,statement,borrow_check.cpp:logos::compiler::build_type_sets,"var.each_payload_type(prog.type_pool.impl(),"
1192125,377,59,377,94,statement,borrow_check.cpp:logos::compiler::build_type_sets,[&](TypeRef pt) { if (type_is_hm(pt)) hit = true; });
1192125,377,65,377,79,statement,borrow_check.cpp:logos::compiler::build_type_sets,[&](TypeRef pt) { if (type_is_hm(pt)) hit = true; });
7664,377,81,377,91,statement,borrow_check.cpp:logos::compiler::build_type_sets,[&](TypeRef pt) { if (type_is_hm(pt)) hit = true; });
1004629,379,21,379,24,if guard,borrow_check.cpp:logos::compiler::build_type_sets,if (hit) { reg_hm_name(ed_name); hm_changed = true; }
7664,379,26,379,70,if guard,borrow_check.cpp:logos::compiler::build_type_sets,if (hit) { reg_hm_name(ed_name); hm_changed = true; }
103610590,385,47,392,10,statement,borrow_check.cpp:logos::compiler::build_type_sets,auto has_any = [&](TypeRef t) -> bool {
103610590,386,20,386,21,early return,borrow_check.cpp:logos::compiler::build_type_sets,return t && (t.kind() == LogosType::Kind::Ref ||
103610590,386,25,391,53,early return,borrow_check.cpp:logos::compiler::build_type_sets,return t && (t.kind() == LogosType::Kind::Ref ||
103610590,386,26,386,58,early return,borrow_check.cpp:logos::compiler::build_type_sets,return t && (t.kind() == LogosType::Kind::Ref ||
103610590,386,26,387,61,early return,borrow_check.cpp:logos::compiler::build_type_sets,return t && (t.kind() == LogosType::Kind::Ref ||
103610590,386,26,388,60,early return,borrow_check.cpp:logos::compiler::build_type_sets,return t && (t.kind() == LogosType::Kind::Ref ||
103610590,386,26,389,82,early return,borrow_check.cpp:logos::compiler::build_type_sets,return t && (t.kind() == LogosType::Kind::Ref ||
103477265,387,26,387,61,statement,borrow_check.cpp:logos::compiler::build_type_sets,t.kind() == LogosType::Kind::MutRef ||
103347003,388,26,388,60,statement,borrow_check.cpp:logos::compiler::build_type_sets,t.kind() == LogosType::Kind::Slice ||
102448644,389,26,389,82,statement,borrow_check.cpp:logos::compiler::build_type_sets,(t.kind() == LogosType::Kind::DstRef && !t.owning_dst()) ||
102448644,389,27,389,62,statement,borrow_check.cpp:logos::compiler::build_type_sets,(t.kind() == LogosType::Kind::DstRef && !t.owning_dst()) ||
2439,389,66,389,81,statement,borrow_check.cpp:logos::compiler::build_type_sets,(t.kind() == LogosType::Kind::DstRef && !t.owning_dst()) ||
102446205,390,26,391,52,statement,borrow_check.cpp:logos::compiler::build_type_sets,(t.kind() == LogosType::Kind::TraitObject &&
102446205,390,27,390,67,statement,borrow_check.cpp:logos::compiler::build_type_sets,(t.kind() == LogosType::Kind::TraitObject &&
90403,391,27,391,51,statement,borrow_check.cpp:logos::compiler::build_type_sets,!t.owning_trait_object()));
65526205,393,74,411,10,statement,borrow_check.cpp:logos::compiler::build_type_sets,std::function<bool(TypeRef)> type_is_ha = [&](TypeRef t) -> bool {
65526205,394,17,394,27,if guard,borrow_check.cpp:logos::compiler::build_type_sets,if (has_any(t)) return true;
287065,394,29,394,40,if guard,borrow_check.cpp:logos::compiler::build_type_sets,if (has_any(t)) return true;
65239140,395,13,411,10,statement,borrow_check.cpp:logos::compiler::build_type_sets,auto n = type_bc_name(t);
65239140,396,17,396,27,if guard,borrow_check.cpp:logos::compiler::build_type_sets,if (!n.empty() && ts.holds_any_ref.count(n) > 0) return true;
65239140,396,17,396,60,if guard,borrow_check.cpp:logos::compiler::build_type_sets,if (!n.empty() && ts.holds_any_ref.count(n) > 0) return true;
28071423,396,31,396,60,if guard,borrow_check.cpp:logos::compiler::build_type_sets,if (!n.empty() && ts.holds_any_ref.count(n) > 0) return true;
183730,396,62,396,73,if guard,borrow_check.cpp:logos::compiler::build_type_sets,if (!n.empty() && ts.holds_any_ref.count(n) > 0) return true;
65055410,397,13,411,10,if guard,borrow_check.cpp:logos::compiler::build_type_sets,if (!t) return false;
65055410,397,17,397,19,if guard,borrow_check.cpp:logos::compiler::build_type_sets,if (!t) return false;
0,397,21,397,33,if guard,borrow_check.cpp:logos::compiler::build_type_sets,if (!t) return false;
65055410,398,13,411,10,loop body,borrow_check.cpp:logos::compiler::build_type_sets,for (auto a : t.type_args()) {
38084385,398,42,402,14,loop body,borrow_check.cpp:logos::compiler::build_type_sets,for (auto a : t.type_args()) {
38084385,399,21,399,31,if guard,borrow_check.cpp:logos::compiler::build_type_sets,if (has_any(a)) return true;
967664,399,33,399,44,if guard,borrow_check.cpp:logos::compiler::build_type_sets,if (has_any(a)) return true;
37116721,400,17,402,14,statement,borrow_check.cpp:logos::compiler::build_type_sets,auto an = type_bc_name(a);
37116721,401,21,401,32,if guard,borrow_check.cpp:logos::compiler::build_type_sets,if (!an.empty() && ts.holds_any_ref.count(an) > 0) return true;
37116721,401,21,401,66,if guard,borrow_check.cpp:logos::compiler::build_type_sets,if (!an.empty() && ts.holds_any_ref.count(an) > 0) return true;
18944181,401,36,401,66,if guard,borrow_check.cpp:logos::compiler::build_type_sets,if (!an.empty() && ts.holds_any_ref.count(an) > 0) return true;
1949664,401,68,401,79,if guard,borrow_check.cpp:logos::compiler::build_type_sets,if (!an.empty() && ts.holds_any_ref.count(an) > 0) return true;
62138082,405,13,411,10,if guard,borrow_check.cpp:logos::compiler::build_type_sets,if (t.kind() == LogosType::Kind::Tuple)
62138082,405,17,405,51,if guard,borrow_check.cpp:logos::compiler::build_type_sets,if (t.kind() == LogosType::Kind::Tuple)
2984,406,17,407,60,loop body,borrow_check.cpp:logos::compiler::build_type_sets,for (auto e : t.tuple_elems())
5946,407,21,407,60,if guard,borrow_check.cpp:logos::compiler::build_type_sets,if (type_is_ha(TypeRef(e))) return true;
5946,407,25,407,47,if guard,borrow_check.cpp:logos::compiler::build_type_sets,if (type_is_ha(TypeRef(e))) return true;
28,407,49,407,60,if guard,borrow_check.cpp:logos::compiler::build_type_sets,if (type_is_ha(TypeRef(e))) return true;
62138054,408,13,411,10,if guard,borrow_check.cpp:logos::compiler::build_type_sets,if (t.kind() == LogosType::Kind::Array)
62138054,408,17,408,51,if guard,borrow_check.cpp:logos::compiler::build_type_sets,if (t.kind() == LogosType::Kind::Array)
106411,409,17,409,44,early return,borrow_check.cpp:logos::compiler::build_type_sets,return type_is_ha(t.elem());
62031643,410,13,410,25,early return,borrow_check.cpp:logos::compiler::build_type_sets,return false;
3388115,412,57,417,10,call / statement,borrow_check.cpp:logos::compiler::build_type_sets,auto reg_ha_name = [&](const std::string& name) {
3388115,415,42,415,71,if guard,borrow_check.cpp:logos::compiler::build_type_sets,if (auto dot = n.rfind('.'); dot != std::string_view::npos)
0,416,17,416,72,statement,borrow_check.cpp:logos::compiler::build_type_sets,ts.holds_any_ref.insert(std::string(n.substr(dot + 1)));
43370,419,16,419,26,loop body,borrow_check.cpp:logos::compiler::build_type_sets,while (ha_changed) {
28935,419,28,441,10,loop body,borrow_check.cpp:logos::compiler::build_type_sets,while (ha_changed) {
30038597,421,58,427,14,call / statement,borrow_check.cpp:logos::compiler::build_type_sets,auto consider = [&](lir_view::StructView sd) {
30038597,422,21,422,67,if guard,borrow_check.cpp:logos::compiler::build_type_sets,if (ts.holds_any_ref.count(std::string(sd.name()))) return;
3341201,422,69,422,75,if guard,borrow_check.cpp:logos::compiler::build_type_sets,if (ts.holds_any_ref.count(std::string(sd.name()))) return;
26697396,423,17,427,14,loop body,borrow_check.cpp:logos::compiler::build_type_sets,for (auto& f : sd.fields())
64226247,424,21,426,22,if guard,borrow_check.cpp:logos::compiler::build_type_sets,if (type_is_ha(f.type(prog.type_pool.impl()))) {
64226247,424,25,424,66,if guard,borrow_check.cpp:logos::compiler::build_type_sets,if (type_is_ha(f.type(prog.type_pool.impl()))) {
3318798,424,68,426,22,if guard,borrow_check.cpp:logos::compiler::build_type_sets,if (type_is_ha(f.type(prog.type_pool.impl()))) {
30029135,428,59,428,71,loop body,borrow_check.cpp:logos::compiler::build_type_sets,for (auto& sd : prog.structs)                 consider(sd);
9462,429,59,429,71,loop body,borrow_check.cpp:logos::compiler::build_type_sets,for (auto& sd : prog.struct_specializations)  consider(sd);
1099204,430,41,440,14,loop body,borrow_check.cpp:logos::compiler::build_type_sets,for (auto& ed : prog.enums) {
1099204,432,21,432,52,if guard,borrow_check.cpp:logos::compiler::build_type_sets,if (ts.holds_any_ref.count(ed_name)) continue;
69847,432,54,432,62,if guard,borrow_check.cpp:logos::compiler::build_type_sets,if (ts.holds_any_ref.count(ed_name)) continue;
1029357,433,17,440,14,statement,borrow_check.cpp:logos::compiler::build_type_sets,bool hit = false;
2556366,434,68,438,18,call / statement,borrow_check.cpp:logos::compiler::build_type_sets,ed.each_variant([&](lir_view::EnumVariantView var) {
2556366,435,25,435,28,if guard,borrow_check.cpp:logos::compiler::build_type_sets,if (hit) return;
62082,435,30,435,36,if guard,borrow_check.cpp:logos::compiler::build_type_sets,if (hit) return;
2494284,436,21,438,18,statement,borrow_check.cpp:logos::compiler::build_type_sets,"var.each_payload_type(prog.type_pool.impl(),"
1187601,437,59,437,94,statement,borrow_check.cpp:logos::compiler::build_type_sets,[&](TypeRef pt) { if (type_is_ha(pt)) hit = true; });
1187601,437,65,437,79,statement,borrow_check.cpp:logos::compiler::build_type_sets,[&](TypeRef pt) { if (type_is_ha(pt)) hit = true; });
69325,437,81,437,91,statement,borrow_check.cpp:logos::compiler::build_type_sets,[&](TypeRef pt) { if (type_is_ha(pt)) hit = true; });
1029357,439,21,439,24,if guard,borrow_check.cpp:logos::compiler::build_type_sets,if (hit) { reg_ha_name(ed_name); ha_changed = true; }
69317,439,26,439,70,if guard,borrow_check.cpp:logos::compiler::build_type_sets,if (hit) { reg_ha_name(ed_name); ha_changed = true; }
14435,442,13,442,52,if guard,borrow_check.cpp:logos::compiler::build_type_sets,"if (std::getenv(""LOGOS_DUMP_HOLDS_ANY_REF""))"
0,443,13,444,70,statement,borrow_check.cpp:logos::compiler::build_type_sets,"fprintf(stderr, ""[holds_any_ref] %zu names (holds_mut_ref: %zu)\n"","
0,443,21,443,21,statement,borrow_check.cpp:logos::compiler::build_type_sets,"fprintf(stderr, ""[holds_any_ref] %zu names (holds_mut_ref: %zu)\n"","
14962001,447,49,447,102,loop body,borrow_check.cpp:logos::compiler::build_type_sets,"for (auto& sd : prog.structs)               ts.struct_by_name.emplace(std::string(sd.name()), sd);"
4689,448,50,448,101,loop body,borrow_check.cpp:logos::compiler::build_type_sets,"for (auto& sd : prog.struct_specializations) ts.spec_by_name.emplace(std::string(sd.name()), sd);"
547477,449,49,449,100,loop body,borrow_check.cpp:logos::compiler::build_type_sets,"for (auto& ed : prog.enums)                 ts.enum_by_name.emplace(std::string(ed.name()), ed);"
12667616,455,82,458,2,call / statement,borrow_check.cpp:logos::compiler::needs_drop,"static bool needs_drop(TypeRef t, const lir::LProgram& prog, const TypeSets& ts) {"
12667616,456,9,456,11,if guard,borrow_check.cpp:logos::compiler::needs_drop,if (!t || t.kind() != LogosType::Kind::Struct) return false;
12667616,456,9,456,50,if guard,borrow_check.cpp:logos::compiler::needs_drop,if (!t || t.kind() != LogosType::Kind::Struct) return false;
12667616,456,15,456,50,if guard,borrow_check.cpp:logos::compiler::needs_drop,if (!t || t.kind() != LogosType::Kind::Struct) return false;
7265840,456,52,456,64,if guard,borrow_check.cpp:logos::compiler::needs_drop,if (!t || t.kind() != LogosType::Kind::Struct) return false;
5401776,457,5,457,98,early return,borrow_check.cpp:logos::compiler::needs_drop,"return ts.drop_types.count(std::string(t.struct_name())) || has_droppable_fields(t, prog, ts);"
5401776,457,12,457,61,early return,borrow_check.cpp:logos::compiler::needs_drop,"return ts.drop_types.count(std::string(t.struct_name())) || has_droppable_fields(t, prog, ts);"
5190093,457,65,457,98,early return,borrow_check.cpp:logos::compiler::needs_drop,"return ts.drop_types.count(std::string(t.struct_name())) || has_droppable_fields(t, prog, ts);"
5190093,461,55,482,2,call / statement,borrow_check.cpp:logos::compiler::has_droppable_fields,const TypeSets& ts) {
5190093,462,9,462,11,if guard,borrow_check.cpp:logos::compiler::has_droppable_fields,if (!t || t.kind() != LogosType::Kind::Struct) return false;
5190093,462,9,462,50,if guard,borrow_check.cpp:logos::compiler::has_droppable_fields,if (!t || t.kind() != LogosType::Kind::Struct) return false;
5190093,462,15,462,50,if guard,borrow_check.cpp:logos::compiler::has_droppable_fields,if (!t || t.kind() != LogosType::Kind::Struct) return false;
0,462,52,462,64,if guard,borrow_check.cpp:logos::compiler::has_droppable_fields,if (!t || t.kind() != LogosType::Kind::Struct) return false;
5190093,470,5,482,2,statement,borrow_check.cpp:logos::compiler::has_droppable_fields,std::string want = concrete_struct_name(t);
5100712,471,62,476,6,statement,borrow_check.cpp:logos::compiler::has_droppable_fields,auto def_has_drop = [&](lir_view::StructView sd) -> bool {
5100712,472,13,472,16,if guard,borrow_check.cpp:logos::compiler::has_droppable_fields,if (!sd) return false;
0,472,18,472,30,if guard,borrow_check.cpp:logos::compiler::has_droppable_fields,if (!sd) return false;
5100712,473,9,476,6,loop body,borrow_check.cpp:logos::compiler::has_droppable_fields,for (auto& f : sd.fields())
7837238,474,13,474,81,if guard,borrow_check.cpp:logos::compiler::has_droppable_fields,"if (needs_drop(f.type(prog.type_pool.impl()), prog, ts)) return true;"
7837238,474,17,474,68,if guard,borrow_check.cpp:logos::compiler::has_droppable_fields,"if (needs_drop(f.type(prog.type_pool.impl()), prog, ts)) return true;"
26013,474,70,474,81,if guard,borrow_check.cpp:logos::compiler::has_droppable_fields,"if (needs_drop(f.type(prog.type_pool.impl()), prog, ts)) return true;"
5074699,475,9,475,21,early return,borrow_check.cpp:logos::compiler::has_droppable_fields,return false;
5190093,478,9,478,39,if guard,borrow_check.cpp:logos::compiler::has_droppable_fields,if (sit != ts.struct_by_name.end() && def_has_drop(sit->second)) return true;
5190093,478,9,478,68,if guard,borrow_check.cpp:logos::compiler::has_droppable_fields,if (sit != ts.struct_by_name.end() && def_has_drop(sit->second)) return true;
5100712,478,43,478,68,if guard,borrow_check.cpp:logos::compiler::has_droppable_fields,if (sit != ts.struct_by_name.end() && def_has_drop(sit->second)) return true;
26013,478,70,478,81,if guard,borrow_check.cpp:logos::compiler::has_droppable_fields,if (sit != ts.struct_by_name.end() && def_has_drop(sit->second)) return true;
5164080,479,5,482,2,statement,borrow_check.cpp:logos::compiler::has_droppable_fields,auto pit = ts.spec_by_name.find(want);
5164080,480,9,480,37,if guard,borrow_check.cpp:logos::compiler::has_droppable_fields,if (pit != ts.spec_by_name.end() && def_has_drop(pit->second)) return true;
5164080,480,9,480,66,if guard,borrow_check.cpp:logos::compiler::has_droppable_fields,if (pit != ts.spec_by_name.end() && def_has_drop(pit->second)) return true;
0,480,41,480,66,if guard,borrow_check.cpp:logos::compiler::has_droppable_fields,if (pit != ts.spec_by_name.end() && def_has_drop(pit->second)) return true;
0,480,68,480,79,if guard,borrow_check.cpp:logos::compiler::has_droppable_fields,if (pit != ts.spec_by_name.end() && def_has_drop(pit->second)) return true;
5164080,481,5,481,17,early return,borrow_check.cpp:logos::compiler::has_droppable_fields,return false;
16458390,491,85,539,2,call / statement,borrow_check.cpp:logos::compiler::is_move_type,const std::unordered_set<std::string>* copy_tvs = nullptr) {
16499743,495,55,517,6,statement,borrow_check.cpp:logos::compiler::is_move_type,auto leaf = [&](TypeRef x) -> std::optional<bool> {
16499743,501,13,501,14,if guard,borrow_check.cpp:logos::compiler::is_move_type,if (x && x.kind() == LogosType::Kind::MutRef) return true;
16499743,501,13,501,53,if guard,borrow_check.cpp:logos::compiler::is_move_type,if (x && x.kind() == LogosType::Kind::MutRef) return true;
16499743,501,18,501,53,if guard,borrow_check.cpp:logos::compiler::is_move_type,if (x && x.kind() == LogosType::Kind::MutRef) return true;
199478,501,55,501,66,if guard,borrow_check.cpp:logos::compiler::is_move_type,if (x && x.kind() == LogosType::Kind::MutRef) return true;
16300265,511,9,517,6,if guard,borrow_check.cpp:logos::compiler::is_move_type,if (x && x.kind() == LogosType::Kind::TypeVar) {
16300265,511,13,511,14,if guard,borrow_check.cpp:logos::compiler::is_move_type,if (x && x.kind() == LogosType::Kind::TypeVar) {
16300265,511,13,511,54,if guard,borrow_check.cpp:logos::compiler::is_move_type,if (x && x.kind() == LogosType::Kind::TypeVar) {
16300265,511,18,511,54,if guard,borrow_check.cpp:logos::compiler::is_move_type,if (x && x.kind() == LogosType::Kind::TypeVar) {
7533,511,56,515,10,if guard,borrow_check.cpp:logos::compiler::is_move_type,if (x && x.kind() == LogosType::Kind::TypeVar) {
7533,512,17,512,25,if guard,borrow_check.cpp:logos::compiler::is_move_type,if (copy_tvs && copy_tvs->count(std::string(x.type_var_name())))
7533,512,17,512,76,if guard,borrow_check.cpp:logos::compiler::is_move_type,if (copy_tvs && copy_tvs->count(std::string(x.type_var_name())))
7533,512,29,512,76,if guard,borrow_check.cpp:logos::compiler::is_move_type,if (copy_tvs && copy_tvs->count(std::string(x.type_var_name())))
244,513,17,513,50,early return,borrow_check.cpp:logos::compiler::is_move_type,return std::optional<bool>(false);
7289,514,13,514,45,early return,borrow_check.cpp:logos::compiler::is_move_type,return std::optional<bool>(true);
16292732,516,9,516,28,early return,borrow_check.cpp:logos::compiler::is_move_type,return std::nullopt;
4466798,518,42,521,6,call / statement,borrow_check.cpp:logos::compiler::is_move_type,auto struct_is_move = [&](TypeRef x) {
4466798,519,16,519,39,early return,borrow_check.cpp:logos::compiler::is_move_type,"return needs_drop(x, prog, ts) &&"
161620,520,16,520,75,statement,borrow_check.cpp:logos::compiler::is_move_type,!ts.copy_types.count(std::string(TypeRef(x).struct_name()));
3408482,522,48,537,6,statement,borrow_check.cpp:logos::compiler::is_move_type,auto enum_is_move = [&](TypeRef x) -> bool {
3408482,524,13,524,36,if guard,borrow_check.cpp:logos::compiler::is_move_type,if (ts.copy_types.count(en)) return false;     // explicitly Copy enum
3754,524,38,524,50,if guard,borrow_check.cpp:logos::compiler::is_move_type,if (ts.copy_types.count(en)) return false;     // explicitly Copy enum
3404728,525,9,537,6,if guard,borrow_check.cpp:logos::compiler::is_move_type,if (ts.drop_types.count(en)) return true;       // has a Drop impl
3404728,525,13,525,36,if guard,borrow_check.cpp:logos::compiler::is_move_type,if (ts.drop_types.count(en)) return true;       // has a Drop impl
0,525,38,525,49,if guard,borrow_check.cpp:logos::compiler::is_move_type,if (ts.drop_types.count(en)) return true;       // has a Drop impl
3404728,526,9,537,6,statement,borrow_check.cpp:logos::compiler::is_move_type,auto eit = ts.enum_by_name.find(en);            // any move-typed payload
3404728,527,13,527,41,if guard,borrow_check.cpp:logos::compiler::is_move_type,if (eit != ts.enum_by_name.end()) {
349268,527,43,535,10,if guard,borrow_check.cpp:logos::compiler::is_move_type,if (eit != ts.enum_by_name.end()) {
1049567,529,71,533,14,call / statement,borrow_check.cpp:logos::compiler::is_move_type,eit->second.each_variant([&](lir_view::EnumVariantView v) {
6601,530,76,532,18,call / statement,borrow_check.cpp:logos::compiler::is_move_type,"v.each_payload_type(prog.type_pool.impl(), [&](TypeRef pt) {"
6601,531,25,531,61,if guard,borrow_check.cpp:logos::compiler::is_move_type,"if (is_move_type(pt, prog, ts, copy_tvs)) moved = true;"
3699,531,63,531,75,if guard,borrow_check.cpp:logos::compiler::is_move_type,"if (is_move_type(pt, prog, ts, copy_tvs)) moved = true;"
3055460,536,9,536,21,early return,borrow_check.cpp:logos::compiler::is_move_type,return false;
11515573,585,28,588,6,call / statement,logos::compiler::VarStore::reset,void reset(uint32_t n) {
0,589,18,589,65,statement,logos::compiler::VarStore::clear,void clear() { reset(static_cast<uint32_t>(slot_.size())); }
142432580,591,66,595,6,statement,logos::compiler::VarStore::resolve,"uint32_t resolve(uint32_t slot, std::string_view name) const {"
142432580,592,13,592,28,if guard,logos::compiler::VarStore::resolve,if (slot != NO_SLOT) return slot;
70097072,592,30,592,41,if guard,logos::compiler::VarStore::resolve,if (slot != NO_SLOT) return slot;
72335508,593,9,594,61,statement,logos::compiler::VarStore::resolve,auto it = name2slot_.find(std::string(name));
72335508,594,16,594,38,early return,logos::compiler::VarStore::resolve,return it == name2slot_.end() ? NO_SLOT : it->second;
41370220,594,41,594,48,early return,logos::compiler::VarStore::resolve,return it == name2slot_.end() ? NO_SLOT : it->second;
30965288,594,51,594,61,early return,logos::compiler::VarStore::resolve,return it == name2slot_.end() ? NO_SLOT : it->second;
82612222,596,58,601,6,call / statement,logos::compiler::VarStore::find,"VarState* find(uint32_t slot, std::string_view name) {"
82612222,598,13,598,25,if guard,logos::compiler::VarStore::find,if (s != NO_SLOT && s < declared_.size() && declared_[s]) return &slot_[s];
82612222,598,13,598,49,if guard,logos::compiler::VarStore::find,if (s != NO_SLOT && s < declared_.size() && declared_[s]) return &slot_[s];
82612222,598,13,598,65,if guard,logos::compiler::VarStore::find,if (s != NO_SLOT && s < declared_.size() && declared_[s]) return &slot_[s];
70812224,598,29,598,49,if guard,logos::compiler::VarStore::find,if (s != NO_SLOT && s < declared_.size() && declared_[s]) return &slot_[s];
52855119,598,53,598,65,if guard,logos::compiler::VarStore::find,if (s != NO_SLOT && s < declared_.size() && declared_[s]) return &slot_[s];
52821349,598,67,598,83,if guard,logos::compiler::VarStore::find,if (s != NO_SLOT && s < declared_.size() && declared_[s]) return &slot_[s];
29790873,599,9,600,57,statement,logos::compiler::VarStore::find,auto it = name_.find(std::string(name));
29790873,600,16,600,33,early return,logos::compiler::VarStore::find,return it == name_.end() ? nullptr : &it->second;
87451,600,36,600,43,early return,logos::compiler::VarStore::find,return it == name_.end() ? nullptr : &it->second;
29703422,600,46,600,57,early return,logos::compiler::VarStore::find,return it == name_.end() ? nullptr : &it->second;
14998197,602,70,607,6,statement,logos::compiler::VarStore::find,"const VarState* find(uint32_t slot, std::string_view name) const {"
14998197,604,13,604,25,if guard,logos::compiler::VarStore::find,if (s != NO_SLOT && s < declared_.size() && declared_[s]) return &slot_[s];
14998197,604,13,604,49,if guard,logos::compiler::VarStore::find,if (s != NO_SLOT && s < declared_.size() && declared_[s]) return &slot_[s];
14998197,604,13,604,65,if guard,logos::compiler::VarStore::find,if (s != NO_SLOT && s < declared_.size() && declared_[s]) return &slot_[s];
12343324,604,29,604,49,if guard,logos::compiler::VarStore::find,if (s != NO_SLOT && s < declared_.size() && declared_[s]) return &slot_[s];
10631730,604,53,604,65,if guard,logos::compiler::VarStore::find,if (s != NO_SLOT && s < declared_.size() && declared_[s]) return &slot_[s];
10631063,604,67,604,83,if guard,logos::compiler::VarStore::find,if (s != NO_SLOT && s < declared_.size() && declared_[s]) return &slot_[s];
4367134,605,9,606,57,statement,logos::compiler::VarStore::find,auto it = name_.find(std::string(name));
4367134,606,16,606,33,early return,logos::compiler::VarStore::find,return it == name_.end() ? nullptr : &it->second;
4622,606,36,606,43,early return,logos::compiler::VarStore::find,return it == name_.end() ? nullptr : &it->second;
4362512,606,46,606,57,early return,logos::compiler::VarStore::find,return it == name_.end() ? nullptr : &it->second;
14998197,608,58,608,97,statement,logos::compiler::VarStore::has,"bool has(uint32_t slot, std::string_view name) const { return find(slot, name) != nullptr; }"
36224960,611,56,619,6,call / statement,logos::compiler::VarStore::at,"VarState& at(uint32_t slot, std::string_view name) {"
36224960,612,22,612,39,statement,logos::compiler::VarStore::at,"uint32_t s = (slot != NO_SLOT) ? slot : resolve(slot, name);"
26956508,612,42,612,46,statement,logos::compiler::VarStore::at,"uint32_t s = (slot != NO_SLOT) ? slot : resolve(slot, name);"
9268452,612,49,612,68,statement,logos::compiler::VarStore::at,"uint32_t s = (slot != NO_SLOT) ? slot : resolve(slot, name);"
36224960,613,13,613,25,if guard,logos::compiler::VarStore::at,if (s != NO_SLOT && s < slot_.size()) {
36224960,613,13,613,45,if guard,logos::compiler::VarStore::at,if (s != NO_SLOT && s < slot_.size()) {
27034360,613,29,613,45,if guard,logos::compiler::VarStore::at,if (s != NO_SLOT && s < slot_.size()) {
17909290,613,47,617,10,if guard,logos::compiler::VarStore::at,if (s != NO_SLOT && s < slot_.size()) {
17909290,615,17,615,30,if guard,logos::compiler::VarStore::at,if (!name.empty()) name2slot_[std::string(name)] = s;
17909288,615,32,615,65,if guard,logos::compiler::VarStore::at,if (!name.empty()) name2slot_[std::string(name)] = s;
18315670,618,9,618,40,early return,logos::compiler::VarStore::at,return name_[std::string(name)];
35553709,620,54,625,6,call / statement,logos::compiler::VarStore::erase,"void erase(uint32_t slot, std::string_view name) {"
35553709,622,13,622,25,if guard,logos::compiler::VarStore::erase,if (s != NO_SLOT && s < declared_.size()) declared_[s] = 0;
35553709,622,13,622,49,if guard,logos::compiler::VarStore::erase,if (s != NO_SLOT && s < declared_.size()) declared_[s] = 0;
17828960,622,29,622,49,if guard,logos::compiler::VarStore::erase,if (s != NO_SLOT && s < declared_.size()) declared_[s] = 0;
17828960,622,51,622,67,if guard,logos::compiler::VarStore::erase,if (s != NO_SLOT && s < declared_.size()) declared_[s] = 0;
1434763,629,45,632,6,call / statement,borrow_check.cpp:void logos::compiler::VarStore::for_each,template <class F> void for_each(F&& f) {
11980037,630,30,630,46,loop body,borrow_check.cpp:void logos::compiler::VarStore::for_each,"for (uint32_t s = 0; s < slot_.size(); ++s) if (declared_[s]) f(s, std::string_view{}, slot_[s]);"
10545274,630,48,630,51,loop body,borrow_check.cpp:void logos::compiler::VarStore::for_each,"for (uint32_t s = 0; s < slot_.size(); ++s) if (declared_[s]) f(s, std::string_view{}, slot_[s]);"
10545274,630,53,630,105,loop body,borrow_check.cpp:void logos::compiler::VarStore::for_each,"for (uint32_t s = 0; s < slot_.size(); ++s) if (declared_[s]) f(s, std::string_view{}, slot_[s]);"
10545274,630,57,630,69,loop body,borrow_check.cpp:void logos::compiler::VarStore::for_each,"for (uint32_t s = 0; s < slot_.size(); ++s) if (declared_[s]) f(s, std::string_view{}, slot_[s]);"
5347700,630,71,630,105,loop body,borrow_check.cpp:void logos::compiler::VarStore::for_each,"for (uint32_t s = 0; s < slot_.size(); ++s) if (declared_[s]) f(s, std::string_view{}, slot_[s]);"
1852541,631,37,631,72,loop body,borrow_check.cpp:void logos::compiler::VarStore::for_each,"for (auto& [n, st] : name_) f(NO_SLOT, std::string_view(n), st);"
3858625,633,61,636,6,statement,logos::compiler::VarStore::has_id,"bool has_id(uint32_t slot, std::string_view name) const {"
3858625,634,13,634,28,if guard,logos::compiler::VarStore::has_id,if (slot != NO_SLOT) return slot < declared_.size() && declared_[slot];
2817441,634,30,634,79,if guard,logos::compiler::VarStore::has_id,if (slot != NO_SLOT) return slot < declared_.size() && declared_[slot];
2817441,634,37,634,60,if guard,logos::compiler::VarStore::has_id,if (slot != NO_SLOT) return slot < declared_.size() && declared_[slot];
2817441,634,64,634,79,if guard,logos::compiler::VarStore::has_id,if (slot != NO_SLOT) return slot < declared_.size() && declared_[slot];
1041184,635,9,635,51,early return,logos::compiler::VarStore::has_id,return name_.count(std::string(name)) != 0;
3858351,637,59,640,6,call / statement,logos::compiler::VarStore::at_id,"VarState& at_id(uint32_t slot, std::string_view name) {"
3858351,638,13,638,28,if guard,logos::compiler::VarStore::at_id,if (slot != NO_SLOT) { declared_[slot] = 1; return slot_[slot]; }
2817326,638,30,638,74,if guard,logos::compiler::VarStore::at_id,if (slot != NO_SLOT) { declared_[slot] = 1; return slot_[slot]; }
1041025,639,9,639,40,early return,logos::compiler::VarStore::at_id,return name_[std::string(name)];
2580483,666,63,673,2,call / statement,borrow_check.cpp:logos::compiler::merge_prov,"static RefProv merge_prov(const RefProv& a, const RefProv& b) {"
329203,668,30,668,48,loop body,borrow_check.cpp:logos::compiler::merge_prov,for (auto& s : a.params) r.params.insert(s);
468504,669,30,669,48,loop body,borrow_check.cpp:logos::compiler::merge_prov,for (auto& s : b.params) r.params.insert(s);
2580483,670,18,670,28,statement,borrow_check.cpp:logos::compiler::merge_prov,r.is_local = a.is_local || b.is_local;
2531837,670,32,670,42,statement,borrow_check.cpp:logos::compiler::merge_prov,r.is_local = a.is_local || b.is_local;
2580483,671,18,671,27,statement,borrow_check.cpp:logos::compiler::merge_prov,r.is_temp  = a.is_temp  || b.is_temp;
2580483,671,32,671,41,statement,borrow_check.cpp:logos::compiler::merge_prov,r.is_temp  = a.is_temp  || b.is_temp;
1358969,683,59,685,2,call / statement,borrow_check.cpp:logos::compiler::is_materialized_temp_name,static bool is_materialized_temp_name(std::string_view n) {
3813380,691,53,693,2,call / statement,borrow_check.cpp:logos::compiler::is_return_temp_name,static bool is_return_temp_name(std::string_view n) {
2678405,700,58,702,2,call / statement,borrow_check.cpp:logos::compiler::is_destructure_temp_name,static bool is_destructure_temp_name(std::string_view n) {
219168,708,57,710,2,call / statement,borrow_check.cpp:logos::compiler::is_loop_break_slot_name,static bool is_loop_break_slot_name(std::string_view n) {
102,735,64,757,2,call / statement,borrow_check.cpp:logos::compiler::is_cond_move_field_drop_place,static bool is_cond_move_field_drop_place(lir_view::ExprRef e) {
231,740,12,740,13,loop body,borrow_check.cpp:logos::compiler::is_cond_move_field_drop_place,while (e) {
231,740,15,755,6,loop body,borrow_check.cpp:logos::compiler::is_cond_move_field_drop_place,while (e) {
123,742,13,745,25,switch arm,borrow_check.cpp:logos::compiler::is_cond_move_field_drop_place,case EK::FieldRead:
6,746,13,749,25,switch arm,borrow_check.cpp:logos::compiler::is_cond_move_field_drop_place,case EK::TupleIndex:
102,750,13,751,33,switch arm,borrow_check.cpp:logos::compiler::is_cond_move_field_drop_place,case EK::VarRef:
0,752,13,753,29,switch arm,borrow_check.cpp:logos::compiler::is_cond_move_field_drop_place,default:
0,756,5,756,17,early return,borrow_check.cpp:logos::compiler::is_cond_move_field_drop_place,return false;
11170795,775,83,778,2,call / statement,borrow_check.cpp:logos::compiler::is_cond_move_field_drop_temp,"std::string_view n, lir_view::ExprRef v) {"
11170795,776,12,776,50,early return,borrow_check.cpp:logos::compiler::is_cond_move_field_drop_temp,return lir_view::SLetView{st}.compiler_glue() &&
11170795,776,12,777,38,early return,borrow_check.cpp:logos::compiler::is_cond_move_field_drop_temp,return lir_view::SLetView{st}.compiler_glue() &&
102,777,12,777,38,statement,borrow_check.cpp:logos::compiler::is_cond_move_field_drop_temp,"n.rfind(""__cmfd_"", 0) == 0 && is_cond_move_field_drop_place(v);"
102,777,42,777,74,statement,borrow_check.cpp:logos::compiler::is_cond_move_field_drop_temp,"n.rfind(""__cmfd_"", 0) == 0 && is_cond_move_field_drop_place(v);"
10622044,780,58,807,2,call / statement,borrow_check.cpp:logos::compiler::is_temporary_value_expr,static bool is_temporary_value_expr(lir_view::ExprRef e) {
10622044,781,9,781,11,if guard,borrow_check.cpp:logos::compiler::is_temporary_value_expr,if (!e) return false;
0,781,13,781,25,if guard,borrow_check.cpp:logos::compiler::is_temporary_value_expr,if (!e) return false;
10622044,782,5,807,2,statement,borrow_check.cpp:logos::compiler::is_temporary_value_expr,using EK = lir_schema::expr::Code;
40,784,9,805,25,switch arm,borrow_check.cpp:logos::compiler::is_temporary_value_expr,case EK::LitInt: case EK::LitFloat: case EK::LitBool: case EK::LitStr:
40,784,26,805,25,switch arm,borrow_check.cpp:logos::compiler::is_temporary_value_expr,case EK::LitInt: case EK::LitFloat: case EK::LitBool: case EK::LitStr:
47,784,45,805,25,switch arm,borrow_check.cpp:logos::compiler::is_temporary_value_expr,case EK::LitInt: case EK::LitFloat: case EK::LitBool: case EK::LitStr:
47,784,63,805,25,switch arm,borrow_check.cpp:logos::compiler::is_temporary_value_expr,case EK::LitInt: case EK::LitFloat: case EK::LitBool: case EK::LitStr:
59,785,9,805,25,switch arm,borrow_check.cpp:logos::compiler::is_temporary_value_expr,case EK::StructLit: case EK::TupleLit: case EK::ArrLit:
94,785,29,805,25,switch arm,borrow_check.cpp:logos::compiler::is_temporary_value_expr,case EK::StructLit: case EK::TupleLit: case EK::ArrLit:
109,785,48,805,25,switch arm,borrow_check.cpp:logos::compiler::is_temporary_value_expr,case EK::StructLit: case EK::TupleLit: case EK::ArrLit:
5150,786,9,805,25,switch arm,borrow_check.cpp:logos::compiler::is_temporary_value_expr,case EK::Call: case EK::MethodCall: case EK::ClosureCall:
9352,786,24,805,25,switch arm,borrow_check.cpp:logos::compiler::is_temporary_value_expr,case EK::Call: case EK::MethodCall: case EK::ClosureCall:
9354,786,45,805,25,switch arm,borrow_check.cpp:logos::compiler::is_temporary_value_expr,case EK::Call: case EK::MethodCall: case EK::ClosureCall:
9359,787,9,805,25,switch arm,borrow_check.cpp:logos::compiler::is_temporary_value_expr,case EK::EnumLit: case EK::EnumLitData:
9404,787,27,805,25,switch arm,borrow_check.cpp:logos::compiler::is_temporary_value_expr,case EK::EnumLit: case EK::EnumLitData:
9405,802,9,805,25,switch arm,borrow_check.cpp:logos::compiler::is_temporary_value_expr,case EK::BinOp: case EK::Unary: case EK::Cast:
9405,802,25,805,25,switch arm,borrow_check.cpp:logos::compiler::is_temporary_value_expr,case EK::BinOp: case EK::Unary: case EK::Cast:
9437,802,41,803,24,switch arm,borrow_check.cpp:logos::compiler::is_temporary_value_expr,case EK::BinOp: case EK::Unary: case EK::Cast:
10612607,804,9,805,25,switch arm,borrow_check.cpp:logos::compiler::is_temporary_value_expr,default:
700345,809,62,812,2,call / statement,borrow_check.cpp:logos::compiler::merge_provs,"static void merge_provs(ProvMap& base, const ProvMap& other) {"
187287,811,9,811,47,statement,borrow_check.cpp:logos::compiler::merge_provs,"base[name] = merge_prov(base[name], p);"
392525587,814,36,835,2,call / statement,borrow_check.cpp:logos::compiler::is_ref_kind,static bool is_ref_kind(TypeRef t) {
392525587,829,12,829,13,early return,borrow_check.cpp:logos::compiler::is_ref_kind,return t && (t.kind() == LogosType::Kind::Ref ||
391378609,829,17,834,45,early return,borrow_check.cpp:logos::compiler::is_ref_kind,return t && (t.kind() == LogosType::Kind::Ref ||
391378609,829,18,829,50,early return,borrow_check.cpp:logos::compiler::is_ref_kind,return t && (t.kind() == LogosType::Kind::Ref ||
391378609,829,18,830,53,early return,borrow_check.cpp:logos::compiler::is_ref_kind,return t && (t.kind() == LogosType::Kind::Ref ||
391378609,829,18,831,52,early return,borrow_check.cpp:logos::compiler::is_ref_kind,return t && (t.kind() == LogosType::Kind::Ref ||
391378609,829,18,832,74,early return,borrow_check.cpp:logos::compiler::is_ref_kind,return t && (t.kind() == LogosType::Kind::Ref ||
365072703,830,18,830,53,statement,borrow_check.cpp:logos::compiler::is_ref_kind,t.kind() == LogosType::Kind::MutRef ||
346781301,831,18,831,52,statement,borrow_check.cpp:logos::compiler::is_ref_kind,t.kind() == LogosType::Kind::Slice ||
325631884,832,18,832,74,statement,borrow_check.cpp:logos::compiler::is_ref_kind,(t.kind() == LogosType::Kind::DstRef && !t.owning_dst()) ||
325631884,832,19,832,54,statement,borrow_check.cpp:logos::compiler::is_ref_kind,(t.kind() == LogosType::Kind::DstRef && !t.owning_dst()) ||
4879,832,58,832,73,statement,borrow_check.cpp:logos::compiler::is_ref_kind,(t.kind() == LogosType::Kind::DstRef && !t.owning_dst()) ||
325627023,833,18,834,44,statement,borrow_check.cpp:logos::compiler::is_ref_kind,(t.kind() == LogosType::Kind::TraitObject &&
325627023,833,19,833,59,statement,borrow_check.cpp:logos::compiler::is_ref_kind,(t.kind() == LogosType::Kind::TraitObject &&
3027504,834,19,834,43,statement,borrow_check.cpp:logos::compiler::is_ref_kind,!t.owning_trait_object()));
380769,843,42,848,2,call / statement,borrow_check.cpp:logos::compiler::is_plain_ref_kind,static bool is_plain_ref_kind(TypeRef t) {
380769,844,12,844,13,early return,borrow_check.cpp:logos::compiler::is_plain_ref_kind,return t && (t.kind() == LogosType::Kind::Ref ||
380769,844,17,847,45,early return,borrow_check.cpp:logos::compiler::is_plain_ref_kind,return t && (t.kind() == LogosType::Kind::Ref ||
380769,844,18,844,50,early return,borrow_check.cpp:logos::compiler::is_plain_ref_kind,return t && (t.kind() == LogosType::Kind::Ref ||
380769,844,18,845,53,early return,borrow_check.cpp:logos::compiler::is_plain_ref_kind,return t && (t.kind() == LogosType::Kind::Ref ||
315040,845,18,845,53,statement,borrow_check.cpp:logos::compiler::is_plain_ref_kind,t.kind() == LogosType::Kind::MutRef ||
300433,846,18,847,44,statement,borrow_check.cpp:logos::compiler::is_plain_ref_kind,(t.kind() == LogosType::Kind::TraitObject &&
300433,846,19,846,59,statement,borrow_check.cpp:logos::compiler::is_plain_ref_kind,(t.kind() == LogosType::Kind::TraitObject &&
1899,847,19,847,43,statement,borrow_check.cpp:logos::compiler::is_plain_ref_kind,!t.owning_trait_object()));
35053387,850,35,852,2,call / statement,borrow_check.cpp:logos::compiler::is_mut_ref,static bool is_mut_ref(TypeRef t) {
35053387,851,12,851,13,early return,borrow_check.cpp:logos::compiler::is_mut_ref,return t && t.kind() == LogosType::Kind::MutRef;
35053387,851,17,851,52,early return,borrow_check.cpp:logos::compiler::is_mut_ref,return t && t.kind() == LogosType::Kind::MutRef;
20132,919,44,921,6,statement,logos::compiler::RefSrc::operator==,bool operator==(const RefSrc& o) const {
20132,920,16,920,30,early return,logos::compiler::RefSrc::operator==,return name == o.name && slot == o.slot;
9962,920,34,920,48,early return,logos::compiler::RefSrc::operator==,return name == o.name && slot == o.slot;
2268656,976,22,976,52,statement,logos::compiler::MutBindBypass::~MutBindBypass,~MutBindBypass() { if (set) set->erase(name); }
2268656,976,28,976,31,statement,logos::compiler::MutBindBypass::~MutBindBypass,~MutBindBypass() { if (set) set->erase(name); }
528,976,33,976,49,statement,logos::compiler::MutBindBypass::~MutBindBypass,~MutBindBypass() { if (set) set->erase(name); }
23001441,1009,68,1201,2,call / statement,borrow_check.cpp:logos::compiler::extract_borrow_place,const TypePoolImpl* pool) {
1447676,1026,33,1031,6,call / statement,borrow_check.cpp:logos::compiler::extract_borrow_place,auto cross = [&](TypeRef t) {
1447676,1028,13,1028,45,if guard,borrow_check.cpp:logos::compiler::extract_borrow_place,"if (logos::probe::on(""sharedsticky"") && bp.through_ref_type &&"
1447676,1028,13,1028,68,if guard,borrow_check.cpp:logos::compiler::extract_borrow_place,"if (logos::probe::on(""sharedsticky"") && bp.through_ref_type &&"
1447676,1028,13,1029,63,if guard,borrow_check.cpp:logos::compiler::extract_borrow_place,"if (logos::probe::on(""sharedsticky"") && bp.through_ref_type &&"
0,1028,49,1028,68,if guard,borrow_check.cpp:logos::compiler::extract_borrow_place,"if (logos::probe::on(""sharedsticky"") && bp.through_ref_type &&"
0,1029,13,1029,63,statement,borrow_check.cpp:logos::compiler::extract_borrow_place,bp.through_ref_type.kind() == LogosType::Kind::Ref) return;
0,1029,65,1029,71,statement,borrow_check.cpp:logos::compiler::extract_borrow_place,bp.through_ref_type.kind() == LogosType::Kind::Ref) return;
1447676,1030,9,1031,6,statement,borrow_check.cpp:logos::compiler::extract_borrow_place,bp.through_ref_type = t;
24492131,1032,12,1032,15,loop body,borrow_check.cpp:logos::compiler::extract_borrow_place,while (cur) {
24492131,1032,17,1184,6,loop body,borrow_check.cpp:logos::compiler::extract_borrow_place,while (cur) {
24492131,1033,13,1033,42,if guard,borrow_check.cpp:logos::compiler::extract_borrow_place,if (cur.kind() == Code::FieldRead) {
94662,1033,44,1038,10,if guard,borrow_check.cpp:logos::compiler::extract_borrow_place,if (cur.kind() == Code::FieldRead) {
94662,1037,17,1037,20,if guard,borrow_check.cpp:logos::compiler::extract_borrow_place,if (cur && is_ref_kind(cur.type(pool))) cross(cur.type(pool));
94662,1037,17,1037,51,if guard,borrow_check.cpp:logos::compiler::extract_borrow_place,if (cur && is_ref_kind(cur.type(pool))) cross(cur.type(pool));
94662,1037,24,1037,51,if guard,borrow_check.cpp:logos::compiler::extract_borrow_place,if (cur && is_ref_kind(cur.type(pool))) cross(cur.type(pool));
55712,1037,53,1037,74,if guard,borrow_check.cpp:logos::compiler::extract_borrow_place,if (cur && is_ref_kind(cur.type(pool))) cross(cur.type(pool));
24397469,1038,16,1183,10,else-if guard,borrow_check.cpp:logos::compiler::extract_borrow_place,} else if (cur.kind() == Code::TupleIndex) {
24397469,1038,20,1038,50,else-if guard,borrow_check.cpp:logos::compiler::extract_borrow_place,} else if (cur.kind() == Code::TupleIndex) {
1717,1038,52,1051,10,else-if guard,borrow_check.cpp:logos::compiler::extract_borrow_place,} else if (cur.kind() == Code::TupleIndex) {
1717,1050,17,1050,20,if guard,borrow_check.cpp:logos::compiler::extract_borrow_place,if (cur && is_ref_kind(cur.type(pool))) cross(cur.type(pool));
1717,1050,17,1050,51,if guard,borrow_check.cpp:logos::compiler::extract_borrow_place,if (cur && is_ref_kind(cur.type(pool))) cross(cur.type(pool));
1717,1050,24,1050,51,if guard,borrow_check.cpp:logos::compiler::extract_borrow_place,if (cur && is_ref_kind(cur.type(pool))) cross(cur.type(pool));
1330,1050,53,1050,74,if guard,borrow_check.cpp:logos::compiler::extract_borrow_place,if (cur && is_ref_kind(cur.type(pool))) cross(cur.type(pool));
24395752,1051,16,1183,10,else-if guard,borrow_check.cpp:logos::compiler::extract_borrow_place,} else if (cur.kind() == Code::IndexRead) {
24395752,1051,20,1051,49,else-if guard,borrow_check.cpp:logos::compiler::extract_borrow_place,} else if (cur.kind() == Code::IndexRead) {
25553,1051,51,1083,10,else-if guard,borrow_check.cpp:logos::compiler::extract_borrow_place,} else if (cur.kind() == Code::IndexRead) {
25553,1059,17,1059,21,if guard,borrow_check.cpp:logos::compiler::extract_borrow_place,if (recv && recv.type(pool) &&
25553,1059,17,1059,40,if guard,borrow_check.cpp:logos::compiler::extract_borrow_place,if (recv && recv.type(pool) &&
25553,1059,17,1060,63,if guard,borrow_check.cpp:logos::compiler::extract_borrow_place,if (recv && recv.type(pool) &&
25553,1059,25,1059,40,if guard,borrow_check.cpp:logos::compiler::extract_borrow_place,if (recv && recv.type(pool) &&
25553,1060,17,1060,63,call / statement,borrow_check.cpp:logos::compiler::extract_borrow_place,recv.type(pool).kind() == LogosType::Kind::Ptr) {
21299,1060,65,1078,14,call / statement,borrow_check.cpp:logos::compiler::extract_borrow_place,recv.type(pool).kind() == LogosType::Kind::Ptr) {
21299,1077,21,1077,50,if guard,borrow_check.cpp:logos::compiler::extract_borrow_place,"if (!logos::probe::on(""rootkeep"")) { bp.root.clear(); return bp; }"
21299,1077,52,1077,83,if guard,borrow_check.cpp:logos::compiler::extract_borrow_place,"if (!logos::probe::on(""rootkeep"")) { bp.root.clear(); return bp; }"
4254,1079,13,1083,10,statement,borrow_check.cpp:logos::compiler::extract_borrow_place,path_parts.clear();
4254,1081,17,1081,21,if guard,borrow_check.cpp:logos::compiler::extract_borrow_place,if (recv && is_ref_kind(recv.type(pool))) cross(recv.type(pool));
4254,1081,17,1081,53,if guard,borrow_check.cpp:logos::compiler::extract_borrow_place,if (recv && is_ref_kind(recv.type(pool))) cross(recv.type(pool));
4254,1081,25,1081,53,if guard,borrow_check.cpp:logos::compiler::extract_borrow_place,if (recv && is_ref_kind(recv.type(pool))) cross(recv.type(pool));
577,1081,55,1081,77,if guard,borrow_check.cpp:logos::compiler::extract_borrow_place,if (recv && is_ref_kind(recv.type(pool))) cross(recv.type(pool));
24370199,1083,16,1183,10,else-if guard,borrow_check.cpp:logos::compiler::extract_borrow_place,} else if (cur.kind() == Code::SliceIndex) {
24370199,1083,20,1083,50,else-if guard,borrow_check.cpp:logos::compiler::extract_borrow_place,} else if (cur.kind() == Code::SliceIndex) {
74723,1083,52,1099,10,else-if guard,borrow_check.cpp:logos::compiler::extract_borrow_place,} else if (cur.kind() == Code::SliceIndex) {
74723,1085,17,1085,19,if guard,borrow_check.cpp:logos::compiler::extract_borrow_place,if (sl && sl.type(pool) &&
74723,1085,17,1085,36,if guard,borrow_check.cpp:logos::compiler::extract_borrow_place,if (sl && sl.type(pool) &&
74723,1085,17,1086,61,if guard,borrow_check.cpp:logos::compiler::extract_borrow_place,if (sl && sl.type(pool) &&
74723,1085,23,1085,36,if guard,borrow_check.cpp:logos::compiler::extract_borrow_place,if (sl && sl.type(pool) &&
74723,1086,17,1086,61,call / statement,borrow_check.cpp:logos::compiler::extract_borrow_place,sl.type(pool).kind() == LogosType::Kind::Ptr) {
0,1086,63,1094,14,call / statement,borrow_check.cpp:logos::compiler::extract_borrow_place,sl.type(pool).kind() == LogosType::Kind::Ptr) {
0,1093,21,1093,50,if guard,borrow_check.cpp:logos::compiler::extract_borrow_place,"if (!logos::probe::on(""rootkeep"")) { bp.root.clear(); return bp; }"
0,1093,52,1093,83,if guard,borrow_check.cpp:logos::compiler::extract_borrow_place,"if (!logos::probe::on(""rootkeep"")) { bp.root.clear(); return bp; }"
74723,1095,13,1099,10,statement,borrow_check.cpp:logos::compiler::extract_borrow_place,path_parts.clear();
74723,1097,17,1097,19,if guard,borrow_check.cpp:logos::compiler::extract_borrow_place,if (sl && is_ref_kind(sl.type(pool))) cross(sl.type(pool));
74723,1097,17,1097,49,if guard,borrow_check.cpp:logos::compiler::extract_borrow_place,if (sl && is_ref_kind(sl.type(pool))) cross(sl.type(pool));
74723,1097,23,1097,49,if guard,borrow_check.cpp:logos::compiler::extract_borrow_place,if (sl && is_ref_kind(sl.type(pool))) cross(sl.type(pool));
74723,1097,51,1097,71,if guard,borrow_check.cpp:logos::compiler::extract_borrow_place,if (sl && is_ref_kind(sl.type(pool))) cross(sl.type(pool));
24295476,1099,16,1183,10,else-if guard,borrow_check.cpp:logos::compiler::extract_borrow_place,} else if (cur.kind() == Code::Deref) {
24295476,1099,20,1099,45,else-if guard,borrow_check.cpp:logos::compiler::extract_borrow_place,} else if (cur.kind() == Code::Deref) {
1362221,1099,47,1155,10,else-if guard,borrow_check.cpp:logos::compiler::extract_borrow_place,} else if (cur.kind() == Code::Deref) {
1362221,1109,17,1109,19,if guard,borrow_check.cpp:logos::compiler::extract_borrow_place,if (op) {
1362221,1109,21,1153,14,if guard,borrow_check.cpp:logos::compiler::extract_borrow_place,if (op) {
1362221,1111,32,1111,47,statement,borrow_check.cpp:logos::compiler::extract_borrow_place,bool through = is_ref_kind(ok) ||
46887,1112,21,1114,67,statement,borrow_check.cpp:logos::compiler::extract_borrow_place,(ok && (ok.kind() == LogosType::Kind::Struct ||
46887,1112,22,1112,24,statement,borrow_check.cpp:logos::compiler::extract_borrow_place,(ok && (ok.kind() == LogosType::Kind::Struct ||
46887,1112,28,1114,66,statement,borrow_check.cpp:logos::compiler::extract_borrow_place,(ok && (ok.kind() == LogosType::Kind::Struct ||
46887,1112,29,1112,65,statement,borrow_check.cpp:logos::compiler::extract_borrow_place,(ok && (ok.kind() == LogosType::Kind::Struct ||
46887,1112,29,1113,70,statement,borrow_check.cpp:logos::compiler::extract_borrow_place,(ok && (ok.kind() == LogosType::Kind::Struct ||
46887,1113,29,1113,70,statement,borrow_check.cpp:logos::compiler::extract_borrow_place,ok.kind() == LogosType::Kind::ZonedStruct ||
46887,1114,29,1114,65,statement,borrow_check.cpp:logos::compiler::extract_borrow_place,ok.kind() == LogosType::Kind::DstRef));
1362221,1115,21,1115,28,if guard,borrow_check.cpp:logos::compiler::extract_borrow_place,if (through) {
1315334,1115,30,1129,18,if guard,borrow_check.cpp:logos::compiler::extract_borrow_place,if (through) {
1315334,1121,25,1121,40,if guard,borrow_check.cpp:logos::compiler::extract_borrow_place,if (is_ref_kind(ok)) cross(ok);
1315334,1121,42,1121,51,if guard,borrow_check.cpp:logos::compiler::extract_borrow_place,if (is_ref_kind(ok)) cross(ok);
46887,1148,17,1153,14,if guard,borrow_check.cpp:logos::compiler::extract_borrow_place,"if (logos::probe::on(""ptrderef"")) {"
46887,1148,21,1148,49,if guard,borrow_check.cpp:logos::compiler::extract_borrow_place,"if (logos::probe::on(""ptrderef"")) {"
0,1148,51,1152,18,if guard,borrow_check.cpp:logos::compiler::extract_borrow_place,"if (logos::probe::on(""ptrderef"")) {"
46887,1154,13,1154,18,loop exit,borrow_check.cpp:logos::compiler::extract_borrow_place,break;
22933255,1155,16,1183,10,else-if guard,borrow_check.cpp:logos::compiler::extract_borrow_place,"} else if (logos::probe::on(""callroot"") &&"
22933255,1155,20,1155,48,else-if guard,borrow_check.cpp:logos::compiler::extract_borrow_place,"} else if (logos::probe::on(""callroot"") &&"
22933255,1155,20,1158,52,else-if guard,borrow_check.cpp:logos::compiler::extract_borrow_place,"} else if (logos::probe::on(""callroot"") &&"
0,1156,20,1158,52,statement,borrow_check.cpp:logos::compiler::extract_borrow_place,(cur.kind() == Code::MethodCall ||
0,1156,21,1156,51,statement,borrow_check.cpp:logos::compiler::extract_borrow_place,(cur.kind() == Code::MethodCall ||
0,1156,21,1157,45,statement,borrow_check.cpp:logos::compiler::extract_borrow_place,(cur.kind() == Code::MethodCall ||
0,1157,21,1157,45,statement,borrow_check.cpp:logos::compiler::extract_borrow_place,cur.kind() == Code::Call ||
0,1158,21,1158,51,call / statement,borrow_check.cpp:logos::compiler::extract_borrow_place,cur.kind() == Code::AddrOfTemp)) {
0,1158,54,1181,10,call / statement,borrow_check.cpp:logos::compiler::extract_borrow_place,cur.kind() == Code::AddrOfTemp)) {
0,1165,17,1165,47,if guard,borrow_check.cpp:logos::compiler::extract_borrow_place,if (cur.kind() == Code::AddrOfTemp)
0,1166,17,1166,51,statement,borrow_check.cpp:logos::compiler::extract_borrow_place,nxt = EAddrOfTempView{cur}.inner();
0,1167,18,1170,79,else-if guard,borrow_check.cpp:logos::compiler::extract_borrow_place,else if (cur.kind() == Code::MethodCall)
0,1167,22,1167,52,else-if guard,borrow_check.cpp:logos::compiler::extract_borrow_place,else if (cur.kind() == Code::MethodCall)
0,1168,17,1168,54,statement,borrow_check.cpp:logos::compiler::extract_borrow_place,nxt = EMethodCallView{cur}.receiver();
0,1170,17,1170,79,statement,borrow_check.cpp:logos::compiler::extract_borrow_place,ECallView{cur}.each_arg([&](ExprRef a) { if (!nxt) nxt = a; });
0,1170,56,1170,78,statement,borrow_check.cpp:logos::compiler::extract_borrow_place,ECallView{cur}.each_arg([&](ExprRef a) { if (!nxt) nxt = a; });
0,1170,62,1170,66,statement,borrow_check.cpp:logos::compiler::extract_borrow_place,ECallView{cur}.each_arg([&](ExprRef a) { if (!nxt) nxt = a; });
0,1170,68,1170,75,statement,borrow_check.cpp:logos::compiler::extract_borrow_place,ECallView{cur}.each_arg([&](ExprRef a) { if (!nxt) nxt = a; });
0,1171,20,1171,23,loop body,borrow_check.cpp:logos::compiler::extract_borrow_place,while (nxt && (nxt.kind() == Code::AddrOfTemp ||
0,1171,20,1172,57,loop body,borrow_check.cpp:logos::compiler::extract_borrow_place,while (nxt && (nxt.kind() == Code::AddrOfTemp ||
0,1171,27,1172,57,loop body,borrow_check.cpp:logos::compiler::extract_borrow_place,while (nxt && (nxt.kind() == Code::AddrOfTemp ||
0,1171,28,1171,58,loop body,borrow_check.cpp:logos::compiler::extract_borrow_place,while (nxt && (nxt.kind() == Code::AddrOfTemp ||
0,1172,28,1172,56,call / statement,borrow_check.cpp:logos::compiler::extract_borrow_place,nxt.kind() == Code::SliceLit)) {
0,1172,59,1176,14,call / statement,borrow_check.cpp:logos::compiler::extract_borrow_place,nxt.kind() == Code::SliceLit)) {
0,1173,23,1173,53,statement,borrow_check.cpp:logos::compiler::extract_borrow_place,nxt = nxt.kind() == Code::AddrOfTemp
0,1174,27,1174,55,statement,borrow_check.cpp:logos::compiler::extract_borrow_place,? EAddrOfTempView{nxt}.inner()
0,1175,27,1175,52,statement,borrow_check.cpp:logos::compiler::extract_borrow_place,: ESliceLitView{nxt}.base();
0,1177,17,1177,21,if guard,borrow_check.cpp:logos::compiler::extract_borrow_place,if (!nxt) break;
0,1177,23,1177,28,if guard,borrow_check.cpp:logos::compiler::extract_borrow_place,if (!nxt) break;
0,1178,13,1180,21,statement,borrow_check.cpp:logos::compiler::extract_borrow_place,path_parts.clear();
22933255,1181,16,1183,10,else branch,borrow_check.cpp:logos::compiler::extract_borrow_place,} else {
22980142,1185,5,1200,14,if guard,borrow_check.cpp:logos::compiler::extract_borrow_place,if (cur && cur.kind() == Code::VarRef) {
22980142,1185,9,1185,12,if guard,borrow_check.cpp:logos::compiler::extract_borrow_place,if (cur && cur.kind() == Code::VarRef) {
22980142,1185,9,1185,42,if guard,borrow_check.cpp:logos::compiler::extract_borrow_place,if (cur && cur.kind() == Code::VarRef) {
22980142,1185,16,1185,42,if guard,borrow_check.cpp:logos::compiler::extract_borrow_place,if (cur && cur.kind() == Code::VarRef) {
22842047,1185,44,1199,6,if guard,borrow_check.cpp:logos::compiler::extract_borrow_place,if (cur && cur.kind() == Code::VarRef) {
22842047,1194,13,1194,41,if guard,borrow_check.cpp:logos::compiler::extract_borrow_place,"if (logos::probe::on(""refwhole"") && bp.through_ref) path_parts.clear();"
22842047,1194,13,1194,59,if guard,borrow_check.cpp:logos::compiler::extract_borrow_place,"if (logos::probe::on(""refwhole"") && bp.through_ref) path_parts.clear();"
0,1194,45,1194,59,if guard,borrow_check.cpp:logos::compiler::extract_borrow_place,"if (logos::probe::on(""refwhole"") && bp.through_ref) path_parts.clear();"
0,1194,61,1194,79,if guard,borrow_check.cpp:logos::compiler::extract_borrow_place,"if (logos::probe::on(""refwhole"") && bp.through_ref) path_parts.clear();"
22936500,1195,45,1195,68,loop body,borrow_check.cpp:logos::compiler::extract_borrow_place,for (auto it = path_parts.rbegin(); it != path_parts.rend(); ++it) {
94453,1195,70,1195,74,loop body,borrow_check.cpp:logos::compiler::extract_borrow_place,for (auto it = path_parts.rbegin(); it != path_parts.rend(); ++it) {
94453,1195,76,1198,10,loop body,borrow_check.cpp:logos::compiler::extract_borrow_place,for (auto it = path_parts.rbegin(); it != path_parts.rend(); ++it) {
94453,1196,17,1196,33,if guard,borrow_check.cpp:logos::compiler::extract_borrow_place,if (!bp.path.empty()) bp.path.push_back('.');
4096,1196,35,1196,57,if guard,borrow_check.cpp:logos::compiler::extract_borrow_place,if (!bp.path.empty()) bp.path.push_back('.');
542779,1205,58,1209,2,call / statement,borrow_check.cpp:logos::compiler::merge_moves,"static void merge_moves(StateMap& base, StateMap& other) {"
2202217,1206,76,1208,6,call / statement,borrow_check.cpp:logos::compiler::merge_moves,"other.for_each([&](uint32_t slot, std::string_view name, VarState& st) {"
2202217,1207,13,1207,21,if guard,borrow_check.cpp:logos::compiler::merge_moves,"if (st.moved) base.at_id(slot, name) = st;"
4867,1207,23,1207,50,if guard,borrow_check.cpp:logos::compiler::merge_moves,"if (st.moved) base.at_id(slot, name) = st;"
677728,1238,58,1266,2,call / statement,borrow_check.cpp:logos::compiler::merge_loans,"static void merge_loans(StateMap& base, StateMap& other) {"
3363607,1239,76,1265,6,call / statement,borrow_check.cpp:logos::compiler::merge_loans,"other.for_each([&](uint32_t slot, std::string_view name, VarState& st) {"
3363607,1240,13,1240,37,if guard,borrow_check.cpp:logos::compiler::merge_loans,"if (!base.has_id(slot, name)) return;"
5133,1240,39,1240,45,if guard,borrow_check.cpp:logos::compiler::merge_loans,"if (!base.has_id(slot, name)) return;"
3358474,1241,9,1265,6,statement,borrow_check.cpp:logos::compiler::merge_loans,"auto& b = base.at_id(slot, name);"
3358474,1242,13,1242,51,if guard,borrow_check.cpp:logos::compiler::merge_loans,if (st.shared_borrows   > b.shared_borrows)   b.shared_borrows   = st.shared_borrows;
124,1242,55,1242,93,if guard,borrow_check.cpp:logos::compiler::merge_loans,if (st.shared_borrows   > b.shared_borrows)   b.shared_borrows   = st.shared_borrows;
3358474,1243,13,1243,53,if guard,borrow_check.cpp:logos::compiler::merge_loans,if (st.mut_reservations > b.mut_reservations) b.mut_reservations = st.mut_reservations;
0,1243,55,1243,95,if guard,borrow_check.cpp:logos::compiler::merge_loans,if (st.mut_reservations > b.mut_reservations) b.mut_reservations = st.mut_reservations;
3358474,1244,13,1244,28,if guard,borrow_check.cpp:logos::compiler::merge_loans,if (st.mut_borrowed) b.mut_borrowed = true;
596,1244,30,1244,51,if guard,borrow_check.cpp:logos::compiler::merge_loans,if (st.mut_borrowed) b.mut_borrowed = true;
785,1245,54,1263,10,loop body,borrow_check.cpp:logos::compiler::merge_loans,"for (auto& [p, n] : st.shared_field_borrows) {"
785,1256,17,1256,23,if guard,borrow_check.cpp:logos::compiler::merge_loans,"if (n <= 0) (void)logos::probe::on(""szw_merge_srczero"");"
426,1256,25,1256,68,if guard,borrow_check.cpp:logos::compiler::merge_loans,"if (n <= 0) (void)logos::probe::on(""szw_merge_srczero"");"
785,1259,17,1259,56,if guard,borrow_check.cpp:logos::compiler::merge_loans,if (b.shared_field_borrows.size() != szw_n0)
264,1260,17,1260,58,statement,borrow_check.cpp:logos::compiler::merge_loans,"(void)logos::probe::on(""szw_merge_fresh"");"
785,1261,17,1261,24,if guard,borrow_check.cpp:logos::compiler::merge_loans,if (n > cur) cur = n;
0,1261,26,1261,33,if guard,borrow_check.cpp:logos::compiler::merge_loans,if (n > cur) cur = n;
785,1262,17,1262,25,if guard,borrow_check.cpp:logos::compiler::merge_loans,"if (cur <= 0) (void)logos::probe::on(""szw_merge_leftzero"");"
426,1262,27,1262,71,if guard,borrow_check.cpp:logos::compiler::merge_loans,"if (cur <= 0) (void)logos::probe::on(""szw_merge_leftzero"");"
131,1264,46,1264,75,loop body,borrow_check.cpp:logos::compiler::merge_loans,for (auto& p : st.mut_field_borrows) b.mut_field_borrows.insert(p);
270211767,1275,72,1357,2,call / statement,borrow_check.cpp:logos::compiler::bc_is_borrow_carrying_type,"static bool bc_is_borrow_carrying_type(const TypeSets& ts_, TypeRef t) {"
270211767,1276,9,1276,11,if guard,borrow_check.cpp:logos::compiler::bc_is_borrow_carrying_type,if (!t) return false;
0,1276,13,1276,25,if guard,borrow_check.cpp:logos::compiler::bc_is_borrow_carrying_type,if (!t) return false;
270211767,1277,5,1357,2,statement,borrow_check.cpp:logos::compiler::bc_is_borrow_carrying_type,auto k = t.kind();
270211767,1279,9,1279,35,if guard,borrow_check.cpp:logos::compiler::bc_is_borrow_carrying_type,if (k == LogosType::Kind::Enum)                 // WAny: the niche-enum form (F3)
86001219,1280,9,1280,40,statement,borrow_check.cpp:logos::compiler::bc_is_borrow_carrying_type,nm = std::string(t.enum_name());
184210548,1281,10,1282,42,else-if guard,borrow_check.cpp:logos::compiler::bc_is_borrow_carrying_type,else if (k == LogosType::Kind::Struct || k == LogosType::Kind::ZonedStruct)
184210548,1281,14,1281,42,else-if guard,borrow_check.cpp:logos::compiler::bc_is_borrow_carrying_type,else if (k == LogosType::Kind::Struct || k == LogosType::Kind::ZonedStruct)
184210548,1281,14,1281,79,else-if guard,borrow_check.cpp:logos::compiler::bc_is_borrow_carrying_type,else if (k == LogosType::Kind::Struct || k == LogosType::Kind::ZonedStruct)
117049199,1281,46,1281,79,else-if guard,borrow_check.cpp:logos::compiler::bc_is_borrow_carrying_type,else if (k == LogosType::Kind::Struct || k == LogosType::Kind::ZonedStruct)
67165216,1282,9,1282,42,statement,borrow_check.cpp:logos::compiler::bc_is_borrow_carrying_type,nm = std::string(t.struct_name());
270211767,1332,9,1332,20,if guard,borrow_check.cpp:logos::compiler::bc_is_borrow_carrying_type,if (!nm.empty() && ts_.residency_exempt.count(nm) > 0) return false;
270211767,1332,9,1332,58,if guard,borrow_check.cpp:logos::compiler::bc_is_borrow_carrying_type,if (!nm.empty() && ts_.residency_exempt.count(nm) > 0) return false;
153166435,1332,24,1332,58,if guard,borrow_check.cpp:logos::compiler::bc_is_borrow_carrying_type,if (!nm.empty() && ts_.residency_exempt.count(nm) > 0) return false;
43921,1332,60,1332,72,if guard,borrow_check.cpp:logos::compiler::bc_is_borrow_carrying_type,if (!nm.empty() && ts_.residency_exempt.count(nm) > 0) return false;
270167846,1333,5,1357,2,if guard,borrow_check.cpp:logos::compiler::bc_is_borrow_carrying_type,if (!nm.empty() && ts_.borrow_carrying.count(nm) > 0) return true;
270167846,1333,9,1333,20,if guard,borrow_check.cpp:logos::compiler::bc_is_borrow_carrying_type,if (!nm.empty() && ts_.borrow_carrying.count(nm) > 0) return true;
270167846,1333,9,1333,57,if guard,borrow_check.cpp:logos::compiler::bc_is_borrow_carrying_type,if (!nm.empty() && ts_.borrow_carrying.count(nm) > 0) return true;
153122514,1333,24,1333,57,if guard,borrow_check.cpp:logos::compiler::bc_is_borrow_carrying_type,if (!nm.empty() && ts_.borrow_carrying.count(nm) > 0) return true;
461348,1333,59,1333,70,if guard,borrow_check.cpp:logos::compiler::bc_is_borrow_carrying_type,if (!nm.empty() && ts_.borrow_carrying.count(nm) > 0) return true;
269706498,1339,5,1357,2,loop body,borrow_check.cpp:logos::compiler::bc_is_borrow_carrying_type,for (auto a : t.type_args())
120348392,1340,9,1340,60,if guard,borrow_check.cpp:logos::compiler::bc_is_borrow_carrying_type,"if (bc_is_borrow_carrying_type(ts_, a)) return true;"
120348392,1340,13,1340,47,if guard,borrow_check.cpp:logos::compiler::bc_is_borrow_carrying_type,"if (bc_is_borrow_carrying_type(ts_, a)) return true;"
244044,1340,49,1340,60,if guard,borrow_check.cpp:logos::compiler::bc_is_borrow_carrying_type,"if (bc_is_borrow_carrying_type(ts_, a)) return true;"
269462454,1349,5,1357,2,if guard,borrow_check.cpp:logos::compiler::bc_is_borrow_carrying_type,if (k == LogosType::Kind::Tuple) {
269462454,1349,9,1349,36,if guard,borrow_check.cpp:logos::compiler::bc_is_borrow_carrying_type,if (k == LogosType::Kind::Tuple) {
1561951,1349,38,1353,6,if guard,borrow_check.cpp:logos::compiler::bc_is_borrow_carrying_type,if (k == LogosType::Kind::Tuple) {
5194821,1351,13,1351,73,if guard,borrow_check.cpp:logos::compiler::bc_is_borrow_carrying_type,"if (bc_is_borrow_carrying_type(ts_, TypeRef(e))) return true;"
5194821,1351,17,1351,60,if guard,borrow_check.cpp:logos::compiler::bc_is_borrow_carrying_type,"if (bc_is_borrow_carrying_type(ts_, TypeRef(e))) return true;"
11,1351,62,1351,73,if guard,borrow_check.cpp:logos::compiler::bc_is_borrow_carrying_type,"if (bc_is_borrow_carrying_type(ts_, TypeRef(e))) return true;"
1561940,1352,9,1352,21,early return,borrow_check.cpp:logos::compiler::bc_is_borrow_carrying_type,return false;
267900503,1354,5,1357,2,if guard,borrow_check.cpp:logos::compiler::bc_is_borrow_carrying_type,if (k == LogosType::Kind::Array || k == LogosType::Kind::Slice)
267900503,1354,9,1354,36,if guard,borrow_check.cpp:logos::compiler::bc_is_borrow_carrying_type,if (k == LogosType::Kind::Array || k == LogosType::Kind::Slice)
267900503,1354,9,1354,67,if guard,borrow_check.cpp:logos::compiler::bc_is_borrow_carrying_type,if (k == LogosType::Kind::Array || k == LogosType::Kind::Slice)
267885858,1354,40,1354,67,if guard,borrow_check.cpp:logos::compiler::bc_is_borrow_carrying_type,if (k == LogosType::Kind::Array || k == LogosType::Kind::Slice)
5945805,1355,9,1355,57,early return,borrow_check.cpp:logos::compiler::bc_is_borrow_carrying_type,"return bc_is_borrow_carrying_type(ts_, t.elem());"
261954698,1356,5,1356,17,early return,borrow_check.cpp:logos::compiler::bc_is_borrow_carrying_type,return false;
299203029,1359,67,1377,2,call / statement,borrow_check.cpp:logos::compiler::bc_loan_carrying_type,"static bool bc_loan_carrying_type(const TypeSets& ts_, TypeRef t) {"
299203029,1360,9,1360,11,if guard,borrow_check.cpp:logos::compiler::bc_loan_carrying_type,if (!t) return false;
0,1360,13,1360,25,if guard,borrow_check.cpp:logos::compiler::bc_loan_carrying_type,if (!t) return false;
299203029,1361,5,1377,2,statement,borrow_check.cpp:logos::compiler::bc_loan_carrying_type,auto k = t.kind();
299203029,1363,9,1363,35,if guard,borrow_check.cpp:logos::compiler::bc_loan_carrying_type,if (k == LogosType::Kind::Enum) nm = std::string(t.enum_name());
85062013,1363,37,1363,68,if guard,borrow_check.cpp:logos::compiler::bc_loan_carrying_type,if (k == LogosType::Kind::Enum) nm = std::string(t.enum_name());
214141016,1364,10,1365,42,else-if guard,borrow_check.cpp:logos::compiler::bc_loan_carrying_type,else if (k == LogosType::Kind::Struct || k == LogosType::Kind::ZonedStruct)
214141016,1364,14,1364,42,else-if guard,borrow_check.cpp:logos::compiler::bc_loan_carrying_type,else if (k == LogosType::Kind::Struct || k == LogosType::Kind::ZonedStruct)
214141016,1364,14,1364,79,else-if guard,borrow_check.cpp:logos::compiler::bc_loan_carrying_type,else if (k == LogosType::Kind::Struct || k == LogosType::Kind::ZonedStruct)
134944069,1364,46,1364,79,else-if guard,borrow_check.cpp:logos::compiler::bc_loan_carrying_type,else if (k == LogosType::Kind::Struct || k == LogosType::Kind::ZonedStruct)
79201977,1365,9,1365,42,statement,borrow_check.cpp:logos::compiler::bc_loan_carrying_type,nm = std::string(t.struct_name());
299203029,1366,9,1366,20,if guard,borrow_check.cpp:logos::compiler::bc_loan_carrying_type,if (!nm.empty() && ts_.loan_carrying.count(nm) > 0) return true;
299203029,1366,9,1366,55,if guard,borrow_check.cpp:logos::compiler::bc_loan_carrying_type,if (!nm.empty() && ts_.loan_carrying.count(nm) > 0) return true;
164263990,1366,24,1366,55,if guard,borrow_check.cpp:logos::compiler::bc_loan_carrying_type,if (!nm.empty() && ts_.loan_carrying.count(nm) > 0) return true;
69829,1366,57,1366,68,if guard,borrow_check.cpp:logos::compiler::bc_loan_carrying_type,if (!nm.empty() && ts_.loan_carrying.count(nm) > 0) return true;
299133200,1367,5,1377,2,loop body,borrow_check.cpp:logos::compiler::bc_loan_carrying_type,for (auto a : t.type_args())
121981898,1368,9,1368,55,if guard,borrow_check.cpp:logos::compiler::bc_loan_carrying_type,"if (bc_loan_carrying_type(ts_, a)) return true;"
121981898,1368,13,1368,42,if guard,borrow_check.cpp:logos::compiler::bc_loan_carrying_type,"if (bc_loan_carrying_type(ts_, a)) return true;"
30851,1368,44,1368,55,if guard,borrow_check.cpp:logos::compiler::bc_loan_carrying_type,"if (bc_loan_carrying_type(ts_, a)) return true;"
299102349,1369,5,1377,2,if guard,borrow_check.cpp:logos::compiler::bc_loan_carrying_type,if (k == LogosType::Kind::Tuple) {
299102349,1369,9,1369,36,if guard,borrow_check.cpp:logos::compiler::bc_loan_carrying_type,if (k == LogosType::Kind::Tuple) {
2314186,1369,38,1373,6,if guard,borrow_check.cpp:logos::compiler::bc_loan_carrying_type,if (k == LogosType::Kind::Tuple) {
7538391,1371,13,1371,68,if guard,borrow_check.cpp:logos::compiler::bc_loan_carrying_type,"if (bc_loan_carrying_type(ts_, TypeRef(e))) return true;"
7538391,1371,17,1371,55,if guard,borrow_check.cpp:logos::compiler::bc_loan_carrying_type,"if (bc_loan_carrying_type(ts_, TypeRef(e))) return true;"
6,1371,57,1371,68,if guard,borrow_check.cpp:logos::compiler::bc_loan_carrying_type,"if (bc_loan_carrying_type(ts_, TypeRef(e))) return true;"
2314180,1372,9,1372,21,early return,borrow_check.cpp:logos::compiler::bc_loan_carrying_type,return false;
296788163,1374,5,1377,2,if guard,borrow_check.cpp:logos::compiler::bc_loan_carrying_type,if (k == LogosType::Kind::Array || k == LogosType::Kind::Slice)
296788163,1374,9,1374,36,if guard,borrow_check.cpp:logos::compiler::bc_loan_carrying_type,if (k == LogosType::Kind::Array || k == LogosType::Kind::Slice)
296788163,1374,9,1374,67,if guard,borrow_check.cpp:logos::compiler::bc_loan_carrying_type,if (k == LogosType::Kind::Array || k == LogosType::Kind::Slice)
296767115,1374,40,1374,67,if guard,borrow_check.cpp:logos::compiler::bc_loan_carrying_type,if (k == LogosType::Kind::Array || k == LogosType::Kind::Slice)
7868786,1375,9,1375,52,early return,borrow_check.cpp:logos::compiler::bc_loan_carrying_type,"return bc_loan_carrying_type(ts_, t.elem());"
288919377,1376,5,1376,17,early return,borrow_check.cpp:logos::compiler::bc_loan_carrying_type,return false;
192593262,1381,67,1400,2,call / statement,borrow_check.cpp:logos::compiler::bc_holds_mut_ref_type,"static bool bc_holds_mut_ref_type(const TypeSets& ts_, TypeRef t) {"
192593262,1382,9,1382,11,if guard,borrow_check.cpp:logos::compiler::bc_holds_mut_ref_type,if (!t) return false;
0,1382,13,1382,25,if guard,borrow_check.cpp:logos::compiler::bc_holds_mut_ref_type,if (!t) return false;
192593262,1383,5,1400,2,statement,borrow_check.cpp:logos::compiler::bc_holds_mut_ref_type,auto k = t.kind();
192593262,1384,9,1384,37,if guard,borrow_check.cpp:logos::compiler::bc_holds_mut_ref_type,if (k == LogosType::Kind::MutRef) return true;
447521,1384,39,1384,50,if guard,borrow_check.cpp:logos::compiler::bc_holds_mut_ref_type,if (k == LogosType::Kind::MutRef) return true;
192145741,1385,5,1400,2,statement,borrow_check.cpp:logos::compiler::bc_holds_mut_ref_type,std::string nm;
192145741,1386,9,1386,35,if guard,borrow_check.cpp:logos::compiler::bc_holds_mut_ref_type,if (k == LogosType::Kind::Enum) nm = std::string(t.enum_name());
57787861,1386,37,1386,68,if guard,borrow_check.cpp:logos::compiler::bc_holds_mut_ref_type,if (k == LogosType::Kind::Enum) nm = std::string(t.enum_name());
134357880,1387,10,1388,42,else-if guard,borrow_check.cpp:logos::compiler::bc_holds_mut_ref_type,else if (k == LogosType::Kind::Struct || k == LogosType::Kind::ZonedStruct)
134357880,1387,14,1387,42,else-if guard,borrow_check.cpp:logos::compiler::bc_holds_mut_ref_type,else if (k == LogosType::Kind::Struct || k == LogosType::Kind::ZonedStruct)
134357880,1387,14,1387,79,else-if guard,borrow_check.cpp:logos::compiler::bc_holds_mut_ref_type,else if (k == LogosType::Kind::Struct || k == LogosType::Kind::ZonedStruct)
87628834,1387,46,1387,79,else-if guard,borrow_check.cpp:logos::compiler::bc_holds_mut_ref_type,else if (k == LogosType::Kind::Struct || k == LogosType::Kind::ZonedStruct)
46732512,1388,9,1388,42,statement,borrow_check.cpp:logos::compiler::bc_holds_mut_ref_type,nm = std::string(t.struct_name());
192145741,1389,9,1389,20,if guard,borrow_check.cpp:logos::compiler::bc_holds_mut_ref_type,if (!nm.empty() && ts_.holds_mut_ref.count(nm) > 0) return true;
192145741,1389,9,1389,55,if guard,borrow_check.cpp:logos::compiler::bc_holds_mut_ref_type,if (!nm.empty() && ts_.holds_mut_ref.count(nm) > 0) return true;
104520373,1389,24,1389,55,if guard,borrow_check.cpp:logos::compiler::bc_holds_mut_ref_type,if (!nm.empty() && ts_.holds_mut_ref.count(nm) > 0) return true;
643,1389,57,1389,68,if guard,borrow_check.cpp:logos::compiler::bc_holds_mut_ref_type,if (!nm.empty() && ts_.holds_mut_ref.count(nm) > 0) return true;
192145098,1390,5,1400,2,loop body,borrow_check.cpp:logos::compiler::bc_holds_mut_ref_type,for (auto a : t.type_args())
81661574,1391,9,1391,55,if guard,borrow_check.cpp:logos::compiler::bc_holds_mut_ref_type,"if (bc_holds_mut_ref_type(ts_, a)) return true;"
81661574,1391,13,1391,42,if guard,borrow_check.cpp:logos::compiler::bc_holds_mut_ref_type,"if (bc_holds_mut_ref_type(ts_, a)) return true;"
447434,1391,44,1391,55,if guard,borrow_check.cpp:logos::compiler::bc_holds_mut_ref_type,"if (bc_holds_mut_ref_type(ts_, a)) return true;"
191697664,1392,5,1400,2,if guard,borrow_check.cpp:logos::compiler::bc_holds_mut_ref_type,if (k == LogosType::Kind::Tuple) {
191697664,1392,9,1392,36,if guard,borrow_check.cpp:logos::compiler::bc_holds_mut_ref_type,if (k == LogosType::Kind::Tuple) {
1030635,1392,38,1396,6,if guard,borrow_check.cpp:logos::compiler::bc_holds_mut_ref_type,if (k == LogosType::Kind::Tuple) {
3279510,1394,13,1394,68,if guard,borrow_check.cpp:logos::compiler::bc_holds_mut_ref_type,"if (bc_holds_mut_ref_type(ts_, TypeRef(e))) return true;"
3279510,1394,17,1394,55,if guard,borrow_check.cpp:logos::compiler::bc_holds_mut_ref_type,"if (bc_holds_mut_ref_type(ts_, TypeRef(e))) return true;"
65,1394,57,1394,68,if guard,borrow_check.cpp:logos::compiler::bc_holds_mut_ref_type,"if (bc_holds_mut_ref_type(ts_, TypeRef(e))) return true;"
1030570,1395,9,1395,21,early return,borrow_check.cpp:logos::compiler::bc_holds_mut_ref_type,return false;
190667029,1397,5,1400,2,if guard,borrow_check.cpp:logos::compiler::bc_holds_mut_ref_type,if (k == LogosType::Kind::Array || k == LogosType::Kind::Slice)
190667029,1397,9,1397,36,if guard,borrow_check.cpp:logos::compiler::bc_holds_mut_ref_type,if (k == LogosType::Kind::Array || k == LogosType::Kind::Slice)
190667029,1397,9,1397,67,if guard,borrow_check.cpp:logos::compiler::bc_holds_mut_ref_type,if (k == LogosType::Kind::Array || k == LogosType::Kind::Slice)
190615527,1397,40,1397,67,if guard,borrow_check.cpp:logos::compiler::bc_holds_mut_ref_type,if (k == LogosType::Kind::Array || k == LogosType::Kind::Slice)
4351142,1398,9,1398,52,early return,borrow_check.cpp:logos::compiler::bc_holds_mut_ref_type,"return bc_holds_mut_ref_type(ts_, t.elem());"
186315887,1399,5,1399,17,early return,borrow_check.cpp:logos::compiler::bc_holds_mut_ref_type,return false;
201304332,1422,67,1441,2,call / statement,borrow_check.cpp:logos::compiler::bc_holds_any_ref_type,"static bool bc_holds_any_ref_type(const TypeSets& ts_, TypeRef t) {"
201304332,1423,9,1423,11,if guard,borrow_check.cpp:logos::compiler::bc_holds_any_ref_type,if (!t) return false;
0,1423,13,1423,25,if guard,borrow_check.cpp:logos::compiler::bc_holds_any_ref_type,if (!t) return false;
201304332,1424,5,1441,2,statement,borrow_check.cpp:logos::compiler::bc_holds_any_ref_type,auto k = t.kind();
201304332,1425,9,1425,23,if guard,borrow_check.cpp:logos::compiler::bc_holds_any_ref_type,if (is_ref_kind(t)) return true;
33958518,1425,25,1425,36,if guard,borrow_check.cpp:logos::compiler::bc_holds_any_ref_type,if (is_ref_kind(t)) return true;
167345814,1426,5,1441,2,statement,borrow_check.cpp:logos::compiler::bc_holds_any_ref_type,std::string nm;
167345814,1427,9,1427,35,if guard,borrow_check.cpp:logos::compiler::bc_holds_any_ref_type,if (k == LogosType::Kind::Enum) nm = std::string(t.enum_name());
59291680,1427,37,1427,68,if guard,borrow_check.cpp:logos::compiler::bc_holds_any_ref_type,if (k == LogosType::Kind::Enum) nm = std::string(t.enum_name());
108054134,1428,10,1429,42,else-if guard,borrow_check.cpp:logos::compiler::bc_holds_any_ref_type,else if (k == LogosType::Kind::Struct || k == LogosType::Kind::ZonedStruct)
108054134,1428,14,1428,42,else-if guard,borrow_check.cpp:logos::compiler::bc_holds_any_ref_type,else if (k == LogosType::Kind::Struct || k == LogosType::Kind::ZonedStruct)
108054134,1428,14,1428,79,else-if guard,borrow_check.cpp:logos::compiler::bc_holds_any_ref_type,else if (k == LogosType::Kind::Struct || k == LogosType::Kind::ZonedStruct)
57298422,1428,46,1428,79,else-if guard,borrow_check.cpp:logos::compiler::bc_holds_any_ref_type,else if (k == LogosType::Kind::Struct || k == LogosType::Kind::ZonedStruct)
50760709,1429,9,1429,42,statement,borrow_check.cpp:logos::compiler::bc_holds_any_ref_type,nm = std::string(t.struct_name());
167345814,1430,9,1430,20,if guard,borrow_check.cpp:logos::compiler::bc_holds_any_ref_type,if (!nm.empty() && ts_.holds_any_ref.count(nm) > 0) return true;
167345814,1430,9,1430,55,if guard,borrow_check.cpp:logos::compiler::bc_holds_any_ref_type,if (!nm.empty() && ts_.holds_any_ref.count(nm) > 0) return true;
110052389,1430,24,1430,55,if guard,borrow_check.cpp:logos::compiler::bc_holds_any_ref_type,if (!nm.empty() && ts_.holds_any_ref.count(nm) > 0) return true;
8486124,1430,57,1430,68,if guard,borrow_check.cpp:logos::compiler::bc_holds_any_ref_type,if (!nm.empty() && ts_.holds_any_ref.count(nm) > 0) return true;
158859690,1431,5,1441,2,loop body,borrow_check.cpp:logos::compiler::bc_holds_any_ref_type,for (auto a : t.type_args())
85078232,1432,9,1432,55,if guard,borrow_check.cpp:logos::compiler::bc_holds_any_ref_type,"if (bc_holds_any_ref_type(ts_, a)) return true;"
85078232,1432,13,1432,42,if guard,borrow_check.cpp:logos::compiler::bc_holds_any_ref_type,"if (bc_holds_any_ref_type(ts_, a)) return true;"
25143284,1432,44,1432,55,if guard,borrow_check.cpp:logos::compiler::bc_holds_any_ref_type,"if (bc_holds_any_ref_type(ts_, a)) return true;"
133716406,1433,5,1441,2,if guard,borrow_check.cpp:logos::compiler::bc_holds_any_ref_type,if (k == LogosType::Kind::Tuple) {
133716406,1433,9,1433,36,if guard,borrow_check.cpp:logos::compiler::bc_holds_any_ref_type,if (k == LogosType::Kind::Tuple) {
2469924,1433,38,1437,6,if guard,borrow_check.cpp:logos::compiler::bc_holds_any_ref_type,if (k == LogosType::Kind::Tuple) {
2962107,1435,13,1435,68,if guard,borrow_check.cpp:logos::compiler::bc_holds_any_ref_type,"if (bc_holds_any_ref_type(ts_, TypeRef(e))) return true;"
2962107,1435,17,1435,55,if guard,borrow_check.cpp:logos::compiler::bc_holds_any_ref_type,"if (bc_holds_any_ref_type(ts_, TypeRef(e))) return true;"
2119621,1435,57,1435,68,if guard,borrow_check.cpp:logos::compiler::bc_holds_any_ref_type,"if (bc_holds_any_ref_type(ts_, TypeRef(e))) return true;"
350303,1436,9,1436,21,early return,borrow_check.cpp:logos::compiler::bc_holds_any_ref_type,return false;
131246482,1438,5,1441,2,if guard,borrow_check.cpp:logos::compiler::bc_holds_any_ref_type,if (k == LogosType::Kind::Array || k == LogosType::Kind::Slice)
131246482,1438,9,1438,36,if guard,borrow_check.cpp:logos::compiler::bc_holds_any_ref_type,if (k == LogosType::Kind::Array || k == LogosType::Kind::Slice)
131246482,1438,9,1438,67,if guard,borrow_check.cpp:logos::compiler::bc_holds_any_ref_type,if (k == LogosType::Kind::Array || k == LogosType::Kind::Slice)
131241411,1438,40,1438,67,if guard,borrow_check.cpp:logos::compiler::bc_holds_any_ref_type,if (k == LogosType::Kind::Array || k == LogosType::Kind::Slice)
5071,1439,9,1439,52,early return,borrow_check.cpp:logos::compiler::bc_holds_any_ref_type,"return bc_holds_any_ref_type(ts_, t.elem());"
131241411,1440,5,1440,17,early return,borrow_check.cpp:logos::compiler::bc_holds_any_ref_type,return false;
14435,1453,58,1473,2,call / statement,borrow_check.cpp:logos::compiler::build_fn_index,static FnIndex build_fn_index(const lir::LProgram& prog) {
14962001,1457,39,1457,65,loop body,borrow_check.cpp:logos::compiler::build_fn_index,for (auto& sd : prog.structs) cnt += sd.methods().size();
73693199,1461,43,1466,6,call / statement,borrow_check.cpp:logos::compiler::build_fn_index,auto add = [&](const LFunctionPtr& f) {
73693199,1462,13,1462,15,if guard,borrow_check.cpp:logos::compiler::build_fn_index,if (!f) return;
0,1462,17,1462,23,if guard,borrow_check.cpp:logos::compiler::build_fn_index,if (!f) return;
73693199,1463,9,1466,6,statement,borrow_check.cpp:logos::compiler::build_fn_index,"idx.by_name.emplace(std::string(f.name()), f);"
73693199,1464,13,1464,37,if guard,borrow_check.cpp:logos::compiler::build_fn_index,if (!f.method_base().empty()) idx.by_base[std::string(f.method_base())].push_back(f);
73693180,1464,39,1464,93,if guard,borrow_check.cpp:logos::compiler::build_fn_index,if (!f.method_base().empty()) idx.by_base[std::string(f.method_base())].push_back(f);
38403212,1467,43,1467,49,loop body,borrow_check.cpp:logos::compiler::build_fn_index,for (auto& f  : prog.functions)       add(f);
10,1468,43,1468,49,loop body,borrow_check.cpp:logos::compiler::build_fn_index,for (auto& f  : prog.specializations) add(f);
14962001,1469,35,1469,92,loop body,borrow_check.cpp:logos::compiler::build_fn_index,for (auto& sd : prog.structs) sd.each_method([&](lir_view::FunctionView m) { add(m); });
35289977,1469,80,1469,91,loop body,borrow_check.cpp:logos::compiler::build_fn_index,for (auto& sd : prog.structs) sd.each_method([&](lir_view::FunctionView m) { add(m); });
63012157,1520,24,1520,46,statement,logos::compiler::RefGraph::empty,bool empty() const { return e_.empty(); }
48884135,1521,18,1521,33,statement,logos::compiler::RefGraph::clear,void clear() { e_.clear(); }
15378468,1522,70,1525,6,statement,logos::compiler::RefGraph::find,const std::vector<std::string>* find(const std::string& p) const {
15378468,1524,16,1524,30,early return,logos::compiler::RefGraph::find,return it == e_.end() ? nullptr : &it->second;
15042751,1524,33,1524,40,early return,logos::compiler::RefGraph::find,return it == e_.end() ? nullptr : &it->second;
335717,1524,43,1524,54,early return,logos::compiler::RefGraph::find,return it == e_.end() ? nullptr : &it->second;
5528501,1528,64,1532,6,call / statement,logos::compiler::RefGraph::set,"void set(const std::string& p, std::vector<std::string> s) {"
5528501,1530,13,1530,22,if guard,logos::compiler::RefGraph::set,if (s.empty()) e_.erase(p);
5320272,1530,24,1530,35,if guard,logos::compiler::RefGraph::set,if (s.empty()) e_.erase(p);
208229,1531,24,1531,44,else branch,logos::compiler::RefGraph::set,else           e_[p] = std::move(s);
626366,1534,58,1538,6,call / statement,logos::compiler::RefGraph::add,"void add(const std::string& p, const std::string& s) {"
626366,1535,13,1535,22,if guard,logos::compiler::RefGraph::add,if (p.empty() || s.empty() || s == p) return;
626366,1535,13,1535,35,if guard,logos::compiler::RefGraph::add,if (p.empty() || s.empty() || s == p) return;
626366,1535,13,1535,45,if guard,logos::compiler::RefGraph::add,if (p.empty() || s.empty() || s == p) return;
626366,1535,26,1535,35,if guard,logos::compiler::RefGraph::add,if (p.empty() || s.empty() || s == p) return;
626366,1535,39,1535,45,if guard,logos::compiler::RefGraph::add,if (p.empty() || s.empty() || s == p) return;
120,1535,47,1535,53,if guard,logos::compiler::RefGraph::add,if (p.empty() || s.empty() || s == p) return;
626246,1536,9,1538,6,statement,logos::compiler::RefGraph::add,auto& v = e_[p];
626246,1537,13,1537,56,if guard,logos::compiler::RefGraph::add,"if (std::find(v.begin(), v.end(), s) == v.end()) v.push_back(s);"
309364,1537,58,1537,72,if guard,logos::compiler::RefGraph::add,"if (std::find(v.begin(), v.end(), s) == v.end()) v.push_back(s);"
0,1539,38,1539,54,statement,logos::compiler::RefGraph::erase,void erase(const std::string& p) { e_.erase(p); }
7686,1544,78,1551,6,statement,void logos::compiler::RefGraph::each_under,"template <class F> void each_under(const std::string& root, F&& f) const {"
7686,1545,13,1545,25,if guard,void logos::compiler::RefGraph::each_under,if (root.empty()) return;
0,1545,27,1545,33,if guard,void logos::compiler::RefGraph::each_under,if (root.empty()) return;
7686,1546,9,1551,6,statement,void logos::compiler::RefGraph::each_under,"std::string pfx = root + ""."";"
22515,1547,33,1550,10,loop body,void logos::compiler::RefGraph::each_under,"for (auto& [k, v] : e_) {"
22515,1549,17,1549,38,if guard,void logos::compiler::RefGraph::each_under,"if (k.size() > pfx.size() && k.compare(0, pfx.size(), pfx) == 0) f(k);"
22515,1549,17,1549,76,if guard,void logos::compiler::RefGraph::each_under,"if (k.size() > pfx.size() && k.compare(0, pfx.size(), pfx) == 0) f(k);"
2665,1549,42,1549,76,if guard,void logos::compiler::RefGraph::each_under,"if (k.size() > pfx.size() && k.compare(0, pfx.size(), pfx) == 0) f(k);"
22,1549,78,1549,82,if guard,void logos::compiler::RefGraph::each_under,"if (k.size() > pfx.size() && k.compare(0, pfx.size(), pfx) == 0) f(k);"
5527726,1554,47,1560,6,call / statement,logos::compiler::RefGraph::erase_under,void erase_under(const std::string& root) {
6347414,1556,36,1556,50,loop body,logos::compiler::RefGraph::erase_under,for (auto it = e_.begin(); it != e_.end(); )
819688,1557,13,1559,22,if guard,logos::compiler::RefGraph::erase_under,if (it->first.size() > pfx.size() &&
819688,1557,17,1557,46,if guard,logos::compiler::RefGraph::erase_under,if (it->first.size() > pfx.size() &&
819688,1557,17,1558,59,if guard,logos::compiler::RefGraph::erase_under,if (it->first.size() > pfx.size() &&
194806,1558,17,1558,59,statement,logos::compiler::RefGraph::erase_under,"it->first.compare(0, pfx.size(), pfx) == 0) it = e_.erase(it);"
5159,1558,61,1558,78,statement,logos::compiler::RefGraph::erase_under,"it->first.compare(0, pfx.size(), pfx) == 0) it = e_.erase(it);"
814529,1559,18,1559,22,else branch,logos::compiler::RefGraph::erase_under,else ++it;
7672898,1565,78,1577,6,statement,void logos::compiler::RefGraph::each_root,"template <class F> void each_root(const std::string& start, F&& f) const {"
7672898,1566,13,1566,26,if guard,void logos::compiler::RefGraph::each_root,if (start.empty()) return;
0,1566,28,1566,34,if guard,void logos::compiler::RefGraph::each_root,if (start.empty()) return;
7672898,1567,9,1577,6,if guard,void logos::compiler::RefGraph::each_root,if (e_.empty()) { f(start); return; }
7672898,1567,13,1567,23,if guard,void logos::compiler::RefGraph::each_root,if (e_.empty()) { f(start); return; }
5216772,1567,25,1567,46,if guard,void logos::compiler::RefGraph::each_root,if (e_.empty()) { f(start); return; }
2456126,1568,9,1577,6,statement,void logos::compiler::RefGraph::each_root,"std::vector<std::string> stack{start}, seen;"
5088503,1569,16,1569,30,loop body,void logos::compiler::RefGraph::each_root,while (!stack.empty()) {
2632377,1569,32,1576,10,loop body,void logos::compiler::RefGraph::each_root,while (!stack.empty()) {
2632377,1572,17,1572,69,if guard,void logos::compiler::RefGraph::each_root,"if (std::find(seen.begin(), seen.end(), n) != seen.end()) continue;"
578,1572,71,1572,79,if guard,void logos::compiler::RefGraph::each_root,"if (std::find(seen.begin(), seen.end(), n) != seen.end()) continue;"
2631799,1573,13,1576,10,statement,void logos::compiler::RefGraph::each_root,seen.push_back(n);
2631799,1575,23,1575,24,if guard,void logos::compiler::RefGraph::each_root,if (auto* v = find(n)) for (auto& r : *v) stack.push_back(r);
168422,1575,36,1575,73,if guard,void logos::compiler::RefGraph::each_root,if (auto* v = find(n)) for (auto& r : *v) stack.push_back(r);
176251,1575,55,1575,73,if guard,void logos::compiler::RefGraph::each_root,if (auto* v = find(n)) for (auto& r : *v) stack.push_back(r);
39070037,1592,84,1611,6,statement,void logos::compiler::RefGraph::each_root_place,"template <class F> void each_root_place(const std::string& start, F&& f) const {"
39070037,1593,13,1593,26,if guard,void logos::compiler::RefGraph::each_root_place,if (start.empty()) return;
0,1593,28,1593,34,if guard,void logos::compiler::RefGraph::each_root_place,if (start.empty()) return;
39070037,1594,9,1611,6,if guard,void logos::compiler::RefGraph::each_root_place,if (e_.empty()) { f(start); return; }
39070037,1594,13,1594,23,if guard,void logos::compiler::RefGraph::each_root_place,if (e_.empty()) { f(start); return; }
37503722,1594,25,1594,46,if guard,void logos::compiler::RefGraph::each_root_place,if (e_.empty()) { f(start); return; }
1566315,1595,9,1611,6,statement,void logos::compiler::RefGraph::each_root_place,"std::vector<std::string> stack{start}, seen;"
3285409,1596,16,1596,30,loop body,void logos::compiler::RefGraph::each_root_place,while (!stack.empty()) {
1719095,1596,32,1610,10,loop body,void logos::compiler::RefGraph::each_root_place,while (!stack.empty()) {
1719095,1599,17,1599,69,if guard,void logos::compiler::RefGraph::each_root_place,"if (std::find(seen.begin(), seen.end(), n) != seen.end()) continue;"
0,1599,71,1599,79,if guard,void logos::compiler::RefGraph::each_root_place,"if (std::find(seen.begin(), seen.end(), n) != seen.end()) continue;"
1719095,1600,13,1610,10,if guard,void logos::compiler::RefGraph::each_root_place,"if (seen.size() > 512) break;          // bound, as elsewhere here"
1719095,1600,17,1600,34,if guard,void logos::compiler::RefGraph::each_root_place,"if (seen.size() > 512) break;          // bound, as elsewhere here"
1,1600,36,1600,41,if guard,void logos::compiler::RefGraph::each_root_place,"if (seen.size() > 512) break;          // bound, as elsewhere here"
1719094,1601,13,1610,10,statement,void logos::compiler::RefGraph::each_root_place,seen.push_back(n);
1719094,1603,23,1603,24,if guard,void logos::compiler::RefGraph::each_root_place,if (auto* v = find(n)) for (auto& r : *v) stack.push_back(r);
152146,1603,36,1603,73,if guard,void logos::compiler::RefGraph::each_root_place,if (auto* v = find(n)) for (auto& r : *v) stack.push_back(r);
152200,1603,55,1603,73,if guard,void logos::compiler::RefGraph::each_root_place,if (auto* v = find(n)) for (auto& r : *v) stack.push_back(r);
1983397,1604,42,1604,64,loop body,void logos::compiler::RefGraph::each_root_place,for (size_t d = n.find('.'); d != std::string::npos;
264303,1605,18,1605,40,call / statement,void logos::compiler::RefGraph::each_root_place,"d = n.find('.', d + 1)) {"
264303,1605,42,1609,14,call / statement,void logos::compiler::RefGraph::each_root_place,"d = n.find('.', d + 1)) {"
264303,1607,27,1607,28,if guard,void logos::compiler::RefGraph::each_root_place,if (auto* v = find(pre))
581,1608,21,1608,64,loop body,void logos::compiler::RefGraph::each_root_place,for (auto& r : *v) stack.push_back(r + suf);
581,1608,40,1608,64,loop body,void logos::compiler::RefGraph::each_root_place,for (auto& r : *v) stack.push_back(r + suf);
1852103,1616,49,1626,6,statement,logos::compiler::RefGraph::endpoint,std::string endpoint(std::string cur) const {
1859540,1618,16,1618,28,loop body,logos::compiler::RefGraph::endpoint,while (!cur.empty()) {
1647931,1618,30,1624,10,loop body,logos::compiler::RefGraph::endpoint,while (!cur.empty()) {
1647931,1619,17,1619,71,if guard,logos::compiler::RefGraph::endpoint,"if (std::find(seen.begin(), seen.end(), cur) != seen.end()) break;"
30,1619,73,1619,78,if guard,logos::compiler::RefGraph::endpoint,"if (std::find(seen.begin(), seen.end(), cur) != seen.end()) break;"
1647901,1620,13,1624,10,statement,logos::compiler::RefGraph::endpoint,seen.push_back(cur);
1647901,1622,17,1622,19,if guard,logos::compiler::RefGraph::endpoint,if (!v || v->empty() || v->front() == cur) break;
1647901,1622,17,1622,33,if guard,logos::compiler::RefGraph::endpoint,if (!v || v->empty() || v->front() == cur) break;
1647901,1622,17,1622,54,if guard,logos::compiler::RefGraph::endpoint,if (!v || v->empty() || v->front() == cur) break;
7437,1622,23,1622,33,if guard,logos::compiler::RefGraph::endpoint,if (!v || v->empty() || v->front() == cur) break;
7437,1622,37,1622,54,if guard,logos::compiler::RefGraph::endpoint,if (!v || v->empty() || v->front() == cur) break;
1640464,1622,56,1622,61,if guard,logos::compiler::RefGraph::endpoint,if (!v || v->empty() || v->front() == cur) break;
7437,1623,13,1624,10,statement,logos::compiler::RefGraph::endpoint,cur = v->front();
1895043,1631,57,1634,2,call / statement,borrow_check.cpp:logos::compiler::ref_place_root,static std::string ref_place_root(const std::string& p) {
1895043,1633,12,1633,34,early return,borrow_check.cpp:logos::compiler::ref_place_root,"return d == std::string::npos ? p : p.substr(0, d);"
1656672,1633,37,1633,38,early return,borrow_check.cpp:logos::compiler::ref_place_root,"return d == std::string::npos ? p : p.substr(0, d);"
238371,1633,41,1633,55,early return,borrow_check.cpp:logos::compiler::ref_place_root,"return d == std::string::npos ? p : p.substr(0, d);"
28310599,1654,77,1809,2,call / statement,borrow_check.cpp:logos::compiler::ref_source_places,"std::vector<std::string>& out, int depth = 0) {"
28310599,1657,9,1657,13,if guard,borrow_check.cpp:logos::compiler::ref_source_places,if (!val || depth > 8) return;
28310599,1657,9,1657,26,if guard,borrow_check.cpp:logos::compiler::ref_source_places,if (!val || depth > 8) return;
28309386,1657,17,1657,26,if guard,borrow_check.cpp:logos::compiler::ref_source_places,if (!val || depth > 8) return;
1222,1657,28,1657,34,if guard,borrow_check.cpp:logos::compiler::ref_source_places,if (!val || depth > 8) return;
28309377,1658,5,1809,2,call / statement,borrow_check.cpp:logos::compiler::ref_source_places,switch (val.kind()) {
85771,1659,9,1662,19,switch arm,borrow_check.cpp:logos::compiler::ref_source_places,case Code::AddrOf: {
85771,1661,17,1661,27,if guard,borrow_check.cpp:logos::compiler::ref_source_places,if (!n.empty()) out.push_back(std::move(n));
85771,1661,29,1661,56,if guard,borrow_check.cpp:logos::compiler::ref_source_places,if (!n.empty()) out.push_back(std::move(n));
235745,1664,9,1666,19,switch arm,borrow_check.cpp:logos::compiler::ref_source_places,case Code::AddrOfTemp:
724,1678,9,1680,19,switch arm,borrow_check.cpp:logos::compiler::ref_source_places,case Code::SliceLit:
62638,1681,9,1683,19,switch arm,borrow_check.cpp:logos::compiler::ref_source_places,case Code::Cast:
3910,1684,9,1687,19,switch arm,borrow_check.cpp:logos::compiler::ref_source_places,case Code::IfExpr:
63016,1688,9,1690,19,switch arm,borrow_check.cpp:logos::compiler::ref_source_places,case Code::BlockExpr:
4369,1710,9,1714,19,switch arm,borrow_check.cpp:logos::compiler::ref_source_places,case Code::MatchExpr:
8778,1711,64,1713,14,call / statement,borrow_check.cpp:logos::compiler::ref_source_places,EMatchExprView{val}.each_arm([&](EMatchArmRef arm) {
0,1723,9,1725,19,switch arm,borrow_check.cpp:logos::compiler::ref_source_places,case Code::Try:
7885,1732,9,1736,19,switch arm,borrow_check.cpp:logos::compiler::ref_source_places,case Code::ArrLit:
46839,1733,56,1735,14,call / statement,borrow_check.cpp:logos::compiler::ref_source_places,EArrLitView{val}.each_elem([&](ExprRef ev) {
27845319,1737,9,1737,23,switch arm,borrow_check.cpp:logos::compiler::ref_source_places,default: break;
27845319,1739,5,1809,2,call / statement,borrow_check.cpp:logos::compiler::ref_source_places,auto is_rawptr = [&](ExprRef r) {
292428,1739,37,1741,6,call / statement,borrow_check.cpp:logos::compiler::ref_source_places,auto is_rawptr = [&](ExprRef r) {
292428,1740,16,1740,17,early return,borrow_check.cpp:logos::compiler::ref_source_places,return r && r.type(pool) && r.type(pool).kind() == LogosType::Kind::Ptr;
292428,1740,16,1740,33,early return,borrow_check.cpp:logos::compiler::ref_source_places,return r && r.type(pool) && r.type(pool).kind() == LogosType::Kind::Ptr;
292428,1740,21,1740,33,early return,borrow_check.cpp:logos::compiler::ref_source_places,return r && r.type(pool) && r.type(pool).kind() == LogosType::Kind::Ptr;
292428,1740,37,1740,80,early return,borrow_check.cpp:logos::compiler::ref_source_places,return r && r.type(pool) && r.type(pool).kind() == LogosType::Kind::Ptr;
28024279,1745,12,1745,15,loop body,borrow_check.cpp:logos::compiler::ref_source_places,while (cur) {
28024279,1745,17,1802,6,loop body,borrow_check.cpp:logos::compiler::ref_source_places,while (cur) {
28024279,1747,13,1747,33,if guard,borrow_check.cpp:logos::compiler::ref_source_places,if (k == Code::FieldRead) {
160110,1747,35,1752,10,if guard,borrow_check.cpp:logos::compiler::ref_source_places,if (k == Code::FieldRead) {
160110,1749,17,1749,29,if guard,borrow_check.cpp:logos::compiler::ref_source_places,if (is_rawptr(r)) return;
40882,1749,31,1749,37,if guard,borrow_check.cpp:logos::compiler::ref_source_places,if (is_rawptr(r)) return;
119228,1750,13,1751,30,if guard,borrow_check.cpp:logos::compiler::ref_source_places,if (path_ok) fields.emplace_back(EFieldReadView{cur}.field());
119228,1750,17,1750,24,if guard,borrow_check.cpp:logos::compiler::ref_source_places,if (path_ok) fields.emplace_back(EFieldReadView{cur}.field());
119228,1750,26,1750,74,if guard,borrow_check.cpp:logos::compiler::ref_source_places,if (path_ok) fields.emplace_back(EFieldReadView{cur}.field());
27864169,1765,9,1802,6,if guard,borrow_check.cpp:logos::compiler::ref_source_places,if (k == Code::TupleIndex) {
27864169,1765,13,1765,34,if guard,borrow_check.cpp:logos::compiler::ref_source_places,if (k == Code::TupleIndex) {
15377,1765,36,1771,10,if guard,borrow_check.cpp:logos::compiler::ref_source_places,if (k == Code::TupleIndex) {
15377,1767,17,1767,29,if guard,borrow_check.cpp:logos::compiler::ref_source_places,if (is_rawptr(r)) return;
0,1767,31,1767,37,if guard,borrow_check.cpp:logos::compiler::ref_source_places,if (is_rawptr(r)) return;
15377,1768,13,1770,30,if guard,borrow_check.cpp:logos::compiler::ref_source_places,if (path_ok)
15377,1768,17,1768,24,if guard,borrow_check.cpp:logos::compiler::ref_source_places,if (path_ok)
15377,1769,17,1769,82,statement,borrow_check.cpp:logos::compiler::ref_source_places,fields.emplace_back(std::to_string(ETupleIndexView{cur}.index()));
27848792,1786,9,1802,6,if guard,borrow_check.cpp:logos::compiler::ref_source_places,if (k == Code::IndexRead) {
27848792,1786,13,1786,33,if guard,borrow_check.cpp:logos::compiler::ref_source_places,if (k == Code::IndexRead) {
75647,1786,35,1790,10,if guard,borrow_check.cpp:logos::compiler::ref_source_places,if (k == Code::IndexRead) {
75647,1788,17,1788,29,if guard,borrow_check.cpp:logos::compiler::ref_source_places,if (is_rawptr(r)) return;
61800,1788,31,1788,37,if guard,borrow_check.cpp:logos::compiler::ref_source_places,if (is_rawptr(r)) return;
13847,1789,13,1789,30,statement,borrow_check.cpp:logos::compiler::ref_source_places,cur = r; continue;
27773145,1791,9,1802,6,if guard,borrow_check.cpp:logos::compiler::ref_source_places,if (k == Code::SliceIndex) {
27773145,1791,13,1791,34,if guard,borrow_check.cpp:logos::compiler::ref_source_places,if (k == Code::SliceIndex) {
24858,1791,36,1795,10,if guard,borrow_check.cpp:logos::compiler::ref_source_places,if (k == Code::SliceIndex) {
24858,1793,17,1793,29,if guard,borrow_check.cpp:logos::compiler::ref_source_places,if (is_rawptr(s)) return;
0,1793,31,1793,37,if guard,borrow_check.cpp:logos::compiler::ref_source_places,if (is_rawptr(s)) return;
24858,1794,13,1794,30,statement,borrow_check.cpp:logos::compiler::ref_source_places,cur = s; continue;
27748287,1796,9,1802,6,if guard,borrow_check.cpp:logos::compiler::ref_source_places,if (k == Code::Deref) {
27748287,1796,13,1796,29,if guard,borrow_check.cpp:logos::compiler::ref_source_places,if (k == Code::Deref) {
16436,1796,31,1800,10,if guard,borrow_check.cpp:logos::compiler::ref_source_places,if (k == Code::Deref) {
16436,1798,17,1798,30,if guard,borrow_check.cpp:logos::compiler::ref_source_places,if (is_rawptr(op)) return;      // raw deref — unchecked
10786,1798,32,1798,38,if guard,borrow_check.cpp:logos::compiler::ref_source_places,if (is_rawptr(op)) return;      // raw deref — unchecked
5650,1799,13,1799,31,statement,borrow_check.cpp:logos::compiler::ref_source_places,cur = op; continue;
27731851,1801,9,1801,14,loop exit,borrow_check.cpp:logos::compiler::ref_source_places,break;
27731851,1803,5,1809,2,if guard,borrow_check.cpp:logos::compiler::ref_source_places,if (!cur || cur.kind() != Code::VarRef) return;
27731851,1803,9,1803,13,if guard,borrow_check.cpp:logos::compiler::ref_source_places,if (!cur || cur.kind() != Code::VarRef) return;
27731851,1803,9,1803,43,if guard,borrow_check.cpp:logos::compiler::ref_source_places,if (!cur || cur.kind() != Code::VarRef) return;
27731851,1803,17,1803,43,if guard,borrow_check.cpp:logos::compiler::ref_source_places,if (!cur || cur.kind() != Code::VarRef) return;
3974508,1803,45,1803,51,if guard,borrow_check.cpp:logos::compiler::ref_source_places,if (!cur || cur.kind() != Code::VarRef) return;
23757343,1804,5,1809,2,statement,borrow_check.cpp:logos::compiler::ref_source_places,std::string p(EVarRefView{cur}.name());
23757343,1805,9,1805,18,if guard,borrow_check.cpp:logos::compiler::ref_source_places,if (p.empty()) return;
0,1805,20,1805,26,if guard,borrow_check.cpp:logos::compiler::ref_source_places,if (p.empty()) return;
23757343,1806,5,1809,2,if guard,borrow_check.cpp:logos::compiler::ref_source_places,if (path_ok)
23757343,1806,9,1806,16,if guard,borrow_check.cpp:logos::compiler::ref_source_places,if (path_ok)
23757343,1807,9,1807,91,loop body,borrow_check.cpp:logos::compiler::ref_source_places,for (auto it = fields.rbegin(); it != fields.rend(); ++it) { p += '.'; p += *it; }
23888717,1807,41,1807,60,loop body,borrow_check.cpp:logos::compiler::ref_source_places,for (auto it = fields.rbegin(); it != fields.rend(); ++it) { p += '.'; p += *it; }
131374,1807,62,1807,66,loop body,borrow_check.cpp:logos::compiler::ref_source_places,for (auto it = fields.rbegin(); it != fields.rend(); ++it) { p += '.'; p += *it; }
131374,1807,68,1807,91,loop body,borrow_check.cpp:logos::compiler::ref_source_places,for (auto it = fields.rbegin(); it != fields.rend(); ++it) { p += '.'; p += *it; }
32296196,1834,56,1879,2,call / statement,borrow_check.cpp:void logos::compiler::each_ref_store,"Sink&& sink, int depth = 0) {"
32296196,1836,9,1836,21,if guard,borrow_check.cpp:void logos::compiler::each_ref_store,if (dest.empty() || !val || depth > 8) return;
32296196,1836,9,1836,29,if guard,borrow_check.cpp:void logos::compiler::each_ref_store,if (dest.empty() || !val || depth > 8) return;
32296196,1836,9,1836,42,if guard,borrow_check.cpp:void logos::compiler::each_ref_store,if (dest.empty() || !val || depth > 8) return;
32296196,1836,25,1836,29,if guard,borrow_check.cpp:void logos::compiler::each_ref_store,if (dest.empty() || !val || depth > 8) return;
32296196,1836,33,1836,42,if guard,borrow_check.cpp:void logos::compiler::each_ref_store,if (dest.empty() || !val || depth > 8) return;
0,1836,44,1836,50,if guard,borrow_check.cpp:void logos::compiler::each_ref_store,if (dest.empty() || !val || depth > 8) return;
32296196,1837,5,1879,2,statement,borrow_check.cpp:void logos::compiler::each_ref_store,"sink(dest, val);"
32296196,1838,9,1838,38,if guard,borrow_check.cpp:void logos::compiler::each_ref_store,if (val.kind() == Code::StructLit) {
84343,1838,40,1845,6,if guard,borrow_check.cpp:void logos::compiler::each_ref_store,if (val.kind() == Code::StructLit) {
256808,1840,63,1843,14,statement,borrow_check.cpp:void logos::compiler::each_ref_store,"[&](std::string_view fname, lir_view::ExprRef fv) {"
256808,1841,21,1841,35,if guard,borrow_check.cpp:void logos::compiler::each_ref_store,if (!fname.empty())
256808,1842,21,1842,89,statement,borrow_check.cpp:void logos::compiler::each_ref_store,"each_ref_store(dest + ""."" + std::string(fname), fv, sink, depth + 1);"
32211853,1863,5,1879,2,if guard,borrow_check.cpp:void logos::compiler::each_ref_store,if (val.kind() == Code::TupleLit) {
32211853,1863,9,1863,37,if guard,borrow_check.cpp:void logos::compiler::each_ref_store,if (val.kind() == Code::TupleLit) {
28382,1863,39,1870,6,if guard,borrow_check.cpp:void logos::compiler::each_ref_store,if (val.kind() == Code::TupleLit) {
43629,1866,39,1868,14,statement,borrow_check.cpp:void logos::compiler::each_ref_store,[&](lir_view::ExprRef ev) {
32183471,1871,5,1879,2,if guard,borrow_check.cpp:void logos::compiler::each_ref_store,if (val.kind() == Code::EnumLitData) {
32183471,1871,9,1871,40,if guard,borrow_check.cpp:void logos::compiler::each_ref_store,if (val.kind() == Code::EnumLitData) {
5736443,1871,42,1878,6,if guard,borrow_check.cpp:void logos::compiler::each_ref_store,if (val.kind() == Code::EnumLitData) {
5736953,1874,39,1876,14,statement,borrow_check.cpp:void logos::compiler::each_ref_store,[&](lir_view::ExprRef pv) {
12988682,1884,48,1894,2,call / statement,borrow_check.cpp:void logos::compiler::each_nested_ref_store,Sink&& sink) {
12988682,1885,9,1885,21,if guard,borrow_check.cpp:void logos::compiler::each_nested_ref_store,if (dest.empty() || !val) return;
12988682,1885,9,1885,29,if guard,borrow_check.cpp:void logos::compiler::each_nested_ref_store,if (dest.empty() || !val) return;
12988682,1885,25,1885,29,if guard,borrow_check.cpp:void logos::compiler::each_nested_ref_store,if (dest.empty() || !val) return;
117,1885,31,1885,37,if guard,borrow_check.cpp:void logos::compiler::each_nested_ref_store,if (dest.empty() || !val) return;
12988565,1890,5,1894,2,statement,borrow_check.cpp:void logos::compiler::each_nested_ref_store,"each_ref_store(dest, val,"
16083392,1891,60,1893,10,statement,borrow_check.cpp:void logos::compiler::each_nested_ref_store,"[&](const std::string& place, lir_view::ExprRef v) {"
16083392,1892,17,1892,30,if guard,borrow_check.cpp:void logos::compiler::each_nested_ref_store,"if (place != dest) sink(place, v);"
3094827,1892,32,1892,46,if guard,borrow_check.cpp:void logos::compiler::each_nested_ref_store,"if (place != dest) sink(place, v);"
82612027,1916,62,1918,6,call / statement,logos::compiler::BorrowChecker::var_find,"VarState* var_find(uint32_t slot, std::string_view name) {"
0,1919,74,1921,6,statement,logos::compiler::BorrowChecker::var_find,"const VarState* var_find(uint32_t slot, std::string_view name) const {"
14998197,1922,62,1924,6,statement,logos::compiler::BorrowChecker::var_has,"bool var_has(uint32_t slot, std::string_view name) const {"
36224960,1925,60,1927,6,call / statement,logos::compiler::BorrowChecker::var_at,"VarState& var_at(uint32_t slot, std::string_view name) {"
35553709,1928,58,1930,6,call / statement,logos::compiler::BorrowChecker::var_erase,"void var_erase(uint32_t slot, std::string_view name) {"
173050739,2183,47,2196,6,call / statement,logos::compiler::BorrowChecker::stmt_point,uint64_t stmt_point(lir_view::StmtRef sr) {
173050739,2184,13,2184,16,if guard,logos::compiler::BorrowChecker::stmt_point,if (!sr) return 0;
0,2184,18,2184,26,if guard,logos::compiler::BorrowChecker::stmt_point,if (!sr) return 0;
173050739,2185,9,2196,6,statement,logos::compiler::BorrowChecker::stmt_point,const void* k = sr.addr();
173050739,2186,41,2186,61,if guard,logos::compiler::BorrowChecker::stmt_point,if (auto it = stmt_pt_.find(k); it != stmt_pt_.end()) return it->second;
130029846,2186,63,2186,80,if guard,logos::compiler::BorrowChecker::stmt_point,if (auto it = stmt_pt_.find(k); it != stmt_pt_.end()) return it->second;
43020893,2187,9,2195,18,statement,logos::compiler::BorrowChecker::stmt_point,uint32_t ln  = lir_view::stmt_line(sr);
43020893,2192,13,2192,28,if guard,logos::compiler::BorrowChecker::stmt_point,if (nx < PT_ORD_MAX) ++nx;
43020893,2192,30,2192,34,if guard,logos::compiler::BorrowChecker::stmt_point,if (nx < PT_ORD_MAX) ++nx;
5706,2225,52,2231,6,call / statement,logos::compiler::BorrowChecker::loop_target,LoopFrame* loop_target(std::string_view label) {
5706,2226,13,2226,32,if guard,logos::compiler::BorrowChecker::loop_target,if (loop_stack_.empty()) return nullptr;
0,2226,34,2226,48,if guard,logos::compiler::BorrowChecker::loop_target,if (loop_stack_.empty()) return nullptr;
5706,2227,9,2231,6,if guard,logos::compiler::BorrowChecker::loop_target,if (label.empty()) return &loop_stack_.back();
5706,2227,13,2227,26,if guard,logos::compiler::BorrowChecker::loop_target,if (label.empty()) return &loop_stack_.back();
5456,2227,28,2227,54,if guard,logos::compiler::BorrowChecker::loop_target,if (label.empty()) return &loop_stack_.back();
250,2228,9,2231,6,loop body,logos::compiler::BorrowChecker::loop_target,for (auto it = loop_stack_.rbegin(); it != loop_stack_.rend(); ++it)
478,2228,46,2228,70,loop body,logos::compiler::BorrowChecker::loop_target,for (auto it = loop_stack_.rbegin(); it != loop_stack_.rend(); ++it)
228,2228,72,2228,76,loop body,logos::compiler::BorrowChecker::loop_target,for (auto it = loop_stack_.rbegin(); it != loop_stack_.rend(); ++it)
478,2229,13,2229,48,if guard,logos::compiler::BorrowChecker::loop_target,if (it->label == label) return &*it;
478,2229,17,2229,35,if guard,logos::compiler::BorrowChecker::loop_target,if (it->label == label) return &*it;
250,2229,37,2229,48,if guard,logos::compiler::BorrowChecker::loop_target,if (it->label == label) return &*it;
0,2230,9,2230,35,early return,logos::compiler::BorrowChecker::loop_target,return &loop_stack_.back();
110423,2234,83,2238,6,call / statement,logos::compiler::BorrowChecker::loop_propagate_moves,"void loop_propagate_moves(StateMap& dst, StateMap& src, const StateMap& base) {"
985033,2235,78,2237,10,call / statement,logos::compiler::BorrowChecker::loop_propagate_moves,"src.for_each([&](uint32_t slot, std::string_view name, VarState& st) {"
985033,2236,17,2236,25,if guard,logos::compiler::BorrowChecker::loop_propagate_moves,"if (st.moved && base.has_id(slot, name)) dst.at_id(slot, name) = st;"
985033,2236,17,2236,52,if guard,logos::compiler::BorrowChecker::loop_propagate_moves,"if (st.moved && base.has_id(slot, name)) dst.at_id(slot, name) = st;"
8544,2236,29,2236,52,if guard,logos::compiler::BorrowChecker::loop_propagate_moves,"if (st.moved && base.has_id(slot, name)) dst.at_id(slot, name) = st;"
8544,2236,54,2236,80,if guard,logos::compiler::BorrowChecker::loop_propagate_moves,"if (st.moved && base.has_id(slot, name)) dst.at_id(slot, name) = st;"
5706,2262,65,2334,6,statement,logos::compiler::BorrowChecker::loop_exit_snapshot,StateMap loop_exit_snapshot(size_t outer_scope_count) const {
5706,2264,13,2264,48,if guard,logos::compiler::BorrowChecker::loop_exit_snapshot,if (scopes_.size() <= outer_scope_count) return snap;
0,2264,50,2264,61,if guard,logos::compiler::BorrowChecker::loop_exit_snapshot,if (scopes_.size() <= outer_scope_count) return snap;
5706,2265,9,2333,20,statement,logos::compiler::BorrowChecker::loop_exit_snapshot,std::unordered_set<std::string> outer;
26280,2266,29,2266,51,loop body,logos::compiler::BorrowChecker::loop_exit_snapshot,for (size_t fi = 0; fi < outer_scope_count; ++fi)
20574,2266,53,2266,57,loop body,logos::compiler::BorrowChecker::loop_exit_snapshot,for (size_t fi = 0; fi < outer_scope_count; ++fi)
20574,2267,13,2268,53,statement,logos::compiler::BorrowChecker::loop_exit_snapshot,"outer.insert(scopes_[fi].declared.begin(),"
5706,2269,13,2269,41,if guard,logos::compiler::BorrowChecker::loop_exit_snapshot,if (!pending_esc_holder_.empty()) outer.insert(pending_esc_holder_);
0,2269,43,2269,76,if guard,logos::compiler::BorrowChecker::loop_exit_snapshot,if (!pending_esc_holder_.empty()) outer.insert(pending_esc_holder_);
194,2270,45,2298,10,call / statement,auto logos::compiler::BorrowChecker::loop_exit_snapshot,auto escapes = [&](const auto& rec) {
194,2277,17,2277,35,if guard,auto logos::compiler::BorrowChecker::loop_exit_snapshot,if (rec.holder.empty()) return false;   // lexical: dies at pop
0,2277,37,2277,49,if guard,auto logos::compiler::BorrowChecker::loop_exit_snapshot,if (rec.holder.empty()) return false;   // lexical: dies at pop
194,2278,13,2298,10,if guard,auto logos::compiler::BorrowChecker::loop_exit_snapshot,if (outer.count(rec.holder)) return true;
194,2278,17,2278,40,if guard,auto logos::compiler::BorrowChecker::loop_exit_snapshot,if (outer.count(rec.holder)) return true;
10,2278,42,2278,53,if guard,auto logos::compiler::BorrowChecker::loop_exit_snapshot,if (outer.count(rec.holder)) return true;
184,2279,13,2298,10,loop body,auto logos::compiler::BorrowChecker::loop_exit_snapshot,for (auto& h : rec.co_holders)
194,2296,17,2296,55,if guard,auto logos::compiler::BorrowChecker::loop_exit_snapshot,if (lec || outer.count(h)) return true;
194,2296,21,2296,24,if guard,auto logos::compiler::BorrowChecker::loop_exit_snapshot,if (lec || outer.count(h)) return true;
194,2296,21,2296,42,if guard,auto logos::compiler::BorrowChecker::loop_exit_snapshot,if (lec || outer.count(h)) return true;
194,2296,28,2296,42,if guard,auto logos::compiler::BorrowChecker::loop_exit_snapshot,if (lec || outer.count(h)) return true;
0,2296,44,2296,55,if guard,auto logos::compiler::BorrowChecker::loop_exit_snapshot,if (lec || outer.count(h)) return true;
184,2297,13,2297,25,early return,auto logos::compiler::BorrowChecker::loop_exit_snapshot,return false;
17596,2299,45,2299,64,loop body,logos::compiler::BorrowChecker::loop_exit_snapshot,for (size_t fi = outer_scope_count; fi < scopes_.size(); ++fi) {
11890,2299,66,2299,70,loop body,logos::compiler::BorrowChecker::loop_exit_snapshot,for (size_t fi = outer_scope_count; fi < scopes_.size(); ++fi) {
11890,2299,72,2332,10,loop body,logos::compiler::BorrowChecker::loop_exit_snapshot,for (size_t fi = outer_scope_count; fi < scopes_.size(); ++fi) {
192,2301,44,2312,14,loop body,logos::compiler::BorrowChecker::loop_exit_snapshot,for (auto& br : frame.borrows) {
192,2302,21,2302,32,if guard,logos::compiler::BorrowChecker::loop_exit_snapshot,if (escapes(br)) continue;
10,2302,34,2302,42,if guard,logos::compiler::BorrowChecker::loop_exit_snapshot,if (escapes(br)) continue;
182,2303,17,2312,14,statement,logos::compiler::BorrowChecker::loop_exit_snapshot,"auto* it = snap.find(br.target_slot, br.target);"
182,2304,21,2304,34,if guard,logos::compiler::BorrowChecker::loop_exit_snapshot,if (it == nullptr) continue;
0,2304,36,2304,44,if guard,logos::compiler::BorrowChecker::loop_exit_snapshot,if (it == nullptr) continue;
182,2305,17,2312,14,if guard,logos::compiler::BorrowChecker::loop_exit_snapshot,if (br.is_mut) {
182,2305,21,2305,30,if guard,logos::compiler::BorrowChecker::loop_exit_snapshot,if (br.is_mut) {
152,2305,32,2310,18,if guard,logos::compiler::BorrowChecker::loop_exit_snapshot,if (br.is_mut) {
152,2308,25,2308,41,if guard,logos::compiler::BorrowChecker::loop_exit_snapshot,if (it->mut_borrowed) it->mut_borrowed = false;
152,2308,43,2308,67,if guard,logos::compiler::BorrowChecker::loop_exit_snapshot,if (it->mut_borrowed) it->mut_borrowed = false;
0,2309,26,2309,78,else-if guard,logos::compiler::BorrowChecker::loop_exit_snapshot,else if (it->mut_reservations > 0) it->mut_reservations--;
0,2309,30,2309,54,else-if guard,logos::compiler::BorrowChecker::loop_exit_snapshot,else if (it->mut_reservations > 0) it->mut_reservations--;
0,2309,56,2309,78,else-if guard,logos::compiler::BorrowChecker::loop_exit_snapshot,else if (it->mut_reservations > 0) it->mut_reservations--;
30,2310,24,2311,41,else-if guard,logos::compiler::BorrowChecker::loop_exit_snapshot,} else if (it->shared_borrows > 0)
30,2310,28,2310,50,else-if guard,logos::compiler::BorrowChecker::loop_exit_snapshot,} else if (it->shared_borrows > 0)
30,2311,21,2311,41,statement,logos::compiler::BorrowChecker::loop_exit_snapshot,--it->shared_borrows;
2,2313,50,2331,14,loop body,logos::compiler::BorrowChecker::loop_exit_snapshot,for (auto& fb : frame.field_borrows) {
2,2314,21,2314,32,if guard,logos::compiler::BorrowChecker::loop_exit_snapshot,if (escapes(fb)) continue;
0,2314,34,2314,42,if guard,logos::compiler::BorrowChecker::loop_exit_snapshot,if (escapes(fb)) continue;
2,2315,17,2331,14,statement,logos::compiler::BorrowChecker::loop_exit_snapshot,"auto* it = snap.find(fb.target_slot, fb.target);"
2,2316,21,2316,34,if guard,logos::compiler::BorrowChecker::loop_exit_snapshot,if (it == nullptr) continue;
0,2316,36,2316,44,if guard,logos::compiler::BorrowChecker::loop_exit_snapshot,if (it == nullptr) continue;
2,2317,17,2331,14,if guard,logos::compiler::BorrowChecker::loop_exit_snapshot,if (fb.is_mut) it->mut_field_borrows.erase(fb.path);
2,2317,21,2317,30,if guard,logos::compiler::BorrowChecker::loop_exit_snapshot,if (fb.is_mut) it->mut_field_borrows.erase(fb.path);
2,2317,32,2317,68,if guard,logos::compiler::BorrowChecker::loop_exit_snapshot,if (fb.is_mut) it->mut_field_borrows.erase(fb.path);
0,2318,22,2330,18,else branch,logos::compiler::BorrowChecker::loop_exit_snapshot,else {
0,2323,25,2323,62,if guard,logos::compiler::BorrowChecker::loop_exit_snapshot,if (sit != it->shared_field_borrows.end()) {
0,2323,64,2329,22,if guard,logos::compiler::BorrowChecker::loop_exit_snapshot,if (sit != it->shared_field_borrows.end()) {
0,2324,29,2324,45,if guard,logos::compiler::BorrowChecker::loop_exit_snapshot,if (sit->second <= 0)
0,2325,29,2325,68,statement,logos::compiler::BorrowChecker::loop_exit_snapshot,"(void)logos::probe::on(""szw_snap_pre0"");"
0,2326,29,2326,47,if guard,logos::compiler::BorrowChecker::loop_exit_snapshot,if (--sit->second <= 0)
0,2327,29,2327,64,statement,logos::compiler::BorrowChecker::loop_exit_snapshot,it->shared_field_borrows.erase(sit);
0,2328,30,2328,69,else branch,logos::compiler::BorrowChecker::loop_exit_snapshot,"else (void)logos::probe::on(""szw_snap_keep"");"
789,2336,49,2358,6,diagnostic emission,logos::compiler::BorrowChecker::report,"void report(uint32_t line, std::string msg) {"
789,2339,13,2339,30,if guard,logos::compiler::BorrowChecker::report,if (suppress_reports_) return;
23,2339,32,2339,38,if guard,logos::compiler::BorrowChecker::report,if (suppress_reports_) return;
766,2349,9,2358,6,if guard,logos::compiler::BorrowChecker::report,"if (exclusivity_only_ && msg.find(""moved"") != std::string::npos &&"
766,2349,13,2349,30,if guard,logos::compiler::BorrowChecker::report,"if (exclusivity_only_ && msg.find(""moved"") != std::string::npos &&"
766,2349,13,2349,72,if guard,logos::compiler::BorrowChecker::report,"if (exclusivity_only_ && msg.find(""moved"") != std::string::npos &&"
766,2349,13,2350,61,if guard,logos::compiler::BorrowChecker::report,"if (exclusivity_only_ && msg.find(""moved"") != std::string::npos &&"
766,2349,13,2351,57,if guard,logos::compiler::BorrowChecker::report,"if (exclusivity_only_ && msg.find(""moved"") != std::string::npos &&"
25,2349,34,2349,72,if guard,logos::compiler::BorrowChecker::report,"if (exclusivity_only_ && msg.find(""moved"") != std::string::npos &&"
17,2350,13,2350,61,statement,logos::compiler::BorrowChecker::report,"msg.find(""partially moved"") == std::string::npos &&"
17,2351,13,2351,57,statement,logos::compiler::BorrowChecker::report,"msg.find(""moved field"") == std::string::npos) return;"
17,2351,59,2351,65,statement,logos::compiler::BorrowChecker::report,"msg.find(""moved field"") == std::string::npos) return;"
749,2352,9,2358,6,statement,logos::compiler::BorrowChecker::report,Diag d;
674,2402,59,2435,6,call / statement,logos::compiler::BorrowChecker::walk_closure_body,void walk_closure_body(lir_view::EClosureBoxView cbv) {
674,2408,13,2408,26,if guard,logos::compiler::BorrowChecker::walk_closure_body,if (cbv.is_move()) return;
50,2408,28,2408,34,if guard,logos::compiler::BorrowChecker::walk_closure_body,if (cbv.is_move()) return;
624,2409,9,2435,6,statement,logos::compiler::BorrowChecker::walk_closure_body,auto cbb = cbv.body();
624,2410,13,2410,17,if guard,logos::compiler::BorrowChecker::walk_closure_body,if (!cbb) return;
0,2410,19,2410,25,if guard,logos::compiler::BorrowChecker::walk_closure_body,if (!cbb) return;
624,2411,9,2435,6,statement,logos::compiler::BorrowChecker::walk_closure_body,auto saved_params     = param_names_;
434,2421,61,2429,10,statement,logos::compiler::BorrowChecker::walk_closure_body,"[&](std::string_view pn, TypeRef pt) {"
434,2422,17,2422,27,if guard,logos::compiler::BorrowChecker::walk_closure_body,if (pn.empty()) return;
0,2422,29,2422,35,if guard,logos::compiler::BorrowChecker::walk_closure_body,if (pn.empty()) return;
434,2423,13,2429,10,statement,logos::compiler::BorrowChecker::walk_closure_body,std::string nm(pn);
434,2426,17,2426,32,if guard,logos::compiler::BorrowChecker::walk_closure_body,if (is_ref_kind(pt) || is_borrow_carrying_type(pt) ||
434,2426,17,2426,63,if guard,logos::compiler::BorrowChecker::walk_closure_body,if (is_ref_kind(pt) || is_borrow_carrying_type(pt) ||
434,2426,17,2427,59,if guard,logos::compiler::BorrowChecker::walk_closure_body,if (is_ref_kind(pt) || is_borrow_carrying_type(pt) ||
400,2426,36,2426,63,if guard,logos::compiler::BorrowChecker::walk_closure_body,if (is_ref_kind(pt) || is_borrow_carrying_type(pt) ||
400,2427,17,2427,59,call / statement,logos::compiler::BorrowChecker::walk_closure_body,TypeRef(pt).kind() == LogosType::Kind::Ptr)
34,2428,17,2428,45,statement,logos::compiler::BorrowChecker::walk_closure_body,outliving_params_.insert(nm);
74125553,2437,23,2441,6,call / statement,logos::compiler::BorrowChecker::push_scope,void push_scope() {
74125553,2443,22,2676,6,call / statement,logos::compiler::BorrowChecker::pop_scope,void pop_scope() {
74125553,2444,13,2444,28,if guard,logos::compiler::BorrowChecker::pop_scope,if (scopes_.empty()) return;
0,2444,30,2444,36,if guard,logos::compiler::BorrowChecker::pop_scope,if (scopes_.empty()) return;
74125553,2445,9,2676,6,statement,logos::compiler::BorrowChecker::pop_scope,{
74125553,2474,17,2474,36,if guard,logos::compiler::BorrowChecker::pop_scope,if (scopes_.size() >= 2 && !suppress_reports_) {
74125553,2474,17,2474,58,if guard,logos::compiler::BorrowChecker::pop_scope,if (scopes_.size() >= 2 && !suppress_reports_) {
62609980,2474,40,2474,58,if guard,logos::compiler::BorrowChecker::pop_scope,if (scopes_.size() >= 2 && !suppress_reports_) {
62067332,2474,60,2538,14,if guard,logos::compiler::BorrowChecker::pop_scope,if (scopes_.size() >= 2 && !suppress_reports_) {
1584032,2485,54,2485,93,loop body,logos::compiler::BorrowChecker::pop_scope,for (auto& br : frame.borrows)       if (!br.holder.empty()) any_held = true;
1584032,2485,58,2485,76,loop body,logos::compiler::BorrowChecker::pop_scope,for (auto& br : frame.borrows)       if (!br.holder.empty()) any_held = true;
627,2485,78,2485,93,loop body,logos::compiler::BorrowChecker::pop_scope,for (auto& br : frame.borrows)       if (!br.holder.empty()) any_held = true;
581411,2486,54,2486,93,loop body,logos::compiler::BorrowChecker::pop_scope,for (auto& fb : frame.field_borrows) if (!fb.holder.empty()) any_held = true;
581411,2486,58,2486,76,loop body,logos::compiler::BorrowChecker::pop_scope,for (auto& fb : frame.field_borrows) if (!fb.holder.empty()) any_held = true;
572824,2486,78,2486,93,loop body,logos::compiler::BorrowChecker::pop_scope,for (auto& fb : frame.field_borrows) if (!fb.holder.empty()) any_held = true;
62067332,2488,21,2488,29,if guard,logos::compiler::BorrowChecker::pop_scope,if (any_held) {
573368,2488,31,2498,18,if guard,logos::compiler::BorrowChecker::pop_scope,if (any_held) {
2484411,2489,41,2489,64,loop body,logos::compiler::BorrowChecker::pop_scope,for (size_t fi = 0; fi + 1 < scopes_.size(); ++fi)
1911043,2489,66,2489,70,loop body,logos::compiler::BorrowChecker::pop_scope,for (size_t fi = 0; fi + 1 < scopes_.size(); ++fi)
1911043,2490,25,2491,65,statement,logos::compiler::BorrowChecker::pop_scope,"outer.insert(scopes_[fi].declared.begin(),"
573368,2496,25,2496,53,if guard,logos::compiler::BorrowChecker::pop_scope,if (!pending_esc_holder_.empty())
10,2497,25,2497,58,statement,logos::compiler::BorrowChecker::pop_scope,outer.insert(pending_esc_holder_);
2165443,2499,53,2527,18,call / statement,auto logos::compiler::BorrowChecker::pop_scope,auto escapes = [&](const auto& rec) {
2165443,2500,25,2500,43,if guard,auto logos::compiler::BorrowChecker::pop_scope,if (rec.holder.empty()) return false;   // lexical: unchanged
1591992,2500,45,2500,57,if guard,auto logos::compiler::BorrowChecker::pop_scope,if (rec.holder.empty()) return false;   // lexical: unchanged
573451,2522,21,2527,18,if guard,auto logos::compiler::BorrowChecker::pop_scope,"if (logos::probe::on(""rehome_all"")) return true;"
573451,2522,25,2522,55,if guard,auto logos::compiler::BorrowChecker::pop_scope,"if (logos::probe::on(""rehome_all"")) return true;"
0,2522,57,2522,68,if guard,auto logos::compiler::BorrowChecker::pop_scope,"if (logos::probe::on(""rehome_all"")) return true;"
573451,2523,21,2527,18,if guard,auto logos::compiler::BorrowChecker::pop_scope,if (outer.count(rec.holder)) return true;
573451,2523,25,2523,48,if guard,auto logos::compiler::BorrowChecker::pop_scope,if (outer.count(rec.holder)) return true;
241,2523,50,2523,61,if guard,auto logos::compiler::BorrowChecker::pop_scope,if (outer.count(rec.holder)) return true;
573210,2524,21,2527,18,loop body,auto logos::compiler::BorrowChecker::pop_scope,for (auto& h : rec.co_holders)
167,2525,25,2525,56,if guard,auto logos::compiler::BorrowChecker::pop_scope,if (outer.count(h)) return true;
167,2525,29,2525,43,if guard,auto logos::compiler::BorrowChecker::pop_scope,if (outer.count(h)) return true;
62,2525,45,2525,56,if guard,auto logos::compiler::BorrowChecker::pop_scope,if (outer.count(h)) return true;
573148,2526,21,2526,33,early return,auto logos::compiler::BorrowChecker::pop_scope,return false;
124134664,2528,59,2535,18,call / statement,auto logos::compiler::BorrowChecker::pop_scope,"auto move_out = [&](auto& vec, auto& dst) {"
126300107,2529,49,2529,64,loop body,auto logos::compiler::BorrowChecker::pop_scope,for (auto it = vec.begin(); it != vec.end(); ) {
2165443,2529,68,2534,22,loop body,auto logos::compiler::BorrowChecker::pop_scope,for (auto it = vec.begin(); it != vec.end(); ) {
2165443,2530,29,2530,41,if guard,auto logos::compiler::BorrowChecker::pop_scope,if (escapes(*it)) {
303,2530,43,2532,50,if guard,auto logos::compiler::BorrowChecker::pop_scope,if (escapes(*it)) {
2165140,2533,30,2533,34,else branch,auto logos::compiler::BorrowChecker::pop_scope,else ++it;
1601683,2542,40,2556,10,loop body,logos::compiler::BorrowChecker::pop_scope,for (auto& br : frame.borrows) {
1601683,2544,17,2544,30,if guard,logos::compiler::BorrowChecker::pop_scope,if (it != nullptr) {
1601672,2544,32,2555,14,if guard,logos::compiler::BorrowChecker::pop_scope,if (it != nullptr) {
1601672,2545,21,2545,30,if guard,logos::compiler::BorrowChecker::pop_scope,if (br.is_mut) {
1059874,2545,32,2552,18,if guard,logos::compiler::BorrowChecker::pop_scope,if (br.is_mut) {
1059874,2548,25,2548,41,if guard,logos::compiler::BorrowChecker::pop_scope,if (it->mut_borrowed)
17,2549,25,2549,49,statement,logos::compiler::BorrowChecker::pop_scope,it->mut_borrowed = false;
1059857,2550,26,2551,47,else-if guard,logos::compiler::BorrowChecker::pop_scope,else if (it->mut_reservations > 0)
1059857,2550,30,2550,54,else-if guard,logos::compiler::BorrowChecker::pop_scope,else if (it->mut_reservations > 0)
1059850,2551,25,2551,47,statement,logos::compiler::BorrowChecker::pop_scope,it->mut_reservations--;
541798,2553,22,2554,41,else-if guard,logos::compiler::BorrowChecker::pop_scope,else if (it->shared_borrows > 0)
541798,2553,26,2553,48,else-if guard,logos::compiler::BorrowChecker::pop_scope,else if (it->shared_borrows > 0)
541791,2554,21,2554,41,statement,logos::compiler::BorrowChecker::pop_scope,--it->shared_borrows;
582198,2558,46,2577,10,loop body,logos::compiler::BorrowChecker::pop_scope,for (auto& fb : frame.field_borrows) {
582198,2560,17,2560,30,if guard,logos::compiler::BorrowChecker::pop_scope,if (it == nullptr) continue;
0,2560,32,2560,40,if guard,logos::compiler::BorrowChecker::pop_scope,if (it == nullptr) continue;
582198,2561,13,2577,10,if guard,logos::compiler::BorrowChecker::pop_scope,if (fb.is_mut) it->mut_field_borrows.erase(fb.path);
582198,2561,17,2561,26,if guard,logos::compiler::BorrowChecker::pop_scope,if (fb.is_mut) it->mut_field_borrows.erase(fb.path);
6545,2561,28,2561,64,if guard,logos::compiler::BorrowChecker::pop_scope,if (fb.is_mut) it->mut_field_borrows.erase(fb.path);
575653,2562,18,2576,14,else branch,logos::compiler::BorrowChecker::pop_scope,else {
575653,2569,21,2569,58,if guard,logos::compiler::BorrowChecker::pop_scope,if (sit != it->shared_field_borrows.end()) {
575650,2569,60,2575,18,if guard,logos::compiler::BorrowChecker::pop_scope,if (sit != it->shared_field_borrows.end()) {
575650,2570,25,2570,41,if guard,logos::compiler::BorrowChecker::pop_scope,if (sit->second <= 0)
0,2571,25,2571,63,statement,logos::compiler::BorrowChecker::pop_scope,"(void)logos::probe::on(""szw_pop_pre0"");"
575650,2572,25,2572,43,if guard,logos::compiler::BorrowChecker::pop_scope,if (--sit->second <= 0)
575649,2573,25,2573,60,statement,logos::compiler::BorrowChecker::pop_scope,it->shared_field_borrows.erase(sit);
1,2574,26,2574,64,else branch,logos::compiler::BorrowChecker::pop_scope,"else (void)logos::probe::on(""szw_pop_keep"");"
74125553,2601,13,2601,36,if guard,logos::compiler::BorrowChecker::pop_scope,if (!frame.declared.empty()) {
28713559,2601,38,2618,10,if guard,logos::compiler::BorrowChecker::pop_scope,if (!frame.declared.empty()) {
34,2602,69,2617,14,loop body,logos::compiler::BorrowChecker::pop_scope,"for (auto& [binding, sources] : dropck_borrow_sources_) {"
37,2606,43,2616,18,loop body,logos::compiler::BorrowChecker::pop_scope,for (auto& src : sources) {
37,2608,25,2608,33,if guard,logos::compiler::BorrowChecker::pop_scope,if (spos < 0) continue;                 // not dying here
13,2608,35,2608,43,if guard,logos::compiler::BorrowChecker::pop_scope,if (spos < 0) continue;                 // not dying here
24,2609,21,2616,18,if guard,logos::compiler::BorrowChecker::pop_scope,if (bpos >= 0 && spos < bpos) continue; // binding drops first
24,2609,25,2609,34,if guard,logos::compiler::BorrowChecker::pop_scope,if (bpos >= 0 && spos < bpos) continue; // binding drops first
24,2609,25,2609,49,if guard,logos::compiler::BorrowChecker::pop_scope,if (bpos >= 0 && spos < bpos) continue; // binding drops first
13,2609,38,2609,49,if guard,logos::compiler::BorrowChecker::pop_scope,if (bpos >= 0 && spos < bpos) continue; // binding drops first
8,2609,51,2609,59,if guard,logos::compiler::BorrowChecker::pop_scope,if (bpos >= 0 && spos < bpos) continue; // binding drops first
16,2610,21,2615,26,statement,logos::compiler::BorrowChecker::pop_scope,uint32_t ln = dropck_binding_line_[binding];
74125553,2623,13,2623,36,if guard,logos::compiler::BorrowChecker::pop_scope,if (!frame.declared.empty()) {
28713559,2623,38,2665,10,if guard,logos::compiler::BorrowChecker::pop_scope,if (!frame.declared.empty()) {
35553709,2625,44,2625,59,loop body,logos::compiler::BorrowChecker::pop_scope,for (auto& n : frame.declared) dying.insert(n);
176974,2626,64,2664,14,loop body,logos::compiler::BorrowChecker::pop_scope,"for (auto& [place, sources] : ref_borrow_sources_) {"
176974,2635,21,2635,27,if guard,logos::compiler::BorrowChecker::pop_scope,if (dorder) {
0,2635,29,2651,18,if guard,logos::compiler::BorrowChecker::pop_scope,if (dorder) {
0,2636,65,2640,22,statement,logos::compiler::BorrowChecker::pop_scope,auto didx = [&](std::string_view n) -> long {
0,2637,44,2637,69,loop body,logos::compiler::BorrowChecker::pop_scope,for (size_t i = 0; i < frame.declared.size(); ++i)
0,2637,71,2637,74,loop body,logos::compiler::BorrowChecker::pop_scope,for (size_t i = 0; i < frame.declared.size(); ++i)
0,2638,29,2638,71,if guard,logos::compiler::BorrowChecker::pop_scope,if (frame.declared[i] == n) return (long)i;
0,2638,33,2638,55,if guard,logos::compiler::BorrowChecker::pop_scope,if (frame.declared[i] == n) return (long)i;
0,2638,57,2638,71,if guard,logos::compiler::BorrowChecker::pop_scope,if (frame.declared[i] == n) return (long)i;
0,2639,25,2639,34,early return,logos::compiler::BorrowChecker::pop_scope,return -1;
0,2642,25,2642,32,if guard,logos::compiler::BorrowChecker::pop_scope,if (bi >= 0)
0,2643,25,2650,30,loop body,logos::compiler::BorrowChecker::pop_scope,for (auto& src : sources)
0,2644,29,2650,30,if guard,logos::compiler::BorrowChecker::pop_scope,if (didx(src.name) > bi) {
0,2644,33,2644,52,if guard,logos::compiler::BorrowChecker::pop_scope,if (didx(src.name) > bi) {
0,2644,54,2650,30,if guard,logos::compiler::BorrowChecker::pop_scope,if (didx(src.name) > bi) {
176974,2652,21,2652,41,if guard,logos::compiler::BorrowChecker::pop_scope,if (dying.count(binding) || dangling_.count(binding)) continue;
176974,2652,21,2652,69,if guard,logos::compiler::BorrowChecker::pop_scope,if (dying.count(binding) || dangling_.count(binding)) continue;
142162,2652,45,2652,69,if guard,logos::compiler::BorrowChecker::pop_scope,if (dying.count(binding) || dangling_.count(binding)) continue;
35022,2652,71,2652,79,if guard,logos::compiler::BorrowChecker::pop_scope,if (dying.count(binding) || dangling_.count(binding)) continue;
141952,2653,17,2664,14,loop body,logos::compiler::BorrowChecker::pop_scope,for (auto& src : sources) {
143086,2653,43,2663,18,loop body,logos::compiler::BorrowChecker::pop_scope,for (auto& src : sources) {
143086,2654,25,2654,51,if guard,logos::compiler::BorrowChecker::pop_scope,"if (!dying_binding(frame, src)) continue;   // F5, not the name"
142990,2654,53,2654,61,if guard,logos::compiler::BorrowChecker::pop_scope,"if (!dying_binding(frame, src)) continue;   // F5, not the name"
96,2655,21,2662,26,statement,logos::compiler::BorrowChecker::pop_scope,dangling_[binding] =
96,2657,25,2657,31,if guard,logos::compiler::BorrowChecker::pop_scope,if (dorder)
0,2658,25,2661,48,diagnostic emission,logos::compiler::BorrowChecker::pop_scope,"report(ref_borrow_line_[place], std::format("
35553709,2667,43,2674,10,loop body,logos::compiler::BorrowChecker::pop_scope,for (auto& name : frame.declared) {
35553709,2678,72,2685,6,call / statement,logos::compiler::BorrowChecker::declare_var,"void declare_var(const std::string& name, uint32_t slot = NO_SLOT) {"
35553709,2680,13,2680,29,if guard,logos::compiler::BorrowChecker::declare_var,if (!scopes_.empty()) {
35553709,2680,31,2683,10,if guard,logos::compiler::BorrowChecker::declare_var,if (!scopes_.empty()) {
143255,2698,69,2708,6,call / statement,logos::compiler::BorrowChecker::declared_pos,"static long declared_pos(const ScopeFrame& fr, const RefSrc& s) {"
418890,2699,28,2699,50,loop body,logos::compiler::BorrowChecker::declared_pos,for (size_t i = 0; i < fr.declared.size(); ++i) {
275635,2699,52,2699,55,loop body,logos::compiler::BorrowChecker::declared_pos,for (size_t i = 0; i < fr.declared.size(); ++i) {
275789,2699,57,2706,10,loop body,logos::compiler::BorrowChecker::declared_pos,for (size_t i = 0; i < fr.declared.size(); ++i) {
275789,2700,17,2700,41,if guard,logos::compiler::BorrowChecker::declared_pos,if (fr.declared[i] != s.name) continue;
275631,2700,43,2700,51,if guard,logos::compiler::BorrowChecker::declared_pos,if (fr.declared[i] != s.name) continue;
158,2701,13,2706,10,if guard,logos::compiler::BorrowChecker::declared_pos,if (s.slot != NO_SLOT && i < fr.declared_slots.size() &&
158,2701,17,2701,34,if guard,logos::compiler::BorrowChecker::declared_pos,if (s.slot != NO_SLOT && i < fr.declared_slots.size() &&
158,2701,17,2701,66,if guard,logos::compiler::BorrowChecker::declared_pos,if (s.slot != NO_SLOT && i < fr.declared_slots.size() &&
158,2701,17,2702,48,if guard,logos::compiler::BorrowChecker::declared_pos,if (s.slot != NO_SLOT && i < fr.declared_slots.size() &&
158,2701,17,2703,47,if guard,logos::compiler::BorrowChecker::declared_pos,if (s.slot != NO_SLOT && i < fr.declared_slots.size() &&
136,2701,38,2701,66,if guard,logos::compiler::BorrowChecker::declared_pos,if (s.slot != NO_SLOT && i < fr.declared_slots.size() &&
136,2702,17,2702,48,statement,logos::compiler::BorrowChecker::declared_pos,fr.declared_slots[i] != NO_SLOT &&
136,2703,17,2703,47,call / statement,logos::compiler::BorrowChecker::declared_pos,fr.declared_slots[i] != s.slot)
4,2704,17,2704,25,loop exit,logos::compiler::BorrowChecker::declared_pos,"continue;   // same word, different binding"
154,2705,13,2705,27,early return,logos::compiler::BorrowChecker::declared_pos,return (long)i;
143101,2707,9,2707,18,early return,logos::compiler::BorrowChecker::declared_pos,return -1;
143184,2712,70,2714,6,call / statement,logos::compiler::BorrowChecker::dying_binding,"static bool dying_binding(const ScopeFrame& fr, const RefSrc& s) {"
39366814,2719,68,2722,6,call / statement,logos::compiler::BorrowChecker::note_binding_slot,"void note_binding_slot(const std::string& name, uint32_t slot) {"
39366814,2720,13,2720,25,if guard,logos::compiler::BorrowChecker::note_binding_slot,if (name.empty()) return;
4,2720,27,2720,33,if guard,logos::compiler::BorrowChecker::note_binding_slot,if (name.empty()) return;
39366810,2721,9,2722,6,statement,logos::compiler::BorrowChecker::note_binding_slot,cur_slot_of_[name] = slot;
4217127,2723,61,2727,6,statement,logos::compiler::BorrowChecker::slot_of_binding,uint32_t slot_of_binding(const std::string& name) const {
4217127,2724,13,2724,25,if guard,logos::compiler::BorrowChecker::slot_of_binding,if (name.empty()) return NO_SLOT;
1610328,2724,27,2724,41,if guard,logos::compiler::BorrowChecker::slot_of_binding,if (name.empty()) return NO_SLOT;
2606799,2725,9,2726,63,statement,logos::compiler::BorrowChecker::slot_of_binding,auto it = cur_slot_of_.find(name);
2606799,2726,16,2726,40,early return,logos::compiler::BorrowChecker::slot_of_binding,return it == cur_slot_of_.end() ? NO_SLOT : it->second;
290,2726,43,2726,50,early return,logos::compiler::BorrowChecker::slot_of_binding,return it == cur_slot_of_.end() ? NO_SLOT : it->second;
2606509,2726,53,2726,63,early return,logos::compiler::BorrowChecker::slot_of_binding,return it == cur_slot_of_.end() ? NO_SLOT : it->second;
4484240,2735,53,2750,6,statement,logos::compiler::BorrowChecker::struct_is_dropck_relevant,bool struct_is_dropck_relevant(TypeRef t) const {
4484240,2736,13,2736,15,if guard,logos::compiler::BorrowChecker::struct_is_dropck_relevant,if (!t || t.kind() != LogosType::Kind::Struct) return false;
4484240,2736,13,2736,54,if guard,logos::compiler::BorrowChecker::struct_is_dropck_relevant,if (!t || t.kind() != LogosType::Kind::Struct) return false;
4484240,2736,19,2736,54,if guard,logos::compiler::BorrowChecker::struct_is_dropck_relevant,if (!t || t.kind() != LogosType::Kind::Struct) return false;
4140003,2736,56,2736,68,if guard,logos::compiler::BorrowChecker::struct_is_dropck_relevant,if (!t || t.kind() != LogosType::Kind::Struct) return false;
344237,2737,9,2750,6,if guard,logos::compiler::BorrowChecker::struct_is_dropck_relevant,"if (!needs_drop(t, prog_, ts_)) return false;"
344237,2737,13,2737,39,if guard,logos::compiler::BorrowChecker::struct_is_dropck_relevant,"if (!needs_drop(t, prog_, ts_)) return false;"
296109,2737,41,2737,53,if guard,logos::compiler::BorrowChecker::struct_is_dropck_relevant,"if (!needs_drop(t, prog_, ts_)) return false;"
48128,2738,9,2750,6,statement,logos::compiler::BorrowChecker::struct_is_dropck_relevant,std::string sname(t.struct_name());
14640,2741,51,2743,10,call / statement,logos::compiler::BorrowChecker::struct_is_dropck_relevant,auto has_lt = [](lir_view::StructView sd) {
14640,2742,20,2742,22,early return,logos::compiler::BorrowChecker::struct_is_dropck_relevant,return sd && !sd.lifetime_params().empty();
14640,2742,26,2742,55,early return,logos::compiler::BorrowChecker::struct_is_dropck_relevant,return sd && !sd.lifetime_params().empty();
48128,2745,13,2745,44,if guard,logos::compiler::BorrowChecker::struct_is_dropck_relevant,if (sit != ts_.struct_by_name.end() && has_lt(sit->second)) return true;
48128,2745,13,2745,67,if guard,logos::compiler::BorrowChecker::struct_is_dropck_relevant,if (sit != ts_.struct_by_name.end() && has_lt(sit->second)) return true;
14640,2745,48,2745,67,if guard,logos::compiler::BorrowChecker::struct_is_dropck_relevant,if (sit != ts_.struct_by_name.end() && has_lt(sit->second)) return true;
28,2745,69,2745,80,if guard,logos::compiler::BorrowChecker::struct_is_dropck_relevant,if (sit != ts_.struct_by_name.end() && has_lt(sit->second)) return true;
48100,2746,9,2750,6,statement,logos::compiler::BorrowChecker::struct_is_dropck_relevant,auto pit = ts_.spec_by_name.find(sname);
48100,2747,13,2747,42,if guard,logos::compiler::BorrowChecker::struct_is_dropck_relevant,if (pit != ts_.spec_by_name.end() && has_lt(pit->second)) return true;
48100,2747,13,2747,65,if guard,logos::compiler::BorrowChecker::struct_is_dropck_relevant,if (pit != ts_.spec_by_name.end() && has_lt(pit->second)) return true;
0,2747,46,2747,65,if guard,logos::compiler::BorrowChecker::struct_is_dropck_relevant,if (pit != ts_.spec_by_name.end() && has_lt(pit->second)) return true;
0,2747,67,2747,78,if guard,logos::compiler::BorrowChecker::struct_is_dropck_relevant,if (pit != ts_.spec_by_name.end() && has_lt(pit->second)) return true;
48100,2749,9,2749,42,early return,logos::compiler::BorrowChecker::struct_is_dropck_relevant,return !t.lifetime_args().empty();
108218,2770,66,2792,6,statement,logos::compiler::BorrowChecker::drop_can_observe_borrow,"bool drop_can_observe_borrow(TypeRef t, int depth = 0) const {"
108218,2771,13,2771,15,if guard,logos::compiler::BorrowChecker::drop_can_observe_borrow,if (!t || depth > 4) return false;
108218,2771,13,2771,28,if guard,logos::compiler::BorrowChecker::drop_can_observe_borrow,if (!t || depth > 4) return false;
107233,2771,19,2771,28,if guard,logos::compiler::BorrowChecker::drop_can_observe_borrow,if (!t || depth > 4) return false;
985,2771,30,2771,42,if guard,logos::compiler::BorrowChecker::drop_can_observe_borrow,if (!t || depth > 4) return false;
107233,2772,9,2792,6,if guard,logos::compiler::BorrowChecker::drop_can_observe_borrow,if (t.kind() != LogosType::Kind::Struct) return false;
107233,2772,13,2772,48,if guard,logos::compiler::BorrowChecker::drop_can_observe_borrow,if (t.kind() != LogosType::Kind::Struct) return false;
87890,2772,50,2772,62,if guard,logos::compiler::BorrowChecker::drop_can_observe_borrow,if (t.kind() != LogosType::Kind::Struct) return false;
19343,2773,9,2792,6,if guard,logos::compiler::BorrowChecker::drop_can_observe_borrow,"if (!needs_drop(t, prog_, ts_)) return false;"
19343,2773,13,2773,39,if guard,logos::compiler::BorrowChecker::drop_can_observe_borrow,"if (!needs_drop(t, prog_, ts_)) return false;"
17408,2773,41,2773,53,if guard,logos::compiler::BorrowChecker::drop_can_observe_borrow,"if (!needs_drop(t, prog_, ts_)) return false;"
1935,2774,9,2792,6,statement,logos::compiler::BorrowChecker::drop_can_observe_borrow,std::string want = concrete_struct_name(t);
1935,2775,65,2786,10,statement,logos::compiler::BorrowChecker::drop_can_observe_borrow,auto reaches_ref = [&](lir_view::StructView sd) -> bool {
1935,2776,17,2776,20,if guard,logos::compiler::BorrowChecker::drop_can_observe_borrow,if (!sd) return false;
0,2776,22,2776,34,if guard,logos::compiler::BorrowChecker::drop_can_observe_borrow,if (!sd) return false;
1935,2777,13,2786,10,loop body,logos::compiler::BorrowChecker::drop_can_observe_borrow,for (auto& f : sd.fields()) {
4967,2777,41,2784,14,loop body,logos::compiler::BorrowChecker::drop_can_observe_borrow,for (auto& f : sd.fields()) {
4967,2779,21,2779,24,if guard,logos::compiler::BorrowChecker::drop_can_observe_borrow,if (!ft) continue;
0,2779,26,2779,34,if guard,logos::compiler::BorrowChecker::drop_can_observe_borrow,if (!ft) continue;
4967,2780,17,2784,14,statement,logos::compiler::BorrowChecker::drop_can_observe_borrow,auto fk = ft.kind();
4967,2781,21,2781,47,if guard,logos::compiler::BorrowChecker::drop_can_observe_borrow,if (fk == LogosType::Kind::Ref ||
4967,2781,21,2782,50,if guard,logos::compiler::BorrowChecker::drop_can_observe_borrow,if (fk == LogosType::Kind::Ref ||
4724,2782,21,2782,50,statement,logos::compiler::BorrowChecker::drop_can_observe_borrow,fk == LogosType::Kind::MutRef) return true;
293,2782,52,2782,63,statement,logos::compiler::BorrowChecker::drop_can_observe_borrow,fk == LogosType::Kind::MutRef) return true;
4674,2783,17,2784,14,if guard,logos::compiler::BorrowChecker::drop_can_observe_borrow,"if (drop_can_observe_borrow(ft, depth + 1)) return true;"
4674,2783,21,2783,59,if guard,logos::compiler::BorrowChecker::drop_can_observe_borrow,"if (drop_can_observe_borrow(ft, depth + 1)) return true;"
0,2783,61,2783,72,if guard,logos::compiler::BorrowChecker::drop_can_observe_borrow,"if (drop_can_observe_borrow(ft, depth + 1)) return true;"
1642,2785,13,2785,25,early return,logos::compiler::BorrowChecker::drop_can_observe_borrow,return false;
1935,2788,13,2788,44,if guard,logos::compiler::BorrowChecker::drop_can_observe_borrow,if (sit != ts_.struct_by_name.end() && reaches_ref(sit->second)) return true;
1935,2788,13,2788,72,if guard,logos::compiler::BorrowChecker::drop_can_observe_borrow,if (sit != ts_.struct_by_name.end() && reaches_ref(sit->second)) return true;
1935,2788,48,2788,72,if guard,logos::compiler::BorrowChecker::drop_can_observe_borrow,if (sit != ts_.struct_by_name.end() && reaches_ref(sit->second)) return true;
293,2788,74,2788,85,if guard,logos::compiler::BorrowChecker::drop_can_observe_borrow,if (sit != ts_.struct_by_name.end() && reaches_ref(sit->second)) return true;
1642,2789,9,2792,6,statement,logos::compiler::BorrowChecker::drop_can_observe_borrow,auto pit = ts_.spec_by_name.find(want);
1642,2790,13,2790,42,if guard,logos::compiler::BorrowChecker::drop_can_observe_borrow,if (pit != ts_.spec_by_name.end() && reaches_ref(pit->second)) return true;
1642,2790,13,2790,70,if guard,logos::compiler::BorrowChecker::drop_can_observe_borrow,if (pit != ts_.spec_by_name.end() && reaches_ref(pit->second)) return true;
0,2790,46,2790,70,if guard,logos::compiler::BorrowChecker::drop_can_observe_borrow,if (pit != ts_.spec_by_name.end() && reaches_ref(pit->second)) return true;
0,2790,72,2790,83,if guard,logos::compiler::BorrowChecker::drop_can_observe_borrow,if (pit != ts_.spec_by_name.end() && reaches_ref(pit->second)) return true;
1642,2791,9,2791,21,early return,logos::compiler::BorrowChecker::drop_can_observe_borrow,return false;
85857,2796,58,2801,6,statement,bool logos::compiler::BorrowChecker::holder_drops_after_last_use,bool holder_drops_after_last_use(const Rec& r) const {
85857,2797,13,2797,60,if guard,bool logos::compiler::BorrowChecker::holder_drops_after_last_use,if (drop_can_observe_borrow(holder_ty_of(r.holder))) return true;
293,2797,62,2797,73,if guard,bool logos::compiler::BorrowChecker::holder_drops_after_last_use,if (drop_can_observe_borrow(holder_ty_of(r.holder))) return true;
85564,2798,9,2801,6,loop body,bool logos::compiler::BorrowChecker::holder_drops_after_last_use,for (auto& co : r.co_holders)
17687,2799,13,2799,71,if guard,bool logos::compiler::BorrowChecker::holder_drops_after_last_use,if (drop_can_observe_borrow(holder_ty_of(co))) return true;
17687,2799,17,2799,58,if guard,bool logos::compiler::BorrowChecker::holder_drops_after_last_use,if (drop_can_observe_borrow(holder_ty_of(co))) return true;
0,2799,60,2799,71,if guard,bool logos::compiler::BorrowChecker::holder_drops_after_last_use,if (drop_can_observe_borrow(holder_ty_of(co))) return true;
85564,2800,9,2800,21,early return,bool logos::compiler::BorrowChecker::holder_drops_after_last_use,return false;
582903,2809,41,2818,6,statement,logos::compiler::BorrowChecker::is_union_root,bool is_union_root(TypeRef t) const {
582903,2810,13,2810,15,if guard,logos::compiler::BorrowChecker::is_union_root,if (!t || t.kind() != LogosType::Kind::Struct) return false;
582903,2810,13,2810,54,if guard,logos::compiler::BorrowChecker::is_union_root,if (!t || t.kind() != LogosType::Kind::Struct) return false;
582903,2810,19,2810,54,if guard,logos::compiler::BorrowChecker::is_union_root,if (!t || t.kind() != LogosType::Kind::Struct) return false;
581534,2810,56,2810,68,if guard,logos::compiler::BorrowChecker::is_union_root,if (!t || t.kind() != LogosType::Kind::Struct) return false;
1369,2811,9,2817,75,statement,logos::compiler::BorrowChecker::is_union_root,std::string sname(t.struct_name());
2728,2812,73,2816,10,call / statement,logos::compiler::BorrowChecker::is_union_root,auto check = [&](const std::vector<lir_view::StructView>& defs) {
3122020,2814,17,2814,69,if guard,logos::compiler::BorrowChecker::is_union_root,if (sd.name() == sname && sd.is_union()) return true;
3122020,2814,21,2814,39,if guard,logos::compiler::BorrowChecker::is_union_root,if (sd.name() == sname && sd.is_union()) return true;
3122020,2814,21,2814,56,if guard,logos::compiler::BorrowChecker::is_union_root,if (sd.name() == sname && sd.is_union()) return true;
403,2814,43,2814,56,if guard,logos::compiler::BorrowChecker::is_union_root,if (sd.name() == sname && sd.is_union()) return true;
10,2814,58,2814,69,if guard,logos::compiler::BorrowChecker::is_union_root,if (sd.name() == sname && sd.is_union()) return true;
2718,2815,13,2815,25,early return,logos::compiler::BorrowChecker::is_union_root,return false;
1369,2817,16,2817,36,early return,logos::compiler::BorrowChecker::is_union_root,return check(prog_.structs) || check(prog_.struct_specializations);
1359,2817,40,2817,75,early return,logos::compiler::BorrowChecker::is_union_root,return check(prog_.structs) || check(prog_.struct_specializations);
58,2832,64,2861,6,statement,logos::compiler::BorrowChecker::collect_borrow_locals,std::vector<RefSrc>& out) const {
58,2833,13,2833,15,if guard,logos::compiler::BorrowChecker::collect_borrow_locals,if (!e) return;
0,2833,17,2833,23,if guard,logos::compiler::BorrowChecker::collect_borrow_locals,if (!e) return;
58,2834,9,2861,6,statement,logos::compiler::BorrowChecker::collect_borrow_locals,using EC = lir_schema::expr::Code;
28,2836,13,2842,23,switch arm,logos::compiler::BorrowChecker::collect_borrow_locals,case EC::AddrOf: {
28,2838,21,2838,40,if guard,logos::compiler::BorrowChecker::collect_borrow_locals,"if (var_has(NO_SLOT, n) && !param_names_.count(n)) {"
28,2838,21,2838,66,if guard,logos::compiler::BorrowChecker::collect_borrow_locals,"if (var_has(NO_SLOT, n) && !param_names_.count(n)) {"
28,2838,44,2838,66,if guard,logos::compiler::BorrowChecker::collect_borrow_locals,"if (var_has(NO_SLOT, n) && !param_names_.count(n)) {"
28,2838,68,2841,18,if guard,logos::compiler::BorrowChecker::collect_borrow_locals,"if (var_has(NO_SLOT, n) && !param_names_.count(n)) {"
0,2844,13,2846,23,switch arm,logos::compiler::BorrowChecker::collect_borrow_locals,case EC::AddrOfTemp:
27,2847,13,2850,23,switch arm,logos::compiler::BorrowChecker::collect_borrow_locals,case EC::StructLit:
30,2849,47,2849,82,statement,logos::compiler::BorrowChecker::collect_borrow_locals,"[&](lir_view::ExprRef fv) { collect_borrow_locals(fv, out); });"
0,2851,13,2854,23,switch arm,logos::compiler::BorrowChecker::collect_borrow_locals,case EC::TupleLit:
0,2853,47,2853,82,statement,logos::compiler::BorrowChecker::collect_borrow_locals,"[&](lir_view::ExprRef fv) { collect_borrow_locals(fv, out); });"
0,2855,13,2857,23,switch arm,logos::compiler::BorrowChecker::collect_borrow_locals,case EC::Cast:
3,2858,13,2859,23,switch arm,logos::compiler::BorrowChecker::collect_borrow_locals,default:
38771,2868,83,2870,6,call / statement,logos::compiler::BorrowChecker::place_of,"static std::string place_of(const std::string& root, const std::string& path) {"
38771,2869,16,2869,28,early return,logos::compiler::BorrowChecker::place_of,"return path.empty() ? root : root + ""."" + path;"
35495,2869,31,2869,35,early return,logos::compiler::BorrowChecker::place_of,"return path.empty() ? root : root + ""."" + path;"
3276,2869,38,2869,55,early return,logos::compiler::BorrowChecker::place_of,"return path.empty() ? root : root + ""."" + path;"
1599710,2871,80,2876,6,call / statement,logos::compiler::BorrowChecker::place_under,"static bool place_under(const std::string& place, const std::string& root) {"
1599710,2872,16,2872,29,early return,logos::compiler::BorrowChecker::place_under,return place == root ||
1528269,2873,16,2875,43,statement,logos::compiler::BorrowChecker::place_under,(place.size() > root.size() &&
1528269,2873,17,2873,43,statement,logos::compiler::BorrowChecker::place_under,(place.size() > root.size() &&
1528269,2873,17,2874,57,statement,logos::compiler::BorrowChecker::place_under,(place.size() > root.size() &&
704818,2874,17,2874,57,statement,logos::compiler::BorrowChecker::place_under,"place.compare(0, root.size(), root) == 0 &&"
13195,2875,17,2875,42,statement,logos::compiler::BorrowChecker::place_under,place[root.size()] == '.');
176974,2877,61,2880,6,call / statement,logos::compiler::BorrowChecker::place_root,static std::string place_root(const std::string& place) {
176974,2879,16,2879,38,early return,logos::compiler::BorrowChecker::place_root,"return d == std::string::npos ? place : place.substr(0, d);"
176025,2879,41,2879,46,early return,logos::compiler::BorrowChecker::place_root,"return d == std::string::npos ? place : place.substr(0, d);"
949,2879,49,2879,67,early return,logos::compiler::BorrowChecker::place_root,"return d == std::string::npos ? place : place.substr(0, d);"
12482565,2884,74,2894,6,statement,logos::compiler::BorrowChecker::ref_sources_under,std::vector<RefSrc> ref_sources_under(const std::string& root) const {
12482565,2886,13,2886,25,if guard,logos::compiler::BorrowChecker::ref_sources_under,if (root.empty()) return out;
0,2886,27,2886,37,if guard,logos::compiler::BorrowChecker::ref_sources_under,if (root.empty()) return out;
12482565,2887,9,2893,19,loop body,logos::compiler::BorrowChecker::ref_sources_under,"for (auto& [pl, srcs] : ref_borrow_sources_) {"
83309,2887,54,2892,10,loop body,logos::compiler::BorrowChecker::ref_sources_under,"for (auto& [pl, srcs] : ref_borrow_sources_) {"
83309,2888,17,2888,39,if guard,logos::compiler::BorrowChecker::ref_sources_under,"if (!place_under(pl, root)) continue;"
80498,2888,41,2888,49,if guard,logos::compiler::BorrowChecker::ref_sources_under,"if (!place_under(pl, root)) continue;"
2811,2889,13,2892,10,loop body,logos::compiler::BorrowChecker::ref_sources_under,for (auto& s : srcs)
2859,2890,17,2891,37,if guard,logos::compiler::BorrowChecker::ref_sources_under,"if (std::find(out.begin(), out.end(), s) == out.end())"
2859,2890,21,2890,70,if guard,logos::compiler::BorrowChecker::ref_sources_under,"if (std::find(out.begin(), out.end(), s) == out.end())"
2856,2891,21,2891,37,statement,logos::compiler::BorrowChecker::ref_sources_under,out.push_back(s);
40060068,2897,60,2903,6,call / statement,logos::compiler::BorrowChecker::erase_ref_sources_under,void erase_ref_sources_under(const std::string& place) {
40060068,2898,13,2898,26,if guard,logos::compiler::BorrowChecker::erase_ref_sources_under,if (place.empty()) return;
4,2898,28,2898,34,if guard,logos::compiler::BorrowChecker::erase_ref_sources_under,if (place.empty()) return;
40060064,2899,9,2903,6,loop body,logos::compiler::BorrowChecker::erase_ref_sources_under,for (auto it = ref_borrow_sources_.begin(); it != ref_borrow_sources_.end();)
40818262,2899,53,2899,84,loop body,logos::compiler::BorrowChecker::erase_ref_sources_under,for (auto it = ref_borrow_sources_.begin(); it != ref_borrow_sources_.end();)
758198,2900,13,2900,95,statement,logos::compiler::BorrowChecker::erase_ref_sources_under,"it = place_under(it->first, place) ? ref_borrow_sources_.erase(it) : std::next(it);"
758198,2900,18,2900,47,statement,logos::compiler::BorrowChecker::erase_ref_sources_under,"it = place_under(it->first, place) ? ref_borrow_sources_.erase(it) : std::next(it);"
35170,2900,50,2900,79,statement,logos::compiler::BorrowChecker::erase_ref_sources_under,"it = place_under(it->first, place) ? ref_borrow_sources_.erase(it) : std::next(it);"
723028,2900,82,2900,95,statement,logos::compiler::BorrowChecker::erase_ref_sources_under,"it = place_under(it->first, place) ? ref_borrow_sources_.erase(it) : std::next(it);"
40818262,2901,50,2901,78,loop body,logos::compiler::BorrowChecker::erase_ref_sources_under,for (auto it = ref_borrow_line_.begin(); it != ref_borrow_line_.end();)
758198,2902,13,2902,92,statement,logos::compiler::BorrowChecker::erase_ref_sources_under,"it = place_under(it->first, place) ? ref_borrow_line_.erase(it) : std::next(it);"
758198,2902,18,2902,47,statement,logos::compiler::BorrowChecker::erase_ref_sources_under,"it = place_under(it->first, place) ? ref_borrow_line_.erase(it) : std::next(it);"
35170,2902,50,2902,76,statement,logos::compiler::BorrowChecker::erase_ref_sources_under,"it = place_under(it->first, place) ? ref_borrow_line_.erase(it) : std::next(it);"
723028,2902,79,2902,92,statement,logos::compiler::BorrowChecker::erase_ref_sources_under,"it = place_under(it->first, place) ? ref_borrow_line_.erase(it) : std::next(it);"
4487534,2906,71,2914,6,call / statement,logos::compiler::BorrowChecker::store_ref_sources,"const std::string& self_name, uint32_t ln) {"
18059,2907,40,2913,10,loop body,logos::compiler::BorrowChecker::store_ref_sources,"for (auto& [sub, src] : pairs) {"
18059,2908,17,2908,38,if guard,logos::compiler::BorrowChecker::store_ref_sources,if (src.name == self_name) continue;  // a binding never borrows ITSELF
43,2908,40,2908,48,if guard,logos::compiler::BorrowChecker::store_ref_sources,if (src.name == self_name) continue;  // a binding never borrows ITSELF
18016,2909,13,2913,10,statement,logos::compiler::BorrowChecker::store_ref_sources,"auto& dst = ref_borrow_sources_[place_of(place, sub)];"
18016,2910,17,2910,68,if guard,logos::compiler::BorrowChecker::store_ref_sources,"if (std::find(dst.begin(), dst.end(), src) == dst.end())"
17725,2911,17,2911,35,statement,logos::compiler::BorrowChecker::store_ref_sources,dst.push_back(src);
4484357,2917,42,2924,6,call / statement,logos::compiler::BorrowChecker::record_ref_sources,uint32_t ln) {
4484357,2920,13,2920,17,if guard,logos::compiler::BorrowChecker::record_ref_sources,if (!val) return;
117,2920,19,2920,25,if guard,logos::compiler::BorrowChecker::record_ref_sources,if (!val) return;
4484240,2921,9,2924,6,statement,logos::compiler::BorrowChecker::record_ref_sources,"std::vector<std::pair<std::string, RefSrc>> pairs;"
2739,2932,62,2939,6,call / statement,logos::compiler::BorrowChecker::add_ref_sources,"lir_view::ExprRef val, uint32_t ln) {"
2739,2933,13,2933,25,if guard,logos::compiler::BorrowChecker::add_ref_sources,if (name.empty() || !val) return;
2739,2933,13,2933,33,if guard,logos::compiler::BorrowChecker::add_ref_sources,if (name.empty() || !val) return;
2739,2933,29,2933,33,if guard,logos::compiler::BorrowChecker::add_ref_sources,if (name.empty() || !val) return;
0,2933,35,2933,41,if guard,logos::compiler::BorrowChecker::add_ref_sources,if (name.empty() || !val) return;
2739,2934,9,2939,6,statement,logos::compiler::BorrowChecker::add_ref_sources,"std::string place = place_of(name, path);"
16397967,3012,69,3638,6,statement,logos::compiler::BorrowChecker::collect_ref_sources_paths,"std::vector<std::pair<std::string, RefSrc>>& out) const {"
16397967,3013,13,3013,15,if guard,logos::compiler::BorrowChecker::collect_ref_sources_paths,if (!e) return;
1195,3013,17,3013,23,if guard,logos::compiler::BorrowChecker::collect_ref_sources_paths,if (!e) return;
16396772,3014,9,3638,6,statement,logos::compiler::BorrowChecker::collect_ref_sources_paths,using EC = lir_schema::expr::Code;
38520,3021,41,3025,10,call / statement,logos::compiler::BorrowChecker::collect_ref_sources_paths,auto emit_src = [&](RefSrc src) {
6586,3023,17,3023,65,if guard,logos::compiler::BorrowChecker::collect_ref_sources_paths,if (pr.first == path && pr.second == src) return;
6586,3023,21,3023,37,if guard,logos::compiler::BorrowChecker::collect_ref_sources_paths,if (pr.first == path && pr.second == src) return;
6586,3023,21,3023,57,if guard,logos::compiler::BorrowChecker::collect_ref_sources_paths,if (pr.first == path && pr.second == src) return;
6552,3023,41,3023,57,if guard,logos::compiler::BorrowChecker::collect_ref_sources_paths,if (pr.first == path && pr.second == src) return;
1050,3023,59,3023,65,if guard,logos::compiler::BorrowChecker::collect_ref_sources_paths,if (pr.first == path && pr.second == src) return;
37470,3024,13,3025,10,statement,logos::compiler::BorrowChecker::collect_ref_sources_paths,"out.emplace_back(path, std::move(src));"
35718,3026,42,3029,10,call / statement,logos::compiler::BorrowChecker::collect_ref_sources_paths,auto emit = [&](std::string src) {
72666,3030,46,3032,10,call / statement,logos::compiler::BorrowChecker::collect_ref_sources_paths,auto sub = [&](const std::string& p) {
72666,3031,20,3031,32,early return,logos::compiler::BorrowChecker::collect_ref_sources_paths,"return path.empty() ? p : path + ""."" + p;"
71759,3031,35,3031,36,early return,logos::compiler::BorrowChecker::collect_ref_sources_paths,"return path.empty() ? p : path + ""."" + p;"
907,3031,39,3031,53,early return,logos::compiler::BorrowChecker::collect_ref_sources_paths,"return path.empty() ? p : path + ""."" + p;"
68169,3064,77,3067,10,call / statement,logos::compiler::BorrowChecker::collect_ref_sources_paths,"auto arg_retained_by_callee = [](const FlowSummary* fs, size_t idx) {"
68169,3065,20,3065,22,early return,logos::compiler::BorrowChecker::collect_ref_sources_paths,return fs && fs->available && idx < fs->nparams &&
68169,3065,20,3065,39,early return,logos::compiler::BorrowChecker::collect_ref_sources_paths,return fs && fs->available && idx < fs->nparams &&
68169,3065,20,3065,60,early return,logos::compiler::BorrowChecker::collect_ref_sources_paths,return fs && fs->available && idx < fs->nparams &&
32462,3065,26,3065,39,early return,logos::compiler::BorrowChecker::collect_ref_sources_paths,return fs && fs->available && idx < fs->nparams &&
32462,3065,43,3065,60,early return,logos::compiler::BorrowChecker::collect_ref_sources_paths,return fs && fs->available && idx < fs->nparams &&
32462,3066,20,3066,56,statement,logos::compiler::BorrowChecker::collect_ref_sources_paths,(fs->to_result & (1ull << idx)) != 0;
62796,3119,46,3163,10,statement,logos::compiler::BorrowChecker::collect_ref_sources_paths,[&](lir_view::ExprRef a) -> bool {
64079,3120,20,3120,21,loop body,logos::compiler::BorrowChecker::collect_ref_sources_paths,while (a && a.kind() == EC::Cast)
64079,3120,20,3120,45,loop body,logos::compiler::BorrowChecker::collect_ref_sources_paths,while (a && a.kind() == EC::Cast)
64079,3120,25,3120,45,loop body,logos::compiler::BorrowChecker::collect_ref_sources_paths,while (a && a.kind() == EC::Cast)
1283,3121,17,3121,53,statement,logos::compiler::BorrowChecker::collect_ref_sources_paths,a = lir_view::ECastView{a}.operand();
62796,3122,17,3122,19,if guard,logos::compiler::BorrowChecker::collect_ref_sources_paths,if (!a) return false;
0,3122,21,3122,33,if guard,logos::compiler::BorrowChecker::collect_ref_sources_paths,if (!a) return false;
62796,3123,13,3163,10,if guard,logos::compiler::BorrowChecker::collect_ref_sources_paths,if (a.kind() == EC::SliceLit || a.kind() == EC::AddrOf ||
62796,3123,17,3123,41,if guard,logos::compiler::BorrowChecker::collect_ref_sources_paths,if (a.kind() == EC::SliceLit || a.kind() == EC::AddrOf ||
62796,3123,17,3123,67,if guard,logos::compiler::BorrowChecker::collect_ref_sources_paths,if (a.kind() == EC::SliceLit || a.kind() == EC::AddrOf ||
62796,3123,17,3124,43,if guard,logos::compiler::BorrowChecker::collect_ref_sources_paths,if (a.kind() == EC::SliceLit || a.kind() == EC::AddrOf ||
62672,3123,45,3123,67,if guard,logos::compiler::BorrowChecker::collect_ref_sources_paths,if (a.kind() == EC::SliceLit || a.kind() == EC::AddrOf ||
62580,3124,17,3124,43,call / statement,logos::compiler::BorrowChecker::collect_ref_sources_paths,a.kind() == EC::AddrOfTemp)
285,3125,17,3125,28,early return,logos::compiler::BorrowChecker::collect_ref_sources_paths,return true;
62511,3132,13,3163,10,statement,logos::compiler::BorrowChecker::collect_ref_sources_paths,bool tied = false;
4,3134,13,3138,28,switch arm,logos::compiler::BorrowChecker::collect_ref_sources_paths,case EC::TupleLit:
8,3135,83,3137,18,call / statement,logos::compiler::BorrowChecker::collect_ref_sources_paths,lir_view::ETupleLitView{a}.each_elem([&](lir_view::ExprRef inner) {
8,3136,25,3136,30,if guard,logos::compiler::BorrowChecker::collect_ref_sources_paths,if (!tied && inner && forms_borrow_at_call(inner)) tied = true;
8,3136,25,3136,39,if guard,logos::compiler::BorrowChecker::collect_ref_sources_paths,if (!tied && inner && forms_borrow_at_call(inner)) tied = true;
8,3136,25,3136,70,if guard,logos::compiler::BorrowChecker::collect_ref_sources_paths,if (!tied && inner && forms_borrow_at_call(inner)) tied = true;
4,3136,34,3136,39,if guard,logos::compiler::BorrowChecker::collect_ref_sources_paths,if (!tied && inner && forms_borrow_at_call(inner)) tied = true;
4,3136,43,3136,70,if guard,logos::compiler::BorrowChecker::collect_ref_sources_paths,if (!tied && inner && forms_borrow_at_call(inner)) tied = true;
4,3136,72,3136,83,if guard,logos::compiler::BorrowChecker::collect_ref_sources_paths,if (!tied && inner && forms_borrow_at_call(inner)) tied = true;
10,3139,13,3144,28,switch arm,logos::compiler::BorrowChecker::collect_ref_sources_paths,case EC::StructLit:
26,3141,68,3143,22,statement,logos::compiler::BorrowChecker::collect_ref_sources_paths,"[&](std::string_view, lir_view::ExprRef inner) {"
26,3142,29,3142,34,if guard,logos::compiler::BorrowChecker::collect_ref_sources_paths,if (!tied && inner && forms_borrow_at_call(inner)) tied = true;
26,3142,29,3142,43,if guard,logos::compiler::BorrowChecker::collect_ref_sources_paths,if (!tied && inner && forms_borrow_at_call(inner)) tied = true;
26,3142,29,3142,74,if guard,logos::compiler::BorrowChecker::collect_ref_sources_paths,if (!tied && inner && forms_borrow_at_call(inner)) tied = true;
26,3142,38,3142,43,if guard,logos::compiler::BorrowChecker::collect_ref_sources_paths,if (!tied && inner && forms_borrow_at_call(inner)) tied = true;
26,3142,47,3142,74,if guard,logos::compiler::BorrowChecker::collect_ref_sources_paths,if (!tied && inner && forms_borrow_at_call(inner)) tied = true;
5,3142,76,3142,87,if guard,logos::compiler::BorrowChecker::collect_ref_sources_paths,if (!tied && inner && forms_borrow_at_call(inner)) tied = true;
4313,3145,13,3149,28,switch arm,logos::compiler::BorrowChecker::collect_ref_sources_paths,case EC::EnumLitData:
4313,3146,89,3148,18,call / statement,logos::compiler::BorrowChecker::collect_ref_sources_paths,lir_view::EEnumLitDataView{a}.each_payload([&](lir_view::ExprRef inner) {
4313,3147,25,3147,30,if guard,logos::compiler::BorrowChecker::collect_ref_sources_paths,if (!tied && inner && forms_borrow_at_call(inner)) tied = true;
4313,3147,25,3147,39,if guard,logos::compiler::BorrowChecker::collect_ref_sources_paths,if (!tied && inner && forms_borrow_at_call(inner)) tied = true;
4313,3147,25,3147,70,if guard,logos::compiler::BorrowChecker::collect_ref_sources_paths,if (!tied && inner && forms_borrow_at_call(inner)) tied = true;
4313,3147,34,3147,39,if guard,logos::compiler::BorrowChecker::collect_ref_sources_paths,if (!tied && inner && forms_borrow_at_call(inner)) tied = true;
4313,3147,43,3147,70,if guard,logos::compiler::BorrowChecker::collect_ref_sources_paths,if (!tied && inner && forms_borrow_at_call(inner)) tied = true;
3,3147,72,3147,83,if guard,logos::compiler::BorrowChecker::collect_ref_sources_paths,if (!tied && inner && forms_borrow_at_call(inner)) tied = true;
0,3150,13,3154,28,switch arm,logos::compiler::BorrowChecker::collect_ref_sources_paths,case EC::ArrLit:
0,3151,81,3153,18,call / statement,logos::compiler::BorrowChecker::collect_ref_sources_paths,lir_view::EArrLitView{a}.each_elem([&](lir_view::ExprRef inner) {
0,3152,25,3152,30,if guard,logos::compiler::BorrowChecker::collect_ref_sources_paths,if (!tied && inner && forms_borrow_at_call(inner)) tied = true;
0,3152,25,3152,39,if guard,logos::compiler::BorrowChecker::collect_ref_sources_paths,if (!tied && inner && forms_borrow_at_call(inner)) tied = true;
0,3152,25,3152,70,if guard,logos::compiler::BorrowChecker::collect_ref_sources_paths,if (!tied && inner && forms_borrow_at_call(inner)) tied = true;
0,3152,34,3152,39,if guard,logos::compiler::BorrowChecker::collect_ref_sources_paths,if (!tied && inner && forms_borrow_at_call(inner)) tied = true;
0,3152,43,3152,70,if guard,logos::compiler::BorrowChecker::collect_ref_sources_paths,if (!tied && inner && forms_borrow_at_call(inner)) tied = true;
0,3152,72,3152,83,if guard,logos::compiler::BorrowChecker::collect_ref_sources_paths,if (!tied && inner && forms_borrow_at_call(inner)) tied = true;
58184,3155,13,3155,27,switch arm,logos::compiler::BorrowChecker::collect_ref_sources_paths,default: break;
58184,3157,13,3163,10,if guard,logos::compiler::BorrowChecker::collect_ref_sources_paths,if (a.kind() != EC::Call) return false;
58184,3157,17,3157,37,if guard,logos::compiler::BorrowChecker::collect_ref_sources_paths,if (a.kind() != EC::Call) return false;
57876,3157,39,3157,51,if guard,logos::compiler::BorrowChecker::collect_ref_sources_paths,if (a.kind() != EC::Call) return false;
308,3158,13,3163,10,if guard,logos::compiler::BorrowChecker::collect_ref_sources_paths,if (!is_ref_kind(a.type(pool))) return false;
308,3158,17,3158,43,if guard,logos::compiler::BorrowChecker::collect_ref_sources_paths,if (!is_ref_kind(a.type(pool))) return false;
166,3158,45,3158,57,if guard,logos::compiler::BorrowChecker::collect_ref_sources_paths,if (!is_ref_kind(a.type(pool))) return false;
142,3159,13,3162,24,call / statement,logos::compiler::BorrowChecker::collect_ref_sources_paths,lir_view::ECallView{a}.each_arg([&](lir_view::ExprRef inner) {
236,3159,74,3161,14,call / statement,logos::compiler::BorrowChecker::collect_ref_sources_paths,lir_view::ECallView{a}.each_arg([&](lir_view::ExprRef inner) {
236,3160,21,3160,26,if guard,logos::compiler::BorrowChecker::collect_ref_sources_paths,if (!tied && inner && forms_borrow_at_call(inner)) tied = true;
236,3160,21,3160,35,if guard,logos::compiler::BorrowChecker::collect_ref_sources_paths,if (!tied && inner && forms_borrow_at_call(inner)) tied = true;
236,3160,21,3160,66,if guard,logos::compiler::BorrowChecker::collect_ref_sources_paths,if (!tied && inner && forms_borrow_at_call(inner)) tied = true;
150,3160,30,3160,35,if guard,logos::compiler::BorrowChecker::collect_ref_sources_paths,if (!tied && inner && forms_borrow_at_call(inner)) tied = true;
150,3160,39,3160,66,if guard,logos::compiler::BorrowChecker::collect_ref_sources_paths,if (!tied && inner && forms_borrow_at_call(inner)) tied = true;
88,3160,68,3160,79,if guard,logos::compiler::BorrowChecker::collect_ref_sources_paths,if (!tied && inner && forms_borrow_at_call(inner)) tied = true;
33147,3165,13,3169,23,switch arm,logos::compiler::BorrowChecker::collect_ref_sources_paths,case EC::AddrOf: {
33147,3167,21,3167,40,if guard,logos::compiler::BorrowChecker::collect_ref_sources_paths,"if (var_has(NO_SLOT, n) && !param_names_.count(n))"
33147,3167,21,3167,66,if guard,logos::compiler::BorrowChecker::collect_ref_sources_paths,"if (var_has(NO_SLOT, n) && !param_names_.count(n))"
33138,3167,44,3167,66,if guard,logos::compiler::BorrowChecker::collect_ref_sources_paths,"if (var_has(NO_SLOT, n) && !param_names_.count(n))"
32832,3168,21,3168,39,statement,logos::compiler::BorrowChecker::collect_ref_sources_paths,emit(std::move(n));
34765,3171,13,3636,23,switch arm,logos::compiler::BorrowChecker::collect_ref_sources_paths,case EC::AddrOfTemp: {
34765,3175,21,3175,36,if guard,logos::compiler::BorrowChecker::collect_ref_sources_paths,"if (bp.root.empty() || !var_has(bp.root_slot, bp.root) ||"
34765,3175,21,3175,71,if guard,logos::compiler::BorrowChecker::collect_ref_sources_paths,"if (bp.root.empty() || !var_has(bp.root_slot, bp.root) ||"
34765,3175,21,3176,48,if guard,logos::compiler::BorrowChecker::collect_ref_sources_paths,"if (bp.root.empty() || !var_has(bp.root_slot, bp.root) ||"
24470,3175,40,3175,71,if guard,logos::compiler::BorrowChecker::collect_ref_sources_paths,"if (bp.root.empty() || !var_has(bp.root_slot, bp.root) ||"
24463,3176,21,3176,48,statement,logos::compiler::BorrowChecker::collect_ref_sources_paths,param_names_.count(bp.root)) return;
23880,3176,50,3176,56,statement,logos::compiler::BorrowChecker::collect_ref_sources_paths,param_names_.count(bp.root)) return;
10885,3206,17,3636,23,if guard,logos::compiler::BorrowChecker::collect_ref_sources_paths,if (bp.through_ref) {
10885,3206,21,3206,35,if guard,logos::compiler::BorrowChecker::collect_ref_sources_paths,if (bp.through_ref) {
8011,3206,37,3210,18,if guard,logos::compiler::BorrowChecker::collect_ref_sources_paths,if (bp.through_ref) {
113,3208,64,3208,75,loop body,logos::compiler::BorrowChecker::collect_ref_sources_paths,for (auto& s : ref_sources_under(bp.root)) emit_src(s);
2874,3211,17,3212,23,statement,logos::compiler::BorrowChecker::collect_ref_sources_paths,emit(bp.root);
18165,3214,13,3220,23,switch arm,logos::compiler::BorrowChecker::collect_ref_sources_paths,case EC::StructLit:
58407,3216,71,3219,22,statement,logos::compiler::BorrowChecker::collect_ref_sources_paths,"[&](std::string_view fname, lir_view::ExprRef fv) {"
58407,3218,33,3218,46,statement,logos::compiler::BorrowChecker::collect_ref_sources_paths,"fv, fname.empty() ? path : sub(std::string(fname)), out);"
0,3218,49,3218,53,statement,logos::compiler::BorrowChecker::collect_ref_sources_paths,"fv, fname.empty() ? path : sub(std::string(fname)), out);"
58407,3218,56,3218,79,statement,logos::compiler::BorrowChecker::collect_ref_sources_paths,"fv, fname.empty() ? path : sub(std::string(fname)), out);"
7714,3221,13,3227,23,switch arm,logos::compiler::BorrowChecker::collect_ref_sources_paths,case EC::TupleLit: {
14259,3224,47,3226,22,statement,logos::compiler::BorrowChecker::collect_ref_sources_paths,[&](lir_view::ExprRef fv) {
7688,3229,13,3234,23,switch arm,logos::compiler::BorrowChecker::collect_ref_sources_paths,case EC::ArrLit:
45869,3233,47,3233,92,statement,logos::compiler::BorrowChecker::collect_ref_sources_paths,"[&](lir_view::ExprRef fv) { collect_ref_sources_paths(fv, path, out); });"
64026,3235,13,3237,23,switch arm,logos::compiler::BorrowChecker::collect_ref_sources_paths,case EC::Cast:
155547,3238,13,3277,23,switch arm,logos::compiler::BorrowChecker::collect_ref_sources_paths,case EC::MethodCall: {
155547,3246,30,3246,36,statement,logos::compiler::BorrowChecker::collect_ref_sources_paths,bool fat   = !plain && is_ref_kind(rt);
152921,3246,40,3246,55,statement,logos::compiler::BorrowChecker::collect_ref_sources_paths,bool fat   = !plain && is_ref_kind(rt);
155547,3255,32,3255,34,statement,logos::compiler::BorrowChecker::collect_ref_sources_paths,bool by_flow = fs && fs->available && fs->to_result != 0 &&
155547,3255,32,3255,51,statement,logos::compiler::BorrowChecker::collect_ref_sources_paths,bool by_flow = fs && fs->available && fs->to_result != 0 &&
155547,3255,32,3255,73,statement,logos::compiler::BorrowChecker::collect_ref_sources_paths,bool by_flow = fs && fs->available && fs->to_result != 0 &&
72661,3255,38,3255,51,statement,logos::compiler::BorrowChecker::collect_ref_sources_paths,bool by_flow = fs && fs->available && fs->to_result != 0 &&
72661,3255,55,3255,73,statement,logos::compiler::BorrowChecker::collect_ref_sources_paths,bool by_flow = fs && fs->available && fs->to_result != 0 &&
16850,3256,32,3256,57,statement,logos::compiler::BorrowChecker::collect_ref_sources_paths,type_may_carry_borrow(rt);
155547,3257,21,3257,26,if guard,logos::compiler::BorrowChecker::collect_ref_sources_paths,if (plain || bc || (fat && result_borrows_self(v)) || by_flow) {
155547,3257,21,3257,32,if guard,logos::compiler::BorrowChecker::collect_ref_sources_paths,if (plain || bc || (fat && result_borrows_self(v)) || by_flow) {
155547,3257,21,3257,67,if guard,logos::compiler::BorrowChecker::collect_ref_sources_paths,if (plain || bc || (fat && result_borrows_self(v)) || by_flow) {
155547,3257,21,3257,78,if guard,logos::compiler::BorrowChecker::collect_ref_sources_paths,if (plain || bc || (fat && result_borrows_self(v)) || by_flow) {
152921,3257,30,3257,32,if guard,logos::compiler::BorrowChecker::collect_ref_sources_paths,if (plain || bc || (fat && result_borrows_self(v)) || by_flow) {
147588,3257,36,3257,67,if guard,logos::compiler::BorrowChecker::collect_ref_sources_paths,if (plain || bc || (fat && result_borrows_self(v)) || by_flow) {
147588,3257,37,3257,40,if guard,logos::compiler::BorrowChecker::collect_ref_sources_paths,if (plain || bc || (fat && result_borrows_self(v)) || by_flow) {
2297,3257,44,3257,66,if guard,logos::compiler::BorrowChecker::collect_ref_sources_paths,if (plain || bc || (fat && result_borrows_self(v)) || by_flow) {
145489,3257,71,3257,78,if guard,logos::compiler::BorrowChecker::collect_ref_sources_paths,if (plain || bc || (fat && result_borrows_self(v)) || by_flow) {
20212,3257,80,3276,18,if guard,logos::compiler::BorrowChecker::collect_ref_sources_paths,if (plain || bc || (fat && result_borrows_self(v)) || by_flow) {
20212,3259,25,3259,30,if guard,logos::compiler::BorrowChecker::collect_ref_sources_paths,if (plain || bc || (fat && result_borrows_self(v)) ||
20212,3259,25,3259,36,if guard,logos::compiler::BorrowChecker::collect_ref_sources_paths,if (plain || bc || (fat && result_borrows_self(v)) ||
20212,3259,25,3259,71,if guard,logos::compiler::BorrowChecker::collect_ref_sources_paths,if (plain || bc || (fat && result_borrows_self(v)) ||
20212,3259,25,3260,54,if guard,logos::compiler::BorrowChecker::collect_ref_sources_paths,if (plain || bc || (fat && result_borrows_self(v)) ||
17586,3259,34,3259,36,if guard,logos::compiler::BorrowChecker::collect_ref_sources_paths,if (plain || bc || (fat && result_borrows_self(v)) ||
12253,3259,40,3259,71,if guard,logos::compiler::BorrowChecker::collect_ref_sources_paths,if (plain || bc || (fat && result_borrows_self(v)) ||
12253,3259,41,3259,44,if guard,logos::compiler::BorrowChecker::collect_ref_sources_paths,if (plain || bc || (fat && result_borrows_self(v)) ||
2113,3259,48,3259,70,if guard,logos::compiler::BorrowChecker::collect_ref_sources_paths,if (plain || bc || (fat && result_borrows_self(v)) ||
10154,3260,25,3260,54,call / statement,logos::compiler::BorrowChecker::collect_ref_sources_paths,"arg_retained_by_callee(fs, 0))"
20190,3261,25,3261,75,statement,logos::compiler::BorrowChecker::collect_ref_sources_paths,"collect_ref_sources_paths(v.receiver(), path, out);"
4924,3263,57,3275,22,call / statement,logos::compiler::BorrowChecker::collect_ref_sources_paths,v.each_arg([&](lir_view::ExprRef a) {
4924,3270,29,3270,30,if guard,logos::compiler::BorrowChecker::collect_ref_sources_paths,if (a && (is_plain_ref_kind(a.type(pool)) ||
4924,3270,29,3273,65,if guard,logos::compiler::BorrowChecker::collect_ref_sources_paths,if (a && (is_plain_ref_kind(a.type(pool)) ||
4924,3270,34,3273,65,if guard,logos::compiler::BorrowChecker::collect_ref_sources_paths,if (a && (is_plain_ref_kind(a.type(pool)) ||
4924,3270,35,3270,66,if guard,logos::compiler::BorrowChecker::collect_ref_sources_paths,if (a && (is_plain_ref_kind(a.type(pool)) ||
4924,3270,35,3271,72,if guard,logos::compiler::BorrowChecker::collect_ref_sources_paths,if (a && (is_plain_ref_kind(a.type(pool)) ||
4924,3270,35,3272,58,if guard,logos::compiler::BorrowChecker::collect_ref_sources_paths,if (a && (is_plain_ref_kind(a.type(pool)) ||
4833,3271,35,3271,72,statement,logos::compiler::BorrowChecker::collect_ref_sources_paths,is_borrow_carrying_type(a.type(pool)) ||
4320,3272,35,3272,58,statement,logos::compiler::BorrowChecker::collect_ref_sources_paths,forms_borrow_at_call(a) ||
4320,3273,35,3273,64,call / statement,logos::compiler::BorrowChecker::collect_ref_sources_paths,"arg_retained_by_callee(fs, i)))"
626,3274,29,3274,68,statement,logos::compiler::BorrowChecker::collect_ref_sources_paths,"collect_ref_sources_paths(a, path, out);"
1007213,3279,13,3282,23,switch arm,logos::compiler::BorrowChecker::collect_ref_sources_paths,case EC::EnumLitData:
1007301,3281,47,3281,92,statement,logos::compiler::BorrowChecker::collect_ref_sources_paths,"[&](lir_view::ExprRef pl) { collect_ref_sources_paths(pl, path, out); });"
24449,3310,13,3314,23,switch arm,logos::compiler::BorrowChecker::collect_ref_sources_paths,case EC::FieldRead:
24449,3311,21,3311,56,if guard,logos::compiler::BorrowChecker::collect_ref_sources_paths,if (type_may_carry_borrow(e.type(pool)))
1284,3312,21,3313,75,statement,logos::compiler::BorrowChecker::collect_ref_sources_paths,collect_ref_sources_paths(
14505,3329,13,3333,23,switch arm,logos::compiler::BorrowChecker::collect_ref_sources_paths,case EC::TupleIndex:
14505,3330,21,3330,56,if guard,logos::compiler::BorrowChecker::collect_ref_sources_paths,if (type_may_carry_borrow(e.type(pool)))
5303,3331,21,3332,76,statement,logos::compiler::BorrowChecker::collect_ref_sources_paths,collect_ref_sources_paths(
6152,3334,13,3338,23,switch arm,logos::compiler::BorrowChecker::collect_ref_sources_paths,case EC::IndexRead:
6152,3335,21,3335,56,if guard,logos::compiler::BorrowChecker::collect_ref_sources_paths,if (type_may_carry_borrow(e.type(pool)))
1721,3336,21,3337,75,statement,logos::compiler::BorrowChecker::collect_ref_sources_paths,collect_ref_sources_paths(
322,3364,13,3367,23,switch arm,logos::compiler::BorrowChecker::collect_ref_sources_paths,case EC::SliceLit:
807,3368,13,3372,23,switch arm,logos::compiler::BorrowChecker::collect_ref_sources_paths,case EC::SliceIndex:
807,3369,21,3369,56,if guard,logos::compiler::BorrowChecker::collect_ref_sources_paths,if (type_may_carry_borrow(e.type(pool)))
103,3370,21,3371,73,statement,logos::compiler::BorrowChecker::collect_ref_sources_paths,collect_ref_sources_paths(
3751,3374,13,3378,23,switch arm,logos::compiler::BorrowChecker::collect_ref_sources_paths,case EC::IfExpr: {
44831,3380,13,3385,23,switch arm,logos::compiler::BorrowChecker::collect_ref_sources_paths,case EC::BlockExpr:
4318,3426,13,3431,23,switch arm,logos::compiler::BorrowChecker::collect_ref_sources_paths,case EC::MatchExpr:
8678,3428,53,3430,22,statement,logos::compiler::BorrowChecker::collect_ref_sources_paths,[&](lir_view::EMatchArmRef arm) {
0,3461,13,3463,23,switch arm,logos::compiler::BorrowChecker::collect_ref_sources_paths,case EC::Try:
1444,3464,13,3636,23,switch arm,logos::compiler::BorrowChecker::collect_ref_sources_paths,case EC::Deref:
1444,3485,21,3485,57,if guard,logos::compiler::BorrowChecker::collect_ref_sources_paths,if (!type_may_carry_borrow(e.type(pool))) return;
1368,3485,59,3485,65,if guard,logos::compiler::BorrowChecker::collect_ref_sources_paths,if (!type_may_carry_borrow(e.type(pool))) return;
76,3486,17,3636,23,statement,logos::compiler::BorrowChecker::collect_ref_sources_paths,{
76,3488,34,3488,36,statement,logos::compiler::BorrowChecker::collect_ref_sources_paths,TypeRef ot = op ? op.type(pool) : TypeRef(nullptr);
76,3488,39,3488,52,statement,logos::compiler::BorrowChecker::collect_ref_sources_paths,TypeRef ot = op ? op.type(pool) : TypeRef(nullptr);
0,3488,55,3488,71,statement,logos::compiler::BorrowChecker::collect_ref_sources_paths,TypeRef ot = op ? op.type(pool) : TypeRef(nullptr);
76,3489,25,3489,27,if guard,logos::compiler::BorrowChecker::collect_ref_sources_paths,if (ot && ot.kind() == LogosType::Kind::Ptr) return;
76,3489,25,3489,64,if guard,logos::compiler::BorrowChecker::collect_ref_sources_paths,if (ot && ot.kind() == LogosType::Kind::Ptr) return;
76,3489,31,3489,64,if guard,logos::compiler::BorrowChecker::collect_ref_sources_paths,if (ot && ot.kind() == LogosType::Kind::Ptr) return;
50,3489,66,3489,72,if guard,logos::compiler::BorrowChecker::collect_ref_sources_paths,if (ot && ot.kind() == LogosType::Kind::Ptr) return;
26,3490,21,3492,23,statement,logos::compiler::BorrowChecker::collect_ref_sources_paths,"collect_ref_sources_paths(op, path, out);"
944,3501,13,3636,23,switch arm,logos::compiler::BorrowChecker::collect_ref_sources_paths,case EC::ClosureCall:
1360,3502,13,3636,23,switch arm,logos::compiler::BorrowChecker::collect_ref_sources_paths,case EC::FnPtrCall: {
1360,3504,21,3504,37,if guard,logos::compiler::BorrowChecker::collect_ref_sources_paths,if (!is_ref_kind(rt) && !is_borrow_carrying_type(rt)) return;
1360,3504,21,3504,69,if guard,logos::compiler::BorrowChecker::collect_ref_sources_paths,if (!is_ref_kind(rt) && !is_borrow_carrying_type(rt)) return;
1339,3504,41,3504,69,if guard,logos::compiler::BorrowChecker::collect_ref_sources_paths,if (!is_ref_kind(rt) && !is_borrow_carrying_type(rt)) return;
1321,3504,71,3504,77,if guard,logos::compiler::BorrowChecker::collect_ref_sources_paths,if (!is_ref_kind(rt) && !is_borrow_carrying_type(rt)) return;
39,3505,17,3636,23,statement,logos::compiler::BorrowChecker::collect_ref_sources_paths,const auto* caps = closure_caps_of(call_callee(e));
39,3506,21,3506,25,if guard,logos::compiler::BorrowChecker::collect_ref_sources_paths,if (caps) {
12,3506,27,3510,18,if guard,logos::compiler::BorrowChecker::collect_ref_sources_paths,if (caps) {
12,3508,25,3508,83,if guard,logos::compiler::BorrowChecker::collect_ref_sources_paths,"if (var_has(NO_SLOT, c) && !param_names_.count(c)) emit(c);"
12,3508,29,3508,48,if guard,logos::compiler::BorrowChecker::collect_ref_sources_paths,"if (var_has(NO_SLOT, c) && !param_names_.count(c)) emit(c);"
12,3508,29,3508,74,if guard,logos::compiler::BorrowChecker::collect_ref_sources_paths,"if (var_has(NO_SLOT, c) && !param_names_.count(c)) emit(c);"
12,3508,52,3508,74,if guard,logos::compiler::BorrowChecker::collect_ref_sources_paths,"if (var_has(NO_SLOT, c) && !param_names_.count(c)) emit(c);"
12,3508,76,3508,83,if guard,logos::compiler::BorrowChecker::collect_ref_sources_paths,"if (var_has(NO_SLOT, c) && !param_names_.count(c)) emit(c);"
27,3511,17,3590,23,if guard,logos::compiler::BorrowChecker::collect_ref_sources_paths,if (e.kind() == EC::FnPtrCall) {
27,3511,21,3511,46,if guard,logos::compiler::BorrowChecker::collect_ref_sources_paths,if (e.kind() == EC::FnPtrCall) {
26,3511,48,3589,18,if guard,logos::compiler::BorrowChecker::collect_ref_sources_paths,if (e.kind() == EC::FnPtrCall) {
27,3580,83,3588,22,call / statement,logos::compiler::BorrowChecker::collect_ref_sources_paths,lir_view::EFnPtrCallView{e}.each_arg([&](lir_view::ExprRef a) {
27,3582,29,3582,30,if guard,logos::compiler::BorrowChecker::collect_ref_sources_paths,if (a && (is_plain_ref_kind(a.type(pool)) ||
27,3582,29,3586,65,if guard,logos::compiler::BorrowChecker::collect_ref_sources_paths,if (a && (is_plain_ref_kind(a.type(pool)) ||
27,3582,34,3586,65,if guard,logos::compiler::BorrowChecker::collect_ref_sources_paths,if (a && (is_plain_ref_kind(a.type(pool)) ||
27,3582,35,3582,66,if guard,logos::compiler::BorrowChecker::collect_ref_sources_paths,if (a && (is_plain_ref_kind(a.type(pool)) ||
27,3582,35,3583,72,if guard,logos::compiler::BorrowChecker::collect_ref_sources_paths,if (a && (is_plain_ref_kind(a.type(pool)) ||
27,3582,35,3584,58,if guard,logos::compiler::BorrowChecker::collect_ref_sources_paths,if (a && (is_plain_ref_kind(a.type(pool)) ||
27,3582,35,3585,69,if guard,logos::compiler::BorrowChecker::collect_ref_sources_paths,if (a && (is_plain_ref_kind(a.type(pool)) ||
8,3583,35,3583,72,statement,logos::compiler::BorrowChecker::collect_ref_sources_paths,is_borrow_carrying_type(a.type(pool)) ||
8,3584,35,3584,58,statement,logos::compiler::BorrowChecker::collect_ref_sources_paths,forms_borrow_at_call(a) ||
8,3585,35,3585,69,statement,logos::compiler::BorrowChecker::collect_ref_sources_paths,(!fs && is_ref_kind(a.type(pool))) ||
8,3585,36,3585,39,statement,logos::compiler::BorrowChecker::collect_ref_sources_paths,(!fs && is_ref_kind(a.type(pool))) ||
3,3585,43,3585,68,statement,logos::compiler::BorrowChecker::collect_ref_sources_paths,(!fs && is_ref_kind(a.type(pool))) ||
5,3586,35,3586,64,call / statement,logos::compiler::BorrowChecker::collect_ref_sources_paths,"arg_retained_by_callee(fs, i)))"
25,3587,29,3587,68,statement,logos::compiler::BorrowChecker::collect_ref_sources_paths,"collect_ref_sources_paths(a, path, out);"
192105,3592,13,3625,23,switch arm,logos::compiler::BorrowChecker::collect_ref_sources_paths,case EC::Call: {
192105,3612,21,3612,56,if guard,logos::compiler::BorrowChecker::collect_ref_sources_paths,if (type_may_carry_borrow(e.type(pool))) {
35405,3612,58,3624,18,if guard,logos::compiler::BorrowChecker::collect_ref_sources_paths,if (type_may_carry_borrow(e.type(pool))) {
64514,3615,57,3623,22,call / statement,logos::compiler::BorrowChecker::collect_ref_sources_paths,v.each_arg([&](lir_view::ExprRef a) {
64514,3618,29,3618,30,if guard,logos::compiler::BorrowChecker::collect_ref_sources_paths,if (a && (is_plain_ref_kind(a.type(pool)) ||
64514,3618,29,3621,65,if guard,logos::compiler::BorrowChecker::collect_ref_sources_paths,if (a && (is_plain_ref_kind(a.type(pool)) ||
64514,3618,34,3621,65,if guard,logos::compiler::BorrowChecker::collect_ref_sources_paths,if (a && (is_plain_ref_kind(a.type(pool)) ||
64514,3618,35,3618,66,if guard,logos::compiler::BorrowChecker::collect_ref_sources_paths,if (a && (is_plain_ref_kind(a.type(pool)) ||
64514,3618,35,3619,72,if guard,logos::compiler::BorrowChecker::collect_ref_sources_paths,if (a && (is_plain_ref_kind(a.type(pool)) ||
64514,3618,35,3620,58,if guard,logos::compiler::BorrowChecker::collect_ref_sources_paths,if (a && (is_plain_ref_kind(a.type(pool)) ||
56309,3619,35,3619,72,statement,logos::compiler::BorrowChecker::collect_ref_sources_paths,is_borrow_carrying_type(a.type(pool)) ||
53975,3620,35,3620,58,statement,logos::compiler::BorrowChecker::collect_ref_sources_paths,forms_borrow_at_call(a) ||
53690,3621,35,3621,64,call / statement,logos::compiler::BorrowChecker::collect_ref_sources_paths,"arg_retained_by_callee(fs, i)))"
22598,3622,29,3622,68,statement,logos::compiler::BorrowChecker::collect_ref_sources_paths,"collect_ref_sources_paths(a, path, out);"
12474483,3630,13,3633,23,switch arm,logos::compiler::BorrowChecker::collect_ref_sources_paths,case EC::VarRef: {
2689,3632,54,3632,65,loop body,logos::compiler::BorrowChecker::collect_ref_sources_paths,for (auto& s : ref_sources_under(n)) emit_src(s);
2299980,3635,13,3636,23,switch arm,logos::compiler::BorrowChecker::collect_ref_sources_paths,default:
10595507,3643,67,3649,6,statement,logos::compiler::BorrowChecker::collect_ref_sources,std::vector<std::string>& out) const {
19879,3647,13,3648,46,if guard,logos::compiler::BorrowChecker::collect_ref_sources,"if (std::find(out.begin(), out.end(), pr.second.name) == out.end())"
19879,3647,17,3647,79,if guard,logos::compiler::BorrowChecker::collect_ref_sources,"if (std::find(out.begin(), out.end(), pr.second.name) == out.end())"
19879,3648,17,3648,46,statement,logos::compiler::BorrowChecker::collect_ref_sources,out.push_back(pr.second.name);
808,3656,79,3661,6,call / statement,logos::compiler::BorrowChecker::path_prefix_or_eq,"static bool path_prefix_or_eq(const std::string& a, const std::string& b) {"
808,3657,13,3657,22,if guard,logos::compiler::BorrowChecker::path_prefix_or_eq,if (a.empty()) return true;  // whole-value covers everything
3,3657,24,3657,35,if guard,logos::compiler::BorrowChecker::path_prefix_or_eq,if (a.empty()) return true;  // whole-value covers everything
805,3658,9,3661,6,if guard,logos::compiler::BorrowChecker::path_prefix_or_eq,if (b.size() < a.size()) return false;
805,3658,13,3658,32,if guard,logos::compiler::BorrowChecker::path_prefix_or_eq,if (b.size() < a.size()) return false;
146,3658,34,3658,46,if guard,logos::compiler::BorrowChecker::path_prefix_or_eq,if (b.size() < a.size()) return false;
659,3659,9,3661,6,if guard,logos::compiler::BorrowChecker::path_prefix_or_eq,"if (b.compare(0, a.size(), a) != 0) return false;"
659,3659,13,3659,43,if guard,logos::compiler::BorrowChecker::path_prefix_or_eq,"if (b.compare(0, a.size(), a) != 0) return false;"
578,3659,45,3659,57,if guard,logos::compiler::BorrowChecker::path_prefix_or_eq,"if (b.compare(0, a.size(), a) != 0) return false;"
81,3660,9,3660,58,early return,logos::compiler::BorrowChecker::path_prefix_or_eq,return b.size() == a.size() || b[a.size()] == '.';
81,3660,16,3660,36,early return,logos::compiler::BorrowChecker::path_prefix_or_eq,return b.size() == a.size() || b[a.size()] == '.';
18,3660,40,3660,58,early return,logos::compiler::BorrowChecker::path_prefix_or_eq,return b.size() == a.size() || b[a.size()] == '.';
436,3662,75,3664,6,call / statement,logos::compiler::BorrowChecker::paths_overlap,"static bool paths_overlap(const std::string& a, const std::string& b) {"
436,3663,16,3663,39,early return,logos::compiler::BorrowChecker::paths_overlap,"return path_prefix_or_eq(a, b) || path_prefix_or_eq(b, a);"
363,3663,43,3663,66,early return,logos::compiler::BorrowChecker::paths_overlap,"return path_prefix_or_eq(a, b) || path_prefix_or_eq(b, a);"
21976009,3666,58,3669,6,call / statement,logos::compiler::BorrowChecker::fmt_path,const std::string& path) {
21976009,3667,13,3667,25,if guard,logos::compiler::BorrowChecker::fmt_path,if (path.empty()) return target;
21372708,3667,27,3667,40,if guard,logos::compiler::BorrowChecker::fmt_path,if (path.empty()) return target;
603301,3668,9,3668,35,early return,logos::compiler::BorrowChecker::fmt_path,"return target + ""."" + path;"
30490642,3683,66,3711,6,call / statement,logos::compiler::BorrowChecker::field_borrow_conflicts,"uint32_t line, const char* verb) {"
166,3684,46,3691,10,loop body,logos::compiler::BorrowChecker::field_borrow_conflicts,for (auto& p : st.mut_field_borrows) {
166,3685,17,3685,29,if guard,logos::compiler::BorrowChecker::field_borrow_conflicts,"if (path.empty() || paths_overlap(path, p)) {"
166,3685,17,3685,55,if guard,logos::compiler::BorrowChecker::field_borrow_conflicts,"if (path.empty() || paths_overlap(path, p)) {"
161,3685,33,3685,55,if guard,logos::compiler::BorrowChecker::field_borrow_conflicts,"if (path.empty() || paths_overlap(path, p)) {"
25,3685,57,3690,14,if guard,logos::compiler::BorrowChecker::field_borrow_conflicts,"if (path.empty() || paths_overlap(path, p)) {"
30490617,3692,9,3711,6,if guard,logos::compiler::BorrowChecker::field_borrow_conflicts,if (need_exclusive) {
30490617,3692,13,3692,27,if guard,logos::compiler::BorrowChecker::field_borrow_conflicts,if (need_exclusive) {
1035217,3692,29,3709,10,if guard,logos::compiler::BorrowChecker::field_borrow_conflicts,if (need_exclusive) {
13,3693,58,3708,14,loop body,logos::compiler::BorrowChecker::field_borrow_conflicts,"for (auto& [p, c] : st.shared_field_borrows) {"
13,3701,21,3701,27,if guard,logos::compiler::BorrowChecker::field_borrow_conflicts,"if (c <= 0 && !logos::probe::on(""sharedzero_live_conflict"")) continue;"
13,3701,21,3701,76,if guard,logos::compiler::BorrowChecker::field_borrow_conflicts,"if (c <= 0 && !logos::probe::on(""sharedzero_live_conflict"")) continue;"
1,3701,31,3701,76,if guard,logos::compiler::BorrowChecker::field_borrow_conflicts,"if (c <= 0 && !logos::probe::on(""sharedzero_live_conflict"")) continue;"
1,3701,78,3701,86,if guard,logos::compiler::BorrowChecker::field_borrow_conflicts,"if (c <= 0 && !logos::probe::on(""sharedzero_live_conflict"")) continue;"
12,3702,17,3708,14,if guard,logos::compiler::BorrowChecker::field_borrow_conflicts,"if (path.empty() || paths_overlap(path, p)) {"
12,3702,21,3702,33,if guard,logos::compiler::BorrowChecker::field_borrow_conflicts,"if (path.empty() || paths_overlap(path, p)) {"
12,3702,21,3702,59,if guard,logos::compiler::BorrowChecker::field_borrow_conflicts,"if (path.empty() || paths_overlap(path, p)) {"
4,3702,37,3702,59,if guard,logos::compiler::BorrowChecker::field_borrow_conflicts,"if (path.empty() || paths_overlap(path, p)) {"
11,3702,61,3707,18,if guard,logos::compiler::BorrowChecker::field_borrow_conflicts,"if (path.empty() || paths_overlap(path, p)) {"
30490606,3710,9,3710,21,early return,logos::compiler::BorrowChecker::field_borrow_conflicts,return false;
582893,3716,60,3821,6,call / statement,logos::compiler::BorrowChecker::take_field_borrow_path_,"const std::string& holder = """") {"
582893,3718,13,3718,26,if guard,logos::compiler::BorrowChecker::take_field_borrow_path_,if (it == nullptr) return;
3,3718,28,3718,34,if guard,logos::compiler::BorrowChecker::take_field_borrow_path_,if (it == nullptr) return;
582890,3719,9,3821,6,statement,logos::compiler::BorrowChecker::take_field_borrow_path_,"std::string self_disp = fmt_path(target, path);"
582890,3721,13,3721,29,if guard,logos::compiler::BorrowChecker::take_field_borrow_path_,if (it->mut_borrowed) {
5,3721,31,3726,10,if guard,logos::compiler::BorrowChecker::take_field_borrow_path_,if (it->mut_borrowed) {
582885,3727,9,3821,6,if guard,logos::compiler::BorrowChecker::take_field_borrow_path_,if (is_mut && it->shared_borrows > 0) {
582885,3727,13,3727,19,if guard,logos::compiler::BorrowChecker::take_field_borrow_path_,if (is_mut && it->shared_borrows > 0) {
582885,3727,13,3727,45,if guard,logos::compiler::BorrowChecker::take_field_borrow_path_,if (is_mut && it->shared_borrows > 0) {
6860,3727,23,3727,45,if guard,logos::compiler::BorrowChecker::take_field_borrow_path_,if (is_mut && it->shared_borrows > 0) {
0,3727,47,3732,10,if guard,logos::compiler::BorrowChecker::take_field_borrow_path_,if (is_mut && it->shared_borrows > 0) {
582885,3738,9,3821,6,statement,logos::compiler::BorrowChecker::take_field_borrow_path_,bool root_is_mut_ref = root_type &&
582885,3738,32,3738,41,statement,logos::compiler::BorrowChecker::take_field_borrow_path_,bool root_is_mut_ref = root_type &&
582885,3739,13,3739,65,statement,logos::compiler::BorrowChecker::take_field_borrow_path_,TypeRef(root_type).kind() == LogosType::Kind::MutRef;
582885,3740,35,3740,44,statement,logos::compiler::BorrowChecker::take_field_borrow_path_,bool root_is_shared_ref = root_type &&
582885,3741,13,3741,62,statement,logos::compiler::BorrowChecker::take_field_borrow_path_,TypeRef(root_type).kind() == LogosType::Kind::Ref;
582885,3742,13,3742,19,if guard,logos::compiler::BorrowChecker::take_field_borrow_path_,if (is_mut && root_is_shared_ref) {
582885,3742,13,3742,41,if guard,logos::compiler::BorrowChecker::take_field_borrow_path_,if (is_mut && root_is_shared_ref) {
6860,3742,23,3742,41,if guard,logos::compiler::BorrowChecker::take_field_borrow_path_,if (is_mut && root_is_shared_ref) {
0,3742,43,3747,10,if guard,logos::compiler::BorrowChecker::take_field_borrow_path_,if (is_mut && root_is_shared_ref) {
582885,3749,9,3821,6,if guard,logos::compiler::BorrowChecker::take_field_borrow_path_,if (is_mut && !root_is_mut_ref && !root_is_shared_ref &&
582885,3749,13,3749,19,if guard,logos::compiler::BorrowChecker::take_field_borrow_path_,if (is_mut && !root_is_mut_ref && !root_is_shared_ref &&
582885,3749,13,3749,39,if guard,logos::compiler::BorrowChecker::take_field_borrow_path_,if (is_mut && !root_is_mut_ref && !root_is_shared_ref &&
582885,3749,13,3749,62,if guard,logos::compiler::BorrowChecker::take_field_borrow_path_,if (is_mut && !root_is_mut_ref && !root_is_shared_ref &&
582885,3749,13,3750,32,if guard,logos::compiler::BorrowChecker::take_field_borrow_path_,if (is_mut && !root_is_mut_ref && !root_is_shared_ref &&
582885,3749,13,3750,63,if guard,logos::compiler::BorrowChecker::take_field_borrow_path_,if (is_mut && !root_is_mut_ref && !root_is_shared_ref &&
6860,3749,23,3749,39,if guard,logos::compiler::BorrowChecker::take_field_borrow_path_,if (is_mut && !root_is_mut_ref && !root_is_shared_ref &&
348,3749,43,3749,62,if guard,logos::compiler::BorrowChecker::take_field_borrow_path_,if (is_mut && !root_is_mut_ref && !root_is_shared_ref &&
348,3750,13,3750,32,statement,logos::compiler::BorrowChecker::take_field_borrow_path_,!it->is_mut_binding && !param_names_.count(target)) {
15,3750,36,3750,63,statement,logos::compiler::BorrowChecker::take_field_borrow_path_,!it->is_mut_binding && !param_names_.count(target)) {
6,3750,65,3755,10,statement,logos::compiler::BorrowChecker::take_field_borrow_path_,!it->is_mut_binding && !param_names_.count(target)) {
582879,3786,9,3821,6,statement,logos::compiler::BorrowChecker::take_field_borrow_path_,"(void)logos::probe::on(""sharedzero_reach"");"
325,3787,55,3804,10,loop body,logos::compiler::BorrowChecker::take_field_borrow_path_,"for (auto& [p, c] : it->shared_field_borrows) {"
325,3792,17,3792,23,if guard,logos::compiler::BorrowChecker::take_field_borrow_path_,"if (c <= 0 && !logos::probe::on(""sharedzero_live_take"")) continue;"
325,3792,17,3792,68,if guard,logos::compiler::BorrowChecker::take_field_borrow_path_,"if (c <= 0 && !logos::probe::on(""sharedzero_live_take"")) continue;"
144,3792,27,3792,68,if guard,logos::compiler::BorrowChecker::take_field_borrow_path_,"if (c <= 0 && !logos::probe::on(""sharedzero_live_take"")) continue;"
144,3792,70,3792,78,if guard,logos::compiler::BorrowChecker::take_field_borrow_path_,"if (c <= 0 && !logos::probe::on(""sharedzero_live_take"")) continue;"
181,3796,13,3804,10,if guard,logos::compiler::BorrowChecker::take_field_borrow_path_,"if (c == 0) (void)logos::probe::on(""szr_take_zero"");"
181,3796,17,3796,23,if guard,logos::compiler::BorrowChecker::take_field_borrow_path_,"if (c == 0) (void)logos::probe::on(""szr_take_zero"");"
0,3796,25,3796,64,if guard,logos::compiler::BorrowChecker::take_field_borrow_path_,"if (c == 0) (void)logos::probe::on(""szr_take_zero"");"
181,3797,17,3797,23,if guard,logos::compiler::BorrowChecker::take_field_borrow_path_,"if (c <  0) (void)logos::probe::on(""szr_take_neg"");"
0,3797,25,3797,63,if guard,logos::compiler::BorrowChecker::take_field_borrow_path_,"if (c <  0) (void)logos::probe::on(""szr_take_neg"");"
181,3798,17,3798,39,if guard,logos::compiler::BorrowChecker::take_field_borrow_path_,"if (paths_overlap(path, p) && is_mut) {"
181,3798,17,3798,49,if guard,logos::compiler::BorrowChecker::take_field_borrow_path_,"if (paths_overlap(path, p) && is_mut) {"
19,3798,43,3798,49,if guard,logos::compiler::BorrowChecker::take_field_borrow_path_,"if (paths_overlap(path, p) && is_mut) {"
9,3798,51,3803,14,if guard,logos::compiler::BorrowChecker::take_field_borrow_path_,"if (paths_overlap(path, p) && is_mut) {"
582870,3805,9,3821,6,loop body,logos::compiler::BorrowChecker::take_field_borrow_path_,for (auto& p : it->mut_field_borrows) {
43,3805,47,3812,10,loop body,logos::compiler::BorrowChecker::take_field_borrow_path_,for (auto& p : it->mut_field_borrows) {
43,3806,17,3806,39,if guard,logos::compiler::BorrowChecker::take_field_borrow_path_,"if (paths_overlap(path, p)) {"
22,3806,41,3811,14,if guard,logos::compiler::BorrowChecker::take_field_borrow_path_,"if (paths_overlap(path, p)) {"
582848,3814,9,3821,6,if guard,logos::compiler::BorrowChecker::take_field_borrow_path_,if (is_mut) it->mut_field_borrows.insert(path);
582848,3814,13,3814,19,if guard,logos::compiler::BorrowChecker::take_field_borrow_path_,if (is_mut) it->mut_field_borrows.insert(path);
6827,3814,21,3814,55,if guard,logos::compiler::BorrowChecker::take_field_borrow_path_,if (is_mut) it->mut_field_borrows.insert(path);
576021,3815,19,3816,56,else branch,logos::compiler::BorrowChecker::take_field_borrow_path_,"else      { (void)logos::probe::on(""sharedzero_prod"");"
582848,3817,13,3817,29,if guard,logos::compiler::BorrowChecker::take_field_borrow_path_,if (!scopes_.empty())
582848,3818,13,3820,51,statement,logos::compiler::BorrowChecker::take_field_borrow_path_,scopes_.back().field_borrows.push_back(
1630365,3829,59,3937,6,call / statement,logos::compiler::BorrowChecker::take_borrow_whole_,bool skip_mut_binding_check = false) {
1630365,3831,13,3831,26,if guard,logos::compiler::BorrowChecker::take_borrow_whole_,if (it == nullptr) return;  // unknown / extern
13,3831,28,3831,34,if guard,logos::compiler::BorrowChecker::take_borrow_whole_,if (it == nullptr) return;  // unknown / extern
1630352,3832,9,3937,6,if guard,logos::compiler::BorrowChecker::take_borrow_whole_,if (it->moved) {
1630352,3832,13,3832,22,if guard,logos::compiler::BorrowChecker::take_borrow_whole_,if (it->moved) {
11,3832,24,3836,10,if guard,logos::compiler::BorrowChecker::take_borrow_whole_,if (it->moved) {
1630341,3837,9,3937,6,if guard,logos::compiler::BorrowChecker::take_borrow_whole_,if (is_mut) {
1630341,3837,13,3837,19,if guard,logos::compiler::BorrowChecker::take_borrow_whole_,if (is_mut) {
1061549,3837,21,3918,10,if guard,logos::compiler::BorrowChecker::take_borrow_whole_,if (is_mut) {
1061549,3846,17,3846,40,if guard,logos::compiler::BorrowChecker::take_borrow_whole_,if (!skip_mut_binding_check &&
1061549,3846,17,3847,36,if guard,logos::compiler::BorrowChecker::take_borrow_whole_,if (!skip_mut_binding_check &&
1061549,3846,17,3847,67,if guard,logos::compiler::BorrowChecker::take_borrow_whole_,if (!skip_mut_binding_check &&
1061473,3847,17,3847,36,statement,logos::compiler::BorrowChecker::take_borrow_whole_,!it->is_mut_binding && !param_names_.count(target)) {
1047236,3847,40,3847,67,statement,logos::compiler::BorrowChecker::take_borrow_whole_,!it->is_mut_binding && !param_names_.count(target)) {
16,3847,69,3851,14,statement,logos::compiler::BorrowChecker::take_borrow_whole_,!it->is_mut_binding && !param_names_.count(target)) {
1061533,3853,13,3918,10,if guard,logos::compiler::BorrowChecker::take_borrow_whole_,if (!it->mut_field_borrows.empty() ||
1061533,3853,17,3853,47,if guard,logos::compiler::BorrowChecker::take_borrow_whole_,if (!it->mut_field_borrows.empty() ||
1061533,3853,17,3854,50,if guard,logos::compiler::BorrowChecker::take_borrow_whole_,if (!it->mut_field_borrows.empty() ||
1061531,3854,17,3854,50,statement,logos::compiler::BorrowChecker::take_borrow_whole_,!it->shared_field_borrows.empty()) {
4,3854,52,3859,14,statement,logos::compiler::BorrowChecker::take_borrow_whole_,!it->shared_field_borrows.empty()) {
1061529,3860,13,3918,10,if guard,logos::compiler::BorrowChecker::take_borrow_whole_,if (it->mut_borrowed) {
1061529,3860,17,3860,33,if guard,logos::compiler::BorrowChecker::take_borrow_whole_,if (it->mut_borrowed) {
49,3860,35,3864,14,if guard,logos::compiler::BorrowChecker::take_borrow_whole_,if (it->mut_borrowed) {
1061480,3867,13,3918,10,if guard,logos::compiler::BorrowChecker::take_borrow_whole_,if (it->mut_reservations > 0) {
1061480,3867,17,3867,41,if guard,logos::compiler::BorrowChecker::take_borrow_whole_,if (it->mut_reservations > 0) {
7,3867,43,3871,14,if guard,logos::compiler::BorrowChecker::take_borrow_whole_,if (it->mut_reservations > 0) {
1061473,3877,13,3918,10,if guard,logos::compiler::BorrowChecker::take_borrow_whole_,if (in_call_args_ > 0) {
1061473,3877,17,3877,34,if guard,logos::compiler::BorrowChecker::take_borrow_whole_,if (in_call_args_ > 0) {
1059856,3877,36,3910,14,if guard,logos::compiler::BorrowChecker::take_borrow_whole_,if (in_call_args_ > 0) {
1059856,3885,21,3885,43,if guard,logos::compiler::BorrowChecker::take_borrow_whole_,if (it->shared_borrows > 0) {
6,3885,45,3903,18,if guard,logos::compiler::BorrowChecker::take_borrow_whole_,if (it->shared_borrows > 0) {
6,3887,25,3887,41,if guard,logos::compiler::BorrowChecker::take_borrow_whole_,if (!scopes_.empty()) {
6,3887,43,3894,22,if guard,logos::compiler::BorrowChecker::take_borrow_whole_,if (!scopes_.empty()) {
0,3891,29,3891,76,if guard,logos::compiler::BorrowChecker::take_borrow_whole_,if (br.target == target && !br.is_mut) ++in_top;
0,3891,33,3891,52,if guard,logos::compiler::BorrowChecker::take_borrow_whole_,if (br.target == target && !br.is_mut) ++in_top;
0,3891,33,3891,66,if guard,logos::compiler::BorrowChecker::take_borrow_whole_,if (br.target == target && !br.is_mut) ++in_top;
0,3891,56,3891,66,if guard,logos::compiler::BorrowChecker::take_borrow_whole_,if (br.target == target && !br.is_mut) ++in_top;
0,3891,68,3891,76,if guard,logos::compiler::BorrowChecker::take_borrow_whole_,if (br.target == target && !br.is_mut) ++in_top;
6,3892,29,3892,56,if guard,logos::compiler::BorrowChecker::take_borrow_whole_,if (in_top < it->shared_borrows)
6,3893,29,3893,48,statement,logos::compiler::BorrowChecker::take_borrow_whole_,outer_shared = true;
0,3894,28,3896,22,else branch,logos::compiler::BorrowChecker::take_borrow_whole_,} else {
6,3897,25,3897,37,if guard,logos::compiler::BorrowChecker::take_borrow_whole_,if (outer_shared) {
6,3897,39,3902,22,if guard,logos::compiler::BorrowChecker::take_borrow_whole_,if (outer_shared) {
1059850,3904,17,3909,23,statement,logos::compiler::BorrowChecker::take_borrow_whole_,it->mut_reservations++;
1059850,3905,21,3905,37,if guard,logos::compiler::BorrowChecker::take_borrow_whole_,if (!scopes_.empty())
1059850,3906,21,3908,59,statement,logos::compiler::BorrowChecker::take_borrow_whole_,scopes_.back().borrows.push_back(
1617,3911,13,3918,10,if guard,logos::compiler::BorrowChecker::take_borrow_whole_,if (it->shared_borrows > 0) {
1617,3911,17,3911,39,if guard,logos::compiler::BorrowChecker::take_borrow_whole_,if (it->shared_borrows > 0) {
17,3911,41,3916,14,if guard,logos::compiler::BorrowChecker::take_borrow_whole_,if (it->shared_borrows > 0) {
1600,3917,13,3918,10,statement,logos::compiler::BorrowChecker::take_borrow_whole_,it->mut_borrowed = true;
568792,3918,16,3932,10,else branch,logos::compiler::BorrowChecker::take_borrow_whole_,} else {
568792,3919,17,3919,33,if guard,logos::compiler::BorrowChecker::take_borrow_whole_,if (it->mut_borrowed) {
18,3919,35,3923,14,if guard,logos::compiler::BorrowChecker::take_borrow_whole_,if (it->mut_borrowed) {
568774,3925,13,3932,10,if guard,logos::compiler::BorrowChecker::take_borrow_whole_,if (!it->mut_field_borrows.empty()) {
568774,3925,17,3925,47,if guard,logos::compiler::BorrowChecker::take_borrow_whole_,if (!it->mut_field_borrows.empty()) {
1,3925,49,3930,14,if guard,logos::compiler::BorrowChecker::take_borrow_whole_,if (!it->mut_field_borrows.empty()) {
568773,3931,13,3932,10,statement,logos::compiler::BorrowChecker::take_borrow_whole_,++it->shared_borrows;
570373,3933,9,3937,6,if guard,logos::compiler::BorrowChecker::take_borrow_whole_,if (!scopes_.empty())
570373,3933,13,3933,29,if guard,logos::compiler::BorrowChecker::take_borrow_whole_,if (!scopes_.empty())
570373,3934,13,3936,51,statement,logos::compiler::BorrowChecker::take_borrow_whole_,scopes_.back().borrows.push_back(
2213272,3958,72,4048,6,call / statement,logos::compiler::BorrowChecker::record_borrow,"const std::string& holder, RecordFlags fl = {}) {"
2213272,3971,13,3971,48,if guard,logos::compiler::BorrowChecker::record_borrow,"if (logos::probe::on(""selftest_refuse"")) {"
0,3971,50,3975,10,if guard,logos::compiler::BorrowChecker::record_borrow,"if (logos::probe::on(""selftest_refuse"")) {"
2213272,3976,9,4048,6,if guard,logos::compiler::BorrowChecker::record_borrow,if (bp.root.empty()) return;
2213272,3976,13,3976,28,if guard,logos::compiler::BorrowChecker::record_borrow,if (bp.root.empty()) return;
0,3976,30,3976,36,if guard,logos::compiler::BorrowChecker::record_borrow,if (bp.root.empty()) return;
2213272,3987,9,4048,6,if guard,logos::compiler::BorrowChecker::record_borrow,"if (logos::probe::on(""movedborrow"")) {"
2213272,3987,13,3987,44,if guard,logos::compiler::BorrowChecker::record_borrow,"if (logos::probe::on(""movedborrow"")) {"
0,3987,46,4005,10,if guard,logos::compiler::BorrowChecker::record_borrow,"if (logos::probe::on(""movedborrow"")) {"
0,3988,62,3988,76,if guard,logos::compiler::BorrowChecker::record_borrow,"if (auto* mst = var_find(bp.root_slot, bp.root); mst != nullptr) {"
0,3988,78,4004,14,if guard,logos::compiler::BorrowChecker::record_borrow,"if (auto* mst = var_find(bp.root_slot, bp.root); mst != nullptr) {"
0,3989,21,3989,31,if guard,logos::compiler::BorrowChecker::record_borrow,if (mst->moved) {
0,3989,33,3994,18,if guard,logos::compiler::BorrowChecker::record_borrow,if (mst->moved) {
0,3995,17,4004,14,if guard,logos::compiler::BorrowChecker::record_borrow,if (!bp.path.empty())
0,3995,21,3995,37,if guard,logos::compiler::BorrowChecker::record_borrow,if (!bp.path.empty())
0,3996,21,4003,22,if guard,logos::compiler::BorrowChecker::record_borrow,"if (auto* hit = find_moved_overlap(mst->moved_fields,"
0,3996,31,3996,34,if guard,logos::compiler::BorrowChecker::record_borrow,"if (auto* hit = find_moved_overlap(mst->moved_fields,"
0,3997,66,4003,22,call / statement,logos::compiler::BorrowChecker::record_borrow,bp.path)) {
2213272,4018,9,4048,6,if guard,logos::compiler::BorrowChecker::record_borrow,if (is_mut && bp.through_ref_type &&
2213272,4018,13,4018,19,if guard,logos::compiler::BorrowChecker::record_borrow,if (is_mut && bp.through_ref_type &&
2213272,4018,13,4018,42,if guard,logos::compiler::BorrowChecker::record_borrow,if (is_mut && bp.through_ref_type &&
2213272,4018,13,4019,63,if guard,logos::compiler::BorrowChecker::record_borrow,if (is_mut && bp.through_ref_type &&
1068427,4018,23,4018,42,if guard,logos::compiler::BorrowChecker::record_borrow,if (is_mut && bp.through_ref_type &&
1053779,4019,13,4019,63,call / statement,logos::compiler::BorrowChecker::record_borrow,bp.through_ref_type.kind() == LogosType::Kind::Ref) {
14,4019,65,4024,10,call / statement,logos::compiler::BorrowChecker::record_borrow,bp.through_ref_type.kind() == LogosType::Kind::Ref) {
2213258,4027,9,4048,6,statement,logos::compiler::BorrowChecker::record_borrow,bool whole = bp.path.empty() || is_union_root(bp.root_type);
2213258,4027,22,4027,37,statement,logos::compiler::BorrowChecker::record_borrow,bool whole = bp.path.empty() || is_union_root(bp.root_type);
582903,4027,41,4027,68,statement,logos::compiler::BorrowChecker::record_borrow,bool whole = bp.path.empty() || is_union_root(bp.root_type);
2213258,4029,13,4029,28,if guard,logos::compiler::BorrowChecker::record_borrow,if (fl.ref_capacity) {
1049318,4029,30,4037,10,if guard,logos::compiler::BorrowChecker::record_borrow,if (fl.ref_capacity) {
1049318,4031,17,4031,31,if guard,logos::compiler::BorrowChecker::record_borrow,if (sit != nullptr && !sit->is_mut_binding &&
1049318,4031,17,4031,55,if guard,logos::compiler::BorrowChecker::record_borrow,if (sit != nullptr && !sit->is_mut_binding &&
1049318,4031,17,4032,45,if guard,logos::compiler::BorrowChecker::record_borrow,if (sit != nullptr && !sit->is_mut_binding &&
1049318,4031,35,4031,55,if guard,logos::compiler::BorrowChecker::record_borrow,if (sit != nullptr && !sit->is_mut_binding &&
1049317,4032,17,4032,45,statement,logos::compiler::BorrowChecker::record_borrow,!param_names_.count(bp.root)) {
515,4032,47,4036,14,statement,logos::compiler::BorrowChecker::record_borrow,!param_names_.count(bp.root)) {
2213258,4038,13,4038,18,if guard,logos::compiler::BorrowChecker::record_borrow,if (whole) {
1630365,4038,20,4041,10,if guard,logos::compiler::BorrowChecker::record_borrow,if (whole) {
582893,4041,16,4047,10,else branch,logos::compiler::BorrowChecker::record_borrow,} else {
1165786,4042,13,4042,13,abort/assert,logos::compiler::BorrowChecker::record_borrow,assert(!bp.path.empty() &&
214608,4075,62,4083,6,statement,logos::compiler::BorrowChecker::flow_operand_root[abi:cxx11],std::string flow_operand_root(lir_view::ExprRef a) const {
214608,4078,13,4078,15,if guard,logos::compiler::BorrowChecker::flow_operand_root[abi:cxx11],if (!a) return {};
0,4078,17,4078,26,if guard,logos::compiler::BorrowChecker::flow_operand_root[abi:cxx11],if (!a) return {};
214608,4079,9,4083,6,if guard,logos::compiler::BorrowChecker::flow_operand_root[abi:cxx11],if (a.kind() == Code::AddrOf) return std::string(EAddrOfView{a}.var_name());
214608,4079,13,4079,37,if guard,logos::compiler::BorrowChecker::flow_operand_root[abi:cxx11],if (a.kind() == Code::AddrOf) return std::string(EAddrOfView{a}.var_name());
170,4079,39,4079,84,if guard,logos::compiler::BorrowChecker::flow_operand_root[abi:cxx11],if (a.kind() == Code::AddrOf) return std::string(EAddrOfView{a}.var_name());
214438,4080,9,4082,82,statement,logos::compiler::BorrowChecker::flow_operand_root[abi:cxx11],bool dummy = false;
214438,4082,13,4082,41,statement,logos::compiler::BorrowChecker::flow_operand_root[abi:cxx11],"a.kind() == Code::AddrOfTemp ? EAddrOfTempView{a}.inner() : a, dummy);"
207573,4082,44,4082,70,statement,logos::compiler::BorrowChecker::flow_operand_root[abi:cxx11],"a.kind() == Code::AddrOfTemp ? EAddrOfTempView{a}.inner() : a, dummy);"
6865,4082,73,4082,74,statement,logos::compiler::BorrowChecker::flow_operand_root[abi:cxx11],"a.kind() == Code::AddrOfTemp ? EAddrOfTempView{a}.inner() : a, dummy);"
6548613,4093,74,4134,6,call / statement,logos::compiler::BorrowChecker::apply_call_outparam_rules,"const FlowSummary* fs, uint32_t line) {"
7118242,4099,28,4119,10,loop body,logos::compiler::BorrowChecker::apply_call_outparam_rules,for (auto a : ops) {
7118242,4100,17,4100,19,if guard,logos::compiler::BorrowChecker::apply_call_outparam_rules,if (!a) continue;
0,4100,21,4100,29,if guard,logos::compiler::BorrowChecker::apply_call_outparam_rules,if (!a) continue;
7118242,4101,13,4119,10,statement,logos::compiler::BorrowChecker::apply_call_outparam_rules,TypeRef at = a.type(pool);
7118242,4102,17,4102,33,if guard,logos::compiler::BorrowChecker::apply_call_outparam_rules,if (!is_ref_kind(at) && is_borrow_carrying_type(at)) {
7118242,4102,17,4102,64,if guard,logos::compiler::BorrowChecker::apply_call_outparam_rules,if (!is_ref_kind(at) && is_borrow_carrying_type(at)) {
2495065,4102,37,4102,64,if guard,logos::compiler::BorrowChecker::apply_call_outparam_rules,if (!is_ref_kind(at) && is_borrow_carrying_type(at)) {
4756,4102,66,4105,14,if guard,logos::compiler::BorrowChecker::apply_call_outparam_rules,if (!is_ref_kind(at) && is_borrow_carrying_type(at)) {
7113486,4106,13,4119,10,if guard,logos::compiler::BorrowChecker::apply_call_outparam_rules,if (at && at.kind() == LogosType::Kind::MutRef) {
7113486,4106,17,4106,19,if guard,logos::compiler::BorrowChecker::apply_call_outparam_rules,if (at && at.kind() == LogosType::Kind::MutRef) {
7113486,4106,17,4106,59,if guard,logos::compiler::BorrowChecker::apply_call_outparam_rules,if (at && at.kind() == LogosType::Kind::MutRef) {
7113486,4106,23,4106,59,if guard,logos::compiler::BorrowChecker::apply_call_outparam_rules,if (at && at.kind() == LogosType::Kind::MutRef) {
1086528,4106,61,4118,14,if guard,logos::compiler::BorrowChecker::apply_call_outparam_rules,if (at && at.kind() == LogosType::Kind::MutRef) {
1086528,4108,21,4108,45,if guard,logos::compiler::BorrowChecker::apply_call_outparam_rules,if (a.kind() == Code::AddrOf)
12504,4109,21,4109,64,statement,logos::compiler::BorrowChecker::apply_call_outparam_rules,mr = std::string(EAddrOfView{a}.var_name());
1074024,4110,22,4115,18,else branch,logos::compiler::BorrowChecker::apply_call_outparam_rules,else {
1074024,4113,25,4113,53,statement,logos::compiler::BorrowChecker::apply_call_outparam_rules,a.kind() == Code::AddrOfTemp
1058648,4114,31,4114,57,statement,logos::compiler::BorrowChecker::apply_call_outparam_rules,"? EAddrOfTempView{a}.inner() : a, dummy);"
15376,4114,60,4114,61,statement,logos::compiler::BorrowChecker::apply_call_outparam_rules,"? EAddrOfTempView{a}.inner() : a, dummy);"
1086528,4116,21,4116,32,if guard,logos::compiler::BorrowChecker::apply_call_outparam_rules,"if (!mr.empty() && var_has(NO_SLOT, mr))"
1086528,4116,21,4116,56,if guard,logos::compiler::BorrowChecker::apply_call_outparam_rules,"if (!mr.empty() && var_has(NO_SLOT, mr))"
1086483,4116,36,4116,56,if guard,logos::compiler::BorrowChecker::apply_call_outparam_rules,"if (!mr.empty() && var_has(NO_SLOT, mr))"
1086445,4117,21,4117,51,statement,logos::compiler::BorrowChecker::apply_call_outparam_rules,"mut_roots.emplace_back(mr, 0u);"
1086445,4120,42,4123,10,loop body,logos::compiler::BorrowChecker::apply_call_outparam_rules,"for (auto& [mr, ms] : mut_roots) {"
707,4122,38,4122,64,loop body,logos::compiler::BorrowChecker::apply_call_outparam_rules,"for (auto& r : bc_roots) inherit_loans(r, mr, line);"
6548613,4124,13,4124,31,if guard,logos::compiler::BorrowChecker::apply_call_outparam_rules,if (!mut_roots.empty())
1085122,4125,13,4132,14,loop body,logos::compiler::BorrowChecker::apply_call_outparam_rules,for (auto a : ops) {
2152568,4125,32,4132,14,loop body,logos::compiler::BorrowChecker::apply_call_outparam_rules,for (auto a : ops) {
2152568,4126,21,4126,23,if guard,logos::compiler::BorrowChecker::apply_call_outparam_rules,if (!a) continue;
0,4126,25,4126,33,if guard,logos::compiler::BorrowChecker::apply_call_outparam_rules,if (!a) continue;
2152568,4127,17,4132,14,statement,logos::compiler::BorrowChecker::apply_call_outparam_rules,TypeRef at = a.type(pool);
2152568,4128,21,4128,36,if guard,logos::compiler::BorrowChecker::apply_call_outparam_rules,if (is_ref_kind(at) || !is_borrow_carrying_type(at)) continue;
2152568,4128,21,4128,68,if guard,logos::compiler::BorrowChecker::apply_call_outparam_rules,if (is_ref_kind(at) || !is_borrow_carrying_type(at)) continue;
1001128,4128,40,4128,68,if guard,logos::compiler::BorrowChecker::apply_call_outparam_rules,if (is_ref_kind(at) || !is_borrow_carrying_type(at)) continue;
2151473,4128,70,4128,78,if guard,logos::compiler::BorrowChecker::apply_call_outparam_rules,if (is_ref_kind(at) || !is_borrow_carrying_type(at)) continue;
1095,4130,17,4132,14,statement,logos::compiler::BorrowChecker::apply_call_outparam_rules,"take_ref_borrows(a, line, mut_roots.front().first,"
6961816,4137,46,4335,6,call / statement,logos::compiler::BorrowChecker::apply_flow_outparams,uint32_t line) {
6961816,4138,13,4138,16,if guard,logos::compiler::BorrowChecker::apply_flow_outparams,if (!fs) return;                       // documented (a)-(d) hole
6494674,4138,18,4138,24,if guard,logos::compiler::BorrowChecker::apply_flow_outparams,if (!fs) return;                       // documented (a)-(d) hole
467142,4139,9,4335,6,statement,logos::compiler::BorrowChecker::apply_flow_outparams,const auto* pool = prog_.type_pool.impl();
1291024,4140,28,4140,42,loop body,logos::compiler::BorrowChecker::apply_flow_outparams,for (size_t j = 0; j < ops.size() && j < fs->nparams; ++j) {
1291024,4140,28,4140,61,loop body,logos::compiler::BorrowChecker::apply_flow_outparams,for (size_t j = 0; j < ops.size() && j < fs->nparams; ++j) {
823882,4140,46,4140,61,loop body,logos::compiler::BorrowChecker::apply_flow_outparams,for (size_t j = 0; j < ops.size() && j < fs->nparams; ++j) {
823882,4140,63,4140,66,loop body,logos::compiler::BorrowChecker::apply_flow_outparams,for (size_t j = 0; j < ops.size() && j < fs->nparams; ++j) {
823882,4140,68,4334,10,loop body,logos::compiler::BorrowChecker::apply_flow_outparams,for (size_t j = 0; j < ops.size() && j < fs->nparams; ++j) {
823882,4141,17,4141,36,if guard,logos::compiler::BorrowChecker::apply_flow_outparams,if (!fs->is_outparam[j] || !fs->to_outparam[j]) continue;
823882,4141,17,4141,59,if guard,logos::compiler::BorrowChecker::apply_flow_outparams,if (!fs->is_outparam[j] || !fs->to_outparam[j]) continue;
120009,4141,40,4141,59,if guard,logos::compiler::BorrowChecker::apply_flow_outparams,if (!fs->is_outparam[j] || !fs->to_outparam[j]) continue;
820871,4141,61,4141,69,if guard,logos::compiler::BorrowChecker::apply_flow_outparams,if (!fs->is_outparam[j] || !fs->to_outparam[j]) continue;
3011,4142,13,4334,10,statement,logos::compiler::BorrowChecker::apply_flow_outparams,std::string dst = flow_operand_root(ops[j]);
3011,4143,17,4143,28,if guard,logos::compiler::BorrowChecker::apply_flow_outparams,"if (dst.empty() || !var_has(NO_SLOT, dst)) continue;"
3011,4143,17,4143,54,if guard,logos::compiler::BorrowChecker::apply_flow_outparams,"if (dst.empty() || !var_has(NO_SLOT, dst)) continue;"
2919,4143,32,4143,54,if guard,logos::compiler::BorrowChecker::apply_flow_outparams,"if (dst.empty() || !var_has(NO_SLOT, dst)) continue;"
112,4143,56,4143,64,if guard,logos::compiler::BorrowChecker::apply_flow_outparams,"if (dst.empty() || !var_has(NO_SLOT, dst)) continue;"
2899,4178,13,4334,10,statement,logos::compiler::BorrowChecker::apply_flow_outparams,std::vector<std::string> chased;
542,4179,52,4185,14,call / statement,logos::compiler::BorrowChecker::apply_flow_outparams,auto chase = [&](const std::string& n) {
542,4181,21,4181,30,if guard,logos::compiler::BorrowChecker::apply_flow_outparams,if (r.empty() || r == dst) return;
542,4181,21,4181,42,if guard,logos::compiler::BorrowChecker::apply_flow_outparams,if (r.empty() || r == dst) return;
542,4181,34,4181,42,if guard,logos::compiler::BorrowChecker::apply_flow_outparams,if (r.empty() || r == dst) return;
535,4181,44,4181,50,if guard,logos::compiler::BorrowChecker::apply_flow_outparams,if (r.empty() || r == dst) return;
7,4182,17,4185,14,if guard,logos::compiler::BorrowChecker::apply_flow_outparams,"if (param_names_.count(r) || !var_has(NO_SLOT, r)) return;"
7,4182,21,4182,42,if guard,logos::compiler::BorrowChecker::apply_flow_outparams,"if (param_names_.count(r) || !var_has(NO_SLOT, r)) return;"
7,4182,21,4182,66,if guard,logos::compiler::BorrowChecker::apply_flow_outparams,"if (param_names_.count(r) || !var_has(NO_SLOT, r)) return;"
7,4182,46,4182,66,if guard,logos::compiler::BorrowChecker::apply_flow_outparams,"if (param_names_.count(r) || !var_has(NO_SLOT, r)) return;"
0,4182,68,4182,74,if guard,logos::compiler::BorrowChecker::apply_flow_outparams,"if (param_names_.count(r) || !var_has(NO_SLOT, r)) return;"
7,4183,17,4185,14,if guard,logos::compiler::BorrowChecker::apply_flow_outparams,"if (std::find(chased.begin(), chased.end(), r) == chased.end())"
7,4183,21,4183,79,if guard,logos::compiler::BorrowChecker::apply_flow_outparams,"if (std::find(chased.begin(), chased.end(), r) == chased.end())"
7,4184,21,4184,40,statement,logos::compiler::BorrowChecker::apply_flow_outparams,chased.push_back(r);
2899,4195,17,4195,41,if guard,logos::compiler::BorrowChecker::apply_flow_outparams,"if (reborrow_mut_.count(dst)) reborrow_of_.each_root_place(dst, chase);"
13,4195,43,4195,83,if guard,logos::compiler::BorrowChecker::apply_flow_outparams,"if (reborrow_mut_.count(dst)) reborrow_of_.each_root_place(dst, chase);"
13,4197,68,4199,14,call / statement,logos::compiler::BorrowChecker::apply_flow_outparams,"reborrow_of_.each_under(dst, [&](const std::string& s) {"
13,4198,21,4198,43,if guard,logos::compiler::BorrowChecker::apply_flow_outparams,if (reborrow_mut_.count(s)) subs.push_back(s);
9,4198,45,4198,62,if guard,logos::compiler::BorrowChecker::apply_flow_outparams,if (reborrow_mut_.count(s)) subs.push_back(s);
9,4200,34,4200,72,loop body,logos::compiler::BorrowChecker::apply_flow_outparams,"for (auto& s : subs) reborrow_of_.each_root_place(s, chase);"
9840,4201,32,4201,46,loop body,logos::compiler::BorrowChecker::apply_flow_outparams,for (size_t i = 0; i < ops.size() && i < fs->nparams; ++i) {
9840,4201,32,4201,65,loop body,logos::compiler::BorrowChecker::apply_flow_outparams,for (size_t i = 0; i < ops.size() && i < fs->nparams; ++i) {
6941,4201,50,4201,65,loop body,logos::compiler::BorrowChecker::apply_flow_outparams,for (size_t i = 0; i < ops.size() && i < fs->nparams; ++i) {
6941,4201,67,4201,70,loop body,logos::compiler::BorrowChecker::apply_flow_outparams,for (size_t i = 0; i < ops.size() && i < fs->nparams; ++i) {
6941,4201,72,4332,14,loop body,logos::compiler::BorrowChecker::apply_flow_outparams,for (size_t i = 0; i < ops.size() && i < fs->nparams; ++i) {
6941,4202,21,4202,27,if guard,logos::compiler::BorrowChecker::apply_flow_outparams,if (i == j || !(fs->to_outparam[j] & (1ull << i))) continue;
6941,4202,21,4202,66,if guard,logos::compiler::BorrowChecker::apply_flow_outparams,if (i == j || !(fs->to_outparam[j] & (1ull << i))) continue;
4042,4202,31,4202,66,if guard,logos::compiler::BorrowChecker::apply_flow_outparams,if (i == j || !(fs->to_outparam[j] & (1ull << i))) continue;
3682,4202,68,4202,76,if guard,logos::compiler::BorrowChecker::apply_flow_outparams,if (i == j || !(fs->to_outparam[j] & (1ull << i))) continue;
3259,4203,17,4332,14,statement,logos::compiler::BorrowChecker::apply_flow_outparams,lir_view::ExprRef src = ops[i];
3259,4204,21,4204,25,if guard,logos::compiler::BorrowChecker::apply_flow_outparams,if (!src) continue;
0,4204,27,4204,35,if guard,logos::compiler::BorrowChecker::apply_flow_outparams,if (!src) continue;
3259,4205,17,4332,14,statement,logos::compiler::BorrowChecker::apply_flow_outparams,TypeRef st = src.type(pool);
3259,4228,21,4228,46,if guard,logos::compiler::BorrowChecker::apply_flow_outparams,if (type_may_carry_borrow(st))
3012,4229,21,4230,56,statement,logos::compiler::BorrowChecker::apply_flow_outparams,"note_holder_escape_prov(dst, holder_ty_of(dst), src, line,"
3259,4232,21,4232,37,if guard,logos::compiler::BorrowChecker::apply_flow_outparams,if (!is_ref_kind(st) && !loan_carrying_type(st) &&
3259,4232,21,4232,64,if guard,logos::compiler::BorrowChecker::apply_flow_outparams,if (!is_ref_kind(st) && !loan_carrying_type(st) &&
3259,4232,21,4233,49,if guard,logos::compiler::BorrowChecker::apply_flow_outparams,if (!is_ref_kind(st) && !loan_carrying_type(st) &&
2195,4232,41,4232,64,if guard,logos::compiler::BorrowChecker::apply_flow_outparams,if (!is_ref_kind(st) && !loan_carrying_type(st) &&
1963,4233,21,4233,49,statement,logos::compiler::BorrowChecker::apply_flow_outparams,!is_borrow_carrying_type(st))
1963,4234,21,4234,29,loop exit,logos::compiler::BorrowChecker::apply_flow_outparams,continue;
1296,4235,17,4332,14,statement,logos::compiler::BorrowChecker::apply_flow_outparams,std::vector<std::string> roots;
1277,4237,39,4237,66,loop body,logos::compiler::BorrowChecker::apply_flow_outparams,"for (auto& r : roots) inherit_loans(r, dst, line);"
617,4274,21,4274,45,statement,logos::compiler::BorrowChecker::apply_flow_outparams,"reborrow_of_.add(dst, p);"
196,4327,25,4328,76,statement,logos::compiler::BorrowChecker::apply_flow_outparams,"pairs.emplace_back(std::string{},"
1296,4329,25,4329,39,if guard,logos::compiler::BorrowChecker::apply_flow_outparams,if (!pairs.empty())
196,4330,25,4330,76,statement,logos::compiler::BorrowChecker::apply_flow_outparams,"store_ref_sources(dst, std::move(pairs), dst, line);"
7,4333,36,4333,63,loop body,logos::compiler::BorrowChecker::apply_flow_outparams,"for (auto& h : chased) inherit_loans(dst, h, line);"
103562,4344,80,4361,6,statement,logos::compiler::BorrowChecker::one_holder_last_use,"uint64_t one_holder_last_use(const std::string& name, uint32_t slot) const {"
103562,4345,13,4345,28,if guard,logos::compiler::BorrowChecker::one_holder_last_use,if (slot == NO_SLOT) {   // no identity available — pre-F5 behaviour
471,4345,30,4348,10,if guard,logos::compiler::BorrowChecker::one_holder_last_use,if (slot == NO_SLOT) {   // no identity available — pre-F5 behaviour
471,4347,20,4347,46,early return,logos::compiler::BorrowChecker::one_holder_last_use,return it == last_use_line_.end() ? 0u : it->second;
79,4347,49,4347,51,early return,logos::compiler::BorrowChecker::one_holder_last_use,return it == last_use_line_.end() ? 0u : it->second;
392,4347,54,4347,64,early return,logos::compiler::BorrowChecker::one_holder_last_use,return it == last_use_line_.end() ? 0u : it->second;
103091,4349,9,4360,18,statement,logos::compiler::BorrowChecker::one_holder_last_use,uint64_t lu = 0;
103091,4350,50,4350,76,if guard,logos::compiler::BorrowChecker::one_holder_last_use,if (auto it = last_use_slot_.find(slot); it != last_use_slot_.end())
97540,4351,13,4351,28,statement,logos::compiler::BorrowChecker::one_holder_last_use,lu = it->second;
103091,4355,55,4355,86,if guard,logos::compiler::BorrowChecker::one_holder_last_use,if (auto it = last_use_unslotted_.find(name); it != last_use_unslotted_.end())
21860,4356,13,4356,42,statement,logos::compiler::BorrowChecker::one_holder_last_use,"lu = std::max(lu, it->second);"
85857,4364,76,4370,6,statement,logos::compiler::BorrowChecker::holders_last_use,const std::vector<uint32_t>& co_slots) const {
103562,4366,28,4366,41,loop body,logos::compiler::BorrowChecker::holders_last_use,for (size_t i = 0; i < co.size(); ++i)
17705,4366,43,4366,46,loop body,logos::compiler::BorrowChecker::holders_last_use,for (size_t i = 0; i < co.size(); ++i)
17705,4367,13,4368,69,statement,logos::compiler::BorrowChecker::holders_last_use,"lu = std::max(lu, one_holder_last_use("
17705,4368,24,4368,43,statement,logos::compiler::BorrowChecker::holders_last_use,"co[i], i < co_slots.size() ? co_slots[i] : NO_SLOT));"
17705,4368,46,4368,57,statement,logos::compiler::BorrowChecker::holders_last_use,"co[i], i < co_slots.size() ? co_slots[i] : NO_SLOT));"
0,4368,60,4368,67,statement,logos::compiler::BorrowChecker::holders_last_use,"co[i], i < co_slots.size() ? co_slots[i] : NO_SLOT));"
85857,4372,51,4375,6,statement,unsigned long logos::compiler::BorrowChecker::holders_last_use,uint64_t holders_last_use(const Rec& r) const {
1266,4396,56,4408,6,statement,logos::compiler::BorrowChecker::is_loan_holder,bool is_loan_holder(const std::string& name) const {
4820,4397,37,4406,10,loop body,logos::compiler::BorrowChecker::is_loan_holder,for (auto& frame : scopes_) {
1775,4399,17,4401,60,if guard,logos::compiler::BorrowChecker::is_loan_holder,if (br.holder == name ||
1775,4399,21,4399,38,if guard,logos::compiler::BorrowChecker::is_loan_holder,if (br.holder == name ||
1775,4399,21,4401,47,if guard,logos::compiler::BorrowChecker::is_loan_holder,if (br.holder == name ||
1771,4400,21,4401,47,call / statement,logos::compiler::BorrowChecker::is_loan_holder,"std::find(br.co_holders.begin(), br.co_holders.end(), name)"
122,4401,49,4401,60,statement,logos::compiler::BorrowChecker::is_loan_holder,!= br.co_holders.end()) return true;
4698,4402,13,4406,10,loop body,logos::compiler::BorrowChecker::is_loan_holder,for (auto& fb : frame.field_borrows)
20,4403,17,4405,60,if guard,logos::compiler::BorrowChecker::is_loan_holder,if (fb.holder == name ||
20,4403,21,4403,38,if guard,logos::compiler::BorrowChecker::is_loan_holder,if (fb.holder == name ||
20,4403,21,4405,47,if guard,logos::compiler::BorrowChecker::is_loan_holder,if (fb.holder == name ||
20,4404,21,4405,47,call / statement,logos::compiler::BorrowChecker::is_loan_holder,"std::find(fb.co_holders.begin(), fb.co_holders.end(), name)"
0,4405,49,4405,60,statement,logos::compiler::BorrowChecker::is_loan_holder,!= fb.co_holders.end()) return true;
1144,4407,9,4407,21,early return,logos::compiler::BorrowChecker::is_loan_holder,return false;
1942144,4411,43,4431,6,call / statement,logos::compiler::BorrowChecker::inherit_loans,uint64_t /*line*/) {
1942144,4412,13,4412,25,if guard,logos::compiler::BorrowChecker::inherit_loans,if (from.empty() || to.empty() || from == to) return;
1942144,4412,13,4412,39,if guard,logos::compiler::BorrowChecker::inherit_loans,if (from.empty() || to.empty() || from == to) return;
1942144,4412,13,4412,53,if guard,logos::compiler::BorrowChecker::inherit_loans,if (from.empty() || to.empty() || from == to) return;
1942144,4412,29,4412,39,if guard,logos::compiler::BorrowChecker::inherit_loans,if (from.empty() || to.empty() || from == to) return;
1942144,4412,43,4412,53,if guard,logos::compiler::BorrowChecker::inherit_loans,if (from.empty() || to.empty() || from == to) return;
2457,4412,55,4412,61,if guard,logos::compiler::BorrowChecker::inherit_loans,if (from.empty() || to.empty() || from == to) return;
1939687,4413,9,4431,6,call / statement,logos::compiler::BorrowChecker::inherit_loans,auto holds = [&](const auto& rec) {
274275,4413,43,4417,10,call / statement,auto logos::compiler::BorrowChecker::inherit_loans,auto holds = [&](const auto& rec) {
274275,4414,20,4414,38,early return,auto logos::compiler::BorrowChecker::inherit_loans,return rec.holder == from ||
263260,4415,20,4416,47,call / statement,auto logos::compiler::BorrowChecker::inherit_loans,"std::find(rec.co_holders.begin(), rec.co_holders.end(), from)"
13309,4419,38,4426,10,call / statement,auto logos::compiler::BorrowChecker::inherit_loans,auto add_to = [&](auto& rec) {
13309,4420,17,4420,33,if guard,auto logos::compiler::BorrowChecker::inherit_loans,if (rec.holder == to) return;
6,4420,35,4420,41,if guard,auto logos::compiler::BorrowChecker::inherit_loans,if (rec.holder == to) return;
13303,4421,13,4426,10,if guard,auto logos::compiler::BorrowChecker::inherit_loans,"if (std::find(rec.co_holders.begin(), rec.co_holders.end(), to)"
13303,4421,17,4422,40,if guard,auto logos::compiler::BorrowChecker::inherit_loans,"if (std::find(rec.co_holders.begin(), rec.co_holders.end(), to)"
8435,4422,42,4422,48,statement,auto logos::compiler::BorrowChecker::inherit_loans,!= rec.co_holders.end()) return;
4868,4423,13,4426,10,statement,auto logos::compiler::BorrowChecker::inherit_loans,rec.co_holders.push_back(to);
8108439,4427,37,4430,10,loop body,logos::compiler::BorrowChecker::inherit_loans,for (auto& frame : scopes_) {
53462,4428,50,4428,75,loop body,logos::compiler::BorrowChecker::inherit_loans,for (auto& br : frame.borrows)       if (holds(br)) add_to(br);
53462,4428,54,4428,63,loop body,logos::compiler::BorrowChecker::inherit_loans,for (auto& br : frame.borrows)       if (holds(br)) add_to(br);
13189,4428,65,4428,75,loop body,logos::compiler::BorrowChecker::inherit_loans,for (auto& br : frame.borrows)       if (holds(br)) add_to(br);
220813,4429,50,4429,75,loop body,logos::compiler::BorrowChecker::inherit_loans,for (auto& fb : frame.field_borrows) if (holds(fb)) add_to(fb);
220813,4429,54,4429,63,loop body,logos::compiler::BorrowChecker::inherit_loans,for (auto& fb : frame.field_borrows) if (holds(fb)) add_to(fb);
120,4429,65,4429,75,loop body,logos::compiler::BorrowChecker::inherit_loans,for (auto& fb : frame.field_borrows) if (holds(fb)) add_to(fb);
439,4441,75,4446,6,call / statement,logos::compiler::BorrowChecker::path_overlaps,"static bool path_overlaps(const std::string& a, const std::string& b) {"
439,4442,13,4442,19,if guard,logos::compiler::BorrowChecker::path_overlaps,if (a == b) return true;
7,4442,21,4442,32,if guard,logos::compiler::BorrowChecker::path_overlaps,if (a == b) return true;
432,4443,9,4446,6,if guard,logos::compiler::BorrowChecker::path_overlaps,if (a.size() < b.size())
432,4443,13,4443,32,if guard,logos::compiler::BorrowChecker::path_overlaps,if (a.size() < b.size())
291,4444,13,4444,72,early return,logos::compiler::BorrowChecker::path_overlaps,"return b.compare(0, a.size(), a) == 0 && b[a.size()] == '.';"
291,4444,20,4444,50,early return,logos::compiler::BorrowChecker::path_overlaps,"return b.compare(0, a.size(), a) == 0 && b[a.size()] == '.';"
1,4444,54,4444,72,early return,logos::compiler::BorrowChecker::path_overlaps,"return b.compare(0, a.size(), a) == 0 && b[a.size()] == '.';"
141,4445,9,4445,68,early return,logos::compiler::BorrowChecker::path_overlaps,"return a.compare(0, b.size(), b) == 0 && a[b.size()] == '.';"
141,4445,16,4445,46,early return,logos::compiler::BorrowChecker::path_overlaps,"return a.compare(0, b.size(), b) == 0 && a[b.size()] == '.';"
4,4445,50,4445,68,early return,logos::compiler::BorrowChecker::path_overlaps,"return a.compare(0, b.size(), b) == 0 && a[b.size()] == '.';"
169721,4450,49,4454,6,call / statement,logos::compiler::BorrowChecker::find_moved_overlap,const std::string& path) {
439,4452,13,4452,58,if guard,logos::compiler::BorrowChecker::find_moved_overlap,"if (path_overlaps(kv.first, path)) return &kv;"
439,4452,17,4452,46,if guard,logos::compiler::BorrowChecker::find_moved_overlap,"if (path_overlaps(kv.first, path)) return &kv;"
12,4452,48,4452,58,if guard,logos::compiler::BorrowChecker::find_moved_overlap,"if (path_overlaps(kv.first, path)) return &kv;"
169709,4453,9,4453,23,early return,logos::compiler::BorrowChecker::find_moved_overlap,return nullptr;
12395,4459,55,4467,6,call / statement,logos::compiler::BorrowChecker::erase_reinit,const std::string& path) {
12402,4460,39,4460,56,loop body,logos::compiler::BorrowChecker::erase_reinit,for (auto it = moved.begin(); it != moved.end(); ) {
7,4460,60,4466,10,loop body,logos::compiler::BorrowChecker::erase_reinit,for (auto it = moved.begin(); it != moved.end(); ) {
7,4461,28,4461,45,statement,logos::compiler::BorrowChecker::erase_reinit,bool covered = it->first == path ||
1,4462,17,4464,48,statement,logos::compiler::BorrowChecker::erase_reinit,(it->first.size() > path.size() &&
1,4462,18,4462,48,statement,logos::compiler::BorrowChecker::erase_reinit,(it->first.size() > path.size() &&
1,4462,18,4463,62,statement,logos::compiler::BorrowChecker::erase_reinit,(it->first.size() > path.size() &&
0,4463,18,4463,62,statement,logos::compiler::BorrowChecker::erase_reinit,"it->first.compare(0, path.size(), path) == 0 &&"
0,4464,18,4464,47,statement,logos::compiler::BorrowChecker::erase_reinit,it->first[path.size()] == '.');
7,4465,18,4465,25,statement,logos::compiler::BorrowChecker::erase_reinit,it = covered ? moved.erase(it) : ++it;
6,4465,28,4465,43,statement,logos::compiler::BorrowChecker::erase_reinit,it = covered ? moved.erase(it) : ++it;
1,4465,46,4465,50,statement,logos::compiler::BorrowChecker::erase_reinit,it = covered ? moved.erase(it) : ++it;
366134,4469,83,4510,6,call / statement,logos::compiler::BorrowChecker::consume,"bool consume(const std::string& name, uint32_t line, uint32_t slot = NO_SLOT) {"
366134,4471,13,4471,26,if guard,logos::compiler::BorrowChecker::consume,if (it == nullptr) return true;
2674,4471,28,4471,39,if guard,logos::compiler::BorrowChecker::consume,if (it == nullptr) return true;
363460,4472,9,4510,6,if guard,logos::compiler::BorrowChecker::consume,if (!it->moved_fields.empty()) {
363460,4472,13,4472,38,if guard,logos::compiler::BorrowChecker::consume,if (!it->moved_fields.empty()) {
7,4472,40,4478,10,if guard,logos::compiler::BorrowChecker::consume,if (!it->moved_fields.empty()) {
363453,4479,9,4510,6,if guard,logos::compiler::BorrowChecker::consume,if (it->moved) {
363453,4479,13,4479,22,if guard,logos::compiler::BorrowChecker::consume,if (it->moved) {
36,4479,24,4487,10,if guard,logos::compiler::BorrowChecker::consume,if (it->moved) {
36,4481,17,4481,21,if guard,logos::compiler::BorrowChecker::consume,if (prev)
36,4482,17,4483,79,diagnostic emission,logos::compiler::BorrowChecker::consume,"report(line, std::format("
0,4485,17,4485,75,diagnostic emission,logos::compiler::BorrowChecker::consume,"report(line, std::format(""use of moved value '{}'"", name));"
363417,4488,9,4510,6,if guard,logos::compiler::BorrowChecker::consume,if (it->mut_borrowed || it->shared_borrows > 0 ||
363417,4488,13,4488,29,if guard,logos::compiler::BorrowChecker::consume,if (it->mut_borrowed || it->shared_borrows > 0 ||
363417,4488,13,4488,55,if guard,logos::compiler::BorrowChecker::consume,if (it->mut_borrowed || it->shared_borrows > 0 ||
363417,4488,13,4489,37,if guard,logos::compiler::BorrowChecker::consume,if (it->mut_borrowed || it->shared_borrows > 0 ||
363412,4488,33,4488,55,if guard,logos::compiler::BorrowChecker::consume,if (it->mut_borrowed || it->shared_borrows > 0 ||
363401,4489,13,4489,37,call / statement,logos::compiler::BorrowChecker::consume,it->mut_reservations > 0) {
17,4489,39,4492,10,call / statement,logos::compiler::BorrowChecker::consume,it->mut_reservations > 0) {
363400,4495,9,4510,6,if guard,logos::compiler::BorrowChecker::consume,"if (field_borrow_conflicts((*it), name, /*path=*/"""","
363400,4495,13,4496,74,if guard,logos::compiler::BorrowChecker::consume,"if (field_borrow_conflicts((*it), name, /*path=*/"""","
2,4497,13,4497,25,early return,logos::compiler::BorrowChecker::consume,return false;
363398,4498,9,4509,20,statement,logos::compiler::BorrowChecker::consume,{
645195,4520,63,4525,6,call / statement,logos::compiler::BorrowChecker::visit_place_base,"void visit_place_base(lir_view::ExprRef e, uint32_t line) {"
9995,4539,56,4593,6,statement,logos::compiler::BorrowChecker::deref_move_exempt,bool deref_move_exempt(lir_view::ExprRef op) const {
9995,4540,13,4540,16,if guard,logos::compiler::BorrowChecker::deref_move_exempt,if (!op) return true;
0,4540,18,4540,29,if guard,logos::compiler::BorrowChecker::deref_move_exempt,if (!op) return true;
9995,4541,9,4593,6,statement,logos::compiler::BorrowChecker::deref_move_exempt,using Code = lir_schema::expr::Code;
9995,4552,13,4552,38,if guard,logos::compiler::BorrowChecker::deref_move_exempt,if (op.kind() == Code::VarRef &&
9995,4552,13,4553,75,if guard,logos::compiler::BorrowChecker::deref_move_exempt,if (op.kind() == Code::VarRef &&
7972,4553,13,4553,75,call / statement,logos::compiler::BorrowChecker::deref_move_exempt,"lir_view::EVarRefView{op}.name().starts_with(""__static_addr:""))"
177,4554,13,4554,25,early return,logos::compiler::BorrowChecker::deref_move_exempt,return false;
9818,4555,9,4593,6,statement,logos::compiler::BorrowChecker::deref_move_exempt,auto ot = op.type(pool);
9818,4564,13,4564,15,if guard,logos::compiler::BorrowChecker::deref_move_exempt,if (ot && ot.kind() == LogosType::Kind::Ptr) return true;
9818,4564,13,4564,52,if guard,logos::compiler::BorrowChecker::deref_move_exempt,if (ot && ot.kind() == LogosType::Kind::Ptr) return true;
9818,4564,19,4564,52,if guard,logos::compiler::BorrowChecker::deref_move_exempt,if (ot && ot.kind() == LogosType::Kind::Ptr) return true;
6866,4564,54,4564,65,if guard,logos::compiler::BorrowChecker::deref_move_exempt,if (ot && ot.kind() == LogosType::Kind::Ptr) return true;
2952,4576,9,4593,6,if guard,logos::compiler::BorrowChecker::deref_move_exempt,if (auto dt = deref_type_of_(op); dt && dt.kind() == LogosType::Kind::TypeVar)
2952,4576,43,4576,45,if guard,logos::compiler::BorrowChecker::deref_move_exempt,if (auto dt = deref_type_of_(op); dt && dt.kind() == LogosType::Kind::TypeVar)
2952,4576,43,4576,86,if guard,logos::compiler::BorrowChecker::deref_move_exempt,if (auto dt = deref_type_of_(op); dt && dt.kind() == LogosType::Kind::TypeVar)
2952,4576,49,4576,86,if guard,logos::compiler::BorrowChecker::deref_move_exempt,if (auto dt = deref_type_of_(op); dt && dt.kind() == LogosType::Kind::TypeVar)
8,4577,13,4577,24,early return,logos::compiler::BorrowChecker::deref_move_exempt,return true;
2944,4591,9,4593,6,if guard,logos::compiler::BorrowChecker::deref_move_exempt,if (in_destructure_temp_) return true;
2944,4591,13,4591,33,if guard,logos::compiler::BorrowChecker::deref_move_exempt,if (in_destructure_temp_) return true;
3,4591,35,4591,46,if guard,logos::compiler::BorrowChecker::deref_move_exempt,if (in_destructure_temp_) return true;
2941,4592,9,4592,21,early return,logos::compiler::BorrowChecker::deref_move_exempt,return false;
2952,4598,56,4607,6,statement,logos::compiler::BorrowChecker::deref_type_of_,TypeRef deref_type_of_(lir_view::ExprRef op) const {
2952,4600,19,4600,21,statement,logos::compiler::BorrowChecker::deref_type_of_,auto ot = op ? op.type(pool) : TypeRef(nullptr);
2952,4600,24,4600,37,statement,logos::compiler::BorrowChecker::deref_type_of_,auto ot = op ? op.type(pool) : TypeRef(nullptr);
0,4600,40,4600,56,statement,logos::compiler::BorrowChecker::deref_type_of_,auto ot = op ? op.type(pool) : TypeRef(nullptr);
2952,4601,13,4601,16,if guard,logos::compiler::BorrowChecker::deref_type_of_,if (!ot) return TypeRef(nullptr);
0,4601,18,4601,41,if guard,logos::compiler::BorrowChecker::deref_type_of_,if (!ot) return TypeRef(nullptr);
2952,4602,9,4607,6,if guard,logos::compiler::BorrowChecker::deref_type_of_,if (ot.kind() == LogosType::Kind::Ref ||
2952,4602,13,4602,46,if guard,logos::compiler::BorrowChecker::deref_type_of_,if (ot.kind() == LogosType::Kind::Ref ||
2952,4602,13,4603,49,if guard,logos::compiler::BorrowChecker::deref_type_of_,if (ot.kind() == LogosType::Kind::Ref ||
2952,4602,13,4604,46,if guard,logos::compiler::BorrowChecker::deref_type_of_,if (ot.kind() == LogosType::Kind::Ref ||
408,4603,13,4603,49,statement,logos::compiler::BorrowChecker::deref_type_of_,ot.kind() == LogosType::Kind::MutRef ||
0,4604,13,4604,46,call / statement,logos::compiler::BorrowChecker::deref_type_of_,ot.kind() == LogosType::Kind::Ptr)
2952,4605,13,4605,32,early return,logos::compiler::BorrowChecker::deref_type_of_,return ot.pointee();
0,4606,9,4606,32,early return,logos::compiler::BorrowChecker::deref_type_of_,return TypeRef(nullptr);
18,4614,64,4637,6,statement,logos::compiler::BorrowChecker::deref_move_message[abi:cxx11],std::string deref_move_message(lir_view::ExprRef op) const {
18,4617,13,4617,15,if guard,logos::compiler::BorrowChecker::deref_move_message[abi:cxx11],if (op && op.kind() == Code::VarRef) {
18,4617,13,4617,44,if guard,logos::compiler::BorrowChecker::deref_move_message[abi:cxx11],if (op && op.kind() == Code::VarRef) {
18,4617,19,4617,44,if guard,logos::compiler::BorrowChecker::deref_move_message[abi:cxx11],if (op && op.kind() == Code::VarRef) {
14,4617,46,4630,10,if guard,logos::compiler::BorrowChecker::deref_move_message[abi:cxx11],if (op && op.kind() == Code::VarRef) {
14,4620,17,4620,36,if guard,logos::compiler::BorrowChecker::deref_move_message[abi:cxx11],if (n.starts_with(kPfx)) {
11,4620,38,4629,14,if guard,logos::compiler::BorrowChecker::deref_move_message[abi:cxx11],if (n.starts_with(kPfx)) {
11,4625,46,4625,73,if guard,logos::compiler::BorrowChecker::deref_move_message[abi:cxx11],if (auto d = sym.rfind('$'); d != std::string_view::npos)
11,4626,21,4626,44,statement,logos::compiler::BorrowChecker::deref_move_message[abi:cxx11],sym = sym.substr(d + 1);
7,4631,9,4637,6,statement,logos::compiler::BorrowChecker::deref_move_message[abi:cxx11],auto ot = op ? op.type(pool) : TypeRef(nullptr);
7,4631,19,4631,21,statement,logos::compiler::BorrowChecker::deref_move_message[abi:cxx11],auto ot = op ? op.type(pool) : TypeRef(nullptr);
7,4631,24,4631,37,statement,logos::compiler::BorrowChecker::deref_move_message[abi:cxx11],auto ot = op ? op.type(pool) : TypeRef(nullptr);
0,4631,40,4631,56,statement,logos::compiler::BorrowChecker::deref_move_message[abi:cxx11],auto ot = op ? op.type(pool) : TypeRef(nullptr);
7,4632,13,4632,15,if guard,logos::compiler::BorrowChecker::deref_move_message[abi:cxx11],if (ot && ot.kind() == LogosType::Kind::Ref)
7,4632,13,4632,52,if guard,logos::compiler::BorrowChecker::deref_move_message[abi:cxx11],if (ot && ot.kind() == LogosType::Kind::Ref)
7,4632,19,4632,52,if guard,logos::compiler::BorrowChecker::deref_move_message[abi:cxx11],if (ot && ot.kind() == LogosType::Kind::Ref)
4,4633,13,4633,82,early return,logos::compiler::BorrowChecker::deref_move_message[abi:cxx11],"return ""cannot move out of a value behind a shared reference (E0507)"";"
3,4634,9,4637,6,if guard,logos::compiler::BorrowChecker::deref_move_message[abi:cxx11],if (ot && ot.kind() == LogosType::Kind::MutRef)
3,4634,13,4634,15,if guard,logos::compiler::BorrowChecker::deref_move_message[abi:cxx11],if (ot && ot.kind() == LogosType::Kind::MutRef)
3,4634,13,4634,55,if guard,logos::compiler::BorrowChecker::deref_move_message[abi:cxx11],if (ot && ot.kind() == LogosType::Kind::MutRef)
3,4634,19,4634,55,if guard,logos::compiler::BorrowChecker::deref_move_message[abi:cxx11],if (ot && ot.kind() == LogosType::Kind::MutRef)
3,4635,13,4635,83,early return,logos::compiler::BorrowChecker::deref_move_message[abi:cxx11],"return ""cannot move out of a value behind a mutable reference (E0507)"";"
0,4636,9,4636,58,early return,logos::compiler::BorrowChecker::deref_move_message[abi:cxx11],"return ""cannot move out of a dereference (E0507)"";"
30052679,4639,86,4662,6,call / statement,logos::compiler::BorrowChecker::check_live,"void check_live(const std::string& name, uint32_t line, uint32_t slot = NO_SLOT) {"
30052679,4641,46,4641,68,if guard,logos::compiler::BorrowChecker::check_live,if (auto dit = dangling_.find(name); dit != dangling_.end()) {
45,4641,70,4647,10,if guard,logos::compiler::BorrowChecker::check_live,if (auto dit = dangling_.find(name); dit != dangling_.end()) {
30052679,4649,13,4649,26,if guard,logos::compiler::BorrowChecker::check_live,if (it == nullptr) return;
41211,4649,28,4649,34,if guard,logos::compiler::BorrowChecker::check_live,if (it == nullptr) return;
30011468,4650,9,4662,6,if guard,logos::compiler::BorrowChecker::check_live,if (it->moved) {
30011468,4650,13,4650,22,if guard,logos::compiler::BorrowChecker::check_live,if (it->moved) {
11,4650,24,4657,10,if guard,logos::compiler::BorrowChecker::check_live,if (it->moved) {
11,4652,17,4652,21,if guard,logos::compiler::BorrowChecker::check_live,if (prev)
11,4653,17,4654,79,diagnostic emission,logos::compiler::BorrowChecker::check_live,"report(line, std::format("
0,4656,17,4656,75,diagnostic emission,logos::compiler::BorrowChecker::check_live,"report(line, std::format(""use of moved value '{}'"", name));"
30011468,4658,13,4658,29,if guard,logos::compiler::BorrowChecker::check_live,if (it->mut_borrowed) {
46,4658,31,4661,10,if guard,logos::compiler::BorrowChecker::check_live,if (it->mut_borrowed) {
10596830,4688,78,4716,6,call / statement,logos::compiler::BorrowChecker::check_whole_read_vs_field_loans,"void check_whole_read_vs_field_loans(lir_view::ExprRef e, uint32_t line) {"
10596830,4691,16,4691,19,loop body,logos::compiler::BorrowChecker::check_whole_read_vs_field_loans,while (cur && cur.kind() == EC::Cast)
10596830,4691,16,4691,45,loop body,logos::compiler::BorrowChecker::check_whole_read_vs_field_loans,while (cur && cur.kind() == EC::Cast)
10596830,4691,23,4691,45,loop body,logos::compiler::BorrowChecker::check_whole_read_vs_field_loans,while (cur && cur.kind() == EC::Cast)
0,4692,13,4692,53,statement,logos::compiler::BorrowChecker::check_whole_read_vs_field_loans,cur = lir_view::ECastView{cur}.operand();
10596830,4693,13,4693,17,if guard,logos::compiler::BorrowChecker::check_whole_read_vs_field_loans,if (!cur) return;
0,4693,19,4693,25,if guard,logos::compiler::BorrowChecker::check_whole_read_vs_field_loans,if (!cur) return;
10596830,4694,9,4716,6,statement,logos::compiler::BorrowChecker::check_whole_read_vs_field_loans,std::string nm;
10596830,4696,13,4696,37,if guard,logos::compiler::BorrowChecker::check_whole_read_vs_field_loans,if (cur.kind() == EC::AddrOf) {
18138,4696,39,4698,10,if guard,logos::compiler::BorrowChecker::check_whole_read_vs_field_loans,if (cur.kind() == EC::AddrOf) {
10578692,4698,16,4706,10,else branch,logos::compiler::BorrowChecker::check_whole_read_vs_field_loans,} else {
10578692,4699,17,4699,45,if guard,logos::compiler::BorrowChecker::check_whole_read_vs_field_loans,if (cur.kind() == EC::AddrOfTemp)
1,4700,17,4700,61,statement,logos::compiler::BorrowChecker::check_whole_read_vs_field_loans,cur = lir_view::EAddrOfTempView{cur}.inner();
10578692,4701,20,4701,23,loop body,logos::compiler::BorrowChecker::check_whole_read_vs_field_loans,while (cur && cur.kind() == EC::Cast)
10578692,4701,20,4701,49,loop body,logos::compiler::BorrowChecker::check_whole_read_vs_field_loans,while (cur && cur.kind() == EC::Cast)
10578692,4701,27,4701,49,loop body,logos::compiler::BorrowChecker::check_whole_read_vs_field_loans,while (cur && cur.kind() == EC::Cast)
0,4702,17,4702,57,statement,logos::compiler::BorrowChecker::check_whole_read_vs_field_loans,cur = lir_view::ECastView{cur}.operand();
10578692,4703,17,4703,21,if guard,logos::compiler::BorrowChecker::check_whole_read_vs_field_loans,if (!cur || cur.kind() != EC::VarRef) return;
10578692,4703,17,4703,49,if guard,logos::compiler::BorrowChecker::check_whole_read_vs_field_loans,if (!cur || cur.kind() != EC::VarRef) return;
10578692,4703,25,4703,49,if guard,logos::compiler::BorrowChecker::check_whole_read_vs_field_loans,if (!cur || cur.kind() != EC::VarRef) return;
15875,4703,51,4703,57,if guard,logos::compiler::BorrowChecker::check_whole_read_vs_field_loans,if (!cur || cur.kind() != EC::VarRef) return;
10562817,4704,13,4706,10,statement,logos::compiler::BorrowChecker::check_whole_read_vs_field_loans,nm = std::string(lir_view::EVarRefView{cur}.name());
10580955,4707,9,4716,6,if guard,logos::compiler::BorrowChecker::check_whole_read_vs_field_loans,if (nm.empty()) return;
10580955,4707,13,4707,23,if guard,logos::compiler::BorrowChecker::check_whole_read_vs_field_loans,if (nm.empty()) return;
0,4707,25,4707,31,if guard,logos::compiler::BorrowChecker::check_whole_read_vs_field_loans,if (nm.empty()) return;
10580955,4708,9,4716,6,statement,logos::compiler::BorrowChecker::check_whole_read_vs_field_loans,"auto* it = var_find(slot, nm);"
10580955,4709,13,4709,16,if guard,logos::compiler::BorrowChecker::check_whole_read_vs_field_loans,if (!it || it->mut_field_borrows.empty()) return;
10580955,4709,13,4709,49,if guard,logos::compiler::BorrowChecker::check_whole_read_vs_field_loans,if (!it || it->mut_field_borrows.empty()) return;
10580946,4709,20,4709,49,if guard,logos::compiler::BorrowChecker::check_whole_read_vs_field_loans,if (!it || it->mut_field_borrows.empty()) return;
10580951,4709,51,4709,57,if guard,logos::compiler::BorrowChecker::check_whole_read_vs_field_loans,if (!it || it->mut_field_borrows.empty()) return;
4,4713,9,4716,6,diagnostic emission,logos::compiler::BorrowChecker::check_whole_read_vs_field_loans,"report(line, std::format("
0,4726,57,4728,6,statement,logos::compiler::BorrowChecker::expr_ref,lir_view::ExprRef expr_ref(const LExprPtr& e) const {
0,4730,54,4735,6,statement,logos::compiler::BorrowChecker::pat_ref,lir_view::PatRef pat_ref(const Pattern& p) const {
21194302,4739,52,4761,6,call / statement,logos::compiler::BorrowChecker::declare_pat_bindings,void declare_pat_bindings(lir_view::PatRef pr) {
21194302,4740,13,4740,16,if guard,logos::compiler::BorrowChecker::declare_pat_bindings,if (!pr) return;
0,4740,18,4740,24,if guard,logos::compiler::BorrowChecker::declare_pat_bindings,if (!pr) return;
21194302,4741,9,4761,6,statement,logos::compiler::BorrowChecker::declare_pat_bindings,using Code = lir_schema::pat::Code;
14161618,4743,13,4751,22,switch arm,logos::compiler::BorrowChecker::declare_pat_bindings,case Code::VariantData: {
14161535,4747,56,4750,18,call / statement,logos::compiler::BorrowChecker::declare_pat_bindings,v.each_binding([&](std::string_view b) {
14161535,4748,49,4748,65,statement,logos::compiler::BorrowChecker::declare_pat_bindings,"declare_var(std::string(b), i < slots.size() ? slots[i] : NO_SLOT);"
14152688,4748,68,4748,76,statement,logos::compiler::BorrowChecker::declare_pat_bindings,"declare_var(std::string(b), i < slots.size() ? slots[i] : NO_SLOT);"
8847,4748,79,4748,86,statement,logos::compiler::BorrowChecker::declare_pat_bindings,"declare_var(std::string(b), i < slots.size() ? slots[i] : NO_SLOT);"
4955,4753,13,4757,22,switch arm,logos::compiler::BorrowChecker::declare_pat_bindings,case Code::Wild: {
4955,4756,21,4756,31,if guard,logos::compiler::BorrowChecker::declare_pat_bindings,"if (!n.empty() && n != ""_"") declare_var(n, wv.bind_slot());  // Phase-1"
4955,4756,21,4756,43,if guard,logos::compiler::BorrowChecker::declare_pat_bindings,"if (!n.empty() && n != ""_"") declare_var(n, wv.bind_slot());  // Phase-1"
4952,4756,35,4756,43,if guard,logos::compiler::BorrowChecker::declare_pat_bindings,"if (!n.empty() && n != ""_"") declare_var(n, wv.bind_slot());  // Phase-1"
100,4756,45,4756,75,if guard,logos::compiler::BorrowChecker::declare_pat_bindings,"if (!n.empty() && n != ""_"") declare_var(n, wv.bind_slot());  // Phase-1"
7027729,4759,13,4759,27,switch arm,logos::compiler::BorrowChecker::declare_pat_bindings,default: break;
0,4762,49,4764,6,call / statement,logos::compiler::BorrowChecker::declare_pat_bindings,void declare_pat_bindings(const Pattern& p) {
7301087,4801,61,4864,6,statement,void logos::compiler::BorrowChecker::each_pat_binding,"void each_pat_binding(lir_view::PatRef pr, F&& f) const {"
7301087,4804,13,4804,16,if guard,void logos::compiler::BorrowChecker::each_pat_binding,if (!pr) return;
0,4804,18,4804,24,if guard,void logos::compiler::BorrowChecker::each_pat_binding,if (!pr) return;
7301087,4805,9,4864,6,statement,void logos::compiler::BorrowChecker::each_pat_binding,const auto* pool = prog_.type_pool.impl();
4314953,4806,60,4813,10,call / statement,auto void logos::compiler::BorrowChecker::each_pat_binding,"auto zip = [&](auto&& each_name, auto&& each_type) {"
4315049,4809,46,4809,69,statement,auto void logos::compiler::BorrowChecker::each_pat_binding,each_name([&](std::string_view b){ ns.emplace_back(b); });
4315049,4810,37,4810,57,statement,auto void logos::compiler::BorrowChecker::each_pat_binding,each_type([&](TypeRef t){ ts.push_back(t); });
8630002,4811,32,4811,45,loop body,auto void logos::compiler::BorrowChecker::each_pat_binding,for (size_t i = 0; i < ns.size(); ++i)
4315049,4811,47,4811,50,loop body,auto void logos::compiler::BorrowChecker::each_pat_binding,for (size_t i = 0; i < ns.size(); ++i)
4315049,4812,17,4812,85,statement,auto void logos::compiler::BorrowChecker::each_pat_binding,"f(std::string_view(ns[i]), i < ts.size() ? ts[i] : TypeRef(nullptr));"
4315049,4812,44,4812,57,statement,auto void logos::compiler::BorrowChecker::each_pat_binding,"f(std::string_view(ns[i]), i < ts.size() ? ts[i] : TypeRef(nullptr));"
4315049,4812,60,4812,65,statement,auto void logos::compiler::BorrowChecker::each_pat_binding,"f(std::string_view(ns[i]), i < ts.size() ? ts[i] : TypeRef(nullptr));"
0,4812,68,4812,84,statement,auto void logos::compiler::BorrowChecker::each_pat_binding,"f(std::string_view(ns[i]), i < ts.size() ? ts[i] : TypeRef(nullptr));"
2985725,4815,13,4862,23,switch arm,void logos::compiler::BorrowChecker::each_pat_binding,case PC::Variant: case PC::Int: case PC::Bool: case PC::Range:
2985732,4815,31,4862,23,switch arm,void logos::compiler::BorrowChecker::each_pat_binding,case PC::Variant: case PC::Int: case PC::Bool: case PC::Range:
2985732,4815,45,4862,23,switch arm,void logos::compiler::BorrowChecker::each_pat_binding,case PC::Variant: case PC::Int: case PC::Bool: case PC::Range:
2985732,4815,60,4816,23,switch arm,void logos::compiler::BorrowChecker::each_pat_binding,case PC::Variant: case PC::Int: case PC::Bool: case PC::Range:
259,4817,13,4819,23,switch arm,void logos::compiler::BorrowChecker::each_pat_binding,case PC::Wild:
4314915,4820,13,4824,23,switch arm,void logos::compiler::BorrowChecker::each_pat_binding,case PC::VariantData: {
4314915,4822,34,4822,56,statement,auto void logos::compiler::BorrowChecker::each_pat_binding,"zip([&](auto&& g){ v.each_binding(g); },"
4314915,4823,34,4823,67,statement,auto void logos::compiler::BorrowChecker::each_pat_binding,"[&](auto&& g){ v.each_binding_type(pool, g); });"
38,4826,13,4831,23,switch arm,void logos::compiler::BorrowChecker::each_pat_binding,case PC::Tuple: {
38,4828,34,4828,56,statement,auto void logos::compiler::BorrowChecker::each_pat_binding,"zip([&](auto&& g){ v.each_binding(g); },"
38,4829,34,4829,67,statement,auto void logos::compiler::BorrowChecker::each_pat_binding,"[&](auto&& g){ v.each_binding_type(pool, g); });"
80,4830,43,4830,72,statement,void logos::compiler::BorrowChecker::each_pat_binding,"v.each_sub([&](PatRef sub){ each_pat_binding(sub, f); });"
46,4833,13,4838,23,switch arm,void logos::compiler::BorrowChecker::each_pat_binding,case PC::Struct:
51,4834,74,4837,18,call / statement,void logos::compiler::BorrowChecker::each_pat_binding,PatStructView{pr}.each_field([&](PatFieldBindingView fb) {
51,4835,30,4835,33,if guard,void logos::compiler::BorrowChecker::each_pat_binding,"if (auto sub = fb.sub()) each_pat_binding(sub, f);"
38,4835,46,4835,70,if guard,void logos::compiler::BorrowChecker::each_pat_binding,"if (auto sub = fb.sub()) each_pat_binding(sub, f);"
13,4836,26,4836,62,else branch,void logos::compiler::BorrowChecker::each_pat_binding,"else f(fb.field_name(), TypeRef(nullptr));"
0,4839,13,4841,23,switch arm,void logos::compiler::BorrowChecker::each_pat_binding,case PC::Or:
0,4840,55,4840,84,statement,void logos::compiler::BorrowChecker::each_pat_binding,"PatOrView{pr}.each_alt([&](PatRef alt){ each_pat_binding(alt, f); });"
29,4842,13,4847,23,switch arm,void logos::compiler::BorrowChecker::each_pat_binding,case PC::Slice: {
31,4844,46,4844,75,statement,void logos::compiler::BorrowChecker::each_pat_binding,"v.each_prefix([&](PatRef sub){ each_pat_binding(sub, f); });"
19,4845,46,4845,75,statement,void logos::compiler::BorrowChecker::each_pat_binding,"v.each_rest  ([&](PatRef sub){ each_pat_binding(sub, f); });"
8,4846,46,4846,75,statement,void logos::compiler::BorrowChecker::each_pat_binding,"v.each_suffix([&](PatRef sub){ each_pat_binding(sub, f); });"
0,4849,13,4853,23,switch arm,void logos::compiler::BorrowChecker::each_pat_binding,case PC::At: {
0,4852,26,4852,29,if guard,void logos::compiler::BorrowChecker::each_pat_binding,"if (auto sub = v.sub()) each_pat_binding(sub, f);"
0,4852,41,4852,65,if guard,void logos::compiler::BorrowChecker::each_pat_binding,"if (auto sub = v.sub()) each_pat_binding(sub, f);"
20,4855,13,4858,23,switch arm,void logos::compiler::BorrowChecker::each_pat_binding,case PC::RefBind: {
48,4860,13,4862,23,switch arm,void logos::compiler::BorrowChecker::each_pat_binding,case PC::RefPat:
48,4861,26,4861,28,if guard,void logos::compiler::BorrowChecker::each_pat_binding,"if (auto in = PatRefPatView{pr}.inner()) each_pat_binding(in, f);"
48,4861,58,4861,81,if guard,void logos::compiler::BorrowChecker::each_pat_binding,"if (auto in = PatRefPatView{pr}.inner()) each_pat_binding(in, f);"
21179072,4872,83,4887,6,call / statement,logos::compiler::BorrowChecker::propagate_pat_sources,"const std::vector<std::string>& srcs, uint32_t ln) {"
21179072,4873,13,4873,16,if guard,logos::compiler::BorrowChecker::propagate_pat_sources,if (!pr || srcs.empty()) return;
21179072,4873,13,4873,32,if guard,logos::compiler::BorrowChecker::propagate_pat_sources,if (!pr || srcs.empty()) return;
21179072,4873,20,4873,32,if guard,logos::compiler::BorrowChecker::propagate_pat_sources,if (!pr || srcs.empty()) return;
21140523,4873,34,4873,40,if guard,logos::compiler::BorrowChecker::propagate_pat_sources,if (!pr || srcs.empty()) return;
38549,4874,9,4887,6,call / statement,logos::compiler::BorrowChecker::propagate_pat_sources,"each_pat_binding(pr, [&](std::string_view b, TypeRef t) {"
19350,4874,65,4886,10,call / statement,logos::compiler::BorrowChecker::propagate_pat_sources,"each_pat_binding(pr, [&](std::string_view b, TypeRef t) {"
19350,4875,17,4875,26,if guard,logos::compiler::BorrowChecker::propagate_pat_sources,"if (b.empty() || b == ""_"") return;"
19350,4875,17,4875,38,if guard,logos::compiler::BorrowChecker::propagate_pat_sources,"if (b.empty() || b == ""_"") return;"
19350,4875,30,4875,38,if guard,logos::compiler::BorrowChecker::propagate_pat_sources,"if (b.empty() || b == ""_"") return;"
62,4875,40,4875,46,if guard,logos::compiler::BorrowChecker::propagate_pat_sources,"if (b.empty() || b == ""_"") return;"
19288,4879,13,4886,10,if guard,logos::compiler::BorrowChecker::propagate_pat_sources,if (t && !is_ref_kind(t) && !is_borrow_carrying_type(t)) return;
19288,4879,17,4879,18,if guard,logos::compiler::BorrowChecker::propagate_pat_sources,if (t && !is_ref_kind(t) && !is_borrow_carrying_type(t)) return;
19288,4879,17,4879,37,if guard,logos::compiler::BorrowChecker::propagate_pat_sources,if (t && !is_ref_kind(t) && !is_borrow_carrying_type(t)) return;
19288,4879,17,4879,68,if guard,logos::compiler::BorrowChecker::propagate_pat_sources,if (t && !is_ref_kind(t) && !is_borrow_carrying_type(t)) return;
19265,4879,22,4879,37,if guard,logos::compiler::BorrowChecker::propagate_pat_sources,if (t && !is_ref_kind(t) && !is_borrow_carrying_type(t)) return;
51,4879,41,4879,68,if guard,logos::compiler::BorrowChecker::propagate_pat_sources,if (t && !is_ref_kind(t) && !is_borrow_carrying_type(t)) return;
25,4879,70,4879,76,if guard,logos::compiler::BorrowChecker::propagate_pat_sources,if (t && !is_ref_kind(t) && !is_borrow_carrying_type(t)) return;
19263,4880,13,4886,10,statement,logos::compiler::BorrowChecker::propagate_pat_sources,std::string n(b);
19268,4884,34,4884,78,loop body,logos::compiler::BorrowChecker::propagate_pat_sources,"for (auto& s : srcs) dst.push_back(RefSrc{s, slot_of_binding(s)});"
21179072,4904,75,4929,6,call / statement,logos::compiler::BorrowChecker::propagate_pat_prov,"void propagate_pat_prov(lir_view::PatRef pr, lir_view::ExprRef scrut) {"
21179072,4906,13,4906,16,if guard,logos::compiler::BorrowChecker::propagate_pat_prov,if (!pr || !scrut) return;
21179072,4906,13,4906,26,if guard,logos::compiler::BorrowChecker::propagate_pat_prov,if (!pr || !scrut) return;
21179072,4906,20,4906,26,if guard,logos::compiler::BorrowChecker::propagate_pat_prov,if (!pr || !scrut) return;
0,4906,28,4906,34,if guard,logos::compiler::BorrowChecker::propagate_pat_prov,if (!pr || !scrut) return;
21179072,4907,9,4929,6,statement,logos::compiler::BorrowChecker::propagate_pat_prov,const auto* pool = prog_.type_pool.impl();
21179072,4922,13,4922,41,if guard,logos::compiler::BorrowChecker::propagate_pat_prov,if (!is_borrow_carrying_type(st) && !loan_carrying_type(st)) return;
21179072,4922,13,4922,68,if guard,logos::compiler::BorrowChecker::propagate_pat_prov,if (!is_borrow_carrying_type(st) && !loan_carrying_type(st)) return;
21161854,4922,45,4922,68,if guard,logos::compiler::BorrowChecker::propagate_pat_prov,if (!is_borrow_carrying_type(st) && !loan_carrying_type(st)) return;
21161854,4922,70,4922,76,if guard,logos::compiler::BorrowChecker::propagate_pat_prov,if (!is_borrow_carrying_type(st) && !loan_carrying_type(st)) return;
17218,4923,9,4929,6,statement,logos::compiler::BorrowChecker::propagate_pat_prov,RefProv sp = prov_of(scrut);
10023,4924,45,4927,10,call / statement,logos::compiler::BorrowChecker::propagate_pat_prov,auto bind = [&](std::string_view b) {
10023,4925,17,4925,26,if guard,logos::compiler::BorrowChecker::propagate_pat_prov,"if (b.empty() || b == ""_"") return;"
10023,4925,17,4925,38,if guard,logos::compiler::BorrowChecker::propagate_pat_prov,"if (b.empty() || b == ""_"") return;"
10023,4925,30,4925,38,if guard,logos::compiler::BorrowChecker::propagate_pat_prov,"if (b.empty() || b == ""_"") return;"
2509,4925,40,4925,46,if guard,logos::compiler::BorrowChecker::propagate_pat_prov,"if (b.empty() || b == ""_"") return;"
7514,4926,13,4927,10,statement,logos::compiler::BorrowChecker::propagate_pat_prov,prov_[std::string(b)] = sp;
10023,4928,62,4928,74,statement,logos::compiler::BorrowChecker::propagate_pat_prov,"each_pat_binding(pr, [&](std::string_view b, TypeRef){ bind(b); });"
21179072,4944,82,4952,6,call / statement,logos::compiler::BorrowChecker::propagate_pat_loans,"const std::vector<std::string>& roots, uint32_t ln) {"
21179072,4945,13,4945,16,if guard,logos::compiler::BorrowChecker::propagate_pat_loans,if (!pr || roots.empty()) return;
21179072,4945,13,4945,33,if guard,logos::compiler::BorrowChecker::propagate_pat_loans,if (!pr || roots.empty()) return;
21179072,4945,20,4945,33,if guard,logos::compiler::BorrowChecker::propagate_pat_loans,if (!pr || roots.empty()) return;
13934481,4945,35,4945,41,if guard,logos::compiler::BorrowChecker::propagate_pat_loans,if (!pr || roots.empty()) return;
7244591,4946,9,4952,6,call / statement,logos::compiler::BorrowChecker::propagate_pat_loans,"each_pat_binding(pr, [&](std::string_view b, TypeRef t) {"
4285690,4946,65,4951,10,call / statement,logos::compiler::BorrowChecker::propagate_pat_loans,"each_pat_binding(pr, [&](std::string_view b, TypeRef t) {"
4285690,4947,17,4947,26,if guard,logos::compiler::BorrowChecker::propagate_pat_loans,"if (b.empty() || b == ""_"") return;"
4285690,4947,17,4947,38,if guard,logos::compiler::BorrowChecker::propagate_pat_loans,"if (b.empty() || b == ""_"") return;"
4285690,4947,30,4947,38,if guard,logos::compiler::BorrowChecker::propagate_pat_loans,"if (b.empty() || b == ""_"") return;"
2269904,4947,40,4947,46,if guard,logos::compiler::BorrowChecker::propagate_pat_loans,"if (b.empty() || b == ""_"") return;"
2015786,4948,13,4951,10,if guard,logos::compiler::BorrowChecker::propagate_pat_loans,if (t && !is_ref_kind(t) && !is_borrow_carrying_type(t)) return;
2015786,4948,17,4948,18,if guard,logos::compiler::BorrowChecker::propagate_pat_loans,if (t && !is_ref_kind(t) && !is_borrow_carrying_type(t)) return;
2015786,4948,17,4948,37,if guard,logos::compiler::BorrowChecker::propagate_pat_loans,if (t && !is_ref_kind(t) && !is_borrow_carrying_type(t)) return;
2015786,4948,17,4948,68,if guard,logos::compiler::BorrowChecker::propagate_pat_loans,if (t && !is_ref_kind(t) && !is_borrow_carrying_type(t)) return;
2015709,4948,22,4948,37,if guard,logos::compiler::BorrowChecker::propagate_pat_loans,if (t && !is_ref_kind(t) && !is_borrow_carrying_type(t)) return;
746195,4948,41,4948,68,if guard,logos::compiler::BorrowChecker::propagate_pat_loans,if (t && !is_ref_kind(t) && !is_borrow_carrying_type(t)) return;
739496,4948,70,4948,76,if guard,logos::compiler::BorrowChecker::propagate_pat_loans,if (t && !is_ref_kind(t) && !is_borrow_carrying_type(t)) return;
1276290,4949,13,4951,10,statement,logos::compiler::BorrowChecker::propagate_pat_loans,std::string n(b);
1276364,4950,35,4950,58,loop body,logos::compiler::BorrowChecker::propagate_pat_loans,"for (auto& r : roots) inherit_loans(r, n, ln);"
42285618,4977,46,5059,6,statement,void logos::compiler::BorrowChecker::each_pat_binding_place,F&& f) const {
42285618,4980,13,4980,16,if guard,void logos::compiler::BorrowChecker::each_pat_binding_place,if (!pr || base.empty()) return;
42285618,4980,13,4980,32,if guard,void logos::compiler::BorrowChecker::each_pat_binding_place,if (!pr || base.empty()) return;
42285618,4980,20,4980,32,if guard,void logos::compiler::BorrowChecker::each_pat_binding_place,if (!pr || base.empty()) return;
0,4980,34,4980,40,if guard,void logos::compiler::BorrowChecker::each_pat_binding_place,if (!pr || base.empty()) return;
42285618,4981,9,5059,6,statement,void logos::compiler::BorrowChecker::each_pat_binding_place,const auto* pool = prog_.type_pool.impl();
28265113,4982,48,4982,76,statement,void logos::compiler::BorrowChecker::each_pat_binding_place,"auto sub = [&](const std::string& seg) { return base + ""."" + seg; };"
28264700,4984,60,4993,10,call / statement,auto void logos::compiler::BorrowChecker::each_pat_binding_place,const std::vector<uint32_t>& modes) {
28264778,4987,46,4987,69,statement,auto void logos::compiler::BorrowChecker::each_pat_binding_place,each_name([&](std::string_view b){ ns.emplace_back(b); });
28264778,4988,37,4988,57,statement,auto void logos::compiler::BorrowChecker::each_pat_binding_place,each_type([&](TypeRef t){ ts.push_back(t); });
56529478,4989,32,4989,45,loop body,auto void logos::compiler::BorrowChecker::each_pat_binding_place,for (size_t i = 0; i < ns.size(); ++i)
28264778,4989,47,4989,50,loop body,auto void logos::compiler::BorrowChecker::each_pat_binding_place,for (size_t i = 0; i < ns.size(); ++i)
28264778,4990,17,4992,82,statement,auto void logos::compiler::BorrowChecker::each_pat_binding_place,"f(std::string_view(ns[i]), i < ts.size() ? ts[i] : TypeRef(nullptr),"
28264778,4990,44,4990,57,statement,auto void logos::compiler::BorrowChecker::each_pat_binding_place,"f(std::string_view(ns[i]), i < ts.size() ? ts[i] : TypeRef(nullptr),"
28264778,4990,60,4990,65,statement,auto void logos::compiler::BorrowChecker::each_pat_binding_place,"f(std::string_view(ns[i]), i < ts.size() ? ts[i] : TypeRef(nullptr),"
0,4990,68,4990,84,statement,auto void logos::compiler::BorrowChecker::each_pat_binding_place,"f(std::string_view(ns[i]), i < ts.size() ? ts[i] : TypeRef(nullptr),"
28264778,4992,19,4992,35,statement,auto void logos::compiler::BorrowChecker::each_pat_binding_place,i < modes.size() ? static_cast<uint8_t>(modes[i]) : uint8_t(0));
1266696,4992,38,4992,68,statement,auto void logos::compiler::BorrowChecker::each_pat_binding_place,i < modes.size() ? static_cast<uint8_t>(modes[i]) : uint8_t(0));
26998082,4992,71,4992,81,statement,auto void logos::compiler::BorrowChecker::each_pat_binding_place,i < modes.size() ? static_cast<uint8_t>(modes[i]) : uint8_t(0));
14018114,4995,13,5057,23,switch arm,void logos::compiler::BorrowChecker::each_pat_binding_place,case PC::Variant: case PC::Int: case PC::Bool: case PC::Range:
14018604,4995,31,5057,23,switch arm,void logos::compiler::BorrowChecker::each_pat_binding_place,case PC::Variant: case PC::Int: case PC::Bool: case PC::Range:
14018682,4995,45,5057,23,switch arm,void logos::compiler::BorrowChecker::each_pat_binding_place,case PC::Variant: case PC::Int: case PC::Bool: case PC::Range:
14018846,4995,60,4996,23,switch arm,void logos::compiler::BorrowChecker::each_pat_binding_place,case PC::Variant: case PC::Int: case PC::Bool: case PC::Range:
1512,4997,13,4999,23,switch arm,void logos::compiler::BorrowChecker::each_pat_binding_place,case PC::Wild:
28264526,5000,13,5005,23,switch arm,void logos::compiler::BorrowChecker::each_pat_binding_place,case PC::VariantData: {
28264526,5002,34,5002,56,statement,auto void logos::compiler::BorrowChecker::each_pat_binding_place,"zip([&](auto&& g){ v.each_binding(g); },"
28264526,5003,34,5003,67,statement,auto void logos::compiler::BorrowChecker::each_pat_binding_place,"[&](auto&& g){ v.each_binding_type(pool, g); },"
174,5007,13,5022,23,switch arm,void logos::compiler::BorrowChecker::each_pat_binding_place,case PC::Tuple: {
174,5016,34,5016,56,statement,auto void logos::compiler::BorrowChecker::each_pat_binding_place,"zip([&](auto&& g){ v.each_binding(g); },"
174,5017,34,5017,67,statement,auto void logos::compiler::BorrowChecker::each_pat_binding_place,"[&](auto&& g){ v.each_binding_type(pool, g); },"
408,5021,41,5021,80,statement,void logos::compiler::BorrowChecker::each_pat_binding_place,"v.each_sub([&](PatRef s){ each_pat_binding_place(s, base, f); });"
239,5024,13,5031,23,switch arm,void logos::compiler::BorrowChecker::each_pat_binding_place,case PC::Struct:
335,5025,74,5030,18,call / statement,void logos::compiler::BorrowChecker::each_pat_binding_place,PatStructView{pr}.each_field([&](PatFieldBindingView fb) {
335,5026,38,5026,61,call / statement,void logos::compiler::BorrowChecker::each_pat_binding_place,std::string fp = fb.field_name().empty()
0,5027,42,5027,46,statement,void logos::compiler::BorrowChecker::each_pat_binding_place,? base : sub(std::string(fb.field_name()));
335,5027,49,5027,82,statement,void logos::compiler::BorrowChecker::each_pat_binding_place,? base : sub(std::string(fb.field_name()));
335,5028,30,5028,31,if guard,void logos::compiler::BorrowChecker::each_pat_binding_place,"if (auto s = fb.sub()) each_pat_binding_place(s, fp, f);"
253,5028,44,5028,76,if guard,void logos::compiler::BorrowChecker::each_pat_binding_place,"if (auto s = fb.sub()) each_pat_binding_place(s, fp, f);"
82,5029,26,5029,78,else branch,void logos::compiler::BorrowChecker::each_pat_binding_place,"else f(fb.field_name(), TypeRef(nullptr), fp, uint8_t(0));"
44,5032,13,5034,23,switch arm,void logos::compiler::BorrowChecker::each_pat_binding_place,case PC::Or:
106,5033,53,5033,92,statement,void logos::compiler::BorrowChecker::each_pat_binding_place,"PatOrView{pr}.each_alt([&](PatRef a){ each_pat_binding_place(a, base, f); });"
111,5035,13,5040,23,switch arm,void logos::compiler::BorrowChecker::each_pat_binding_place,case PC::Slice: {
199,5037,44,5037,83,statement,void logos::compiler::BorrowChecker::each_pat_binding_place,"v.each_prefix([&](PatRef s){ each_pat_binding_place(s, base, f); });"
57,5038,44,5038,83,statement,void logos::compiler::BorrowChecker::each_pat_binding_place,"v.each_rest  ([&](PatRef s){ each_pat_binding_place(s, base, f); });"
18,5039,44,5039,83,statement,void logos::compiler::BorrowChecker::each_pat_binding_place,"v.each_suffix([&](PatRef s){ each_pat_binding_place(s, base, f); });"
36,5042,13,5046,23,switch arm,void logos::compiler::BorrowChecker::each_pat_binding_place,case PC::At: {
36,5045,26,5045,27,if guard,void logos::compiler::BorrowChecker::each_pat_binding_place,"if (auto s = v.sub()) each_pat_binding_place(s, base, f);"
36,5045,39,5045,73,if guard,void logos::compiler::BorrowChecker::each_pat_binding_place,"if (auto s = v.sub()) each_pat_binding_place(s, base, f);"
90,5048,13,5052,23,switch arm,void logos::compiler::BorrowChecker::each_pat_binding_place,case PC::RefBind: {
90,5051,27,5051,37,statement,void logos::compiler::BorrowChecker::each_pat_binding_place,uint8_t(v.is_mut() ? 2 : 1));
32,5051,40,5051,41,statement,void logos::compiler::BorrowChecker::each_pat_binding_place,uint8_t(v.is_mut() ? 2 : 1));
58,5051,44,5051,45,statement,void logos::compiler::BorrowChecker::each_pat_binding_place,uint8_t(v.is_mut() ? 2 : 1));
40,5054,13,5057,23,switch arm,void logos::compiler::BorrowChecker::each_pat_binding_place,case PC::RefPat:
40,5055,26,5055,28,if guard,void logos::compiler::BorrowChecker::each_pat_binding_place,if (auto in = PatRefPatView{pr}.inner())
40,5056,21,5056,56,statement,void logos::compiler::BorrowChecker::each_pat_binding_place,"each_pat_binding_place(in, base, f);"
21178992,5099,45,5129,6,call / statement,logos::compiler::BorrowChecker::propagate_pat_borrows,uint32_t ln) {
21178992,5100,13,5100,16,if guard,logos::compiler::BorrowChecker::propagate_pat_borrows,if (!pr || !scrut) return;
21178992,5100,13,5100,26,if guard,logos::compiler::BorrowChecker::propagate_pat_borrows,if (!pr || !scrut) return;
21178992,5100,20,5100,26,if guard,logos::compiler::BorrowChecker::propagate_pat_borrows,if (!pr || !scrut) return;
0,5100,28,5100,34,if guard,logos::compiler::BorrowChecker::propagate_pat_borrows,if (!pr || !scrut) return;
21178992,5101,9,5129,6,statement,logos::compiler::BorrowChecker::propagate_pat_borrows,"BorrowPlace base = extract_borrow_place(scrut, prog_.type_pool.impl());"
21178992,5102,13,5102,30,if guard,logos::compiler::BorrowChecker::propagate_pat_borrows,if (base.root.empty()) return;
54889,5102,32,5102,38,if guard,logos::compiler::BorrowChecker::propagate_pat_borrows,if (base.root.empty()) return;
21124103,5103,9,5129,6,statement,logos::compiler::BorrowChecker::propagate_pat_borrows,"const std::string base_place = fmt_path(base.root, base.path);"
14124171,5106,31,5128,14,call / statement,logos::compiler::BorrowChecker::propagate_pat_borrows,uint8_t mode) {
14124171,5119,21,5119,30,if guard,logos::compiler::BorrowChecker::propagate_pat_borrows,if (mode == 0 || mode > 2 ||
14124171,5119,21,5119,42,if guard,logos::compiler::BorrowChecker::propagate_pat_borrows,if (mode == 0 || mode > 2 ||
14124171,5119,21,5120,30,if guard,logos::compiler::BorrowChecker::propagate_pat_borrows,if (mode == 0 || mode > 2 ||
14124171,5119,21,5120,42,if guard,logos::compiler::BorrowChecker::propagate_pat_borrows,if (mode == 0 || mode > 2 ||
14124171,5119,21,5120,59,if guard,logos::compiler::BorrowChecker::propagate_pat_borrows,if (mode == 0 || mode > 2 ||
624304,5119,34,5119,42,if guard,logos::compiler::BorrowChecker::propagate_pat_borrows,if (mode == 0 || mode > 2 ||
572844,5120,21,5120,30,statement,logos::compiler::BorrowChecker::propagate_pat_borrows,"b.empty() || b == ""_"" || place.empty()) return;"
572844,5120,34,5120,42,statement,logos::compiler::BorrowChecker::propagate_pat_borrows,"b.empty() || b == ""_"" || place.empty()) return;"
572844,5120,46,5120,59,statement,logos::compiler::BorrowChecker::propagate_pat_borrows,"b.empty() || b == ""_"" || place.empty()) return;"
13551327,5120,61,5120,67,statement,logos::compiler::BorrowChecker::propagate_pat_borrows,"b.empty() || b == ""_"" || place.empty()) return;"
572844,5121,17,5128,14,if guard,logos::compiler::BorrowChecker::propagate_pat_borrows,if (place.size() < base_place.size()) return;
572844,5121,21,5121,53,if guard,logos::compiler::BorrowChecker::propagate_pat_borrows,if (place.size() < base_place.size()) return;
0,5121,55,5121,61,if guard,logos::compiler::BorrowChecker::propagate_pat_borrows,if (place.size() < base_place.size()) return;
572844,5122,17,5128,14,statement,logos::compiler::BorrowChecker::propagate_pat_borrows,BorrowPlace bp = base;
572844,5123,21,5123,53,if guard,logos::compiler::BorrowChecker::propagate_pat_borrows,if (place.size() > base_place.size())
572826,5124,21,5126,78,call / statement,logos::compiler::BorrowChecker::propagate_pat_borrows,bp.path = base.path.empty()
572826,5124,31,5124,48,call / statement,logos::compiler::BorrowChecker::propagate_pat_borrows,bp.path = base.path.empty()
572826,5125,35,5125,70,statement,logos::compiler::BorrowChecker::propagate_pat_borrows,? place.substr(base_place.size() + 1)
0,5126,35,5126,78,statement,logos::compiler::BorrowChecker::propagate_pat_borrows,: base.path + place.substr(base_place.size());
21179072,5155,80,5233,6,call / statement,logos::compiler::BorrowChecker::propagate_pat_reborrows,"void propagate_pat_reborrows(lir_view::PatRef pr, lir_view::ExprRef scrut) {"
21179072,5156,13,5156,16,if guard,logos::compiler::BorrowChecker::propagate_pat_reborrows,if (!pr || !scrut) return;
21179072,5156,13,5156,26,if guard,logos::compiler::BorrowChecker::propagate_pat_reborrows,if (!pr || !scrut) return;
21179072,5156,20,5156,26,if guard,logos::compiler::BorrowChecker::propagate_pat_reborrows,if (!pr || !scrut) return;
0,5156,28,5156,34,if guard,logos::compiler::BorrowChecker::propagate_pat_reborrows,if (!pr || !scrut) return;
21179072,5157,9,5233,6,statement,logos::compiler::BorrowChecker::propagate_pat_reborrows,const auto* pool = prog_.type_pool.impl();
21179072,5160,13,5160,26,if guard,logos::compiler::BorrowChecker::propagate_pat_reborrows,if (bases.empty()) {
18674,5160,28,5192,10,if guard,logos::compiler::BorrowChecker::propagate_pat_reborrows,if (bases.empty()) {
18674,5181,17,5181,29,if guard,logos::compiler::BorrowChecker::propagate_pat_reborrows,if (srcs.empty()) return;
18169,5181,31,5181,37,if guard,logos::compiler::BorrowChecker::propagate_pat_reborrows,if (srcs.empty()) return;
505,5182,13,5191,19,call / statement,logos::compiler::BorrowChecker::propagate_pat_reborrows,"each_pat_binding(pr, [&](std::string_view b, TypeRef t) {"
278,5182,69,5190,14,call / statement,logos::compiler::BorrowChecker::propagate_pat_reborrows,"each_pat_binding(pr, [&](std::string_view b, TypeRef t) {"
278,5183,21,5183,30,if guard,logos::compiler::BorrowChecker::propagate_pat_reborrows,"if (b.empty() || b == ""_"" || !is_reborrow_ref_kind(t)) return;"
278,5183,21,5183,42,if guard,logos::compiler::BorrowChecker::propagate_pat_reborrows,"if (b.empty() || b == ""_"" || !is_reborrow_ref_kind(t)) return;"
278,5183,21,5183,70,if guard,logos::compiler::BorrowChecker::propagate_pat_reborrows,"if (b.empty() || b == ""_"" || !is_reborrow_ref_kind(t)) return;"
278,5183,34,5183,42,if guard,logos::compiler::BorrowChecker::propagate_pat_reborrows,"if (b.empty() || b == ""_"" || !is_reborrow_ref_kind(t)) return;"
224,5183,46,5183,70,if guard,logos::compiler::BorrowChecker::propagate_pat_reborrows,"if (b.empty() || b == ""_"" || !is_reborrow_ref_kind(t)) return;"
91,5183,72,5183,78,if guard,logos::compiler::BorrowChecker::propagate_pat_reborrows,"if (b.empty() || b == ""_"" || !is_reborrow_ref_kind(t)) return;"
187,5184,17,5190,14,statement,logos::compiler::BorrowChecker::propagate_pat_reborrows,std::string n(b);
187,5187,21,5187,32,if guard,logos::compiler::BorrowChecker::propagate_pat_reborrows,if (src.empty()) return;
0,5187,34,5187,40,if guard,logos::compiler::BorrowChecker::propagate_pat_reborrows,if (src.empty()) return;
187,5188,17,5190,14,statement,logos::compiler::BorrowChecker::propagate_pat_reborrows,"freeze_ref_closure(n, src);"
21160398,5194,9,5233,6,statement,logos::compiler::BorrowChecker::propagate_pat_reborrows,"std::vector<std::pair<std::string, std::vector<std::string>>> rec;"
37,5195,76,5199,10,statement,logos::compiler::BorrowChecker::propagate_pat_reborrows,auto slot = [&](const std::string& n) -> std::vector<std::string>& {
8,5196,35,5196,72,loop body,logos::compiler::BorrowChecker::propagate_pat_reborrows,for (auto& pr2 : rec) if (pr2.first == n) return pr2.second;
8,5196,39,5196,53,loop body,logos::compiler::BorrowChecker::propagate_pat_reborrows,for (auto& pr2 : rec) if (pr2.first == n) return pr2.second;
0,5196,55,5196,72,loop body,logos::compiler::BorrowChecker::propagate_pat_reborrows,for (auto& pr2 : rec) if (pr2.first == n) return pr2.second;
37,5197,13,5198,37,statement,logos::compiler::BorrowChecker::propagate_pat_reborrows,"rec.emplace_back(n, std::vector<std::string>{});"
21160398,5201,13,5226,19,statement,logos::compiler::BorrowChecker::propagate_pat_reborrows,"each_pat_binding_place(pr, base,"
14142327,5203,30,5226,18,call / statement,logos::compiler::BorrowChecker::propagate_pat_reborrows,uint8_t) {
14142327,5204,25,5204,34,if guard,logos::compiler::BorrowChecker::propagate_pat_reborrows,"if (b.empty() || b == ""_"" || place.empty()) return;"
14142327,5204,25,5204,46,if guard,logos::compiler::BorrowChecker::propagate_pat_reborrows,"if (b.empty() || b == ""_"" || place.empty()) return;"
14142327,5204,25,5204,63,if guard,logos::compiler::BorrowChecker::propagate_pat_reborrows,"if (b.empty() || b == ""_"" || place.empty()) return;"
14142324,5204,38,5204,46,if guard,logos::compiler::BorrowChecker::propagate_pat_reborrows,"if (b.empty() || b == ""_"" || place.empty()) return;"
8863590,5204,50,5204,63,if guard,logos::compiler::BorrowChecker::propagate_pat_reborrows,"if (b.empty() || b == ""_"" || place.empty()) return;"
5278737,5204,65,5204,71,if guard,logos::compiler::BorrowChecker::propagate_pat_reborrows,"if (b.empty() || b == ""_"" || place.empty()) return;"
8863590,5205,21,5226,18,statement,logos::compiler::BorrowChecker::propagate_pat_reborrows,std::string n(b);
8863590,5206,25,5206,35,if guard,logos::compiler::BorrowChecker::propagate_pat_reborrows,if (n == place) return;
0,5206,37,5206,43,if guard,logos::compiler::BorrowChecker::propagate_pat_reborrows,if (n == place) return;
8863590,5207,21,5226,18,if guard,logos::compiler::BorrowChecker::propagate_pat_reborrows,if (reborrow_of_.find(place)) {
8863590,5207,25,5207,49,if guard,logos::compiler::BorrowChecker::propagate_pat_reborrows,if (reborrow_of_.find(place)) {
35,5207,51,5211,22,if guard,logos::compiler::BorrowChecker::propagate_pat_reborrows,if (reborrow_of_.find(place)) {
35,5209,29,5209,76,if guard,logos::compiler::BorrowChecker::propagate_pat_reborrows,"if (std::find(v.begin(), v.end(), place) == v.end())"
35,5210,29,5210,47,statement,logos::compiler::BorrowChecker::propagate_pat_reborrows,v.push_back(place);
63365,5216,25,5219,57,if guard,logos::compiler::BorrowChecker::propagate_pat_reborrows,if (kv.first.size() > pfx.size() &&
63365,5216,29,5216,57,if guard,logos::compiler::BorrowChecker::propagate_pat_reborrows,if (kv.first.size() > pfx.size() &&
63365,5216,29,5217,70,if guard,logos::compiler::BorrowChecker::propagate_pat_reborrows,if (kv.first.size() > pfx.size() &&
62013,5217,29,5217,70,call / statement,logos::compiler::BorrowChecker::propagate_pat_reborrows,"kv.first.compare(0, pfx.size(), pfx) == 0)"
2,5218,29,5219,57,statement,logos::compiler::BorrowChecker::propagate_pat_reborrows,"adds.emplace_back(n + kv.first.substr(place.size()),"
2,5220,42,5225,22,loop body,logos::compiler::BorrowChecker::propagate_pat_reborrows,for (auto& a : adds) {
2,5223,29,5224,47,if guard,logos::compiler::BorrowChecker::propagate_pat_reborrows,"if (std::find(v.begin(), v.end(), s) == v.end())"
2,5223,33,5223,76,if guard,logos::compiler::BorrowChecker::propagate_pat_reborrows,"if (std::find(v.begin(), v.end(), s) == v.end())"
2,5224,33,5224,47,statement,logos::compiler::BorrowChecker::propagate_pat_reborrows,v.push_back(s);
37,5227,34,5232,10,loop body,logos::compiler::BorrowChecker::propagate_pat_reborrows,"for (auto& [n, s] : rec) {"
37,5228,17,5228,26,if guard,logos::compiler::BorrowChecker::propagate_pat_reborrows,if (s.empty()) continue;
0,5228,28,5228,36,if guard,logos::compiler::BorrowChecker::propagate_pat_reborrows,if (s.empty()) continue;
37,5229,13,5232,10,statement,logos::compiler::BorrowChecker::propagate_pat_reborrows,std::vector<std::string> src = s;
10589340,5277,78,5285,6,call / statement,logos::compiler::BorrowChecker::retain_temp_scrut_loan[abi:cxx11],"std::string retain_temp_scrut_loan(lir_view::ExprRef scrut, uint32_t ln) {"
10589340,5278,13,5278,19,if guard,logos::compiler::BorrowChecker::retain_temp_scrut_loan[abi:cxx11],if (!scrut || !is_temporary_value_expr(scrut)) return {};
10589340,5278,13,5278,54,if guard,logos::compiler::BorrowChecker::retain_temp_scrut_loan[abi:cxx11],if (!scrut || !is_temporary_value_expr(scrut)) return {};
10589340,5278,23,5278,54,if guard,logos::compiler::BorrowChecker::retain_temp_scrut_loan[abi:cxx11],if (!scrut || !is_temporary_value_expr(scrut)) return {};
10580117,5278,56,5278,65,if guard,logos::compiler::BorrowChecker::retain_temp_scrut_loan[abi:cxx11],if (!scrut || !is_temporary_value_expr(scrut)) return {};
9223,5279,9,5285,6,statement,logos::compiler::BorrowChecker::retain_temp_scrut_loan[abi:cxx11],const auto* pool = prog_.type_pool.impl();
9223,5280,13,5280,50,if guard,logos::compiler::BorrowChecker::retain_temp_scrut_loan[abi:cxx11],if (!loan_carrying_type(scrut.type(pool))) return {};
9192,5280,52,5280,61,if guard,logos::compiler::BorrowChecker::retain_temp_scrut_loan[abi:cxx11],if (!loan_carrying_type(scrut.type(pool))) return {};
31,5281,9,5284,19,statement,logos::compiler::BorrowChecker::retain_temp_scrut_loan[abi:cxx11],"std::string tmp = ""__scrut_tmp_"" + std::to_string(++scrut_tmp_seq_);"
148417,5294,60,5318,6,statement,logos::compiler::BorrowChecker::is_self_borrowing,bool is_self_borrowing(lir_view::FunctionView f) const {
148417,5299,13,5299,15,if guard,logos::compiler::BorrowChecker::is_self_borrowing,if (!f) return false;
0,5299,17,5299,29,if guard,logos::compiler::BorrowChecker::is_self_borrowing,if (!f) return false;
148417,5300,9,5318,6,statement,logos::compiler::BorrowChecker::is_self_borrowing,auto* pool = prog_.type_pool.impl();
148417,5302,13,5302,27,if guard,logos::compiler::BorrowChecker::is_self_borrowing,if (params.empty() || !is_ref_kind(params[0].type(pool)) ||
148417,5302,13,5302,65,if guard,logos::compiler::BorrowChecker::is_self_borrowing,if (params.empty() || !is_ref_kind(params[0].type(pool)) ||
148417,5302,13,5303,41,if guard,logos::compiler::BorrowChecker::is_self_borrowing,if (params.empty() || !is_ref_kind(params[0].type(pool)) ||
148417,5302,31,5302,65,if guard,logos::compiler::BorrowChecker::is_self_borrowing,if (params.empty() || !is_ref_kind(params[0].type(pool)) ||
141454,5303,13,5303,41,statement,logos::compiler::BorrowChecker::is_self_borrowing,!f.lifetime_params().empty())
7403,5304,13,5304,25,early return,logos::compiler::BorrowChecker::is_self_borrowing,return false;
141014,5305,9,5318,6,statement,logos::compiler::BorrowChecker::is_self_borrowing,TypeRef ret = f.ret_type(pool);
141014,5306,13,5306,41,if guard,logos::compiler::BorrowChecker::is_self_borrowing,if (is_borrow_carrying_type(ret)) return true;
17440,5306,43,5306,54,if guard,logos::compiler::BorrowChecker::is_self_borrowing,if (is_borrow_carrying_type(ret)) return true;
123574,5307,9,5318,6,if guard,logos::compiler::BorrowChecker::is_self_borrowing,if (is_plain_ref_kind(ret)) return true;
123574,5307,13,5307,35,if guard,logos::compiler::BorrowChecker::is_self_borrowing,if (is_plain_ref_kind(ret)) return true;
63637,5307,37,5307,48,if guard,logos::compiler::BorrowChecker::is_self_borrowing,if (is_plain_ref_kind(ret)) return true;
59937,5308,9,5318,6,if guard,logos::compiler::BorrowChecker::is_self_borrowing,if (!is_ref_kind(ret)) return false;
59937,5308,13,5308,30,if guard,logos::compiler::BorrowChecker::is_self_borrowing,if (!is_ref_kind(ret)) return false;
5634,5308,32,5308,44,if guard,logos::compiler::BorrowChecker::is_self_borrowing,if (!is_ref_kind(ret)) return false;
54303,5315,9,5318,6,loop body,logos::compiler::BorrowChecker::is_self_borrowing,for (size_t i = 1; i < params.size(); ++i)
58168,5315,28,5315,45,loop body,logos::compiler::BorrowChecker::is_self_borrowing,for (size_t i = 1; i < params.size(); ++i)
3865,5315,47,5315,50,loop body,logos::compiler::BorrowChecker::is_self_borrowing,for (size_t i = 1; i < params.size(); ++i)
4607,5316,13,5316,64,if guard,logos::compiler::BorrowChecker::is_self_borrowing,if (is_ref_kind(params[i].type(pool))) return false;
4607,5316,17,5316,50,if guard,logos::compiler::BorrowChecker::is_self_borrowing,if (is_ref_kind(params[i].type(pool))) return false;
742,5316,52,5316,64,if guard,logos::compiler::BorrowChecker::is_self_borrowing,if (is_ref_kind(params[i].type(pool))) return false;
53561,5317,9,5317,20,early return,logos::compiler::BorrowChecker::is_self_borrowing,return true;
37222,5321,65,5337,6,statement,logos::compiler::BorrowChecker::result_borrows_self,bool result_borrows_self(lir_view::EMethodCallView v) const {
37222,5323,13,5323,42,call / statement,logos::compiler::BorrowChecker::result_borrows_self,it != fn_index_.by_name.end())
15806,5324,13,5324,49,early return,logos::compiler::BorrowChecker::result_borrows_self,return is_self_borrowing(it->second);
21416,5330,9,5337,6,if guard,logos::compiler::BorrowChecker::result_borrows_self,if (auto it = fn_index_.by_base.find(std::string(v.method()));
21416,5331,13,5331,42,call / statement,logos::compiler::BorrowChecker::result_borrows_self,it != fn_index_.by_base.end() && !it->second.empty()) {
21416,5331,13,5331,65,call / statement,logos::compiler::BorrowChecker::result_borrows_self,it != fn_index_.by_base.end() && !it->second.empty()) {
21401,5331,46,5331,65,call / statement,logos::compiler::BorrowChecker::result_borrows_self,it != fn_index_.by_base.end() && !it->second.empty()) {
21401,5331,67,5335,10,call / statement,logos::compiler::BorrowChecker::result_borrows_self,it != fn_index_.by_base.end() && !it->second.empty()) {
118497,5333,17,5333,56,if guard,logos::compiler::BorrowChecker::result_borrows_self,if (!is_self_borrowing(f)) return false;
118497,5333,21,5333,42,if guard,logos::compiler::BorrowChecker::result_borrows_self,if (!is_self_borrowing(f)) return false;
4949,5333,44,5333,56,if guard,logos::compiler::BorrowChecker::result_borrows_self,if (!is_self_borrowing(f)) return false;
16452,5334,13,5334,24,early return,logos::compiler::BorrowChecker::result_borrows_self,return true;
15,5336,9,5336,21,early return,logos::compiler::BorrowChecker::result_borrows_self,return false;
594311,5343,61,5377,6,statement,logos::compiler::BorrowChecker::method_self_kind,int method_self_kind(lir_view::EMethodCallView v) const {
594311,5347,13,5347,42,call / statement,logos::compiler::BorrowChecker::method_self_kind,it != fn_index_.by_name.end())
258446,5348,13,5348,27,statement,logos::compiler::BorrowChecker::method_self_kind,f = it->second;
335865,5349,14,5361,10,else-if guard,logos::compiler::BorrowChecker::method_self_kind,else if (auto it = fn_index_.by_base.find(std::string(v.method()));
335865,5350,18,5350,47,call / statement,logos::compiler::BorrowChecker::method_self_kind,it != fn_index_.by_base.end() && !it->second.empty()) {
335865,5350,18,5350,70,call / statement,logos::compiler::BorrowChecker::method_self_kind,it != fn_index_.by_base.end() && !it->second.empty()) {
333510,5350,51,5350,70,call / statement,logos::compiler::BorrowChecker::method_self_kind,it != fn_index_.by_base.end() && !it->second.empty()) {
333510,5350,72,5361,10,call / statement,logos::compiler::BorrowChecker::method_self_kind,it != fn_index_.by_base.end() && !it->second.empty()) {
333510,5353,26,5353,42,statement,logos::compiler::BorrowChecker::method_self_kind,auto kind0 = f_params.empty() ? LogosType::Kind::Void
0,5353,45,5353,66,statement,logos::compiler::BorrowChecker::method_self_kind,auto kind0 = f_params.empty() ? LogosType::Kind::Void
333510,5354,45,5354,74,statement,logos::compiler::BorrowChecker::method_self_kind,: f_params[0].type(pool).kind();
16065482,5355,57,5360,14,loop body,logos::compiler::BorrowChecker::method_self_kind,for (lir_view::FunctionView g : it->second) {
16065482,5357,26,5357,42,statement,logos::compiler::BorrowChecker::method_self_kind,auto k = g_params.empty() ? LogosType::Kind::Void
68,5357,45,5357,66,statement,logos::compiler::BorrowChecker::method_self_kind,auto k = g_params.empty() ? LogosType::Kind::Void
16065414,5358,45,5358,74,statement,logos::compiler::BorrowChecker::method_self_kind,: g_params[0].type(pool).kind();
16065482,5359,21,5359,31,if guard,logos::compiler::BorrowChecker::method_self_kind,if (k != kind0) return 0;  // ambiguous
105859,5359,33,5359,41,if guard,logos::compiler::BorrowChecker::method_self_kind,if (k != kind0) return 0;  // ambiguous
488452,5362,9,5377,6,if guard,logos::compiler::BorrowChecker::method_self_kind,if (!f) return 0;
488452,5362,13,5362,15,if guard,logos::compiler::BorrowChecker::method_self_kind,if (!f) return 0;
2355,5362,17,5362,25,if guard,logos::compiler::BorrowChecker::method_self_kind,if (!f) return 0;
486097,5363,9,5377,6,statement,logos::compiler::BorrowChecker::method_self_kind,auto f_params = f.params();
486097,5364,13,5364,29,if guard,logos::compiler::BorrowChecker::method_self_kind,if (f_params.empty()) return 0;
0,5364,31,5364,39,if guard,logos::compiler::BorrowChecker::method_self_kind,if (f_params.empty()) return 0;
486097,5365,9,5377,6,statement,logos::compiler::BorrowChecker::method_self_kind,TypeRef p0 = f_params[0].type(pool);
486097,5367,13,5367,41,if guard,logos::compiler::BorrowChecker::method_self_kind,if (k == LogosType::Kind::MutRef) return 2;
337499,5367,43,5367,51,if guard,logos::compiler::BorrowChecker::method_self_kind,if (k == LogosType::Kind::MutRef) return 2;
148598,5368,9,5377,6,if guard,logos::compiler::BorrowChecker::method_self_kind,if (k == LogosType::Kind::Ref)    return 1;
148598,5368,13,5368,38,if guard,logos::compiler::BorrowChecker::method_self_kind,if (k == LogosType::Kind::Ref)    return 1;
118921,5368,43,5368,51,if guard,logos::compiler::BorrowChecker::method_self_kind,if (k == LogosType::Kind::Ref)    return 1;
29677,5374,9,5377,6,if guard,logos::compiler::BorrowChecker::method_self_kind,if (k == LogosType::Kind::DstRef && !p0.owning_dst())
29677,5374,13,5374,41,if guard,logos::compiler::BorrowChecker::method_self_kind,if (k == LogosType::Kind::DstRef && !p0.owning_dst())
29677,5374,13,5374,61,if guard,logos::compiler::BorrowChecker::method_self_kind,if (k == LogosType::Kind::DstRef && !p0.owning_dst())
2064,5374,45,5374,61,if guard,logos::compiler::BorrowChecker::method_self_kind,if (k == LogosType::Kind::DstRef && !p0.owning_dst())
2064,5375,13,5375,40,early return,logos::compiler::BorrowChecker::method_self_kind,return p0.mut_ptr() ? 2 : 1;
2064,5375,20,5375,32,early return,logos::compiler::BorrowChecker::method_self_kind,return p0.mut_ptr() ? 2 : 1;
442,5375,35,5375,36,early return,logos::compiler::BorrowChecker::method_self_kind,return p0.mut_ptr() ? 2 : 1;
1622,5375,39,5375,40,early return,logos::compiler::BorrowChecker::method_self_kind,return p0.mut_ptr() ? 2 : 1;
27613,5376,9,5376,17,early return,logos::compiler::BorrowChecker::method_self_kind,return 0;
111282,5389,81,5446,6,call / statement,logos::compiler::BorrowChecker::check_recv_conflict,"void check_recv_conflict(const BorrowPlace& bp, bool is_mut, uint32_t line) {"
111282,5390,13,5390,28,if guard,logos::compiler::BorrowChecker::check_recv_conflict,if (bp.root.empty() || !bp.path.empty()) return;
111282,5390,13,5390,48,if guard,logos::compiler::BorrowChecker::check_recv_conflict,if (bp.root.empty() || !bp.path.empty()) return;
103036,5390,32,5390,48,if guard,logos::compiler::BorrowChecker::check_recv_conflict,if (bp.root.empty() || !bp.path.empty()) return;
20237,5390,50,5390,56,if guard,logos::compiler::BorrowChecker::check_recv_conflict,if (bp.root.empty() || !bp.path.empty()) return;
91045,5391,9,5446,6,if guard,logos::compiler::BorrowChecker::check_recv_conflict,if (bp.root_type && bp.root_type.kind() == LogosType::Kind::Ptr) return;
91045,5391,13,5391,25,if guard,logos::compiler::BorrowChecker::check_recv_conflict,if (bp.root_type && bp.root_type.kind() == LogosType::Kind::Ptr) return;
91045,5391,13,5391,72,if guard,logos::compiler::BorrowChecker::check_recv_conflict,if (bp.root_type && bp.root_type.kind() == LogosType::Kind::Ptr) return;
91045,5391,29,5391,72,if guard,logos::compiler::BorrowChecker::check_recv_conflict,if (bp.root_type && bp.root_type.kind() == LogosType::Kind::Ptr) return;
2831,5391,74,5391,80,if guard,logos::compiler::BorrowChecker::check_recv_conflict,if (bp.root_type && bp.root_type.kind() == LogosType::Kind::Ptr) return;
88214,5392,9,5446,6,statement,logos::compiler::BorrowChecker::check_recv_conflict,"auto sit = var_find(bp.root_slot, bp.root);"
88214,5393,13,5393,27,if guard,logos::compiler::BorrowChecker::check_recv_conflict,if (sit == nullptr) return;
24,5393,29,5393,35,if guard,logos::compiler::BorrowChecker::check_recv_conflict,if (sit == nullptr) return;
88190,5394,9,5446,6,if guard,logos::compiler::BorrowChecker::check_recv_conflict,if (sit->mut_borrowed) {
88190,5394,13,5394,30,if guard,logos::compiler::BorrowChecker::check_recv_conflict,if (sit->mut_borrowed) {
10,5394,32,5409,10,if guard,logos::compiler::BorrowChecker::check_recv_conflict,if (sit->mut_borrowed) {
88180,5409,16,5445,35,else-if guard,logos::compiler::BorrowChecker::check_recv_conflict,} else if (is_mut && sit->shared_borrows > 0)
88180,5409,20,5409,26,else-if guard,logos::compiler::BorrowChecker::check_recv_conflict,} else if (is_mut && sit->shared_borrows > 0)
88180,5409,20,5409,53,else-if guard,logos::compiler::BorrowChecker::check_recv_conflict,} else if (is_mut && sit->shared_borrows > 0)
59910,5409,30,5409,53,else-if guard,logos::compiler::BorrowChecker::check_recv_conflict,} else if (is_mut && sit->shared_borrows > 0)
10,5410,13,5412,35,diagnostic emission,logos::compiler::BorrowChecker::check_recv_conflict,"report(line, std::format("
88170,5413,14,5445,35,else-if guard,logos::compiler::BorrowChecker::check_recv_conflict,else if (is_mut && (!sit->shared_field_borrows.empty() ||
88170,5413,18,5413,24,else-if guard,logos::compiler::BorrowChecker::check_recv_conflict,else if (is_mut && (!sit->shared_field_borrows.empty() ||
88170,5413,18,5414,61,else-if guard,logos::compiler::BorrowChecker::check_recv_conflict,else if (is_mut && (!sit->shared_field_borrows.empty() ||
59900,5413,28,5414,61,else-if guard,logos::compiler::BorrowChecker::check_recv_conflict,else if (is_mut && (!sit->shared_field_borrows.empty() ||
59900,5413,29,5413,63,else-if guard,logos::compiler::BorrowChecker::check_recv_conflict,else if (is_mut && (!sit->shared_field_borrows.empty() ||
59900,5414,29,5414,60,statement,logos::compiler::BorrowChecker::check_recv_conflict,!sit->mut_field_borrows.empty()))
0,5415,13,5417,35,diagnostic emission,logos::compiler::BorrowChecker::check_recv_conflict,"report(line, std::format("
88170,5442,14,5445,35,else-if guard,logos::compiler::BorrowChecker::check_recv_conflict,else if (!is_mut && !sit->mut_field_borrows.empty())
88170,5442,18,5442,25,else-if guard,logos::compiler::BorrowChecker::check_recv_conflict,else if (!is_mut && !sit->mut_field_borrows.empty())
88170,5442,18,5442,60,else-if guard,logos::compiler::BorrowChecker::check_recv_conflict,else if (!is_mut && !sit->mut_field_borrows.empty())
28270,5442,29,5442,60,else-if guard,logos::compiler::BorrowChecker::check_recv_conflict,else if (!is_mut && !sit->mut_field_borrows.empty())
1,5443,13,5445,35,diagnostic emission,logos::compiler::BorrowChecker::check_recv_conflict,"report(line, std::format("
7519,5473,45,5546,6,call / statement,logos::compiler::BorrowChecker::check_place_mut_use,uint32_t line) {
7519,5489,13,5489,21,if guard,logos::compiler::BorrowChecker::check_place_mut_use,if (ptr_type && ptr_type.kind() == LogosType::Kind::Ptr) return;
7519,5489,13,5489,64,if guard,logos::compiler::BorrowChecker::check_place_mut_use,if (ptr_type && ptr_type.kind() == LogosType::Kind::Ptr) return;
7519,5489,25,5489,64,if guard,logos::compiler::BorrowChecker::check_place_mut_use,if (ptr_type && ptr_type.kind() == LogosType::Kind::Ptr) return;
6820,5489,66,5489,72,if guard,logos::compiler::BorrowChecker::check_place_mut_use,if (ptr_type && ptr_type.kind() == LogosType::Kind::Ptr) return;
699,5516,9,5546,6,if guard,logos::compiler::BorrowChecker::check_place_mut_use,if (bp.through_ref_type &&
699,5516,13,5516,32,if guard,logos::compiler::BorrowChecker::check_place_mut_use,if (bp.through_ref_type &&
699,5516,13,5517,63,if guard,logos::compiler::BorrowChecker::check_place_mut_use,if (bp.through_ref_type &&
14,5517,13,5517,63,call / statement,logos::compiler::BorrowChecker::check_place_mut_use,bp.through_ref_type.kind() == LogosType::Kind::Ref) {
5,5517,65,5524,10,call / statement,logos::compiler::BorrowChecker::check_place_mut_use,bp.through_ref_type.kind() == LogosType::Kind::Ref) {
5,5519,26,5519,39,diagnostic emission,logos::compiler::BorrowChecker::check_place_mut_use,"report(line, place.empty()"
2,5520,19,5520,81,statement,logos::compiler::BorrowChecker::check_place_mut_use,"? std::string(""cannot assign to a place behind a `&` reference"")"
3,5521,19,5522,63,statement,logos::compiler::BorrowChecker::check_place_mut_use,": std::format(""cannot assign to '{}': '{}' is behind a """
694,5525,9,5546,6,if guard,logos::compiler::BorrowChecker::check_place_mut_use,if (bp.path.empty()) {
694,5525,13,5525,28,if guard,logos::compiler::BorrowChecker::check_place_mut_use,if (bp.path.empty()) {
678,5525,30,5528,10,if guard,logos::compiler::BorrowChecker::check_place_mut_use,if (bp.path.empty()) {
16,5529,9,5546,6,if guard,logos::compiler::BorrowChecker::check_place_mut_use,if (bp.root.empty()) return;
16,5529,13,5529,28,if guard,logos::compiler::BorrowChecker::check_place_mut_use,if (bp.root.empty()) return;
0,5529,30,5529,36,if guard,logos::compiler::BorrowChecker::check_place_mut_use,if (bp.root.empty()) return;
16,5530,9,5546,6,statement,logos::compiler::BorrowChecker::check_place_mut_use,"auto sit = var_find(bp.root_slot, bp.root);"
16,5531,13,5531,27,if guard,logos::compiler::BorrowChecker::check_place_mut_use,if (sit == nullptr) return;
0,5531,29,5531,35,if guard,logos::compiler::BorrowChecker::check_place_mut_use,if (sit == nullptr) return;
16,5537,9,5546,6,if guard,logos::compiler::BorrowChecker::check_place_mut_use,if (sit->mut_borrowed) return;
16,5537,13,5537,30,if guard,logos::compiler::BorrowChecker::check_place_mut_use,if (sit->mut_borrowed) return;
0,5537,32,5537,38,if guard,logos::compiler::BorrowChecker::check_place_mut_use,if (sit->mut_borrowed) return;
16,5538,9,5546,6,if guard,logos::compiler::BorrowChecker::check_place_mut_use,if (sit->shared_borrows > 0) {
16,5538,13,5538,36,if guard,logos::compiler::BorrowChecker::check_place_mut_use,if (sit->shared_borrows > 0) {
0,5538,38,5543,10,if guard,logos::compiler::BorrowChecker::check_place_mut_use,if (sit->shared_borrows > 0) {
16,5544,9,5546,6,statement,logos::compiler::BorrowChecker::check_place_mut_use,"field_borrow_conflicts(*sit, bp.root, bp.path, /*need_exclusive=*/true,"
67908460,5550,51,5552,6,statement,logos::compiler::BorrowChecker::is_borrow_carrying_type,bool is_borrow_carrying_type(TypeRef t) const {
91312727,5573,46,5575,6,statement,logos::compiler::BorrowChecker::loan_carrying_type,bool loan_carrying_type(TypeRef t) const {
20678053,5582,52,5590,6,statement,logos::compiler::BorrowChecker::type_is_residency_exempt,bool type_is_residency_exempt(TypeRef t) const {
20678053,5583,13,5583,15,if guard,logos::compiler::BorrowChecker::type_is_residency_exempt,if (!t) return false;
0,5583,17,5583,29,if guard,logos::compiler::BorrowChecker::type_is_residency_exempt,if (!t) return false;
20678053,5584,9,5589,65,statement,logos::compiler::BorrowChecker::type_is_residency_exempt,auto k = t.kind();
20678053,5586,13,5586,39,if guard,logos::compiler::BorrowChecker::type_is_residency_exempt,if (k == LogosType::Kind::Enum) nm = std::string(t.enum_name());
8783450,5586,41,5586,72,if guard,logos::compiler::BorrowChecker::type_is_residency_exempt,if (k == LogosType::Kind::Enum) nm = std::string(t.enum_name());
11894603,5587,14,5588,46,else-if guard,logos::compiler::BorrowChecker::type_is_residency_exempt,else if (k == LogosType::Kind::Struct || k == LogosType::Kind::ZonedStruct)
11894603,5587,18,5587,46,else-if guard,logos::compiler::BorrowChecker::type_is_residency_exempt,else if (k == LogosType::Kind::Struct || k == LogosType::Kind::ZonedStruct)
11894603,5587,18,5587,83,else-if guard,logos::compiler::BorrowChecker::type_is_residency_exempt,else if (k == LogosType::Kind::Struct || k == LogosType::Kind::ZonedStruct)
8736090,5587,50,5587,83,else-if guard,logos::compiler::BorrowChecker::type_is_residency_exempt,else if (k == LogosType::Kind::Struct || k == LogosType::Kind::ZonedStruct)
3158593,5588,13,5588,46,statement,logos::compiler::BorrowChecker::type_is_residency_exempt,nm = std::string(t.struct_name());
20678053,5589,16,5589,27,early return,logos::compiler::BorrowChecker::type_is_residency_exempt,return !nm.empty() && ts_.residency_exempt.count(nm) > 0;
11942043,5589,31,5589,65,early return,logos::compiler::BorrowChecker::type_is_residency_exempt,return !nm.empty() && ts_.residency_exempt.count(nm) > 0;
12,5632,67,5653,6,statement,logos::compiler::BorrowChecker::type_is_residency_backed,"bool type_is_residency_backed(TypeRef t, int depth = 1) const {"
12,5633,13,5633,15,if guard,logos::compiler::BorrowChecker::type_is_residency_backed,if (!t) return false;
0,5633,17,5633,29,if guard,logos::compiler::BorrowChecker::type_is_residency_backed,if (!t) return false;
12,5634,9,5653,6,statement,logos::compiler::BorrowChecker::type_is_residency_backed,auto k = t.kind();
12,5636,13,5636,39,if guard,logos::compiler::BorrowChecker::type_is_residency_backed,if (k == LogosType::Kind::Enum) nm = std::string(t.enum_name());
0,5636,41,5636,72,if guard,logos::compiler::BorrowChecker::type_is_residency_backed,if (k == LogosType::Kind::Enum) nm = std::string(t.enum_name());
12,5637,14,5638,46,else-if guard,logos::compiler::BorrowChecker::type_is_residency_backed,else if (k == LogosType::Kind::Struct || k == LogosType::Kind::ZonedStruct)
12,5637,18,5637,46,else-if guard,logos::compiler::BorrowChecker::type_is_residency_backed,else if (k == LogosType::Kind::Struct || k == LogosType::Kind::ZonedStruct)
12,5637,18,5637,83,else-if guard,logos::compiler::BorrowChecker::type_is_residency_backed,else if (k == LogosType::Kind::Struct || k == LogosType::Kind::ZonedStruct)
0,5637,50,5637,83,else-if guard,logos::compiler::BorrowChecker::type_is_residency_backed,else if (k == LogosType::Kind::Struct || k == LogosType::Kind::ZonedStruct)
12,5638,13,5638,46,statement,logos::compiler::BorrowChecker::type_is_residency_backed,nm = std::string(t.struct_name());
12,5639,13,5639,24,if guard,logos::compiler::BorrowChecker::type_is_residency_backed,if (!nm.empty()) {
12,5639,26,5648,10,if guard,logos::compiler::BorrowChecker::type_is_residency_backed,if (!nm.empty()) {
12,5640,17,5640,47,if guard,logos::compiler::BorrowChecker::type_is_residency_backed,if (ts_.residency_exempt.count(nm)) return true;
0,5640,49,5640,60,if guard,logos::compiler::BorrowChecker::type_is_residency_backed,if (ts_.residency_exempt.count(nm)) return true;
12,5641,13,5648,10,statement,logos::compiler::BorrowChecker::type_is_residency_backed,std::string_view bare = nm;
12,5642,43,5642,70,if guard,logos::compiler::BorrowChecker::type_is_residency_backed,if (auto d = bare.rfind('.'); d != std::string_view::npos)
0,5643,17,5643,42,statement,logos::compiler::BorrowChecker::type_is_residency_backed,bare = bare.substr(d + 1);
12,5644,43,5644,70,if guard,logos::compiler::BorrowChecker::type_is_residency_backed,"if (auto g = bare.find(""$G""); g != std::string_view::npos)"
0,5645,17,5645,41,statement,logos::compiler::BorrowChecker::type_is_residency_backed,"bare = bare.substr(0, g);"
12,5646,17,5646,62,if guard,logos::compiler::BorrowChecker::type_is_residency_backed,if (ts_.residency_exempt.count(std::string(bare))) return true;
0,5646,64,5646,75,if guard,logos::compiler::BorrowChecker::type_is_residency_backed,if (ts_.residency_exempt.count(std::string(bare))) return true;
12,5647,13,5648,10,if guard,logos::compiler::BorrowChecker::type_is_residency_backed,"if (bare == ""Rc"" || bare == ""Arc"") return true;"
12,5647,17,5647,29,if guard,logos::compiler::BorrowChecker::type_is_residency_backed,"if (bare == ""Rc"" || bare == ""Arc"") return true;"
12,5647,17,5647,46,if guard,logos::compiler::BorrowChecker::type_is_residency_backed,"if (bare == ""Rc"" || bare == ""Arc"") return true;"
2,5647,33,5647,46,if guard,logos::compiler::BorrowChecker::type_is_residency_backed,"if (bare == ""Rc"" || bare == ""Arc"") return true;"
10,5647,48,5647,59,if guard,logos::compiler::BorrowChecker::type_is_residency_backed,"if (bare == ""Rc"" || bare == ""Arc"") return true;"
2,5649,9,5653,6,if guard,logos::compiler::BorrowChecker::type_is_residency_backed,if (depth <= 0) return false;
2,5649,13,5649,23,if guard,logos::compiler::BorrowChecker::type_is_residency_backed,if (depth <= 0) return false;
0,5649,25,5649,37,if guard,logos::compiler::BorrowChecker::type_is_residency_backed,if (depth <= 0) return false;
2,5650,9,5653,6,loop body,logos::compiler::BorrowChecker::type_is_residency_backed,for (auto a : t.type_args())
0,5651,13,5651,77,if guard,logos::compiler::BorrowChecker::type_is_residency_backed,"if (type_is_residency_backed(TypeRef(a), depth - 1)) return true;"
0,5651,17,5651,64,if guard,logos::compiler::BorrowChecker::type_is_residency_backed,"if (type_is_residency_backed(TypeRef(a), depth - 1)) return true;"
0,5651,66,5651,77,if guard,logos::compiler::BorrowChecker::type_is_residency_backed,"if (type_is_residency_backed(TypeRef(a), depth - 1)) return true;"
2,5652,9,5652,21,early return,logos::compiler::BorrowChecker::type_is_residency_backed,return false;
12,5655,64,5657,6,statement,logos::compiler::BorrowChecker::local_is_residency_backed,bool local_is_residency_backed(const std::string& n) const {
20678053,5662,74,5738,6,statement,logos::compiler::BorrowChecker::residency_exemption_holds,"bool residency_exemption_holds(TypeRef t, lir_view::ExprRef e) const {"
20678053,5663,13,5663,41,if guard,logos::compiler::BorrowChecker::residency_exemption_holds,if (!type_is_residency_exempt(t)) return false;
20673903,5663,43,5663,55,if guard,logos::compiler::BorrowChecker::residency_exemption_holds,if (!type_is_residency_exempt(t)) return false;
4150,5664,9,5738,6,if guard,logos::compiler::BorrowChecker::residency_exemption_holds,if (!e) return true;
4150,5664,13,5664,15,if guard,logos::compiler::BorrowChecker::residency_exemption_holds,if (!e) return true;
0,5664,17,5664,28,if guard,logos::compiler::BorrowChecker::residency_exemption_holds,if (!e) return true;
4150,5665,9,5738,6,statement,logos::compiler::BorrowChecker::residency_exemption_holds,std::vector<std::string> srcs;
12,5667,30,5675,10,loop body,logos::compiler::BorrowChecker::residency_exemption_holds,for (auto& n : srcs) {
12,5668,17,5668,39,if guard,logos::compiler::BorrowChecker::residency_exemption_holds,if (is_return_temp_name(n) || is_materialized_temp_name(n)) continue;
12,5668,17,5668,71,if guard,logos::compiler::BorrowChecker::residency_exemption_holds,if (is_return_temp_name(n) || is_materialized_temp_name(n)) continue;
12,5668,43,5668,71,if guard,logos::compiler::BorrowChecker::residency_exemption_holds,if (is_return_temp_name(n) || is_materialized_temp_name(n)) continue;
0,5668,73,5668,81,if guard,logos::compiler::BorrowChecker::residency_exemption_holds,if (is_return_temp_name(n) || is_materialized_temp_name(n)) continue;
12,5669,13,5675,10,if guard,logos::compiler::BorrowChecker::residency_exemption_holds,if (!local_is_residency_backed(n)) {
12,5669,17,5669,46,if guard,logos::compiler::BorrowChecker::residency_exemption_holds,if (!local_is_residency_backed(n)) {
2,5669,48,5674,14,if guard,logos::compiler::BorrowChecker::residency_exemption_holds,if (!local_is_residency_backed(n)) {
2,5670,21,5670,50,if guard,logos::compiler::BorrowChecker::residency_exemption_holds,"if (std::getenv(""LOGOS_86_TRACE""))"
0,5671,21,5672,57,statement,logos::compiler::BorrowChecker::residency_exemption_holds,"fprintf(stderr, ""[#86trace-exempt-denied] fn=%s src=%s\n"","
0,5671,29,5671,29,statement,logos::compiler::BorrowChecker::residency_exemption_holds,"fprintf(stderr, ""[#86trace-exempt-denied] fn=%s src=%s\n"","
4148,5726,9,5738,6,statement,logos::compiler::BorrowChecker::residency_exemption_holds,{
649,5729,17,5729,62,if guard,logos::compiler::BorrowChecker::residency_exemption_holds,if (type_is_share_handle(kv.second)) ++nshare;
649,5729,21,5729,52,if guard,logos::compiler::BorrowChecker::residency_exemption_holds,if (type_is_share_handle(kv.second)) ++nshare;
150,5729,54,5729,62,if guard,logos::compiler::BorrowChecker::residency_exemption_holds,if (type_is_share_handle(kv.second)) ++nshare;
4148,5730,17,5730,27,if guard,logos::compiler::BorrowChecker::residency_exemption_holds,if (nshare > 1) {
54,5730,29,5735,14,if guard,logos::compiler::BorrowChecker::residency_exemption_holds,if (nshare > 1) {
54,5731,21,5731,50,if guard,logos::compiler::BorrowChecker::residency_exemption_holds,"if (std::getenv(""LOGOS_86_TRACE""))"
0,5732,21,5733,54,statement,logos::compiler::BorrowChecker::residency_exemption_holds,"fprintf(stderr, ""[#86trace-exempt-multishare] fn=%s n=%d\n"","
0,5732,29,5732,29,statement,logos::compiler::BorrowChecker::residency_exemption_holds,"fprintf(stderr, ""[#86trace-exempt-multishare] fn=%s n=%d\n"","
4094,5737,9,5737,20,early return,logos::compiler::BorrowChecker::residency_exemption_holds,return true;
649,5746,48,5760,6,statement,logos::compiler::BorrowChecker::type_is_share_handle,bool type_is_share_handle(TypeRef t) const {
649,5747,13,5747,15,if guard,logos::compiler::BorrowChecker::type_is_share_handle,if (!t) return false;
0,5747,17,5747,29,if guard,logos::compiler::BorrowChecker::type_is_share_handle,if (!t) return false;
649,5748,9,5760,6,statement,logos::compiler::BorrowChecker::type_is_share_handle,auto k = t.kind();
649,5750,13,5750,41,if guard,logos::compiler::BorrowChecker::type_is_share_handle,if (k == LogosType::Kind::Struct || k == LogosType::Kind::ZonedStruct)
649,5750,13,5750,78,if guard,logos::compiler::BorrowChecker::type_is_share_handle,if (k == LogosType::Kind::Struct || k == LogosType::Kind::ZonedStruct)
158,5750,45,5750,78,if guard,logos::compiler::BorrowChecker::type_is_share_handle,if (k == LogosType::Kind::Struct || k == LogosType::Kind::ZonedStruct)
491,5751,13,5751,46,statement,logos::compiler::BorrowChecker::type_is_share_handle,nm = std::string(t.struct_name());
158,5752,14,5752,77,else-if guard,logos::compiler::BorrowChecker::type_is_share_handle,else if (k == LogosType::Kind::Enum) nm = std::string(t.enum_name());
158,5752,18,5752,44,else-if guard,logos::compiler::BorrowChecker::type_is_share_handle,else if (k == LogosType::Kind::Enum) nm = std::string(t.enum_name());
8,5752,46,5752,77,else-if guard,logos::compiler::BorrowChecker::type_is_share_handle,else if (k == LogosType::Kind::Enum) nm = std::string(t.enum_name());
649,5753,13,5753,23,if guard,logos::compiler::BorrowChecker::type_is_share_handle,if (nm.empty()) return false;
150,5753,25,5753,37,if guard,logos::compiler::BorrowChecker::type_is_share_handle,if (nm.empty()) return false;
499,5754,9,5759,45,statement,logos::compiler::BorrowChecker::type_is_share_handle,std::string_view bare = nm;
499,5755,39,5755,66,if guard,logos::compiler::BorrowChecker::type_is_share_handle,if (auto d = bare.rfind('.'); d != std::string_view::npos)
0,5756,13,5756,38,statement,logos::compiler::BorrowChecker::type_is_share_handle,bare = bare.substr(d + 1);
499,5757,39,5757,66,if guard,logos::compiler::BorrowChecker::type_is_share_handle,"if (auto g = bare.find(""$G""); g != std::string_view::npos)"
0,5758,13,5758,37,statement,logos::compiler::BorrowChecker::type_is_share_handle,"bare = bare.substr(0, g);"
499,5759,16,5759,28,early return,logos::compiler::BorrowChecker::type_is_share_handle,"return bare == ""Rc"" || bare == ""Arc"";"
483,5759,32,5759,45,early return,logos::compiler::BorrowChecker::type_is_share_handle,"return bare == ""Rc"" || bare == ""Arc"";"
679485,5794,52,5847,6,call / statement,logos::compiler::BorrowChecker::note_holder_escape_prov,const char* site) {
679485,5795,13,5795,25,if guard,logos::compiler::BorrowChecker::note_holder_escape_prov,if (name.empty() || !val) return;
679485,5795,13,5795,33,if guard,logos::compiler::BorrowChecker::note_holder_escape_prov,if (name.empty() || !val) return;
679485,5795,29,5795,33,if guard,logos::compiler::BorrowChecker::note_holder_escape_prov,if (name.empty() || !val) return;
0,5795,35,5795,41,if guard,logos::compiler::BorrowChecker::note_holder_escape_prov,if (name.empty() || !val) return;
679485,5802,9,5847,6,if guard,logos::compiler::BorrowChecker::note_holder_escape_prov,"if (param_names_.count(name)) return;          // #78/#138, see task"
679485,5802,13,5802,37,if guard,logos::compiler::BorrowChecker::note_holder_escape_prov,"if (param_names_.count(name)) return;          // #78/#138, see task"
701,5802,39,5802,45,if guard,logos::compiler::BorrowChecker::note_holder_escape_prov,"if (param_names_.count(name)) return;          // #78/#138, see task"
678784,5803,9,5847,6,if guard,logos::compiler::BorrowChecker::note_holder_escape_prov,if (!holder_ty || !type_may_carry_borrow(holder_ty)) return;
678784,5803,13,5803,23,if guard,logos::compiler::BorrowChecker::note_holder_escape_prov,if (!holder_ty || !type_may_carry_borrow(holder_ty)) return;
678784,5803,13,5803,60,if guard,logos::compiler::BorrowChecker::note_holder_escape_prov,if (!holder_ty || !type_may_carry_borrow(holder_ty)) return;
678781,5803,27,5803,60,if guard,logos::compiler::BorrowChecker::note_holder_escape_prov,if (!holder_ty || !type_may_carry_borrow(holder_ty)) return;
665576,5803,62,5803,68,if guard,logos::compiler::BorrowChecker::note_holder_escape_prov,if (!holder_ty || !type_may_carry_borrow(holder_ty)) return;
13208,5804,9,5847,6,if guard,logos::compiler::BorrowChecker::note_holder_escape_prov,"if (residency_exemption_holds(holder_ty, val)) return;"
13208,5804,13,5804,54,if guard,logos::compiler::BorrowChecker::note_holder_escape_prov,"if (residency_exemption_holds(holder_ty, val)) return;"
0,5804,56,5804,62,if guard,logos::compiler::BorrowChecker::note_holder_escape_prov,"if (residency_exemption_holds(holder_ty, val)) return;"
13208,5805,9,5847,6,statement,logos::compiler::BorrowChecker::note_holder_escape_prov,RefProv vp = prov_of(val);
13208,5806,13,5806,25,if guard,logos::compiler::BorrowChecker::note_holder_escape_prov,if (!vp.is_local && !vp.is_temp && vp.params.empty())
13208,5806,13,5806,40,if guard,logos::compiler::BorrowChecker::note_holder_escape_prov,if (!vp.is_local && !vp.is_temp && vp.params.empty())
13208,5806,13,5806,61,if guard,logos::compiler::BorrowChecker::note_holder_escape_prov,if (!vp.is_local && !vp.is_temp && vp.params.empty())
12513,5806,29,5806,40,if guard,logos::compiler::BorrowChecker::note_holder_escape_prov,if (!vp.is_local && !vp.is_temp && vp.params.empty())
12513,5806,44,5806,61,if guard,logos::compiler::BorrowChecker::note_holder_escape_prov,if (!vp.is_local && !vp.is_temp && vp.params.empty())
12085,5807,13,5807,39,statement,logos::compiler::BorrowChecker::note_holder_escape_prov,vp = prov_of_retained(val);
13208,5808,13,5808,25,if guard,logos::compiler::BorrowChecker::note_holder_escape_prov,if (!vp.is_local && !vp.is_temp) return;
13208,5808,13,5808,40,if guard,logos::compiler::BorrowChecker::note_holder_escape_prov,if (!vp.is_local && !vp.is_temp) return;
12508,5808,29,5808,40,if guard,logos::compiler::BorrowChecker::note_holder_escape_prov,if (!vp.is_local && !vp.is_temp) return;
12508,5808,42,5808,48,if guard,logos::compiler::BorrowChecker::note_holder_escape_prov,if (!vp.is_local && !vp.is_temp) return;
700,5809,9,5847,6,statement,logos::compiler::BorrowChecker::note_holder_escape_prov,++holder_escape_prov_fired_;
700,5811,21,5811,35,statement,logos::compiler::BorrowChecker::note_holder_escape_prov,int d = site[0] == 'a' ? 0 : site[0] == 'd' ? 1
110,5811,38,5811,39,statement,logos::compiler::BorrowChecker::note_holder_escape_prov,int d = site[0] == 'a' ? 0 : site[0] == 'd' ? 1
590,5811,42,5811,56,statement,logos::compiler::BorrowChecker::note_holder_escape_prov,int d = site[0] == 'a' ? 0 : site[0] == 'd' ? 1
590,5811,42,5812,43,statement,logos::compiler::BorrowChecker::note_holder_escape_prov,int d = site[0] == 'a' ? 0 : site[0] == 'd' ? 1
21,5811,59,5811,60,statement,logos::compiler::BorrowChecker::note_holder_escape_prov,int d = site[0] == 'a' ? 0 : site[0] == 'd' ? 1
569,5812,21,5812,35,statement,logos::compiler::BorrowChecker::note_holder_escape_prov,: site[0] == 'o' ? 2 : 3;
569,5812,21,5812,43,statement,logos::compiler::BorrowChecker::note_holder_escape_prov,: site[0] == 'o' ? 2 : 3;
224,5812,38,5812,39,statement,logos::compiler::BorrowChecker::note_holder_escape_prov,: site[0] == 'o' ? 2 : 3;
345,5812,42,5812,43,statement,logos::compiler::BorrowChecker::note_holder_escape_prov,: site[0] == 'o' ? 2 : 3;
700,5815,13,5815,42,if guard,logos::compiler::BorrowChecker::note_holder_escape_prov,"if (std::getenv(""LOGOS_86_TRACE""))"
0,5816,13,5818,55,statement,logos::compiler::BorrowChecker::note_holder_escape_prov,"fprintf(stderr, ""[#86trace-%s] fn=%s line=%u var=%s loc=%d tmp=%d\n"","
0,5816,21,5816,21,statement,logos::compiler::BorrowChecker::note_holder_escape_prov,"fprintf(stderr, ""[#86trace-%s] fn=%s line=%u var=%s loc=%d tmp=%d\n"","
700,5820,25,5820,38,statement,logos::compiler::BorrowChecker::note_holder_escape_prov,slot.is_local = slot.is_local || vp.is_local;
392,5820,42,5820,53,statement,logos::compiler::BorrowChecker::note_holder_escape_prov,slot.is_local = slot.is_local || vp.is_local;
700,5821,25,5821,37,statement,logos::compiler::BorrowChecker::note_holder_escape_prov,slot.is_temp  = slot.is_temp  || vp.is_temp;
700,5821,42,5821,52,statement,logos::compiler::BorrowChecker::note_holder_escape_prov,slot.is_temp  = slot.is_temp  || vp.is_temp;
370,5844,17,5844,83,statement,logos::compiler::BorrowChecker::note_holder_escape_prov,"pairs.emplace_back(std::string{}, RefSrc{s2, slot_of_binding(s2)});"
700,5845,17,5845,31,if guard,logos::compiler::BorrowChecker::note_holder_escape_prov,"if (!pairs.empty()) store_ref_sources(name, std::move(pairs), name, ln);"
359,5845,33,5845,84,if guard,logos::compiler::BorrowChecker::note_holder_escape_prov,"if (!pairs.empty()) store_ref_sources(name, std::move(pairs), name, ln);"
312190,5850,57,5853,6,statement,logos::compiler::BorrowChecker::holder_ty_of,TypeRef holder_ty_of(const std::string& name) const {
312190,5852,16,5852,38,early return,logos::compiler::BorrowChecker::holder_ty_of,return it != holder_ty_.end() ? it->second : TypeRef(nullptr);
138415,5852,41,5852,51,early return,logos::compiler::BorrowChecker::holder_ty_of,return it != holder_ty_.end() ? it->second : TypeRef(nullptr);
173775,5852,54,5852,70,early return,logos::compiler::BorrowChecker::holder_ty_of,return it != holder_ty_.end() ? it->second : TypeRef(nullptr);
3627399,5872,48,5884,6,call / statement,logos::compiler::BorrowChecker::type_retains_values,static bool type_retains_values(TypeRef t) {
3627399,5873,13,5873,15,if guard,logos::compiler::BorrowChecker::type_retains_values,if (!t) return false;
0,5873,17,5873,29,if guard,logos::compiler::BorrowChecker::type_retains_values,if (!t) return false;
3627399,5874,9,5884,6,statement,logos::compiler::BorrowChecker::type_retains_values,using K = LogosType::Kind;
353170,5876,13,5882,34,switch arm,logos::compiler::BorrowChecker::type_retains_values,case K::Struct: case K::ZonedStruct: case K::Enum: case K::Tuple:
353182,5876,29,5882,34,switch arm,logos::compiler::BorrowChecker::type_retains_values,case K::Struct: case K::ZonedStruct: case K::Enum: case K::Tuple:
1810565,5876,50,5882,34,switch arm,logos::compiler::BorrowChecker::type_retains_values,case K::Struct: case K::ZonedStruct: case K::Enum: case K::Tuple:
1813855,5876,64,5882,34,switch arm,logos::compiler::BorrowChecker::type_retains_values,case K::Struct: case K::ZonedStruct: case K::Enum: case K::Tuple:
1813961,5877,13,5882,34,switch arm,logos::compiler::BorrowChecker::type_retains_values,case K::Array:  case K::Slice:       case K::UnsizedSlice:
1813961,5877,29,5882,34,switch arm,logos::compiler::BorrowChecker::type_retains_values,case K::Array:  case K::Slice:       case K::UnsizedSlice:
1813961,5877,50,5882,34,switch arm,logos::compiler::BorrowChecker::type_retains_values,case K::Array:  case K::Slice:       case K::UnsizedSlice:
1814089,5878,13,5882,34,switch arm,logos::compiler::BorrowChecker::type_retains_values,case K::TraitObject: case K::UnsizedDyn: case K::ImplTrait:
1814089,5878,34,5882,34,switch arm,logos::compiler::BorrowChecker::type_retains_values,case K::TraitObject: case K::UnsizedDyn: case K::ImplTrait:
1814089,5878,54,5882,34,switch arm,logos::compiler::BorrowChecker::type_retains_values,case K::TraitObject: case K::UnsizedDyn: case K::ImplTrait:
1814091,5879,13,5882,34,switch arm,logos::compiler::BorrowChecker::type_retains_values,case K::DstRef: case K::TaggedPtr:   case K::Closure:
1814091,5879,29,5882,34,switch arm,logos::compiler::BorrowChecker::type_retains_values,case K::DstRef: case K::TaggedPtr:   case K::Closure:
1814118,5879,50,5882,34,switch arm,logos::compiler::BorrowChecker::type_retains_values,case K::DstRef: case K::TaggedPtr:   case K::Closure:
1876399,5880,13,5882,34,switch arm,logos::compiler::BorrowChecker::type_retains_values,case K::Ptr:    case K::Ref:         case K::MutRef:
1876481,5880,29,5882,34,switch arm,logos::compiler::BorrowChecker::type_retains_values,case K::Ptr:    case K::Ref:         case K::MutRef:
1880773,5880,50,5881,28,switch arm,logos::compiler::BorrowChecker::type_retains_values,case K::Ptr:    case K::Ref:         case K::MutRef:
1746626,5882,13,5882,34,switch arm,logos::compiler::BorrowChecker::type_retains_values,default: return false;
3340866,5885,67,5915,6,statement,logos::compiler::BorrowChecker::retains_loan_carrying_operand,bool retains_loan_carrying_operand(lir_view::ExprRef e) const {
3340866,5888,13,5888,15,if guard,logos::compiler::BorrowChecker::retains_loan_carrying_operand,if (!e) return false;
0,5888,17,5888,29,if guard,logos::compiler::BorrowChecker::retains_loan_carrying_operand,if (!e) return false;
3340866,5889,9,5915,6,statement,logos::compiler::BorrowChecker::retains_loan_carrying_operand,const auto* pool = prog_.type_pool.impl();
3340866,5890,13,5890,47,if guard,logos::compiler::BorrowChecker::retains_loan_carrying_operand,if (!type_retains_values(e.type(pool))) return false;
1726760,5890,49,5890,61,if guard,logos::compiler::BorrowChecker::retains_loan_carrying_operand,if (!type_retains_values(e.type(pool))) return false;
1614106,5891,9,5915,6,statement,logos::compiler::BorrowChecker::retains_loan_carrying_operand,bool found = false;
412258,5892,43,5896,10,call / statement,logos::compiler::BorrowChecker::retains_loan_carrying_operand,auto by_value_bc = [&](ExprRef a) {
412258,5893,17,5893,19,if guard,logos::compiler::BorrowChecker::retains_loan_carrying_operand,if (!a || found) return;
412258,5893,17,5893,28,if guard,logos::compiler::BorrowChecker::retains_loan_carrying_operand,if (!a || found) return;
412258,5893,23,5893,28,if guard,logos::compiler::BorrowChecker::retains_loan_carrying_operand,if (!a || found) return;
309,5893,30,5893,36,if guard,logos::compiler::BorrowChecker::retains_loan_carrying_operand,if (!a || found) return;
411949,5894,13,5896,10,statement,logos::compiler::BorrowChecker::retains_loan_carrying_operand,TypeRef at = a.type(pool);
411949,5895,17,5895,33,if guard,logos::compiler::BorrowChecker::retains_loan_carrying_operand,if (!is_ref_kind(at) && loan_carrying_type(at)) found = true;
411949,5895,17,5895,59,if guard,logos::compiler::BorrowChecker::retains_loan_carrying_operand,if (!is_ref_kind(at) && loan_carrying_type(at)) found = true;
147333,5895,37,5895,59,if guard,logos::compiler::BorrowChecker::retains_loan_carrying_operand,if (!is_ref_kind(at) && loan_carrying_type(at)) found = true;
3486,5895,61,5895,73,if guard,logos::compiler::BorrowChecker::retains_loan_carrying_operand,if (!is_ref_kind(at) && loan_carrying_type(at)) found = true;
130456,5898,13,5898,77,switch arm,logos::compiler::BorrowChecker::retains_loan_carrying_operand,case Code::Call:       ECallView{e}.each_arg(by_value_bc); break;
108924,5899,13,5903,22,switch arm,logos::compiler::BorrowChecker::retains_loan_carrying_operand,case Code::MethodCall: {
0,5905,13,5906,71,switch arm,logos::compiler::BorrowChecker::retains_loan_carrying_operand,case Code::StructLit:
0,5907,13,5907,81,switch arm,logos::compiler::BorrowChecker::retains_loan_carrying_operand,case Code::TupleLit:  ETupleLitView{e}.each_elem(by_value_bc); break;
0,5908,13,5908,80,switch arm,logos::compiler::BorrowChecker::retains_loan_carrying_operand,case Code::ArrLit:    EArrLitView{e}.each_elem(by_value_bc);  break;
0,5909,13,5910,69,switch arm,logos::compiler::BorrowChecker::retains_loan_carrying_operand,case Code::EnumLitData:
12223,5911,13,5911,80,switch arm,logos::compiler::BorrowChecker::retains_loan_carrying_operand,case Code::Cast:      by_value_bc(ECastView{e}.operand());    break;
1362503,5912,13,5912,27,switch arm,logos::compiler::BorrowChecker::retains_loan_carrying_operand,default: break;
1614106,5914,9,5914,21,early return,logos::compiler::BorrowChecker::retains_loan_carrying_operand,return found;
3499,5933,44,5961,6,call / statement,logos::compiler::BorrowChecker::retain_operand_loans,uint32_t ln) {
3499,5936,13,5936,15,if guard,logos::compiler::BorrowChecker::retain_operand_loans,if (!e || holder.empty()) return;
3499,5936,13,5936,33,if guard,logos::compiler::BorrowChecker::retain_operand_loans,if (!e || holder.empty()) return;
3499,5936,19,5936,33,if guard,logos::compiler::BorrowChecker::retain_operand_loans,if (!e || holder.empty()) return;
0,5936,35,5936,41,if guard,logos::compiler::BorrowChecker::retain_operand_loans,if (!e || holder.empty()) return;
3499,5937,9,5961,6,statement,logos::compiler::BorrowChecker::retain_operand_loans,const auto* pool = prog_.type_pool.impl();
4190,5938,36,5945,10,call / statement,logos::compiler::BorrowChecker::retain_operand_loans,auto one = [&](ExprRef op) {
4190,5939,17,5939,20,if guard,logos::compiler::BorrowChecker::retain_operand_loans,if (!op) return;
0,5939,22,5939,28,if guard,logos::compiler::BorrowChecker::retain_operand_loans,if (!op) return;
4190,5940,13,5945,10,statement,logos::compiler::BorrowChecker::retain_operand_loans,TypeRef ot = op.type(pool);
4190,5941,17,5941,20,if guard,logos::compiler::BorrowChecker::retain_operand_loans,if (!ot) return;
0,5941,22,5941,28,if guard,logos::compiler::BorrowChecker::retain_operand_loans,if (!ot) return;
4190,5942,13,5945,10,if guard,logos::compiler::BorrowChecker::retain_operand_loans,if (ot.kind() == LogosType::Kind::MutRef) return;   // out-param: not ours
4190,5942,17,5942,53,if guard,logos::compiler::BorrowChecker::retain_operand_loans,if (ot.kind() == LogosType::Kind::MutRef) return;   // out-param: not ours
11,5942,55,5942,61,if guard,logos::compiler::BorrowChecker::retain_operand_loans,if (ot.kind() == LogosType::Kind::MutRef) return;   // out-param: not ours
4179,5943,13,5945,10,if guard,logos::compiler::BorrowChecker::retain_operand_loans,if (!is_ref_kind(ot) && !loan_carrying_type(ot)) return;
4179,5943,17,5943,33,if guard,logos::compiler::BorrowChecker::retain_operand_loans,if (!is_ref_kind(ot) && !loan_carrying_type(ot)) return;
4179,5943,17,5943,60,if guard,logos::compiler::BorrowChecker::retain_operand_loans,if (!is_ref_kind(ot) && !loan_carrying_type(ot)) return;
3642,5943,37,5943,60,if guard,logos::compiler::BorrowChecker::retain_operand_loans,if (!is_ref_kind(ot) && !loan_carrying_type(ot)) return;
150,5943,62,5943,68,if guard,logos::compiler::BorrowChecker::retain_operand_loans,if (!is_ref_kind(ot) && !loan_carrying_type(ot)) return;
4029,5944,13,5945,10,statement,logos::compiler::BorrowChecker::retain_operand_loans,"take_ref_borrows(op, ln, holder, /*record_only=*/true);"
436,5947,13,5947,69,switch arm,logos::compiler::BorrowChecker::retain_operand_loans,case Code::Call:       ECallView{e}.each_arg(one); break;
3063,5948,13,5952,22,switch arm,logos::compiler::BorrowChecker::retain_operand_loans,case Code::MethodCall: {
0,5954,13,5954,82,switch arm,logos::compiler::BorrowChecker::retain_operand_loans,case Code::StructLit:  EStructLitView{e}.each_field_value(one); break;
0,5955,13,5955,82,switch arm,logos::compiler::BorrowChecker::retain_operand_loans,case Code::TupleLit:   ETupleLitView{e}.each_elem(one);         break;
0,5956,13,5956,82,switch arm,logos::compiler::BorrowChecker::retain_operand_loans,case Code::ArrLit:     EArrLitView{e}.each_elem(one);           break;
0,5957,13,5957,82,switch arm,logos::compiler::BorrowChecker::retain_operand_loans,case Code::EnumLitData:EEnumLitDataView{e}.each_payload(one);   break;
0,5958,13,5958,82,switch arm,logos::compiler::BorrowChecker::retain_operand_loans,case Code::Cast:       one(ECastView{e}.operand());             break;
0,5959,13,5959,27,switch arm,logos::compiler::BorrowChecker::retain_operand_loans,default: break;
69075430,5978,49,6008,6,statement,logos::compiler::BorrowChecker::type_may_carry_borrow,bool type_may_carry_borrow(TypeRef t) const {
69075430,5979,13,5979,15,if guard,logos::compiler::BorrowChecker::type_may_carry_borrow,if (!t) return false;
0,5979,17,5979,29,if guard,logos::compiler::BorrowChecker::type_may_carry_borrow,if (!t) return false;
69075430,5980,9,6008,6,if guard,logos::compiler::BorrowChecker::type_may_carry_borrow,if (is_ref_kind(t) || loan_carrying_type(t)) return true;
69075430,5980,13,5980,27,if guard,logos::compiler::BorrowChecker::type_may_carry_borrow,if (is_ref_kind(t) || loan_carrying_type(t)) return true;
69075430,5980,13,5980,52,if guard,logos::compiler::BorrowChecker::type_may_carry_borrow,if (is_ref_kind(t) || loan_carrying_type(t)) return true;
63092124,5980,31,5980,52,if guard,logos::compiler::BorrowChecker::type_may_carry_borrow,if (is_ref_kind(t) || loan_carrying_type(t)) return true;
6040889,5980,54,5980,65,if guard,logos::compiler::BorrowChecker::type_may_carry_borrow,if (is_ref_kind(t) || loan_carrying_type(t)) return true;
63034541,5981,9,6008,6,statement,logos::compiler::BorrowChecker::type_may_carry_borrow,{   // #71 SPIKE
63034541,5984,17,5984,43,if guard,logos::compiler::BorrowChecker::type_may_carry_borrow,if (k == LogosType::Kind::Enum) n = std::string(t.enum_name());
21181813,5984,45,5984,75,if guard,logos::compiler::BorrowChecker::type_may_carry_borrow,if (k == LogosType::Kind::Enum) n = std::string(t.enum_name());
41852728,5985,18,5986,49,else-if guard,logos::compiler::BorrowChecker::type_may_carry_borrow,else if (k == LogosType::Kind::Struct || k == LogosType::Kind::ZonedStruct)
41852728,5985,22,5985,50,else-if guard,logos::compiler::BorrowChecker::type_may_carry_borrow,else if (k == LogosType::Kind::Struct || k == LogosType::Kind::ZonedStruct)
41852728,5985,22,5985,87,else-if guard,logos::compiler::BorrowChecker::type_may_carry_borrow,else if (k == LogosType::Kind::Struct || k == LogosType::Kind::ZonedStruct)
24559564,5985,54,5985,87,else-if guard,logos::compiler::BorrowChecker::type_may_carry_borrow,else if (k == LogosType::Kind::Struct || k == LogosType::Kind::ZonedStruct)
17294372,5986,17,5986,49,statement,logos::compiler::BorrowChecker::type_may_carry_borrow,n = std::string(t.struct_name());
63034541,5987,17,5987,27,if guard,logos::compiler::BorrowChecker::type_may_carry_borrow,if (!n.empty() && ts_.holds_any_ref.count(n) > 0) return true;
63034541,5987,17,5987,61,if guard,logos::compiler::BorrowChecker::type_may_carry_borrow,if (!n.empty() && ts_.holds_any_ref.count(n) > 0) return true;
38476185,5987,31,5987,61,if guard,logos::compiler::BorrowChecker::type_may_carry_borrow,if (!n.empty() && ts_.holds_any_ref.count(n) > 0) return true;
2115995,5987,63,5987,74,if guard,logos::compiler::BorrowChecker::type_may_carry_borrow,if (!n.empty() && ts_.holds_any_ref.count(n) > 0) return true;
60918546,5989,9,6008,6,loop body,logos::compiler::BorrowChecker::type_may_carry_borrow,for (auto a : t.type_args())
29144797,5990,13,5990,54,if guard,logos::compiler::BorrowChecker::type_may_carry_borrow,if (type_may_carry_borrow(a)) return true;
29144797,5990,17,5990,41,if guard,logos::compiler::BorrowChecker::type_may_carry_borrow,if (type_may_carry_borrow(a)) return true;
6322055,5990,43,5990,54,if guard,logos::compiler::BorrowChecker::type_may_carry_borrow,if (type_may_carry_borrow(a)) return true;
54596491,6001,9,6008,6,if guard,logos::compiler::BorrowChecker::type_may_carry_borrow,if (t.kind() == LogosType::Kind::Tuple) {
54596491,6001,13,6001,47,if guard,logos::compiler::BorrowChecker::type_may_carry_borrow,if (t.kind() == LogosType::Kind::Tuple) {
525850,6001,49,6004,10,if guard,logos::compiler::BorrowChecker::type_may_carry_borrow,if (t.kind() == LogosType::Kind::Tuple) {
696935,6003,17,6003,67,if guard,logos::compiler::BorrowChecker::type_may_carry_borrow,if (type_may_carry_borrow(TypeRef(e))) return true;
696935,6003,21,6003,54,if guard,logos::compiler::BorrowChecker::type_may_carry_borrow,if (type_may_carry_borrow(TypeRef(e))) return true;
392453,6003,56,6003,67,if guard,logos::compiler::BorrowChecker::type_may_carry_borrow,if (type_may_carry_borrow(TypeRef(e))) return true;
54204038,6005,9,6008,6,if guard,logos::compiler::BorrowChecker::type_may_carry_borrow,if (t.kind() == LogosType::Kind::Array || t.kind() == LogosType::Kind::Slice)
54204038,6005,13,6005,47,if guard,logos::compiler::BorrowChecker::type_may_carry_borrow,if (t.kind() == LogosType::Kind::Array || t.kind() == LogosType::Kind::Slice)
54204038,6005,13,6005,85,if guard,logos::compiler::BorrowChecker::type_may_carry_borrow,if (t.kind() == LogosType::Kind::Array || t.kind() == LogosType::Kind::Slice)
54188124,6005,51,6005,85,if guard,logos::compiler::BorrowChecker::type_may_carry_borrow,if (t.kind() == LogosType::Kind::Array || t.kind() == LogosType::Kind::Slice)
15914,6006,13,6006,51,early return,logos::compiler::BorrowChecker::type_may_carry_borrow,return type_may_carry_borrow(t.elem());
54188124,6007,9,6007,21,early return,logos::compiler::BorrowChecker::type_may_carry_borrow,return false;
16540,6034,79,6124,6,statement,logos::compiler::BorrowChecker::value_local_root[abi:cxx11],lir_view::ExprRef* terminal = nullptr) const {
16540,6038,13,6038,16,if guard,logos::compiler::BorrowChecker::value_local_root[abi:cxx11],if (cur && cur.kind() == Code::AddrOfTemp) cur = EAddrOfTempView{cur}.inner();
16540,6038,13,6038,50,if guard,logos::compiler::BorrowChecker::value_local_root[abi:cxx11],if (cur && cur.kind() == Code::AddrOfTemp) cur = EAddrOfTempView{cur}.inner();
16540,6038,20,6038,50,if guard,logos::compiler::BorrowChecker::value_local_root[abi:cxx11],if (cur && cur.kind() == Code::AddrOfTemp) cur = EAddrOfTempView{cur}.inner();
12635,6038,52,6038,86,if guard,logos::compiler::BorrowChecker::value_local_root[abi:cxx11],if (cur && cur.kind() == Code::AddrOfTemp) cur = EAddrOfTempView{cur}.inner();
1119,6048,46,6051,10,call / statement,logos::compiler::BorrowChecker::value_local_root[abi:cxx11],auto recv_is_rawptr = [&](ExprRef r) {
1119,6049,20,6049,21,early return,logos::compiler::BorrowChecker::value_local_root[abi:cxx11],return r && r.type(pool) &&
1119,6049,20,6049,37,early return,logos::compiler::BorrowChecker::value_local_root[abi:cxx11],return r && r.type(pool) &&
1119,6049,25,6049,37,early return,logos::compiler::BorrowChecker::value_local_root[abi:cxx11],return r && r.type(pool) &&
1119,6050,20,6050,63,statement,logos::compiler::BorrowChecker::value_local_root[abi:cxx11],r.type(pool).kind() == LogosType::Kind::Ptr;
22895,6052,16,6052,19,loop body,logos::compiler::BorrowChecker::value_local_root[abi:cxx11],while (cur) {
22895,6052,21,6087,10,loop body,logos::compiler::BorrowChecker::value_local_root[abi:cxx11],while (cur) {
22895,6054,17,6054,37,if guard,logos::compiler::BorrowChecker::value_local_root[abi:cxx11],if (k == Code::FieldRead)  {
1055,6054,40,6058,14,if guard,logos::compiler::BorrowChecker::value_local_root[abi:cxx11],if (k == Code::FieldRead)  {
1055,6056,21,6056,38,if guard,logos::compiler::BorrowChecker::value_local_root[abi:cxx11],if (recv_is_rawptr(r)) return {};
550,6056,40,6056,49,if guard,logos::compiler::BorrowChecker::value_local_root[abi:cxx11],if (recv_is_rawptr(r)) return {};
505,6057,17,6057,34,statement,logos::compiler::BorrowChecker::value_local_root[abi:cxx11],cur = r; continue;
21840,6059,13,6087,10,if guard,logos::compiler::BorrowChecker::value_local_root[abi:cxx11],if (k == Code::TupleIndex) {
21840,6059,17,6059,38,if guard,logos::compiler::BorrowChecker::value_local_root[abi:cxx11],if (k == Code::TupleIndex) {
37,6059,40,6063,14,if guard,logos::compiler::BorrowChecker::value_local_root[abi:cxx11],if (k == Code::TupleIndex) {
37,6061,21,6061,38,if guard,logos::compiler::BorrowChecker::value_local_root[abi:cxx11],if (recv_is_rawptr(r)) return {};
0,6061,40,6061,49,if guard,logos::compiler::BorrowChecker::value_local_root[abi:cxx11],if (recv_is_rawptr(r)) return {};
37,6062,17,6062,34,statement,logos::compiler::BorrowChecker::value_local_root[abi:cxx11],cur = r; continue;
21803,6064,13,6087,10,if guard,logos::compiler::BorrowChecker::value_local_root[abi:cxx11],if (k == Code::IndexRead)  {
21803,6064,17,6064,37,if guard,logos::compiler::BorrowChecker::value_local_root[abi:cxx11],if (k == Code::IndexRead)  {
27,6064,40,6068,14,if guard,logos::compiler::BorrowChecker::value_local_root[abi:cxx11],if (k == Code::IndexRead)  {
27,6066,21,6066,38,if guard,logos::compiler::BorrowChecker::value_local_root[abi:cxx11],if (recv_is_rawptr(r)) return {};
0,6066,40,6066,49,if guard,logos::compiler::BorrowChecker::value_local_root[abi:cxx11],if (recv_is_rawptr(r)) return {};
27,6067,17,6067,34,statement,logos::compiler::BorrowChecker::value_local_root[abi:cxx11],cur = r; continue;
21776,6069,13,6087,10,if guard,logos::compiler::BorrowChecker::value_local_root[abi:cxx11],if (k == Code::Deref) {
21776,6069,17,6069,33,if guard,logos::compiler::BorrowChecker::value_local_root[abi:cxx11],if (k == Code::Deref) {
5139,6069,35,6075,14,if guard,logos::compiler::BorrowChecker::value_local_root[abi:cxx11],if (k == Code::Deref) {
5139,6071,21,6071,23,if guard,logos::compiler::BorrowChecker::value_local_root[abi:cxx11],if (op && op.type(pool) &&
5139,6071,21,6071,40,if guard,logos::compiler::BorrowChecker::value_local_root[abi:cxx11],if (op && op.type(pool) &&
5139,6071,21,6072,65,if guard,logos::compiler::BorrowChecker::value_local_root[abi:cxx11],if (op && op.type(pool) &&
5139,6071,27,6071,40,if guard,logos::compiler::BorrowChecker::value_local_root[abi:cxx11],if (op && op.type(pool) &&
5139,6072,21,6072,65,call / statement,logos::compiler::BorrowChecker::value_local_root[abi:cxx11],op.type(pool).kind() == LogosType::Kind::Ptr)
5112,6073,21,6073,30,early return,logos::compiler::BorrowChecker::value_local_root[abi:cxx11],return {};   // raw-pointer deref — unchecked
27,6074,17,6074,35,statement,logos::compiler::BorrowChecker::value_local_root[abi:cxx11],cur = op; continue;
16637,6082,13,6087,10,if guard,logos::compiler::BorrowChecker::value_local_root[abi:cxx11],if (k == Code::SliceLit)  { cur = ESliceLitView{cur}.base();  continue; }
16637,6082,17,6082,36,if guard,logos::compiler::BorrowChecker::value_local_root[abi:cxx11],if (k == Code::SliceLit)  { cur = ESliceLitView{cur}.base();  continue; }
109,6082,39,6082,86,if guard,logos::compiler::BorrowChecker::value_local_root[abi:cxx11],if (k == Code::SliceLit)  { cur = ESliceLitView{cur}.base();  continue; }
16528,6083,13,6087,10,if guard,logos::compiler::BorrowChecker::value_local_root[abi:cxx11],if (k == Code::SlicePtr)  { cur = ESlicePtrView{cur}.slice(); continue; }
16528,6083,17,6083,36,if guard,logos::compiler::BorrowChecker::value_local_root[abi:cxx11],if (k == Code::SlicePtr)  { cur = ESlicePtrView{cur}.slice(); continue; }
0,6083,39,6083,86,if guard,logos::compiler::BorrowChecker::value_local_root[abi:cxx11],if (k == Code::SlicePtr)  { cur = ESlicePtrView{cur}.slice(); continue; }
16528,6084,13,6087,10,if guard,logos::compiler::BorrowChecker::value_local_root[abi:cxx11],if (k == Code::SliceIndex){ cur = ESliceIndexView{cur}.slice(); continue; }
16528,6084,17,6084,38,if guard,logos::compiler::BorrowChecker::value_local_root[abi:cxx11],if (k == Code::SliceIndex){ cur = ESliceIndexView{cur}.slice(); continue; }
5647,6084,39,6084,88,if guard,logos::compiler::BorrowChecker::value_local_root[abi:cxx11],if (k == Code::SliceIndex){ cur = ESliceIndexView{cur}.slice(); continue; }
10881,6085,13,6087,10,if guard,logos::compiler::BorrowChecker::value_local_root[abi:cxx11],if (k == Code::AddrOfTemp){ cur = EAddrOfTempView{cur}.inner(); continue; }
10881,6085,17,6085,38,if guard,logos::compiler::BorrowChecker::value_local_root[abi:cxx11],if (k == Code::AddrOfTemp){ cur = EAddrOfTempView{cur}.inner(); continue; }
3,6085,39,6085,88,if guard,logos::compiler::BorrowChecker::value_local_root[abi:cxx11],if (k == Code::AddrOfTemp){ cur = EAddrOfTempView{cur}.inner(); continue; }
10878,6086,13,6086,18,loop exit,logos::compiler::BorrowChecker::value_local_root[abi:cxx11],break;
10878,6088,9,6124,6,if guard,logos::compiler::BorrowChecker::value_local_root[abi:cxx11],if (terminal) *terminal = cur;
10878,6088,13,6088,21,if guard,logos::compiler::BorrowChecker::value_local_root[abi:cxx11],if (terminal) *terminal = cur;
8,6088,23,6088,38,if guard,logos::compiler::BorrowChecker::value_local_root[abi:cxx11],if (terminal) *terminal = cur;
10878,6089,13,6089,16,if guard,logos::compiler::BorrowChecker::value_local_root[abi:cxx11],if (cur && temp_root && is_temporary_value_expr(cur) &&
10878,6089,13,6089,29,if guard,logos::compiler::BorrowChecker::value_local_root[abi:cxx11],if (cur && temp_root && is_temporary_value_expr(cur) &&
10878,6089,13,6089,61,if guard,logos::compiler::BorrowChecker::value_local_root[abi:cxx11],if (cur && temp_root && is_temporary_value_expr(cur) &&
10878,6089,13,6090,41,if guard,logos::compiler::BorrowChecker::value_local_root[abi:cxx11],if (cur && temp_root && is_temporary_value_expr(cur) &&
10878,6089,20,6089,29,if guard,logos::compiler::BorrowChecker::value_local_root[abi:cxx11],if (cur && temp_root && is_temporary_value_expr(cur) &&
7020,6089,33,6089,61,if guard,logos::compiler::BorrowChecker::value_local_root[abi:cxx11],if (cur && temp_root && is_temporary_value_expr(cur) &&
153,6090,13,6090,41,statement,logos::compiler::BorrowChecker::value_local_root[abi:cxx11],!is_ref_kind(cur.type(pool)))
8,6091,13,6091,30,statement,logos::compiler::BorrowChecker::value_local_root[abi:cxx11],*temp_root = true;
10878,6092,13,6092,16,if guard,logos::compiler::BorrowChecker::value_local_root[abi:cxx11],if (cur && cur.kind() == Code::VarRef) {
10878,6092,13,6092,46,if guard,logos::compiler::BorrowChecker::value_local_root[abi:cxx11],if (cur && cur.kind() == Code::VarRef) {
10878,6092,20,6092,46,if guard,logos::compiler::BorrowChecker::value_local_root[abi:cxx11],if (cur && cur.kind() == Code::VarRef) {
10586,6092,48,6122,10,if guard,logos::compiler::BorrowChecker::value_local_root[abi:cxx11],if (cur && cur.kind() == Code::VarRef) {
10586,6096,17,6096,37,if guard,logos::compiler::BorrowChecker::value_local_root[abi:cxx11],"if (var_has(rn_slot, rn) && !param_names_.count(rn) &&"
10586,6096,17,6096,64,if guard,logos::compiler::BorrowChecker::value_local_root[abi:cxx11],"if (var_has(rn_slot, rn) && !param_names_.count(rn) &&"
10586,6096,17,6097,46,if guard,logos::compiler::BorrowChecker::value_local_root[abi:cxx11],"if (var_has(rn_slot, rn) && !param_names_.count(rn) &&"
10578,6096,41,6096,64,if guard,logos::compiler::BorrowChecker::value_local_root[abi:cxx11],"if (var_has(rn_slot, rn) && !param_names_.count(rn) &&"
10557,6097,17,6097,46,call / statement,logos::compiler::BorrowChecker::value_local_root[abi:cxx11],prov_.find(rn) == prov_.end())
2809,6098,17,6098,26,early return,logos::compiler::BorrowChecker::value_local_root[abi:cxx11],return rn;
7777,6112,13,6122,10,if guard,logos::compiler::BorrowChecker::value_local_root[abi:cxx11],if (ts_.frame_consts.count(rn)) return rn;
7777,6112,17,6112,43,if guard,logos::compiler::BorrowChecker::value_local_root[abi:cxx11],if (ts_.frame_consts.count(rn)) return rn;
1,6112,45,6112,54,if guard,logos::compiler::BorrowChecker::value_local_root[abi:cxx11],if (ts_.frame_consts.count(rn)) return rn;
7776,6120,13,6122,10,if guard,logos::compiler::BorrowChecker::value_local_root[abi:cxx11],if (param_names_.count(rn) && !outliving_params_.count(rn))
7776,6120,17,6120,39,if guard,logos::compiler::BorrowChecker::value_local_root[abi:cxx11],if (param_names_.count(rn) && !outliving_params_.count(rn))
7776,6120,17,6120,71,if guard,logos::compiler::BorrowChecker::value_local_root[abi:cxx11],if (param_names_.count(rn) && !outliving_params_.count(rn))
21,6120,43,6120,71,if guard,logos::compiler::BorrowChecker::value_local_root[abi:cxx11],if (param_names_.count(rn) && !outliving_params_.count(rn))
9,6121,17,6121,26,early return,logos::compiler::BorrowChecker::value_local_root[abi:cxx11],return rn;
8059,6123,9,6123,18,early return,logos::compiler::BorrowChecker::value_local_root[abi:cxx11],return {};
7705290,6141,60,6408,6,statement,logos::compiler::BorrowChecker::bc_hop_roots,std::vector<std::string>& out) const {
7705290,6144,13,6144,15,if guard,logos::compiler::BorrowChecker::bc_hop_roots,if (!e) return;
3,6144,17,6144,23,if guard,logos::compiler::BorrowChecker::bc_hop_roots,if (!e) return;
7705287,6145,9,6408,6,statement,logos::compiler::BorrowChecker::bc_hop_roots,const auto* pool = prog_.type_pool.impl();
18451,6161,13,6168,23,switch arm,logos::compiler::BorrowChecker::bc_hop_roots,case Code::MethodCall: {
8109,6164,43,6167,18,call / statement,logos::compiler::BorrowChecker::bc_hop_roots,v.each_arg([&](ExprRef a) {
8109,6165,25,6165,26,if guard,logos::compiler::BorrowChecker::bc_hop_roots,if (a && type_may_carry_borrow(a.type(pool)))
8109,6165,25,6165,65,if guard,logos::compiler::BorrowChecker::bc_hop_roots,if (a && type_may_carry_borrow(a.type(pool)))
8109,6165,30,6165,65,if guard,logos::compiler::BorrowChecker::bc_hop_roots,if (a && type_may_carry_borrow(a.type(pool)))
1483,6166,25,6166,45,statement,logos::compiler::BorrowChecker::bc_hop_roots,"bc_hop_roots(a, out);"
29011,6170,13,6176,23,switch arm,logos::compiler::BorrowChecker::bc_hop_roots,case Code::Call: {
51526,6172,43,6175,18,call / statement,logos::compiler::BorrowChecker::bc_hop_roots,v.each_arg([&](ExprRef a) {
51526,6173,25,6173,26,if guard,logos::compiler::BorrowChecker::bc_hop_roots,if (a && type_may_carry_borrow(a.type(pool)))
51526,6173,25,6173,65,if guard,logos::compiler::BorrowChecker::bc_hop_roots,if (a && type_may_carry_borrow(a.type(pool)))
51526,6173,30,6173,65,if guard,logos::compiler::BorrowChecker::bc_hop_roots,if (a && type_may_carry_borrow(a.type(pool)))
13038,6174,25,6174,45,statement,logos::compiler::BorrowChecker::bc_hop_roots,"bc_hop_roots(a, out);"
109,6178,13,6258,27,switch arm,logos::compiler::BorrowChecker::bc_hop_roots,case Code::ClosureCall:
247,6179,13,6194,23,switch arm,logos::compiler::BorrowChecker::bc_hop_roots,case Code::FnPtrCall: {   // H4 — see note_closure_caps
247,6181,33,6181,37,if guard,logos::compiler::BorrowChecker::bc_hop_roots,if (const auto* caps = closure_caps_of(callee)) {
11,6181,65,6187,18,if guard,logos::compiler::BorrowChecker::bc_hop_roots,if (const auto* caps = closure_caps_of(callee)) {
11,6186,43,6186,59,loop body,logos::compiler::BorrowChecker::bc_hop_roots,for (auto& c : *caps) out.push_back(c);
476,6188,43,6191,18,call / statement,logos::compiler::BorrowChecker::bc_hop_roots,auto arg = [&](ExprRef a) {
476,6189,25,6189,26,if guard,logos::compiler::BorrowChecker::bc_hop_roots,if (a && type_may_carry_borrow(a.type(pool)))
476,6189,25,6189,65,if guard,logos::compiler::BorrowChecker::bc_hop_roots,if (a && type_may_carry_borrow(a.type(pool)))
476,6189,30,6189,65,if guard,logos::compiler::BorrowChecker::bc_hop_roots,if (a && type_may_carry_borrow(a.type(pool)))
53,6190,25,6190,45,statement,logos::compiler::BorrowChecker::bc_hop_roots,"bc_hop_roots(a, out);"
247,6192,21,6192,50,if guard,logos::compiler::BorrowChecker::bc_hop_roots,if (e.kind() == Code::ClosureCall) EClosureCallView{e}.each_arg(arg);
109,6192,52,6192,85,if guard,logos::compiler::BorrowChecker::bc_hop_roots,if (e.kind() == Code::ClosureCall) EClosureCallView{e}.each_arg(arg);
138,6193,52,6193,83,else branch,logos::compiler::BorrowChecker::bc_hop_roots,else                               EFnPtrCallView{e}.each_arg(arg);
1255952,6224,13,6229,23,switch arm,logos::compiler::BorrowChecker::bc_hop_roots,case Code::EnumLitData:
1255948,6225,66,6228,18,call / statement,logos::compiler::BorrowChecker::bc_hop_roots,EEnumLitDataView{e}.each_payload([&](ExprRef pl) {
1255948,6226,25,6226,27,if guard,logos::compiler::BorrowChecker::bc_hop_roots,if (pl && type_may_carry_borrow(pl.type(pool)))
1255948,6226,25,6226,67,if guard,logos::compiler::BorrowChecker::bc_hop_roots,if (pl && type_may_carry_borrow(pl.type(pool)))
1255948,6226,31,6226,67,if guard,logos::compiler::BorrowChecker::bc_hop_roots,if (pl && type_may_carry_borrow(pl.type(pool)))
517775,6227,25,6227,46,statement,logos::compiler::BorrowChecker::bc_hop_roots,"bc_hop_roots(pl, out);"
5469,6230,13,6235,23,switch arm,logos::compiler::BorrowChecker::bc_hop_roots,case Code::StructLit:
25828,6231,68,6234,18,call / statement,logos::compiler::BorrowChecker::bc_hop_roots,EStructLitView{e}.each_field_value([&](ExprRef fv) {
25828,6232,25,6232,27,if guard,logos::compiler::BorrowChecker::bc_hop_roots,if (fv && type_may_carry_borrow(fv.type(pool)))
25828,6232,25,6232,67,if guard,logos::compiler::BorrowChecker::bc_hop_roots,if (fv && type_may_carry_borrow(fv.type(pool)))
25828,6232,31,6232,67,if guard,logos::compiler::BorrowChecker::bc_hop_roots,if (fv && type_may_carry_borrow(fv.type(pool)))
3297,6233,25,6233,46,statement,logos::compiler::BorrowChecker::bc_hop_roots,"bc_hop_roots(fv, out);"
1705,6236,13,6241,23,switch arm,logos::compiler::BorrowChecker::bc_hop_roots,case Code::TupleLit:
6722,6237,60,6240,18,call / statement,logos::compiler::BorrowChecker::bc_hop_roots,ETupleLitView{e}.each_elem([&](ExprRef el) {
6722,6238,25,6238,27,if guard,logos::compiler::BorrowChecker::bc_hop_roots,if (el && type_may_carry_borrow(el.type(pool)))
6722,6238,25,6238,67,if guard,logos::compiler::BorrowChecker::bc_hop_roots,if (el && type_may_carry_borrow(el.type(pool)))
6722,6238,31,6238,67,if guard,logos::compiler::BorrowChecker::bc_hop_roots,if (el && type_may_carry_borrow(el.type(pool)))
4922,6239,25,6239,46,statement,logos::compiler::BorrowChecker::bc_hop_roots,"bc_hop_roots(el, out);"
677,6242,13,6247,23,switch arm,logos::compiler::BorrowChecker::bc_hop_roots,case Code::ArrLit:
2025,6243,58,6246,18,call / statement,logos::compiler::BorrowChecker::bc_hop_roots,EArrLitView{e}.each_elem([&](ExprRef el) {
2025,6244,25,6244,27,if guard,logos::compiler::BorrowChecker::bc_hop_roots,if (el && type_may_carry_borrow(el.type(pool)))
2025,6244,25,6244,67,if guard,logos::compiler::BorrowChecker::bc_hop_roots,if (el && type_may_carry_borrow(el.type(pool)))
2025,6244,31,6244,67,if guard,logos::compiler::BorrowChecker::bc_hop_roots,if (el && type_may_carry_borrow(el.type(pool)))
1991,6245,25,6245,46,statement,logos::compiler::BorrowChecker::bc_hop_roots,"bc_hop_roots(el, out);"
5448,6248,13,6250,23,switch arm,logos::compiler::BorrowChecker::bc_hop_roots,case Code::Cast:
282,6251,13,6254,23,switch arm,logos::compiler::BorrowChecker::bc_hop_roots,case Code::IfExpr:
12996,6255,13,6257,23,switch arm,logos::compiler::BorrowChecker::bc_hop_roots,case Code::BlockExpr:
6375049,6258,13,6258,27,switch arm,logos::compiler::BorrowChecker::bc_hop_roots,default: break;
6375049,6261,9,6408,6,statement,logos::compiler::BorrowChecker::bc_hop_roots,ExprRef cur = e;
6375049,6262,13,6262,16,if guard,logos::compiler::BorrowChecker::bc_hop_roots,if (cur && cur.kind() == Code::AddrOfTemp) {
6375049,6262,13,6262,50,if guard,logos::compiler::BorrowChecker::bc_hop_roots,if (cur && cur.kind() == Code::AddrOfTemp) {
6375049,6262,20,6262,50,if guard,logos::compiler::BorrowChecker::bc_hop_roots,if (cur && cur.kind() == Code::AddrOfTemp) {
32981,6262,52,6293,10,if guard,logos::compiler::BorrowChecker::bc_hop_roots,if (cur && cur.kind() == Code::AddrOfTemp) {
32981,6286,17,6286,20,if guard,logos::compiler::BorrowChecker::bc_hop_roots,if (cur && cur.kind() != K::VarRef  && cur.kind() != K::AddrOf &&
32981,6286,17,6286,47,if guard,logos::compiler::BorrowChecker::bc_hop_roots,if (cur && cur.kind() != K::VarRef  && cur.kind() != K::AddrOf &&
32981,6286,17,6286,75,if guard,logos::compiler::BorrowChecker::bc_hop_roots,if (cur && cur.kind() != K::VarRef  && cur.kind() != K::AddrOf &&
32981,6286,17,6287,44,if guard,logos::compiler::BorrowChecker::bc_hop_roots,if (cur && cur.kind() != K::VarRef  && cur.kind() != K::AddrOf &&
32981,6286,17,6287,78,if guard,logos::compiler::BorrowChecker::bc_hop_roots,if (cur && cur.kind() != K::VarRef  && cur.kind() != K::AddrOf &&
32981,6286,17,6288,44,if guard,logos::compiler::BorrowChecker::bc_hop_roots,if (cur && cur.kind() != K::VarRef  && cur.kind() != K::AddrOf &&
32981,6286,17,6288,78,if guard,logos::compiler::BorrowChecker::bc_hop_roots,if (cur && cur.kind() != K::VarRef  && cur.kind() != K::AddrOf &&
32981,6286,17,6289,44,if guard,logos::compiler::BorrowChecker::bc_hop_roots,if (cur && cur.kind() != K::VarRef  && cur.kind() != K::AddrOf &&
32981,6286,17,6289,74,if guard,logos::compiler::BorrowChecker::bc_hop_roots,if (cur && cur.kind() != K::VarRef  && cur.kind() != K::AddrOf &&
32981,6286,24,6286,47,if guard,logos::compiler::BorrowChecker::bc_hop_roots,if (cur && cur.kind() != K::VarRef  && cur.kind() != K::AddrOf &&
27648,6286,52,6286,75,if guard,logos::compiler::BorrowChecker::bc_hop_roots,if (cur && cur.kind() != K::VarRef  && cur.kind() != K::AddrOf &&
27647,6287,17,6287,44,statement,logos::compiler::BorrowChecker::bc_hop_roots,cur.kind() != K::AddrOfTemp     && cur.kind() != K::FieldRead &&
27645,6287,52,6287,78,statement,logos::compiler::BorrowChecker::bc_hop_roots,cur.kind() != K::AddrOfTemp     && cur.kind() != K::FieldRead &&
27175,6288,17,6288,44,statement,logos::compiler::BorrowChecker::bc_hop_roots,cur.kind() != K::TupleIndex     && cur.kind() != K::IndexRead &&
27145,6288,52,6288,78,statement,logos::compiler::BorrowChecker::bc_hop_roots,cur.kind() != K::TupleIndex     && cur.kind() != K::IndexRead &&
26914,6289,17,6289,44,call / statement,logos::compiler::BorrowChecker::bc_hop_roots,cur.kind() != K::SliceIndex     && cur.kind() != K::Deref) {
10182,6289,52,6289,74,call / statement,logos::compiler::BorrowChecker::bc_hop_roots,cur.kind() != K::SliceIndex     && cur.kind() != K::Deref) {
96,6289,76,6292,14,call / statement,logos::compiler::BorrowChecker::bc_hop_roots,cur.kind() != K::SliceIndex     && cur.kind() != K::Deref) {
6374953,6294,9,6408,6,if guard,logos::compiler::BorrowChecker::bc_hop_roots,if (cur && cur.kind() == Code::AddrOf) {
6374953,6294,13,6294,16,if guard,logos::compiler::BorrowChecker::bc_hop_roots,if (cur && cur.kind() == Code::AddrOf) {
6374953,6294,13,6294,46,if guard,logos::compiler::BorrowChecker::bc_hop_roots,if (cur && cur.kind() == Code::AddrOf) {
6374953,6294,20,6294,46,if guard,logos::compiler::BorrowChecker::bc_hop_roots,if (cur && cur.kind() == Code::AddrOf) {
27463,6294,48,6298,10,if guard,logos::compiler::BorrowChecker::bc_hop_roots,if (cur && cur.kind() == Code::AddrOf) {
27463,6296,17,6296,36,if guard,logos::compiler::BorrowChecker::bc_hop_roots,"if (var_has(NO_SLOT, n)) out.push_back(std::move(n));"
27445,6296,38,6296,65,if guard,logos::compiler::BorrowChecker::bc_hop_roots,"if (var_has(NO_SLOT, n)) out.push_back(std::move(n));"
6347490,6308,9,6408,6,call / statement,logos::compiler::BorrowChecker::bc_hop_roots,auto recv_is_rawptr = [&](ExprRef r) {
34139,6308,46,6311,10,call / statement,logos::compiler::BorrowChecker::bc_hop_roots,auto recv_is_rawptr = [&](ExprRef r) {
34139,6309,20,6309,21,early return,logos::compiler::BorrowChecker::bc_hop_roots,return r && r.type(pool) &&
34139,6309,20,6309,37,early return,logos::compiler::BorrowChecker::bc_hop_roots,return r && r.type(pool) &&
34139,6309,25,6309,37,early return,logos::compiler::BorrowChecker::bc_hop_roots,return r && r.type(pool) &&
34139,6310,20,6310,63,statement,logos::compiler::BorrowChecker::bc_hop_roots,r.type(pool).kind() == LogosType::Kind::Ptr;
6381940,6345,16,6345,19,loop body,logos::compiler::BorrowChecker::bc_hop_roots,while (cur) {
6381940,6345,21,6387,10,loop body,logos::compiler::BorrowChecker::bc_hop_roots,while (cur) {
6381940,6347,17,6347,37,if guard,logos::compiler::BorrowChecker::bc_hop_roots,if (k == Code::FieldRead)  {
5860,6347,40,6352,14,if guard,logos::compiler::BorrowChecker::bc_hop_roots,if (k == Code::FieldRead)  {
5860,6349,21,6349,38,if guard,logos::compiler::BorrowChecker::bc_hop_roots,if (recv_is_rawptr(r)) return;
650,6349,40,6349,46,if guard,logos::compiler::BorrowChecker::bc_hop_roots,if (recv_is_rawptr(r)) return;
5210,6350,17,6351,34,if guard,logos::compiler::BorrowChecker::bc_hop_roots,if (path_ok) path_fields.emplace_back(EFieldReadView{cur}.field());
5210,6350,21,6350,28,if guard,logos::compiler::BorrowChecker::bc_hop_roots,if (path_ok) path_fields.emplace_back(EFieldReadView{cur}.field());
4384,6350,30,6350,83,if guard,logos::compiler::BorrowChecker::bc_hop_roots,if (path_ok) path_fields.emplace_back(EFieldReadView{cur}.field());
6376080,6353,13,6387,10,if guard,logos::compiler::BorrowChecker::bc_hop_roots,if (k == Code::TupleIndex) {
6376080,6353,17,6353,38,if guard,logos::compiler::BorrowChecker::bc_hop_roots,if (k == Code::TupleIndex) {
9780,6353,40,6358,14,if guard,logos::compiler::BorrowChecker::bc_hop_roots,if (k == Code::TupleIndex) {
9780,6355,21,6355,38,if guard,logos::compiler::BorrowChecker::bc_hop_roots,if (recv_is_rawptr(r)) return;
0,6355,40,6355,46,if guard,logos::compiler::BorrowChecker::bc_hop_roots,if (recv_is_rawptr(r)) return;
9780,6356,17,6357,34,statement,logos::compiler::BorrowChecker::bc_hop_roots,path_ok = false;
6366300,6372,13,6387,10,if guard,logos::compiler::BorrowChecker::bc_hop_roots,if (k == Code::IndexRead || k == Code::SliceIndex) {
6366300,6372,17,6372,37,if guard,logos::compiler::BorrowChecker::bc_hop_roots,if (k == Code::IndexRead || k == Code::SliceIndex) {
6366300,6372,17,6372,62,if guard,logos::compiler::BorrowChecker::bc_hop_roots,if (k == Code::IndexRead || k == Code::SliceIndex) {
6364636,6372,41,6372,62,if guard,logos::compiler::BorrowChecker::bc_hop_roots,if (k == Code::IndexRead || k == Code::SliceIndex) {
18499,6372,64,6378,14,if guard,logos::compiler::BorrowChecker::bc_hop_roots,if (k == Code::IndexRead || k == Code::SliceIndex) {
18499,6373,26,6373,48,call / statement,logos::compiler::BorrowChecker::bc_hop_roots,auto r = (k == Code::IndexRead) ? EIndexReadView{cur}.receiver()
1664,6373,51,6373,81,call / statement,logos::compiler::BorrowChecker::bc_hop_roots,auto r = (k == Code::IndexRead) ? EIndexReadView{cur}.receiver()
16835,6374,51,6374,79,statement,logos::compiler::BorrowChecker::bc_hop_roots,: ESliceIndexView{cur}.slice();
18499,6375,21,6375,38,if guard,logos::compiler::BorrowChecker::bc_hop_roots,if (recv_is_rawptr(r)) return;
606,6375,40,6375,46,if guard,logos::compiler::BorrowChecker::bc_hop_roots,if (recv_is_rawptr(r)) return;
17893,6376,17,6377,34,statement,logos::compiler::BorrowChecker::bc_hop_roots,path_ok = false;
6347801,6379,13,6387,10,if guard,logos::compiler::BorrowChecker::bc_hop_roots,if (k == Code::Deref) {
6347801,6379,17,6379,33,if guard,logos::compiler::BorrowChecker::bc_hop_roots,if (k == Code::Deref) {
10322,6379,35,6385,14,if guard,logos::compiler::BorrowChecker::bc_hop_roots,if (k == Code::Deref) {
10322,6381,21,6381,23,if guard,logos::compiler::BorrowChecker::bc_hop_roots,if (op && op.type(pool) &&
10322,6381,21,6381,40,if guard,logos::compiler::BorrowChecker::bc_hop_roots,if (op && op.type(pool) &&
10322,6381,21,6382,65,if guard,logos::compiler::BorrowChecker::bc_hop_roots,if (op && op.type(pool) &&
10322,6381,27,6381,40,if guard,logos::compiler::BorrowChecker::bc_hop_roots,if (op && op.type(pool) &&
10322,6382,21,6382,65,call / statement,logos::compiler::BorrowChecker::bc_hop_roots,op.type(pool).kind() == LogosType::Kind::Ptr)
8755,6383,21,6383,27,early return,logos::compiler::BorrowChecker::bc_hop_roots,return;   // raw-pointer deref — unchecked (Rust parity)
1567,6384,17,6384,35,statement,logos::compiler::BorrowChecker::bc_hop_roots,cur = op; continue;
6337479,6386,13,6386,18,loop exit,logos::compiler::BorrowChecker::bc_hop_roots,break;
6337479,6388,9,6408,6,if guard,logos::compiler::BorrowChecker::bc_hop_roots,if (cur && cur.kind() == Code::VarRef) {
6337479,6388,13,6388,16,if guard,logos::compiler::BorrowChecker::bc_hop_roots,if (cur && cur.kind() == Code::VarRef) {
6337479,6388,13,6388,46,if guard,logos::compiler::BorrowChecker::bc_hop_roots,if (cur && cur.kind() == Code::VarRef) {
6337479,6388,20,6388,46,if guard,logos::compiler::BorrowChecker::bc_hop_roots,if (cur && cur.kind() == Code::VarRef) {
5318471,6388,48,6407,10,if guard,logos::compiler::BorrowChecker::bc_hop_roots,if (cur && cur.kind() == Code::VarRef) {
5318471,6390,28,6390,67,statement,logos::compiler::BorrowChecker::bc_hop_roots,"bool tracked = var_has(EVarRefView{cur}.var_slot(), n) || is_loan_holder(n);"
234,6390,71,6390,88,statement,logos::compiler::BorrowChecker::bc_hop_roots,"bool tracked = var_has(EVarRefView{cur}.var_slot(), n) || is_loan_holder(n);"
5318471,6391,17,6391,24,if guard,logos::compiler::BorrowChecker::bc_hop_roots,if (tracked) out.push_back(n);
5318298,6391,26,6391,42,if guard,logos::compiler::BorrowChecker::bc_hop_roots,if (tracked) out.push_back(n);
5327293,6395,50,6399,14,call / statement,logos::compiler::BorrowChecker::bc_hop_roots,auto add = [&](const std::string& c) {
5327293,6396,21,6396,30,if guard,logos::compiler::BorrowChecker::bc_hop_roots,if (c.empty() || c == n) return;
5327293,6396,21,6396,40,if guard,logos::compiler::BorrowChecker::bc_hop_roots,if (c.empty() || c == n) return;
5327293,6396,34,6396,40,if guard,logos::compiler::BorrowChecker::bc_hop_roots,if (c.empty() || c == n) return;
5318644,6396,42,6396,48,if guard,logos::compiler::BorrowChecker::bc_hop_roots,if (c.empty() || c == n) return;
8649,6397,17,6399,14,if guard,logos::compiler::BorrowChecker::bc_hop_roots,"if (!var_has(NO_SLOT, c) && !is_loan_holder(c)) return;"
8649,6397,21,6397,41,if guard,logos::compiler::BorrowChecker::bc_hop_roots,"if (!var_has(NO_SLOT, c) && !is_loan_holder(c)) return;"
8649,6397,21,6397,63,if guard,logos::compiler::BorrowChecker::bc_hop_roots,"if (!var_has(NO_SLOT, c) && !is_loan_holder(c)) return;"
198,6397,45,6397,63,if guard,logos::compiler::BorrowChecker::bc_hop_roots,"if (!var_has(NO_SLOT, c) && !is_loan_holder(c)) return;"
198,6397,65,6397,71,if guard,logos::compiler::BorrowChecker::bc_hop_roots,"if (!var_has(NO_SLOT, c) && !is_loan_holder(c)) return;"
8451,6398,17,6399,14,if guard,logos::compiler::BorrowChecker::bc_hop_roots,"if (std::find(out.begin(), out.end(), c) == out.end()) out.push_back(c);"
8451,6398,21,6398,70,if guard,logos::compiler::BorrowChecker::bc_hop_roots,"if (std::find(out.begin(), out.end(), c) == out.end()) out.push_back(c);"
8370,6398,72,6398,88,if guard,logos::compiler::BorrowChecker::bc_hop_roots,"if (std::find(out.begin(), out.end(), c) == out.end()) out.push_back(c);"
5327293,6400,35,6406,14,loop body,logos::compiler::BorrowChecker::bc_hop_roots,for (auto& m : nodes) {
5327293,6404,21,6404,40,if guard,logos::compiler::BorrowChecker::bc_hop_roots,"if (var_has(NO_SLOT, m) || is_loan_holder(m)) add(m);"
5327293,6404,21,6404,61,if guard,logos::compiler::BorrowChecker::bc_hop_roots,"if (var_has(NO_SLOT, m) || is_loan_holder(m)) add(m);"
834,6404,44,6404,61,if guard,logos::compiler::BorrowChecker::bc_hop_roots,"if (var_has(NO_SLOT, m) || is_loan_holder(m)) add(m);"
5326520,6404,63,6404,69,if guard,logos::compiler::BorrowChecker::bc_hop_roots,"if (var_has(NO_SLOT, m) || is_loan_holder(m)) add(m);"
773,6405,63,6405,85,else branch,logos::compiler::BorrowChecker::bc_hop_roots,else                                          add(ref_place_root(m));
5111,6424,61,6456,6,statement,logos::compiler::BorrowChecker::carried_prov_of_recv,RefProv carried_prov_of_recv(lir_view::ExprRef r) const {
5111,6427,13,6427,15,if guard,logos::compiler::BorrowChecker::carried_prov_of_recv,if (!r) return {};
0,6427,17,6427,26,if guard,logos::compiler::BorrowChecker::carried_prov_of_recv,if (!r) return {};
5111,6428,9,6456,6,if guard,logos::compiler::BorrowChecker::carried_prov_of_recv,if (r.kind() == Code::AddrOf) {
5111,6428,13,6428,37,if guard,logos::compiler::BorrowChecker::carried_prov_of_recv,if (r.kind() == Code::AddrOf) {
0,6428,39,6433,10,if guard,logos::compiler::BorrowChecker::carried_prov_of_recv,if (r.kind() == Code::AddrOf) {
0,6430,17,6430,39,if guard,logos::compiler::BorrowChecker::carried_prov_of_recv,"if (param_names_.count(nm)) return {{nm}, false};"
0,6430,41,6430,61,if guard,logos::compiler::BorrowChecker::carried_prov_of_recv,"if (param_names_.count(nm)) return {{nm}, false};"
0,6431,13,6432,62,statement,logos::compiler::BorrowChecker::carried_prov_of_recv,auto it = prov_.find(nm);
0,6432,20,6432,37,early return,logos::compiler::BorrowChecker::carried_prov_of_recv,return it != prov_.end() ? it->second : RefProv{};
0,6432,40,6432,50,early return,logos::compiler::BorrowChecker::carried_prov_of_recv,return it != prov_.end() ? it->second : RefProv{};
0,6432,53,6432,62,early return,logos::compiler::BorrowChecker::carried_prov_of_recv,return it != prov_.end() ? it->second : RefProv{};
5111,6434,9,6456,6,if guard,logos::compiler::BorrowChecker::carried_prov_of_recv,if (r.kind() == Code::AddrOfTemp)
5111,6434,13,6434,41,if guard,logos::compiler::BorrowChecker::carried_prov_of_recv,if (r.kind() == Code::AddrOfTemp)
1067,6435,13,6435,68,early return,logos::compiler::BorrowChecker::carried_prov_of_recv,return carried_prov_of_recv(EAddrOfTempView{r}.inner());
4044,6436,9,6456,6,if guard,logos::compiler::BorrowChecker::carried_prov_of_recv,if (r.kind() == Code::VarRef) {
4044,6436,13,6436,37,if guard,logos::compiler::BorrowChecker::carried_prov_of_recv,if (r.kind() == Code::VarRef) {
3273,6436,39,6451,10,if guard,logos::compiler::BorrowChecker::carried_prov_of_recv,if (r.kind() == Code::VarRef) {
3273,6446,17,6446,39,if guard,logos::compiler::BorrowChecker::carried_prov_of_recv,if (param_names_.count(nm))
2417,6447,17,6448,84,early return,logos::compiler::BorrowChecker::carried_prov_of_recv,"return outliving_params_.count(nm) ? RefProv{{nm}, false}"
2417,6447,24,6447,51,early return,logos::compiler::BorrowChecker::carried_prov_of_recv,"return outliving_params_.count(nm) ? RefProv{{nm}, false}"
2417,6447,54,6447,74,early return,logos::compiler::BorrowChecker::carried_prov_of_recv,"return outliving_params_.count(nm) ? RefProv{{nm}, false}"
0,6448,54,6448,84,statement,logos::compiler::BorrowChecker::carried_prov_of_recv,": RefProv{{}, /*is_local=*/true};"
856,6449,13,6450,62,statement,logos::compiler::BorrowChecker::carried_prov_of_recv,auto it = prov_.find(nm);
856,6450,20,6450,37,early return,logos::compiler::BorrowChecker::carried_prov_of_recv,return it != prov_.end() ? it->second : RefProv{};
368,6450,40,6450,50,early return,logos::compiler::BorrowChecker::carried_prov_of_recv,return it != prov_.end() ? it->second : RefProv{};
488,6450,53,6450,62,early return,logos::compiler::BorrowChecker::carried_prov_of_recv,return it != prov_.end() ? it->second : RefProv{};
771,6452,9,6455,17,statement,logos::compiler::BorrowChecker::carried_prov_of_recv,RefProv p = prov_of(r);
771,6453,13,6453,24,if guard,logos::compiler::BorrowChecker::carried_prov_of_recv,if (!p.is_local && !p.is_temp && p.params.empty())
771,6453,13,6453,38,if guard,logos::compiler::BorrowChecker::carried_prov_of_recv,if (!p.is_local && !p.is_temp && p.params.empty())
771,6453,13,6453,58,if guard,logos::compiler::BorrowChecker::carried_prov_of_recv,if (!p.is_local && !p.is_temp && p.params.empty())
765,6453,28,6453,38,if guard,logos::compiler::BorrowChecker::carried_prov_of_recv,if (!p.is_local && !p.is_temp && p.params.empty())
765,6453,42,6453,58,if guard,logos::compiler::BorrowChecker::carried_prov_of_recv,if (!p.is_local && !p.is_temp && p.params.empty())
19,6454,13,6454,36,statement,logos::compiler::BorrowChecker::carried_prov_of_recv,p = prov_of_retained(r);
5723922,6458,48,7144,6,statement,logos::compiler::BorrowChecker::prov_of,RefProv prov_of(lir_view::ExprRef e) const {
5723922,6459,13,6459,15,if guard,logos::compiler::BorrowChecker::prov_of,if (!e) return {};
201,6459,17,6459,26,if guard,logos::compiler::BorrowChecker::prov_of,if (!e) return {};
5723721,6460,9,7144,6,statement,logos::compiler::BorrowChecker::prov_of,using namespace lir_view;
3009035,6465,13,7142,26,switch arm,logos::compiler::BorrowChecker::prov_of,case Code::VarRef: {
3009035,6468,21,6468,45,if guard,logos::compiler::BorrowChecker::prov_of,if (param_names_.count(name) && is_ref_kind(e.type(pool)))
3009035,6468,21,6468,74,if guard,logos::compiler::BorrowChecker::prov_of,if (param_names_.count(name) && is_ref_kind(e.type(pool)))
772590,6468,49,6468,74,if guard,logos::compiler::BorrowChecker::prov_of,if (param_names_.count(name) && is_ref_kind(e.type(pool)))
407675,6469,21,6469,43,early return,logos::compiler::BorrowChecker::prov_of,"return {{name}, false};"
2601360,6470,17,7142,26,statement,logos::compiler::BorrowChecker::prov_of,auto it = prov_.find(name);
2601360,6471,21,6471,38,if guard,logos::compiler::BorrowChecker::prov_of,if (it != prov_.end()) return it->second;
108467,6471,40,6471,57,if guard,logos::compiler::BorrowChecker::prov_of,if (it != prov_.end()) return it->second;
2492893,6472,17,6472,26,early return,logos::compiler::BorrowChecker::prov_of,return {};
7912,6474,13,7142,26,switch arm,logos::compiler::BorrowChecker::prov_of,case Code::AddrOf: {
7912,6477,21,6477,52,if guard,logos::compiler::BorrowChecker::prov_of,if (is_materialized_temp_name(name))
0,6478,21,6478,70,early return,logos::compiler::BorrowChecker::prov_of,"return {{}, /*is_local=*/false, /*is_temp=*/true};"
7912,6484,17,7142,26,if guard,logos::compiler::BorrowChecker::prov_of,if (param_names_.count(name))
7912,6484,21,6484,45,if guard,logos::compiler::BorrowChecker::prov_of,if (param_names_.count(name))
19,6485,21,6487,62,early return,logos::compiler::BorrowChecker::prov_of,return outliving_params_.count(name)
19,6485,28,6485,57,early return,logos::compiler::BorrowChecker::prov_of,return outliving_params_.count(name)
6,6486,32,6486,54,statement,logos::compiler::BorrowChecker::prov_of,"? RefProv{{name}, false}"
13,6487,32,6487,62,statement,logos::compiler::BorrowChecker::prov_of,": RefProv{{}, /*is_local=*/true};"
7893,6488,17,7142,26,if guard,logos::compiler::BorrowChecker::prov_of,"if (var_has(NO_SLOT, name))      return {{},     true};"
7893,6488,21,6488,43,if guard,logos::compiler::BorrowChecker::prov_of,"if (var_has(NO_SLOT, name))      return {{},     true};"
7883,6488,50,6488,71,if guard,logos::compiler::BorrowChecker::prov_of,"if (var_has(NO_SLOT, name))      return {{},     true};"
10,6496,17,7142,26,if guard,logos::compiler::BorrowChecker::prov_of,if (ts_.frame_consts.count(name))
10,6496,21,6496,49,if guard,logos::compiler::BorrowChecker::prov_of,if (ts_.frame_consts.count(name))
4,6497,21,6497,51,early return,logos::compiler::BorrowChecker::prov_of,"return {{}, /*is_local=*/true};"
6,6498,17,6498,26,early return,logos::compiler::BorrowChecker::prov_of,return {};
290348,6500,13,7142,26,switch arm,logos::compiler::BorrowChecker::prov_of,case Code::AddrOfTemp: {
290348,6515,21,6515,63,if guard,logos::compiler::BorrowChecker::prov_of,"if (const_promote::is_promoted_borrow(e, pool)) return {};"
43,6515,65,6515,74,if guard,logos::compiler::BorrowChecker::prov_of,"if (const_promote::is_promoted_borrow(e, pool)) return {};"
290305,6522,17,7142,26,statement,logos::compiler::BorrowChecker::prov_of,EAddrOfTempView v{e};
290305,6529,21,6529,23,statement,logos::compiler::BorrowChecker::prov_of,in && in.kind() == Code::VarRef &&
290305,6529,21,6529,52,statement,logos::compiler::BorrowChecker::prov_of,in && in.kind() == Code::VarRef &&
290305,6529,21,6530,70,statement,logos::compiler::BorrowChecker::prov_of,in && in.kind() == Code::VarRef &&
290305,6529,27,6529,52,statement,logos::compiler::BorrowChecker::prov_of,in && in.kind() == Code::VarRef &&
1285,6530,21,6530,70,call / statement,logos::compiler::BorrowChecker::prov_of,is_materialized_temp_name(EVarRefView{in}.name()))
5,6531,21,6531,70,early return,logos::compiler::BorrowChecker::prov_of,"return {{}, /*is_local=*/false, /*is_temp=*/true};"
290300,6532,17,7142,26,statement,logos::compiler::BorrowChecker::prov_of,auto inner_prov = prov_of(v.inner());
290300,6533,21,6533,47,if guard,logos::compiler::BorrowChecker::prov_of,if (!inner_prov.params.empty() || inner_prov.is_local ||
290300,6533,21,6533,70,if guard,logos::compiler::BorrowChecker::prov_of,if (!inner_prov.params.empty() || inner_prov.is_local ||
290300,6533,21,6534,39,if guard,logos::compiler::BorrowChecker::prov_of,if (!inner_prov.params.empty() || inner_prov.is_local ||
14955,6533,51,6533,70,if guard,logos::compiler::BorrowChecker::prov_of,if (!inner_prov.params.empty() || inner_prov.is_local ||
12633,6534,21,6534,39,call / statement,logos::compiler::BorrowChecker::prov_of,inner_prov.is_temp)
277667,6535,21,6535,38,early return,logos::compiler::BorrowChecker::prov_of,return inner_prov;
12633,6542,17,7142,26,if guard,logos::compiler::BorrowChecker::prov_of,if (is_temporary_value_expr(v.inner()))
12633,6542,21,6542,55,if guard,logos::compiler::BorrowChecker::prov_of,if (is_temporary_value_expr(v.inner()))
22,6543,21,6543,70,early return,logos::compiler::BorrowChecker::prov_of,"return {{}, /*is_local=*/true, /*is_temp=*/false};"
12611,6547,17,7142,26,statement,logos::compiler::BorrowChecker::prov_of,bool temp_root = false;
12611,6548,21,6548,67,if guard,logos::compiler::BorrowChecker::prov_of,"if (!value_local_root(e, pool, &temp_root).empty() || temp_root)"
12611,6548,21,6548,80,if guard,logos::compiler::BorrowChecker::prov_of,"if (!value_local_root(e, pool, &temp_root).empty() || temp_root)"
11399,6548,71,6548,80,if guard,logos::compiler::BorrowChecker::prov_of,"if (!value_local_root(e, pool, &temp_root).empty() || temp_root)"
1215,6549,21,6549,70,early return,logos::compiler::BorrowChecker::prov_of,"return {{}, /*is_local=*/true, /*is_temp=*/false};"
11396,6550,17,6550,26,early return,logos::compiler::BorrowChecker::prov_of,return {};  // unknown — conservative-accept
10081,6552,13,7142,26,switch arm,logos::compiler::BorrowChecker::prov_of,case Code::FieldRead: {
10081,6557,21,6557,22,if guard,logos::compiler::BorrowChecker::prov_of,if (r && r.type(pool) && r.type(pool).kind() == LogosType::Kind::Ptr)
10081,6557,21,6557,38,if guard,logos::compiler::BorrowChecker::prov_of,if (r && r.type(pool) && r.type(pool).kind() == LogosType::Kind::Ptr)
10081,6557,21,6557,85,if guard,logos::compiler::BorrowChecker::prov_of,if (r && r.type(pool) && r.type(pool).kind() == LogosType::Kind::Ptr)
10081,6557,26,6557,38,if guard,logos::compiler::BorrowChecker::prov_of,if (r && r.type(pool) && r.type(pool).kind() == LogosType::Kind::Ptr)
10081,6557,42,6557,85,if guard,logos::compiler::BorrowChecker::prov_of,if (r && r.type(pool) && r.type(pool).kind() == LogosType::Kind::Ptr)
686,6558,21,6558,30,early return,logos::compiler::BorrowChecker::prov_of,return {};
9395,6559,17,6559,34,early return,logos::compiler::BorrowChecker::prov_of,return prov_of(r);
268027,6561,13,7142,26,switch arm,logos::compiler::BorrowChecker::prov_of,case Code::Deref: {
268027,6570,21,6570,23,if guard,logos::compiler::BorrowChecker::prov_of,if (op && op.type(pool) && op.type(pool).kind() == LogosType::Kind::Ptr)
268027,6570,21,6570,40,if guard,logos::compiler::BorrowChecker::prov_of,if (op && op.type(pool) && op.type(pool).kind() == LogosType::Kind::Ptr)
268027,6570,21,6570,88,if guard,logos::compiler::BorrowChecker::prov_of,if (op && op.type(pool) && op.type(pool).kind() == LogosType::Kind::Ptr)
268027,6570,27,6570,40,if guard,logos::compiler::BorrowChecker::prov_of,if (op && op.type(pool) && op.type(pool).kind() == LogosType::Kind::Ptr)
268027,6570,44,6570,88,if guard,logos::compiler::BorrowChecker::prov_of,if (op && op.type(pool) && op.type(pool).kind() == LogosType::Kind::Ptr)
5165,6571,21,6571,30,early return,logos::compiler::BorrowChecker::prov_of,return {};
262862,6572,17,6572,35,early return,logos::compiler::BorrowChecker::prov_of,return prov_of(op);
7744,6574,13,6575,62,switch arm,logos::compiler::BorrowChecker::prov_of,case Code::TupleIndex:
2482,6576,13,6577,55,switch arm,logos::compiler::BorrowChecker::prov_of,case Code::Cast:
3810,6578,13,6579,61,switch arm,logos::compiler::BorrowChecker::prov_of,case Code::IndexRead:
347,6594,13,6595,56,switch arm,logos::compiler::BorrowChecker::prov_of,case Code::SliceLit:
0,6596,13,6597,57,switch arm,logos::compiler::BorrowChecker::prov_of,case Code::SlicePtr:
16850,6610,13,6611,59,switch arm,logos::compiler::BorrowChecker::prov_of,case Code::SliceIndex:
280,6612,13,6614,80,switch arm,logos::compiler::BorrowChecker::prov_of,case Code::IfExpr: {
13187,6616,13,6617,59,switch arm,logos::compiler::BorrowChecker::prov_of,case Code::BlockExpr:
255,6618,13,6623,30,switch arm,logos::compiler::BorrowChecker::prov_of,case Code::MatchExpr: {
511,6620,66,6622,18,call / statement,logos::compiler::BorrowChecker::prov_of,EMatchExprView{e}.each_arm([&](EMatchArmRef arm) {
11,6625,13,7142,26,switch arm,logos::compiler::BorrowChecker::prov_of,case Code::ClosureCall:
263034,6626,13,7142,26,switch arm,logos::compiler::BorrowChecker::prov_of,case Code::FnPtrCall: {   // H4 — see note_closure_caps
263034,6628,21,6628,37,if guard,logos::compiler::BorrowChecker::prov_of,if (!is_ref_kind(rt) && !is_borrow_carrying_type(rt)) return {};
263034,6628,21,6628,69,if guard,logos::compiler::BorrowChecker::prov_of,if (!is_ref_kind(rt) && !is_borrow_carrying_type(rt)) return {};
201002,6628,41,6628,69,if guard,logos::compiler::BorrowChecker::prov_of,if (!is_ref_kind(rt) && !is_borrow_carrying_type(rt)) return {};
200035,6628,71,6628,80,if guard,logos::compiler::BorrowChecker::prov_of,if (!is_ref_kind(rt) && !is_borrow_carrying_type(rt)) return {};
62999,6629,17,7142,26,statement,logos::compiler::BorrowChecker::prov_of,const std::vector<std::string>* caps = closure_caps_of(call_callee(e));
62999,6634,21,6634,26,if guard,logos::compiler::BorrowChecker::prov_of,if (!caps && e.kind() == Code::FnPtrCall) {
62999,6634,21,6634,57,if guard,logos::compiler::BorrowChecker::prov_of,if (!caps && e.kind() == Code::FnPtrCall) {
62989,6634,30,6634,57,if guard,logos::compiler::BorrowChecker::prov_of,if (!caps && e.kind() == Code::FnPtrCall) {
62988,6634,59,6654,18,if guard,logos::compiler::BorrowChecker::prov_of,if (!caps && e.kind() == Code::FnPtrCall) {
62988,6637,44,6637,46,if guard,logos::compiler::BorrowChecker::prov_of,if (const FlowSummary* fs = flow_of_fnptr(fv.callee())) {
11,6637,77,6645,22,if guard,logos::compiler::BorrowChecker::prov_of,if (const FlowSummary* fs = flow_of_fnptr(fv.callee())) {
13,6639,52,6643,26,call / statement,logos::compiler::BorrowChecker::prov_of,fv.each_arg([&](ExprRef a) {
13,6640,33,6640,34,if guard,logos::compiler::BorrowChecker::prov_of,if (a && i < fs->nparams && (fs->to_result & (1ull << i)))
13,6640,33,6640,53,if guard,logos::compiler::BorrowChecker::prov_of,if (a && i < fs->nparams && (fs->to_result & (1ull << i)))
13,6640,33,6640,86,if guard,logos::compiler::BorrowChecker::prov_of,if (a && i < fs->nparams && (fs->to_result & (1ull << i)))
13,6640,38,6640,53,if guard,logos::compiler::BorrowChecker::prov_of,if (a && i < fs->nparams && (fs->to_result & (1ull << i)))
13,6640,57,6640,86,if guard,logos::compiler::BorrowChecker::prov_of,if (a && i < fs->nparams && (fs->to_result & (1ull << i)))
9,6641,33,6641,72,statement,logos::compiler::BorrowChecker::prov_of,"merged = merge_prov(merged, prov_of(a));"
62977,6646,21,6653,34,call / statement,logos::compiler::BorrowChecker::prov_of,fv.each_arg([&](ExprRef a) {
143,6646,48,6652,22,call / statement,logos::compiler::BorrowChecker::prov_of,fv.each_arg([&](ExprRef a) {
143,6647,29,6647,31,if guard,logos::compiler::BorrowChecker::prov_of,if (!a) return;
0,6647,33,6647,39,if guard,logos::compiler::BorrowChecker::prov_of,if (!a) return;
143,6648,25,6652,22,statement,logos::compiler::BorrowChecker::prov_of,TypeRef at = a.type(pool);
143,6649,29,6649,50,if guard,logos::compiler::BorrowChecker::prov_of,if (is_plain_ref_kind(at) ||
143,6649,29,6650,78,if guard,logos::compiler::BorrowChecker::prov_of,if (is_plain_ref_kind(at) ||
127,6650,29,6650,78,statement,logos::compiler::BorrowChecker::prov_of,(!is_ref_kind(at) && is_borrow_carrying_type(at)))
127,6650,30,6650,46,statement,logos::compiler::BorrowChecker::prov_of,(!is_ref_kind(at) && is_borrow_carrying_type(at)))
122,6650,50,6650,77,statement,logos::compiler::BorrowChecker::prov_of,(!is_ref_kind(at) && is_borrow_carrying_type(at)))
16,6651,29,6651,68,statement,logos::compiler::BorrowChecker::prov_of,"merged = merge_prov(merged, prov_of(a));"
11,6655,17,7142,26,if guard,logos::compiler::BorrowChecker::prov_of,if (!caps) return {};
11,6655,21,6655,26,if guard,logos::compiler::BorrowChecker::prov_of,if (!caps) return {};
1,6655,28,6655,37,if guard,logos::compiler::BorrowChecker::prov_of,if (!caps) return {};
10,6656,17,6670,30,statement,logos::compiler::BorrowChecker::prov_of,RefProv merged = {};
10,6657,41,6669,18,loop body,logos::compiler::BorrowChecker::prov_of,for (auto& cap : *caps) {
10,6658,52,6658,69,if guard,logos::compiler::BorrowChecker::prov_of,if (auto it = prov_.find(cap); it != prov_.end()) {
0,6658,71,6661,22,if guard,logos::compiler::BorrowChecker::prov_of,if (auto it = prov_.find(cap); it != prov_.end()) {
10,6667,21,6669,18,if guard,logos::compiler::BorrowChecker::prov_of,"if (var_has(NO_SLOT, cap) && !param_names_.count(cap))"
10,6667,25,6667,46,if guard,logos::compiler::BorrowChecker::prov_of,"if (var_has(NO_SLOT, cap) && !param_names_.count(cap))"
10,6667,25,6667,74,if guard,logos::compiler::BorrowChecker::prov_of,"if (var_has(NO_SLOT, cap) && !param_names_.count(cap))"
10,6667,50,6667,74,if guard,logos::compiler::BorrowChecker::prov_of,"if (var_has(NO_SLOT, cap) && !param_names_.count(cap))"
10,6668,25,6668,47,statement,logos::compiler::BorrowChecker::prov_of,merged.is_local = true;
25406,6672,13,7142,26,switch arm,logos::compiler::BorrowChecker::prov_of,case Code::MethodCall: {
25406,6725,34,6725,40,statement,logos::compiler::BorrowChecker::prov_of,bool fat   = !plain && is_ref_kind(m_rt);
20916,6725,44,6725,61,statement,logos::compiler::BorrowChecker::prov_of,bool fat   = !plain && is_ref_kind(m_rt);
25406,6726,25,6726,31,if guard,logos::compiler::BorrowChecker::prov_of,if (!plain && !fat && !m_bc) return {};
25406,6726,25,6726,39,if guard,logos::compiler::BorrowChecker::prov_of,if (!plain && !fat && !m_bc) return {};
25406,6726,25,6726,48,if guard,logos::compiler::BorrowChecker::prov_of,if (!plain && !fat && !m_bc) return {};
20916,6726,35,6726,39,if guard,logos::compiler::BorrowChecker::prov_of,if (!plain && !fat && !m_bc) return {};
18349,6726,43,6726,48,if guard,logos::compiler::BorrowChecker::prov_of,if (!plain && !fat && !m_bc) return {};
12557,6726,50,6726,59,if guard,logos::compiler::BorrowChecker::prov_of,if (!plain && !fat && !m_bc) return {};
12849,6727,21,7142,26,statement,logos::compiler::BorrowChecker::prov_of,m_fat_gate_shut = fat && !m_bc && !result_borrows_self(v);
12849,6727,39,6727,42,statement,logos::compiler::BorrowChecker::prov_of,m_fat_gate_shut = fat && !m_bc && !result_borrows_self(v);
12849,6727,39,6727,51,statement,logos::compiler::BorrowChecker::prov_of,m_fat_gate_shut = fat && !m_bc && !result_borrows_self(v);
2567,6727,46,6727,51,statement,logos::compiler::BorrowChecker::prov_of,m_fat_gate_shut = fat && !m_bc && !result_borrows_self(v);
2566,6727,55,6727,78,statement,logos::compiler::BorrowChecker::prov_of,m_fat_gate_shut = fat && !m_bc && !result_borrows_self(v);
12849,6757,21,6757,36,if guard,logos::compiler::BorrowChecker::prov_of,if (m_fat_gate_shut && (!fs || fs->over_approx)) return {};
12849,6757,21,6757,64,if guard,logos::compiler::BorrowChecker::prov_of,if (m_fat_gate_shut && (!fs || fs->over_approx)) return {};
222,6757,40,6757,64,if guard,logos::compiler::BorrowChecker::prov_of,if (m_fat_gate_shut && (!fs || fs->over_approx)) return {};
222,6757,41,6757,44,if guard,logos::compiler::BorrowChecker::prov_of,if (m_fat_gate_shut && (!fs || fs->over_approx)) return {};
75,6757,48,6757,63,if guard,logos::compiler::BorrowChecker::prov_of,if (m_fat_gate_shut && (!fs || fs->over_approx)) return {};
149,6757,66,6757,75,if guard,logos::compiler::BorrowChecker::prov_of,if (m_fat_gate_shut && (!fs || fs->over_approx)) return {};
12700,6758,17,6839,26,statement,logos::compiler::BorrowChecker::prov_of,RefProv rp = {};
12700,6760,21,6760,23,if guard,logos::compiler::BorrowChecker::prov_of,if (fs) {
11234,6760,25,6768,18,if guard,logos::compiler::BorrowChecker::prov_of,if (fs) {
5898,6764,46,6764,67,statement,logos::compiler::BorrowChecker::prov_of,v.each_arg([&](ExprRef a){ ops.push_back(a); });
28366,6765,40,6765,54,loop body,logos::compiler::BorrowChecker::prov_of,for (size_t i = 0; i < ops.size() && i < fs->nparams; ++i)
28366,6765,40,6765,73,loop body,logos::compiler::BorrowChecker::prov_of,for (size_t i = 0; i < ops.size() && i < fs->nparams; ++i)
17132,6765,58,6765,73,loop body,logos::compiler::BorrowChecker::prov_of,for (size_t i = 0; i < ops.size() && i < fs->nparams; ++i)
17132,6765,75,6765,78,loop body,logos::compiler::BorrowChecker::prov_of,for (size_t i = 0; i < ops.size() && i < fs->nparams; ++i)
17132,6766,25,6767,65,if guard,logos::compiler::BorrowChecker::prov_of,if (fs->to_result & (1ull << i))
17132,6766,29,6766,56,if guard,logos::compiler::BorrowChecker::prov_of,if (fs->to_result & (1ull << i))
6394,6767,29,6767,65,statement,logos::compiler::BorrowChecker::prov_of,"rp = merge_prov(rp, prov_of(ops[i]));"
1466,6768,24,6779,18,else branch,logos::compiler::BorrowChecker::prov_of,} else {
1099,6773,47,6778,22,call / statement,logos::compiler::BorrowChecker::prov_of,v.each_arg([&](ExprRef a) {
1099,6774,29,6774,31,if guard,logos::compiler::BorrowChecker::prov_of,if (!a) return;
0,6774,33,6774,39,if guard,logos::compiler::BorrowChecker::prov_of,if (!a) return;
1099,6775,25,6778,22,statement,logos::compiler::BorrowChecker::prov_of,TypeRef at = a.type(pool);
1099,6776,29,6776,45,if guard,logos::compiler::BorrowChecker::prov_of,if (!is_ref_kind(at) && is_borrow_carrying_type(at))
1099,6776,29,6776,76,if guard,logos::compiler::BorrowChecker::prov_of,if (!is_ref_kind(at) && is_borrow_carrying_type(at))
804,6776,49,6776,76,if guard,logos::compiler::BorrowChecker::prov_of,if (!is_ref_kind(at) && is_borrow_carrying_type(at))
203,6777,29,6777,60,statement,logos::compiler::BorrowChecker::prov_of,"rp = merge_prov(rp, prov_of(a));"
12700,6786,21,6786,37,if guard,logos::compiler::BorrowChecker::prov_of,if (recv_contributes && is_temporary_value_expr(v.receiver()) &&
12700,6786,21,6786,78,if guard,logos::compiler::BorrowChecker::prov_of,if (recv_contributes && is_temporary_value_expr(v.receiver()) &&
12700,6786,21,6787,45,if guard,logos::compiler::BorrowChecker::prov_of,if (recv_contributes && is_temporary_value_expr(v.receiver()) &&
7705,6786,41,6786,78,if guard,logos::compiler::BorrowChecker::prov_of,if (recv_contributes && is_temporary_value_expr(v.receiver()) &&
35,6787,21,6787,45,call / statement,logos::compiler::BorrowChecker::prov_of,method_self_kind(v) != 0)
0,6788,21,6788,38,statement,logos::compiler::BorrowChecker::prov_of,rp.is_temp = true;
12700,6794,21,6794,37,if guard,logos::compiler::BorrowChecker::prov_of,if (recv_contributes && rp.params.empty() && !rp.is_local &&
12700,6794,21,6794,58,if guard,logos::compiler::BorrowChecker::prov_of,if (recv_contributes && rp.params.empty() && !rp.is_local &&
12700,6794,21,6794,74,if guard,logos::compiler::BorrowChecker::prov_of,if (recv_contributes && rp.params.empty() && !rp.is_local &&
12700,6794,21,6795,32,if guard,logos::compiler::BorrowChecker::prov_of,if (recv_contributes && rp.params.empty() && !rp.is_local &&
12700,6794,21,6796,66,if guard,logos::compiler::BorrowChecker::prov_of,if (recv_contributes && rp.params.empty() && !rp.is_local &&
7705,6794,41,6794,58,if guard,logos::compiler::BorrowChecker::prov_of,if (recv_contributes && rp.params.empty() && !rp.is_local &&
4948,6794,62,6794,74,if guard,logos::compiler::BorrowChecker::prov_of,if (recv_contributes && rp.params.empty() && !rp.is_local &&
3924,6795,21,6795,32,statement,logos::compiler::BorrowChecker::prov_of,!rp.is_temp &&
3921,6796,21,6796,66,statement,logos::compiler::BorrowChecker::prov_of,"!value_local_root(v.receiver(), pool).empty())"
1607,6797,21,6797,39,statement,logos::compiler::BorrowChecker::prov_of,rp.is_local = true;
12700,6824,21,6824,38,if guard,logos::compiler::BorrowChecker::prov_of,if (!recv_contributes && !rp.is_local && !rp.is_temp) {
12700,6824,21,6824,54,if guard,logos::compiler::BorrowChecker::prov_of,if (!recv_contributes && !rp.is_local && !rp.is_temp) {
12700,6824,21,6824,69,if guard,logos::compiler::BorrowChecker::prov_of,if (!recv_contributes && !rp.is_local && !rp.is_temp) {
4995,6824,42,6824,54,if guard,logos::compiler::BorrowChecker::prov_of,if (!recv_contributes && !rp.is_local && !rp.is_temp) {
4969,6824,58,6824,69,if guard,logos::compiler::BorrowChecker::prov_of,if (!recv_contributes && !rp.is_local && !rp.is_temp) {
4969,6824,71,6838,18,if guard,logos::compiler::BorrowChecker::prov_of,if (!recv_contributes && !rp.is_local && !rp.is_temp) {
4969,6826,25,6826,28,if guard,logos::compiler::BorrowChecker::prov_of,if (rvt && type_may_carry_borrow(rvt) &&
4969,6826,25,6826,58,if guard,logos::compiler::BorrowChecker::prov_of,if (rvt && type_may_carry_borrow(rvt) &&
4969,6826,25,6827,70,if guard,logos::compiler::BorrowChecker::prov_of,if (rvt && type_may_carry_borrow(rvt) &&
4969,6826,32,6826,58,if guard,logos::compiler::BorrowChecker::prov_of,if (rvt && type_may_carry_borrow(rvt) &&
4044,6827,25,6827,70,statement,logos::compiler::BorrowChecker::prov_of,"!residency_exemption_holds(rvt, v.receiver())) {"
4044,6827,72,6837,22,statement,logos::compiler::BorrowChecker::prov_of,"!residency_exemption_holds(rvt, v.receiver())) {"
4044,6829,29,6829,40,if guard,logos::compiler::BorrowChecker::prov_of,if (cp.is_local || cp.is_temp) {
4044,6829,29,6829,54,if guard,logos::compiler::BorrowChecker::prov_of,if (cp.is_local || cp.is_temp) {
4028,6829,44,6829,54,if guard,logos::compiler::BorrowChecker::prov_of,if (cp.is_local || cp.is_temp) {
16,6829,56,6836,26,if guard,logos::compiler::BorrowChecker::prov_of,if (cp.is_local || cp.is_temp) {
16,6830,33,6830,62,if guard,logos::compiler::BorrowChecker::prov_of,"if (std::getenv(""LOGOS_86_TRACE""))"
0,6831,33,6833,57,statement,logos::compiler::BorrowChecker::prov_of,"fprintf(stderr, ""[#86trace-carry] fn=%s loc=%d tmp=%d\n"","
0,6831,41,6831,41,statement,logos::compiler::BorrowChecker::prov_of,"fprintf(stderr, ""[#86trace-carry] fn=%s loc=%d tmp=%d\n"","
16,6834,43,6834,54,statement,logos::compiler::BorrowChecker::prov_of,rp.is_local = rp.is_local || cp.is_local;
16,6834,58,6834,69,statement,logos::compiler::BorrowChecker::prov_of,rp.is_local = rp.is_local || cp.is_local;
16,6835,43,6835,53,statement,logos::compiler::BorrowChecker::prov_of,rp.is_temp  = rp.is_temp  || cp.is_temp;
16,6835,58,6835,68,statement,logos::compiler::BorrowChecker::prov_of,rp.is_temp  = rp.is_temp  || cp.is_temp;
292063,6841,13,7142,26,switch arm,logos::compiler::BorrowChecker::prov_of,case Code::Call: {
292063,6893,21,6893,31,if guard,logos::compiler::BorrowChecker::prov_of,if (!bc_result && !type_may_carry_borrow(e.type(pool))) return {};
292063,6893,21,6893,71,if guard,logos::compiler::BorrowChecker::prov_of,if (!bc_result && !type_may_carry_borrow(e.type(pool))) return {};
282597,6893,35,6893,71,if guard,logos::compiler::BorrowChecker::prov_of,if (!bc_result && !type_may_carry_borrow(e.type(pool))) return {};
2801,6893,73,6893,82,if guard,logos::compiler::BorrowChecker::prov_of,if (!bc_result && !type_may_carry_borrow(e.type(pool))) return {};
289262,6894,17,7142,26,statement,logos::compiler::BorrowChecker::prov_of,RefProv merged = {};
570663,6952,48,6957,22,call / statement,logos::compiler::BorrowChecker::prov_of,cv.each_arg([&](ExprRef a) {
570663,6954,39,6954,40,statement,logos::compiler::BorrowChecker::prov_of,TypeRef at0 = a ? a.type(pool) : TypeRef(nullptr);
570663,6954,43,6954,55,statement,logos::compiler::BorrowChecker::prov_of,TypeRef at0 = a ? a.type(pool) : TypeRef(nullptr);
0,6954,58,6954,74,statement,logos::compiler::BorrowChecker::prov_of,TypeRef at0 = a ? a.type(pool) : TypeRef(nullptr);
570663,6955,29,6955,32,if guard,logos::compiler::BorrowChecker::prov_of,if (at0 && at0.kind() != LogosType::Kind::Ptr &&
570663,6955,29,6955,70,if guard,logos::compiler::BorrowChecker::prov_of,if (at0 && at0.kind() != LogosType::Kind::Ptr &&
570663,6955,29,6956,45,if guard,logos::compiler::BorrowChecker::prov_of,if (at0 && at0.kind() != LogosType::Kind::Ptr &&
570663,6955,36,6955,70,if guard,logos::compiler::BorrowChecker::prov_of,if (at0 && at0.kind() != LogosType::Kind::Ptr &&
561204,6956,29,6956,45,statement,logos::compiler::BorrowChecker::prov_of,is_ref_kind(at0)) { ++nref; elided_to = k; }
269422,6956,47,6956,73,statement,logos::compiler::BorrowChecker::prov_of,is_ref_kind(at0)) { ++nref; elided_to = k; }
289262,6958,25,6958,34,if guard,logos::compiler::BorrowChecker::prov_of,if (nref != 1 || !is_ref_kind(e.type(pool))) elided_to = -1;
289262,6958,25,6958,64,if guard,logos::compiler::BorrowChecker::prov_of,if (nref != 1 || !is_ref_kind(e.type(pool))) elided_to = -1;
267701,6958,38,6958,64,if guard,logos::compiler::BorrowChecker::prov_of,if (nref != 1 || !is_ref_kind(e.type(pool))) elided_to = -1;
288348,6958,66,6958,80,if guard,logos::compiler::BorrowChecker::prov_of,if (nref != 1 || !is_ref_kind(e.type(pool))) elided_to = -1;
289262,6975,25,6975,28,call / statement,logos::compiler::BorrowChecker::prov_of,fs0 && fs0->available && !fs0->over_approx)
289262,6975,25,6975,46,call / statement,logos::compiler::BorrowChecker::prov_of,fs0 && fs0->available && !fs0->over_approx)
289262,6975,25,6975,67,call / statement,logos::compiler::BorrowChecker::prov_of,fs0 && fs0->available && !fs0->over_approx)
20326,6975,32,6975,46,call / statement,logos::compiler::BorrowChecker::prov_of,fs0 && fs0->available && !fs0->over_approx)
20326,6975,50,6975,67,call / statement,logos::compiler::BorrowChecker::prov_of,fs0 && fs0->available && !fs0->over_approx)
19766,6976,25,6976,39,statement,logos::compiler::BorrowChecker::prov_of,elided_to = -1;
27934,7007,54,7013,18,call / statement,logos::compiler::BorrowChecker::prov_of,auto merge_arg_prov = [&](ExprRef a) {
27934,7009,25,7009,53,if guard,logos::compiler::BorrowChecker::prov_of,if (a.kind() == Code::AddrOfTemp &&
27934,7009,25,7010,76,if guard,logos::compiler::BorrowChecker::prov_of,if (a.kind() == Code::AddrOfTemp &&
5346,7010,25,7010,76,call / statement,logos::compiler::BorrowChecker::prov_of,is_temporary_value_expr(EAddrOfTempView{a}.inner()))
4,7011,25,7011,42,statement,logos::compiler::BorrowChecker::prov_of,ap.is_temp = true;
289262,7014,40,7014,42,if guard,logos::compiler::BorrowChecker::prov_of,if (const FlowSummary* fs = flow_of_call(cv.callee())) {
20326,7014,72,7095,18,if guard,logos::compiler::BorrowChecker::prov_of,if (const FlowSummary* fs = flow_of_call(cv.callee())) {
20326,7060,25,7060,35,if guard,logos::compiler::BorrowChecker::prov_of,if (!bc_result && fs->over_approx && elided_to < 0) return {};
20326,7060,25,7060,54,if guard,logos::compiler::BorrowChecker::prov_of,if (!bc_result && fs->over_approx && elided_to < 0) return {};
20326,7060,25,7060,71,if guard,logos::compiler::BorrowChecker::prov_of,if (!bc_result && fs->over_approx && elided_to < 0) return {};
14361,7060,39,7060,54,if guard,logos::compiler::BorrowChecker::prov_of,if (!bc_result && fs->over_approx && elided_to < 0) return {};
372,7060,58,7060,71,if guard,logos::compiler::BorrowChecker::prov_of,if (!bc_result && fs->over_approx && elided_to < 0) return {};
181,7060,73,7060,82,if guard,logos::compiler::BorrowChecker::prov_of,if (!bc_result && fs->over_approx && elided_to < 0) return {};
20145,7061,21,7094,34,statement,logos::compiler::BorrowChecker::prov_of,size_t i = 0;
35861,7088,48,7093,22,call / statement,logos::compiler::BorrowChecker::prov_of,cv.each_arg([&](ExprRef a) {
35861,7089,29,7089,30,if guard,logos::compiler::BorrowChecker::prov_of,if (a && ((i < fs->nparams && (fs->to_result & (1ull << i))) ||
35861,7089,29,7090,78,if guard,logos::compiler::BorrowChecker::prov_of,if (a && ((i < fs->nparams && (fs->to_result & (1ull << i))) ||
35861,7089,34,7090,78,if guard,logos::compiler::BorrowChecker::prov_of,if (a && ((i < fs->nparams && (fs->to_result & (1ull << i))) ||
35861,7089,35,7089,85,if guard,logos::compiler::BorrowChecker::prov_of,if (a && ((i < fs->nparams && (fs->to_result & (1ull << i))) ||
35861,7089,36,7089,51,if guard,logos::compiler::BorrowChecker::prov_of,if (a && ((i < fs->nparams && (fs->to_result & (1ull << i))) ||
35861,7089,55,7089,84,if guard,logos::compiler::BorrowChecker::prov_of,if (a && ((i < fs->nparams && (fs->to_result & (1ull << i))) ||
11278,7090,35,7090,77,statement,logos::compiler::BorrowChecker::prov_of,(elided_to >= 0 && (size_t)elided_to == i)))
11278,7090,36,7090,50,statement,logos::compiler::BorrowChecker::prov_of,(elided_to >= 0 && (size_t)elided_to == i)))
282,7090,54,7090,76,statement,logos::compiler::BorrowChecker::prov_of,(elided_to >= 0 && (size_t)elided_to == i)))
24589,7091,29,7091,46,statement,logos::compiler::BorrowChecker::prov_of,merge_arg_prov(a);
268936,7099,17,7142,26,if guard,logos::compiler::BorrowChecker::prov_of,if (!bc_result) return {};
268936,7099,21,7099,31,if guard,logos::compiler::BorrowChecker::prov_of,if (!bc_result) return {};
265435,7099,33,7099,42,if guard,logos::compiler::BorrowChecker::prov_of,if (!bc_result) return {};
3501,7103,17,7113,30,statement,logos::compiler::BorrowChecker::prov_of,size_t fb_i = 0;
6625,7104,44,7112,18,call / statement,logos::compiler::BorrowChecker::prov_of,cv.each_arg([&](ExprRef a) {
6625,7106,25,7106,27,if guard,logos::compiler::BorrowChecker::prov_of,if (!a) return;
0,7106,29,7106,35,if guard,logos::compiler::BorrowChecker::prov_of,if (!a) return;
6625,7107,21,7112,18,statement,logos::compiler::BorrowChecker::prov_of,TypeRef at = a.type(pool);
6625,7108,25,7108,46,if guard,logos::compiler::BorrowChecker::prov_of,if (is_plain_ref_kind(at) ||
6625,7108,25,7109,74,if guard,logos::compiler::BorrowChecker::prov_of,if (is_plain_ref_kind(at) ||
6625,7108,25,7110,73,if guard,logos::compiler::BorrowChecker::prov_of,if (is_plain_ref_kind(at) ||
3474,7109,25,7109,74,statement,logos::compiler::BorrowChecker::prov_of,(!is_ref_kind(at) && is_borrow_carrying_type(at)) ||
3474,7109,26,7109,42,statement,logos::compiler::BorrowChecker::prov_of,(!is_ref_kind(at) && is_borrow_carrying_type(at)) ||
3329,7109,46,7109,73,statement,logos::compiler::BorrowChecker::prov_of,(!is_ref_kind(at) && is_borrow_carrying_type(at)) ||
3280,7110,25,7110,73,statement,logos::compiler::BorrowChecker::prov_of,(elided_to >= 0 && (size_t)elided_to == fb_here))
3280,7110,26,7110,40,statement,logos::compiler::BorrowChecker::prov_of,(elided_to >= 0 && (size_t)elided_to == fb_here))
0,7110,44,7110,72,statement,logos::compiler::BorrowChecker::prov_of,(elided_to >= 0 && (size_t)elided_to == fb_here))
3345,7111,25,7111,42,statement,logos::compiler::BorrowChecker::prov_of,merge_arg_prov(a);
154278,7115,13,7124,30,switch arm,logos::compiler::BorrowChecker::prov_of,case Code::StructLit: {
177897,7121,67,7123,18,call / statement,logos::compiler::BorrowChecker::prov_of,EStructLitView{e}.each_field_value([&](ExprRef fv){
2102,7126,13,7131,30,switch arm,logos::compiler::BorrowChecker::prov_of,case Code::TupleLit: {
7804,7128,59,7130,18,call / statement,logos::compiler::BorrowChecker::prov_of,ETupleLitView{e}.each_elem([&](ExprRef el){
804990,7133,13,7138,30,switch arm,logos::compiler::BorrowChecker::prov_of,case Code::EnumLitData: {
668983,7135,65,7137,18,call / statement,logos::compiler::BorrowChecker::prov_of,EEnumLitDataView{e}.each_payload([&](ExprRef pl){
551490,7140,13,7142,26,switch arm,logos::compiler::BorrowChecker::prov_of,default:
20117674,7209,45,7212,6,statement,logos::compiler::BorrowChecker::type_hides_borrow,bool type_hides_borrow(TypeRef t) const {
38672712,7213,85,7261,6,statement,logos::compiler::BorrowChecker::type_hides_borrow_,"bool type_hides_borrow_(TypeRef t, std::unordered_set<std::string>& seen) const {"
38672712,7214,13,7214,15,if guard,logos::compiler::BorrowChecker::type_hides_borrow_,if (!t) return false;
0,7214,17,7214,29,if guard,logos::compiler::BorrowChecker::type_hides_borrow_,if (!t) return false;
38672712,7215,9,7261,6,statement,logos::compiler::BorrowChecker::type_hides_borrow_,using K = LogosType::Kind;
57462959,7216,36,7228,10,call / statement,logos::compiler::BorrowChecker::type_hides_borrow_,auto hides = [](TypeRef a) {
57462959,7217,17,7217,19,if guard,logos::compiler::BorrowChecker::type_hides_borrow_,if (!a) return false;
0,7217,21,7217,33,if guard,logos::compiler::BorrowChecker::type_hides_borrow_,if (!a) return false;
57462959,7218,13,7228,10,call / statement,logos::compiler::BorrowChecker::type_hides_borrow_,switch (a.kind()) {
218805,7223,17,7226,38,switch arm,logos::compiler::BorrowChecker::type_hides_borrow_,case K::TraitObject: case K::UnsizedDyn:
235138,7223,38,7226,38,switch arm,logos::compiler::BorrowChecker::type_hides_borrow_,case K::TraitObject: case K::UnsizedDyn:
235242,7224,17,7226,38,switch arm,logos::compiler::BorrowChecker::type_hides_borrow_,case K::Closure:     case K::ImplTrait:
235242,7224,38,7225,32,switch arm,logos::compiler::BorrowChecker::type_hides_borrow_,case K::Closure:     case K::ImplTrait:
57227717,7226,17,7226,38,switch arm,logos::compiler::BorrowChecker::type_hides_borrow_,default: return false;
38672712,7231,13,7231,21,if guard,logos::compiler::BorrowChecker::type_hides_borrow_,if (hides(t)) return true;
33,7231,23,7231,34,if guard,logos::compiler::BorrowChecker::type_hides_borrow_,if (hides(t)) return true;
38672679,7232,9,7261,6,loop body,logos::compiler::BorrowChecker::type_hides_borrow_,for (auto a : t.type_args())
11631393,7233,13,7233,69,if guard,logos::compiler::BorrowChecker::type_hides_borrow_,"if (hides(a) || type_hides_borrow_(a, seen)) return true;"
11631393,7233,17,7233,25,if guard,logos::compiler::BorrowChecker::type_hides_borrow_,"if (hides(a) || type_hides_borrow_(a, seen)) return true;"
11631393,7233,17,7233,56,if guard,logos::compiler::BorrowChecker::type_hides_borrow_,"if (hides(a) || type_hides_borrow_(a, seen)) return true;"
11396207,7233,29,7233,56,if guard,logos::compiler::BorrowChecker::type_hides_borrow_,"if (hides(a) || type_hides_borrow_(a, seen)) return true;"
247004,7233,58,7233,69,if guard,logos::compiler::BorrowChecker::type_hides_borrow_,"if (hides(a) || type_hides_borrow_(a, seen)) return true;"
38425675,7234,9,7261,6,if guard,logos::compiler::BorrowChecker::type_hides_borrow_,if (t.kind() == K::Tuple) {
38425675,7234,13,7234,33,if guard,logos::compiler::BorrowChecker::type_hides_borrow_,if (t.kind() == K::Tuple) {
218938,7234,35,7238,10,if guard,logos::compiler::BorrowChecker::type_hides_borrow_,if (t.kind() == K::Tuple) {
704586,7236,17,7236,91,if guard,logos::compiler::BorrowChecker::type_hides_borrow_,"if (hides(TypeRef(e)) || type_hides_borrow_(TypeRef(e), seen)) return true;"
704586,7236,21,7236,38,if guard,logos::compiler::BorrowChecker::type_hides_borrow_,"if (hides(TypeRef(e)) || type_hides_borrow_(TypeRef(e), seen)) return true;"
704586,7236,21,7236,78,if guard,logos::compiler::BorrowChecker::type_hides_borrow_,"if (hides(TypeRef(e)) || type_hides_borrow_(TypeRef(e), seen)) return true;"
704584,7236,42,7236,78,if guard,logos::compiler::BorrowChecker::type_hides_borrow_,"if (hides(TypeRef(e)) || type_hides_borrow_(TypeRef(e), seen)) return true;"
794,7236,80,7236,91,if guard,logos::compiler::BorrowChecker::type_hides_borrow_,"if (hides(TypeRef(e)) || type_hides_borrow_(TypeRef(e), seen)) return true;"
218144,7237,13,7237,25,early return,logos::compiler::BorrowChecker::type_hides_borrow_,return false;
38206737,7239,9,7261,6,if guard,logos::compiler::BorrowChecker::type_hides_borrow_,if (t.kind() == K::Array)
38206737,7239,13,7239,33,if guard,logos::compiler::BorrowChecker::type_hides_borrow_,if (t.kind() == K::Array)
1148,7240,13,7240,73,early return,logos::compiler::BorrowChecker::type_hides_borrow_,"return hides(t.elem()) || type_hides_borrow_(t.elem(), seen);"
1148,7240,20,7240,35,early return,logos::compiler::BorrowChecker::type_hides_borrow_,"return hides(t.elem()) || type_hides_borrow_(t.elem(), seen);"
1147,7240,39,7240,73,early return,logos::compiler::BorrowChecker::type_hides_borrow_,"return hides(t.elem()) || type_hides_borrow_(t.elem(), seen);"
38205589,7244,9,7261,6,if guard,logos::compiler::BorrowChecker::type_hides_borrow_,if (t.kind() == K::Struct || t.kind() == K::ZonedStruct) {
38205589,7244,13,7244,34,if guard,logos::compiler::BorrowChecker::type_hides_borrow_,if (t.kind() == K::Struct || t.kind() == K::ZonedStruct) {
38205589,7244,13,7244,64,if guard,logos::compiler::BorrowChecker::type_hides_borrow_,if (t.kind() == K::Struct || t.kind() == K::ZonedStruct) {
30111281,7244,38,7244,64,if guard,logos::compiler::BorrowChecker::type_hides_borrow_,if (t.kind() == K::Struct || t.kind() == K::ZonedStruct) {
8094794,7244,66,7259,10,if guard,logos::compiler::BorrowChecker::type_hides_borrow_,if (t.kind() == K::Struct || t.kind() == K::ZonedStruct) {
8094794,7246,17,7246,30,if guard,logos::compiler::BorrowChecker::type_hides_borrow_,if (sname.empty() || !seen.insert(sname).second) return false;
8094794,7246,17,7246,60,if guard,logos::compiler::BorrowChecker::type_hides_borrow_,if (sname.empty() || !seen.insert(sname).second) return false;
8094794,7246,34,7246,60,if guard,logos::compiler::BorrowChecker::type_hides_borrow_,if (sname.empty() || !seen.insert(sname).second) return false;
107586,7246,62,7246,74,if guard,logos::compiler::BorrowChecker::type_hides_borrow_,if (sname.empty() || !seen.insert(sname).second) return false;
7987208,7247,13,7259,10,call / statement,logos::compiler::BorrowChecker::type_hides_borrow_,auto walk = [&](lir_view::StructView sd) {
4763359,7247,54,7254,14,call / statement,logos::compiler::BorrowChecker::type_hides_borrow_,auto walk = [&](lir_view::StructView sd) {
4763359,7248,21,7248,24,if guard,logos::compiler::BorrowChecker::type_hides_borrow_,if (!sd) return false;
0,7248,26,7248,38,if guard,logos::compiler::BorrowChecker::type_hides_borrow_,if (!sd) return false;
4763359,7249,17,7254,14,loop body,logos::compiler::BorrowChecker::type_hides_borrow_,for (auto& f : sd.fields()) {
6453120,7249,45,7252,18,loop body,logos::compiler::BorrowChecker::type_hides_borrow_,for (auto& f : sd.fields()) {
6453120,7251,25,7251,34,if guard,logos::compiler::BorrowChecker::type_hides_borrow_,"if (hides(ft) || type_hides_borrow_(ft, seen)) return true;"
6453120,7251,25,7251,66,if guard,logos::compiler::BorrowChecker::type_hides_borrow_,"if (hides(ft) || type_hides_borrow_(ft, seen)) return true;"
6453100,7251,38,7251,66,if guard,logos::compiler::BorrowChecker::type_hides_borrow_,"if (hides(ft) || type_hides_borrow_(ft, seen)) return true;"
563,7251,68,7251,79,if guard,logos::compiler::BorrowChecker::type_hides_borrow_,"if (hides(ft) || type_hides_borrow_(ft, seen)) return true;"
4762796,7253,17,7253,29,early return,logos::compiler::BorrowChecker::type_hides_borrow_,return false;
7987208,7256,17,7256,48,if guard,logos::compiler::BorrowChecker::type_hides_borrow_,if (sit != ts_.struct_by_name.end() && walk(sit->second)) return true;
7987208,7256,17,7256,69,if guard,logos::compiler::BorrowChecker::type_hides_borrow_,if (sit != ts_.struct_by_name.end() && walk(sit->second)) return true;
4763359,7256,52,7256,69,if guard,logos::compiler::BorrowChecker::type_hides_borrow_,if (sit != ts_.struct_by_name.end() && walk(sit->second)) return true;
563,7256,71,7256,82,if guard,logos::compiler::BorrowChecker::type_hides_borrow_,if (sit != ts_.struct_by_name.end() && walk(sit->second)) return true;
7986645,7257,13,7259,10,statement,logos::compiler::BorrowChecker::type_hides_borrow_,auto pit = ts_.spec_by_name.find(sname);
7986645,7258,17,7258,46,if guard,logos::compiler::BorrowChecker::type_hides_borrow_,if (pit != ts_.spec_by_name.end() && walk(pit->second)) return true;
7986645,7258,17,7258,67,if guard,logos::compiler::BorrowChecker::type_hides_borrow_,if (pit != ts_.spec_by_name.end() && walk(pit->second)) return true;
0,7258,50,7258,67,if guard,logos::compiler::BorrowChecker::type_hides_borrow_,if (pit != ts_.spec_by_name.end() && walk(pit->second)) return true;
0,7258,69,7258,80,if guard,logos::compiler::BorrowChecker::type_hides_borrow_,if (pit != ts_.spec_by_name.end() && walk(pit->second)) return true;
38097440,7260,9,7260,21,early return,logos::compiler::BorrowChecker::type_hides_borrow_,return false;
286533,7327,63,7359,6,statement,logos::compiler::BorrowChecker::retains_borrowing_operand,bool retains_borrowing_operand(lir_view::ExprRef e) const {
286533,7330,13,7330,15,if guard,logos::compiler::BorrowChecker::retains_borrowing_operand,if (!e) return false;
0,7330,17,7330,29,if guard,logos::compiler::BorrowChecker::retains_borrowing_operand,if (!e) return false;
286533,7331,9,7359,6,statement,logos::compiler::BorrowChecker::retains_borrowing_operand,const auto* pool = prog_.type_pool.impl();
286533,7332,13,7332,47,if guard,logos::compiler::BorrowChecker::retains_borrowing_operand,if (!type_retains_values(e.type(pool))) return false;
19866,7332,49,7332,61,if guard,logos::compiler::BorrowChecker::retains_borrowing_operand,if (!type_retains_values(e.type(pool))) return false;
266667,7333,9,7359,6,statement,logos::compiler::BorrowChecker::retains_borrowing_operand,bool found = false;
128248,7334,35,7341,10,call / statement,logos::compiler::BorrowChecker::retains_borrowing_operand,auto one = [&](ExprRef a) {
128248,7335,17,7335,19,if guard,logos::compiler::BorrowChecker::retains_borrowing_operand,if (!a || found) return;
128248,7335,17,7335,28,if guard,logos::compiler::BorrowChecker::retains_borrowing_operand,if (!a || found) return;
128248,7335,23,7335,28,if guard,logos::compiler::BorrowChecker::retains_borrowing_operand,if (!a || found) return;
32300,7335,30,7335,36,if guard,logos::compiler::BorrowChecker::retains_borrowing_operand,if (!a || found) return;
95948,7336,13,7341,10,statement,logos::compiler::BorrowChecker::retains_borrowing_operand,TypeRef at = a.type(pool);
95948,7337,17,7337,32,if guard,logos::compiler::BorrowChecker::retains_borrowing_operand,if (is_ref_kind(at) || loan_carrying_type(at) ||
95948,7337,17,7337,58,if guard,logos::compiler::BorrowChecker::retains_borrowing_operand,if (is_ref_kind(at) || loan_carrying_type(at) ||
95948,7337,17,7338,44,if guard,logos::compiler::BorrowChecker::retains_borrowing_operand,if (is_ref_kind(at) || loan_carrying_type(at) ||
19673,7337,36,7337,58,if guard,logos::compiler::BorrowChecker::retains_borrowing_operand,if (is_ref_kind(at) || loan_carrying_type(at) ||
19612,7338,17,7338,44,statement,logos::compiler::BorrowChecker::retains_borrowing_operand,is_borrow_carrying_type(at)) { found = true; return; }
76336,7338,46,7338,71,statement,logos::compiler::BorrowChecker::retains_borrowing_operand,is_borrow_carrying_type(at)) { found = true; return; }
19612,7339,13,7341,10,if guard,logos::compiler::BorrowChecker::retains_borrowing_operand,if (a.kind() == Code::ClosureBox || retains_borrowing_operand(a))
19612,7339,17,7339,45,if guard,logos::compiler::BorrowChecker::retains_borrowing_operand,if (a.kind() == Code::ClosureBox || retains_borrowing_operand(a))
19612,7339,17,7339,77,if guard,logos::compiler::BorrowChecker::retains_borrowing_operand,if (a.kind() == Code::ClosureBox || retains_borrowing_operand(a))
19605,7339,49,7339,77,if guard,logos::compiler::BorrowChecker::retains_borrowing_operand,if (a.kind() == Code::ClosureBox || retains_borrowing_operand(a))
240,7340,17,7340,29,statement,logos::compiler::BorrowChecker::retains_borrowing_operand,found = true;
30937,7343,13,7343,69,switch arm,logos::compiler::BorrowChecker::retains_borrowing_operand,case Code::Call:       ECallView{e}.each_arg(one); break;
1698,7344,13,7348,22,switch arm,logos::compiler::BorrowChecker::retains_borrowing_operand,case Code::MethodCall: {
16167,7350,13,7350,83,switch arm,logos::compiler::BorrowChecker::retains_borrowing_operand,case Code::StructLit:   EStructLitView{e}.each_field_value(one); break;
12,7351,13,7351,75,switch arm,logos::compiler::BorrowChecker::retains_borrowing_operand,case Code::TupleLit:    ETupleLitView{e}.each_elem(one); break;
2,7352,13,7352,73,switch arm,logos::compiler::BorrowChecker::retains_borrowing_operand,case Code::ArrLit:      EArrLitView{e}.each_elem(one); break;
61137,7353,13,7353,81,switch arm,logos::compiler::BorrowChecker::retains_borrowing_operand,case Code::EnumLitData: EEnumLitDataView{e}.each_payload(one); break;
175,7354,13,7354,71,switch arm,logos::compiler::BorrowChecker::retains_borrowing_operand,case Code::Cast:        one(ECastView{e}.operand()); break;
11,7355,13,7355,48,switch arm,logos::compiler::BorrowChecker::retains_borrowing_operand,case Code::ClosureBox:  return true;
156528,7356,13,7356,27,switch arm,logos::compiler::BorrowChecker::retains_borrowing_operand,default: break;
266656,7358,9,7358,21,early return,logos::compiler::BorrowChecker::retains_borrowing_operand,return found;
3877805,7364,57,7467,6,statement,logos::compiler::BorrowChecker::prov_of_retained,RefProv prov_of_retained(lir_view::ExprRef e) const {
3877805,7368,13,7368,15,if guard,logos::compiler::BorrowChecker::prov_of_retained,if (!e) return merged;
0,7368,17,7368,30,if guard,logos::compiler::BorrowChecker::prov_of_retained,if (!e) return merged;
3877805,7369,9,7467,6,statement,logos::compiler::BorrowChecker::prov_of_retained,const auto* pool = prog_.type_pool.impl();
1503032,7370,35,7379,10,call / statement,logos::compiler::BorrowChecker::prov_of_retained,auto one = [&](ExprRef a) {
1503032,7371,17,7371,19,if guard,logos::compiler::BorrowChecker::prov_of_retained,if (!a) return;
0,7371,21,7371,27,if guard,logos::compiler::BorrowChecker::prov_of_retained,if (!a) return;
1503032,7372,13,7379,10,statement,logos::compiler::BorrowChecker::prov_of_retained,TypeRef at = a.type(pool);
1503032,7373,17,7373,32,if guard,logos::compiler::BorrowChecker::prov_of_retained,if (is_ref_kind(at) || loan_carrying_type(at) ||
1503032,7373,17,7373,58,if guard,logos::compiler::BorrowChecker::prov_of_retained,if (is_ref_kind(at) || loan_carrying_type(at) ||
1503032,7373,17,7374,44,if guard,logos::compiler::BorrowChecker::prov_of_retained,if (is_ref_kind(at) || loan_carrying_type(at) ||
857410,7373,36,7373,58,if guard,logos::compiler::BorrowChecker::prov_of_retained,if (is_ref_kind(at) || loan_carrying_type(at) ||
852510,7374,17,7374,44,call / statement,logos::compiler::BorrowChecker::prov_of_retained,is_borrow_carrying_type(at)) {
650522,7374,46,7377,14,call / statement,logos::compiler::BorrowChecker::prov_of_retained,is_borrow_carrying_type(at)) {
852510,7378,13,7379,10,statement,logos::compiler::BorrowChecker::prov_of_retained,"merged = merge_prov(merged, prov_of_retained(a));"
266329,7388,13,7401,22,switch arm,logos::compiler::BorrowChecker::prov_of_retained,case Code::Call: {
266329,7391,21,7391,23,if guard,logos::compiler::BorrowChecker::prov_of_retained,if (fs) {
8047,7391,25,7398,18,if guard,logos::compiler::BorrowChecker::prov_of_retained,if (fs) {
17851,7393,48,7397,22,call / statement,logos::compiler::BorrowChecker::prov_of_retained,cv.each_arg([&](ExprRef a) {
17851,7394,29,7394,30,if guard,logos::compiler::BorrowChecker::prov_of_retained,if (a && i < fs->nparams && (fs->to_result & (1ull << i)))
17851,7394,29,7394,49,if guard,logos::compiler::BorrowChecker::prov_of_retained,if (a && i < fs->nparams && (fs->to_result & (1ull << i)))
17851,7394,29,7394,82,if guard,logos::compiler::BorrowChecker::prov_of_retained,if (a && i < fs->nparams && (fs->to_result & (1ull << i)))
17851,7394,34,7394,49,if guard,logos::compiler::BorrowChecker::prov_of_retained,if (a && i < fs->nparams && (fs->to_result & (1ull << i)))
17851,7394,53,7394,82,if guard,logos::compiler::BorrowChecker::prov_of_retained,if (a && i < fs->nparams && (fs->to_result & (1ull << i)))
9537,7395,29,7395,35,statement,logos::compiler::BorrowChecker::prov_of_retained,one(a);
258282,7398,24,7400,18,else branch,logos::compiler::BorrowChecker::prov_of_retained,} else {
200037,7406,13,7419,22,switch arm,logos::compiler::BorrowChecker::prov_of_retained,case Code::FnPtrCall: {
200037,7409,21,7409,23,if guard,logos::compiler::BorrowChecker::prov_of_retained,if (fs) {
1,7409,25,7416,18,if guard,logos::compiler::BorrowChecker::prov_of_retained,if (fs) {
1,7411,48,7415,22,call / statement,logos::compiler::BorrowChecker::prov_of_retained,fv.each_arg([&](ExprRef a) {
1,7412,29,7412,30,if guard,logos::compiler::BorrowChecker::prov_of_retained,if (a && i < fs->nparams && (fs->to_result & (1ull << i)))
1,7412,29,7412,49,if guard,logos::compiler::BorrowChecker::prov_of_retained,if (a && i < fs->nparams && (fs->to_result & (1ull << i)))
1,7412,29,7412,82,if guard,logos::compiler::BorrowChecker::prov_of_retained,if (a && i < fs->nparams && (fs->to_result & (1ull << i)))
1,7412,34,7412,49,if guard,logos::compiler::BorrowChecker::prov_of_retained,if (a && i < fs->nparams && (fs->to_result & (1ull << i)))
1,7412,53,7412,82,if guard,logos::compiler::BorrowChecker::prov_of_retained,if (a && i < fs->nparams && (fs->to_result & (1ull << i)))
0,7413,29,7413,35,statement,logos::compiler::BorrowChecker::prov_of_retained,one(a);
200036,7416,24,7418,18,else branch,logos::compiler::BorrowChecker::prov_of_retained,} else {
12685,7421,13,7433,22,switch arm,logos::compiler::BorrowChecker::prov_of_retained,case Code::MethodCall: {
12685,7423,40,7423,42,if guard,logos::compiler::BorrowChecker::prov_of_retained,if (const FlowSummary* fs = flow_of_method(v)) {
12469,7423,64,7429,18,if guard,logos::compiler::BorrowChecker::prov_of_retained,if (const FlowSummary* fs = flow_of_method(v)) {
154,7426,46,7426,67,statement,logos::compiler::BorrowChecker::prov_of_retained,v.each_arg([&](ExprRef a){ ops.push_back(a); });
25092,7427,40,7427,54,loop body,logos::compiler::BorrowChecker::prov_of_retained,for (size_t i = 0; i < ops.size() && i < fs->nparams; ++i)
25092,7427,40,7427,73,loop body,logos::compiler::BorrowChecker::prov_of_retained,for (size_t i = 0; i < ops.size() && i < fs->nparams; ++i)
12623,7427,58,7427,73,loop body,logos::compiler::BorrowChecker::prov_of_retained,for (size_t i = 0; i < ops.size() && i < fs->nparams; ++i)
12623,7427,75,7427,78,loop body,logos::compiler::BorrowChecker::prov_of_retained,for (size_t i = 0; i < ops.size() && i < fs->nparams; ++i)
12623,7428,25,7428,69,if guard,logos::compiler::BorrowChecker::prov_of_retained,if (fs->to_result & (1ull << i)) one(ops[i]);
12623,7428,29,7428,56,if guard,logos::compiler::BorrowChecker::prov_of_retained,if (fs->to_result & (1ull << i)) one(ops[i]);
10668,7428,58,7428,69,if guard,logos::compiler::BorrowChecker::prov_of_retained,if (fs->to_result & (1ull << i)) one(ops[i]);
216,7429,24,7432,18,else branch,logos::compiler::BorrowChecker::prov_of_retained,} else {
148895,7435,13,7435,83,switch arm,logos::compiler::BorrowChecker::prov_of_retained,case Code::StructLit:   EStructLitView{e}.each_field_value(one); break;
275,7436,13,7436,75,switch arm,logos::compiler::BorrowChecker::prov_of_retained,case Code::TupleLit:    ETupleLitView{e}.each_elem(one); break;
865,7437,13,7437,73,switch arm,logos::compiler::BorrowChecker::prov_of_retained,case Code::ArrLit:      EArrLitView{e}.each_elem(one); break;
923350,7438,13,7438,81,switch arm,logos::compiler::BorrowChecker::prov_of_retained,case Code::EnumLitData: EEnumLitDataView{e}.each_payload(one); break;
1152,7439,13,7439,71,switch arm,logos::compiler::BorrowChecker::prov_of_retained,case Code::Cast:        one(ECastView{e}.operand()); break;
10,7440,13,7462,22,switch arm,logos::compiler::BorrowChecker::prov_of_retained,case Code::ClosureBox: {
8,7455,80,7461,18,call / statement,logos::compiler::BorrowChecker::prov_of_retained,EClosureBoxView{e}.each_capture_name([&](std::string_view cap) {
8,7457,50,7457,67,if guard,logos::compiler::BorrowChecker::prov_of_retained,if (auto it = prov_.find(n); it != prov_.end())
4,7458,25,7458,64,statement,logos::compiler::BorrowChecker::prov_of_retained,"merged = merge_prov(merged, it->second);"
4,7459,26,7460,47,else-if guard,logos::compiler::BorrowChecker::prov_of_retained,else if (force_local)
4,7459,30,7459,41,else-if guard,logos::compiler::BorrowChecker::prov_of_retained,else if (force_local)
0,7460,25,7460,47,statement,logos::compiler::BorrowChecker::prov_of_retained,merged.is_local = true;   // capture of a plain local
2324207,7464,13,7464,27,switch arm,logos::compiler::BorrowChecker::prov_of_retained,default: break;
3877805,7466,9,7466,22,early return,logos::compiler::BorrowChecker::prov_of_retained,return merged;
20517297,7469,66,7778,6,call / statement,logos::compiler::BorrowChecker::check_return_value,"void check_return_value(lir_view::ExprRef er, uint32_t line) {"
20517297,7470,13,7470,23,if guard,logos::compiler::BorrowChecker::check_return_value,if (!ret_type_) return;
0,7470,25,7470,31,if guard,logos::compiler::BorrowChecker::check_return_value,if (!ret_type_) return;
20517297,7471,9,7778,6,statement,logos::compiler::BorrowChecker::check_return_value,bool typed_gate = is_ref_kind(ret_type_) || is_borrow_carrying_type(ret_type_);
20517297,7471,27,7471,49,statement,logos::compiler::BorrowChecker::check_return_value,bool typed_gate = is_ref_kind(ret_type_) || is_borrow_carrying_type(ret_type_);
20136839,7471,53,7471,87,statement,logos::compiler::BorrowChecker::check_return_value,bool typed_gate = is_ref_kind(ret_type_) || is_borrow_carrying_type(ret_type_);
20517297,7472,31,7472,42,statement,logos::compiler::BorrowChecker::check_return_value,bool retention_gate = !typed_gate && type_hides_borrow(ret_type_) &&
20517297,7472,31,7472,74,statement,logos::compiler::BorrowChecker::check_return_value,bool retention_gate = !typed_gate && type_hides_borrow(ret_type_) &&
20117674,7472,46,7472,74,statement,logos::compiler::BorrowChecker::check_return_value,bool retention_gate = !typed_gate && type_hides_borrow(ret_type_) &&
235242,7473,31,7473,60,statement,logos::compiler::BorrowChecker::check_return_value,retains_borrowing_operand(er);
20517297,7486,27,7486,38,statement,logos::compiler::BorrowChecker::check_return_value,bool holds_gate = !typed_gate && !retention_gate &&
20517297,7486,27,7486,57,statement,logos::compiler::BorrowChecker::check_return_value,bool holds_gate = !typed_gate && !retention_gate &&
20517297,7486,27,7487,68,statement,logos::compiler::BorrowChecker::check_return_value,bool holds_gate = !typed_gate && !retention_gate &&
20117674,7486,42,7486,57,statement,logos::compiler::BorrowChecker::check_return_value,bool holds_gate = !typed_gate && !retention_gate &&
20042661,7487,27,7487,68,statement,logos::compiler::BorrowChecker::check_return_value,"!residency_exemption_holds(ret_type_, er) &&"
20038784,7488,27,7488,59,statement,logos::compiler::BorrowChecker::check_return_value,type_may_carry_borrow(ret_type_);
20517297,7489,13,7489,46,if guard,logos::compiler::BorrowChecker::check_return_value,"if (std::getenv(""LOGOS_DUMP_RETGATE"")) {"
0,7489,48,7500,10,if guard,logos::compiler::BorrowChecker::check_return_value,"if (std::getenv(""LOGOS_DUMP_RETGATE"")) {"
0,7493,50,7493,71,statement,logos::compiler::BorrowChecker::check_return_value,"std::string j; for (auto& s : srcs0) { j += s; j += "",""; }"
0,7494,21,7494,21,statement,logos::compiler::BorrowChecker::check_return_value,"fprintf(stderr,"
20517297,7501,13,7501,23,if guard,logos::compiler::BorrowChecker::check_return_value,"if (holds_gate && std::getenv(""LOGOS_86_TRACE""))"
20517297,7501,13,7501,56,if guard,logos::compiler::BorrowChecker::check_return_value,"if (holds_gate && std::getenv(""LOGOS_86_TRACE""))"
2328598,7501,27,7501,56,if guard,logos::compiler::BorrowChecker::check_return_value,"if (holds_gate && std::getenv(""LOGOS_86_TRACE""))"
0,7502,13,7502,87,statement,logos::compiler::BorrowChecker::check_return_value,"fprintf(stderr, ""[#86trace-gate] fn=%s line=%u\n"", fn_name_.c_str(), line);"
0,7502,21,7502,21,statement,logos::compiler::BorrowChecker::check_return_value,"fprintf(stderr, ""[#86trace-gate] fn=%s line=%u\n"", fn_name_.c_str(), line);"
20517297,7503,13,7503,24,if guard,logos::compiler::BorrowChecker::check_return_value,if (!typed_gate && !retention_gate && !holds_gate) return;
20517297,7503,13,7503,43,if guard,logos::compiler::BorrowChecker::check_return_value,if (!typed_gate && !retention_gate && !holds_gate) return;
20517297,7503,13,7503,58,if guard,logos::compiler::BorrowChecker::check_return_value,if (!typed_gate && !retention_gate && !holds_gate) return;
20117674,7503,28,7503,43,if guard,logos::compiler::BorrowChecker::check_return_value,if (!typed_gate && !retention_gate && !holds_gate) return;
20042661,7503,47,7503,58,if guard,logos::compiler::BorrowChecker::check_return_value,if (!typed_gate && !retention_gate && !holds_gate) return;
17714063,7503,60,7503,66,if guard,logos::compiler::BorrowChecker::check_return_value,if (!typed_gate && !retention_gate && !holds_gate) return;
2803234,7505,9,7778,6,statement,logos::compiler::BorrowChecker::check_return_value,RefProv prov = prov_of(er);
2803234,7506,13,7506,43,if guard,logos::compiler::BorrowChecker::check_return_value,if ((retention_gate || holds_gate) &&
2803234,7506,13,7507,27,if guard,logos::compiler::BorrowChecker::check_return_value,if ((retention_gate || holds_gate) &&
2803234,7506,13,7507,44,if guard,logos::compiler::BorrowChecker::check_return_value,if ((retention_gate || holds_gate) &&
2803234,7506,13,7507,67,if guard,logos::compiler::BorrowChecker::check_return_value,if ((retention_gate || holds_gate) &&
2803234,7506,14,7506,28,if guard,logos::compiler::BorrowChecker::check_return_value,if ((retention_gate || holds_gate) &&
2728221,7506,32,7506,42,if guard,logos::compiler::BorrowChecker::check_return_value,if ((retention_gate || holds_gate) &&
2403611,7507,13,7507,27,statement,logos::compiler::BorrowChecker::check_return_value,!prov.is_local && !prov.is_temp && prov.params.empty())
2403593,7507,31,7507,44,statement,logos::compiler::BorrowChecker::check_return_value,!prov.is_local && !prov.is_temp && prov.params.empty())
2403593,7507,48,7507,67,statement,logos::compiler::BorrowChecker::check_return_value,!prov.is_local && !prov.is_temp && prov.params.empty())
2397532,7508,13,7508,40,statement,logos::compiler::BorrowChecker::check_return_value,prov = prov_of_retained(er);   // F4 / #86
2803234,7510,13,7510,26,if guard,logos::compiler::BorrowChecker::check_return_value,if (prov.is_local || prov.is_temp) {
2803234,7510,13,7510,42,if guard,logos::compiler::BorrowChecker::check_return_value,if (prov.is_local || prov.is_temp) {
2803128,7510,30,7510,42,if guard,logos::compiler::BorrowChecker::check_return_value,if (prov.is_local || prov.is_temp) {
107,7510,44,7677,10,if guard,logos::compiler::BorrowChecker::check_return_value,if (prov.is_local || prov.is_temp) {
107,7513,17,7513,19,if guard,logos::compiler::BorrowChecker::check_return_value,if (er) {
107,7513,21,7624,14,if guard,logos::compiler::BorrowChecker::check_return_value,if (er) {
107,7515,21,7515,46,if guard,logos::compiler::BorrowChecker::check_return_value,if (er.kind() == Code::AddrOf)
23,7516,21,7516,76,statement,logos::compiler::BorrowChecker::check_return_value,src = std::string(lir_view::EAddrOfView{er}.var_name());
84,7517,22,7520,35,else-if guard,logos::compiler::BorrowChecker::check_return_value,else if (er.kind() == Code::VarRef)
84,7517,26,7517,51,else-if guard,logos::compiler::BorrowChecker::check_return_value,else if (er.kind() == Code::VarRef)
49,7518,21,7518,72,statement,logos::compiler::BorrowChecker::check_return_value,src = std::string(lir_view::EVarRefView{er}.name());
35,7519,22,7520,35,else-if guard,logos::compiler::BorrowChecker::check_return_value,else if (er.kind() == Code::AddrOfTemp)
35,7519,26,7519,55,else-if guard,logos::compiler::BorrowChecker::check_return_value,else if (er.kind() == Code::AddrOfTemp)
13,7520,21,7520,35,statement,logos::compiler::BorrowChecker::check_return_value,is_temp = true;
107,7528,21,7528,32,if guard,logos::compiler::BorrowChecker::check_return_value,if (src.empty() && !is_temp) {
107,7528,21,7528,44,if guard,logos::compiler::BorrowChecker::check_return_value,if (src.empty() && !is_temp) {
35,7528,36,7528,44,if guard,logos::compiler::BorrowChecker::check_return_value,if (src.empty() && !is_temp) {
21,7528,46,7535,18,if guard,logos::compiler::BorrowChecker::check_return_value,if (src.empty() && !is_temp) {
13,7532,25,7533,79,if guard,logos::compiler::BorrowChecker::check_return_value,if (!is_return_temp_name(n) &&
13,7532,29,7532,52,if guard,logos::compiler::BorrowChecker::check_return_value,if (!is_return_temp_name(n) &&
13,7532,29,7533,58,if guard,logos::compiler::BorrowChecker::check_return_value,if (!is_return_temp_name(n) &&
13,7533,29,7533,58,statement,logos::compiler::BorrowChecker::check_return_value,!is_materialized_temp_name(n)) { src = n; break; }
13,7533,60,7533,79,statement,logos::compiler::BorrowChecker::check_return_value,!is_materialized_temp_name(n)) { src = n; break; }
21,7534,25,7534,36,if guard,logos::compiler::BorrowChecker::check_return_value,if (src.empty() && !srcs.empty()) src = srcs.front();
21,7534,25,7534,53,if guard,logos::compiler::BorrowChecker::check_return_value,if (src.empty() && !srcs.empty()) src = srcs.front();
8,7534,40,7534,53,if guard,logos::compiler::BorrowChecker::check_return_value,if (src.empty() && !srcs.empty()) src = srcs.front();
0,7534,55,7534,73,if guard,logos::compiler::BorrowChecker::check_return_value,if (src.empty() && !srcs.empty()) src = srcs.front();
107,7558,21,7558,45,if guard,logos::compiler::BorrowChecker::check_return_value,if (is_return_temp_name(src)) {
37,7558,47,7562,18,if guard,logos::compiler::BorrowChecker::check_return_value,if (is_return_temp_name(src)) {
33,7560,25,7561,89,if guard,logos::compiler::BorrowChecker::check_return_value,if (!is_return_temp_name(n.name) &&
33,7560,29,7560,57,if guard,logos::compiler::BorrowChecker::check_return_value,if (!is_return_temp_name(n.name) &&
33,7560,29,7561,63,if guard,logos::compiler::BorrowChecker::check_return_value,if (!is_return_temp_name(n.name) &&
33,7561,29,7561,63,statement,logos::compiler::BorrowChecker::check_return_value,!is_materialized_temp_name(n.name)) { src = n.name; break; }
33,7561,65,7561,89,statement,logos::compiler::BorrowChecker::check_return_value,!is_materialized_temp_name(n.name)) { src = n.name; break; }
107,7567,21,7567,45,if guard,logos::compiler::BorrowChecker::check_return_value,if (is_return_temp_name(src)) {
4,7567,47,7573,18,if guard,logos::compiler::BorrowChecker::check_return_value,if (is_return_temp_name(src)) {
4,7569,25,7569,52,if guard,logos::compiler::BorrowChecker::check_return_value,if (it != ret_temp_roots_.end())
3,7570,25,7572,83,loop body,logos::compiler::BorrowChecker::check_return_value,for (auto& n : it->second)
3,7571,29,7572,83,if guard,logos::compiler::BorrowChecker::check_return_value,if (!n.empty() && !is_return_temp_name(n) &&
3,7571,33,7571,43,if guard,logos::compiler::BorrowChecker::check_return_value,if (!n.empty() && !is_return_temp_name(n) &&
3,7571,33,7571,70,if guard,logos::compiler::BorrowChecker::check_return_value,if (!n.empty() && !is_return_temp_name(n) &&
3,7571,33,7572,62,if guard,logos::compiler::BorrowChecker::check_return_value,if (!n.empty() && !is_return_temp_name(n) &&
3,7571,47,7571,70,if guard,logos::compiler::BorrowChecker::check_return_value,if (!n.empty() && !is_return_temp_name(n) &&
3,7572,33,7572,62,statement,logos::compiler::BorrowChecker::check_return_value,!is_materialized_temp_name(n)) { src = n; break; }
3,7572,64,7572,83,statement,logos::compiler::BorrowChecker::check_return_value,!is_materialized_temp_name(n)) { src = n; break; }
107,7608,21,7608,32,if guard,logos::compiler::BorrowChecker::check_return_value,if (src.empty() && !is_temp) {
107,7608,21,7608,44,if guard,logos::compiler::BorrowChecker::check_return_value,if (src.empty() && !is_temp) {
22,7608,36,7608,44,if guard,logos::compiler::BorrowChecker::check_return_value,if (src.empty() && !is_temp) {
8,7608,46,7623,18,if guard,logos::compiler::BorrowChecker::check_return_value,if (src.empty() && !is_temp) {
8,7613,25,7613,80,if guard,logos::compiler::BorrowChecker::check_return_value,"if (value_local_root(er, pl, &temp_root_msg, &term).empty() &&"
8,7613,25,7614,38,if guard,logos::compiler::BorrowChecker::check_return_value,"if (value_local_root(er, pl, &temp_root_msg, &term).empty() &&"
8,7613,25,7614,46,if guard,logos::compiler::BorrowChecker::check_return_value,"if (value_local_root(er, pl, &temp_root_msg, &term).empty() &&"
8,7614,25,7614,38,call / statement,logos::compiler::BorrowChecker::check_return_value,temp_root_msg && term) {
5,7614,42,7614,46,call / statement,logos::compiler::BorrowChecker::check_return_value,temp_root_msg && term) {
5,7614,48,7621,22,call / statement,logos::compiler::BorrowChecker::check_return_value,temp_root_msg && term) {
3,7616,29,7619,43,switch arm,logos::compiler::BorrowChecker::check_return_value,case Code::ArrLit:   case Code::LitInt:
3,7616,50,7619,43,switch arm,logos::compiler::BorrowChecker::check_return_value,case Code::ArrLit:   case Code::LitInt:
3,7617,29,7619,43,switch arm,logos::compiler::BorrowChecker::check_return_value,case Code::LitFloat: case Code::LitBool:
3,7617,50,7618,55,switch arm,logos::compiler::BorrowChecker::check_return_value,case Code::LitFloat: case Code::LitBool:
2,7619,29,7619,43,switch arm,logos::compiler::BorrowChecker::check_return_value,default: break;
8,7622,21,7623,18,if guard,logos::compiler::BorrowChecker::check_return_value,if (lit_term) is_temp = true;
8,7622,25,7622,33,if guard,logos::compiler::BorrowChecker::check_return_value,if (lit_term) is_temp = true;
3,7622,35,7622,49,if guard,logos::compiler::BorrowChecker::check_return_value,if (lit_term) is_temp = true;
107,7662,13,7676,19,if guard,logos::compiler::BorrowChecker::check_return_value,if (!is_temp && !src.empty() && ts_.frame_consts.count(src) &&
107,7662,17,7662,25,if guard,logos::compiler::BorrowChecker::check_return_value,if (!is_temp && !src.empty() && ts_.frame_consts.count(src) &&
107,7662,17,7662,41,if guard,logos::compiler::BorrowChecker::check_return_value,if (!is_temp && !src.empty() && ts_.frame_consts.count(src) &&
107,7662,17,7662,72,if guard,logos::compiler::BorrowChecker::check_return_value,if (!is_temp && !src.empty() && ts_.frame_consts.count(src) &&
107,7662,17,7663,39,if guard,logos::compiler::BorrowChecker::check_return_value,if (!is_temp && !src.empty() && ts_.frame_consts.count(src) &&
89,7662,29,7662,41,if guard,logos::compiler::BorrowChecker::check_return_value,if (!is_temp && !src.empty() && ts_.frame_consts.count(src) &&
84,7662,45,7662,72,if guard,logos::compiler::BorrowChecker::check_return_value,if (!is_temp && !src.empty() && ts_.frame_consts.count(src) &&
1,7663,17,7663,39,statement,logos::compiler::BorrowChecker::check_return_value,"!var_has(NO_SLOT, src))"
1,7664,17,7668,26,diagnostic emission,logos::compiler::BorrowChecker::check_return_value,"report(line, std::format("
106,7669,18,7675,46,else-if guard,logos::compiler::BorrowChecker::check_return_value,else if (is_temp)
106,7669,22,7669,29,else-if guard,logos::compiler::BorrowChecker::check_return_value,else if (is_temp)
18,7670,17,7671,86,diagnostic emission,logos::compiler::BorrowChecker::check_return_value,"report(line,"
88,7673,17,7675,46,diagnostic emission,logos::compiler::BorrowChecker::check_return_value,"report(line, std::format("
88,7675,21,7675,32,statement,logos::compiler::BorrowChecker::check_return_value,"src.empty() ? ""?"" : src));"
5,7675,35,7675,38,statement,logos::compiler::BorrowChecker::check_return_value,"src.empty() ? ""?"" : src));"
83,7675,41,7675,44,statement,logos::compiler::BorrowChecker::check_return_value,"src.empty() ? ""?"" : src));"
2803127,7680,9,7778,6,statement,logos::compiler::BorrowChecker::check_return_value,const std::string ret_lt(TypeRef(ret_type_).lifetime());
2803127,7681,13,7681,28,if guard,logos::compiler::BorrowChecker::check_return_value,"if (!ret_lt.empty() && ret_lt != ""'_"") {"
2803127,7681,13,7681,46,if guard,logos::compiler::BorrowChecker::check_return_value,"if (!ret_lt.empty() && ret_lt != ""'_"") {"
235,7681,32,7681,46,if guard,logos::compiler::BorrowChecker::check_return_value,"if (!ret_lt.empty() && ret_lt != ""'_"") {"
235,7681,48,7751,10,if guard,logos::compiler::BorrowChecker::check_return_value,"if (!ret_lt.empty() && ret_lt != ""'_"") {"
235,7691,17,7691,36,if guard,logos::compiler::BorrowChecker::check_return_value,if (prov.params.empty()) return;
73,7691,38,7691,44,if guard,logos::compiler::BorrowChecker::check_return_value,if (prov.params.empty()) return;
162,7692,13,7750,19,loop body,logos::compiler::BorrowChecker::check_return_value,for (auto& src : prov.params) {
163,7692,43,7749,14,loop body,logos::compiler::BorrowChecker::check_return_value,for (auto& src : prov.params) {
163,7698,21,7698,49,if guard,logos::compiler::BorrowChecker::check_return_value,if (it == param_lifetimes_.end()) continue;
0,7698,51,7698,59,if guard,logos::compiler::BorrowChecker::check_return_value,if (it == param_lifetimes_.end()) continue;
163,7699,17,7749,14,statement,logos::compiler::BorrowChecker::check_return_value,const std::string& src_lt = it->second;
163,7703,21,7703,37,if guard,logos::compiler::BorrowChecker::check_return_value,if (src_lt == ret_lt) continue;
110,7703,39,7703,47,if guard,logos::compiler::BorrowChecker::check_return_value,if (src_lt == ret_lt) continue;
53,7713,17,7749,14,call / statement,logos::compiler::BorrowChecker::check_return_value,"bool ok = ri_ ? ri_->outlives_named(src_lt, ret_lt)"
53,7713,27,7713,30,call / statement,logos::compiler::BorrowChecker::check_return_value,"bool ok = ri_ ? ri_->outlives_named(src_lt, ret_lt)"
53,7713,33,7713,68,call / statement,logos::compiler::BorrowChecker::check_return_value,"bool ok = ri_ ? ri_->outlives_named(src_lt, ret_lt)"
0,7714,33,7715,69,statement,logos::compiler::BorrowChecker::check_return_value,": outlives(src_lt, ret_lt, outlives_adj_,"
53,7716,21,7716,23,if guard,logos::compiler::BorrowChecker::check_return_value,if (ok) continue;
21,7716,25,7716,33,if guard,logos::compiler::BorrowChecker::check_return_value,if (ok) continue;
32,7722,17,7749,14,if guard,logos::compiler::BorrowChecker::check_return_value,if (src_lt.empty()) {
32,7722,21,7722,35,if guard,logos::compiler::BorrowChecker::check_return_value,if (src_lt.empty()) {
29,7722,37,7744,18,if guard,logos::compiler::BorrowChecker::check_return_value,if (src_lt.empty()) {
29,7724,25,7724,62,if guard,logos::compiler::BorrowChecker::check_return_value,if (inner != param_inner_lifetimes_.end()) {
17,7724,64,7743,22,if guard,logos::compiler::BorrowChecker::check_return_value,if (inner != param_inner_lifetimes_.end()) {
17,7737,38,7737,74,call / statement,logos::compiler::BorrowChecker::check_return_value,"bool found = logos::probe::on(""lifereg_aggtrust"")"
0,7738,44,7738,49,statement,logos::compiler::BorrowChecker::check_return_value,? false
17,7739,44,7739,65,statement,logos::compiler::BorrowChecker::check_return_value,: inner->second.empty();
15,7741,29,7741,72,if guard,logos::compiler::BorrowChecker::check_return_value,if (ilt == ret_lt) { found = true; break; }
15,7741,33,7741,46,if guard,logos::compiler::BorrowChecker::check_return_value,if (ilt == ret_lt) { found = true; break; }
15,7741,48,7741,72,if guard,logos::compiler::BorrowChecker::check_return_value,if (ilt == ret_lt) { found = true; break; }
17,7742,29,7742,34,if guard,logos::compiler::BorrowChecker::check_return_value,if (found) continue;
17,7742,36,7742,44,if guard,logos::compiler::BorrowChecker::check_return_value,if (found) continue;
15,7745,17,7749,14,diagnostic emission,logos::compiler::BorrowChecker::check_return_value,"report(line, std::format("
15,7748,34,7748,48,statement,logos::compiler::BorrowChecker::check_return_value,"ret_lt, src, src_lt.empty() ? ""(elided)"" : src_lt));"
12,7748,51,7748,61,statement,logos::compiler::BorrowChecker::check_return_value,"ret_lt, src, src_lt.empty() ? ""(elided)"" : src_lt));"
3,7748,64,7748,70,statement,logos::compiler::BorrowChecker::check_return_value,"ret_lt, src, src_lt.empty() ? ""(elided)"" : src_lt));"
2802892,7757,9,7778,6,if guard,logos::compiler::BorrowChecker::check_return_value,if (!prov.params.empty()) {
2802892,7757,13,7757,33,if guard,logos::compiler::BorrowChecker::check_return_value,if (!prov.params.empty()) {
329812,7757,35,7769,10,if guard,logos::compiler::BorrowChecker::check_return_value,if (!prov.params.empty()) {
329812,7759,17,7759,45,if guard,logos::compiler::BorrowChecker::check_return_value,if (param_lifetimes_.size() == 1) {
267565,7759,47,7766,14,if guard,logos::compiler::BorrowChecker::check_return_value,if (param_lifetimes_.size() == 1) {
267565,7761,21,7761,51,if guard,logos::compiler::BorrowChecker::check_return_value,if (!prov.params.count(sole_param)) {
0,7761,53,7765,18,if guard,logos::compiler::BorrowChecker::check_return_value,if (!prov.params.count(sole_param)) {
2473080,7773,9,7778,6,if guard,logos::compiler::BorrowChecker::check_return_value,if (!param_lifetimes_.empty()) {
2473080,7773,13,7773,38,if guard,logos::compiler::BorrowChecker::check_return_value,if (!param_lifetimes_.empty()) {
212091,7773,40,7776,10,if guard,logos::compiler::BorrowChecker::check_return_value,if (!param_lifetimes_.empty()) {
7085699,7808,54,8853,6,call / statement,logos::compiler::BorrowChecker::take_ref_borrows,bool record_only = false) {
7085699,7809,13,7809,15,if guard,logos::compiler::BorrowChecker::take_ref_borrows,if (!e) return;
16,7809,17,7809,23,if guard,logos::compiler::BorrowChecker::take_ref_borrows,if (!e) return;
7085683,7810,9,8853,6,statement,logos::compiler::BorrowChecker::take_ref_borrows,using namespace lir_view;
7085683,7856,13,7856,28,if guard,logos::compiler::BorrowChecker::take_ref_borrows,if (!holder.empty() && type_may_carry_borrow(e.type(pool))) {
7085683,7856,13,7856,67,if guard,logos::compiler::BorrowChecker::take_ref_borrows,if (!holder.empty() && type_may_carry_borrow(e.type(pool))) {
2281242,7856,32,7856,67,if guard,logos::compiler::BorrowChecker::take_ref_borrows,if (!holder.empty() && type_may_carry_borrow(e.type(pool))) {
682994,7856,69,7860,10,if guard,logos::compiler::BorrowChecker::take_ref_borrows,if (!holder.empty() && type_may_carry_borrow(e.type(pool))) {
659398,7859,35,7859,65,loop body,logos::compiler::BorrowChecker::take_ref_borrows,"for (auto& r : roots) inherit_loans(r, holder, line);"
13,7873,13,8851,22,switch arm,logos::compiler::BorrowChecker::take_ref_borrows,case Code::ClosureCall:
34,7874,13,7914,22,switch arm,logos::compiler::BorrowChecker::take_ref_borrows,case Code::FnPtrCall: {
34,7877,21,7877,36,if guard,logos::compiler::BorrowChecker::take_ref_borrows,if (is_ref_kind(rt) || is_borrow_carrying_type(rt))
34,7877,21,7877,67,if guard,logos::compiler::BorrowChecker::take_ref_borrows,if (is_ref_kind(rt) || is_borrow_carrying_type(rt))
17,7877,40,7877,67,if guard,logos::compiler::BorrowChecker::take_ref_borrows,if (is_ref_kind(rt) || is_borrow_carrying_type(rt))
26,7878,21,7885,30,if guard,logos::compiler::BorrowChecker::take_ref_borrows,if (caps)
26,7878,25,7878,29,if guard,logos::compiler::BorrowChecker::take_ref_borrows,if (caps)
6,7879,25,7885,30,loop body,logos::compiler::BorrowChecker::take_ref_borrows,for (auto& c : *caps)
6,7880,29,7885,30,if guard,logos::compiler::BorrowChecker::take_ref_borrows,"if (var_has(NO_SLOT, c) && !param_names_.count(c)) {"
6,7880,33,7880,52,if guard,logos::compiler::BorrowChecker::take_ref_borrows,"if (var_has(NO_SLOT, c) && !param_names_.count(c)) {"
6,7880,33,7880,78,if guard,logos::compiler::BorrowChecker::take_ref_borrows,"if (var_has(NO_SLOT, c) && !param_names_.count(c)) {"
6,7880,56,7880,78,if guard,logos::compiler::BorrowChecker::take_ref_borrows,"if (var_has(NO_SLOT, c) && !param_names_.count(c)) {"
6,7880,80,7885,30,if guard,logos::compiler::BorrowChecker::take_ref_borrows,"if (var_has(NO_SLOT, c) && !param_names_.count(c)) {"
34,7891,21,7891,26,if guard,logos::compiler::BorrowChecker::take_ref_borrows,if (!caps && e.kind() == Code::FnPtrCall) {
34,7891,21,7891,57,if guard,logos::compiler::BorrowChecker::take_ref_borrows,if (!caps && e.kind() == Code::FnPtrCall) {
28,7891,30,7891,57,if guard,logos::compiler::BorrowChecker::take_ref_borrows,if (!caps && e.kind() == Code::FnPtrCall) {
21,7891,59,7912,18,if guard,logos::compiler::BorrowChecker::take_ref_borrows,if (!caps && e.kind() == Code::FnPtrCall) {
22,7896,48,7911,22,call / statement,logos::compiler::BorrowChecker::take_ref_borrows,fv.each_arg([&](ExprRef a) {
22,7898,29,7898,31,if guard,logos::compiler::BorrowChecker::take_ref_borrows,if (!a) return;
0,7898,33,7898,39,if guard,logos::compiler::BorrowChecker::take_ref_borrows,if (!a) return;
22,7899,25,7911,22,if guard,logos::compiler::BorrowChecker::take_ref_borrows,if (fs && ix < fs->nparams && !(fs->to_result & (1ull << ix)))
22,7899,29,7899,31,if guard,logos::compiler::BorrowChecker::take_ref_borrows,if (fs && ix < fs->nparams && !(fs->to_result & (1ull << ix)))
22,7899,29,7899,51,if guard,logos::compiler::BorrowChecker::take_ref_borrows,if (fs && ix < fs->nparams && !(fs->to_result & (1ull << ix)))
22,7899,29,7899,86,if guard,logos::compiler::BorrowChecker::take_ref_borrows,if (fs && ix < fs->nparams && !(fs->to_result & (1ull << ix)))
7,7899,35,7899,51,if guard,logos::compiler::BorrowChecker::take_ref_borrows,if (fs && ix < fs->nparams && !(fs->to_result & (1ull << ix)))
7,7899,55,7899,86,if guard,logos::compiler::BorrowChecker::take_ref_borrows,if (fs && ix < fs->nparams && !(fs->to_result & (1ull << ix)))
2,7900,29,7900,35,early return,logos::compiler::BorrowChecker::take_ref_borrows,return;
20,7901,25,7911,22,if guard,logos::compiler::BorrowChecker::take_ref_borrows,if (is_ref_kind(a.type(pool)) ||
20,7901,29,7901,54,if guard,logos::compiler::BorrowChecker::take_ref_borrows,if (is_ref_kind(a.type(pool)) ||
20,7901,29,7902,78,if guard,logos::compiler::BorrowChecker::take_ref_borrows,if (is_ref_kind(a.type(pool)) ||
2,7902,29,7902,78,statement,logos::compiler::BorrowChecker::take_ref_borrows,(res_bc && is_borrow_carrying_type(a.type(pool))))
2,7902,30,7902,36,statement,logos::compiler::BorrowChecker::take_ref_borrows,(res_bc && is_borrow_carrying_type(a.type(pool))))
0,7902,40,7902,77,statement,logos::compiler::BorrowChecker::take_ref_borrows,(res_bc && is_borrow_carrying_type(a.type(pool))))
18,7910,29,7910,84,statement,logos::compiler::BorrowChecker::take_ref_borrows,"take_ref_borrows(a, line, holder, /*record_only=*/true);"
34,7913,21,7913,33,if guard,logos::compiler::BorrowChecker::take_ref_borrows,"if (!record_only) visit(e, /*consuming=*/true, line);"
25,7913,35,7913,69,if guard,logos::compiler::BorrowChecker::take_ref_borrows,"if (!record_only) visit(e, /*consuming=*/true, line);"
1448,7930,13,7935,22,switch arm,logos::compiler::BorrowChecker::take_ref_borrows,case Code::SliceLit: {
552511,7937,13,7943,22,switch arm,logos::compiler::BorrowChecker::take_ref_borrows,case Code::AddrOf: {
1113100,7948,13,8851,22,switch arm,logos::compiler::BorrowChecker::take_ref_borrows,case Code::AddrOfTemp: {
1113100,8000,21,8000,26,if guard,logos::compiler::BorrowChecker::take_ref_borrows,if (inner) {
1113100,8000,28,8008,18,if guard,logos::compiler::BorrowChecker::take_ref_borrows,if (inner) {
2167383,8002,28,8002,31,loop body,logos::compiler::BorrowChecker::take_ref_borrows,while (cur && cur.kind() == Code::Deref)
2167383,8002,28,8002,60,loop body,logos::compiler::BorrowChecker::take_ref_borrows,while (cur && cur.kind() == Code::Deref)
2167383,8002,35,8002,60,loop body,logos::compiler::BorrowChecker::take_ref_borrows,while (cur && cur.kind() == Code::Deref)
1054283,8003,25,8003,56,statement,logos::compiler::BorrowChecker::take_ref_borrows,cur = EDerefView{cur}.operand();
1113100,8004,25,8004,28,if guard,logos::compiler::BorrowChecker::take_ref_borrows,if (cur && cur != inner && lir_view::is_place_expr(cur)) {
1113100,8004,25,8004,44,if guard,logos::compiler::BorrowChecker::take_ref_borrows,if (cur && cur != inner && lir_view::is_place_expr(cur)) {
1113100,8004,25,8004,76,if guard,logos::compiler::BorrowChecker::take_ref_borrows,if (cur && cur != inner && lir_view::is_place_expr(cur)) {
1113100,8004,32,8004,44,if guard,logos::compiler::BorrowChecker::take_ref_borrows,if (cur && cur != inner && lir_view::is_place_expr(cur)) {
1054268,8004,48,8004,76,if guard,logos::compiler::BorrowChecker::take_ref_borrows,if (cur && cur != inner && lir_view::is_place_expr(cur)) {
1053980,8004,78,8007,22,if guard,logos::compiler::BorrowChecker::take_ref_borrows,if (cur && cur != inner && lir_view::is_place_expr(cur)) {
1053980,8005,29,8005,55,if guard,logos::compiler::BorrowChecker::take_ref_borrows,if (cur.kind() == Code::VarRef) reborrow_root = cur;
1053483,8005,57,8005,76,if guard,logos::compiler::BorrowChecker::take_ref_borrows,if (cur.kind() == Code::VarRef) reborrow_root = cur;
497,8006,30,8006,83,else-if guard,logos::compiler::BorrowChecker::take_ref_borrows,else if (is_ref_kind(cur.type(pool))) reborrow_place = cur;
497,8006,34,8006,61,else-if guard,logos::compiler::BorrowChecker::take_ref_borrows,else if (is_ref_kind(cur.type(pool))) reborrow_place = cur;
30,8006,63,8006,83,else-if guard,logos::compiler::BorrowChecker::take_ref_borrows,else if (is_ref_kind(cur.type(pool))) reborrow_place = cur;
1113100,8010,21,8010,30,call / statement,logos::compiler::BorrowChecker::take_ref_borrows,inner_var && is_ref_kind(inner_var.type(pool))) {
1113100,8010,21,8010,67,call / statement,logos::compiler::BorrowChecker::take_ref_borrows,inner_var && is_ref_kind(inner_var.type(pool))) {
1053483,8010,34,8010,67,call / statement,logos::compiler::BorrowChecker::take_ref_borrows,inner_var && is_ref_kind(inner_var.type(pool))) {
1049334,8010,69,8033,18,call / statement,logos::compiler::BorrowChecker::take_ref_borrows,inner_var && is_ref_kind(inner_var.type(pool))) {
1049334,8013,65,8013,79,if guard,logos::compiler::BorrowChecker::take_ref_borrows,"if (auto sit = var_find(rname_slot, rname); sit != nullptr) {"
1049326,8013,81,8032,22,if guard,logos::compiler::BorrowChecker::take_ref_borrows,"if (auto sit = var_find(rname_slot, rname); sit != nullptr) {"
63774,8040,17,8851,22,if guard,logos::compiler::BorrowChecker::take_ref_borrows,if (inner && inner.kind() == Code::Deref) {
63774,8040,21,8040,26,if guard,logos::compiler::BorrowChecker::take_ref_borrows,if (inner && inner.kind() == Code::Deref) {
63774,8040,21,8040,57,if guard,logos::compiler::BorrowChecker::take_ref_borrows,if (inner && inner.kind() == Code::Deref) {
63774,8040,30,8040,57,if guard,logos::compiler::BorrowChecker::take_ref_borrows,if (inner && inner.kind() == Code::Deref) {
4942,8040,59,8055,18,if guard,logos::compiler::BorrowChecker::take_ref_borrows,if (inner && inner.kind() == Code::Deref) {
4942,8042,25,8042,27,call / statement,logos::compiler::BorrowChecker::take_ref_borrows,op && op.kind() == Code::MethodCall) {
4942,8042,25,8042,60,call / statement,logos::compiler::BorrowChecker::take_ref_borrows,op && op.kind() == Code::MethodCall) {
4942,8042,31,8042,60,call / statement,logos::compiler::BorrowChecker::take_ref_borrows,op && op.kind() == Code::MethodCall) {
29,8042,62,8054,22,call / statement,logos::compiler::BorrowChecker::take_ref_borrows,op && op.kind() == Code::MethodCall) {
63745,8061,17,8851,22,statement,logos::compiler::BorrowChecker::take_ref_borrows,"BorrowPlace bp = extract_borrow_place(inner, pool);"
63745,8065,21,8065,34,if guard,logos::compiler::BorrowChecker::take_ref_borrows,if (!root.empty()) {
55398,8065,36,8132,18,if guard,logos::compiler::BorrowChecker::take_ref_borrows,if (!root.empty()) {
55398,8073,25,8073,39,if guard,logos::compiler::BorrowChecker::take_ref_borrows,if (reborrow_place && sit != nullptr &&
55398,8073,25,8073,57,if guard,logos::compiler::BorrowChecker::take_ref_borrows,if (reborrow_place && sit != nullptr &&
55398,8073,25,8074,45,if guard,logos::compiler::BorrowChecker::take_ref_borrows,if (reborrow_place && sit != nullptr &&
55398,8073,25,8074,74,if guard,logos::compiler::BorrowChecker::take_ref_borrows,if (reborrow_place && sit != nullptr &&
30,8073,43,8073,57,if guard,logos::compiler::BorrowChecker::take_ref_borrows,if (reborrow_place && sit != nullptr &&
30,8074,25,8074,45,statement,logos::compiler::BorrowChecker::take_ref_borrows,!sit->is_mut_binding && !param_names_.count(root)) {
16,8074,49,8074,74,statement,logos::compiler::BorrowChecker::take_ref_borrows,!sit->is_mut_binding && !param_names_.count(root)) {
13,8074,76,8078,22,statement,logos::compiler::BorrowChecker::take_ref_borrows,!sit->is_mut_binding && !param_names_.count(root)) {
55398,8079,25,8079,39,if guard,logos::compiler::BorrowChecker::take_ref_borrows,if (sit != nullptr && !path.empty()) {
55398,8079,25,8079,56,if guard,logos::compiler::BorrowChecker::take_ref_borrows,if (sit != nullptr && !path.empty()) {
53455,8079,43,8079,56,if guard,logos::compiler::BorrowChecker::take_ref_borrows,if (sit != nullptr && !path.empty()) {
9491,8079,58,8089,22,if guard,logos::compiler::BorrowChecker::take_ref_borrows,if (sit != nullptr && !path.empty()) {
9491,8082,35,8082,38,if guard,logos::compiler::BorrowChecker::take_ref_borrows,if (auto* hit = find_moved_overlap(
2,8083,59,8088,26,call / statement,logos::compiler::BorrowChecker::take_ref_borrows,"sit->moved_fields, path)) {"
55396,8090,21,8132,18,if guard,logos::compiler::BorrowChecker::take_ref_borrows,if (index_in_chain) {
55396,8090,25,8090,39,if guard,logos::compiler::BorrowChecker::take_ref_borrows,if (index_in_chain) {
16723,8090,41,8098,22,if guard,logos::compiler::BorrowChecker::take_ref_borrows,if (index_in_chain) {
16723,8095,29,8095,34,if guard,logos::compiler::BorrowChecker::take_ref_borrows,"if (inner) visit(inner, /*consuming=*/false, line);"
16723,8095,36,8095,75,if guard,logos::compiler::BorrowChecker::take_ref_borrows,"if (inner) visit(inner, /*consuming=*/false, line);"
38673,8099,21,8132,18,if guard,logos::compiler::BorrowChecker::take_ref_borrows,if (!path.empty()) {
38673,8099,25,8099,38,if guard,logos::compiler::BorrowChecker::take_ref_borrows,if (!path.empty()) {
9480,8099,40,8114,22,if guard,logos::compiler::BorrowChecker::take_ref_borrows,if (!path.empty()) {
9480,8111,29,8111,34,if guard,logos::compiler::BorrowChecker::take_ref_borrows,"if (inner) visit(inner, /*consuming=*/false, line);"
9480,8111,36,8111,75,if guard,logos::compiler::BorrowChecker::take_ref_borrows,"if (inner) visit(inner, /*consuming=*/false, line);"
29193,8127,21,8132,18,if guard,logos::compiler::BorrowChecker::take_ref_borrows,if (view_base) {
29193,8127,25,8127,34,if guard,logos::compiler::BorrowChecker::take_ref_borrows,if (view_base) {
899,8127,36,8131,22,if guard,logos::compiler::BorrowChecker::take_ref_borrows,if (view_base) {
899,8128,29,8128,34,if guard,logos::compiler::BorrowChecker::take_ref_borrows,"if (inner) visit(inner, /*consuming=*/false, line);"
899,8128,36,8128,75,if guard,logos::compiler::BorrowChecker::take_ref_borrows,"if (inner) visit(inner, /*consuming=*/false, line);"
36641,8133,17,8134,22,if guard,logos::compiler::BorrowChecker::take_ref_borrows,"if (!record_only) visit(e, /*consuming=*/true, line);  // #70"
36641,8133,21,8133,33,if guard,logos::compiler::BorrowChecker::take_ref_borrows,"if (!record_only) visit(e, /*consuming=*/true, line);  // #70"
36363,8133,35,8133,69,if guard,logos::compiler::BorrowChecker::take_ref_borrows,"if (!record_only) visit(e, /*consuming=*/true, line);  // #70"
284,8136,13,8150,22,switch arm,logos::compiler::BorrowChecker::take_ref_borrows,case Code::IfExpr: {
284,8138,21,8138,33,if guard,logos::compiler::BorrowChecker::take_ref_borrows,"if (!record_only) visit(v.cond(), /*consuming=*/true, line);  // #70"
276,8138,35,8138,76,if guard,logos::compiler::BorrowChecker::take_ref_borrows,"if (!record_only) visit(v.cond(), /*consuming=*/true, line);  // #70"
25627,8161,13,8388,22,switch arm,logos::compiler::BorrowChecker::take_ref_borrows,case Code::Call: {
25627,8172,21,8172,50,statement,logos::compiler::BorrowChecker::take_ref_borrows,it != fn_index_.by_name.end() && it->second &&
25627,8172,21,8172,64,statement,logos::compiler::BorrowChecker::take_ref_borrows,it != fn_index_.by_name.end() && it->second &&
25627,8172,21,8173,49,statement,logos::compiler::BorrowChecker::take_ref_borrows,it != fn_index_.by_name.end() && it->second &&
25627,8172,21,8173,82,statement,logos::compiler::BorrowChecker::take_ref_borrows,it != fn_index_.by_name.end() && it->second &&
15137,8172,54,8172,64,statement,logos::compiler::BorrowChecker::take_ref_borrows,it != fn_index_.by_name.end() && it->second &&
15137,8173,21,8173,49,statement,logos::compiler::BorrowChecker::take_ref_borrows,!it->second.params().empty() && is_self_borrowing(it->second)) {
14114,8173,53,8173,82,statement,logos::compiler::BorrowChecker::take_ref_borrows,!it->second.params().empty() && is_self_borrowing(it->second)) {
7662,8173,84,8268,18,statement,logos::compiler::BorrowChecker::take_ref_borrows,!it->second.params().empty() && is_self_borrowing(it->second)) {
7662,8241,35,8241,37,statement,logos::compiler::BorrowChecker::take_ref_borrows,bool p0_ref = p0 && (p0.kind() == LogosType::Kind::Ref ||
7662,8241,41,8242,79,statement,logos::compiler::BorrowChecker::take_ref_borrows,bool p0_ref = p0 && (p0.kind() == LogosType::Kind::Ref ||
7662,8241,42,8241,75,statement,logos::compiler::BorrowChecker::take_ref_borrows,bool p0_ref = p0 && (p0.kind() == LogosType::Kind::Ref ||
2885,8242,42,8242,78,statement,logos::compiler::BorrowChecker::take_ref_borrows,p0.kind() == LogosType::Kind::MutRef);
7662,8243,25,8244,42,if guard,logos::compiler::BorrowChecker::take_ref_borrows,if ((p0 && p0.kind() == LogosType::Kind::DstRef &&
7662,8243,25,8244,52,if guard,logos::compiler::BorrowChecker::take_ref_borrows,if ((p0 && p0.kind() == LogosType::Kind::DstRef &&
7662,8243,26,8243,28,if guard,logos::compiler::BorrowChecker::take_ref_borrows,if ((p0 && p0.kind() == LogosType::Kind::DstRef &&
7662,8243,26,8243,68,if guard,logos::compiler::BorrowChecker::take_ref_borrows,if ((p0 && p0.kind() == LogosType::Kind::DstRef &&
7662,8243,32,8243,68,if guard,logos::compiler::BorrowChecker::take_ref_borrows,if ((p0 && p0.kind() == LogosType::Kind::DstRef &&
125,8244,25,8244,41,statement,logos::compiler::BorrowChecker::take_ref_borrows,!p0.owning_dst()) || p0_ref) {
7537,8244,46,8244,52,statement,logos::compiler::BorrowChecker::take_ref_borrows,!p0.owning_dst()) || p0_ref) {
5001,8244,54,8267,22,statement,logos::compiler::BorrowChecker::take_ref_borrows,!p0.owning_dst()) || p0_ref) {
7920,8246,50,8246,77,statement,logos::compiler::BorrowChecker::take_ref_borrows,v.each_arg([&](ExprRef a){ if (ai0++ == 0) a0 = a; });
7920,8246,56,8246,66,statement,logos::compiler::BorrowChecker::take_ref_borrows,v.each_arg([&](ExprRef a){ if (ai0++ == 0) a0 = a; });
5001,8246,68,8246,74,statement,logos::compiler::BorrowChecker::take_ref_borrows,v.each_arg([&](ExprRef a){ if (ai0++ == 0) a0 = a; });
5001,8252,29,8252,31,if guard,logos::compiler::BorrowChecker::take_ref_borrows,if (a0 && a0.kind() == Code::AddrOfTemp)
5001,8252,29,8252,64,if guard,logos::compiler::BorrowChecker::take_ref_borrows,if (a0 && a0.kind() == Code::AddrOfTemp)
5001,8252,35,8252,64,if guard,logos::compiler::BorrowChecker::take_ref_borrows,if (a0 && a0.kind() == Code::AddrOfTemp)
656,8253,29,8253,61,statement,logos::compiler::BorrowChecker::take_ref_borrows,a0 = EAddrOfTempView{a0}.inner();
5001,8254,29,8254,31,if guard,logos::compiler::BorrowChecker::take_ref_borrows,if (a0) {
5001,8254,33,8266,26,if guard,logos::compiler::BorrowChecker::take_ref_borrows,if (a0) {
5001,8256,43,8256,55,statement,logos::compiler::BorrowChecker::take_ref_borrows,bool rawptr = bp.root_type &&
1223,8257,33,8257,76,statement,logos::compiler::BorrowChecker::take_ref_borrows,bp.root_type.kind() == LogosType::Kind::Ptr;
5001,8258,33,8258,49,if guard,logos::compiler::BorrowChecker::take_ref_borrows,if (!bp.root.empty() && !rawptr &&
5001,8258,33,8258,60,if guard,logos::compiler::BorrowChecker::take_ref_borrows,if (!bp.root.empty() && !rawptr &&
5001,8258,33,8259,63,if guard,logos::compiler::BorrowChecker::take_ref_borrows,if (!bp.root.empty() && !rawptr &&
1223,8258,53,8258,60,if guard,logos::compiler::BorrowChecker::take_ref_borrows,if (!bp.root.empty() && !rawptr &&
1217,8259,33,8259,63,call / statement,logos::compiler::BorrowChecker::take_ref_borrows,"var_has(bp.root_slot, bp.root)) {"
1217,8259,65,8265,30,call / statement,logos::compiler::BorrowChecker::take_ref_borrows,"var_has(bp.root_slot, bp.root)) {"
1217,8260,42,8260,54,statement,logos::compiler::BorrowChecker::take_ref_borrows,bool m = p0.mut_ptr() ||
1215,8261,37,8261,73,statement,logos::compiler::BorrowChecker::take_ref_borrows,p0.kind() == LogosType::Kind::MutRef;
25627,8286,21,8286,26,if guard,logos::compiler::BorrowChecker::take_ref_borrows,if (blind && !tied_recv && !holder.empty() &&
25627,8286,21,8286,40,if guard,logos::compiler::BorrowChecker::take_ref_borrows,if (blind && !tied_recv && !holder.empty() &&
25627,8286,21,8286,59,if guard,logos::compiler::BorrowChecker::take_ref_borrows,if (blind && !tied_recv && !holder.empty() &&
25627,8286,21,8288,48,if guard,logos::compiler::BorrowChecker::take_ref_borrows,if (blind && !tied_recv && !holder.empty() &&
0,8286,30,8286,40,if guard,logos::compiler::BorrowChecker::take_ref_borrows,if (blind && !tied_recv && !holder.empty() &&
0,8286,44,8286,59,if guard,logos::compiler::BorrowChecker::take_ref_borrows,if (blind && !tied_recv && !holder.empty() &&
0,8287,21,8288,48,statement,logos::compiler::BorrowChecker::take_ref_borrows,fn_index_.by_name.find(std::string(v.callee())) ==
0,8288,50,8301,18,call / statement,logos::compiler::BorrowChecker::take_ref_borrows,fn_index_.by_name.end()) {
0,8290,46,8290,72,statement,logos::compiler::BorrowChecker::take_ref_borrows,v.each_arg([&](ExprRef a){ if (bi++ == 0) b0 = a; });
0,8290,52,8290,61,statement,logos::compiler::BorrowChecker::take_ref_borrows,v.each_arg([&](ExprRef a){ if (bi++ == 0) b0 = a; });
0,8290,63,8290,69,statement,logos::compiler::BorrowChecker::take_ref_borrows,v.each_arg([&](ExprRef a){ if (bi++ == 0) b0 = a; });
0,8291,25,8291,27,if guard,logos::compiler::BorrowChecker::take_ref_borrows,if (b0 && b0.kind() == Code::AddrOfTemp) {
0,8291,25,8291,60,if guard,logos::compiler::BorrowChecker::take_ref_borrows,if (b0 && b0.kind() == Code::AddrOfTemp) {
0,8291,31,8291,60,if guard,logos::compiler::BorrowChecker::take_ref_borrows,if (b0 && b0.kind() == Code::AddrOfTemp) {
0,8291,62,8300,22,if guard,logos::compiler::BorrowChecker::take_ref_borrows,if (b0 && b0.kind() == Code::AddrOfTemp) {
0,8294,39,8294,51,statement,logos::compiler::BorrowChecker::take_ref_borrows,bool rawptr = bp.root_type &&
0,8295,29,8295,72,statement,logos::compiler::BorrowChecker::take_ref_borrows,bp.root_type.kind() == LogosType::Kind::Ptr;
0,8296,29,8296,45,if guard,logos::compiler::BorrowChecker::take_ref_borrows,if (!bp.root.empty() && !rawptr &&
0,8296,29,8296,56,if guard,logos::compiler::BorrowChecker::take_ref_borrows,if (!bp.root.empty() && !rawptr &&
0,8296,29,8297,59,if guard,logos::compiler::BorrowChecker::take_ref_borrows,if (!bp.root.empty() && !rawptr &&
0,8296,49,8296,56,if guard,logos::compiler::BorrowChecker::take_ref_borrows,if (!bp.root.empty() && !rawptr &&
0,8297,29,8297,59,call / statement,logos::compiler::BorrowChecker::take_ref_borrows,"var_has(bp.root_slot, bp.root))"
0,8298,29,8299,71,statement,logos::compiler::BorrowChecker::take_ref_borrows,"record_borrow(bp, /*is_mut=*/false, line, holder,"
40766,8310,43,8387,18,call / statement,logos::compiler::BorrowChecker::take_ref_borrows,v.each_arg([&](ExprRef a) {
40766,8311,36,8311,45,statement,logos::compiler::BorrowChecker::take_ref_borrows,bool is_recv = tied_recv && ai == 0;
1850,8311,49,8311,56,statement,logos::compiler::BorrowChecker::take_ref_borrows,bool is_recv = tied_recv && ai == 0;
40766,8313,25,8313,32,if guard,logos::compiler::BorrowChecker::take_ref_borrows,if (is_recv) return;   // receiver borrow recorded above
1217,8313,34,8313,40,if guard,logos::compiler::BorrowChecker::take_ref_borrows,if (is_recv) return;   // receiver borrow recorded above
39549,8314,21,8387,18,if guard,logos::compiler::BorrowChecker::take_ref_borrows,if (!a) return;
39549,8314,25,8314,27,if guard,logos::compiler::BorrowChecker::take_ref_borrows,if (!a) return;
0,8314,29,8314,35,if guard,logos::compiler::BorrowChecker::take_ref_borrows,if (!a) return;
39549,8338,21,8387,18,if guard,logos::compiler::BorrowChecker::take_ref_borrows,if (ai == 1 && !tied_recv && !holder.empty() &&
39549,8338,25,8338,32,if guard,logos::compiler::BorrowChecker::take_ref_borrows,if (ai == 1 && !tied_recv && !holder.empty() &&
39549,8338,25,8338,46,if guard,logos::compiler::BorrowChecker::take_ref_borrows,if (ai == 1 && !tied_recv && !holder.empty() &&
39549,8338,25,8338,65,if guard,logos::compiler::BorrowChecker::take_ref_borrows,if (ai == 1 && !tied_recv && !holder.empty() &&
39549,8338,25,8339,53,if guard,logos::compiler::BorrowChecker::take_ref_borrows,if (ai == 1 && !tied_recv && !holder.empty() &&
23296,8338,36,8338,46,if guard,logos::compiler::BorrowChecker::take_ref_borrows,if (ai == 1 && !tied_recv && !holder.empty() &&
23296,8338,50,8338,65,if guard,logos::compiler::BorrowChecker::take_ref_borrows,if (ai == 1 && !tied_recv && !holder.empty() &&
19838,8339,25,8339,53,call / statement,logos::compiler::BorrowChecker::take_ref_borrows,a.kind() == Code::AddrOfTemp) {
2411,8339,55,8372,22,call / statement,logos::compiler::BorrowChecker::take_ref_borrows,a.kind() == Code::AddrOfTemp) {
2411,8342,29,8342,46,if guard,logos::compiler::BorrowChecker::take_ref_borrows,"if (!pbp.root.empty() && var_has(pbp.root_slot, pbp.root)) {"
2411,8342,29,8342,82,if guard,logos::compiler::BorrowChecker::take_ref_borrows,"if (!pbp.root.empty() && var_has(pbp.root_slot, pbp.root)) {"
2397,8342,50,8342,82,if guard,logos::compiler::BorrowChecker::take_ref_borrows,"if (!pbp.root.empty() && var_has(pbp.root_slot, pbp.root)) {"
2397,8342,84,8371,26,if guard,logos::compiler::BorrowChecker::take_ref_borrows,"if (!pbp.root.empty() && var_has(pbp.root_slot, pbp.root)) {"
2397,8363,33,8363,64,if guard,logos::compiler::BorrowChecker::take_ref_borrows,"if (logos::probe::on(""genautorefx"")) {"
0,8363,66,8370,30,if guard,logos::compiler::BorrowChecker::take_ref_borrows,"if (logos::probe::on(""genautorefx"")) {"
0,8364,47,8364,60,statement,logos::compiler::BorrowChecker::take_ref_borrows,bool rawptr = pbp.root_type &&
0,8365,37,8365,81,statement,logos::compiler::BorrowChecker::take_ref_borrows,pbp.root_type.kind() == LogosType::Kind::Ptr;
0,8366,37,8366,44,if guard,logos::compiler::BorrowChecker::take_ref_borrows,if (!rawptr)
0,8367,37,8369,77,statement,logos::compiler::BorrowChecker::take_ref_borrows,"record_borrow(pbp,"
39549,8383,25,8383,50,if guard,logos::compiler::BorrowChecker::take_ref_borrows,if (is_ref_kind(a.type(pool)) ||
39549,8383,25,8384,74,if guard,logos::compiler::BorrowChecker::take_ref_borrows,if (is_ref_kind(a.type(pool)) ||
39549,8383,25,8385,53,if guard,logos::compiler::BorrowChecker::take_ref_borrows,if (is_ref_kind(a.type(pool)) ||
29717,8384,25,8384,74,statement,logos::compiler::BorrowChecker::take_ref_borrows,(res_bc && is_borrow_carrying_type(a.type(pool))) ||
29717,8384,26,8384,32,statement,logos::compiler::BorrowChecker::take_ref_borrows,(res_bc && is_borrow_carrying_type(a.type(pool))) ||
5670,8384,36,8384,73,statement,logos::compiler::BorrowChecker::take_ref_borrows,(res_bc && is_borrow_carrying_type(a.type(pool))) ||
27660,8385,25,8385,53,call / statement,logos::compiler::BorrowChecker::take_ref_borrows,retains_borrowing_operand(a))
13230,8386,25,8386,71,statement,logos::compiler::BorrowChecker::take_ref_borrows,"take_ref_borrows(a, line, holder, record_only);  // #70"
18577,8390,13,8851,22,switch arm,logos::compiler::BorrowChecker::take_ref_borrows,case Code::MethodCall: {
18577,8405,21,8405,44,if guard,logos::compiler::BorrowChecker::take_ref_borrows,if (!result_borrows_self(v)) {
6908,8405,46,8432,18,if guard,logos::compiler::BorrowChecker::take_ref_borrows,if (!result_borrows_self(v)) {
6908,8427,25,8427,57,if guard,logos::compiler::BorrowChecker::take_ref_borrows,"if (logos::probe::on(""mcallrefrecv"") && recv &&"
6908,8427,25,8427,65,if guard,logos::compiler::BorrowChecker::take_ref_borrows,"if (logos::probe::on(""mcallrefrecv"") && recv &&"
6908,8427,25,8428,53,if guard,logos::compiler::BorrowChecker::take_ref_borrows,"if (logos::probe::on(""mcallrefrecv"") && recv &&"
0,8427,61,8427,65,if guard,logos::compiler::BorrowChecker::take_ref_borrows,"if (logos::probe::on(""mcallrefrecv"") && recv &&"
0,8428,25,8428,53,call / statement,logos::compiler::BorrowChecker::take_ref_borrows,is_ref_kind(recv.type(pool)))
0,8429,25,8429,74,statement,logos::compiler::BorrowChecker::take_ref_borrows,"take_ref_borrows(recv, line, holder, record_only);"
6908,8430,25,8430,37,if guard,logos::compiler::BorrowChecker::take_ref_borrows,"if (!record_only) visit(e, /*consuming=*/false, line);"
6547,8430,39,8430,74,if guard,logos::compiler::BorrowChecker::take_ref_borrows,"if (!record_only) visit(e, /*consuming=*/false, line);"
11669,8440,17,8528,22,if guard,logos::compiler::BorrowChecker::take_ref_borrows,if (recv && recv.kind() == Code::AddrOfTemp && result_borrows_self(v)) {
11669,8440,21,8440,25,if guard,logos::compiler::BorrowChecker::take_ref_borrows,if (recv && recv.kind() == Code::AddrOfTemp && result_borrows_self(v)) {
11669,8440,21,8440,60,if guard,logos::compiler::BorrowChecker::take_ref_borrows,if (recv && recv.kind() == Code::AddrOfTemp && result_borrows_self(v)) {
11669,8440,21,8440,86,if guard,logos::compiler::BorrowChecker::take_ref_borrows,if (recv && recv.kind() == Code::AddrOfTemp && result_borrows_self(v)) {
11669,8440,29,8440,60,if guard,logos::compiler::BorrowChecker::take_ref_borrows,if (recv && recv.kind() == Code::AddrOfTemp && result_borrows_self(v)) {
4242,8440,64,8440,86,if guard,logos::compiler::BorrowChecker::take_ref_borrows,if (recv && recv.kind() == Code::AddrOfTemp && result_borrows_self(v)) {
4242,8440,88,8461,18,if guard,logos::compiler::BorrowChecker::take_ref_borrows,if (recv && recv.kind() == Code::AddrOfTemp && result_borrows_self(v)) {
4242,8446,43,8446,55,statement,logos::compiler::BorrowChecker::take_ref_borrows,bool root_is_rawptr = bp.root_type &&
4193,8447,25,8447,68,statement,logos::compiler::BorrowChecker::take_ref_borrows,bp.root_type.kind() == LogosType::Kind::Ptr;
4242,8448,25,8448,41,if guard,logos::compiler::BorrowChecker::take_ref_borrows,"if (!bp.root.empty() && !root_is_rawptr && var_has(bp.root_slot, bp.root)) {"
4242,8448,25,8448,60,if guard,logos::compiler::BorrowChecker::take_ref_borrows,"if (!bp.root.empty() && !root_is_rawptr && var_has(bp.root_slot, bp.root)) {"
4242,8448,25,8448,94,if guard,logos::compiler::BorrowChecker::take_ref_borrows,"if (!bp.root.empty() && !root_is_rawptr && var_has(bp.root_slot, bp.root)) {"
4193,8448,45,8448,60,if guard,logos::compiler::BorrowChecker::take_ref_borrows,"if (!bp.root.empty() && !root_is_rawptr && var_has(bp.root_slot, bp.root)) {"
4193,8448,64,8448,94,if guard,logos::compiler::BorrowChecker::take_ref_borrows,"if (!bp.root.empty() && !root_is_rawptr && var_has(bp.root_slot, bp.root)) {"
3636,8448,96,8460,22,if guard,logos::compiler::BorrowChecker::take_ref_borrows,"if (!bp.root.empty() && !root_is_rawptr && var_has(bp.root_slot, bp.root)) {"
3636,8449,34,8449,45,statement,logos::compiler::BorrowChecker::take_ref_borrows,bool m = av.is_mut() || force_mut;
3390,8449,49,8449,58,statement,logos::compiler::BorrowChecker::take_ref_borrows,bool m = av.is_mut() || force_mut;
7427,8461,24,8517,18,else-if guard,logos::compiler::BorrowChecker::take_ref_borrows,} else if (recv && result_borrows_self(v)) {
7427,8461,28,8461,32,else-if guard,logos::compiler::BorrowChecker::take_ref_borrows,} else if (recv && result_borrows_self(v)) {
7427,8461,28,8461,58,else-if guard,logos::compiler::BorrowChecker::take_ref_borrows,} else if (recv && result_borrows_self(v)) {
7427,8461,36,8461,58,else-if guard,logos::compiler::BorrowChecker::take_ref_borrows,} else if (recv && result_borrows_self(v)) {
7427,8461,60,8515,18,else-if guard,logos::compiler::BorrowChecker::take_ref_borrows,} else if (recv && result_borrows_self(v)) {
7427,8474,43,8474,55,statement,logos::compiler::BorrowChecker::take_ref_borrows,bool root_is_rawptr = bp.root_type &&
7392,8475,25,8475,68,statement,logos::compiler::BorrowChecker::take_ref_borrows,bp.root_type.kind() == LogosType::Kind::Ptr;
7427,8477,25,8477,37,if guard,logos::compiler::BorrowChecker::take_ref_borrows,if (bp.root_type &&
7427,8477,25,8479,78,if guard,logos::compiler::BorrowChecker::take_ref_borrows,if (bp.root_type &&
7392,8478,25,8479,78,statement,logos::compiler::BorrowChecker::take_ref_borrows,(bp.root_type.kind() == LogosType::Kind::Struct ||
7392,8478,26,8478,72,statement,logos::compiler::BorrowChecker::take_ref_borrows,(bp.root_type.kind() == LogosType::Kind::Struct ||
5045,8479,26,8479,77,call / statement,logos::compiler::BorrowChecker::take_ref_borrows,bp.root_type.kind() == LogosType::Kind::ZonedStruct)) {
2347,8479,80,8504,22,call / statement,logos::compiler::BorrowChecker::take_ref_borrows,bp.root_type.kind() == LogosType::Kind::ZonedStruct)) {
2347,8481,53,8481,75,if guard,logos::compiler::BorrowChecker::take_ref_borrows,if (auto d = rn.rfind('.'); d != std::string::npos)
0,8482,29,8482,50,statement,logos::compiler::BorrowChecker::take_ref_borrows,rn = rn.substr(d + 1);
2347,8483,53,8483,75,if guard,logos::compiler::BorrowChecker::take_ref_borrows,"if (auto g = rn.find(""$G""); g != std::string::npos)"
0,8484,29,8484,49,statement,logos::compiler::BorrowChecker::take_ref_borrows,"rn = rn.substr(0, g);"
2347,8502,38,8502,67,statement,logos::compiler::BorrowChecker::take_ref_borrows,"root_is_rc = !logos::probe::on(""rcexempt"") &&"
2347,8503,38,8503,65,statement,logos::compiler::BorrowChecker::take_ref_borrows,"(rn == ""Rc"" || rn == ""Arc"");"
2347,8503,39,8503,49,statement,logos::compiler::BorrowChecker::take_ref_borrows,"(rn == ""Rc"" || rn == ""Arc"");"
2182,8503,53,8503,64,statement,logos::compiler::BorrowChecker::take_ref_borrows,"(rn == ""Rc"" || rn == ""Arc"");"
7427,8505,25,8505,41,if guard,logos::compiler::BorrowChecker::take_ref_borrows,if (!bp.root.empty() && !root_is_rawptr && !root_is_rc &&
7427,8505,25,8505,60,if guard,logos::compiler::BorrowChecker::take_ref_borrows,if (!bp.root.empty() && !root_is_rawptr && !root_is_rc &&
7427,8505,25,8505,75,if guard,logos::compiler::BorrowChecker::take_ref_borrows,if (!bp.root.empty() && !root_is_rawptr && !root_is_rc &&
7427,8505,25,8506,55,if guard,logos::compiler::BorrowChecker::take_ref_borrows,if (!bp.root.empty() && !root_is_rawptr && !root_is_rc &&
7392,8505,45,8505,60,if guard,logos::compiler::BorrowChecker::take_ref_borrows,if (!bp.root.empty() && !root_is_rawptr && !root_is_rc &&
6757,8505,64,8505,75,if guard,logos::compiler::BorrowChecker::take_ref_borrows,if (!bp.root.empty() && !root_is_rawptr && !root_is_rc &&
6548,8506,25,8506,55,call / statement,logos::compiler::BorrowChecker::take_ref_borrows,"var_has(bp.root_slot, bp.root)) {"
6548,8506,57,8514,22,call / statement,logos::compiler::BorrowChecker::take_ref_borrows,"var_has(bp.root_slot, bp.root)) {"
6548,8507,34,8507,58,statement,logos::compiler::BorrowChecker::take_ref_borrows,bool m = method_self_kind(v) == 2 || force_mut;
6407,8507,62,8507,71,statement,logos::compiler::BorrowChecker::take_ref_borrows,bool m = method_self_kind(v) == 2 || force_mut;
0,8515,24,8517,18,else-if guard,logos::compiler::BorrowChecker::take_ref_borrows,} else if (recv && is_ref_kind(recv.type(pool))) {
0,8515,28,8515,32,else-if guard,logos::compiler::BorrowChecker::take_ref_borrows,} else if (recv && is_ref_kind(recv.type(pool))) {
0,8515,28,8515,64,else-if guard,logos::compiler::BorrowChecker::take_ref_borrows,} else if (recv && is_ref_kind(recv.type(pool))) {
0,8515,36,8515,64,else-if guard,logos::compiler::BorrowChecker::take_ref_borrows,} else if (recv && is_ref_kind(recv.type(pool))) {
0,8515,66,8517,18,else-if guard,logos::compiler::BorrowChecker::take_ref_borrows,} else if (recv && is_ref_kind(recv.type(pool))) {
4571,8520,43,8527,18,call / statement,logos::compiler::BorrowChecker::take_ref_borrows,v.each_arg([&](ExprRef a) {
4571,8521,25,8521,27,if guard,logos::compiler::BorrowChecker::take_ref_borrows,if (!a) return;
0,8521,29,8521,35,if guard,logos::compiler::BorrowChecker::take_ref_borrows,if (!a) return;
4571,8523,21,8527,18,if guard,logos::compiler::BorrowChecker::take_ref_borrows,if (is_ref_kind(a.type(pool)) ||
4571,8523,25,8523,50,if guard,logos::compiler::BorrowChecker::take_ref_borrows,if (is_ref_kind(a.type(pool)) ||
4571,8523,25,8524,76,if guard,logos::compiler::BorrowChecker::take_ref_borrows,if (is_ref_kind(a.type(pool)) ||
4571,8523,25,8525,53,if guard,logos::compiler::BorrowChecker::take_ref_borrows,if (is_ref_kind(a.type(pool)) ||
4329,8524,25,8524,76,statement,logos::compiler::BorrowChecker::take_ref_borrows,(res_bc_m && is_borrow_carrying_type(a.type(pool))) ||
4329,8524,26,8524,34,statement,logos::compiler::BorrowChecker::take_ref_borrows,(res_bc_m && is_borrow_carrying_type(a.type(pool))) ||
1695,8524,38,8524,75,statement,logos::compiler::BorrowChecker::take_ref_borrows,(res_bc_m && is_borrow_carrying_type(a.type(pool))) ||
4026,8525,25,8525,53,call / statement,logos::compiler::BorrowChecker::take_ref_borrows,retains_borrowing_operand(a))
545,8526,25,8526,71,statement,logos::compiler::BorrowChecker::take_ref_borrows,"take_ref_borrows(a, line, holder, record_only);  // #70"
41,8530,13,8601,22,switch arm,logos::compiler::BorrowChecker::take_ref_borrows,case Code::MatchExpr: {
41,8542,21,8542,30,if guard,logos::compiler::BorrowChecker::take_ref_borrows,if (v.scrut() && type_may_carry_borrow(v.scrut().type(pool)))
41,8542,21,8542,77,if guard,logos::compiler::BorrowChecker::take_ref_borrows,if (v.scrut() && type_may_carry_borrow(v.scrut().type(pool)))
41,8542,34,8542,77,if guard,logos::compiler::BorrowChecker::take_ref_borrows,if (v.scrut() && type_may_carry_borrow(v.scrut().type(pool)))
21,8543,21,8543,57,statement,logos::compiler::BorrowChecker::take_ref_borrows,"bc_hop_roots(v.scrut(), scrut_roots);"
41,8545,72,8545,83,if guard,logos::compiler::BorrowChecker::take_ref_borrows,"if (auto st = retain_temp_scrut_loan(v.scrut(), line); !st.empty())"
11,8546,21,8546,57,statement,logos::compiler::BorrowChecker::take_ref_borrows,scrut_roots.push_back(std::move(st));
80,8588,50,8599,18,call / statement,logos::compiler::BorrowChecker::take_ref_borrows,v.each_arm([&](EMatchArmRef arm) {
80,8590,30,8590,31,if guard,logos::compiler::BorrowChecker::take_ref_borrows,if (auto g = arm.guard())
0,8591,25,8591,77,if guard,logos::compiler::BorrowChecker::take_ref_borrows,"if (!record_only) visit(g, /*consuming=*/true, line);  // #70"
0,8591,29,8591,41,if guard,logos::compiler::BorrowChecker::take_ref_borrows,"if (!record_only) visit(g, /*consuming=*/true, line);  // #70"
0,8591,43,8591,77,if guard,logos::compiler::BorrowChecker::take_ref_borrows,"if (!record_only) visit(g, /*consuming=*/true, line);  // #70"
80,8597,25,8597,38,if guard,logos::compiler::BorrowChecker::take_ref_borrows,if (!merged_arm_s) merged_arm_s = states_;
41,8597,40,8597,62,if guard,logos::compiler::BorrowChecker::take_ref_borrows,if (!merged_arm_s) merged_arm_s = states_;
39,8598,26,8598,61,else branch,logos::compiler::BorrowChecker::take_ref_borrows,"else merge_loans(*merged_arm_s, states_);"
41,8600,21,8600,33,if guard,logos::compiler::BorrowChecker::take_ref_borrows,if (merged_arm_s) states_ = std::move(*merged_arm_s);
41,8600,35,8600,69,if guard,logos::compiler::BorrowChecker::take_ref_borrows,if (merged_arm_s) states_ = std::move(*merged_arm_s);
12634,8603,13,8615,22,switch arm,logos::compiler::BorrowChecker::take_ref_borrows,case Code::BlockExpr: {
12634,8613,26,8613,28,if guard,logos::compiler::BorrowChecker::take_ref_borrows,"if (auto br = v.block()) visit_block(br, v.result(), holder);"
12634,8613,42,8613,77,if guard,logos::compiler::BorrowChecker::take_ref_borrows,"if (auto br = v.block()) visit_block(br, v.result(), holder);"
415,8626,13,8805,22,switch arm,logos::compiler::BorrowChecker::take_ref_borrows,case Code::ClosureBox: {
294,8682,66,8684,34,statement,logos::compiler::BorrowChecker::take_ref_borrows,"[&](std::string_view, TypeRef t) {"
294,8686,64,8797,18,call / statement,logos::compiler::BorrowChecker::take_ref_borrows,cb.each_capture_name([&](std::string_view cap) {
294,8687,25,8687,37,if guard,logos::compiler::BorrowChecker::take_ref_borrows,if (cb.is_move()) {
35,8687,39,8704,22,if guard,logos::compiler::BorrowChecker::take_ref_borrows,if (cb.is_move()) {
35,8701,29,8701,56,if guard,logos::compiler::BorrowChecker::take_ref_borrows,"if (logos::probe::on(""capmove""))"
0,8702,29,8702,60,statement,logos::compiler::BorrowChecker::take_ref_borrows,"consume(std::string(cap), line);"
259,8705,21,8797,18,statement,logos::compiler::BorrowChecker::take_ref_borrows,std::string root(cap);
259,8708,25,8708,55,if guard,logos::compiler::BorrowChecker::take_ref_borrows,if (fpath.size() > root.size() + 1 &&
259,8708,25,8709,65,if guard,logos::compiler::BorrowChecker::take_ref_borrows,if (fpath.size() > root.size() + 1 &&
259,8708,25,8710,50,if guard,logos::compiler::BorrowChecker::take_ref_borrows,if (fpath.size() > root.size() + 1 &&
32,8709,25,8709,65,statement,logos::compiler::BorrowChecker::take_ref_borrows,"fpath.compare(0, root.size(), root) == 0 &&"
32,8710,25,8710,50,call / statement,logos::compiler::BorrowChecker::take_ref_borrows,fpath[root.size()] == '.')
32,8711,25,8711,73,statement,logos::compiler::BorrowChecker::take_ref_borrows,rel = std::string(fpath.substr(root.size() + 1));
259,8723,25,8723,51,if guard,logos::compiler::BorrowChecker::take_ref_borrows,"if (logos::probe::on(""capmut"")) is_mut = true;"
0,8723,53,8723,66,if guard,logos::compiler::BorrowChecker::take_ref_borrows,"if (logos::probe::on(""capmut"")) is_mut = true;"
259,8724,25,8724,61,if guard,logos::compiler::BorrowChecker::take_ref_borrows,"if (std::getenv(""LOGOS_DUMP_BC_CAPTURE""))"
0,8725,25,8730,44,statement,logos::compiler::BorrowChecker::take_ref_borrows,"std::fprintf(stderr,"
0,8725,38,8725,38,statement,logos::compiler::BorrowChecker::take_ref_borrows,"std::fprintf(stderr,"
259,8736,41,8736,52,statement,logos::compiler::BorrowChecker::take_ref_borrows,bool shared_whole = rel.empty() && !is_mut;
227,8736,56,8736,63,statement,logos::compiler::BorrowChecker::take_ref_borrows,bool shared_whole = rel.empty() && !is_mut;
259,8748,25,8748,54,if guard,logos::compiler::BorrowChecker::take_ref_borrows,"if (logos::probe::on(""capshared"") && shared_whole)"
259,8748,25,8748,70,if guard,logos::compiler::BorrowChecker::take_ref_borrows,"if (logos::probe::on(""capshared"") && shared_whole)"
0,8748,58,8748,70,if guard,logos::compiler::BorrowChecker::take_ref_borrows,"if (logos::probe::on(""capshared"") && shared_whole)"
0,8749,25,8749,45,statement,logos::compiler::BorrowChecker::take_ref_borrows,shared_whole = false;   // fall to record_borrow
259,8750,25,8750,37,if guard,logos::compiler::BorrowChecker::take_ref_borrows,if (shared_whole) {
177,8750,39,8752,22,if guard,logos::compiler::BorrowChecker::take_ref_borrows,if (shared_whole) {
82,8752,28,8782,22,else branch,logos::compiler::BorrowChecker::take_ref_borrows,} else {
82,8764,41,8764,61,statement,logos::compiler::BorrowChecker::take_ref_borrows,cbp.root_type = i < cap_types.size() ? cap_types[i]
82,8764,64,8764,76,statement,logos::compiler::BorrowChecker::take_ref_borrows,cbp.root_type = i < cap_types.size() ? cap_types[i]
0,8765,64,8765,80,statement,logos::compiler::BorrowChecker::take_ref_borrows,: TypeRef(nullptr);
82,8779,39,8779,67,call / statement,logos::compiler::BorrowChecker::take_ref_borrows,"logos::probe::on(""capscope"")"
0,8780,45,8780,58,statement,logos::compiler::BorrowChecker::take_ref_borrows,? std::string() : holder);
82,8780,61,8780,67,statement,logos::compiler::BorrowChecker::take_ref_borrows,? std::string() : holder);
82,8781,29,8781,41,if guard,logos::compiler::BorrowChecker::take_ref_borrows,"if (!rel.empty()) check_live(root, line);"
32,8781,43,8781,65,if guard,logos::compiler::BorrowChecker::take_ref_borrows,"if (!rel.empty()) check_live(root, line);"
259,8795,25,8795,40,if guard,logos::compiler::BorrowChecker::take_ref_borrows,"if (!holder.empty()) inherit_loans(root, holder, line);"
259,8795,42,8795,75,if guard,logos::compiler::BorrowChecker::take_ref_borrows,"if (!holder.empty()) inherit_loans(root, holder, line);"
13687,8816,13,8820,22,switch arm,logos::compiler::BorrowChecker::take_ref_borrows,case Code::StructLit: {
42823,8817,68,8819,18,call / statement,logos::compiler::BorrowChecker::take_ref_borrows,EStructLitView{e}.each_field_value([&](ExprRef fv) {
7478,8822,13,8826,22,switch arm,logos::compiler::BorrowChecker::take_ref_borrows,case Code::TupleLit: {
13721,8823,60,8825,18,call / statement,logos::compiler::BorrowChecker::take_ref_borrows,ETupleLitView{e}.each_elem([&](ExprRef el) {
7677,8828,13,8832,22,switch arm,logos::compiler::BorrowChecker::take_ref_borrows,case Code::ArrLit: {
45836,8829,58,8831,18,call / statement,logos::compiler::BorrowChecker::take_ref_borrows,EArrLitView{e}.each_elem([&](ExprRef el) {
1003842,8842,13,8846,22,switch arm,logos::compiler::BorrowChecker::take_ref_borrows,case Code::EnumLitData: {
1003929,8843,66,8845,18,call / statement,logos::compiler::BorrowChecker::take_ref_borrows,EEnumLitDataView{e}.each_payload([&](ExprRef pl) {
4328328,8848,13,8851,22,switch arm,logos::compiler::BorrowChecker::take_ref_borrows,default:
4328328,8850,21,8850,33,if guard,logos::compiler::BorrowChecker::take_ref_borrows,"if (!record_only) visit(e, /*consuming=*/true, line);"
4321734,8850,35,8850,69,if guard,logos::compiler::BorrowChecker::take_ref_borrows,"if (!record_only) visit(e, /*consuming=*/true, line);"
426836,8869,72,8875,6,call / statement,logos::compiler::BorrowChecker::prescan_note,"void prescan_note(const std::string& place, lir_view::ExprRef val) {"
391934,8873,13,8874,48,if guard,logos::compiler::BorrowChecker::prescan_note,if (!is_materialized_temp_name(ref_place_root(p)))
391934,8873,17,8873,62,if guard,logos::compiler::BorrowChecker::prescan_note,if (!is_materialized_temp_name(ref_place_root(p)))
391932,8874,17,8874,48,statement,logos::compiler::BorrowChecker::prescan_note,"reborrow_prescan_.add(place, p);"
2051650,8880,82,8884,6,call / statement,logos::compiler::BorrowChecker::prescan_reborrow_place,"void prescan_reborrow_place(const std::string& place, lir_view::ExprRef val) {"
2051650,8881,13,8881,26,if guard,logos::compiler::BorrowChecker::prescan_reborrow_place,if (place.empty() || !val) return;
2051650,8881,13,8881,34,if guard,logos::compiler::BorrowChecker::prescan_reborrow_place,if (place.empty() || !val) return;
2051650,8881,30,8881,34,if guard,logos::compiler::BorrowChecker::prescan_reborrow_place,if (place.empty() || !val) return;
0,8881,36,8881,42,if guard,logos::compiler::BorrowChecker::prescan_reborrow_place,if (place.empty() || !val) return;
2051650,8882,9,8884,6,if guard,logos::compiler::BorrowChecker::prescan_reborrow_place,if (!is_reborrow_ref_kind(val.type(prog_.type_pool.impl()))) return;
2051650,8882,13,8882,68,if guard,logos::compiler::BorrowChecker::prescan_reborrow_place,if (!is_reborrow_ref_kind(val.type(prog_.type_pool.impl()))) return;
1799432,8882,70,8882,76,if guard,logos::compiler::BorrowChecker::prescan_reborrow_place,if (!is_reborrow_ref_kind(val.type(prog_.type_pool.impl()))) return;
252218,8883,9,8884,6,statement,logos::compiler::BorrowChecker::prescan_reborrow_place,"prescan_note(place, val);"
8504561,8885,86,8894,6,call / statement,logos::compiler::BorrowChecker::prescan_reborrow,"void prescan_reborrow(const std::string& name, TypeRef t, lir_view::ExprRef val) {"
8504561,8886,13,8886,25,if guard,logos::compiler::BorrowChecker::prescan_reborrow,if (name.empty() || !val) return;
8504561,8886,13,8886,33,if guard,logos::compiler::BorrowChecker::prescan_reborrow,if (name.empty() || !val) return;
8504557,8886,29,8886,33,if guard,logos::compiler::BorrowChecker::prescan_reborrow,if (name.empty() || !val) return;
234,8886,35,8886,41,if guard,logos::compiler::BorrowChecker::prescan_reborrow,if (name.empty() || !val) return;
8504327,8887,9,8894,6,statement,logos::compiler::BorrowChecker::prescan_reborrow,TypeRef vt = val.type(prog_.type_pool.impl());
8504327,8888,13,8888,36,if guard,logos::compiler::BorrowChecker::prescan_reborrow,if (is_reborrow_ref_kind(t) || is_reborrow_ref_kind(vt))     // R7a rule 2
8504327,8888,13,8888,64,if guard,logos::compiler::BorrowChecker::prescan_reborrow,if (is_reborrow_ref_kind(t) || is_reborrow_ref_kind(vt))     // R7a rule 2
8336885,8888,40,8888,64,if guard,logos::compiler::BorrowChecker::prescan_reborrow,if (is_reborrow_ref_kind(t) || is_reborrow_ref_kind(vt))     // R7a rule 2
174618,8889,13,8889,36,statement,logos::compiler::BorrowChecker::prescan_reborrow,"prescan_note(name, val);"
2051650,8891,64,8893,14,statement,logos::compiler::BorrowChecker::prescan_reborrow,"[&](const std::string& place, lir_view::ExprRef v) {"
63012157,8899,72,8917,6,call / statement,logos::compiler::BorrowChecker::note_reborrow_alias_uses,"void note_reborrow_alias_uses(const std::string& n, uint64_t line) {"
63012157,8900,13,8900,22,if guard,logos::compiler::BorrowChecker::note_reborrow_alias_uses,if (n.empty() || reborrow_prescan_.empty()) return;
63012157,8900,13,8900,51,if guard,logos::compiler::BorrowChecker::note_reborrow_alias_uses,if (n.empty() || reborrow_prescan_.empty()) return;
63012157,8900,26,8900,51,if guard,logos::compiler::BorrowChecker::note_reborrow_alias_uses,if (n.empty() || reborrow_prescan_.empty()) return;
61116662,8900,53,8900,59,if guard,logos::compiler::BorrowChecker::note_reborrow_alias_uses,if (n.empty() || reborrow_prescan_.empty()) return;
1895495,8903,9,8917,6,call / statement,logos::compiler::BorrowChecker::note_reborrow_alias_uses,auto chase = [&](const std::string& start) {
2146662,8903,52,8907,10,call / statement,logos::compiler::BorrowChecker::note_reborrow_alias_uses,auto chase = [&](const std::string& start) {
2306511,8904,74,8906,14,call / statement,logos::compiler::BorrowChecker::note_reborrow_alias_uses,"reborrow_prescan_.each_root(start, [&](const std::string& m) {"
2306511,8905,21,8905,31,if guard,logos::compiler::BorrowChecker::note_reborrow_alias_uses,"if (m != start) note_use(ref_place_root(m), line);"
159849,8905,33,8905,66,if guard,logos::compiler::BorrowChecker::note_reborrow_alias_uses,"if (m != start) note_use(ref_place_root(m), line);"
2555265,8911,13,8916,18,if guard,logos::compiler::BorrowChecker::note_reborrow_alias_uses,if (kv.first.size() > pfx.size() &&
2555265,8911,17,8911,45,if guard,logos::compiler::BorrowChecker::note_reborrow_alias_uses,if (kv.first.size() > pfx.size() &&
2555265,8911,17,8912,58,if guard,logos::compiler::BorrowChecker::note_reborrow_alias_uses,if (kv.first.size() > pfx.size() &&
1658681,8912,17,8912,58,call / statement,logos::compiler::BorrowChecker::note_reborrow_alias_uses,"kv.first.compare(0, pfx.size(), pfx) == 0)"
250973,8913,17,8916,18,loop body,logos::compiler::BorrowChecker::note_reborrow_alias_uses,for (auto& r : kv.second) {
251167,8913,43,8916,18,loop body,logos::compiler::BorrowChecker::note_reborrow_alias_uses,for (auto& r : kv.second) {
8504561,8934,83,8956,6,call / statement,logos::compiler::BorrowChecker::prescan_fnptr,"void prescan_fnptr(const std::string& name, TypeRef t, lir_view::ExprRef val) {"
8504561,8936,13,8936,25,if guard,logos::compiler::BorrowChecker::prescan_fnptr,if (name.empty() || !val) return;
8504561,8936,13,8936,33,if guard,logos::compiler::BorrowChecker::prescan_fnptr,if (name.empty() || !val) return;
8504557,8936,29,8936,33,if guard,logos::compiler::BorrowChecker::prescan_fnptr,if (name.empty() || !val) return;
234,8936,35,8936,41,if guard,logos::compiler::BorrowChecker::prescan_fnptr,if (name.empty() || !val) return;
8504327,8937,9,8956,6,statement,logos::compiler::BorrowChecker::prescan_fnptr,TypeRef vt = val.type(prog_.type_pool.impl());
17007130,8945,39,8948,10,call / statement,logos::compiler::BorrowChecker::prescan_fnptr,auto is_fnish = [](TypeRef k) {
17007130,8946,20,8946,21,early return,logos::compiler::BorrowChecker::prescan_fnptr,return k && (k.kind() == LogosType::Kind::FnPtr ||
15860157,8946,25,8947,62,early return,logos::compiler::BorrowChecker::prescan_fnptr,return k && (k.kind() == LogosType::Kind::FnPtr ||
15860157,8946,26,8946,60,early return,logos::compiler::BorrowChecker::prescan_fnptr,return k && (k.kind() == LogosType::Kind::FnPtr ||
15858789,8947,26,8947,61,statement,logos::compiler::BorrowChecker::prescan_fnptr,k.kind() == LogosType::Kind::FnItem);
8504327,8949,13,8949,25,if guard,logos::compiler::BorrowChecker::prescan_fnptr,if (!is_fnish(t) && !is_fnish(vt)) return;
8504327,8949,13,8949,42,if guard,logos::compiler::BorrowChecker::prescan_fnptr,if (!is_fnish(t) && !is_fnish(vt)) return;
8502803,8949,29,8949,42,if guard,logos::compiler::BorrowChecker::prescan_fnptr,if (!is_fnish(t) && !is_fnish(vt)) return;
8502795,8949,44,8949,50,if guard,logos::compiler::BorrowChecker::prescan_fnptr,if (!is_fnish(t) && !is_fnish(vt)) return;
1532,8950,9,8956,6,statement,logos::compiler::BorrowChecker::prescan_fnptr,std::string sym;
1532,8951,13,8951,39,if guard,logos::compiler::BorrowChecker::prescan_fnptr,if (val.kind() == Code::VarRef) sym = std::string(lir_view::EVarRefView{val}.name());
426,8951,41,8951,93,if guard,logos::compiler::BorrowChecker::prescan_fnptr,if (val.kind() == Code::VarRef) sym = std::string(lir_view::EVarRefView{val}.name());
1532,8952,13,8952,24,if guard,logos::compiler::BorrowChecker::prescan_fnptr,if (sym.empty()) { fnptr_multi_.insert(name); return; }   // unresolvable value
1106,8952,26,8952,64,if guard,logos::compiler::BorrowChecker::prescan_fnptr,if (sym.empty()) { fnptr_multi_.insert(name); return; }   // unresolvable value
426,8953,9,8956,6,statement,logos::compiler::BorrowChecker::prescan_fnptr,auto it = fnptr_sym_.find(name);
426,8954,13,8954,35,if guard,logos::compiler::BorrowChecker::prescan_fnptr,if (it == fnptr_sym_.end()) fnptr_sym_[name] = std::move(sym);
209,8954,37,8954,70,if guard,logos::compiler::BorrowChecker::prescan_fnptr,if (it == fnptr_sym_.end()) fnptr_sym_[name] = std::move(sym);
217,8955,14,8955,62,else-if guard,logos::compiler::BorrowChecker::prescan_fnptr,else if (it->second != sym) fnptr_multi_.insert(name);    // two callees
217,8955,18,8955,35,else-if guard,logos::compiler::BorrowChecker::prescan_fnptr,else if (it->second != sym) fnptr_multi_.insert(name);    // two callees
8,8955,37,8955,62,else-if guard,logos::compiler::BorrowChecker::prescan_fnptr,else if (it->second != sym) fnptr_multi_.insert(name);    // two callees
3067136,8959,70,8967,6,statement,logos::compiler::BorrowChecker::flow_of_fnptr,const FlowSummary* flow_of_fnptr(lir_view::ExprRef callee) const {
3067136,8961,13,8961,20,if guard,logos::compiler::BorrowChecker::flow_of_fnptr,if (!callee || callee.kind() != Code::VarRef) return nullptr;
3067136,8961,13,8961,53,if guard,logos::compiler::BorrowChecker::flow_of_fnptr,if (!callee || callee.kind() != Code::VarRef) return nullptr;
3067136,8961,24,8961,53,if guard,logos::compiler::BorrowChecker::flow_of_fnptr,if (!callee || callee.kind() != Code::VarRef) return nullptr;
53,8961,55,8961,69,if guard,logos::compiler::BorrowChecker::flow_of_fnptr,if (!callee || callee.kind() != Code::VarRef) return nullptr;
3067083,8962,9,8967,6,statement,logos::compiler::BorrowChecker::flow_of_fnptr,std::string n(lir_view::EVarRefView{callee}.name());
3067083,8963,13,8963,34,if guard,logos::compiler::BorrowChecker::flow_of_fnptr,if (fnptr_multi_.count(n)) return nullptr;
793,8963,36,8963,50,if guard,logos::compiler::BorrowChecker::flow_of_fnptr,if (fnptr_multi_.count(n)) return nullptr;
3066290,8964,9,8967,6,statement,logos::compiler::BorrowChecker::flow_of_fnptr,auto it = fnptr_sym_.find(n);
3066290,8965,13,8965,35,if guard,logos::compiler::BorrowChecker::flow_of_fnptr,if (it == fnptr_sym_.end()) return nullptr;
3066064,8965,37,8965,51,if guard,logos::compiler::BorrowChecker::flow_of_fnptr,if (it == fnptr_sym_.end()) return nullptr;
226,8966,9,8966,40,early return,logos::compiler::BorrowChecker::flow_of_fnptr,return flow_of_call(it->second);
1514280,8968,52,8970,6,call / statement,logos::compiler::BorrowChecker::note_use,"void note_use(std::string name, uint64_t line) {"
63423939,8973,72,8984,6,call / statement,logos::compiler::BorrowChecker::note_use_slot,"void note_use_slot(uint32_t slot, std::string name, uint64_t line) {"
63423939,8974,13,8974,25,if guard,logos::compiler::BorrowChecker::note_use_slot,if (name.empty()) return;
0,8974,27,8974,33,if guard,logos::compiler::BorrowChecker::note_use_slot,if (name.empty()) return;
63423939,8975,9,8984,6,statement,logos::compiler::BorrowChecker::note_use_slot,auto& any = last_use_line_[name];
63423939,8976,13,8976,23,if guard,logos::compiler::BorrowChecker::note_use_slot,if (line > any) any = line;
31612757,8976,25,8976,35,if guard,logos::compiler::BorrowChecker::note_use_slot,if (line > any) any = line;
63423939,8977,13,8977,28,if guard,logos::compiler::BorrowChecker::note_use_slot,if (slot == NO_SLOT) {
13782956,8977,30,8980,10,if guard,logos::compiler::BorrowChecker::note_use_slot,if (slot == NO_SLOT) {
13782956,8979,17,8979,25,if guard,logos::compiler::BorrowChecker::note_use_slot,if (line > u) u = line;
6880210,8979,27,8979,35,if guard,logos::compiler::BorrowChecker::note_use_slot,if (line > u) u = line;
49640983,8980,16,8983,10,else branch,logos::compiler::BorrowChecker::note_use_slot,} else {
49640983,8982,17,8982,25,if guard,logos::compiler::BorrowChecker::note_use_slot,if (line > s) s = line;
24746584,8982,27,8982,35,if guard,logos::compiler::BorrowChecker::note_use_slot,if (line > s) s = line;
115305148,8986,61,9132,6,call / statement,logos::compiler::BorrowChecker::scan_uses_expr,"void scan_uses_expr(lir_view::ExprRef e, uint64_t line) {"
115305148,8987,13,8987,15,if guard,logos::compiler::BorrowChecker::scan_uses_expr,if (!e) return;
13770,8987,17,8987,23,if guard,logos::compiler::BorrowChecker::scan_uses_expr,if (!e) return;
115291378,8988,9,9132,6,statement,logos::compiler::BorrowChecker::scan_uses_expr,using namespace lir_view;
61909659,8991,13,8995,22,switch arm,logos::compiler::BorrowChecker::scan_uses_expr,case Code::VarRef:
1102498,8996,13,8999,22,switch arm,logos::compiler::BorrowChecker::scan_uses_expr,case Code::AddrOf:
2661105,9000,13,9002,22,switch arm,logos::compiler::BorrowChecker::scan_uses_expr,case Code::AddrOfTemp:
368834,9003,13,9005,22,switch arm,logos::compiler::BorrowChecker::scan_uses_expr,case Code::Unary:
2463207,9006,13,9008,22,switch arm,logos::compiler::BorrowChecker::scan_uses_expr,case Code::Deref:
261204,9009,13,9011,22,switch arm,logos::compiler::BorrowChecker::scan_uses_expr,case Code::Cast:
0,9012,13,9014,22,switch arm,logos::compiler::BorrowChecker::scan_uses_expr,case Code::Try:
277518,9015,13,9017,22,switch arm,logos::compiler::BorrowChecker::scan_uses_expr,case Code::FieldRead:
16374,9018,13,9020,22,switch arm,logos::compiler::BorrowChecker::scan_uses_expr,case Code::TupleIndex:
11825,9021,13,9023,22,switch arm,logos::compiler::BorrowChecker::scan_uses_expr,case Code::SliceLen:
4250,9024,13,9026,22,switch arm,logos::compiler::BorrowChecker::scan_uses_expr,case Code::SlicePtr:
360122,9027,13,9031,22,switch arm,logos::compiler::BorrowChecker::scan_uses_expr,case Code::BinOp: {
35231,9033,13,9037,22,switch arm,logos::compiler::BorrowChecker::scan_uses_expr,case Code::IndexRead: {
3414,9039,13,9043,22,switch arm,logos::compiler::BorrowChecker::scan_uses_expr,case Code::SliceLit: {
9446,9045,13,9049,22,switch arm,logos::compiler::BorrowChecker::scan_uses_expr,case Code::SliceIndex: {
13074,9051,13,9056,22,switch arm,logos::compiler::BorrowChecker::scan_uses_expr,case Code::IfExpr: {
9862,9058,13,9065,22,switch arm,logos::compiler::BorrowChecker::scan_uses_expr,case Code::MatchExpr: {
19880,9061,50,9064,18,call / statement,logos::compiler::BorrowChecker::scan_uses_expr,v.each_arm([&](EMatchArmRef arm) {
19880,9062,30,9062,31,if guard,logos::compiler::BorrowChecker::scan_uses_expr,"if (auto g = arm.guard()) scan_uses_expr(g, line);"
212,9062,47,9062,70,if guard,logos::compiler::BorrowChecker::scan_uses_expr,"if (auto g = arm.guard()) scan_uses_expr(g, line);"
121344,9067,13,9071,22,switch arm,logos::compiler::BorrowChecker::scan_uses_expr,case Code::BlockExpr: {
121344,9069,26,9069,28,if guard,logos::compiler::BorrowChecker::scan_uses_expr,if (auto br = v.block()) scan_uses_block(br);
121344,9069,42,9069,61,if guard,logos::compiler::BorrowChecker::scan_uses_expr,if (auto br = v.block()) scan_uses_block(br);
121344,9070,26,9070,27,if guard,logos::compiler::BorrowChecker::scan_uses_expr,"if (auto r = v.result()) scan_uses_expr(r, line);"
116033,9070,42,9070,65,if guard,logos::compiler::BorrowChecker::scan_uses_expr,"if (auto r = v.result()) scan_uses_expr(r, line);"
7432164,9073,13,9075,22,switch arm,logos::compiler::BorrowChecker::scan_uses_expr,case Code::Call:
10465860,9074,53,9074,81,statement,logos::compiler::BorrowChecker::scan_uses_expr,"ECallView{e}.each_arg([&](ExprRef a){ scan_uses_expr(a, line); });"
641528,9076,13,9080,22,switch arm,logos::compiler::BorrowChecker::scan_uses_expr,case Code::MethodCall: {
544785,9079,42,9079,70,statement,logos::compiler::BorrowChecker::scan_uses_expr,"v.each_arg([&](ExprRef a){ scan_uses_expr(a, line); });"
3078,9082,13,9086,22,switch arm,logos::compiler::BorrowChecker::scan_uses_expr,case Code::ClosureCall: {
2919,9085,42,9085,70,statement,logos::compiler::BorrowChecker::scan_uses_expr,"v.each_arg([&](ExprRef a){ scan_uses_expr(a, line); });"
5592521,9088,13,9092,22,switch arm,logos::compiler::BorrowChecker::scan_uses_expr,case Code::FnPtrCall: {
3631057,9091,42,9091,70,statement,logos::compiler::BorrowChecker::scan_uses_expr,"v.each_arg([&](ExprRef a){ scan_uses_expr(a, line); });"
0,9094,13,9098,22,switch arm,logos::compiler::BorrowChecker::scan_uses_expr,case Code::FormatCall: {
0,9097,42,9097,70,statement,logos::compiler::BorrowChecker::scan_uses_expr,"v.each_arg([&](ExprRef a){ scan_uses_expr(a, line); });"
2225876,9100,13,9102,22,switch arm,logos::compiler::BorrowChecker::scan_uses_expr,case Code::StructLit:
2469752,9101,67,9101,96,statement,logos::compiler::BorrowChecker::scan_uses_expr,"EStructLitView{e}.each_field_value([&](ExprRef fv){ scan_uses_expr(fv, line); });"
15257,9103,13,9105,22,switch arm,logos::compiler::BorrowChecker::scan_uses_expr,case Code::ArrLit:
113388,9104,57,9104,86,statement,logos::compiler::BorrowChecker::scan_uses_expr,"EArrLitView{e}.each_elem([&](ExprRef el){ scan_uses_expr(el, line); });"
17789,9106,13,9108,22,switch arm,logos::compiler::BorrowChecker::scan_uses_expr,case Code::TupleLit:
12180,9107,59,9107,88,statement,logos::compiler::BorrowChecker::scan_uses_expr,"ETupleLitView{e}.each_elem([&](ExprRef el){ scan_uses_expr(el, line); });"
9142523,9109,13,9111,22,switch arm,logos::compiler::BorrowChecker::scan_uses_expr,case Code::EnumLitData:
7606403,9110,65,9110,94,statement,logos::compiler::BorrowChecker::scan_uses_expr,"EEnumLitDataView{e}.each_payload([&](ExprRef pl){ scan_uses_expr(pl, line); });"
1330,9112,13,9116,22,switch arm,logos::compiler::BorrowChecker::scan_uses_expr,case Code::ClosureBox:
766,9113,79,9115,18,call / statement,logos::compiler::BorrowChecker::scan_uses_expr,EClosureBoxView{e}.each_capture_name([&](std::string_view cap){
2118,9117,13,9121,22,switch arm,logos::compiler::BorrowChecker::scan_uses_expr,case Code::PtrArith: {
18,9123,13,9127,22,switch arm,logos::compiler::BorrowChecker::scan_uses_expr,case Code::PtrDiff: {
20588209,9129,13,9130,22,switch arm,logos::compiler::BorrowChecker::scan_uses_expr,default:
86040927,9134,47,9265,6,call / statement,logos::compiler::BorrowChecker::scan_uses_stmt,void scan_uses_stmt(lir_view::StmtRef sr) {
86040927,9137,13,9137,16,if guard,logos::compiler::BorrowChecker::scan_uses_stmt,if (!sr) return;
0,9137,18,9137,24,if guard,logos::compiler::BorrowChecker::scan_uses_stmt,if (!sr) return;
86040927,9138,9,9265,6,statement,logos::compiler::BorrowChecker::scan_uses_stmt,"uint64_t ln = stmt_point(sr);   // #75: (line, ordinal), not the line"
7357656,9140,13,9263,22,switch arm,logos::compiler::BorrowChecker::scan_uses_stmt,case Code::Let: {
7357656,9142,21,9142,76,if guard,logos::compiler::BorrowChecker::scan_uses_stmt,"if (is_cond_move_field_drop_temp(sr, lv.name(), lv.value())) break;  // #121"
68,9142,78,9142,83,if guard,logos::compiler::BorrowChecker::scan_uses_stmt,"if (is_cond_move_field_drop_temp(sr, lv.name(), lv.value())) break;  // #121"
7357588,9143,17,9148,22,statement,logos::compiler::BorrowChecker::scan_uses_stmt,"prescan_reborrow(std::string(lv.name()), lv.type(prog_.type_pool.impl()),"
1146973,9150,13,9157,22,switch arm,logos::compiler::BorrowChecker::scan_uses_stmt,case Code::Assign: {
40975958,9159,13,9161,22,switch arm,logos::compiler::BorrowChecker::scan_uses_stmt,case Code::Return:
4319668,9162,13,9164,22,switch arm,logos::compiler::BorrowChecker::scan_uses_stmt,case Code::ExprStmt:
0,9165,13,9172,22,switch arm,logos::compiler::BorrowChecker::scan_uses_stmt,case Code::FieldWrite: {
0,9168,21,9168,55,if guard,logos::compiler::BorrowChecker::scan_uses_stmt,if (!std::string(v.receiver()).empty() && !std::string(v.field()).empty())
0,9168,21,9168,90,if guard,logos::compiler::BorrowChecker::scan_uses_stmt,if (!std::string(v.receiver()).empty() && !std::string(v.field()).empty())
0,9168,59,9168,90,if guard,logos::compiler::BorrowChecker::scan_uses_stmt,if (!std::string(v.receiver()).empty() && !std::string(v.field()).empty())
0,9169,21,9170,78,statement,logos::compiler::BorrowChecker::scan_uses_stmt,"prescan_reborrow_place(std::string(v.receiver()) + ""."" +"
0,9174,13,9179,22,switch arm,logos::compiler::BorrowChecker::scan_uses_stmt,case Code::IndexWrite: {
0,9181,13,9186,22,switch arm,logos::compiler::BorrowChecker::scan_uses_stmt,case Code::FieldIndexWrite: {
0,9188,13,9192,22,switch arm,logos::compiler::BorrowChecker::scan_uses_stmt,case Code::ChainFieldWrite: {
0,9194,13,9198,22,switch arm,logos::compiler::BorrowChecker::scan_uses_stmt,case Code::DerefFieldWrite: {
40876,9200,13,9204,22,switch arm,logos::compiler::BorrowChecker::scan_uses_stmt,case Code::DerefWrite: {
0,9206,13,9210,22,switch arm,logos::compiler::BorrowChecker::scan_uses_stmt,case Code::TupleWrite: {
2111290,9212,13,9217,22,switch arm,logos::compiler::BorrowChecker::scan_uses_stmt,case Code::If: {
2111290,9215,26,9215,27,if guard,logos::compiler::BorrowChecker::scan_uses_stmt,if (auto b = v.then_block()) scan_uses_block(b);
2111290,9215,46,9215,64,if guard,logos::compiler::BorrowChecker::scan_uses_stmt,if (auto b = v.then_block()) scan_uses_block(b);
2111290,9216,26,9216,27,if guard,logos::compiler::BorrowChecker::scan_uses_stmt,if (auto b = v.else_block()) scan_uses_block(b);
13112,9216,46,9216,64,if guard,logos::compiler::BorrowChecker::scan_uses_stmt,if (auto b = v.else_block()) scan_uses_block(b);
43031,9219,13,9223,22,switch arm,logos::compiler::BorrowChecker::scan_uses_stmt,case Code::While: {
43031,9222,26,9222,27,if guard,logos::compiler::BorrowChecker::scan_uses_stmt,if (auto b = v.body()) scan_uses_block(b);
43031,9222,40,9222,58,if guard,logos::compiler::BorrowChecker::scan_uses_stmt,if (auto b = v.body()) scan_uses_block(b);
725,9225,13,9230,22,switch arm,logos::compiler::BorrowChecker::scan_uses_stmt,case Code::For: {
725,9229,26,9229,27,if guard,logos::compiler::BorrowChecker::scan_uses_stmt,if (auto b = v.body()) scan_uses_block(b);
725,9229,40,9229,58,if guard,logos::compiler::BorrowChecker::scan_uses_stmt,if (auto b = v.body()) scan_uses_block(b);
46497,9232,13,9234,22,switch arm,logos::compiler::BorrowChecker::scan_uses_stmt,case Code::Loop:
46497,9233,26,9233,27,if guard,logos::compiler::BorrowChecker::scan_uses_stmt,if (auto b = SLoopView{sr}.body()) scan_uses_block(b);
46497,9233,52,9233,70,if guard,logos::compiler::BorrowChecker::scan_uses_stmt,if (auto b = SLoopView{sr}.body()) scan_uses_block(b);
123531,9235,13,9237,22,switch arm,logos::compiler::BorrowChecker::scan_uses_stmt,case Code::Block:
123531,9236,26,9236,27,if guard,logos::compiler::BorrowChecker::scan_uses_stmt,if (auto b = SBlockView{sr}.body()) scan_uses_block(b);
123531,9236,53,9236,71,if guard,logos::compiler::BorrowChecker::scan_uses_stmt,if (auto b = SBlockView{sr}.body()) scan_uses_block(b);
205,9238,13,9242,22,switch arm,logos::compiler::BorrowChecker::scan_uses_stmt,case Code::ForEach: {
205,9241,26,9241,27,if guard,logos::compiler::BorrowChecker::scan_uses_stmt,if (auto b = v.body()) scan_uses_block(b);
205,9241,40,9241,58,if guard,logos::compiler::BorrowChecker::scan_uses_stmt,if (auto b = v.body()) scan_uses_block(b);
21108405,9244,13,9251,22,switch arm,logos::compiler::BorrowChecker::scan_uses_stmt,case Code::Match: {
42217720,9247,50,9250,18,call / statement,logos::compiler::BorrowChecker::scan_uses_stmt,v.each_arm([&](EMatchArmRef arm) {
42217720,9248,30,9248,31,if guard,logos::compiler::BorrowChecker::scan_uses_stmt,"if (auto g = arm.guard()) scan_uses_expr(g, ln);"
516,9248,47,9248,68,if guard,logos::compiler::BorrowChecker::scan_uses_stmt,"if (auto g = arm.guard()) scan_uses_expr(g, ln);"
42217720,9249,30,9249,31,if guard,logos::compiler::BorrowChecker::scan_uses_stmt,if (auto b = arm.body()) scan_uses_block(b);
42217720,9249,46,9249,64,if guard,logos::compiler::BorrowChecker::scan_uses_stmt,if (auto b = arm.body()) scan_uses_block(b);
159,9253,13,9257,22,switch arm,logos::compiler::BorrowChecker::scan_uses_stmt,case Code::LetElse: {
159,9256,26,9256,27,if guard,logos::compiler::BorrowChecker::scan_uses_stmt,if (auto b = v.else_block()) scan_uses_block(b);
159,9256,46,9256,64,if guard,logos::compiler::BorrowChecker::scan_uses_stmt,if (auto b = v.else_block()) scan_uses_block(b);
4458,9259,13,9261,22,switch arm,logos::compiler::BorrowChecker::scan_uses_stmt,case Code::Break:
8761495,9262,13,9263,22,switch arm,logos::compiler::BorrowChecker::scan_uses_stmt,default:
67709384,9267,49,9269,6,call / statement,logos::compiler::BorrowChecker::scan_uses_block,void scan_uses_block(lir_view::BlockRef br) {
86040927,9268,48,9268,71,statement,logos::compiler::BorrowChecker::scan_uses_block,br.each_stmt([&](lir_view::StmtRef sr) { scan_uses_stmt(sr); });
8778,9286,66,9345,6,call / statement,logos::compiler::BorrowChecker::release_borrows_held_by,void release_borrows_held_by(const std::string& holder_name) {
14,9288,60,9292,10,call / statement,logos::compiler::BorrowChecker::release_borrows_held_by,"auto same = [&](const std::string& h, uint32_t hs) {"
14,9289,17,9289,33,if guard,logos::compiler::BorrowChecker::release_borrows_held_by,if (h != holder_name) return false;
6,9289,35,9289,47,if guard,logos::compiler::BorrowChecker::release_borrows_held_by,if (h != holder_name) return false;
8,9290,13,9292,10,if guard,logos::compiler::BorrowChecker::release_borrows_held_by,if (hslot != NO_SLOT && hs != NO_SLOT) return hs == hslot;
8,9290,17,9290,33,if guard,logos::compiler::BorrowChecker::release_borrows_held_by,if (hslot != NO_SLOT && hs != NO_SLOT) return hs == hslot;
8,9290,17,9290,50,if guard,logos::compiler::BorrowChecker::release_borrows_held_by,if (hslot != NO_SLOT && hs != NO_SLOT) return hs == hslot;
8,9290,37,9290,50,if guard,logos::compiler::BorrowChecker::release_borrows_held_by,if (hslot != NO_SLOT && hs != NO_SLOT) return hs == hslot;
8,9290,52,9290,70,if guard,logos::compiler::BorrowChecker::release_borrows_held_by,if (hslot != NO_SLOT && hs != NO_SLOT) return hs == hslot;
0,9291,13,9291,24,early return,logos::compiler::BorrowChecker::release_borrows_held_by,return true;
5,9298,63,9304,10,call / statement,logos::compiler::BorrowChecker::release_borrows_held_by,auto named_elsewhere = [&](const std::string& target) {
5,9299,58,9302,14,loop body,logos::compiler::BorrowChecker::release_borrows_held_by,"for (auto& [pl, srcs] : ref_borrow_sources_) {"
5,9300,21,9300,49,if guard,logos::compiler::BorrowChecker::release_borrows_held_by,"if (place_under(pl, holder_name)) continue;"
5,9300,51,9300,59,if guard,logos::compiler::BorrowChecker::release_borrows_held_by,"if (place_under(pl, holder_name)) continue;"
0,9301,17,9302,14,loop body,logos::compiler::BorrowChecker::release_borrows_held_by,for (auto& s : srcs) if (s.name == target) return true;
0,9301,38,9301,71,loop body,logos::compiler::BorrowChecker::release_borrows_held_by,for (auto& s : srcs) if (s.name == target) return true;
0,9301,42,9301,58,loop body,logos::compiler::BorrowChecker::release_borrows_held_by,for (auto& s : srcs) if (s.name == target) return true;
0,9301,60,9301,71,loop body,logos::compiler::BorrowChecker::release_borrows_held_by,for (auto& s : srcs) if (s.name == target) return true;
5,9303,13,9303,25,early return,logos::compiler::BorrowChecker::release_borrows_held_by,return false;
43615,9305,37,9344,10,loop body,logos::compiler::BorrowChecker::release_borrows_held_by,for (auto& frame : scopes_) {
44753,9307,20,9307,45,loop body,logos::compiler::BorrowChecker::release_borrows_held_by,while (it != frame.borrows.end()) {
1138,9307,47,9334,14,loop body,logos::compiler::BorrowChecker::release_borrows_held_by,while (it != frame.borrows.end()) {
1138,9327,21,9327,31,if guard,logos::compiler::BorrowChecker::release_borrows_held_by,"if (it->is_mut && same(it->holder, it->holder_slot) &&"
1138,9327,21,9327,68,if guard,logos::compiler::BorrowChecker::release_borrows_held_by,"if (it->is_mut && same(it->holder, it->holder_slot) &&"
1138,9327,21,9328,43,if guard,logos::compiler::BorrowChecker::release_borrows_held_by,"if (it->is_mut && same(it->holder, it->holder_slot) &&"
1138,9327,21,9328,75,if guard,logos::compiler::BorrowChecker::release_borrows_held_by,"if (it->is_mut && same(it->holder, it->holder_slot) &&"
1138,9327,21,9329,57,if guard,logos::compiler::BorrowChecker::release_borrows_held_by,"if (it->is_mut && same(it->holder, it->holder_slot) &&"
10,9327,35,9327,68,if guard,logos::compiler::BorrowChecker::release_borrows_held_by,"if (it->is_mut && same(it->holder, it->holder_slot) &&"
8,9328,21,9328,43,statement,logos::compiler::BorrowChecker::release_borrows_held_by,it->co_holders.empty() && !named_elsewhere(it->target) &&
5,9328,47,9328,75,statement,logos::compiler::BorrowChecker::release_borrows_held_by,it->co_holders.empty() && !named_elsewhere(it->target) &&
5,9329,21,9329,57,statement,logos::compiler::BorrowChecker::release_borrows_held_by,"!logos::probe::on(""holderkill_keep"")) {"
5,9329,59,9333,18,statement,logos::compiler::BorrowChecker::release_borrows_held_by,"!logos::probe::on(""holderkill_keep"")) {"
5,9330,75,9330,89,if guard,logos::compiler::BorrowChecker::release_borrows_held_by,"if (auto sit = var_find(it->target_slot, it->target); sit != nullptr)"
5,9331,25,9331,50,statement,logos::compiler::BorrowChecker::release_borrows_held_by,sit->mut_borrowed = false;
1133,9333,24,9333,33,else branch,logos::compiler::BorrowChecker::release_borrows_held_by,} else { ++it; }
43625,9336,20,9336,52,loop body,logos::compiler::BorrowChecker::release_borrows_held_by,while (fit != frame.field_borrows.end()) {
10,9336,54,9343,14,loop body,logos::compiler::BorrowChecker::release_borrows_held_by,while (fit != frame.field_borrows.end()) {
10,9337,21,9337,32,if guard,logos::compiler::BorrowChecker::release_borrows_held_by,"if (fit->is_mut && same(fit->holder, fit->holder_slot) &&"
10,9337,21,9337,71,if guard,logos::compiler::BorrowChecker::release_borrows_held_by,"if (fit->is_mut && same(fit->holder, fit->holder_slot) &&"
10,9337,21,9338,44,if guard,logos::compiler::BorrowChecker::release_borrows_held_by,"if (fit->is_mut && same(fit->holder, fit->holder_slot) &&"
10,9337,21,9338,77,if guard,logos::compiler::BorrowChecker::release_borrows_held_by,"if (fit->is_mut && same(fit->holder, fit->holder_slot) &&"
4,9337,36,9337,71,if guard,logos::compiler::BorrowChecker::release_borrows_held_by,"if (fit->is_mut && same(fit->holder, fit->holder_slot) &&"
0,9338,21,9338,44,call / statement,logos::compiler::BorrowChecker::release_borrows_held_by,fit->co_holders.empty() && !named_elsewhere(fit->target)) {
0,9338,48,9338,77,call / statement,logos::compiler::BorrowChecker::release_borrows_held_by,fit->co_holders.empty() && !named_elsewhere(fit->target)) {
0,9338,79,9342,18,call / statement,logos::compiler::BorrowChecker::release_borrows_held_by,fit->co_holders.empty() && !named_elsewhere(fit->target)) {
0,9339,77,9339,91,if guard,logos::compiler::BorrowChecker::release_borrows_held_by,"if (auto sit = var_find(fit->target_slot, fit->target); sit != nullptr)"
0,9340,25,9340,64,statement,logos::compiler::BorrowChecker::release_borrows_held_by,sit->mut_field_borrows.erase(fit->path);
10,9342,24,9342,34,else branch,logos::compiler::BorrowChecker::release_borrows_held_by,} else { ++fit; }
43452660,9347,50,9474,6,call / statement,logos::compiler::BorrowChecker::release_dead_borrows,void release_dead_borrows(uint64_t cur_line) {
43452660,9348,13,9348,28,if guard,logos::compiler::BorrowChecker::release_dead_borrows,if (scopes_.empty()) return;
0,9348,30,9348,36,if guard,logos::compiler::BorrowChecker::release_dead_borrows,if (scopes_.empty()) return;
43452660,9349,9,9474,6,if guard,logos::compiler::BorrowChecker::release_dead_borrows,"if (std::getenv(""LOGOS_DUMP_BC_RELEASE"")) {"
43452660,9349,13,9349,49,if guard,logos::compiler::BorrowChecker::release_dead_borrows,"if (std::getenv(""LOGOS_DUMP_BC_RELEASE"")) {"
0,9349,51,9360,10,if guard,logos::compiler::BorrowChecker::release_dead_borrows,"if (std::getenv(""LOGOS_DUMP_BC_RELEASE"")) {"
0,9350,26,9350,26,statement,logos::compiler::BorrowChecker::release_dead_borrows,"std::fprintf(stderr, ""[bc-release] cur_line=%llu frames=%zu\n"","
0,9352,33,9352,52,loop body,logos::compiler::BorrowChecker::release_dead_borrows,for (size_t fi = 0; fi < scopes_.size(); ++fi)
0,9352,54,9352,58,loop body,logos::compiler::BorrowChecker::release_dead_borrows,for (size_t fi = 0; fi < scopes_.size(); ++fi)
0,9353,17,9359,65,loop body,logos::compiler::BorrowChecker::release_dead_borrows,for (auto& b : scopes_[fi].borrows)
0,9354,21,9359,65,statement,logos::compiler::BorrowChecker::release_dead_borrows,"std::fprintf(stderr,"
0,9354,34,9354,34,statement,logos::compiler::BorrowChecker::release_dead_borrows,"std::fprintf(stderr,"
0,9357,25,9357,49,statement,logos::compiler::BorrowChecker::release_dead_borrows,"fi + 1 == scopes_.size() ? ""(back)"" : """","
0,9357,52,9357,60,statement,logos::compiler::BorrowChecker::release_dead_borrows,"fi + 1 == scopes_.size() ? ""(back)"" : """","
0,9357,63,9357,65,statement,logos::compiler::BorrowChecker::release_dead_borrows,"fi + 1 == scopes_.size() ? ""(back)"" : """","
43599600,9398,16,9398,22,loop body,logos::compiler::BorrowChecker::release_dead_borrows,while (lo > 0 && scopes_[lo].bare_block) --lo;
43599600,9398,16,9398,48,loop body,logos::compiler::BorrowChecker::release_dead_borrows,while (lo > 0 && scopes_[lo].bare_block) --lo;
43599600,9398,26,9398,48,loop body,logos::compiler::BorrowChecker::release_dead_borrows,while (lo > 0 && scopes_[lo].bare_block) --lo;
146940,9398,50,9398,54,loop body,logos::compiler::BorrowChecker::release_dead_borrows,while (lo > 0 && scopes_[lo].bare_block) --lo;
87052260,9399,31,9399,51,loop body,logos::compiler::BorrowChecker::release_dead_borrows,for (size_t _fi = lo; _fi < scopes_.size(); ++_fi) {
43599600,9399,53,9399,58,loop body,logos::compiler::BorrowChecker::release_dead_borrows,for (size_t _fi = lo; _fi < scopes_.size(); ++_fi) {
43599600,9399,60,9473,10,loop body,logos::compiler::BorrowChecker::release_dead_borrows,for (size_t _fi = lo; _fi < scopes_.size(); ++_fi) {
43683802,9402,16,9402,41,loop body,logos::compiler::BorrowChecker::release_dead_borrows,while (it != frame.borrows.end()) {
84202,9402,43,9433,10,loop body,logos::compiler::BorrowChecker::release_dead_borrows,while (it != frame.borrows.end()) {
84202,9403,17,9403,35,if guard,logos::compiler::BorrowChecker::release_dead_borrows,if (it->holder.empty()) { ++it; continue; }
0,9403,37,9403,56,if guard,logos::compiler::BorrowChecker::release_dead_borrows,if (it->holder.empty()) { ++it; continue; }
84202,9404,13,9433,10,statement,logos::compiler::BorrowChecker::release_dead_borrows,uint64_t lu = holders_last_use(*it);
84202,9415,17,9415,24,if guard,logos::compiler::BorrowChecker::release_dead_borrows,"if (lu == 0 && logos::probe::on(""nll_lu_zero"")) { ++it; continue; }"
84202,9415,17,9415,59,if guard,logos::compiler::BorrowChecker::release_dead_borrows,"if (lu == 0 && logos::probe::on(""nll_lu_zero"")) { ++it; continue; }"
1414,9415,28,9415,59,if guard,logos::compiler::BorrowChecker::release_dead_borrows,"if (lu == 0 && logos::probe::on(""nll_lu_zero"")) { ++it; continue; }"
0,9415,61,9415,80,if guard,logos::compiler::BorrowChecker::release_dead_borrows,"if (lu == 0 && logos::probe::on(""nll_lu_zero"")) { ++it; continue; }"
84202,9417,13,9433,10,if guard,logos::compiler::BorrowChecker::release_dead_borrows,if (holder_drops_after_last_use(*it)) { ++it; continue; }
84202,9417,17,9417,49,if guard,logos::compiler::BorrowChecker::release_dead_borrows,if (holder_drops_after_last_use(*it)) { ++it; continue; }
293,9417,51,9417,70,if guard,logos::compiler::BorrowChecker::release_dead_borrows,if (holder_drops_after_last_use(*it)) { ++it; continue; }
83909,9421,13,9433,10,if guard,logos::compiler::BorrowChecker::release_dead_borrows,"if (logos::probe::on(""nll_lu_strict"") ? (lu != 0 && lu < cur_line)"
83909,9421,17,9421,50,if guard,logos::compiler::BorrowChecker::release_dead_borrows,"if (logos::probe::on(""nll_lu_strict"") ? (lu != 0 && lu < cur_line)"
83909,9421,17,9422,69,if guard,logos::compiler::BorrowChecker::release_dead_borrows,"if (logos::probe::on(""nll_lu_strict"") ? (lu != 0 && lu < cur_line)"
0,9421,53,9421,79,if guard,logos::compiler::BorrowChecker::release_dead_borrows,"if (logos::probe::on(""nll_lu_strict"") ? (lu != 0 && lu < cur_line)"
0,9421,54,9421,61,if guard,logos::compiler::BorrowChecker::release_dead_borrows,"if (logos::probe::on(""nll_lu_strict"") ? (lu != 0 && lu < cur_line)"
0,9421,65,9421,78,if guard,logos::compiler::BorrowChecker::release_dead_borrows,"if (logos::probe::on(""nll_lu_strict"") ? (lu != 0 && lu < cur_line)"
83909,9422,53,9422,69,statement,logos::compiler::BorrowChecker::release_dead_borrows,: (lu <= cur_line)) {
28528,9422,71,9430,14,statement,logos::compiler::BorrowChecker::release_dead_borrows,: (lu <= cur_line)) {
28528,9424,21,9424,35,if guard,logos::compiler::BorrowChecker::release_dead_borrows,if (sit != nullptr) {
28442,9424,37,9428,18,if guard,logos::compiler::BorrowChecker::release_dead_borrows,if (sit != nullptr) {
28442,9425,25,9425,35,if guard,logos::compiler::BorrowChecker::release_dead_borrows,if (it->is_mut) sit->mut_borrowed = false;
1563,9425,37,9425,62,if guard,logos::compiler::BorrowChecker::release_dead_borrows,if (it->is_mut) sit->mut_borrowed = false;
26879,9426,26,9427,46,else-if guard,logos::compiler::BorrowChecker::release_dead_borrows,else if (sit->shared_borrows > 0)
26879,9426,30,9426,53,else-if guard,logos::compiler::BorrowChecker::release_dead_borrows,else if (sit->shared_borrows > 0)
26823,9427,25,9427,46,statement,logos::compiler::BorrowChecker::release_dead_borrows,--sit->shared_borrows;
55381,9430,20,9432,14,else branch,logos::compiler::BorrowChecker::release_dead_borrows,} else {
43601255,9436,16,9436,49,loop body,logos::compiler::BorrowChecker::release_dead_borrows,while (fit2 != frame.field_borrows.end()) {
1655,9436,51,9472,10,loop body,logos::compiler::BorrowChecker::release_dead_borrows,while (fit2 != frame.field_borrows.end()) {
1655,9437,17,9437,37,if guard,logos::compiler::BorrowChecker::release_dead_borrows,if (fit2->holder.empty()) { ++fit2; continue; }
0,9437,39,9437,60,if guard,logos::compiler::BorrowChecker::release_dead_borrows,if (fit2->holder.empty()) { ++fit2; continue; }
1655,9438,13,9472,10,statement,logos::compiler::BorrowChecker::release_dead_borrows,uint64_t lu = holders_last_use(*fit2);
1655,9439,17,9439,24,if guard,logos::compiler::BorrowChecker::release_dead_borrows,"if (lu == 0 && logos::probe::on(""nll_lu_zero"")) { ++fit2; continue; }"
1655,9439,17,9439,59,if guard,logos::compiler::BorrowChecker::release_dead_borrows,"if (lu == 0 && logos::probe::on(""nll_lu_zero"")) { ++fit2; continue; }"
12,9439,28,9439,59,if guard,logos::compiler::BorrowChecker::release_dead_borrows,"if (lu == 0 && logos::probe::on(""nll_lu_zero"")) { ++fit2; continue; }"
0,9439,61,9439,82,if guard,logos::compiler::BorrowChecker::release_dead_borrows,"if (lu == 0 && logos::probe::on(""nll_lu_zero"")) { ++fit2; continue; }"
1655,9457,13,9472,10,if guard,logos::compiler::BorrowChecker::release_dead_borrows,"if (logos::probe::on(""fldnlldrop"") ||"
1655,9457,17,9457,47,if guard,logos::compiler::BorrowChecker::release_dead_borrows,"if (logos::probe::on(""fldnlldrop"") ||"
1655,9457,17,9458,51,if guard,logos::compiler::BorrowChecker::release_dead_borrows,"if (logos::probe::on(""fldnlldrop"") ||"
1655,9458,17,9458,51,statement,logos::compiler::BorrowChecker::release_dead_borrows,holder_drops_after_last_use(*fit2)) { ++fit2; continue; }
0,9458,53,9458,74,statement,logos::compiler::BorrowChecker::release_dead_borrows,holder_drops_after_last_use(*fit2)) { ++fit2; continue; }
1655,9459,13,9472,10,if guard,logos::compiler::BorrowChecker::release_dead_borrows,"if (logos::probe::on(""nll_lu_strict"") ? (lu != 0 && lu < cur_line)"
1655,9459,17,9459,50,if guard,logos::compiler::BorrowChecker::release_dead_borrows,"if (logos::probe::on(""nll_lu_strict"") ? (lu != 0 && lu < cur_line)"
1655,9459,17,9460,69,if guard,logos::compiler::BorrowChecker::release_dead_borrows,"if (logos::probe::on(""nll_lu_strict"") ? (lu != 0 && lu < cur_line)"
0,9459,53,9459,79,if guard,logos::compiler::BorrowChecker::release_dead_borrows,"if (logos::probe::on(""nll_lu_strict"") ? (lu != 0 && lu < cur_line)"
0,9459,54,9459,61,if guard,logos::compiler::BorrowChecker::release_dead_borrows,"if (logos::probe::on(""nll_lu_strict"") ? (lu != 0 && lu < cur_line)"
0,9459,65,9459,78,if guard,logos::compiler::BorrowChecker::release_dead_borrows,"if (logos::probe::on(""nll_lu_strict"") ? (lu != 0 && lu < cur_line)"
1655,9460,53,9460,69,statement,logos::compiler::BorrowChecker::release_dead_borrows,: (lu <= cur_line)) {
650,9460,71,9469,14,statement,logos::compiler::BorrowChecker::release_dead_borrows,: (lu <= cur_line)) {
650,9461,75,9461,89,if guard,logos::compiler::BorrowChecker::release_dead_borrows,"if (auto sit = var_find(fit2->target_slot, fit2->target); sit != nullptr) {"
650,9461,91,9467,18,if guard,logos::compiler::BorrowChecker::release_dead_borrows,"if (auto sit = var_find(fit2->target_slot, fit2->target); sit != nullptr) {"
650,9462,25,9462,37,if guard,logos::compiler::BorrowChecker::release_dead_borrows,if (fit2->is_mut)
282,9463,25,9463,65,statement,logos::compiler::BorrowChecker::release_dead_borrows,sit->mut_field_borrows.erase(fit2->path);
368,9464,26,9466,37,else-if guard,logos::compiler::BorrowChecker::release_dead_borrows,else if (auto sb = sit->shared_field_borrows.find(fit2->path);
368,9465,30,9465,67,call / statement,logos::compiler::BorrowChecker::release_dead_borrows,sb != sit->shared_field_borrows.end() && sb->second > 0)
368,9465,30,9465,85,call / statement,logos::compiler::BorrowChecker::release_dead_borrows,sb != sit->shared_field_borrows.end() && sb->second > 0)
365,9465,71,9465,85,call / statement,logos::compiler::BorrowChecker::release_dead_borrows,sb != sit->shared_field_borrows.end() && sb->second > 0)
364,9466,25,9466,37,statement,logos::compiler::BorrowChecker::release_dead_borrows,--sb->second;
1005,9469,20,9471,14,else branch,logos::compiler::BorrowChecker::release_dead_borrows,} else {
34079873,9500,78,9511,6,call / statement,logos::compiler::BorrowChecker::walk_stmts_releasing,"uint64_t walk_stmts_releasing(lir_view::BlockRef br, bool defer_release) {"
43504906,9502,48,9509,10,call / statement,logos::compiler::BorrowChecker::walk_stmts_releasing,br.each_stmt([&](lir_view::StmtRef sr) {
43504906,9508,17,9508,31,if guard,logos::compiler::BorrowChecker::walk_stmts_releasing,if (!defer_release) release_dead_borrows(cursor);
43410498,9508,33,9508,61,if guard,logos::compiler::BorrowChecker::walk_stmts_releasing,if (!defer_release) release_dead_borrows(cursor);
33929729,9521,58,9586,6,call / statement,logos::compiler::BorrowChecker::visit_block,const std::string& esc_holder = {}) {
33929729,9565,13,9565,23,if guard,logos::compiler::BorrowChecker::visit_block,if (esc_result && !esc_holder.empty()) {
33929729,9565,13,9565,46,if guard,logos::compiler::BorrowChecker::visit_block,if (esc_result && !esc_holder.empty()) {
12618,9565,27,9565,46,if guard,logos::compiler::BorrowChecker::visit_block,if (esc_result && !esc_holder.empty()) {
12410,9565,48,9576,10,if guard,logos::compiler::BorrowChecker::visit_block,if (esc_result && !esc_holder.empty()) {
98,9569,17,9575,18,if guard,logos::compiler::BorrowChecker::visit_block,"if (dying_binding(scopes_.back(), s)) {"
98,9569,21,9569,53,if guard,logos::compiler::BorrowChecker::visit_block,"if (dying_binding(scopes_.back(), s)) {"
12,9569,55,9575,18,if guard,logos::compiler::BorrowChecker::visit_block,"if (dying_binding(scopes_.back(), s)) {"
12,9570,28,9570,34,diagnostic emission,logos::compiler::BorrowChecker::visit_block,"report(cursor ? (uint32_t)cursor : 0, std::format("
12,9570,37,9570,53,diagnostic emission,logos::compiler::BorrowChecker::visit_block,"report(cursor ? (uint32_t)cursor : 0, std::format("
0,9570,56,9570,57,diagnostic emission,logos::compiler::BorrowChecker::visit_block,"report(cursor ? (uint32_t)cursor : 0, std::format("
33929729,9577,13,9577,23,if guard,logos::compiler::BorrowChecker::visit_block,if (esc_result && !esc_holder.empty() &&
33929729,9577,13,9577,46,if guard,logos::compiler::BorrowChecker::visit_block,if (esc_result && !esc_holder.empty() &&
33929729,9577,13,9578,77,if guard,logos::compiler::BorrowChecker::visit_block,if (esc_result && !esc_holder.empty() &&
12618,9577,27,9577,46,if guard,logos::compiler::BorrowChecker::visit_block,if (esc_result && !esc_holder.empty() &&
12410,9578,13,9578,77,call / statement,logos::compiler::BorrowChecker::visit_block,is_borrow_carrying_type(esc_result.type(prog_.type_pool.impl()))) {
76,9578,79,9582,10,call / statement,logos::compiler::BorrowChecker::visit_block,is_borrow_carrying_type(esc_result.type(prog_.type_pool.impl()))) {
41,9581,35,9581,71,loop body,logos::compiler::BorrowChecker::visit_block,"for (auto& r : roots) inherit_loans(r, esc_holder, cursor);"
53991,9601,60,9743,6,call / statement,logos::compiler::BorrowChecker::visit_loop_body,std::string_view break_slot = {}) {
107982,9602,42,9605,10,call / statement,logos::compiler::BorrowChecker::visit_loop_body,auto seed_loop_var_loans = [&]() {
107982,9603,17,9603,34,if guard,logos::compiler::BorrowChecker::visit_loop_body,if (loop_vars.empty()) return;
107020,9603,36,9603,42,if guard,logos::compiler::BorrowChecker::visit_loop_body,if (loop_vars.empty()) return;
962,9604,13,9605,10,loop body,logos::compiler::BorrowChecker::visit_loop_body,"for (auto& r : var_loan_roots) inherit_loans(r, loop_vars.front(), 0);"
0,9604,44,9604,82,loop body,logos::compiler::BorrowChecker::visit_loop_body,"for (auto& r : var_loan_roots) inherit_loans(r, loop_vars.front(), 0);"
481,9621,35,9621,49,loop body,logos::compiler::BorrowChecker::visit_loop_body,for (auto& v : loop_vars) declare_var(v);
53991,9683,13,9683,29,if guard,logos::compiler::BorrowChecker::visit_loop_body,if (bottom_reachable) {
53718,9683,31,9686,10,if guard,logos::compiler::BorrowChecker::visit_loop_body,if (bottom_reachable) {
134,9687,49,9690,10,loop body,logos::compiler::BorrowChecker::visit_loop_body,for (auto& cs : frame1.continue_states) {
481,9708,35,9708,49,loop body,logos::compiler::BorrowChecker::visit_loop_body,for (auto& v : loop_vars) declare_var(v);
53991,9727,13,9727,29,if guard,logos::compiler::BorrowChecker::visit_loop_body,"if (bottom_reachable) loop_propagate_moves(states_, post2_s, pre_s);"
53718,9727,31,9727,76,if guard,logos::compiler::BorrowChecker::visit_loop_body,"if (bottom_reachable) loop_propagate_moves(states_, post2_s, pre_s);"
134,9734,49,9737,10,loop body,logos::compiler::BorrowChecker::visit_loop_body,for (auto& cs : frame2.continue_states) {
2719,9738,46,9741,10,loop body,logos::compiler::BorrowChecker::visit_loop_body,for (auto& bs : frame2.break_states) {
1519248,9776,61,9828,6,statement,logos::compiler::BorrowChecker::place_write_root[abi:cxx11],bool resolve = true) const {
2785486,9787,16,9787,19,loop body,logos::compiler::BorrowChecker::place_write_root[abi:cxx11],while (cur) {
2785486,9787,21,9811,10,loop body,logos::compiler::BorrowChecker::place_write_root[abi:cxx11],while (cur) {
2785486,9789,17,9789,37,if guard,logos::compiler::BorrowChecker::place_write_root[abi:cxx11],if (k == Code::FieldRead)       { if (path_ok) path_fields.emplace_back(EFieldReadView{cur}.field());
34512,9789,45,9790,97,if guard,logos::compiler::BorrowChecker::place_write_root[abi:cxx11],if (k == Code::FieldRead)       { if (path_ok) path_fields.emplace_back(EFieldReadView{cur}.field());
34512,9789,51,9789,58,if guard,logos::compiler::BorrowChecker::place_write_root[abi:cxx11],if (k == Code::FieldRead)       { if (path_ok) path_fields.emplace_back(EFieldReadView{cur}.field());
32179,9789,60,9789,113,if guard,logos::compiler::BorrowChecker::place_write_root[abi:cxx11],if (k == Code::FieldRead)       { if (path_ok) path_fields.emplace_back(EFieldReadView{cur}.field());
2750974,9791,13,9811,10,if guard,logos::compiler::BorrowChecker::place_write_root[abi:cxx11],if (k == Code::TupleIndex)      { path_ok = false; cur = ETupleIndexView{cur}.receiver(); continue; }
2750974,9791,17,9791,38,if guard,logos::compiler::BorrowChecker::place_write_root[abi:cxx11],if (k == Code::TupleIndex)      { path_ok = false; cur = ETupleIndexView{cur}.receiver(); continue; }
45,9791,45,9791,114,if guard,logos::compiler::BorrowChecker::place_write_root[abi:cxx11],if (k == Code::TupleIndex)      { path_ok = false; cur = ETupleIndexView{cur}.receiver(); continue; }
2750929,9792,13,9811,10,if guard,logos::compiler::BorrowChecker::place_write_root[abi:cxx11],if (k == Code::IndexRead)       { path_ok = false; cur = EIndexReadView{cur}.receiver();  continue; }
2750929,9792,17,9792,37,if guard,logos::compiler::BorrowChecker::place_write_root[abi:cxx11],if (k == Code::IndexRead)       { path_ok = false; cur = EIndexReadView{cur}.receiver();  continue; }
6659,9792,45,9792,114,if guard,logos::compiler::BorrowChecker::place_write_root[abi:cxx11],if (k == Code::IndexRead)       { path_ok = false; cur = EIndexReadView{cur}.receiver();  continue; }
2744270,9793,13,9811,10,if guard,logos::compiler::BorrowChecker::place_write_root[abi:cxx11],if (k == Code::SliceIndex)      { path_ok = false; cur = ESliceIndexView{cur}.slice();    continue; }
2744270,9793,17,9793,38,if guard,logos::compiler::BorrowChecker::place_write_root[abi:cxx11],if (k == Code::SliceIndex)      { path_ok = false; cur = ESliceIndexView{cur}.slice();    continue; }
55,9793,45,9793,114,if guard,logos::compiler::BorrowChecker::place_write_root[abi:cxx11],if (k == Code::SliceIndex)      { path_ok = false; cur = ESliceIndexView{cur}.slice();    continue; }
2744215,9794,13,9811,10,if guard,logos::compiler::BorrowChecker::place_write_root[abi:cxx11],if (k == Code::Deref) {
2744215,9794,17,9794,33,if guard,logos::compiler::BorrowChecker::place_write_root[abi:cxx11],if (k == Code::Deref) {
1228937,9794,35,9809,14,if guard,logos::compiler::BorrowChecker::place_write_root[abi:cxx11],if (k == Code::Deref) {
1228937,9796,21,9796,24,if guard,logos::compiler::BorrowChecker::place_write_root[abi:cxx11],if (!op) break;
0,9796,26,9796,31,if guard,logos::compiler::BorrowChecker::place_write_root[abi:cxx11],if (!op) break;
1228937,9797,17,9809,14,statement,logos::compiler::BorrowChecker::place_write_root[abi:cxx11],auto ot = op.type(pool);
1228937,9798,21,9798,23,if guard,logos::compiler::BorrowChecker::place_write_root[abi:cxx11],if (ot && ot.kind() == LogosType::Kind::Ptr) return {};  // raw: unchecked
1228937,9798,21,9798,60,if guard,logos::compiler::BorrowChecker::place_write_root[abi:cxx11],if (ot && ot.kind() == LogosType::Kind::Ptr) return {};  // raw: unchecked
1228937,9798,27,9798,60,if guard,logos::compiler::BorrowChecker::place_write_root[abi:cxx11],if (ot && ot.kind() == LogosType::Kind::Ptr) return {};  // raw: unchecked
3970,9798,62,9798,71,if guard,logos::compiler::BorrowChecker::place_write_root[abi:cxx11],if (ot && ot.kind() == LogosType::Kind::Ptr) return {};  // raw: unchecked
1224967,9806,17,9808,25,statement,logos::compiler::BorrowChecker::place_write_root[abi:cxx11],through_ref = true;
1515278,9810,13,9810,18,loop exit,logos::compiler::BorrowChecker::place_write_root[abi:cxx11],break;
1515278,9812,9,9828,6,if guard,logos::compiler::BorrowChecker::place_write_root[abi:cxx11],if (cur && cur.kind() == Code::VarRef) {
1515278,9812,13,9812,16,if guard,logos::compiler::BorrowChecker::place_write_root[abi:cxx11],if (cur && cur.kind() == Code::VarRef) {
1515278,9812,13,9812,46,if guard,logos::compiler::BorrowChecker::place_write_root[abi:cxx11],if (cur && cur.kind() == Code::VarRef) {
1515278,9812,20,9812,46,if guard,logos::compiler::BorrowChecker::place_write_root[abi:cxx11],if (cur && cur.kind() == Code::VarRef) {
1307301,9812,48,9826,10,if guard,logos::compiler::BorrowChecker::place_write_root[abi:cxx11],if (cur && cur.kind() == Code::VarRef) {
1307301,9820,30,9820,37,statement,logos::compiler::BorrowChecker::place_write_root[abi:cxx11],std::string ep = resolve
1306561,9821,19,9822,82,statement,logos::compiler::BorrowChecker::place_write_root[abi:cxx11],? resolve_place_reborrow(
740,9823,19,9823,55,statement,logos::compiler::BorrowChecker::place_write_root[abi:cxx11],: std::string(EVarRefView{cur}.name());
1307301,9824,17,9824,28,if guard,logos::compiler::BorrowChecker::place_write_root[abi:cxx11],"if (!ep.empty() && !var_has(NO_SLOT, ep)) ep = ref_place_root(ep);"
1307301,9824,17,9824,53,if guard,logos::compiler::BorrowChecker::place_write_root[abi:cxx11],"if (!ep.empty() && !var_has(NO_SLOT, ep)) ep = ref_place_root(ep);"
1307301,9824,32,9824,53,if guard,logos::compiler::BorrowChecker::place_write_root[abi:cxx11],"if (!ep.empty() && !var_has(NO_SLOT, ep)) ep = ref_place_root(ep);"
257,9824,55,9824,78,if guard,logos::compiler::BorrowChecker::place_write_root[abi:cxx11],"if (!ep.empty() && !var_has(NO_SLOT, ep)) ep = ref_place_root(ep);"
207977,9827,9,9827,18,early return,logos::compiler::BorrowChecker::place_write_root[abi:cxx11],return {};
219173,9881,60,9907,6,statement,logos::compiler::BorrowChecker::ref_source_admissible,bool ref_source_admissible(const std::string& p) const {
219173,9883,13,9883,25,if guard,logos::compiler::BorrowChecker::ref_source_admissible,if (root.empty() || is_materialized_temp_name(root)) return false;
219173,9883,13,9883,60,if guard,logos::compiler::BorrowChecker::ref_source_admissible,if (root.empty() || is_materialized_temp_name(root)) return false;
219173,9883,29,9883,60,if guard,logos::compiler::BorrowChecker::ref_source_admissible,if (root.empty() || is_materialized_temp_name(root)) return false;
5,9883,62,9883,74,if guard,logos::compiler::BorrowChecker::ref_source_admissible,if (root.empty() || is_materialized_temp_name(root)) return false;
219168,9893,9,9907,6,if guard,logos::compiler::BorrowChecker::ref_source_admissible,if (!is_loop_break_slot_name(root)) {
219168,9893,13,9893,43,if guard,logos::compiler::BorrowChecker::ref_source_admissible,if (!is_loop_break_slot_name(root)) {
219166,9893,45,9905,10,if guard,logos::compiler::BorrowChecker::ref_source_admissible,if (!is_loop_break_slot_name(root)) {
219166,9894,17,9894,41,if guard,logos::compiler::BorrowChecker::ref_source_admissible,if (param_names_.count(root)) return false;
10470,9894,43,9894,55,if guard,logos::compiler::BorrowChecker::ref_source_admissible,if (param_names_.count(root)) return false;
208696,9904,13,9905,10,if guard,logos::compiler::BorrowChecker::ref_source_admissible,"if (!var_has(NO_SLOT, root) && !reborrow_of_.find(p)) return false;"
208696,9904,17,9904,40,if guard,logos::compiler::BorrowChecker::ref_source_admissible,"if (!var_has(NO_SLOT, root) && !reborrow_of_.find(p)) return false;"
208696,9904,17,9904,65,if guard,logos::compiler::BorrowChecker::ref_source_admissible,"if (!var_has(NO_SLOT, root) && !reborrow_of_.find(p)) return false;"
48,9904,44,9904,65,if guard,logos::compiler::BorrowChecker::ref_source_admissible,"if (!var_has(NO_SLOT, root) && !reborrow_of_.find(p)) return false;"
36,9904,67,9904,79,if guard,logos::compiler::BorrowChecker::ref_source_admissible,"if (!var_has(NO_SLOT, root) && !reborrow_of_.find(p)) return false;"
208662,9906,9,9906,20,early return,logos::compiler::BorrowChecker::ref_source_admissible,return true;
262108,9951,89,10021,6,statement,logos::compiler::BorrowChecker::ref_sources_of[abi:cxx11],"std::vector<std::string> ref_sources_of(lir_view::ExprRef val, int depth = 0) const {"
262108,9953,13,9953,17,if guard,logos::compiler::BorrowChecker::ref_sources_of[abi:cxx11],if (!val) return ok;
45,9953,19,9953,28,if guard,logos::compiler::BorrowChecker::ref_sources_of[abi:cxx11],if (!val) return ok;
262063,9954,9,10021,6,statement,logos::compiler::BorrowChecker::ref_sources_of[abi:cxx11],"ref_source_places(val, prog_.type_pool.impl(), raw);"
219173,9956,13,9956,69,if guard,logos::compiler::BorrowChecker::ref_sources_of[abi:cxx11],if (ref_source_admissible(p)) ok.push_back(std::move(p));
219173,9956,17,9956,41,if guard,logos::compiler::BorrowChecker::ref_sources_of[abi:cxx11],if (ref_source_admissible(p)) ok.push_back(std::move(p));
208662,9956,43,9956,69,if guard,logos::compiler::BorrowChecker::ref_sources_of[abi:cxx11],if (ref_source_admissible(p)) ok.push_back(std::move(p));
262063,9957,13,9957,25,if guard,logos::compiler::BorrowChecker::ref_sources_of[abi:cxx11],if (!raw.empty() || depth > 4) return ok;
262063,9957,13,9957,38,if guard,logos::compiler::BorrowChecker::ref_sources_of[abi:cxx11],if (!raw.empty() || depth > 4) return ok;
43013,9957,29,9957,38,if guard,logos::compiler::BorrowChecker::ref_sources_of[abi:cxx11],if (!raw.empty() || depth > 4) return ok;
219050,9957,40,9957,49,if guard,logos::compiler::BorrowChecker::ref_sources_of[abi:cxx11],if (!raw.empty() || depth > 4) return ok;
43013,9958,9,10021,6,statement,logos::compiler::BorrowChecker::ref_sources_of[abi:cxx11],using namespace lir_view;
4796,9960,39,9963,10,call / statement,logos::compiler::BorrowChecker::ref_sources_of[abi:cxx11],auto add = [&](std::string p) {
4796,9961,17,9961,63,if guard,logos::compiler::BorrowChecker::ref_sources_of[abi:cxx11],"if (std::find(ok.begin(), ok.end(), p) == ok.end())"
4795,9962,17,9962,43,statement,logos::compiler::BorrowChecker::ref_sources_of[abi:cxx11],ok.push_back(std::move(p));
5830,9964,36,9980,10,call / statement,logos::compiler::BorrowChecker::ref_sources_of[abi:cxx11],auto seed = [&](ExprRef a) {
5830,9965,17,9965,19,if guard,logos::compiler::BorrowChecker::ref_sources_of[abi:cxx11],if (!a) return;
0,9965,21,9965,27,if guard,logos::compiler::BorrowChecker::ref_sources_of[abi:cxx11],if (!a) return;
5830,9966,13,9980,10,loop body,logos::compiler::BorrowChecker::ref_sources_of[abi:cxx11],"for (auto& p : ref_sources_of(a, depth + 1)) {"
4787,9966,58,9979,14,loop body,logos::compiler::BorrowChecker::ref_sources_of[abi:cxx11],"for (auto& p : ref_sources_of(a, depth + 1)) {"
9,9977,72,9977,85,statement,logos::compiler::BorrowChecker::ref_sources_of[abi:cxx11],"reborrow_of_.each_under(p, [&](const std::string& sub) { add(sub); });"
27403,9981,84,9985,10,call / statement,logos::compiler::BorrowChecker::ref_sources_of[abi:cxx11],"auto by_mask = [&](const FlowSummary* fs, const std::vector<ExprRef>& ops) {"
27403,9982,17,9982,20,if guard,logos::compiler::BorrowChecker::ref_sources_of[abi:cxx11],if (!fs) return;
6093,9982,22,9982,28,if guard,logos::compiler::BorrowChecker::ref_sources_of[abi:cxx11],if (!fs) return;
21310,9983,13,9985,10,loop body,logos::compiler::BorrowChecker::ref_sources_of[abi:cxx11],for (size_t i = 0; i < ops.size() && i < fs->nparams; ++i)
52778,9983,32,9983,46,loop body,logos::compiler::BorrowChecker::ref_sources_of[abi:cxx11],for (size_t i = 0; i < ops.size() && i < fs->nparams; ++i)
52778,9983,32,9983,65,loop body,logos::compiler::BorrowChecker::ref_sources_of[abi:cxx11],for (size_t i = 0; i < ops.size() && i < fs->nparams; ++i)
31468,9983,50,9983,65,loop body,logos::compiler::BorrowChecker::ref_sources_of[abi:cxx11],for (size_t i = 0; i < ops.size() && i < fs->nparams; ++i)
31468,9983,67,9983,70,loop body,logos::compiler::BorrowChecker::ref_sources_of[abi:cxx11],for (size_t i = 0; i < ops.size() && i < fs->nparams; ++i)
31468,9984,17,9984,62,if guard,logos::compiler::BorrowChecker::ref_sources_of[abi:cxx11],if (fs->to_result & (1ull << i)) seed(ops[i]);
31468,9984,21,9984,48,if guard,logos::compiler::BorrowChecker::ref_sources_of[abi:cxx11],if (fs->to_result & (1ull << i)) seed(ops[i]);
5830,9984,50,9984,62,if guard,logos::compiler::BorrowChecker::ref_sources_of[abi:cxx11],if (fs->to_result & (1ull << i)) seed(ops[i]);
14220,9988,13,9992,22,switch arm,logos::compiler::BorrowChecker::ref_sources_of[abi:cxx11],case Code::Call: {
25263,9990,44,9990,65,statement,logos::compiler::BorrowChecker::ref_sources_of[abi:cxx11],cv.each_arg([&](ExprRef a) { ops.push_back(a); });
195,9994,13,9998,22,switch arm,logos::compiler::BorrowChecker::ref_sources_of[abi:cxx11],case Code::FnPtrCall: {           // G1's twin: a resolved pointer
232,9996,44,9996,65,statement,logos::compiler::BorrowChecker::ref_sources_of[abi:cxx11],fv.each_arg([&](ExprRef a) { ops.push_back(a); });
12988,10000,13,10005,22,switch arm,logos::compiler::BorrowChecker::ref_sources_of[abi:cxx11],case Code::MethodCall: {
5959,10003,44,10003,65,statement,logos::compiler::BorrowChecker::ref_sources_of[abi:cxx11],mv.each_arg([&](ExprRef a) { ops.push_back(a); });
0,10014,13,10017,22,switch arm,logos::compiler::BorrowChecker::ref_sources_of[abi:cxx11],case Code::Try:
0,10016,21,10016,38,statement,logos::compiler::BorrowChecker::ref_sources_of[abi:cxx11],add(std::move(p));
15610,10018,13,10018,27,switch arm,logos::compiler::BorrowChecker::ref_sources_of[abi:cxx11],default: break;
43013,10020,9,10020,18,early return,logos::compiler::BorrowChecker::ref_sources_of[abi:cxx11],return ok;
29955041,10057,49,10057,75,statement,logos::compiler::BorrowChecker::is_reborrow_ref_kind,static bool is_reborrow_ref_kind(TypeRef t) { return is_ref_kind(t); }
5527726,10073,75,10079,6,call / statement,logos::compiler::BorrowChecker::is_reborrow_store_value,"static bool is_reborrow_store_value(TypeRef t, lir_view::ExprRef val) {"
5527726,10074,13,10074,36,if guard,logos::compiler::BorrowChecker::is_reborrow_store_value,if (is_reborrow_ref_kind(t)) return true;
236062,10074,38,10074,49,if guard,logos::compiler::BorrowChecker::is_reborrow_store_value,if (is_reborrow_ref_kind(t)) return true;
5291664,10075,9,10079,6,if guard,logos::compiler::BorrowChecker::is_reborrow_store_value,if (!val || val.kind() != lir_schema::expr::Code::ArrLit || !t) return false;
5291664,10075,13,10075,17,if guard,logos::compiler::BorrowChecker::is_reborrow_store_value,if (!val || val.kind() != lir_schema::expr::Code::ArrLit || !t) return false;
5291664,10075,13,10075,65,if guard,logos::compiler::BorrowChecker::is_reborrow_store_value,if (!val || val.kind() != lir_schema::expr::Code::ArrLit || !t) return false;
5291664,10075,13,10075,71,if guard,logos::compiler::BorrowChecker::is_reborrow_store_value,if (!val || val.kind() != lir_schema::expr::Code::ArrLit || !t) return false;
5291592,10075,21,10075,65,if guard,logos::compiler::BorrowChecker::is_reborrow_store_value,if (!val || val.kind() != lir_schema::expr::Code::ArrLit || !t) return false;
6620,10075,69,10075,71,if guard,logos::compiler::BorrowChecker::is_reborrow_store_value,if (!val || val.kind() != lir_schema::expr::Code::ArrLit || !t) return false;
5285044,10075,73,10075,85,if guard,logos::compiler::BorrowChecker::is_reborrow_store_value,if (!val || val.kind() != lir_schema::expr::Code::ArrLit || !t) return false;
6620,10076,9,10079,6,statement,logos::compiler::BorrowChecker::is_reborrow_store_value,auto k = t.kind();
6620,10077,13,10077,40,if guard,logos::compiler::BorrowChecker::is_reborrow_store_value,if (k != LogosType::Kind::Array && k != LogosType::Kind::Slice) return false;
6620,10077,13,10077,71,if guard,logos::compiler::BorrowChecker::is_reborrow_store_value,if (k != LogosType::Kind::Array && k != LogosType::Kind::Slice) return false;
0,10077,44,10077,71,if guard,logos::compiler::BorrowChecker::is_reborrow_store_value,if (k != LogosType::Kind::Array && k != LogosType::Kind::Slice) return false;
0,10077,73,10077,85,if guard,logos::compiler::BorrowChecker::is_reborrow_store_value,if (k != LogosType::Kind::Array && k != LogosType::Kind::Slice) return false;
6620,10078,9,10078,46,early return,logos::compiler::BorrowChecker::is_reborrow_store_value,return is_reborrow_ref_kind(t.elem());
5527950,10101,82,10127,6,call / statement,logos::compiler::BorrowChecker::freeze_ref_closure,"void freeze_ref_closure(const std::string& key, std::vector<std::string>& s) {"
5527950,10102,13,10102,22,if guard,logos::compiler::BorrowChecker::freeze_ref_closure,if (s.empty()) return;
5320272,10102,24,10102,30,if guard,logos::compiler::BorrowChecker::freeze_ref_closure,if (s.empty()) return;
207678,10103,9,10127,6,statement,logos::compiler::BorrowChecker::freeze_ref_closure,std::vector<std::string> cl;
207752,10105,13,10108,15,call / statement,logos::compiler::BorrowChecker::freeze_ref_closure,"reborrow_of_.each_root(src, [&](const std::string& n) {"
214767,10105,67,10108,14,call / statement,logos::compiler::BorrowChecker::freeze_ref_closure,"reborrow_of_.each_root(src, [&](const std::string& n) {"
214767,10106,21,10106,29,if guard,logos::compiler::BorrowChecker::freeze_ref_closure,"if (n != key && std::find(cl.begin(), cl.end(), n) == cl.end())"
214767,10106,21,10106,79,if guard,logos::compiler::BorrowChecker::freeze_ref_closure,"if (n != key && std::find(cl.begin(), cl.end(), n) == cl.end())"
214765,10106,33,10106,79,if guard,logos::compiler::BorrowChecker::freeze_ref_closure,"if (n != key && std::find(cl.begin(), cl.end(), n) == cl.end())"
214746,10107,21,10107,36,statement,logos::compiler::BorrowChecker::freeze_ref_closure,cl.push_back(n);
214746,10122,79,10125,10,call / statement,logos::compiler::BorrowChecker::freeze_ref_closure,"std::stable_partition(cl.begin(), cl.end(), [&](const std::string& n) {"
214746,10124,20,10124,22,early return,logos::compiler::BorrowChecker::freeze_ref_closure,return !v || v->empty();
7016,10124,26,10124,36,early return,logos::compiler::BorrowChecker::freeze_ref_closure,return !v || v->empty();
4484357,10128,83,10153,6,call / statement,logos::compiler::BorrowChecker::note_reborrow,"void note_reborrow(const std::string& name, TypeRef t, lir_view::ExprRef val) {"
4484357,10129,13,10129,25,if guard,logos::compiler::BorrowChecker::note_reborrow,if (name.empty()) return;
2,10129,27,10129,33,if guard,logos::compiler::BorrowChecker::note_reborrow,if (name.empty()) return;
4484355,10130,9,10153,6,statement,logos::compiler::BorrowChecker::note_reborrow,std::vector<std::string> s;
4484355,10141,13,10141,44,if guard,logos::compiler::BorrowChecker::note_reborrow,"if (is_reborrow_store_value(t, val)) s = ref_sources_of(val);   // P1: arrays too"
104766,10141,46,10141,69,if guard,logos::compiler::BorrowChecker::note_reborrow,"if (is_reborrow_store_value(t, val)) s = ref_sources_of(val);   // P1: arrays too"
4484355,10142,13,10142,14,if guard,logos::compiler::BorrowChecker::note_reborrow,if (t && t.kind() == LogosType::Kind::MutRef) reborrow_mut_.insert(name);
4484355,10142,13,10142,53,if guard,logos::compiler::BorrowChecker::note_reborrow,if (t && t.kind() == LogosType::Kind::MutRef) reborrow_mut_.insert(name);
4484355,10142,18,10142,53,if guard,logos::compiler::BorrowChecker::note_reborrow,if (t && t.kind() == LogosType::Kind::MutRef) reborrow_mut_.insert(name);
17457,10142,55,10142,81,if guard,logos::compiler::BorrowChecker::note_reborrow,if (t && t.kind() == LogosType::Kind::MutRef) reborrow_mut_.insert(name);
4466898,10143,55,10143,80,else branch,logos::compiler::BorrowChecker::note_reborrow,else                                          reborrow_mut_.erase(name);
5527726,10174,74,10191,6,call / statement,logos::compiler::BorrowChecker::note_place_copy,"void note_place_copy(const std::string& name, lir_view::ExprRef val) {"
5527726,10175,13,10175,17,if guard,logos::compiler::BorrowChecker::note_place_copy,if (!val) return;
117,10175,19,10175,25,if guard,logos::compiler::BorrowChecker::note_place_copy,if (!val) return;
5527609,10176,9,10191,6,statement,logos::compiler::BorrowChecker::note_place_copy,const auto* pool = prog_.type_pool.impl();
5527609,10178,13,10178,37,if guard,logos::compiler::BorrowChecker::note_place_copy,"if (is_reborrow_ref_kind(vt)) return;   // a reborrow, handled above"
240443,10178,39,10178,45,if guard,logos::compiler::BorrowChecker::note_place_copy,"if (is_reborrow_ref_kind(vt)) return;   // a reborrow, handled above"
5287166,10179,9,10191,6,statement,logos::compiler::BorrowChecker::note_place_copy,std::vector<std::string> raw;
5287166,10181,13,10181,28,if guard,logos::compiler::BorrowChecker::note_place_copy,if (raw.size() != 1) return;            // not ONE named source place
3585952,10181,30,10181,36,if guard,logos::compiler::BorrowChecker::note_place_copy,if (raw.size() != 1) return;            // not ONE named source place
1701214,10182,9,10191,6,statement,logos::compiler::BorrowChecker::note_place_copy,const std::string& src = raw[0];
1701214,10183,13,10183,24,if guard,logos::compiler::BorrowChecker::note_place_copy,if (src.empty() || src == name) return;
1701214,10183,13,10183,39,if guard,logos::compiler::BorrowChecker::note_place_copy,if (src.empty() || src == name) return;
1701214,10183,28,10183,39,if guard,logos::compiler::BorrowChecker::note_place_copy,if (src.empty() || src == name) return;
17,10183,41,10183,47,if guard,logos::compiler::BorrowChecker::note_place_copy,if (src.empty() || src == name) return;
1701197,10184,9,10191,6,statement,logos::compiler::BorrowChecker::note_place_copy,"std::string pfx = src + ""."";"
89701,10187,13,10189,81,if guard,logos::compiler::BorrowChecker::note_place_copy,if (kv.first.size() > pfx.size() &&
89701,10187,17,10187,45,if guard,logos::compiler::BorrowChecker::note_place_copy,if (kv.first.size() > pfx.size() &&
89701,10187,17,10188,58,if guard,logos::compiler::BorrowChecker::note_place_copy,if (kv.first.size() > pfx.size() &&
43619,10188,17,10188,58,call / statement,logos::compiler::BorrowChecker::note_place_copy,"kv.first.compare(0, pfx.size(), pfx) == 0)"
551,10189,17,10189,81,statement,logos::compiler::BorrowChecker::note_place_copy,"adds.emplace_back(name + kv.first.substr(src.size()), kv.second);"
551,10190,30,10190,76,loop body,logos::compiler::BorrowChecker::note_place_copy,"for (auto& a : adds) reborrow_of_.set(a.first, std::move(a.second));"
5527726,10209,59,10211,6,call / statement,logos::compiler::BorrowChecker::retract_reborrow_places,void retract_reborrow_places(const std::string& root) {
1043371,10214,79,10257,6,call / statement,logos::compiler::BorrowChecker::note_reborrow_place,"void note_reborrow_place(const std::string& place, lir_view::ExprRef val) {"
1043371,10215,13,10215,26,if guard,logos::compiler::BorrowChecker::note_reborrow_place,if (place.empty()) return;
0,10215,28,10215,34,if guard,logos::compiler::BorrowChecker::note_reborrow_place,if (place.empty()) return;
1043371,10216,9,10257,6,statement,logos::compiler::BorrowChecker::note_reborrow_place,const auto* pool = prog_.type_pool.impl();
1043371,10217,22,10217,25,statement,logos::compiler::BorrowChecker::note_reborrow_place,TypeRef vt = val ? val.type(pool) : TypeRef(nullptr);
1043371,10217,28,10217,42,statement,logos::compiler::BorrowChecker::note_reborrow_place,TypeRef vt = val ? val.type(pool) : TypeRef(nullptr);
0,10217,45,10217,61,statement,logos::compiler::BorrowChecker::note_reborrow_place,TypeRef vt = val ? val.type(pool) : TypeRef(nullptr);
1043371,10219,13,10219,45,if guard,logos::compiler::BorrowChecker::note_reborrow_place,"if (is_reborrow_store_value(vt, val)) s = ref_sources_of(val);   // R7a rule 2 (+P1)"
131434,10219,47,10219,70,if guard,logos::compiler::BorrowChecker::note_reborrow_place,"if (is_reborrow_store_value(vt, val)) s = ref_sources_of(val);   // R7a rule 2 (+P1)"
1043371,10220,13,10220,15,if guard,logos::compiler::BorrowChecker::note_reborrow_place,if (vt && vt.kind() == LogosType::Kind::MutRef) reborrow_mut_.insert(place);
1043371,10220,13,10220,55,if guard,logos::compiler::BorrowChecker::note_reborrow_place,if (vt && vt.kind() == LogosType::Kind::MutRef) reborrow_mut_.insert(place);
1043371,10220,19,10220,55,if guard,logos::compiler::BorrowChecker::note_reborrow_place,if (vt && vt.kind() == LogosType::Kind::MutRef) reborrow_mut_.insert(place);
30775,10220,57,10220,84,if guard,logos::compiler::BorrowChecker::note_reborrow_place,if (vt && vt.kind() == LogosType::Kind::MutRef) reborrow_mut_.insert(place);
1012596,10221,57,10221,83,else branch,logos::compiler::BorrowChecker::note_reborrow_place,else                                            reborrow_mut_.erase(place);
4484355,10260,84,10265,6,call / statement,logos::compiler::BorrowChecker::note_struct_lit_reborrows,"void note_struct_lit_reborrows(const std::string& name, lir_view::ExprRef val) {"
1043177,10262,64,10264,14,statement,logos::compiler::BorrowChecker::note_struct_lit_reborrows,"[&](const std::string& place, lir_view::ExprRef v) {"
5318471,10290,66,10324,6,statement,logos::compiler::BorrowChecker::resolve_ref_places,std::vector<std::string>& out) const {
5318471,10291,13,10291,25,if guard,logos::compiler::BorrowChecker::resolve_ref_places,if (base.empty()) return;
0,10291,27,10291,33,if guard,logos::compiler::BorrowChecker::resolve_ref_places,if (base.empty()) return;
5318471,10292,9,10324,6,statement,logos::compiler::BorrowChecker::resolve_ref_places,std::vector<std::string> frontier;
5318484,10293,80,10298,10,call / statement,logos::compiler::BorrowChecker::resolve_ref_places,"auto close = [&](const std::string& n, std::vector<std::string>& into) {"
5327293,10294,65,10297,14,call / statement,logos::compiler::BorrowChecker::resolve_ref_places,"reborrow_of_.each_root(n, [&](const std::string& m) {"
5327293,10295,21,10295,70,if guard,logos::compiler::BorrowChecker::resolve_ref_places,"if (std::find(out.begin(), out.end(), m) == out.end()) out.push_back(m);"
5327293,10295,72,10295,88,if guard,logos::compiler::BorrowChecker::resolve_ref_places,"if (std::find(out.begin(), out.end(), m) == out.end()) out.push_back(m);"
5318471,10300,13,10300,21,if guard,logos::compiler::BorrowChecker::resolve_ref_places,if (!path_ok) return;
27448,10300,23,10300,29,if guard,logos::compiler::BorrowChecker::resolve_ref_places,if (!path_ok) return;
5291023,10305,9,10324,6,loop body,logos::compiler::BorrowChecker::resolve_ref_places,for (auto it = fields_outer_first.rbegin(); it != fields_outer_first.rend(); ++it) {
5295217,10305,53,10305,84,loop body,logos::compiler::BorrowChecker::resolve_ref_places,for (auto it = fields_outer_first.rbegin(); it != fields_outer_first.rend(); ++it) {
4194,10305,86,10305,90,loop body,logos::compiler::BorrowChecker::resolve_ref_places,for (auto it = fields_outer_first.rbegin(); it != fields_outer_first.rend(); ++it) {
4194,10305,92,10323,10,loop body,logos::compiler::BorrowChecker::resolve_ref_places,for (auto it = fields_outer_first.rbegin(); it != fields_outer_first.rend(); ++it) {
4955,10307,38,10320,14,loop body,logos::compiler::BorrowChecker::resolve_ref_places,for (auto& n : frontier) {
4955,10309,21,10309,43,if guard,logos::compiler::BorrowChecker::resolve_ref_places,"if (reborrow_of_.find(key)) { close(key, next); continue; }"
13,10309,45,10309,76,if guard,logos::compiler::BorrowChecker::resolve_ref_places,"if (reborrow_of_.find(key)) { close(key, next); continue; }"
4942,10319,17,10320,14,statement,logos::compiler::BorrowChecker::resolve_ref_places,"next.push_back(key);   // frontier only, not `out`"
4194,10321,17,10321,29,if guard,logos::compiler::BorrowChecker::resolve_ref_places,if (next.empty()) break;
0,10321,31,10321,36,if guard,logos::compiler::BorrowChecker::resolve_ref_places,if (next.empty()) break;
4194,10322,13,10323,10,statement,logos::compiler::BorrowChecker::resolve_ref_places,frontier.swap(next);
1306561,10329,60,10346,6,statement,logos::compiler::BorrowChecker::resolve_place_reborrow,bool path_ok) const {
1306561,10331,13,10331,21,if guard,logos::compiler::BorrowChecker::resolve_place_reborrow,if (!path_ok) return base;
6170,10331,23,10331,34,if guard,logos::compiler::BorrowChecker::resolve_place_reborrow,if (!path_ok) return base;
1300391,10337,9,10345,20,statement,logos::compiler::BorrowChecker::resolve_place_reborrow,std::string cur = base;
1332229,10338,53,10338,84,loop body,logos::compiler::BorrowChecker::resolve_place_reborrow,for (auto it = fields_outer_first.rbegin(); it != fields_outer_first.rend(); ++it) {
31838,10338,86,10338,90,loop body,logos::compiler::BorrowChecker::resolve_place_reborrow,for (auto it = fields_outer_first.rbegin(); it != fields_outer_first.rend(); ++it) {
31838,10338,92,10344,10,loop body,logos::compiler::BorrowChecker::resolve_place_reborrow,for (auto it = fields_outer_first.rbegin(); it != fields_outer_first.rend(); ++it) {
31838,10341,17,10341,19,if guard,logos::compiler::BorrowChecker::resolve_place_reborrow,if (!f || f->empty()) continue;
31838,10341,17,10341,33,if guard,logos::compiler::BorrowChecker::resolve_place_reborrow,if (!f || f->empty()) continue;
25,10341,23,10341,33,if guard,logos::compiler::BorrowChecker::resolve_place_reborrow,if (!f || f->empty()) continue;
31813,10341,35,10341,43,if guard,logos::compiler::BorrowChecker::resolve_place_reborrow,if (!f || f->empty()) continue;
25,10342,13,10344,10,statement,logos::compiler::BorrowChecker::resolve_place_reborrow,cur  = reborrow_of_.endpoint(f->front());
4484357,10369,76,10378,6,call / statement,logos::compiler::BorrowChecker::note_closure_caps,"void note_closure_caps(const std::string& name, lir_view::ExprRef val) {"
4484357,10371,13,10371,25,if guard,logos::compiler::BorrowChecker::note_closure_caps,if (name.empty()) return;
2,10371,27,10371,33,if guard,logos::compiler::BorrowChecker::note_closure_caps,if (name.empty()) return;
4484355,10372,9,10378,6,if guard,logos::compiler::BorrowChecker::note_closure_caps,if (!val || val.kind() != Code::ClosureBox) { closure_caps_.erase(name); return; }
4484355,10372,13,10372,17,if guard,logos::compiler::BorrowChecker::note_closure_caps,if (!val || val.kind() != Code::ClosureBox) { closure_caps_.erase(name); return; }
4484355,10372,13,10372,51,if guard,logos::compiler::BorrowChecker::note_closure_caps,if (!val || val.kind() != Code::ClosureBox) { closure_caps_.erase(name); return; }
4484238,10372,21,10372,51,if guard,logos::compiler::BorrowChecker::note_closure_caps,if (!val || val.kind() != Code::ClosureBox) { closure_caps_.erase(name); return; }
4483936,10372,53,10372,91,if guard,logos::compiler::BorrowChecker::note_closure_caps,if (!val || val.kind() != Code::ClosureBox) { closure_caps_.erase(name); return; }
419,10373,9,10378,6,statement,logos::compiler::BorrowChecker::note_closure_caps,std::vector<std::string> caps;
289,10375,36,10375,61,statement,logos::compiler::BorrowChecker::note_closure_caps,[&](std::string_view c){ caps.emplace_back(c); });
419,10376,13,10376,25,if guard,logos::compiler::BorrowChecker::note_closure_caps,if (caps.empty()) closure_caps_.erase(name);
161,10376,27,10376,52,if guard,logos::compiler::BorrowChecker::note_closure_caps,if (caps.empty()) closure_caps_.erase(name);
258,10377,27,10377,64,else branch,logos::compiler::BorrowChecker::note_closure_caps,else              closure_caps_[name] = std::move(caps);
63319,10379,85,10388,6,statement,logos::compiler::BorrowChecker::closure_caps_of[abi:cxx11],const std::vector<std::string>* closure_caps_of(lir_view::ExprRef callee) const {
63319,10381,13,10381,20,if guard,logos::compiler::BorrowChecker::closure_caps_of[abi:cxx11],if (!callee) return nullptr;
0,10381,22,10381,36,if guard,logos::compiler::BorrowChecker::closure_caps_of[abi:cxx11],if (!callee) return nullptr;
63319,10382,9,10388,6,statement,logos::compiler::BorrowChecker::closure_caps_of[abi:cxx11],const auto* pool = prog_.type_pool.impl();
63319,10384,13,10384,16,if guard,logos::compiler::BorrowChecker::closure_caps_of[abi:cxx11],if (!ct || ct.kind() != LogosType::Kind::Closure) return nullptr;
63319,10384,13,10384,57,if guard,logos::compiler::BorrowChecker::closure_caps_of[abi:cxx11],if (!ct || ct.kind() != LogosType::Kind::Closure) return nullptr;
63319,10384,20,10384,57,if guard,logos::compiler::BorrowChecker::closure_caps_of[abi:cxx11],if (!ct || ct.kind() != LogosType::Kind::Closure) return nullptr;
63236,10384,59,10384,73,if guard,logos::compiler::BorrowChecker::closure_caps_of[abi:cxx11],if (!ct || ct.kind() != LogosType::Kind::Closure) return nullptr;
83,10385,9,10388,6,if guard,logos::compiler::BorrowChecker::closure_caps_of[abi:cxx11],if (callee.kind() != Code::VarRef) return nullptr;
83,10385,13,10385,42,if guard,logos::compiler::BorrowChecker::closure_caps_of[abi:cxx11],if (callee.kind() != Code::VarRef) return nullptr;
2,10385,44,10385,58,if guard,logos::compiler::BorrowChecker::closure_caps_of[abi:cxx11],if (callee.kind() != Code::VarRef) return nullptr;
81,10386,9,10387,65,statement,logos::compiler::BorrowChecker::closure_caps_of[abi:cxx11],auto it = closure_caps_.find(std::string(lir_view::EVarRefView{callee}.name()));
81,10387,16,10387,41,early return,logos::compiler::BorrowChecker::closure_caps_of[abi:cxx11],return it == closure_caps_.end() ? nullptr : &it->second;
42,10387,44,10387,51,early return,logos::compiler::BorrowChecker::closure_caps_of[abi:cxx11],return it == closure_caps_.end() ? nullptr : &it->second;
39,10387,54,10387,65,early return,logos::compiler::BorrowChecker::closure_caps_of[abi:cxx11],return it == closure_caps_.end() ? nullptr : &it->second;
63319,10389,63,10394,6,call / statement,logos::compiler::BorrowChecker::call_callee,static lir_view::ExprRef call_callee(lir_view::ExprRef e) {
63319,10391,13,10391,42,if guard,logos::compiler::BorrowChecker::call_callee,if (e.kind() == Code::ClosureCall) return lir_view::EClosureCallView{e}.callee();
146,10391,44,10391,89,if guard,logos::compiler::BorrowChecker::call_callee,if (e.kind() == Code::ClosureCall) return lir_view::EClosureCallView{e}.callee();
63173,10392,9,10394,6,if guard,logos::compiler::BorrowChecker::call_callee,if (e.kind() == Code::FnPtrCall)   return lir_view::EFnPtrCallView{e}.callee();
63173,10392,13,10392,40,if guard,logos::compiler::BorrowChecker::call_callee,if (e.kind() == Code::FnPtrCall)   return lir_view::EFnPtrCallView{e}.callee();
63173,10392,44,10392,87,if guard,logos::compiler::BorrowChecker::call_callee,if (e.kind() == Code::FnPtrCall)   return lir_view::EFnPtrCallView{e}.callee();
0,10393,9,10393,18,early return,logos::compiler::BorrowChecker::call_callee,return {};
545517,10398,54,10400,6,statement,logos::compiler::BorrowChecker::rehome_reborrow,std::string rehome_reborrow(std::string n) const {
194,10419,84,10458,6,call / statement,logos::compiler::BorrowChecker::release_place_retarget,"void release_place_retarget(const std::string& place, const std::string& root) {"
194,10421,13,10421,17,if guard,logos::compiler::BorrowChecker::release_place_retarget,if (!old || root.empty()) return;
194,10421,13,10421,33,if guard,logos::compiler::BorrowChecker::release_place_retarget,if (!old || root.empty()) return;
30,10421,21,10421,33,if guard,logos::compiler::BorrowChecker::release_place_retarget,if (!old || root.empty()) return;
164,10421,35,10421,41,if guard,logos::compiler::BorrowChecker::release_place_retarget,if (!old || root.empty()) return;
30,10438,9,10458,6,if guard,logos::compiler::BorrowChecker::release_place_retarget,"if (logos::probe::on(""retarget_keep"")) return;"
30,10438,13,10438,46,if guard,logos::compiler::BorrowChecker::release_place_retarget,"if (logos::probe::on(""retarget_keep"")) return;"
0,10438,48,10438,54,if guard,logos::compiler::BorrowChecker::release_place_retarget,"if (logos::probe::on(""retarget_keep"")) return;"
30,10439,9,10458,6,statement,logos::compiler::BorrowChecker::release_place_retarget,std::vector<std::string> targets(*old);
7,10440,51,10445,10,call / statement,logos::compiler::BorrowChecker::release_place_retarget,auto take_one = [&](const std::string& t) {
7,10442,17,10442,36,if guard,logos::compiler::BorrowChecker::release_place_retarget,if (it == targets.end()) return false;
0,10442,38,10442,50,if guard,logos::compiler::BorrowChecker::release_place_retarget,if (it == targets.end()) return false;
7,10443,13,10444,24,statement,logos::compiler::BorrowChecker::release_place_retarget,targets.erase(it);
212,10446,37,10457,10,loop body,logos::compiler::BorrowChecker::release_place_retarget,for (auto& frame : scopes_) {
219,10447,51,10447,56,loop body,logos::compiler::BorrowChecker::release_place_retarget,for (size_t i = frame.borrows.size(); i > 0; --i) {
7,10447,58,10447,61,loop body,logos::compiler::BorrowChecker::release_place_retarget,for (size_t i = frame.borrows.size(); i > 0; --i) {
7,10447,63,10456,14,loop body,logos::compiler::BorrowChecker::release_place_retarget,for (size_t i = frame.borrows.size(); i > 0; --i) {
7,10449,21,10449,38,if guard,logos::compiler::BorrowChecker::release_place_retarget,if (br.holder != root || !br.co_holders.empty()) continue;
7,10449,21,10449,64,if guard,logos::compiler::BorrowChecker::release_place_retarget,if (br.holder != root || !br.co_holders.empty()) continue;
7,10449,42,10449,64,if guard,logos::compiler::BorrowChecker::release_place_retarget,if (br.holder != root || !br.co_holders.empty()) continue;
0,10449,66,10449,74,if guard,logos::compiler::BorrowChecker::release_place_retarget,if (br.holder != root || !br.co_holders.empty()) continue;
7,10450,17,10456,14,if guard,logos::compiler::BorrowChecker::release_place_retarget,if (!take_one(br.target)) continue;
7,10450,21,10450,41,if guard,logos::compiler::BorrowChecker::release_place_retarget,if (!take_one(br.target)) continue;
0,10450,43,10450,51,if guard,logos::compiler::BorrowChecker::release_place_retarget,if (!take_one(br.target)) continue;
7,10451,17,10456,14,if guard,logos::compiler::BorrowChecker::release_place_retarget,"if (auto sit = var_find(br.target_slot, br.target); sit != nullptr) {"
7,10451,69,10451,83,if guard,logos::compiler::BorrowChecker::release_place_retarget,"if (auto sit = var_find(br.target_slot, br.target); sit != nullptr) {"
7,10451,85,10454,18,if guard,logos::compiler::BorrowChecker::release_place_retarget,"if (auto sit = var_find(br.target_slot, br.target); sit != nullptr) {"
7,10452,25,10452,34,if guard,logos::compiler::BorrowChecker::release_place_retarget,if (br.is_mut) sit->mut_borrowed = false;
6,10452,36,10452,61,if guard,logos::compiler::BorrowChecker::release_place_retarget,if (br.is_mut) sit->mut_borrowed = false;
1,10453,26,10453,76,else-if guard,logos::compiler::BorrowChecker::release_place_retarget,else if (sit->shared_borrows > 0) --sit->shared_borrows;
1,10453,30,10453,53,else-if guard,logos::compiler::BorrowChecker::release_place_retarget,else if (sit->shared_borrows > 0) --sit->shared_borrows;
1,10453,55,10453,76,else-if guard,logos::compiler::BorrowChecker::release_place_retarget,else if (sit->shared_borrows > 0) --sit->shared_borrows;
18992,10460,59,10547,6,call / statement,logos::compiler::BorrowChecker::place_write_loans,"uint32_t ln, bool through_ref) {"
18992,10461,13,10461,25,if guard,logos::compiler::BorrowChecker::place_write_loans,if (root.empty() || !val) return;
18992,10461,13,10461,33,if guard,logos::compiler::BorrowChecker::place_write_loans,if (root.empty() || !val) return;
18992,10461,29,10461,33,if guard,logos::compiler::BorrowChecker::place_write_loans,if (root.empty() || !val) return;
0,10461,35,10461,41,if guard,logos::compiler::BorrowChecker::place_write_loans,if (root.empty() || !val) return;
18992,10470,9,10547,6,statement,logos::compiler::BorrowChecker::place_write_loans,using EC = lir_schema::expr::Code;
18992,10472,24,10472,51,statement,logos::compiler::BorrowChecker::place_write_loans,bool agg_lit = val.kind() == EC::StructLit || val.kind() == EC::TupleLit ||
18992,10472,24,10472,81,statement,logos::compiler::BorrowChecker::place_write_loans,bool agg_lit = val.kind() == EC::StructLit || val.kind() == EC::TupleLit ||
18992,10472,24,10473,48,statement,logos::compiler::BorrowChecker::place_write_loans,bool agg_lit = val.kind() == EC::StructLit || val.kind() == EC::TupleLit ||
18928,10472,55,10472,81,statement,logos::compiler::BorrowChecker::place_write_loans,bool agg_lit = val.kind() == EC::StructLit || val.kind() == EC::TupleLit ||
18928,10473,24,10473,48,statement,logos::compiler::BorrowChecker::place_write_loans,val.kind() == EC::ArrLit    || val.kind() == EC::EnumLitData;
18928,10473,55,10473,84,statement,logos::compiler::BorrowChecker::place_write_loans,val.kind() == EC::ArrLit    || val.kind() == EC::EnumLitData;
18992,10474,13,10474,21,if guard,logos::compiler::BorrowChecker::place_write_loans,if (!agg_lit && !is_ref_kind(vt) && !is_borrow_carrying_type(vt)) return;
18992,10474,13,10474,41,if guard,logos::compiler::BorrowChecker::place_write_loans,if (!agg_lit && !is_ref_kind(vt) && !is_borrow_carrying_type(vt)) return;
18992,10474,13,10474,73,if guard,logos::compiler::BorrowChecker::place_write_loans,if (!agg_lit && !is_ref_kind(vt) && !is_borrow_carrying_type(vt)) return;
18919,10474,25,10474,41,if guard,logos::compiler::BorrowChecker::place_write_loans,if (!agg_lit && !is_ref_kind(vt) && !is_borrow_carrying_type(vt)) return;
18179,10474,45,10474,73,if guard,logos::compiler::BorrowChecker::place_write_loans,if (!agg_lit && !is_ref_kind(vt) && !is_borrow_carrying_type(vt)) return;
17878,10474,75,10474,81,if guard,logos::compiler::BorrowChecker::place_write_loans,if (!agg_lit && !is_ref_kind(vt) && !is_borrow_carrying_type(vt)) return;
1114,10475,9,10547,6,statement,logos::compiler::BorrowChecker::place_write_loans,size_t nb = scopes_.empty() ? 0 : scopes_.back().borrows.size();
1114,10475,21,10475,36,statement,logos::compiler::BorrowChecker::place_write_loans,size_t nb = scopes_.empty() ? 0 : scopes_.back().borrows.size();
0,10475,39,10475,40,statement,logos::compiler::BorrowChecker::place_write_loans,size_t nb = scopes_.empty() ? 0 : scopes_.back().borrows.size();
1114,10475,43,10475,72,statement,logos::compiler::BorrowChecker::place_write_loans,size_t nb = scopes_.empty() ? 0 : scopes_.back().borrows.size();
1114,10476,21,10476,36,statement,logos::compiler::BorrowChecker::place_write_loans,size_t nf = scopes_.empty() ? 0 : scopes_.back().field_borrows.size();
0,10476,39,10476,40,statement,logos::compiler::BorrowChecker::place_write_loans,size_t nf = scopes_.empty() ? 0 : scopes_.back().field_borrows.size();
1114,10476,43,10476,78,statement,logos::compiler::BorrowChecker::place_write_loans,size_t nf = scopes_.empty() ? 0 : scopes_.back().field_borrows.size();
1114,10486,13,10486,29,if guard,logos::compiler::BorrowChecker::place_write_loans,if (!scopes_.empty()) {
1114,10486,31,10515,10,if guard,logos::compiler::BorrowChecker::place_write_loans,if (!scopes_.empty()) {
1176,10488,48,10488,54,loop body,logos::compiler::BorrowChecker::place_write_loans,for (size_t i = fr.borrows.size(); i > nb; --i) {
62,10488,56,10488,59,loop body,logos::compiler::BorrowChecker::place_write_loans,for (size_t i = fr.borrows.size(); i > nb; --i) {
62,10488,61,10496,14,loop body,logos::compiler::BorrowChecker::place_write_loans,for (size_t i = fr.borrows.size(); i > nb; --i) {
62,10490,21,10490,38,if guard,logos::compiler::BorrowChecker::place_write_loans,if (br.target != root) continue;
62,10490,40,10490,48,if guard,logos::compiler::BorrowChecker::place_write_loans,if (br.target != root) continue;
0,10491,17,10496,14,if guard,logos::compiler::BorrowChecker::place_write_loans,"if (auto it = var_find(br.target_slot, br.target); it != nullptr) {"
0,10491,68,10491,81,if guard,logos::compiler::BorrowChecker::place_write_loans,"if (auto it = var_find(br.target_slot, br.target); it != nullptr) {"
0,10491,83,10494,18,if guard,logos::compiler::BorrowChecker::place_write_loans,"if (auto it = var_find(br.target_slot, br.target); it != nullptr) {"
0,10492,25,10492,34,if guard,logos::compiler::BorrowChecker::place_write_loans,if (br.is_mut) it->mut_borrowed = false;
0,10492,36,10492,60,if guard,logos::compiler::BorrowChecker::place_write_loans,if (br.is_mut) it->mut_borrowed = false;
0,10493,26,10493,74,else-if guard,logos::compiler::BorrowChecker::place_write_loans,else if (it->shared_borrows > 0) --it->shared_borrows;
0,10493,30,10493,52,else-if guard,logos::compiler::BorrowChecker::place_write_loans,else if (it->shared_borrows > 0) --it->shared_borrows;
0,10493,54,10493,74,else-if guard,logos::compiler::BorrowChecker::place_write_loans,else if (it->shared_borrows > 0) --it->shared_borrows;
1114,10497,54,10497,60,loop body,logos::compiler::BorrowChecker::place_write_loans,for (size_t i = fr.field_borrows.size(); i > nf; --i) {
0,10497,62,10497,65,loop body,logos::compiler::BorrowChecker::place_write_loans,for (size_t i = fr.field_borrows.size(); i > nf; --i) {
0,10497,67,10514,14,loop body,logos::compiler::BorrowChecker::place_write_loans,for (size_t i = fr.field_borrows.size(); i > nf; --i) {
0,10499,21,10499,38,if guard,logos::compiler::BorrowChecker::place_write_loans,if (fb.target != root) continue;
0,10499,40,10499,48,if guard,logos::compiler::BorrowChecker::place_write_loans,if (fb.target != root) continue;
0,10500,17,10514,14,if guard,logos::compiler::BorrowChecker::place_write_loans,"if (auto it = var_find(fb.target_slot, fb.target); it != nullptr) {"
0,10500,68,10500,81,if guard,logos::compiler::BorrowChecker::place_write_loans,"if (auto it = var_find(fb.target_slot, fb.target); it != nullptr) {"
0,10500,83,10512,18,if guard,logos::compiler::BorrowChecker::place_write_loans,"if (auto it = var_find(fb.target_slot, fb.target); it != nullptr) {"
0,10503,25,10503,34,if guard,logos::compiler::BorrowChecker::place_write_loans,if (fb.is_mut) it->mut_field_borrows.erase(fb.path);
0,10503,36,10503,72,if guard,logos::compiler::BorrowChecker::place_write_loans,if (fb.is_mut) it->mut_field_borrows.erase(fb.path);
0,10504,26,10511,22,else-if guard,logos::compiler::BorrowChecker::place_write_loans,else if (auto sb = it->shared_field_borrows.find(fb.path);
0,10505,30,10505,66,call / statement,logos::compiler::BorrowChecker::place_write_loans,sb != it->shared_field_borrows.end()) {
0,10505,68,10511,22,call / statement,logos::compiler::BorrowChecker::place_write_loans,sb != it->shared_field_borrows.end()) {
0,10506,29,10506,44,if guard,logos::compiler::BorrowChecker::place_write_loans,if (sb->second <= 0)
0,10507,29,10507,67,statement,logos::compiler::BorrowChecker::place_write_loans,"(void)logos::probe::on(""szw_pwl_pre0"");"
0,10508,29,10508,46,if guard,logos::compiler::BorrowChecker::place_write_loans,if (--sb->second <= 0)
0,10509,29,10509,63,statement,logos::compiler::BorrowChecker::place_write_loans,it->shared_field_borrows.erase(sb);
0,10510,30,10510,68,else branch,logos::compiler::BorrowChecker::place_write_loans,"else (void)logos::probe::on(""szw_pwl_keep"");"
1114,10516,13,10516,25,if guard,logos::compiler::BorrowChecker::place_write_loans,if (!through_ref) return;
1080,10516,27,10516,33,if guard,logos::compiler::BorrowChecker::place_write_loans,if (!through_ref) return;
34,10517,9,10547,6,statement,logos::compiler::BorrowChecker::place_write_loans,std::vector<RefSrc> src_ids = ref_sources_under(root);
34,10518,13,10518,28,if guard,logos::compiler::BorrowChecker::place_write_loans,if (src_ids.empty()) return;
15,10518,30,10518,36,if guard,logos::compiler::BorrowChecker::place_write_loans,if (src_ids.empty()) return;
19,10519,9,10547,6,loop body,logos::compiler::BorrowChecker::place_write_loans,for (auto& src_id : src_ids) {
21,10519,38,10545,10,loop body,logos::compiler::BorrowChecker::place_write_loans,for (auto& src_id : src_ids) {
21,10521,17,10521,28,if guard,logos::compiler::BorrowChecker::place_write_loans,if (src == root) continue;
0,10521,30,10521,38,if guard,logos::compiler::BorrowChecker::place_write_loans,if (src == root) continue;
21,10529,13,10545,10,call / statement,logos::compiler::BorrowChecker::place_write_loans,auto reroot = [&](auto& rec) {
34,10529,42,10540,14,call / statement,auto logos::compiler::BorrowChecker::place_write_loans,auto reroot = [&](auto& rec) {
34,10530,21,10530,38,if guard,auto logos::compiler::BorrowChecker::place_write_loans,if (rec.target == src) return;
21,10530,40,10530,46,if guard,auto logos::compiler::BorrowChecker::place_write_loans,if (rec.target == src) return;
13,10531,17,10540,14,if guard,auto logos::compiler::BorrowChecker::place_write_loans,if (rec.holder != root &&
13,10531,21,10531,39,if guard,auto logos::compiler::BorrowChecker::place_write_loans,if (rec.holder != root &&
13,10531,21,10533,48,if guard,auto logos::compiler::BorrowChecker::place_write_loans,if (rec.holder != root &&
2,10532,21,10533,48,call / statement,auto logos::compiler::BorrowChecker::place_write_loans,"std::find(rec.co_holders.begin(), rec.co_holders.end(), root)"
2,10533,50,10533,56,statement,auto logos::compiler::BorrowChecker::place_write_loans,== rec.co_holders.end()) return;
11,10534,17,10540,14,if guard,auto logos::compiler::BorrowChecker::place_write_loans,if (rec.holder == src) return;
11,10534,21,10534,38,if guard,auto logos::compiler::BorrowChecker::place_write_loans,if (rec.holder == src) return;
0,10534,40,10534,46,if guard,auto logos::compiler::BorrowChecker::place_write_loans,if (rec.holder == src) return;
11,10535,17,10540,14,if guard,auto logos::compiler::BorrowChecker::place_write_loans,"if (std::find(rec.co_holders.begin(), rec.co_holders.end(), src)"
11,10535,21,10536,44,if guard,auto logos::compiler::BorrowChecker::place_write_loans,"if (std::find(rec.co_holders.begin(), rec.co_holders.end(), src)"
0,10536,46,10536,52,statement,auto logos::compiler::BorrowChecker::place_write_loans,!= rec.co_holders.end()) return;
11,10537,17,10540,14,statement,auto logos::compiler::BorrowChecker::place_write_loans,rec.co_holders.push_back(src);
45,10541,41,10544,14,loop body,logos::compiler::BorrowChecker::place_write_loans,for (auto& frame : scopes_) {
32,10542,54,10542,64,loop body,logos::compiler::BorrowChecker::place_write_loans,for (auto& br : frame.borrows)       reroot(br);
2,10543,54,10543,64,loop body,logos::compiler::BorrowChecker::place_write_loans,for (auto& fb : frame.field_borrows) reroot(fb);
43504906,10549,43,11682,6,call / statement,logos::compiler::BorrowChecker::visit_stmt,void visit_stmt(lir_view::StmtRef sr) {
43504906,10550,13,10550,16,if guard,logos::compiler::BorrowChecker::visit_stmt,if (!sr) return;
0,10550,18,10550,24,if guard,logos::compiler::BorrowChecker::visit_stmt,if (!sr) return;
43504906,10551,9,11682,6,statement,logos::compiler::BorrowChecker::visit_stmt,uint32_t ln = lir_view::stmt_line(sr);
43504906,10554,43,10554,62,if guard,logos::compiler::BorrowChecker::visit_stmt,if (uint64_t pt = stmt_point(sr); pt > max_line_seen_) max_line_seen_ = pt;
0,10554,64,10554,83,if guard,logos::compiler::BorrowChecker::visit_stmt,if (uint64_t pt = stmt_point(sr); pt > max_line_seen_) max_line_seen_ = pt;
43504906,10564,13,10564,57,if guard,logos::compiler::BorrowChecker::visit_stmt,"if (std::getenv(""LOGOS_DUMP_BC_PLACEWRITE_DOOR"") &&"
43504906,10564,13,10565,77,if guard,logos::compiler::BorrowChecker::visit_stmt,"if (std::getenv(""LOGOS_DUMP_BC_PLACEWRITE_DOOR"") &&"
0,10565,13,10565,77,statement,logos::compiler::BorrowChecker::visit_stmt,(sr.kind() == Code::FieldWrite || sr.kind() == Code::TupleWrite))
0,10565,14,10565,43,statement,logos::compiler::BorrowChecker::visit_stmt,(sr.kind() == Code::FieldWrite || sr.kind() == Code::TupleWrite))
0,10565,47,10565,76,statement,logos::compiler::BorrowChecker::visit_stmt,(sr.kind() == Code::FieldWrite || sr.kind() == Code::TupleWrite))
0,10566,13,10567,58,statement,logos::compiler::BorrowChecker::visit_stmt,"fprintf(stderr, ""[bc-placewrite-door] fn=%s ln=%u kind=%d\n"","
0,10566,21,10566,21,statement,logos::compiler::BorrowChecker::visit_stmt,"fprintf(stderr, ""[bc-placewrite-door] fn=%s ln=%u kind=%d\n"","
3813139,10571,13,11680,22,switch arm,logos::compiler::BorrowChecker::visit_stmt,case Code::Let: {
3813139,10573,21,10573,74,if guard,logos::compiler::BorrowChecker::visit_stmt,"if (is_cond_move_field_drop_temp(sr, v.name(), v.value())) break;  // #121"
34,10573,76,10573,81,if guard,logos::compiler::BorrowChecker::visit_stmt,"if (is_cond_move_field_drop_temp(sr, v.name(), v.value())) break;  // #121"
3813105,10574,17,10718,22,statement,logos::compiler::BorrowChecker::visit_stmt,auto val = v.value();
3813105,10580,37,10580,38,statement,logos::compiler::BorrowChecker::visit_stmt,bool is_closure_t = t && t.kind() == LogosType::Kind::Closure;
3813105,10580,42,10580,78,statement,logos::compiler::BorrowChecker::visit_stmt,bool is_closure_t = t && t.kind() == LogosType::Kind::Closure;
3813105,10591,21,10591,22,if guard,logos::compiler::BorrowChecker::visit_stmt,if (t) holder_ty_[name] = t;
3813105,10591,24,10591,44,if guard,logos::compiler::BorrowChecker::visit_stmt,if (t) holder_ty_[name] = t;
3813105,10600,39,10600,42,statement,logos::compiler::BorrowChecker::visit_stmt,bool val_is_agg_lit = val &&
3812988,10601,21,10604,72,statement,logos::compiler::BorrowChecker::visit_stmt,(val.kind() == lir_schema::expr::Code::StructLit ||
3812988,10601,22,10601,69,statement,logos::compiler::BorrowChecker::visit_stmt,(val.kind() == lir_schema::expr::Code::StructLit ||
3812988,10601,22,10602,68,statement,logos::compiler::BorrowChecker::visit_stmt,(val.kind() == lir_schema::expr::Code::StructLit ||
3812988,10601,22,10603,66,statement,logos::compiler::BorrowChecker::visit_stmt,(val.kind() == lir_schema::expr::Code::StructLit ||
3804786,10602,22,10602,68,statement,logos::compiler::BorrowChecker::visit_stmt,val.kind() == lir_schema::expr::Code::TupleLit ||
3797817,10603,22,10603,66,statement,logos::compiler::BorrowChecker::visit_stmt,val.kind() == lir_schema::expr::Code::ArrLit ||
3793127,10604,22,10604,71,statement,logos::compiler::BorrowChecker::visit_stmt,val.kind() == lir_schema::expr::Code::EnumLitData);
3813105,10612,21,10612,24,if guard,logos::compiler::BorrowChecker::visit_stmt,if (val && (is_ref_kind(t) || is_closure_t ||
3813105,10612,21,10613,74,if guard,logos::compiler::BorrowChecker::visit_stmt,if (val && (is_ref_kind(t) || is_closure_t ||
3812988,10612,28,10613,74,if guard,logos::compiler::BorrowChecker::visit_stmt,if (val && (is_ref_kind(t) || is_closure_t ||
3812988,10612,29,10612,43,if guard,logos::compiler::BorrowChecker::visit_stmt,if (val && (is_ref_kind(t) || is_closure_t ||
3812988,10612,29,10612,59,if guard,logos::compiler::BorrowChecker::visit_stmt,if (val && (is_ref_kind(t) || is_closure_t ||
3812988,10612,29,10613,55,if guard,logos::compiler::BorrowChecker::visit_stmt,if (val && (is_ref_kind(t) || is_closure_t ||
3708743,10612,47,10612,59,if guard,logos::compiler::BorrowChecker::visit_stmt,if (val && (is_ref_kind(t) || is_closure_t ||
3708259,10613,29,10613,55,call / statement,logos::compiler::BorrowChecker::visit_stmt,is_borrow_carrying_type(t) || val_is_agg_lit)) {
3692120,10613,59,10613,73,call / statement,logos::compiler::BorrowChecker::visit_stmt,is_borrow_carrying_type(t) || val_is_agg_lit)) {
1134583,10613,76,10615,18,call / statement,logos::compiler::BorrowChecker::visit_stmt,is_borrow_carrying_type(t) || val_is_agg_lit)) {
2678522,10615,24,10642,18,else-if guard,logos::compiler::BorrowChecker::visit_stmt,} else if (val) {
2678522,10615,28,10615,31,else-if guard,logos::compiler::BorrowChecker::visit_stmt,} else if (val) {
2678405,10615,33,10642,18,else-if guard,logos::compiler::BorrowChecker::visit_stmt,} else if (val) {
2678405,10634,25,10634,46,if guard,logos::compiler::BorrowChecker::visit_stmt,if (loan_carrying_type(t) ||
2678405,10634,25,10635,59,if guard,logos::compiler::BorrowChecker::visit_stmt,if (loan_carrying_type(t) ||
2678405,10634,25,10636,59,if guard,logos::compiler::BorrowChecker::visit_stmt,if (loan_carrying_type(t) ||
2678394,10635,25,10635,59,statement,logos::compiler::BorrowChecker::visit_stmt,loan_carrying_type(val.type(pool)) ||
2678392,10636,25,10636,59,call / statement,logos::compiler::BorrowChecker::visit_stmt,retains_loan_carrying_operand(val)) {
3487,10636,61,10641,22,call / statement,logos::compiler::BorrowChecker::visit_stmt,retains_loan_carrying_operand(val)) {
4021,10639,47,10639,73,loop body,logos::compiler::BorrowChecker::visit_stmt,"for (auto& r : roots) inherit_loans(r, name, ln);"
3813105,10646,61,10646,74,if guard,logos::compiler::BorrowChecker::visit_stmt,"if (auto it = var_find(v.var_slot(), name); it != nullptr)"
3813105,10647,21,10647,52,statement,logos::compiler::BorrowChecker::visit_stmt,it->is_mut_binding = v.is_mut();
3813105,10648,21,10648,35,if guard,logos::compiler::BorrowChecker::visit_stmt,if (is_ref_kind(t) || is_borrow_carrying_type(t)) {
3813105,10648,21,10648,65,if guard,logos::compiler::BorrowChecker::visit_stmt,if (is_ref_kind(t) || is_borrow_carrying_type(t)) {
3708815,10648,39,10648,65,if guard,logos::compiler::BorrowChecker::visit_stmt,if (is_ref_kind(t) || is_borrow_carrying_type(t)) {
120430,10648,67,10662,18,if guard,logos::compiler::BorrowChecker::visit_stmt,if (is_ref_kind(t) || is_borrow_carrying_type(t)) {
120430,10655,25,10655,35,if guard,logos::compiler::BorrowChecker::visit_stmt,if (vp.is_temp)
8,10656,25,10660,77,diagnostic emission,logos::compiler::BorrowChecker::visit_stmt,"report(ln,"
3692675,10662,24,10694,18,else-if guard,logos::compiler::BorrowChecker::visit_stmt,} else if (t && !t.lifetime_args().empty() &&
3692675,10662,28,10662,29,else-if guard,logos::compiler::BorrowChecker::visit_stmt,} else if (t && !t.lifetime_args().empty() &&
3692675,10662,28,10662,59,else-if guard,logos::compiler::BorrowChecker::visit_stmt,} else if (t && !t.lifetime_args().empty() &&
3692675,10662,28,10664,68,else-if guard,logos::compiler::BorrowChecker::visit_stmt,} else if (t && !t.lifetime_args().empty() &&
3692675,10662,33,10662,59,else-if guard,logos::compiler::BorrowChecker::visit_stmt,} else if (t && !t.lifetime_args().empty() &&
26,10663,26,10664,68,statement,logos::compiler::BorrowChecker::visit_stmt,(t.kind() == LogosType::Kind::Struct ||
26,10663,27,10663,62,statement,logos::compiler::BorrowChecker::visit_stmt,(t.kind() == LogosType::Kind::Struct ||
5,10664,27,10664,67,call / statement,logos::compiler::BorrowChecker::visit_stmt,t.kind() == LogosType::Kind::ZonedStruct))
21,10665,21,10665,47,statement,logos::compiler::BorrowChecker::visit_stmt,prov_[name] = prov_of(val);  // struct<'z> borrows through lifetime
3692654,10681,22,10694,18,else-if guard,logos::compiler::BorrowChecker::visit_stmt,else if (val && type_may_carry_borrow(t) &&
3692654,10681,26,10681,29,else-if guard,logos::compiler::BorrowChecker::visit_stmt,else if (val && type_may_carry_borrow(t) &&
3692654,10681,26,10681,57,else-if guard,logos::compiler::BorrowChecker::visit_stmt,else if (val && type_may_carry_borrow(t) &&
3692654,10681,26,10682,60,else-if guard,logos::compiler::BorrowChecker::visit_stmt,else if (val && type_may_carry_borrow(t) &&
3692654,10681,26,10683,48,else-if guard,logos::compiler::BorrowChecker::visit_stmt,else if (val && type_may_carry_borrow(t) &&
3692583,10681,33,10681,57,else-if guard,logos::compiler::BorrowChecker::visit_stmt,else if (val && type_may_carry_borrow(t) &&
618140,10682,26,10682,60,statement,logos::compiler::BorrowChecker::visit_stmt,"!residency_exemption_holds(t, val) &&"
617923,10683,26,10683,48,call / statement,logos::compiler::BorrowChecker::visit_stmt,prov_.count(name) == 0) {
617923,10683,50,10694,18,call / statement,logos::compiler::BorrowChecker::visit_stmt,prov_.count(name) == 0) {
617923,10685,25,10685,38,if guard,logos::compiler::BorrowChecker::visit_stmt,if (!vp2.is_local && !vp2.is_temp && vp2.params.empty())
617923,10685,25,10685,54,if guard,logos::compiler::BorrowChecker::visit_stmt,if (!vp2.is_local && !vp2.is_temp && vp2.params.empty())
617923,10685,25,10685,76,if guard,logos::compiler::BorrowChecker::visit_stmt,if (!vp2.is_local && !vp2.is_temp && vp2.params.empty())
617287,10685,42,10685,54,if guard,logos::compiler::BorrowChecker::visit_stmt,if (!vp2.is_local && !vp2.is_temp && vp2.params.empty())
617287,10685,58,10685,76,if guard,logos::compiler::BorrowChecker::visit_stmt,if (!vp2.is_local && !vp2.is_temp && vp2.params.empty())
615659,10686,25,10686,52,statement,logos::compiler::BorrowChecker::visit_stmt,vp2 = prov_of_retained(val);
617923,10687,25,10687,37,if guard,logos::compiler::BorrowChecker::visit_stmt,if (vp2.is_local || vp2.is_temp) {
617923,10687,25,10687,52,if guard,logos::compiler::BorrowChecker::visit_stmt,if (vp2.is_local || vp2.is_temp) {
614492,10687,41,10687,52,if guard,logos::compiler::BorrowChecker::visit_stmt,if (vp2.is_local || vp2.is_temp) {
3431,10687,54,10693,22,if guard,logos::compiler::BorrowChecker::visit_stmt,if (vp2.is_local || vp2.is_temp) {
3431,10688,29,10688,58,if guard,logos::compiler::BorrowChecker::visit_stmt,"if (std::getenv(""LOGOS_86_TRACE""))"
0,10689,29,10691,87,statement,logos::compiler::BorrowChecker::visit_stmt,"fprintf(stderr, ""[#86trace-let] fn=%s line=%u var=%s """
0,10689,37,10689,37,statement,logos::compiler::BorrowChecker::visit_stmt,"fprintf(stderr, ""[#86trace-let] fn=%s line=%u var=%s """
3813105,10696,21,10696,24,if guard,logos::compiler::BorrowChecker::visit_stmt,if (val && struct_is_dropck_relevant(t)) {
3813105,10696,21,10696,56,if guard,logos::compiler::BorrowChecker::visit_stmt,if (val && struct_is_dropck_relevant(t)) {
3812988,10696,28,10696,56,if guard,logos::compiler::BorrowChecker::visit_stmt,if (val && struct_is_dropck_relevant(t)) {
11,10696,58,10703,18,if guard,logos::compiler::BorrowChecker::visit_stmt,if (val && struct_is_dropck_relevant(t)) {
11,10699,25,10699,41,if guard,logos::compiler::BorrowChecker::visit_stmt,if (!sources.empty()) {
9,10699,43,10702,22,if guard,logos::compiler::BorrowChecker::visit_stmt,if (!sources.empty()) {
3813105,10713,21,10713,46,if guard,logos::compiler::BorrowChecker::visit_stmt,if (is_return_temp_name(name) && val) {
3813105,10713,21,10713,53,if guard,logos::compiler::BorrowChecker::visit_stmt,if (is_return_temp_name(name) && val) {
2810199,10713,50,10713,53,if guard,logos::compiler::BorrowChecker::visit_stmt,if (is_return_temp_name(name) && val) {
2810199,10713,55,10717,18,if guard,logos::compiler::BorrowChecker::visit_stmt,if (is_return_temp_name(name) && val) {
2810199,10716,25,10716,36,if guard,logos::compiler::BorrowChecker::visit_stmt,if (!hr.empty()) ret_temp_roots_[name] = std::move(hr);
1063048,10716,38,10716,75,if guard,logos::compiler::BorrowChecker::visit_stmt,if (!hr.empty()) ret_temp_roots_[name] = std::move(hr);
671252,10722,13,10814,22,switch arm,logos::compiler::BorrowChecker::visit_stmt,case Code::Assign: {
671252,10735,56,10735,69,if guard,logos::compiler::BorrowChecker::visit_stmt,"if (auto it = var_find(NO_SLOT, name); it != nullptr) {"
671251,10735,71,10752,18,if guard,logos::compiler::BorrowChecker::visit_stmt,"if (auto it = var_find(NO_SLOT, name); it != nullptr) {"
671251,10736,25,10736,47,if guard,logos::compiler::BorrowChecker::visit_stmt,if (it->shared_borrows > 0)
16,10737,25,10738,83,diagnostic emission,logos::compiler::BorrowChecker::visit_stmt,"report(ln, std::format("
671251,10739,25,10739,41,if guard,logos::compiler::BorrowChecker::visit_stmt,if (it->mut_borrowed)
18,10740,25,10741,89,diagnostic emission,logos::compiler::BorrowChecker::visit_stmt,"report(ln, std::format("
671252,10753,40,10753,43,statement,logos::compiler::BorrowChecker::visit_stmt,bool val_is_agg_lit2 = val &&
671252,10754,21,10757,72,statement,logos::compiler::BorrowChecker::visit_stmt,(val.kind() == lir_schema::expr::Code::StructLit ||
671252,10754,22,10754,69,statement,logos::compiler::BorrowChecker::visit_stmt,(val.kind() == lir_schema::expr::Code::StructLit ||
671252,10754,22,10755,68,statement,logos::compiler::BorrowChecker::visit_stmt,(val.kind() == lir_schema::expr::Code::StructLit ||
671252,10754,22,10756,66,statement,logos::compiler::BorrowChecker::visit_stmt,(val.kind() == lir_schema::expr::Code::StructLit ||
671196,10755,22,10755,68,statement,logos::compiler::BorrowChecker::visit_stmt,val.kind() == lir_schema::expr::Code::TupleLit ||
671193,10756,22,10756,66,statement,logos::compiler::BorrowChecker::visit_stmt,val.kind() == lir_schema::expr::Code::ArrLit ||
671189,10757,22,10757,71,statement,logos::compiler::BorrowChecker::visit_stmt,val.kind() == lir_schema::expr::Code::EnumLitData);
671252,10758,38,10758,41,statement,logos::compiler::BorrowChecker::visit_stmt,bool is_ref_assign = val &&
671252,10759,21,10759,71,statement,logos::compiler::BorrowChecker::visit_stmt,(prov_.count(name) || is_ref_kind(val.type(pool)));
671252,10759,22,10759,39,statement,logos::compiler::BorrowChecker::visit_stmt,(prov_.count(name) || is_ref_kind(val.type(pool)));
669515,10759,43,10759,70,statement,logos::compiler::BorrowChecker::visit_stmt,(prov_.count(name) || is_ref_kind(val.type(pool)));
671252,10760,21,10760,34,if guard,logos::compiler::BorrowChecker::visit_stmt,if (is_ref_assign || val_is_agg_lit2) {
671252,10760,21,10760,53,if guard,logos::compiler::BorrowChecker::visit_stmt,if (is_ref_assign || val_is_agg_lit2) {
669513,10760,38,10760,53,if guard,logos::compiler::BorrowChecker::visit_stmt,if (is_ref_assign || val_is_agg_lit2) {
8778,10760,55,10763,18,if guard,logos::compiler::BorrowChecker::visit_stmt,if (is_ref_assign || val_is_agg_lit2) {
662474,10763,24,10773,18,else-if guard,logos::compiler::BorrowChecker::visit_stmt,} else if (val) {
662474,10763,28,10763,31,else-if guard,logos::compiler::BorrowChecker::visit_stmt,} else if (val) {
662474,10763,33,10773,18,else-if guard,logos::compiler::BorrowChecker::visit_stmt,} else if (val) {
662474,10766,25,10766,59,if guard,logos::compiler::BorrowChecker::visit_stmt,if (loan_carrying_type(val.type(pool)) ||
662474,10766,25,10767,59,if guard,logos::compiler::BorrowChecker::visit_stmt,if (loan_carrying_type(val.type(pool)) ||
662474,10767,25,10767,59,call / statement,logos::compiler::BorrowChecker::visit_stmt,retains_loan_carrying_operand(val)) {
12,10767,61,10772,22,call / statement,logos::compiler::BorrowChecker::visit_stmt,retains_loan_carrying_operand(val)) {
12,10770,47,10770,73,loop body,logos::compiler::BorrowChecker::visit_stmt,"for (auto& r : roots) inherit_loans(r, name, ln);"
671252,10774,21,10774,43,if guard,logos::compiler::BorrowChecker::visit_stmt,"if (var_has(NO_SLOT, name)) {"
671251,10774,45,10785,18,if guard,logos::compiler::BorrowChecker::visit_stmt,"if (var_has(NO_SLOT, name)) {"
671252,10786,21,10786,34,if guard,logos::compiler::BorrowChecker::visit_stmt,if (is_ref_assign)
1739,10787,21,10787,47,statement,logos::compiler::BorrowChecker::visit_stmt,prov_[name] = prov_of(val);
671252,10795,47,10795,50,statement,logos::compiler::BorrowChecker::visit_stmt,"note_holder_escape_prov(name, val ? val.type(pool) : TypeRef(nullptr),"
671252,10795,53,10795,67,statement,logos::compiler::BorrowChecker::visit_stmt,"note_holder_escape_prov(name, val ? val.type(pool) : TypeRef(nullptr),"
0,10795,70,10795,86,statement,logos::compiler::BorrowChecker::visit_stmt,"note_holder_escape_prov(name, val ? val.type(pool) : TypeRef(nullptr),"
671252,10797,37,10797,40,statement,logos::compiler::BorrowChecker::visit_stmt,"note_reborrow(name, val ? val.type(pool) : TypeRef(nullptr), val);  // H1"
671252,10797,43,10797,57,statement,logos::compiler::BorrowChecker::visit_stmt,"note_reborrow(name, val ? val.type(pool) : TypeRef(nullptr), val);  // H1"
0,10797,60,10797,76,statement,logos::compiler::BorrowChecker::visit_stmt,"note_reborrow(name, val ? val.type(pool) : TypeRef(nullptr), val);  // H1"
671252,10800,21,10800,24,if guard,logos::compiler::BorrowChecker::visit_stmt,if (val) {
671252,10800,26,10810,18,if guard,logos::compiler::BorrowChecker::visit_stmt,if (val) {
671252,10802,25,10802,54,if guard,logos::compiler::BorrowChecker::visit_stmt,if (struct_is_dropck_relevant(vt)) {
17,10802,56,10809,22,if guard,logos::compiler::BorrowChecker::visit_stmt,if (struct_is_dropck_relevant(vt)) {
17,10805,29,10805,45,if guard,logos::compiler::BorrowChecker::visit_stmt,if (!sources.empty()) {
17,10805,47,10808,26,if guard,logos::compiler::BorrowChecker::visit_stmt,if (!sources.empty()) {
20522814,10818,13,10824,22,switch arm,logos::compiler::BorrowChecker::visit_stmt,case Code::Return: {
20522814,10819,26,10819,29,if guard,logos::compiler::BorrowChecker::visit_stmt,if (auto val = SReturnView{sr}.value()) {
20517814,10819,57,10822,18,if guard,logos::compiler::BorrowChecker::visit_stmt,if (auto val = SReturnView{sr}.value()) {
20517814,10820,25,10820,42,if guard,logos::compiler::BorrowChecker::visit_stmt,"if (!in_closure_body_) check_return_value(val, ln);"
20517297,10820,44,10820,71,if guard,logos::compiler::BorrowChecker::visit_stmt,"if (!in_closure_body_) check_return_value(val, ln);"
2201106,10828,13,10850,22,switch arm,logos::compiler::BorrowChecker::visit_stmt,case Code::ExprStmt: {
2201106,10845,21,10845,23,if guard,logos::compiler::BorrowChecker::visit_stmt,if (ex) {
2201106,10845,25,10849,18,if guard,logos::compiler::BorrowChecker::visit_stmt,if (ex) {
2201106,10847,25,10847,28,if guard,logos::compiler::BorrowChecker::visit_stmt,if (ety && ety.kind() == LogosType::Kind::Never)
2201106,10847,25,10847,68,if guard,logos::compiler::BorrowChecker::visit_stmt,if (ety && ety.kind() == LogosType::Kind::Never)
2201106,10847,32,10847,68,if guard,logos::compiler::BorrowChecker::visit_stmt,if (ety && ety.kind() == LogosType::Kind::Never)
2075522,10848,25,10848,45,statement,logos::compiler::BorrowChecker::visit_stmt,cur_diverged_ = true;
0,10854,13,10895,22,switch arm,logos::compiler::BorrowChecker::visit_stmt,case Code::FieldWrite: {
0,10865,21,10865,37,if guard,logos::compiler::BorrowChecker::visit_stmt,if (!recv_nm.empty() && !field_nm.empty()) {
0,10865,21,10865,58,if guard,logos::compiler::BorrowChecker::visit_stmt,if (!recv_nm.empty() && !field_nm.empty()) {
0,10865,41,10865,58,if guard,logos::compiler::BorrowChecker::visit_stmt,if (!recv_nm.empty() && !field_nm.empty()) {
0,10865,60,10870,18,if guard,logos::compiler::BorrowChecker::visit_stmt,if (!recv_nm.empty() && !field_nm.empty()) {
0,10866,63,10866,76,if guard,logos::compiler::BorrowChecker::visit_stmt,"if (auto it = var_find(NO_SLOT, recv_nm); it != nullptr)"
0,10869,25,10869,65,statement,logos::compiler::BorrowChecker::visit_stmt,"erase_reinit(it->moved_fields, field_nm);"
0,10890,21,10890,37,if guard,logos::compiler::BorrowChecker::visit_stmt,if (!recv_nm.empty() && !field_nm.empty())
0,10890,21,10890,58,if guard,logos::compiler::BorrowChecker::visit_stmt,if (!recv_nm.empty() && !field_nm.empty())
0,10890,41,10890,58,if guard,logos::compiler::BorrowChecker::visit_stmt,if (!recv_nm.empty() && !field_nm.empty())
0,10891,21,10891,77,statement,logos::compiler::BorrowChecker::visit_stmt,"note_reborrow_place(recv_nm + ""."" + field_nm, v.value());"
0,10904,13,10923,22,switch arm,logos::compiler::BorrowChecker::visit_stmt,case Code::IndexWrite: {
0,10907,54,10907,67,if guard,logos::compiler::BorrowChecker::visit_stmt,"if (auto it = var_find(NO_SLOT, nm); it != nullptr) {"
0,10907,69,10916,18,if guard,logos::compiler::BorrowChecker::visit_stmt,"if (auto it = var_find(NO_SLOT, nm); it != nullptr) {"
0,10908,25,10908,47,if guard,logos::compiler::BorrowChecker::visit_stmt,if (it->shared_borrows > 0)
0,10909,25,10911,37,diagnostic emission,logos::compiler::BorrowChecker::visit_stmt,"report(ln, std::format("
0,10912,25,10912,41,if guard,logos::compiler::BorrowChecker::visit_stmt,if (it->mut_borrowed)
0,10913,25,10915,37,diagnostic emission,logos::compiler::BorrowChecker::visit_stmt,"report(ln, std::format("
0,10929,13,10948,22,switch arm,logos::compiler::BorrowChecker::visit_stmt,case Code::FieldIndexWrite: {
0,10932,54,10932,67,if guard,logos::compiler::BorrowChecker::visit_stmt,"if (auto it = var_find(NO_SLOT, nm); it != nullptr) {"
0,10932,69,10941,18,if guard,logos::compiler::BorrowChecker::visit_stmt,"if (auto it = var_find(NO_SLOT, nm); it != nullptr) {"
0,10933,25,10933,47,if guard,logos::compiler::BorrowChecker::visit_stmt,if (it->shared_borrows > 0)
0,10934,25,10936,61,diagnostic emission,logos::compiler::BorrowChecker::visit_stmt,"report(ln, std::format("
0,10937,25,10937,41,if guard,logos::compiler::BorrowChecker::visit_stmt,if (it->mut_borrowed)
0,10938,25,10940,61,diagnostic emission,logos::compiler::BorrowChecker::visit_stmt,"report(ln, std::format("
0,10952,13,10968,22,switch arm,logos::compiler::BorrowChecker::visit_stmt,case Code::ChainFieldWrite: {
0,10959,59,10961,22,call / statement,logos::compiler::BorrowChecker::visit_stmt,v.each_extra([&](std::string_view ex) {
0,10960,29,10960,40,if guard,logos::compiler::BorrowChecker::visit_stmt,"if (!ex.empty()) cf_path += ""."" + std::string(ex);"
0,10960,42,10960,74,if guard,logos::compiler::BorrowChecker::visit_stmt,"if (!ex.empty()) cf_path += ""."" + std::string(ex);"
0,10962,25,10962,43,if guard,logos::compiler::BorrowChecker::visit_stmt,if (!v.field().empty())
0,10963,25,10963,89,statement,logos::compiler::BorrowChecker::visit_stmt,"cf_path += (cf_path.empty() ? """" : ""."") + std::string(v.field());"
0,10963,37,10963,52,statement,logos::compiler::BorrowChecker::visit_stmt,"cf_path += (cf_path.empty() ? """" : ""."") + std::string(v.field());"
0,10963,55,10963,57,statement,logos::compiler::BorrowChecker::visit_stmt,"cf_path += (cf_path.empty() ? """" : ""."") + std::string(v.field());"
0,10963,60,10963,63,statement,logos::compiler::BorrowChecker::visit_stmt,"cf_path += (cf_path.empty() ? """" : ""."") + std::string(v.field());"
0,10972,13,10981,22,switch arm,logos::compiler::BorrowChecker::visit_stmt,case Code::DerefFieldWrite: {
26712,10993,13,11680,22,switch arm,logos::compiler::BorrowChecker::visit_stmt,case Code::DerefWrite: {
26712,10997,21,10997,24,if guard,logos::compiler::BorrowChecker::visit_stmt,if (ptr && ptr.kind() == EC::AddrOfTemp) {
26712,10997,21,10997,56,if guard,logos::compiler::BorrowChecker::visit_stmt,if (ptr && ptr.kind() == EC::AddrOfTemp) {
26712,10997,28,10997,56,if guard,logos::compiler::BorrowChecker::visit_stmt,if (ptr && ptr.kind() == EC::AddrOfTemp) {
19193,10997,58,11209,18,if guard,logos::compiler::BorrowChecker::visit_stmt,if (ptr && ptr.kind() == EC::AddrOfTemp) {
40887,11001,28,11001,31,loop body,logos::compiler::BorrowChecker::visit_stmt,while (cur) {
40887,11001,33,11007,22,loop body,logos::compiler::BorrowChecker::visit_stmt,while (cur) {
40887,11002,29,11002,56,if guard,logos::compiler::BorrowChecker::visit_stmt,if (cur.kind() == EC::FieldRead)      cur = EFieldReadView{cur}.receiver();
15122,11002,63,11002,99,if guard,logos::compiler::BorrowChecker::visit_stmt,if (cur.kind() == EC::FieldRead)      cur = EFieldReadView{cur}.receiver();
25765,11003,30,11006,35,else-if guard,logos::compiler::BorrowChecker::visit_stmt,else if (cur.kind() == EC::IndexRead) { saw_index = true; cur = EIndexReadView{cur}.receiver(); }
25765,11003,34,11003,61,else-if guard,logos::compiler::BorrowChecker::visit_stmt,else if (cur.kind() == EC::IndexRead) { saw_index = true; cur = EIndexReadView{cur}.receiver(); }
6478,11003,63,11003,122,else-if guard,logos::compiler::BorrowChecker::visit_stmt,else if (cur.kind() == EC::IndexRead) { saw_index = true; cur = EIndexReadView{cur}.receiver(); }
19287,11004,30,11006,35,else-if guard,logos::compiler::BorrowChecker::visit_stmt,else if (cur.kind() == EC::SliceIndex){ saw_index = true; cur = ESliceIndexView{cur}.slice(); }
19287,11004,34,11004,62,else-if guard,logos::compiler::BorrowChecker::visit_stmt,else if (cur.kind() == EC::SliceIndex){ saw_index = true; cur = ESliceIndexView{cur}.slice(); }
55,11004,63,11004,120,else-if guard,logos::compiler::BorrowChecker::visit_stmt,else if (cur.kind() == EC::SliceIndex){ saw_index = true; cur = ESliceIndexView{cur}.slice(); }
19232,11005,30,11006,35,else-if guard,logos::compiler::BorrowChecker::visit_stmt,else if (cur.kind() == EC::TupleIndex){ cur = ETupleIndexView{cur}.receiver(); }
19232,11005,34,11005,62,else-if guard,logos::compiler::BorrowChecker::visit_stmt,else if (cur.kind() == EC::TupleIndex){ cur = ETupleIndexView{cur}.receiver(); }
39,11005,63,11005,105,else-if guard,logos::compiler::BorrowChecker::visit_stmt,else if (cur.kind() == EC::TupleIndex){ cur = ETupleIndexView{cur}.receiver(); }
19193,11006,30,11006,35,else branch,logos::compiler::BorrowChecker::visit_stmt,else break;
19193,11027,25,11027,47,if guard,logos::compiler::BorrowChecker::visit_stmt,if ((dwnoidx || saw_index) && cur && cur.kind() == EC::VarRef) {
19193,11027,25,11027,54,if guard,logos::compiler::BorrowChecker::visit_stmt,if ((dwnoidx || saw_index) && cur && cur.kind() == EC::VarRef) {
19193,11027,25,11027,82,if guard,logos::compiler::BorrowChecker::visit_stmt,if ((dwnoidx || saw_index) && cur && cur.kind() == EC::VarRef) {
19193,11027,26,11027,33,if guard,logos::compiler::BorrowChecker::visit_stmt,if ((dwnoidx || saw_index) && cur && cur.kind() == EC::VarRef) {
19193,11027,37,11027,46,if guard,logos::compiler::BorrowChecker::visit_stmt,if ((dwnoidx || saw_index) && cur && cur.kind() == EC::VarRef) {
6518,11027,51,11027,54,if guard,logos::compiler::BorrowChecker::visit_stmt,if ((dwnoidx || saw_index) && cur && cur.kind() == EC::VarRef) {
6518,11027,58,11027,82,if guard,logos::compiler::BorrowChecker::visit_stmt,if ((dwnoidx || saw_index) && cur && cur.kind() == EC::VarRef) {
6494,11027,84,11040,22,if guard,logos::compiler::BorrowChecker::visit_stmt,if ((dwnoidx || saw_index) && cur && cur.kind() == EC::VarRef) {
6494,11030,66,11030,79,if guard,logos::compiler::BorrowChecker::visit_stmt,"if (auto it = var_find(root_slot, root); it != nullptr) {"
6494,11030,81,11039,26,if guard,logos::compiler::BorrowChecker::visit_stmt,"if (auto it = var_find(root_slot, root); it != nullptr) {"
6494,11031,33,11031,55,if guard,logos::compiler::BorrowChecker::visit_stmt,if (it->shared_borrows > 0)
7,11032,33,11034,49,diagnostic emission,logos::compiler::BorrowChecker::visit_stmt,"report(ln, std::format("
6494,11035,33,11035,49,if guard,logos::compiler::BorrowChecker::visit_stmt,if (it->mut_borrowed)
5,11036,33,11038,49,diagnostic emission,logos::compiler::BorrowChecker::visit_stmt,"report(ln, std::format("
19193,11050,25,11050,30,if guard,logos::compiler::BorrowChecker::visit_stmt,if (inner && inner.kind() == EC::FieldRead) {
19193,11050,25,11050,63,if guard,logos::compiler::BorrowChecker::visit_stmt,if (inner && inner.kind() == EC::FieldRead) {
19193,11050,34,11050,63,if guard,logos::compiler::BorrowChecker::visit_stmt,if (inner && inner.kind() == EC::FieldRead) {
12568,11050,65,11071,22,if guard,logos::compiler::BorrowChecker::visit_stmt,if (inner && inner.kind() == EC::FieldRead) {
25357,11055,32,11055,35,loop body,logos::compiler::BorrowChecker::visit_stmt,while (cur && cur.kind() == EC::FieldRead) {
25357,11055,32,11055,66,loop body,logos::compiler::BorrowChecker::visit_stmt,while (cur && cur.kind() == EC::FieldRead) {
25357,11055,39,11055,66,loop body,logos::compiler::BorrowChecker::visit_stmt,while (cur && cur.kind() == EC::FieldRead) {
12789,11055,68,11059,26,loop body,logos::compiler::BorrowChecker::visit_stmt,while (cur && cur.kind() == EC::FieldRead) {
12568,11060,29,11060,32,if guard,logos::compiler::BorrowChecker::visit_stmt,if (cur && cur.kind() == EC::VarRef) {
12568,11060,29,11060,60,if guard,logos::compiler::BorrowChecker::visit_stmt,if (cur && cur.kind() == EC::VarRef) {
12568,11060,36,11060,60,if guard,logos::compiler::BorrowChecker::visit_stmt,if (cur && cur.kind() == EC::VarRef) {
12395,11060,62,11070,26,if guard,logos::compiler::BorrowChecker::visit_stmt,if (cur && cur.kind() == EC::VarRef) {
25011,11064,60,11064,78,loop body,logos::compiler::BorrowChecker::visit_stmt,for (auto it2 = segs.rbegin(); it2 != segs.rend(); ++it2) {
12616,11064,80,11064,85,loop body,logos::compiler::BorrowChecker::visit_stmt,for (auto it2 = segs.rbegin(); it2 != segs.rend(); ++it2) {
12616,11064,87,11067,30,loop body,logos::compiler::BorrowChecker::visit_stmt,for (auto it2 = segs.rbegin(); it2 != segs.rend(); ++it2) {
12616,11065,37,11065,51,if guard,logos::compiler::BorrowChecker::visit_stmt,if (!fpath.empty()) fpath.push_back('.');
221,11065,53,11065,73,if guard,logos::compiler::BorrowChecker::visit_stmt,if (!fpath.empty()) fpath.push_back('.');
12395,11068,70,11068,83,if guard,logos::compiler::BorrowChecker::visit_stmt,"if (auto it = var_find(root_slot, root); it != nullptr)"
12395,11069,33,11069,70,statement,logos::compiler::BorrowChecker::visit_stmt,"erase_reinit(it->moved_fields, fpath);"
32021,11078,28,11078,29,loop body,logos::compiler::BorrowChecker::visit_stmt,while (c) {
32021,11078,31,11082,22,loop body,logos::compiler::BorrowChecker::visit_stmt,while (c) {
32021,11079,29,11079,54,if guard,logos::compiler::BorrowChecker::visit_stmt,if (c.kind() == EC::FieldRead)       c = EFieldReadView{c}.receiver();
12789,11079,62,11079,94,if guard,logos::compiler::BorrowChecker::visit_stmt,if (c.kind() == EC::FieldRead)       c = EFieldReadView{c}.receiver();
19232,11080,30,11081,35,else-if guard,logos::compiler::BorrowChecker::visit_stmt,else if (c.kind() == EC::TupleIndex) c = ETupleIndexView{c}.receiver();
19232,11080,34,11080,60,else-if guard,logos::compiler::BorrowChecker::visit_stmt,else if (c.kind() == EC::TupleIndex) c = ETupleIndexView{c}.receiver();
39,11080,62,11080,95,else-if guard,logos::compiler::BorrowChecker::visit_stmt,else if (c.kind() == EC::TupleIndex) c = ETupleIndexView{c}.receiver();
19193,11081,30,11081,35,else branch,logos::compiler::BorrowChecker::visit_stmt,else break;
19193,11083,25,11083,26,if guard,logos::compiler::BorrowChecker::visit_stmt,if (c && c.kind() == EC::VarRef &&
19193,11083,25,11083,52,if guard,logos::compiler::BorrowChecker::visit_stmt,if (c && c.kind() == EC::VarRef &&
19193,11083,25,11084,57,if guard,logos::compiler::BorrowChecker::visit_stmt,if (c && c.kind() == EC::VarRef &&
19193,11083,30,11083,52,if guard,logos::compiler::BorrowChecker::visit_stmt,if (c && c.kind() == EC::VarRef &&
12433,11084,25,11084,57,call / statement,logos::compiler::BorrowChecker::visit_stmt,atv.inner().kind() != EC::VarRef) {
12433,11084,59,11148,22,call / statement,logos::compiler::BorrowChecker::visit_stmt,atv.inner().kind() != EC::VarRef) {
12433,11087,29,11087,53,if guard,logos::compiler::BorrowChecker::visit_stmt,"if (var_has(root_slot, root) && !param_names_.count(root)) {"
12433,11087,29,11087,82,if guard,logos::compiler::BorrowChecker::visit_stmt,"if (var_has(root_slot, root) && !param_names_.count(root)) {"
12433,11087,57,11087,82,if guard,logos::compiler::BorrowChecker::visit_stmt,"if (var_has(root_slot, root) && !param_names_.count(root)) {"
2233,11087,84,11147,26,if guard,logos::compiler::BorrowChecker::visit_stmt,"if (var_has(root_slot, root) && !param_names_.count(root)) {"
2233,11142,33,11142,49,if guard,logos::compiler::BorrowChecker::visit_stmt,"if (!eroot86.empty() && !var_has(NO_SLOT, eroot86))"
2233,11142,33,11142,79,if guard,logos::compiler::BorrowChecker::visit_stmt,"if (!eroot86.empty() && !var_has(NO_SLOT, eroot86))"
2233,11142,53,11142,79,if guard,logos::compiler::BorrowChecker::visit_stmt,"if (!eroot86.empty() && !var_has(NO_SLOT, eroot86))"
10,11143,33,11143,66,statement,logos::compiler::BorrowChecker::visit_stmt,eroot86 = ref_place_root(eroot86);
2233,11144,33,11144,48,if guard,logos::compiler::BorrowChecker::visit_stmt,if (eroot86.empty()) eroot86 = root;
0,11144,50,11144,64,if guard,logos::compiler::BorrowChecker::visit_stmt,if (eroot86.empty()) eroot86 = root;
19193,11190,34,11190,45,statement,logos::compiler::BorrowChecker::visit_stmt,TypeRef pt = atv.inner() ? atv.inner().type(pool) : TypeRef(nullptr);
19193,11190,48,11190,70,statement,logos::compiler::BorrowChecker::visit_stmt,TypeRef pt = atv.inner() ? atv.inner().type(pool) : TypeRef(nullptr);
0,11190,73,11190,89,statement,logos::compiler::BorrowChecker::visit_stmt,TypeRef pt = atv.inner() ? atv.inner().type(pool) : TypeRef(nullptr);
19193,11194,25,11194,33,if guard,logos::compiler::BorrowChecker::visit_stmt,if (retarget) {
740,11194,35,11202,22,if guard,logos::compiler::BorrowChecker::visit_stmt,if (retarget) {
740,11197,29,11197,45,if guard,logos::compiler::BorrowChecker::visit_stmt,if (!bp.root.empty() && !bp.path.empty() && !bp.index_in_chain) {
740,11197,29,11197,65,if guard,logos::compiler::BorrowChecker::visit_stmt,if (!bp.root.empty() && !bp.path.empty() && !bp.index_in_chain) {
740,11197,29,11197,87,if guard,logos::compiler::BorrowChecker::visit_stmt,if (!bp.root.empty() && !bp.path.empty() && !bp.index_in_chain) {
711,11197,49,11197,65,if guard,logos::compiler::BorrowChecker::visit_stmt,if (!bp.root.empty() && !bp.path.empty() && !bp.index_in_chain) {
528,11197,69,11197,87,if guard,logos::compiler::BorrowChecker::visit_stmt,if (!bp.root.empty() && !bp.path.empty() && !bp.index_in_chain) {
194,11197,89,11201,26,if guard,logos::compiler::BorrowChecker::visit_stmt,if (!bp.root.empty() && !bp.path.empty() && !bp.index_in_chain) {
19193,11205,25,11205,39,if guard,logos::compiler::BorrowChecker::visit_stmt,if (!wroot.empty())
18992,11206,25,11207,74,statement,logos::compiler::BorrowChecker::visit_stmt,"place_write_loans(wroot, v.value(), ln,"
18992,11207,43,11207,47,statement,logos::compiler::BorrowChecker::visit_stmt,wref || prov_.count(wroot) > 0);
18927,11207,51,11207,73,statement,logos::compiler::BorrowChecker::visit_stmt,wref || prov_.count(wroot) > 0);
7519,11234,17,11308,22,if guard,logos::compiler::BorrowChecker::visit_stmt,if (auto pm = v.ptr();
7519,11235,21,11235,23,call / statement,logos::compiler::BorrowChecker::visit_stmt,pm && pm.kind() == EC::MethodCall && v.value()) {
7519,11235,21,11235,54,call / statement,logos::compiler::BorrowChecker::visit_stmt,pm && pm.kind() == EC::MethodCall && v.value()) {
7519,11235,21,11235,67,call / statement,logos::compiler::BorrowChecker::visit_stmt,pm && pm.kind() == EC::MethodCall && v.value()) {
7519,11235,27,11235,54,call / statement,logos::compiler::BorrowChecker::visit_stmt,pm && pm.kind() == EC::MethodCall && v.value()) {
49,11235,58,11235,67,call / statement,logos::compiler::BorrowChecker::visit_stmt,pm && pm.kind() == EC::MethodCall && v.value()) {
49,11235,69,11250,18,call / statement,logos::compiler::BorrowChecker::visit_stmt,pm && pm.kind() == EC::MethodCall && v.value()) {
49,11238,25,11238,30,if guard,logos::compiler::BorrowChecker::visit_stmt,if (mrecv && method_self_kind(mv) == 2 &&
49,11238,25,11238,59,if guard,logos::compiler::BorrowChecker::visit_stmt,if (mrecv && method_self_kind(mv) == 2 &&
49,11238,25,11239,68,if guard,logos::compiler::BorrowChecker::visit_stmt,if (mrecv && method_self_kind(mv) == 2 &&
49,11238,34,11238,59,if guard,logos::compiler::BorrowChecker::visit_stmt,if (mrecv && method_self_kind(mv) == 2 &&
11,11239,25,11239,68,call / statement,logos::compiler::BorrowChecker::visit_stmt,type_may_carry_borrow(v.value().type(pool))) {
4,11239,70,11249,22,call / statement,logos::compiler::BorrowChecker::visit_stmt,type_may_carry_borrow(v.value().type(pool))) {
4,11240,43,11240,69,statement,logos::compiler::BorrowChecker::visit_stmt,std::string cr0 = mrecv.kind() == EC::VarRef
0,11241,31,11241,69,statement,logos::compiler::BorrowChecker::visit_stmt,? std::string(EVarRefView{mrecv}.name())
4,11242,31,11242,55,statement,logos::compiler::BorrowChecker::visit_stmt,: flow_operand_root(mrecv);
4,11244,29,11244,40,if guard,logos::compiler::BorrowChecker::visit_stmt,"if (!cr.empty() && !var_has(NO_SLOT, cr))"
4,11244,29,11244,65,if guard,logos::compiler::BorrowChecker::visit_stmt,"if (!cr.empty() && !var_has(NO_SLOT, cr))"
4,11244,44,11244,65,if guard,logos::compiler::BorrowChecker::visit_stmt,"if (!cr.empty() && !var_has(NO_SLOT, cr))"
0,11245,29,11245,52,statement,logos::compiler::BorrowChecker::visit_stmt,cr = ref_place_root(cr);
4,11246,29,11246,40,if guard,logos::compiler::BorrowChecker::visit_stmt,"if (!cr.empty() && var_has(NO_SLOT, cr))"
4,11246,29,11246,64,if guard,logos::compiler::BorrowChecker::visit_stmt,"if (!cr.empty() && var_has(NO_SLOT, cr))"
4,11246,44,11246,64,if guard,logos::compiler::BorrowChecker::visit_stmt,"if (!cr.empty() && var_has(NO_SLOT, cr))"
4,11247,29,11248,81,statement,logos::compiler::BorrowChecker::visit_stmt,"note_holder_escape_prov(cr, holder_ty_of(cr),"
7519,11304,37,11304,44,statement,logos::compiler::BorrowChecker::visit_stmt,"v.ptr() ? v.ptr().type(pool) : TypeRef{},"
7519,11304,47,11304,65,statement,logos::compiler::BorrowChecker::visit_stmt,"v.ptr() ? v.ptr().type(pool) : TypeRef{},"
0,11304,68,11304,77,statement,logos::compiler::BorrowChecker::visit_stmt,"v.ptr() ? v.ptr().type(pool) : TypeRef{},"
0,11312,13,11323,22,switch arm,logos::compiler::BorrowChecker::visit_stmt,case Code::TupleWrite: {
84,11341,13,11373,22,switch arm,logos::compiler::BorrowChecker::visit_stmt,case Code::LetElse: {
84,11343,26,11343,28,if guard,logos::compiler::BorrowChecker::visit_stmt,if (auto sc = v.scrut()) {
84,11343,42,11359,18,if guard,logos::compiler::BorrowChecker::visit_stmt,if (auto sc = v.scrut()) {
84,11348,25,11348,61,if guard,logos::compiler::BorrowChecker::visit_stmt,if (type_may_carry_borrow(sc.type(pool)))
9,11349,25,11349,48,statement,logos::compiler::BorrowChecker::visit_stmt,"bc_hop_roots(sc, roots);"
84,11351,67,11351,78,if guard,logos::compiler::BorrowChecker::visit_stmt,"if (auto st = retain_temp_scrut_loan(sc, ln); !st.empty())"
0,11352,25,11352,55,statement,logos::compiler::BorrowChecker::visit_stmt,roots.push_back(std::move(st));
0,11359,24,11361,18,else branch,logos::compiler::BorrowChecker::visit_stmt,} else {
4,11362,45,11362,82,statement,logos::compiler::BorrowChecker::visit_stmt,"v.each_guard([&](ExprRef g) { visit(g, /*consuming=*/true, ln); });"
84,11363,26,11363,28,if guard,logos::compiler::BorrowChecker::visit_stmt,if (auto eb = v.else_block()) {
84,11363,47,11372,18,if guard,logos::compiler::BorrowChecker::visit_stmt,if (auto eb = v.else_block()) {
4429300,11377,13,11378,22,switch arm,logos::compiler::BorrowChecker::visit_stmt,case Code::Drop:
1088538,11381,13,11417,22,switch arm,logos::compiler::BorrowChecker::visit_stmt,case Code::If: {
1088538,11388,26,11388,32,if guard,logos::compiler::BorrowChecker::visit_stmt,if (auto then_b = v.then_block()) visit_block(then_b);
1088538,11388,51,11388,70,if guard,logos::compiler::BorrowChecker::visit_stmt,if (auto then_b = v.then_block()) visit_block(then_b);
1088538,11395,26,11395,32,if guard,logos::compiler::BorrowChecker::visit_stmt,if (auto else_b = v.else_block()) visit_block(else_b);
10741,11395,51,11395,70,if guard,logos::compiler::BorrowChecker::visit_stmt,if (auto else_b = v.else_block()) visit_block(else_b);
1088538,11401,21,11401,29,if guard,logos::compiler::BorrowChecker::visit_stmt,if (then_div && else_div) {
1088538,11401,21,11401,41,if guard,logos::compiler::BorrowChecker::visit_stmt,if (then_div && else_div) {
549472,11401,33,11401,41,if guard,logos::compiler::BorrowChecker::visit_stmt,if (then_div && else_div) {
376,11401,43,11403,18,if guard,logos::compiler::BorrowChecker::visit_stmt,if (then_div && else_div) {
1088162,11403,24,11416,18,else-if guard,logos::compiler::BorrowChecker::visit_stmt,} else if (then_div) {
1088162,11403,28,11403,36,else-if guard,logos::compiler::BorrowChecker::visit_stmt,} else if (then_div) {
549096,11403,38,11405,18,else-if guard,logos::compiler::BorrowChecker::visit_stmt,} else if (then_div) {
539066,11405,24,11416,18,else-if guard,logos::compiler::BorrowChecker::visit_stmt,} else if (else_div) {
539066,11405,28,11405,36,else-if guard,logos::compiler::BorrowChecker::visit_stmt,} else if (else_div) {
3082,11405,38,11409,18,else-if guard,logos::compiler::BorrowChecker::visit_stmt,} else if (else_div) {
535984,11409,24,11416,18,else branch,logos::compiler::BorrowChecker::visit_stmt,} else {
29924,11421,13,11425,22,switch arm,logos::compiler::BorrowChecker::visit_stmt,case Code::While: {
29924,11424,26,11424,27,if guard,logos::compiler::BorrowChecker::visit_stmt,"if (auto b = v.body()) visit_loop_body(b, {}, v.label());"
29924,11424,40,11424,73,if guard,logos::compiler::BorrowChecker::visit_stmt,"if (auto b = v.body()) visit_loop_body(b, {}, v.label());"
377,11429,13,11435,22,switch arm,logos::compiler::BorrowChecker::visit_stmt,case Code::For: {
377,11433,26,11433,27,if guard,logos::compiler::BorrowChecker::visit_stmt,if (auto b = v.body())
377,11434,21,11434,74,statement,logos::compiler::BorrowChecker::visit_stmt,"visit_loop_body(b, {std::string(v.var())}, v.label());"
23586,11439,13,11443,22,switch arm,logos::compiler::BorrowChecker::visit_stmt,case Code::Loop: {
23586,11441,26,11441,27,if guard,logos::compiler::BorrowChecker::visit_stmt,if (auto b = v.body())
23586,11442,21,11442,74,statement,logos::compiler::BorrowChecker::visit_stmt,"visit_loop_body(b, {}, v.label(), {}, v.break_slot());"
103049,11467,13,11485,22,switch arm,logos::compiler::BorrowChecker::visit_stmt,case Code::Block: {
103049,11469,26,11469,27,if guard,logos::compiler::BorrowChecker::visit_stmt,if (auto b = bv.body()) {
103049,11469,41,11484,18,if guard,logos::compiler::BorrowChecker::visit_stmt,if (auto b = bv.body()) {
103049,11470,25,11470,41,if guard,logos::compiler::BorrowChecker::visit_stmt,if (bv.transparent()) {
42162,11470,43,11480,22,if guard,logos::compiler::BorrowChecker::visit_stmt,if (bv.transparent()) {
60887,11480,28,11483,22,else branch,logos::compiler::BorrowChecker::visit_stmt,} else {
104,11489,13,11497,22,switch arm,logos::compiler::BorrowChecker::visit_stmt,case Code::ForEach: {
104,11492,26,11492,27,if guard,logos::compiler::BorrowChecker::visit_stmt,if (auto b = v.body())
104,11496,21,11496,63,statement,logos::compiler::BorrowChecker::visit_stmt,"visit_loop_body(b, {std::string(v.var())});"
10589215,11501,13,11622,22,switch arm,logos::compiler::BorrowChecker::visit_stmt,case Code::Match: {
10589215,11511,21,11511,64,if guard,logos::compiler::BorrowChecker::visit_stmt,if (type_may_carry_borrow(v.scrut().type(pool)))
3622213,11512,21,11512,61,statement,logos::compiler::BorrowChecker::visit_stmt,"bc_hop_roots(v.scrut(), scrut_hop_roots);"
10589215,11515,70,11515,81,if guard,logos::compiler::BorrowChecker::visit_stmt,"if (auto st = retain_temp_scrut_loan(v.scrut(), ln); !st.empty())"
20,11516,21,11516,61,statement,logos::compiler::BorrowChecker::visit_stmt,scrut_hop_roots.push_back(std::move(st));
21178908,11539,50,11603,18,call / statement,logos::compiler::BorrowChecker::visit_stmt,v.each_arm([&](EMatchArmRef arm) {
21178908,11556,30,11556,31,if guard,logos::compiler::BorrowChecker::visit_stmt,"if (auto g = arm.guard()) visit(g, /*consuming=*/true, ln);"
258,11556,47,11556,79,if guard,logos::compiler::BorrowChecker::visit_stmt,"if (auto g = arm.guard()) visit(g, /*consuming=*/true, ln);"
21178908,11559,25,11559,36,if guard,logos::compiler::BorrowChecker::visit_stmt,if (arm.guard())
258,11560,25,11564,27,call / statement,logos::compiler::BorrowChecker::visit_stmt,"states_.for_each([&](uint32_t slot, std::string_view name, VarState& st) {"
615,11560,98,11564,26,call / statement,logos::compiler::BorrowChecker::visit_stmt,"states_.for_each([&](uint32_t slot, std::string_view name, VarState& st) {"
615,11561,33,11561,42,if guard,logos::compiler::BorrowChecker::visit_stmt,"if (!st.moved || !saved_s.has_id(slot, name)) return;"
615,11561,33,11561,73,if guard,logos::compiler::BorrowChecker::visit_stmt,"if (!st.moved || !saved_s.has_id(slot, name)) return;"
11,11561,46,11561,73,if guard,logos::compiler::BorrowChecker::visit_stmt,"if (!st.moved || !saved_s.has_id(slot, name)) return;"
604,11561,75,11561,81,if guard,logos::compiler::BorrowChecker::visit_stmt,"if (!st.moved || !saved_s.has_id(slot, name)) return;"
11,11562,29,11564,26,statement,logos::compiler::BorrowChecker::visit_stmt,"const VarState* bg = before_guard.find(slot, name);"
11,11563,33,11563,36,if guard,logos::compiler::BorrowChecker::visit_stmt,"if (!bg || !bg->moved) guard_acc.at_id(slot, name) = st;"
11,11563,33,11563,50,if guard,logos::compiler::BorrowChecker::visit_stmt,"if (!bg || !bg->moved) guard_acc.at_id(slot, name) = st;"
11,11563,40,11563,50,if guard,logos::compiler::BorrowChecker::visit_stmt,"if (!bg || !bg->moved) guard_acc.at_id(slot, name) = st;"
8,11563,52,11563,84,if guard,logos::compiler::BorrowChecker::visit_stmt,"if (!bg || !bg->moved) guard_acc.at_id(slot, name) = st;"
21178908,11565,30,11565,34,if guard,logos::compiler::BorrowChecker::visit_stmt,if (auto body = arm.body()) visit_block(body);
21178908,11565,49,11565,66,if guard,logos::compiler::BorrowChecker::visit_stmt,if (auto body = arm.body()) visit_block(body);
21178908,11574,25,11574,32,if guard,logos::compiler::BorrowChecker::visit_stmt,if (arm_div) return;
21084053,11574,34,11574,40,if guard,logos::compiler::BorrowChecker::visit_stmt,if (arm_div) return;
94855,11575,21,11603,18,statement,logos::compiler::BorrowChecker::visit_stmt,all_diverged = false;
19047,11577,63,11583,22,loop body,logos::compiler::BorrowChecker::visit_stmt,"for (auto& [k, v2] : ref_borrow_sources_) {"
19054,11580,29,11581,49,if guard,logos::compiler::BorrowChecker::visit_stmt,"if (std::find(dst.begin(), dst.end(), s) == dst.end())"
19054,11580,33,11580,82,if guard,logos::compiler::BorrowChecker::visit_stmt,"if (std::find(dst.begin(), dst.end(), s) == dst.end())"
10436,11581,33,11581,49,statement,logos::compiler::BorrowChecker::visit_stmt,dst.push_back(s);
19047,11582,38,11582,63,statement,logos::compiler::BorrowChecker::visit_stmt,acc_rbl[k] = ref_borrow_line_.count(k) ? ref_borrow_line_[k] : ln;
19047,11582,66,11582,85,statement,logos::compiler::BorrowChecker::visit_stmt,acc_rbl[k] = ref_borrow_line_.count(k) ? ref_borrow_line_[k] : ln;
0,11582,88,11582,90,statement,logos::compiler::BorrowChecker::visit_stmt,acc_rbl[k] = ref_borrow_line_.count(k) ? ref_borrow_line_[k] : ln;
6,11584,52,11584,74,loop body,logos::compiler::BorrowChecker::visit_stmt,"for (auto& [k, d] : dangling_) acc_dang.emplace(k, d);"
94855,11585,25,11585,34,if guard,logos::compiler::BorrowChecker::visit_stmt,if (!merged_s) {
72030,11585,36,11588,22,if guard,logos::compiler::BorrowChecker::visit_stmt,if (!merged_s) {
22825,11588,28,11602,22,else branch,logos::compiler::BorrowChecker::visit_stmt,} else {
160154,11589,98,11592,26,call / statement,logos::compiler::BorrowChecker::visit_stmt,"states_.for_each([&](uint32_t slot, std::string_view name, VarState& st) {"
160154,11590,33,11590,41,if guard,logos::compiler::BorrowChecker::visit_stmt,"if (st.moved && saved_s.has_id(slot, name))"
160154,11590,33,11590,71,if guard,logos::compiler::BorrowChecker::visit_stmt,"if (st.moved && saved_s.has_id(slot, name))"
501,11590,45,11590,71,if guard,logos::compiler::BorrowChecker::visit_stmt,"if (st.moved && saved_s.has_id(slot, name))"
501,11591,33,11591,65,statement,logos::compiler::BorrowChecker::visit_stmt,"merged_s->at_id(slot, name) = st;"
10589215,11604,21,11604,29,if guard,logos::compiler::BorrowChecker::visit_stmt,if (merged_s) {
72030,11604,31,11614,18,if guard,logos::compiler::BorrowChecker::visit_stmt,if (merged_s) {
386280,11607,96,11609,22,call / statement,logos::compiler::BorrowChecker::visit_stmt,"merged_s->for_each([&](uint32_t slot, std::string_view name, VarState& st) {"
386280,11608,29,11608,55,if guard,logos::compiler::BorrowChecker::visit_stmt,"if (saved_s.has_id(slot, name)) states_.at_id(slot, name) = st;"
386275,11608,57,11608,87,if guard,logos::compiler::BorrowChecker::visit_stmt,"if (saved_s.has_id(slot, name)) states_.at_id(slot, name) = st;"
10517185,11614,24,11621,18,else branch,logos::compiler::BorrowChecker::visit_stmt,} else {
10517185,11620,25,11620,32,if guard,logos::compiler::BorrowChecker::visit_stmt,if (any_arm && all_diverged) cur_diverged_ = true;
10517185,11620,25,11620,48,if guard,logos::compiler::BorrowChecker::visit_stmt,if (any_arm && all_diverged) cur_diverged_ = true;
10517180,11620,36,11620,48,if guard,logos::compiler::BorrowChecker::visit_stmt,if (any_arm && all_diverged) cur_diverged_ = true;
10517180,11620,50,11620,70,if guard,logos::compiler::BorrowChecker::visit_stmt,if (any_arm && all_diverged) cur_diverged_ = true;
5438,11657,13,11669,22,switch arm,logos::compiler::BorrowChecker::visit_stmt,case Code::Break: {
5438,11659,27,11659,29,if guard,logos::compiler::BorrowChecker::visit_stmt,if (auto* lf = loop_target(bv.label())) {
5438,11659,57,11667,18,if guard,logos::compiler::BorrowChecker::visit_stmt,if (auto* lf = loop_target(bv.label())) {
5438,11664,25,11664,48,if guard,logos::compiler::BorrowChecker::visit_stmt,if (!lf->break_slot.empty() && bv.value())
5438,11664,25,11664,62,if guard,logos::compiler::BorrowChecker::visit_stmt,if (!lf->break_slot.empty() && bv.value())
108,11664,52,11664,62,if guard,logos::compiler::BorrowChecker::visit_stmt,if (!lf->break_slot.empty() && bv.value())
108,11665,25,11666,66,loop body,logos::compiler::BorrowChecker::visit_stmt,for (auto& src : ref_sources_of(bv.value()))
20,11666,29,11666,66,statement,logos::compiler::BorrowChecker::visit_stmt,"reborrow_of_.add(lf->break_slot, src);"
268,11671,13,11678,22,switch arm,logos::compiler::BorrowChecker::visit_stmt,case Code::Continue:
268,11674,27,11674,29,if guard,logos::compiler::BorrowChecker::visit_stmt,if (auto* lf = loop_target(SContinueView{sr}.label()))
268,11675,21,11676,67,statement,logos::compiler::BorrowChecker::visit_stmt,lf->continue_states.push_back(
0,11679,13,11680,22,switch arm,logos::compiler::BorrowChecker::visit_stmt,default:
46769240,11691,18,11691,23,diagnostic emission,logos::compiler::BorrowChecker::BorrowChecker,": diags_(diags), fn_name_(std::move(fn_name)), prog_(prog), ts_(ts),"
46769240,11691,26,11691,54,diagnostic emission,logos::compiler::BorrowChecker::BorrowChecker,": diags_(diags), fn_name_(std::move(fn_name)), prog_(prog), ts_(ts),"
46769240,11691,62,11691,66,diagnostic emission,logos::compiler::BorrowChecker::BorrowChecker,": diags_(diags), fn_name_(std::move(fn_name)), prog_(prog), ts_(ts),"
46769240,11691,73,11691,75,diagnostic emission,logos::compiler::BorrowChecker::BorrowChecker,": diags_(diags), fn_name_(std::move(fn_name)), prog_(prog), ts_(ts),"
46769240,11692,21,11692,29,statement,logos::compiler::BorrowChecker::BorrowChecker,"fn_index_(fn_index), ri_(ri), flows_(flows),"
46769240,11692,36,11692,38,statement,logos::compiler::BorrowChecker::BorrowChecker,"fn_index_(fn_index), ri_(ri), flows_(flows),"
46769240,11692,48,11692,53,statement,logos::compiler::BorrowChecker::BorrowChecker,"fn_index_(fn_index), ri_(ri), flows_(flows),"
46769240,11693,29,11693,45,statement,logos::compiler::BorrowChecker::BorrowChecker,exclusivity_only_(exclusivity_only) {}
46769240,11693,47,11693,49,statement,logos::compiler::BorrowChecker::BorrowChecker,exclusivity_only_(exclusivity_only) {}
4639448,11700,68,11702,6,statement,logos::compiler::BorrowChecker::flow_of_call,const FlowSummary* flow_of_call(std::string_view symbol) const {
4639448,11701,16,11701,22,early return,logos::compiler::BorrowChecker::flow_of_call,"return flows_ ? resolve_call_flow(*flows_, symbol, &fn_index_) : nullptr;"
4639448,11701,25,11701,71,early return,logos::compiler::BorrowChecker::flow_of_call,"return flows_ ? resolve_call_flow(*flows_, symbol, &fn_index_) : nullptr;"
0,11701,74,11701,81,early return,logos::compiler::BorrowChecker::flow_of_call,"return flows_ ? resolve_call_flow(*flows_, symbol, &fn_index_) : nullptr;"
607272,11703,74,11707,6,statement,logos::compiler::BorrowChecker::flow_of_method,const FlowSummary* flow_of_method(lir_view::EMethodCallView v) const {
607272,11704,16,11704,22,early return,logos::compiler::BorrowChecker::flow_of_method,"return flows_ ? resolve_method_flow(*flows_, fn_index_,"
607272,11704,25,11705,70,early return,logos::compiler::BorrowChecker::flow_of_method,"return flows_ ? resolve_method_flow(*flows_, fn_index_,"
0,11706,25,11706,32,statement,logos::compiler::BorrowChecker::flow_of_method,: nullptr;
46769240,11737,43,11844,6,call / statement,logos::compiler::BorrowChecker::check,void check(lir_view::FunctionView fn) {
46769240,11743,13,11743,21,if guard,logos::compiler::BorrowChecker::check,if (!fn_body) return;
35253667,11743,23,11743,29,if guard,logos::compiler::BorrowChecker::check,if (!fn_body) return;
11515573,11744,9,11844,6,statement,logos::compiler::BorrowChecker::check,states_.reset(fn.local_count());  // Phase-1: size the dense slot vector
4516,11785,59,11790,10,call / statement,logos::compiler::BorrowChecker::check,fn.each_type_param([&](lir_view::FnTParamView tp) {
2813,11787,61,11789,14,call / statement,logos::compiler::BorrowChecker::check,tp.each_bound([&](lir_view::FnTraitBoundView b) {
2813,11788,21,11788,45,if guard,logos::compiler::BorrowChecker::check,"if (b.trait_name() == ""Copy"") copy_tvs_.insert(tpname);"
163,11788,47,11788,71,if guard,logos::compiler::BorrowChecker::check,"if (b.trait_name() == ""Copy"") copy_tvs_.insert(tpname);"
460,11792,46,11792,92,loop body,logos::compiler::BorrowChecker::check,for (auto lp : fn.lifetime_params()) fn_lifetime_params_.push_back(std::string(lp));
106,11796,17,11796,64,statement,logos::compiler::BorrowChecker::check,"lo.emplace_back(std::string(a), std::string(b));"
17577573,11809,37,11840,10,loop body,logos::compiler::BorrowChecker::check,for (auto& p : fn.params()) {
17577573,11819,17,11819,35,if guard,logos::compiler::BorrowChecker::check,if (is_ref_kind(ptype) || is_borrow_carrying_type(ptype) ||
17577573,11819,17,11819,69,if guard,logos::compiler::BorrowChecker::check,if (is_ref_kind(ptype) || is_borrow_carrying_type(ptype) ||
17577573,11819,17,11820,62,if guard,logos::compiler::BorrowChecker::check,if (is_ref_kind(ptype) || is_borrow_carrying_type(ptype) ||
13004117,11819,39,11819,69,if guard,logos::compiler::BorrowChecker::check,if (is_ref_kind(ptype) || is_borrow_carrying_type(ptype) ||
12990952,11820,17,11820,62,call / statement,logos::compiler::BorrowChecker::check,TypeRef(ptype).kind() == LogosType::Kind::Ptr)
4606043,11821,17,11821,48,statement,logos::compiler::BorrowChecker::check,outliving_params_.insert(pname);
17577573,11822,17,11822,35,if guard,logos::compiler::BorrowChecker::check,if (is_ref_kind(ptype)) {
4573456,11822,37,11839,14,if guard,logos::compiler::BorrowChecker::check,if (is_ref_kind(ptype)) {
4573456,11826,21,11826,28,if guard,logos::compiler::BorrowChecker::check,if (pointee && (pointee.kind() == LogosType::Kind::Struct ||
4573456,11826,21,11828,73,if guard,logos::compiler::BorrowChecker::check,if (pointee && (pointee.kind() == LogosType::Kind::Struct ||
3465887,11826,32,11828,73,if guard,logos::compiler::BorrowChecker::check,if (pointee && (pointee.kind() == LogosType::Kind::Struct ||
3465887,11826,33,11826,74,if guard,logos::compiler::BorrowChecker::check,if (pointee && (pointee.kind() == LogosType::Kind::Struct ||
3465887,11826,33,11827,79,if guard,logos::compiler::BorrowChecker::check,if (pointee && (pointee.kind() == LogosType::Kind::Struct ||
3340965,11827,33,11827,79,statement,logos::compiler::BorrowChecker::check,pointee.kind() == LogosType::Kind::ZonedStruct ||
3340874,11828,33,11828,72,call / statement,logos::compiler::BorrowChecker::check,pointee.kind() == LogosType::Kind::Enum)) {
3398373,11828,75,11838,18,call / statement,logos::compiler::BorrowChecker::check,pointee.kind() == LogosType::Kind::Enum)) {
65,11836,62,11836,79,loop body,logos::compiler::BorrowChecker::check,for (auto& lt : pointee.lifetime_args()) lts.push_back(lt);
54027290,11849,79,12740,2,call / statement,logos::compiler::BorrowChecker::visit,"void BorrowChecker::visit(lir_view::ExprRef e, bool consuming, uint32_t line) {"
54027290,11850,9,11850,11,if guard,logos::compiler::BorrowChecker::visit,if (!e) return;
0,11850,13,11850,19,if guard,logos::compiler::BorrowChecker::visit,if (!e) return;
54027290,11851,5,12740,2,statement,logos::compiler::BorrowChecker::visit,using namespace lir_view;
6964224,11858,40,11867,6,call / statement,borrow_check.cpp:_ZZN5logos8compiler13BorrowChecker5visitENS0_8lir_view7ExprRefEbjENK3$_0clIRNS2_15EMethodCallViewEEEDaOT_,auto visit_args = [&](auto&& view) {
7473312,11861,38,11864,10,call / statement,borrow_check.cpp:_ZZZN5logos8compiler13BorrowChecker5visitENS0_8lir_view7ExprRefEbjENK3$_0clIRNS2_15EMethodCallViewEEEDaOT_ENKUlS3_E_clES3_,view.each_arg([&](ExprRef a) {
7473312,11862,17,11862,18,if guard,borrow_check.cpp:_ZZZN5logos8compiler13BorrowChecker5visitENS0_8lir_view7ExprRefEbjENK3$_0clIRNS2_15EMethodCallViewEEEDaOT_ENKUlS3_E_clES3_,"if (a && is_ref_kind(a.type(pool))) take_ref_borrows(a, line);"
7473312,11862,17,11862,47,if guard,borrow_check.cpp:_ZZZN5logos8compiler13BorrowChecker5visitENS0_8lir_view7ExprRefEbjENK3$_0clIRNS2_15EMethodCallViewEEEDaOT_ENKUlS3_E_clES3_,"if (a && is_ref_kind(a.type(pool))) take_ref_borrows(a, line);"
7473312,11862,22,11862,47,if guard,borrow_check.cpp:_ZZZN5logos8compiler13BorrowChecker5visitENS0_8lir_view7ExprRefEbjENK3$_0clIRNS2_15EMethodCallViewEEEDaOT_ENKUlS3_E_clES3_,"if (a && is_ref_kind(a.type(pool))) take_ref_borrows(a, line);"
4799810,11862,49,11862,74,if guard,borrow_check.cpp:_ZZZN5logos8compiler13BorrowChecker5visitENS0_8lir_view7ExprRefEbjENK3$_0clIRNS2_15EMethodCallViewEEEDaOT_ENKUlS3_E_clES3_,"if (a && is_ref_kind(a.type(pool))) take_ref_borrows(a, line);"
2673502,11863,49,11863,83,else branch,borrow_check.cpp:_ZZZN5logos8compiler13BorrowChecker5visitENS0_8lir_view7ExprRefEbjENK3$_0clIRNS2_15EMethodCallViewEEEDaOT_ENKUlS3_E_clES3_,"else                                visit(a, /*consuming=*/true, line);"
30393213,11871,9,11891,18,switch arm,logos::compiler::BorrowChecker::visit,case Code::VarRef: {
30393213,11874,17,11874,26,if guard,logos::compiler::BorrowChecker::visit,"if (consuming && is_move_type(e.type(pool), prog_, ts_, &copy_tvs_))"
30393213,11874,17,11874,80,if guard,logos::compiler::BorrowChecker::visit,"if (consuming && is_move_type(e.type(pool), prog_, ts_, &copy_tvs_))"
16367434,11874,30,11874,80,if guard,logos::compiler::BorrowChecker::visit,"if (consuming && is_move_type(e.type(pool), prog_, ts_, &copy_tvs_))"
366134,11875,17,11875,50,statement,logos::compiler::BorrowChecker::visit,"consume(name, line, v.var_slot());  // Phase-1"
30027079,11876,18,11890,14,else branch,logos::compiler::BorrowChecker::visit,else {
30027079,11887,21,11887,34,call / statement,logos::compiler::BorrowChecker::visit,it != nullptr && !in_addr_source_)
30027079,11887,21,11887,54,call / statement,logos::compiler::BorrowChecker::visit,it != nullptr && !in_addr_source_)
29986638,11887,38,11887,54,call / statement,logos::compiler::BorrowChecker::visit,it != nullptr && !in_addr_source_)
29366809,11888,21,11889,82,statement,logos::compiler::BorrowChecker::visit,"field_borrow_conflicts((*it), name, /*path=*/"""","
25294,11898,9,11909,18,switch arm,logos::compiler::BorrowChecker::visit,case Code::AddrOf: {
25294,11901,17,11901,41,if guard,logos::compiler::BorrowChecker::visit,if (is_mut_ref(e.type(pool))) {
3323,11901,43,11908,14,if guard,logos::compiler::BorrowChecker::visit,if (is_mut_ref(e.type(pool))) {
3323,11902,57,11902,70,if guard,logos::compiler::BorrowChecker::visit,"if (auto it = var_find(NO_SLOT, vname); it != nullptr) {"
3323,11902,72,11907,18,if guard,logos::compiler::BorrowChecker::visit,"if (auto it = var_find(NO_SLOT, vname); it != nullptr) {"
3323,11903,25,11903,44,if guard,logos::compiler::BorrowChecker::visit,if (!it->is_mut_binding && !param_names_.count(vname))
3323,11903,25,11903,74,if guard,logos::compiler::BorrowChecker::visit,if (!it->is_mut_binding && !param_names_.count(vname))
0,11903,48,11903,74,if guard,logos::compiler::BorrowChecker::visit,if (!it->is_mut_binding && !param_names_.count(vname))
0,11904,25,11906,36,diagnostic emission,logos::compiler::BorrowChecker::visit,"report(line, std::format("
304909,11921,9,12738,18,switch arm,logos::compiler::BorrowChecker::visit,case Code::AddrOfTemp: {
304909,11938,17,11938,29,statement,logos::compiler::BorrowChecker::visit,bp.root_type && bp.root_type.kind() == LogosType::Kind::Ptr;
274945,11938,33,11938,76,statement,logos::compiler::BorrowChecker::visit,bp.root_type && bp.root_type.kind() == LogosType::Kind::Ptr;
304909,11943,32,11943,44,statement,logos::compiler::BorrowChecker::visit,bool root_is_ref = bp.root_type && is_ref_kind(bp.root_type);
274945,11943,48,11943,73,statement,logos::compiler::BorrowChecker::visit,bool root_is_ref = bp.root_type && is_ref_kind(bp.root_type);
304909,11944,17,11944,30,if guard,logos::compiler::BorrowChecker::visit,"if (!root.empty() && !root_is_rawptr && var_has(NO_SLOT, root)) {"
304909,11944,17,11944,49,if guard,logos::compiler::BorrowChecker::visit,"if (!root.empty() && !root_is_rawptr && var_has(NO_SLOT, root)) {"
304909,11944,17,11944,75,if guard,logos::compiler::BorrowChecker::visit,"if (!root.empty() && !root_is_rawptr && var_has(NO_SLOT, root)) {"
274945,11944,34,11944,49,if guard,logos::compiler::BorrowChecker::visit,"if (!root.empty() && !root_is_rawptr && var_has(NO_SLOT, root)) {"
271139,11944,53,11944,75,if guard,logos::compiler::BorrowChecker::visit,"if (!root.empty() && !root_is_rawptr && var_has(NO_SLOT, root)) {"
268880,11944,77,12047,14,if guard,logos::compiler::BorrowChecker::visit,"if (!root.empty() && !root_is_rawptr && var_has(NO_SLOT, root)) {"
268880,11947,21,11947,27,if guard,logos::compiler::BorrowChecker::visit,if (is_mut && !root_is_ref && !sit->is_mut_binding
268880,11947,21,11947,43,if guard,logos::compiler::BorrowChecker::visit,if (is_mut && !root_is_ref && !sit->is_mut_binding
268880,11947,21,11947,67,if guard,logos::compiler::BorrowChecker::visit,if (is_mut && !root_is_ref && !sit->is_mut_binding
268880,11947,21,11948,49,if guard,logos::compiler::BorrowChecker::visit,if (is_mut && !root_is_ref && !sit->is_mut_binding
220755,11947,31,11947,43,if guard,logos::compiler::BorrowChecker::visit,if (is_mut && !root_is_ref && !sit->is_mut_binding
30188,11947,47,11947,67,if guard,logos::compiler::BorrowChecker::visit,if (is_mut && !root_is_ref && !sit->is_mut_binding
5,11948,24,11948,49,statement,logos::compiler::BorrowChecker::visit,&& !param_names_.count(root))
4,11949,21,11951,31,diagnostic emission,logos::compiler::BorrowChecker::visit,"report(line, std::format("
268880,11954,21,11954,34,if guard,logos::compiler::BorrowChecker::visit,if (!path.empty()) {
20135,11954,36,11962,18,if guard,logos::compiler::BorrowChecker::visit,if (!path.empty()) {
20135,11955,31,11955,34,if guard,logos::compiler::BorrowChecker::visit,if (auto* hit = find_moved_overlap(
1,11956,55,11961,22,call / statement,logos::compiler::BorrowChecker::visit,"sit->moved_fields, path)) {"
268879,11971,17,12047,14,statement,logos::compiler::BorrowChecker::visit,{
268879,11973,25,11973,42,if guard,logos::compiler::BorrowChecker::visit,if (sit->mut_borrowed) {
10,11973,44,11978,22,if guard,logos::compiler::BorrowChecker::visit,if (sit->mut_borrowed) {
268869,12013,21,12047,14,if guard,logos::compiler::BorrowChecker::visit,if (is_mut && sit->mut_reservations > 0) {
268869,12013,25,12013,31,if guard,logos::compiler::BorrowChecker::visit,if (is_mut && sit->mut_reservations > 0) {
268869,12013,25,12013,60,if guard,logos::compiler::BorrowChecker::visit,if (is_mut && sit->mut_reservations > 0) {
220745,12013,35,12013,60,if guard,logos::compiler::BorrowChecker::visit,if (is_mut && sit->mut_reservations > 0) {
1,12013,62,12018,22,if guard,logos::compiler::BorrowChecker::visit,if (is_mut && sit->mut_reservations > 0) {
268868,12019,21,12047,14,if guard,logos::compiler::BorrowChecker::visit,if (is_mut && sit->shared_borrows > 0) {
268868,12019,25,12019,31,if guard,logos::compiler::BorrowChecker::visit,if (is_mut && sit->shared_borrows > 0) {
268868,12019,25,12019,58,if guard,logos::compiler::BorrowChecker::visit,if (is_mut && sit->shared_borrows > 0) {
220744,12019,35,12019,58,if guard,logos::compiler::BorrowChecker::visit,if (is_mut && sit->shared_borrows > 0) {
123,12019,60,12024,22,if guard,logos::compiler::BorrowChecker::visit,if (is_mut && sit->shared_borrows > 0) {
268745,12025,21,12047,14,loop body,logos::compiler::BorrowChecker::visit,"for (auto& [p, c] : sit->shared_field_borrows) {"
18,12025,68,12036,22,loop body,logos::compiler::BorrowChecker::visit,"for (auto& [p, c] : sit->shared_field_borrows) {"
18,12029,29,12029,35,if guard,logos::compiler::BorrowChecker::visit,"if (c <= 0 && !logos::probe::on(""sharedzero_live_addrof"")) continue;"
18,12029,29,12029,82,if guard,logos::compiler::BorrowChecker::visit,"if (c <= 0 && !logos::probe::on(""sharedzero_live_addrof"")) continue;"
7,12029,39,12029,82,if guard,logos::compiler::BorrowChecker::visit,"if (c <= 0 && !logos::probe::on(""sharedzero_live_addrof"")) continue;"
7,12029,84,12029,92,if guard,logos::compiler::BorrowChecker::visit,"if (c <= 0 && !logos::probe::on(""sharedzero_live_addrof"")) continue;"
11,12030,25,12036,22,if guard,logos::compiler::BorrowChecker::visit,"if (paths_overlap(path, p) && is_mut) {"
11,12030,29,12030,51,if guard,logos::compiler::BorrowChecker::visit,"if (paths_overlap(path, p) && is_mut) {"
11,12030,29,12030,61,if guard,logos::compiler::BorrowChecker::visit,"if (paths_overlap(path, p) && is_mut) {"
3,12030,55,12030,61,if guard,logos::compiler::BorrowChecker::visit,"if (paths_overlap(path, p) && is_mut) {"
3,12030,63,12035,26,if guard,logos::compiler::BorrowChecker::visit,"if (paths_overlap(path, p) && is_mut) {"
268742,12037,21,12047,14,loop body,logos::compiler::BorrowChecker::visit,for (auto& p : sit->mut_field_borrows) {
36,12037,60,12044,22,loop body,logos::compiler::BorrowChecker::visit,for (auto& p : sit->mut_field_borrows) {
36,12038,29,12038,51,if guard,logos::compiler::BorrowChecker::visit,"if (paths_overlap(path, p)) {"
12,12038,53,12043,26,if guard,logos::compiler::BorrowChecker::visit,"if (paths_overlap(path, p)) {"
268745,12045,21,12047,14,statement,logos::compiler::BorrowChecker::visit,addrof_temp_done:;
304774,12048,13,12054,18,if guard,logos::compiler::BorrowChecker::visit,if (inner) {
304774,12048,17,12048,22,if guard,logos::compiler::BorrowChecker::visit,if (inner) {
304774,12048,24,12053,14,if guard,logos::compiler::BorrowChecker::visit,if (inner) {
213747,12075,9,12081,18,switch arm,logos::compiler::BorrowChecker::visit,case Code::Deref: {
213747,12077,17,12077,26,if guard,logos::compiler::BorrowChecker::visit,if (consuming && !deref_move_exempt(dop) &&
213747,12077,17,12077,53,if guard,logos::compiler::BorrowChecker::visit,if (consuming && !deref_move_exempt(dop) &&
213747,12077,17,12078,67,if guard,logos::compiler::BorrowChecker::visit,if (consuming && !deref_move_exempt(dop) &&
9995,12077,30,12077,53,if guard,logos::compiler::BorrowChecker::visit,if (consuming && !deref_move_exempt(dop) &&
3118,12078,17,12078,67,call / statement,logos::compiler::BorrowChecker::visit,"is_move_type(e.type(pool), prog_, ts_, &copy_tvs_))"
18,12079,17,12079,54,diagnostic emission,logos::compiler::BorrowChecker::visit,"report(line, deref_move_message(dop));"
179369,12085,9,12738,18,switch arm,logos::compiler::BorrowChecker::visit,case Code::FieldRead: {
160861,12101,51,12104,18,call / statement,borrow_check.cpp:logos::compiler::BorrowChecker::visit,auto recv_is_raw = [&](ExprRef r) {
160861,12102,34,12102,35,statement,borrow_check.cpp:logos::compiler::BorrowChecker::visit,TypeRef rt = r ? r.type(pool) : TypeRef(nullptr);
160861,12102,38,12102,50,statement,borrow_check.cpp:logos::compiler::BorrowChecker::visit,TypeRef rt = r ? r.type(pool) : TypeRef(nullptr);
0,12102,53,12102,69,statement,borrow_check.cpp:logos::compiler::BorrowChecker::visit,TypeRef rt = r ? r.type(pool) : TypeRef(nullptr);
160861,12103,28,12103,30,early return,borrow_check.cpp:logos::compiler::BorrowChecker::visit,return rt && rt.kind() == LogosType::Kind::Ptr;
160861,12103,34,12103,67,early return,borrow_check.cpp:logos::compiler::BorrowChecker::visit,return rt && rt.kind() == LogosType::Kind::Ptr;
182030,12105,24,12105,27,loop body,logos::compiler::BorrowChecker::visit,while (cur && cur.kind() == Code::FieldRead) {
182030,12105,24,12105,60,loop body,logos::compiler::BorrowChecker::visit,while (cur && cur.kind() == Code::FieldRead) {
182030,12105,31,12105,60,loop body,logos::compiler::BorrowChecker::visit,while (cur && cur.kind() == Code::FieldRead) {
2661,12105,62,12110,18,loop body,logos::compiler::BorrowChecker::visit,while (cur && cur.kind() == Code::FieldRead) {
2661,12108,25,12108,41,if guard,logos::compiler::BorrowChecker::visit,if (recv_is_raw(cur)) raw_hop = true;
1422,12108,43,12108,57,if guard,logos::compiler::BorrowChecker::visit,if (recv_is_raw(cur)) raw_hop = true;
179369,12117,21,12117,24,if guard,logos::compiler::BorrowChecker::visit,if (cur && cur.kind() == Code::VarRef &&
179369,12117,21,12117,54,if guard,logos::compiler::BorrowChecker::visit,if (cur && cur.kind() == Code::VarRef &&
179369,12117,21,12118,29,if guard,logos::compiler::BorrowChecker::visit,if (cur && cur.kind() == Code::VarRef &&
179369,12117,21,12118,50,if guard,logos::compiler::BorrowChecker::visit,if (cur && cur.kind() == Code::VarRef &&
179369,12117,28,12117,54,if guard,logos::compiler::BorrowChecker::visit,if (cur && cur.kind() == Code::VarRef &&
159606,12118,21,12118,29,statement,logos::compiler::BorrowChecker::visit,!raw_hop && !recv_is_raw(cur)) {
158200,12118,33,12118,50,statement,logos::compiler::BorrowChecker::visit,!raw_hop && !recv_is_raw(cur)) {
141122,12118,52,12124,18,statement,logos::compiler::BorrowChecker::visit,!raw_hop && !recv_is_raw(cur)) {
283101,12120,52,12120,70,loop body,logos::compiler::BorrowChecker::visit,for (auto it2 = segs.rbegin(); it2 != segs.rend(); ++it2) {
141979,12120,72,12120,77,loop body,logos::compiler::BorrowChecker::visit,for (auto it2 = segs.rbegin(); it2 != segs.rend(); ++it2) {
141979,12120,79,12123,22,loop body,logos::compiler::BorrowChecker::visit,for (auto it2 = segs.rbegin(); it2 != segs.rend(); ++it2) {
141979,12121,29,12121,42,if guard,logos::compiler::BorrowChecker::visit,if (!path.empty()) path.push_back('.');
857,12121,44,12121,63,if guard,logos::compiler::BorrowChecker::visit,if (!path.empty()) path.push_back('.');
179369,12126,17,12126,30,if guard,logos::compiler::BorrowChecker::visit,if (!root.empty()) {
141122,12126,32,12163,14,if guard,logos::compiler::BorrowChecker::visit,if (!root.empty()) {
141122,12127,56,12127,69,if guard,logos::compiler::BorrowChecker::visit,"if (auto it = var_find(NO_SLOT, root); it != nullptr) {"
140095,12127,71,12162,18,if guard,logos::compiler::BorrowChecker::visit,"if (auto it = var_find(NO_SLOT, root); it != nullptr) {"
140095,12128,31,12128,34,if guard,logos::compiler::BorrowChecker::visit,"if (auto* hit = find_moved_overlap(it->moved_fields, path)) {"
9,12128,81,12146,22,if guard,logos::compiler::BorrowChecker::visit,"if (auto* hit = find_moved_overlap(it->moved_fields, path)) {"
9,12140,29,12140,39,if guard,logos::compiler::BorrowChecker::visit,if (into_moved || !in_addr_source_) {
9,12140,29,12140,59,if guard,logos::compiler::BorrowChecker::visit,if (into_moved || !in_addr_source_) {
4,12140,43,12140,59,if guard,logos::compiler::BorrowChecker::visit,if (into_moved || !in_addr_source_) {
8,12140,61,12145,26,if guard,logos::compiler::BorrowChecker::visit,if (into_moved || !in_addr_source_) {
140087,12147,21,12162,18,statement,logos::compiler::BorrowChecker::visit,"bool moving = consuming && is_move_type(e.type(pool), prog_, ts_, &copy_tvs_);"
140087,12147,35,12147,44,statement,logos::compiler::BorrowChecker::visit,"bool moving = consuming && is_move_type(e.type(pool), prog_, ts_, &copy_tvs_);"
81237,12147,48,12147,98,statement,logos::compiler::BorrowChecker::visit,"bool moving = consuming && is_move_type(e.type(pool), prog_, ts_, &copy_tvs_);"
140087,12153,25,12153,41,if guard,logos::compiler::BorrowChecker::visit,if (!in_addr_source_ &&
140087,12153,25,12156,72,if guard,logos::compiler::BorrowChecker::visit,if (!in_addr_source_ &&
89166,12154,25,12156,72,statement,logos::compiler::BorrowChecker::visit,"field_borrow_conflicts((*it), root, path,"
89166,12156,48,12156,54,call / statement,logos::compiler::BorrowChecker::visit,"moving ? ""move"" : ""use""))"
552,12156,57,12156,63,call / statement,logos::compiler::BorrowChecker::visit,"moving ? ""move"" : ""use""))"
88614,12156,66,12156,71,call / statement,logos::compiler::BorrowChecker::visit,"moving ? ""move"" : ""use""))"
21,12157,25,12157,30,loop exit,logos::compiler::BorrowChecker::visit,break;
140066,12158,21,12162,18,if guard,logos::compiler::BorrowChecker::visit,if (moving) {
140066,12158,25,12158,31,if guard,logos::compiler::BorrowChecker::visit,if (moving) {
551,12158,33,12161,22,if guard,logos::compiler::BorrowChecker::visit,if (moving) {
178789,12164,13,12165,18,statement,logos::compiler::BorrowChecker::visit,"visit_place_base(recv, line);"
24453,12169,9,12173,18,switch arm,logos::compiler::BorrowChecker::visit,case Code::IndexRead: {
28750,12177,9,12179,18,switch arm,logos::compiler::BorrowChecker::visit,case Code::TupleIndex:
413203,12186,9,12441,18,switch arm,logos::compiler::BorrowChecker::visit,case Code::MethodCall: {
413203,12196,17,12196,21,call / statement,logos::compiler::BorrowChecker::visit,recv && recv.kind() != Code::AddrOfTemp) {
413203,12196,17,12196,56,call / statement,logos::compiler::BorrowChecker::visit,recv && recv.kind() != Code::AddrOfTemp) {
413203,12196,25,12196,56,call / statement,logos::compiler::BorrowChecker::visit,recv && recv.kind() != Code::AddrOfTemp) {
174476,12196,58,12201,14,call / statement,logos::compiler::BorrowChecker::visit,recv && recv.kind() != Code::AddrOfTemp) {
174476,12198,21,12198,28,if guard,logos::compiler::BorrowChecker::visit,if (sk >= 1)
108666,12199,21,12200,66,statement,logos::compiler::BorrowChecker::visit,"check_recv_conflict(extract_borrow_place(recv, pool),"
413203,12235,43,12235,47,if guard,logos::compiler::BorrowChecker::visit,if (auto recv = v.receiver(); recv && method_self_kind(v) == 2) {
413203,12235,43,12235,75,if guard,logos::compiler::BorrowChecker::visit,if (auto recv = v.receiver(); recv && method_self_kind(v) == 2) {
413203,12235,51,12235,75,if guard,logos::compiler::BorrowChecker::visit,if (auto recv = v.receiver(); recv && method_self_kind(v) == 2) {
271640,12235,77,12433,14,if guard,logos::compiler::BorrowChecker::visit,if (auto recv = v.receiver(); recv && method_self_kind(v) == 2) {
271640,12244,35,12244,46,statement,logos::compiler::BorrowChecker::visit,std::string rn0 = recv_is_var
60047,12245,23,12245,70,statement,logos::compiler::BorrowChecker::visit,? std::string(lir_view::EVarRefView{recv}.name())
211593,12246,23,12246,54,statement,logos::compiler::BorrowChecker::visit,": place_write_root(recv, rn_thru);"
271640,12249,21,12249,32,if guard,logos::compiler::BorrowChecker::visit,"if (!rn.empty() && !var_has(NO_SLOT, rn)) rn = ref_place_root(rn);"
271640,12249,21,12249,57,if guard,logos::compiler::BorrowChecker::visit,"if (!rn.empty() && !var_has(NO_SLOT, rn)) rn = ref_place_root(rn);"
66095,12249,36,12249,57,if guard,logos::compiler::BorrowChecker::visit,"if (!rn.empty() && !var_has(NO_SLOT, rn)) rn = ref_place_root(rn);"
18,12249,59,12249,82,if guard,logos::compiler::BorrowChecker::visit,"if (!rn.empty() && !var_has(NO_SLOT, rn)) rn = ref_place_root(rn);"
271640,12250,36,12250,62,statement,logos::compiler::BorrowChecker::visit,uint32_t rn_slot = (recv_is_var && rn == rn0)         // Phase-1
271640,12250,37,12250,48,statement,logos::compiler::BorrowChecker::visit,uint32_t rn_slot = (recv_is_var && rn == rn0)         // Phase-1
60047,12250,52,12250,61,statement,logos::compiler::BorrowChecker::visit,uint32_t rn_slot = (recv_is_var && rn == rn0)         // Phase-1
60017,12251,23,12251,61,statement,logos::compiler::BorrowChecker::visit,? lir_view::EVarRefView{recv}.var_slot() : NO_SLOT;
211623,12251,64,12251,71,statement,logos::compiler::BorrowChecker::visit,? lir_view::EVarRefView{recv}.var_slot() : NO_SLOT;
271640,12252,21,12252,32,if guard,logos::compiler::BorrowChecker::visit,"if (!rn.empty() && var_has(rn_slot, rn)) {"
271640,12252,21,12252,56,if guard,logos::compiler::BorrowChecker::visit,"if (!rn.empty() && var_has(rn_slot, rn)) {"
66095,12252,36,12252,56,if guard,logos::compiler::BorrowChecker::visit,"if (!rn.empty() && var_has(rn_slot, rn)) {"
66085,12252,58,12331,18,if guard,logos::compiler::BorrowChecker::visit,"if (!rn.empty() && var_has(rn_slot, rn)) {"
66085,12260,25,12260,27,if guard,logos::compiler::BorrowChecker::visit,if (rt) for (auto el : rt.type_args()) elems.push_back(el);
66085,12260,29,12260,79,if guard,logos::compiler::BorrowChecker::visit,if (rt) for (auto el : rt.type_args()) elems.push_back(el);
75832,12260,60,12260,79,if guard,logos::compiler::BorrowChecker::visit,if (rt) for (auto el : rt.type_args()) elems.push_back(el);
36058,12261,56,12328,22,call / statement,borrow_check.cpp:logos::compiler::BorrowChecker::visit,v.each_arg([&](lir_view::ExprRef a){
36058,12262,29,12262,31,if guard,borrow_check.cpp:logos::compiler::BorrowChecker::visit,if (!a) return;
0,12262,33,12262,39,if guard,borrow_check.cpp:logos::compiler::BorrowChecker::visit,if (!a) return;
36058,12263,25,12328,22,statement,borrow_check.cpp:logos::compiler::BorrowChecker::visit,TypeRef at = a.type(pool);
36058,12265,29,12265,45,statement,borrow_check.cpp:logos::compiler::BorrowChecker::visit,!is_ref_kind(at) && is_borrow_carrying_type(at);
35630,12265,49,12265,76,statement,borrow_check.cpp:logos::compiler::BorrowChecker::visit,!is_ref_kind(at) && is_borrow_carrying_type(at);
36058,12267,29,12267,44,if guard,borrow_check.cpp:logos::compiler::BorrowChecker::visit,if (is_ref_kind(at))
428,12268,29,12269,81,loop body,borrow_check.cpp:logos::compiler::BorrowChecker::visit,for (auto el : elems)
424,12269,33,12269,81,if guard,borrow_check.cpp:logos::compiler::BorrowChecker::visit,if (at == el) { stored_ref_elem = true; break; }
424,12269,37,12269,45,if guard,borrow_check.cpp:logos::compiler::BorrowChecker::visit,if (at == el) { stored_ref_elem = true; break; }
404,12269,47,12269,81,if guard,borrow_check.cpp:logos::compiler::BorrowChecker::visit,if (at == el) { stored_ref_elem = true; break; }
36058,12270,29,12270,40,if guard,borrow_check.cpp:logos::compiler::BorrowChecker::visit,if (by_value_bc)
102,12271,29,12271,62,statement,borrow_check.cpp:logos::compiler::BorrowChecker::visit,"cap = merge_prov(cap, prov_of(a));"
36058,12275,29,12275,40,if guard,borrow_check.cpp:logos::compiler::BorrowChecker::visit,if (by_value_bc || stored_ref_elem)
36058,12275,29,12275,59,if guard,borrow_check.cpp:logos::compiler::BorrowChecker::visit,if (by_value_bc || stored_ref_elem)
35956,12275,44,12275,59,if guard,borrow_check.cpp:logos::compiler::BorrowChecker::visit,if (by_value_bc || stored_ref_elem)
506,12276,29,12276,72,statement,borrow_check.cpp:logos::compiler::BorrowChecker::visit,"add_ref_sources(rn, std::string{}, a, line);"
36058,12322,29,12322,40,if guard,borrow_check.cpp:logos::compiler::BorrowChecker::visit,if (by_value_bc) {
102,12322,42,12327,26,if guard,borrow_check.cpp:logos::compiler::BorrowChecker::visit,if (by_value_bc) {
58,12325,51,12325,77,loop body,borrow_check.cpp:logos::compiler::BorrowChecker::visit,"for (auto& r : roots) inherit_loans(r, rn, line);"
66085,12329,25,12329,44,if guard,logos::compiler::BorrowChecker::visit,if (!cap.params.empty() || cap.is_local || cap.is_temp)
66085,12329,25,12329,60,if guard,logos::compiler::BorrowChecker::visit,if (!cap.params.empty() || cap.is_local || cap.is_temp)
66085,12329,25,12329,75,if guard,logos::compiler::BorrowChecker::visit,if (!cap.params.empty() || cap.is_local || cap.is_temp)
66078,12329,48,12329,60,if guard,logos::compiler::BorrowChecker::visit,if (!cap.params.empty() || cap.is_local || cap.is_temp)
66058,12329,64,12329,75,if guard,logos::compiler::BorrowChecker::visit,if (!cap.params.empty() || cap.is_local || cap.is_temp)
27,12330,25,12330,63,statement,logos::compiler::BorrowChecker::visit,"prov_[rn] = merge_prov(prov_[rn], cap);"
271640,12377,41,12377,52,statement,logos::compiler::BorrowChecker::visit,std::string rn086 = recv_is_var
60047,12378,27,12378,74,statement,logos::compiler::BorrowChecker::visit,? std::string(lir_view::EVarRefView{recv}.name())
211593,12379,27,12379,50,statement,logos::compiler::BorrowChecker::visit,: flow_operand_root(recv);
271640,12381,25,12381,38,if guard,logos::compiler::BorrowChecker::visit,"if (!rn86.empty() && !var_has(NO_SLOT, rn86))"
271640,12381,25,12381,65,if guard,logos::compiler::BorrowChecker::visit,"if (!rn86.empty() && !var_has(NO_SLOT, rn86))"
265576,12381,42,12381,65,if guard,logos::compiler::BorrowChecker::visit,"if (!rn86.empty() && !var_has(NO_SLOT, rn86))"
59,12382,25,12382,52,statement,logos::compiler::BorrowChecker::visit,rn86 = ref_place_root(rn86);
271640,12383,42,12383,72,call / statement,logos::compiler::BorrowChecker::visit,uint32_t rn86_slot = (recv_is_var && rn86 == rn086)
271640,12383,43,12383,54,call / statement,logos::compiler::BorrowChecker::visit,uint32_t rn86_slot = (recv_is_var && rn86 == rn086)
60047,12383,58,12383,71,call / statement,logos::compiler::BorrowChecker::visit,uint32_t rn86_slot = (recv_is_var && rn86 == rn086)
60017,12384,27,12384,65,statement,logos::compiler::BorrowChecker::visit,? lir_view::EVarRefView{recv}.var_slot() : NO_SLOT;
211623,12384,68,12384,75,statement,logos::compiler::BorrowChecker::visit,? lir_view::EVarRefView{recv}.var_slot() : NO_SLOT;
271640,12385,25,12385,38,if guard,logos::compiler::BorrowChecker::visit,"if (!rn86.empty() && var_has(rn86_slot, rn86)) {"
271640,12385,25,12385,66,if guard,logos::compiler::BorrowChecker::visit,"if (!rn86.empty() && var_has(rn86_slot, rn86)) {"
265576,12385,42,12385,66,if guard,logos::compiler::BorrowChecker::visit,"if (!rn86.empty() && var_has(rn86_slot, rn86)) {"
265550,12385,68,12431,22,if guard,logos::compiler::BorrowChecker::visit,"if (!rn86.empty() && var_has(rn86_slot, rn86)) {"
465015,12402,42,12402,48,loop body,logos::compiler::BorrowChecker::visit,for (int pk = 0; pk < 4 && rt86 && is_ref_kind(rt86) &&
465015,12402,42,12402,56,loop body,logos::compiler::BorrowChecker::visit,for (int pk = 0; pk < 4 && rt86 && is_ref_kind(rt86) &&
465015,12402,42,12402,77,loop body,logos::compiler::BorrowChecker::visit,for (int pk = 0; pk < 4 && rt86 && is_ref_kind(rt86) &&
465015,12402,42,12403,77,loop body,logos::compiler::BorrowChecker::visit,for (int pk = 0; pk < 4 && rt86 && is_ref_kind(rt86) &&
465015,12402,52,12402,56,loop body,logos::compiler::BorrowChecker::visit,for (int pk = 0; pk < 4 && rt86 && is_ref_kind(rt86) &&
265550,12402,60,12402,77,loop body,logos::compiler::BorrowChecker::visit,for (int pk = 0; pk < 4 && rt86 && is_ref_kind(rt86) &&
199564,12403,34,12403,77,call / statement,logos::compiler::BorrowChecker::visit,rt86.kind() != LogosType::Kind::TraitObject; ++pk)
199465,12403,79,12403,83,call / statement,logos::compiler::BorrowChecker::visit,rt86.kind() != LogosType::Kind::TraitObject; ++pk)
199465,12404,29,12404,47,statement,logos::compiler::BorrowChecker::visit,rt86 = rt86.elem();
265550,12406,29,12406,33,if guard,logos::compiler::BorrowChecker::visit,if (rt86) for (auto el : rt86.type_args()) el86.push_back(el);
66085,12406,35,12406,86,if guard,logos::compiler::BorrowChecker::visit,if (rt86) for (auto el : rt86.type_args()) el86.push_back(el);
75832,12406,68,12406,86,if guard,logos::compiler::BorrowChecker::visit,if (rt86) for (auto el : rt86.type_args()) el86.push_back(el);
265550,12407,29,12407,41,if guard,logos::compiler::BorrowChecker::visit,if (el86.empty())
200401,12408,29,12409,84,if guard,logos::compiler::BorrowChecker::visit,if (TypeRef ht86 = holder_ty_of(rn86))
200401,12408,41,12408,45,if guard,logos::compiler::BorrowChecker::visit,if (TypeRef ht86 = holder_ty_of(rn86))
28315,12409,33,12409,84,loop body,logos::compiler::BorrowChecker::visit,for (auto el : ht86.type_args()) el86.push_back(el);
4595,12409,66,12409,84,loop body,logos::compiler::BorrowChecker::visit,for (auto el : ht86.type_args()) el86.push_back(el);
223523,12410,60,12430,26,call / statement,borrow_check.cpp:logos::compiler::BorrowChecker::visit,v.each_arg([&](lir_view::ExprRef a){
223523,12411,33,12411,35,if guard,borrow_check.cpp:logos::compiler::BorrowChecker::visit,if (!a) return;
0,12411,37,12411,43,if guard,borrow_check.cpp:logos::compiler::BorrowChecker::visit,if (!a) return;
223523,12412,29,12430,26,statement,borrow_check.cpp:logos::compiler::BorrowChecker::visit,TypeRef at = a.type(pool);
223523,12414,33,12414,49,statement,borrow_check.cpp:logos::compiler::BorrowChecker::visit,!is_ref_kind(at) && is_borrow_carrying_type(at);
61740,12414,53,12414,80,statement,borrow_check.cpp:logos::compiler::BorrowChecker::visit,!is_ref_kind(at) && is_borrow_carrying_type(at);
39787,12425,33,12425,79,if guard,borrow_check.cpp:logos::compiler::BorrowChecker::visit,if (at == el) { stored_elem86 = true; break; }
39787,12425,37,12425,45,if guard,borrow_check.cpp:logos::compiler::BorrowChecker::visit,if (at == el) { stored_elem86 = true; break; }
38767,12425,47,12425,79,if guard,borrow_check.cpp:logos::compiler::BorrowChecker::visit,if (at == el) { stored_elem86 = true; break; }
223523,12426,33,12426,63,if guard,borrow_check.cpp:logos::compiler::BorrowChecker::visit,if ((by_value_bc || stored_elem86) &&
223523,12426,33,12427,58,if guard,borrow_check.cpp:logos::compiler::BorrowChecker::visit,if ((by_value_bc || stored_elem86) &&
223523,12426,34,12426,45,if guard,borrow_check.cpp:logos::compiler::BorrowChecker::visit,if ((by_value_bc || stored_elem86) &&
222899,12426,49,12426,62,if guard,borrow_check.cpp:logos::compiler::BorrowChecker::visit,if ((by_value_bc || stored_elem86) &&
39272,12427,33,12427,58,call / statement,borrow_check.cpp:logos::compiler::BorrowChecker::visit,type_may_carry_borrow(at))
2984,12428,33,12429,78,statement,borrow_check.cpp:logos::compiler::BorrowChecker::visit,"note_holder_escape_prov(rn86, holder_ty_of(rn86),"
352561,12438,42,12438,63,statement,borrow_check.cpp:logos::compiler::BorrowChecker::visit,v.each_arg([&](ExprRef a){ ops.push_back(a); });
3744744,12445,9,12507,18,switch arm,logos::compiler::BorrowChecker::visit,case Code::Call: {
3744744,12452,17,12452,46,statement,logos::compiler::BorrowChecker::visit,it != fn_index_.by_name.end() && it->second &&
3744744,12452,17,12452,60,statement,logos::compiler::BorrowChecker::visit,it != fn_index_.by_name.end() && it->second &&
3744744,12452,17,12453,45,statement,logos::compiler::BorrowChecker::visit,it != fn_index_.by_name.end() && it->second &&
3478539,12452,50,12452,60,statement,logos::compiler::BorrowChecker::visit,it != fn_index_.by_name.end() && it->second &&
3478539,12453,17,12453,45,statement,logos::compiler::BorrowChecker::visit,!it->second.params().empty()) {
3432831,12453,47,12484,14,statement,logos::compiler::BorrowChecker::visit,!it->second.params().empty()) {
3432831,12470,31,12470,33,statement,logos::compiler::BorrowChecker::visit,bool p0_ref = p0 && (p0.kind() == LogosType::Kind::Ref ||
3432831,12470,37,12471,75,statement,logos::compiler::BorrowChecker::visit,bool p0_ref = p0 && (p0.kind() == LogosType::Kind::Ref ||
3432831,12470,38,12470,71,statement,logos::compiler::BorrowChecker::visit,bool p0_ref = p0 && (p0.kind() == LogosType::Kind::Ref ||
3223724,12471,38,12471,74,statement,logos::compiler::BorrowChecker::visit,p0.kind() == LogosType::Kind::MutRef);
3432831,12472,21,12473,38,if guard,logos::compiler::BorrowChecker::visit,if ((p0 && p0.kind() == LogosType::Kind::DstRef &&
3432831,12472,21,12473,57,if guard,logos::compiler::BorrowChecker::visit,if ((p0 && p0.kind() == LogosType::Kind::DstRef &&
3432831,12472,22,12472,24,if guard,logos::compiler::BorrowChecker::visit,if ((p0 && p0.kind() == LogosType::Kind::DstRef &&
3432831,12472,22,12472,64,if guard,logos::compiler::BorrowChecker::visit,if ((p0 && p0.kind() == LogosType::Kind::DstRef &&
3432831,12472,28,12472,64,if guard,logos::compiler::BorrowChecker::visit,if ((p0 && p0.kind() == LogosType::Kind::DstRef &&
1938,12473,21,12473,37,statement,logos::compiler::BorrowChecker::visit,!p0.owning_dst()) || (gcf && p0_ref)) {
3430893,12473,42,12473,57,statement,logos::compiler::BorrowChecker::visit,!p0.owning_dst()) || (gcf && p0_ref)) {
3430893,12473,43,12473,46,statement,logos::compiler::BorrowChecker::visit,!p0.owning_dst()) || (gcf && p0_ref)) {
0,12473,50,12473,56,statement,logos::compiler::BorrowChecker::visit,!p0.owning_dst()) || (gcf && p0_ref)) {
1938,12473,59,12483,18,statement,logos::compiler::BorrowChecker::visit,!p0.owning_dst()) || (gcf && p0_ref)) {
3804,12475,47,12475,74,statement,borrow_check.cpp:logos::compiler::BorrowChecker::visit,cv.each_arg([&](ExprRef a){ if (ai0++ == 0) a0 = a; });
3804,12475,53,12475,63,statement,borrow_check.cpp:logos::compiler::BorrowChecker::visit,cv.each_arg([&](ExprRef a){ if (ai0++ == 0) a0 = a; });
1938,12475,65,12475,71,statement,borrow_check.cpp:logos::compiler::BorrowChecker::visit,cv.each_arg([&](ExprRef a){ if (ai0++ == 0) a0 = a; });
1938,12476,25,12476,28,if guard,logos::compiler::BorrowChecker::visit,if (gcf && a0 && a0.kind() == Code::AddrOfTemp)
1938,12476,25,12476,34,if guard,logos::compiler::BorrowChecker::visit,if (gcf && a0 && a0.kind() == Code::AddrOfTemp)
1938,12476,25,12476,67,if guard,logos::compiler::BorrowChecker::visit,if (gcf && a0 && a0.kind() == Code::AddrOfTemp)
0,12476,32,12476,34,if guard,logos::compiler::BorrowChecker::visit,if (gcf && a0 && a0.kind() == Code::AddrOfTemp)
0,12476,38,12476,67,if guard,logos::compiler::BorrowChecker::visit,if (gcf && a0 && a0.kind() == Code::AddrOfTemp)
0,12477,25,12477,57,statement,logos::compiler::BorrowChecker::visit,a0 = EAddrOfTempView{a0}.inner();
1938,12478,25,12478,27,if guard,logos::compiler::BorrowChecker::visit,if (a0)
1938,12479,25,12482,50,statement,logos::compiler::BorrowChecker::visit,"check_recv_conflict(extract_borrow_place(a0, pool),"
1938,12480,56,12480,68,statement,logos::compiler::BorrowChecker::visit,/*is_mut=*/p0.mut_ptr() ||
1887,12481,47,12481,92,statement,logos::compiler::BorrowChecker::visit,"(gcf && p0.kind() == LogosType::Kind::MutRef),"
1887,12481,48,12481,51,statement,logos::compiler::BorrowChecker::visit,"(gcf && p0.kind() == LogosType::Kind::MutRef),"
0,12481,55,12481,91,statement,logos::compiler::BorrowChecker::visit,"(gcf && p0.kind() == LogosType::Kind::MutRef),"
5287818,12504,43,12504,64,statement,borrow_check.cpp:logos::compiler::BorrowChecker::visit,cv.each_arg([&](ExprRef a){ ops.push_back(a); });
2408,12511,9,12515,18,switch arm,logos::compiler::BorrowChecker::visit,case Code::ClosureCall: {
2803869,12519,9,12534,18,switch arm,logos::compiler::BorrowChecker::visit,case Code::FnPtrCall: {
1830424,12531,42,12531,63,statement,borrow_check.cpp:logos::compiler::BorrowChecker::visit,v.each_arg([&](ExprRef a){ ops.push_back(a); });
298763,12538,9,12542,18,switch arm,logos::compiler::BorrowChecker::visit,case Code::BinOp: {
186457,12544,9,12546,18,switch arm,logos::compiler::BorrowChecker::visit,case Code::Unary:
170787,12549,9,12565,18,switch arm,logos::compiler::BorrowChecker::visit,case Code::Cast: {
170787,12553,26,12553,28,statement,logos::compiler::BorrowChecker::visit,TypeRef ot = op ? op.type(pool) : TypeRef(nullptr);
170787,12553,31,12553,44,statement,logos::compiler::BorrowChecker::visit,TypeRef ot = op ? op.type(pool) : TypeRef(nullptr);
0,12553,47,12553,63,statement,logos::compiler::BorrowChecker::visit,TypeRef ot = op ? op.type(pool) : TypeRef(nullptr);
170787,12561,31,12561,33,statement,logos::compiler::BorrowChecker::visit,bool ref_to_ptr = ot && (ot.kind() == LogosType::Kind::Ref ||
170787,12561,31,12562,75,statement,logos::compiler::BorrowChecker::visit,bool ref_to_ptr = ot && (ot.kind() == LogosType::Kind::Ref ||
170787,12561,31,12563,33,statement,logos::compiler::BorrowChecker::visit,bool ref_to_ptr = ot && (ot.kind() == LogosType::Kind::Ref ||
170787,12561,37,12562,75,statement,logos::compiler::BorrowChecker::visit,bool ref_to_ptr = ot && (ot.kind() == LogosType::Kind::Ref ||
170787,12561,38,12561,71,statement,logos::compiler::BorrowChecker::visit,bool ref_to_ptr = ot && (ot.kind() == LogosType::Kind::Ref ||
163672,12562,38,12562,74,statement,logos::compiler::BorrowChecker::visit,ot.kind() == LogosType::Kind::MutRef) &&
10003,12563,31,12563,33,statement,logos::compiler::BorrowChecker::visit,tt && tt.kind() == LogosType::Kind::Ptr;
10003,12563,37,12563,70,statement,logos::compiler::BorrowChecker::visit,tt && tt.kind() == LogosType::Kind::Ptr;
170787,12564,23,12564,32,statement,logos::compiler::BorrowChecker::visit,"visit(op, consuming && !ref_to_ptr, line);"
160402,12564,36,12564,47,statement,logos::compiler::BorrowChecker::visit,"visit(op, consuming && !ref_to_ptr, line);"
1100989,12569,9,12573,18,switch arm,logos::compiler::BorrowChecker::visit,case Code::StructLit:
1196585,12570,64,12572,14,call / statement,borrow_check.cpp:logos::compiler::BorrowChecker::visit,EStructLitView{e}.each_field_value([&](ExprRef fv) {
532,12576,9,12580,18,switch arm,logos::compiler::BorrowChecker::visit,case Code::ArrLit:
16349,12577,54,12579,14,call / statement,borrow_check.cpp:logos::compiler::BorrowChecker::visit,EArrLitView{e}.each_elem([&](ExprRef el) {
6734,12583,9,12587,18,switch arm,logos::compiler::BorrowChecker::visit,case Code::TupleLit:
5950,12584,56,12586,14,call / statement,borrow_check.cpp:logos::compiler::BorrowChecker::visit,ETupleLitView{e}.each_elem([&](ExprRef el) {
3588265,12590,9,12594,18,switch arm,logos::compiler::BorrowChecker::visit,case Code::EnumLitData:
2820109,12591,62,12593,14,call / statement,borrow_check.cpp:logos::compiler::BorrowChecker::visit,EEnumLitDataView{e}.each_payload([&](ExprRef pl) {
6795,12597,9,12611,18,switch arm,logos::compiler::BorrowChecker::visit,case Code::IfExpr: {
7615,12615,9,12663,18,switch arm,logos::compiler::BorrowChecker::visit,case Code::MatchExpr: {
15310,12623,46,12651,14,call / statement,borrow_check.cpp:logos::compiler::BorrowChecker::visit,v.each_arm([&](EMatchArmRef arm) {
15310,12630,26,12630,27,if guard,borrow_check.cpp:logos::compiler::BorrowChecker::visit,"if (auto g = arm.guard()) visit(g, /*consuming=*/true, line);"
106,12630,43,12630,77,if guard,borrow_check.cpp:logos::compiler::BorrowChecker::visit,"if (auto g = arm.guard()) visit(g, /*consuming=*/true, line);"
15310,12639,21,12639,28,if guard,borrow_check.cpp:logos::compiler::BorrowChecker::visit,if (arm_div) return;
6590,12639,30,12639,36,if guard,borrow_check.cpp:logos::compiler::BorrowChecker::visit,if (arm_div) return;
8720,12640,17,12651,14,if guard,borrow_check.cpp:logos::compiler::BorrowChecker::visit,if (!merged_s) {
8720,12640,21,12640,30,if guard,borrow_check.cpp:logos::compiler::BorrowChecker::visit,if (!merged_s) {
7615,12640,32,12643,18,if guard,borrow_check.cpp:logos::compiler::BorrowChecker::visit,if (!merged_s) {
1105,12643,24,12650,18,else branch,borrow_check.cpp:logos::compiler::BorrowChecker::visit,} else {
2654,12644,94,12647,22,call / statement,borrow_check.cpp:logos::compiler::BorrowChecker::visit,"states_.for_each([&](uint32_t slot, std::string_view name, VarState& st) {"
2654,12645,29,12645,37,if guard,borrow_check.cpp:logos::compiler::BorrowChecker::visit,"if (st.moved && saved_s.has_id(slot, name))"
2654,12645,29,12645,67,if guard,borrow_check.cpp:logos::compiler::BorrowChecker::visit,"if (st.moved && saved_s.has_id(slot, name))"
1,12645,41,12645,67,if guard,borrow_check.cpp:logos::compiler::BorrowChecker::visit,"if (st.moved && saved_s.has_id(slot, name))"
1,12646,29,12646,61,statement,borrow_check.cpp:logos::compiler::BorrowChecker::visit,"merged_s->at_id(slot, name) = st;"
7615,12652,17,12652,25,if guard,logos::compiler::BorrowChecker::visit,if (merged_s) {
7615,12652,27,12659,14,if guard,logos::compiler::BorrowChecker::visit,if (merged_s) {
99681,12655,92,12657,18,call / statement,borrow_check.cpp:logos::compiler::BorrowChecker::visit,"merged_s->for_each([&](uint32_t slot, std::string_view name, VarState& st) {"
99681,12656,25,12656,51,if guard,borrow_check.cpp:logos::compiler::BorrowChecker::visit,"if (saved_s.has_id(slot, name)) states_.at_id(slot, name) = st;"
99681,12656,53,12656,83,if guard,borrow_check.cpp:logos::compiler::BorrowChecker::visit,"if (saved_s.has_id(slot, name)) states_.at_id(slot, name) = st;"
0,12659,20,12662,14,else branch,logos::compiler::BorrowChecker::visit,} else {
0,12667,9,12669,18,switch arm,logos::compiler::BorrowChecker::visit,case Code::Try:
312,12672,9,12676,18,switch arm,logos::compiler::BorrowChecker::visit,case Code::SliceLit: {
20349,12678,9,12682,18,switch arm,logos::compiler::BorrowChecker::visit,case Code::SliceIndex: {
8379,12684,9,12686,18,switch arm,logos::compiler::BorrowChecker::visit,case Code::SliceLen:
1564,12687,9,12689,18,switch arm,logos::compiler::BorrowChecker::visit,case Code::SlicePtr:
0,12692,9,12696,18,switch arm,logos::compiler::BorrowChecker::visit,case Code::FormatCall: {
259,12700,9,12726,18,switch arm,logos::compiler::BorrowChecker::visit,case Code::ClosureBox:
97,12701,76,12703,14,call / statement,borrow_check.cpp:logos::compiler::BorrowChecker::visit,EClosureBoxView{e}.each_capture_name([&](std::string_view cap) {
61740,12729,9,12733,18,switch arm,logos::compiler::BorrowChecker::visit,case Code::BlockExpr: {
61740,12731,22,12731,24,if guard,logos::compiler::BorrowChecker::visit,if (auto br = v.block()) visit_block(br);
61740,12731,38,12731,53,if guard,logos::compiler::BorrowChecker::visit,if (auto br = v.block()) visit_block(br);
61740,12732,22,12732,23,if guard,logos::compiler::BorrowChecker::visit,"if (auto r = v.result()) visit(r, consuming, line);"
56706,12732,38,12732,63,if guard,logos::compiler::BorrowChecker::visit,"if (auto r = v.result()) visit(r, consuming, line);"
10433791,12737,9,12738,18,switch arm,logos::compiler::BorrowChecker::visit,default:
14435,12744,77,12908,2,call / statement,logos::compiler::borrow_check,"lir::LProgram borrow_check(lir::LProgram prog, bool generic_templates_only) {"
14435,12783,13,12783,49,if guard,logos::compiler::borrow_check,"if (std::getenv(""LOGOS_DUMP_FLOW_ITERS""))"
0,12784,13,12785,74,statement,logos::compiler::borrow_check,"fprintf(stderr, ""[flow-iters] fns=%zu rounds=%u max_body_passes=%u\n"","
0,12784,21,12784,21,statement,logos::compiler::borrow_check,"fprintf(stderr, ""[flow-iters] fns=%zu rounds=%u max_body_passes=%u\n"","
14435,12786,25,12786,27,if guard,logos::compiler::borrow_check,"if (const char* df = std::getenv(""LOGOS_DUMP_FLOWS"")) {"
0,12786,63,12803,10,if guard,logos::compiler::borrow_check,"if (const char* df = std::getenv(""LOGOS_DUMP_FLOWS"")) {"
0,12788,41,12802,14,loop body,logos::compiler::borrow_check,"for (auto& [nm, s] : flows) {"
0,12789,21,12789,32,if guard,logos::compiler::borrow_check,"if (filt != ""1"" && nm.find(filt) == std::string::npos) continue;"
0,12789,21,12789,70,if guard,logos::compiler::borrow_check,"if (filt != ""1"" && nm.find(filt) == std::string::npos) continue;"
0,12789,36,12789,70,if guard,logos::compiler::borrow_check,"if (filt != ""1"" && nm.find(filt) == std::string::npos) continue;"
0,12789,72,12789,80,if guard,logos::compiler::borrow_check,"if (filt != ""1"" && nm.find(filt) == std::string::npos) continue;"
0,12790,17,12802,14,if guard,logos::compiler::borrow_check,"if (!s.available) { fprintf(stderr, ""[flow] %s: UNAVAILABLE\n"", nm.c_str()); continue; }"
0,12790,21,12790,33,if guard,logos::compiler::borrow_check,"if (!s.available) { fprintf(stderr, ""[flow] %s: UNAVAILABLE\n"", nm.c_str()); continue; }"
0,12790,35,12790,105,if guard,logos::compiler::borrow_check,"if (!s.available) { fprintf(stderr, ""[flow] %s: UNAVAILABLE\n"", nm.c_str()); continue; }"
0,12790,45,12790,45,if guard,logos::compiler::borrow_check,"if (!s.available) { fprintf(stderr, ""[flow] %s: UNAVAILABLE\n"", nm.c_str()); continue; }"
0,12791,17,12802,14,if guard,logos::compiler::borrow_check,"if (filt == ""1"" && !s.to_result && [&]{"
0,12791,21,12791,32,if guard,logos::compiler::borrow_check,"if (filt == ""1"" && !s.to_result && [&]{"
0,12791,21,12791,48,if guard,logos::compiler::borrow_check,"if (filt == ""1"" && !s.to_result && [&]{"
0,12791,21,12793,41,if guard,logos::compiler::borrow_check,"if (filt == ""1"" && !s.to_result && [&]{"
0,12791,36,12791,48,if guard,logos::compiler::borrow_check,"if (filt == ""1"" && !s.to_result && [&]{"
0,12791,52,12793,41,if guard,logos::compiler::borrow_check,"if (filt == ""1"" && !s.to_result && [&]{"
0,12791,55,12793,39,if guard,borrow_check.cpp:logos::compiler::borrow_check,"if (filt == ""1"" && !s.to_result && [&]{"
0,12792,54,12792,73,loop body,borrow_check.cpp:logos::compiler::borrow_check,for (auto m : s.to_outparam) if (m) return false;
0,12792,58,12792,59,loop body,borrow_check.cpp:logos::compiler::borrow_check,for (auto m : s.to_outparam) if (m) return false;
0,12792,61,12792,73,loop body,borrow_check.cpp:logos::compiler::borrow_check,for (auto m : s.to_outparam) if (m) return false;
0,12793,25,12793,36,early return,borrow_check.cpp:logos::compiler::borrow_check,return true; }()) continue;
0,12793,43,12793,51,early return,logos::compiler::borrow_check,return true; }()) continue;
0,12794,17,12802,14,statement,logos::compiler::borrow_check,"fprintf(stderr, ""[flow] %s: result<-%#llx"", nm.c_str(),"
0,12794,25,12794,25,statement,logos::compiler::borrow_check,"fprintf(stderr, ""[flow] %s: result<-%#llx"", nm.c_str(),"
0,12796,38,12796,51,loop body,logos::compiler::borrow_check,for (uint32_t j = 0; j < s.nparams; ++j)
0,12796,53,12796,56,loop body,logos::compiler::borrow_check,for (uint32_t j = 0; j < s.nparams; ++j)
0,12797,21,12799,70,if guard,logos::compiler::borrow_check,if (s.to_outparam[j])
0,12797,25,12797,41,if guard,logos::compiler::borrow_check,if (s.to_outparam[j])
0,12798,25,12799,70,statement,logos::compiler::borrow_check,"fprintf(stderr, "" out%u<-%#llx"", j,"
0,12798,33,12798,33,statement,logos::compiler::borrow_check,"fprintf(stderr, "" out%u<-%#llx"", j,"
0,12800,25,12800,25,statement,logos::compiler::borrow_check,"fprintf(stderr, ""%s  (rounds=%u)\n"","
0,12801,25,12801,38,statement,logos::compiler::borrow_check,"s.over_approx ? ""  OVER"" : ""  EXACT"", fs.rounds_used());"
0,12801,41,12801,49,statement,logos::compiler::borrow_check,"s.over_approx ? ""  OVER"" : ""  EXACT"", fs.rounds_used());"
0,12801,52,12801,61,statement,logos::compiler::borrow_check,"s.over_approx ? ""  OVER"" : ""  EXACT"", fs.rounds_used());"
73693199,12806,49,12866,6,call / statement,borrow_check.cpp:logos::compiler::borrow_check,auto check = [&](lir_view::FunctionView fn) {
73693199,12807,13,12807,27,if guard,borrow_check.cpp:logos::compiler::borrow_check,if (fn.is_extern())           return;
1255888,12807,39,12807,45,if guard,borrow_check.cpp:logos::compiler::borrow_check,if (fn.is_extern())           return;
72437311,12814,9,12866,6,if guard,borrow_check.cpp:logos::compiler::borrow_check,if (fn.from_binary_module())  return;
72437311,12814,13,12814,36,if guard,borrow_check.cpp:logos::compiler::borrow_check,if (fn.from_binary_module())  return;
25618802,12814,39,12814,45,if guard,borrow_check.cpp:logos::compiler::borrow_check,if (fn.from_binary_module())  return;
46818509,12815,9,12866,6,statement,borrow_check.cpp:logos::compiler::borrow_check,bool is_generic = !fn.type_params_empty();
46818509,12822,13,12822,49,if guard,borrow_check.cpp:logos::compiler::borrow_check,if (generic_templates_only != is_generic) return;
49269,12822,51,12822,57,if guard,borrow_check.cpp:logos::compiler::borrow_check,if (generic_templates_only != is_generic) return;
46769240,12830,9,12866,6,statement,borrow_check.cpp:logos::compiler::borrow_check,RegionInferer ri;
46769240,12831,13,12831,36,if guard,borrow_check.cpp:logos::compiler::borrow_check,if (!generic_templates_only)
46765857,12832,13,12832,33,statement,borrow_check.cpp:logos::compiler::borrow_check,"ri.analyze(fn, prog);"
46769240,12835,23,12835,45,statement,borrow_check.cpp:logos::compiler::borrow_check,"generic_templates_only ? nullptr : &ri,"
3383,12835,48,12835,55,statement,borrow_check.cpp:logos::compiler::borrow_check,"generic_templates_only ? nullptr : &ri,"
46765857,12835,58,12835,61,statement,borrow_check.cpp:logos::compiler::borrow_check,"generic_templates_only ? nullptr : &ri,"
46769240,12837,13,12837,35,if guard,borrow_check.cpp:logos::compiler::borrow_check,if (generic_templates_only) return;
3383,12837,37,12837,43,if guard,borrow_check.cpp:logos::compiler::borrow_check,if (generic_templates_only) return;
46765857,12838,9,12866,6,if guard,borrow_check.cpp:logos::compiler::borrow_check,"if (std::getenv(""LOGOS_DUMP_REGIONS""))"
46765857,12838,13,12838,46,if guard,borrow_check.cpp:logos::compiler::borrow_check,"if (std::getenv(""LOGOS_DUMP_REGIONS""))"
0,12839,13,12839,58,statement,borrow_check.cpp:logos::compiler::borrow_check,ri.dump(std::string(bare_fn_name(fn.name())));
57,12846,35,12865,10,loop body,borrow_check.cpp:logos::compiler::borrow_check,for (auto& c : conflicts) {
57,12849,17,12849,57,if guard,borrow_check.cpp:logos::compiler::borrow_check,if (second->origin_line < first->origin_line)
0,12850,17,12850,41,statement,borrow_check.cpp:logos::compiler::borrow_check,"std::swap(first, second);"
57,12851,39,12851,52,statement,borrow_check.cpp:logos::compiler::borrow_check,"const char* kind_first  = first->is_mut  ? ""mutable"" : ""shared"";"
44,12851,56,12851,65,statement,borrow_check.cpp:logos::compiler::borrow_check,"const char* kind_first  = first->is_mut  ? ""mutable"" : ""shared"";"
13,12851,68,12851,76,statement,borrow_check.cpp:logos::compiler::borrow_check,"const char* kind_first  = first->is_mut  ? ""mutable"" : ""shared"";"
57,12852,39,12852,53,statement,borrow_check.cpp:logos::compiler::borrow_check,"const char* kind_second = second->is_mut ? ""mutable"" : ""shared"";"
45,12852,56,12852,65,statement,borrow_check.cpp:logos::compiler::borrow_check,"const char* kind_second = second->is_mut ? ""mutable"" : ""shared"";"
12,12852,68,12852,76,statement,borrow_check.cpp:logos::compiler::borrow_check,"const char* kind_second = second->is_mut ? ""mutable"" : ""shared"";"
57,12854,17,12854,50,if guard,borrow_check.cpp:logos::compiler::borrow_check,"if (target_label.starts_with(""<temp"")) target_label = ""temporary"";"
0,12854,52,12854,78,if guard,borrow_check.cpp:logos::compiler::borrow_check,"if (target_label.starts_with(""<temp"")) target_label = ""temporary"";"
38403212,12868,43,12868,52,loop body,logos::compiler::borrow_check,for (auto& fn : prog.functions)       check(fn);
10,12869,43,12869,52,loop body,logos::compiler::borrow_check,for (auto& fn : prog.specializations) check(fn);
14962001,12871,9,12871,68,statement,logos::compiler::borrow_check,sd.each_method([&](lir_view::FunctionView m) { check(m); });
35289977,12871,54,12871,67,statement,borrow_check.cpp:logos::compiler::borrow_check,sd.each_method([&](lir_view::FunctionView m) { check(m); });
2140,12882,28,12887,10,loop body,logos::compiler::borrow_check,for (auto& d : ds) {
2140,12886,17,12886,40,if guard,logos::compiler::borrow_check,if (seen.insert(key).second) uniq.push_back(std::move(d));
1750,12886,42,12886,70,if guard,logos::compiler::borrow_check,if (seen.insert(key).second) uniq.push_back(std::move(d));
14435,12892,9,12892,45,if guard,logos::compiler::borrow_check,"if (std::getenv(""LOGOS_DUMP_BC_THRUREF""))"
0,12893,9,12894,73,statement,logos::compiler::borrow_check,"fprintf(stderr, ""[bc-thruref] fired=%llu\n"","
0,12893,17,12893,17,statement,logos::compiler::borrow_check,"fprintf(stderr, ""[bc-thruref] fired=%llu\n"","
14435,12897,9,12897,48,if guard,logos::compiler::borrow_check,"if (std::getenv(""LOGOS_DUMP_BC_HOLDERPROV""))"
0,12898,9,12905,83,statement,logos::compiler::borrow_check,"fprintf(stderr,"
0,12898,17,12898,17,statement,logos::compiler::borrow_check,"fprintf(stderr,"
