# MANIFEST — hand-battery harvest inventory, 2026-09-14h. One row per unique program (sha256[:16] of the file bytes).
# today_verdict: build/bin/logosc build_hash c52dcb19dff987ff 43 (compile; link + run where it compiled; 30 s run timeout).
# snapshot:<path> is under /home/logos/sandbox/hand-harvest-2026-09-14/ ; other paths are repo-relative.
hash	round	program_id	snapshot_path	catch_kind	record_quote	legality	legality_basis	today_verdict	today_detail	existing_fixture	action
1d64b53f16384179	2026-09-06-patmut	h02	src/compiler/probes/2026-09-06-patmut/hand/h02_match_nomut_recv.logos	a	(a) PROBES.md:23389 "`patmutany` ADMITS h02 h03 h06 h12 h21 h25 h33 h39 and fail_issue-33819"	illegal	record, by reading (no rustc binary on this box)	REFUSED	error [fn main]: cannot borrow 's' as mutable: not declared as mut [1 error line(s)] · saved binaries: base47bea7f0=REFUSED · base_baa2a38=REFUSED		fail_fixture
394f9b4492c8cc32	2026-09-06-patmut	h03	src/compiler/probes/2026-09-06-patmut/hand/h03_match_nomut_boxderef.logos	a,b	(a) PROBES.md:23389 "`patmutany` ADMITS h02 h03 h06 h12 h21 h25 h33 h39 and fail_issue-33819" | (b) PROBES.md:23381 "ILLEGAL, base ADMITS -> whole REFUSES `cannot borrow 'bb' as mutable: not declared as mut` (3): h03 match, h25 if-let, h33" (whole landed 06b)	illegal	record, by reading (no rustc binary on this box)	REFUSED	error [fn main]: cannot borrow 'bb' as mutable: not declared as mut [1 error line(s)] · saved binaries: base47bea7f0=REFUSED · base_baa2a38=REFUSED	tests/logos/fail/bc_patmut_match_box_deref_no_mut_fail.logos (modulo comments)	already_in_tree:tests/logos/fail/bc_patmut_match_box_deref_no_mut_fail.logos
6552ac344c31a55b	2026-09-06-patmut	h06	src/compiler/probes/2026-09-06-patmut/hand/h06_for_nomut.logos	a	(a) PROBES.md:23389 "`patmutany` ADMITS h02 h03 h06 h12 h21 h25 h33 h39 and fail_issue-33819"	illegal	record, by reading (no rustc binary on this box)	REFUSED	error [fn main]: cannot borrow 's' as mutable: not declared as mut [1 error line(s)] · saved binaries: base47bea7f0=REFUSED · base_baa2a38=REFUSED		fail_fixture
95b4ca1c27c7681d	2026-09-06-patmut	h12	src/compiler/probes/2026-09-06-patmut/hand/h12_match_wild_nomut.logos	a	(a) PROBES.md:23389 "`patmutany` ADMITS h02 h03 h06 h12 h21 h25 h33 h39 and fail_issue-33819"	illegal	record, by reading (no rustc binary on this box)	REFUSED	error [fn main]: cannot borrow 's' as mutable: not declared as mut [1 error line(s)] · saved binaries: base47bea7f0=REFUSED · base_baa2a38=REFUSED		fail_fixture
b7804ed4bb6d780e	2026-09-06-patmut	h21	src/compiler/probes/2026-09-06-patmut/hand/h21_match_nomut_addrof.logos	a	(a) PROBES.md:23389 "`patmutany` ADMITS h02 h03 h06 h12 h21 h25 h33 h39 and fail_issue-33819"	illegal	record, by reading (no rustc binary on this box)	REFUSED	error [fn main]: cannot borrow 's' as mutable: not declared as mut [1 error line(s)] · saved binaries: base47bea7f0=REFUSED · base_baa2a38=REFUSED		fail_fixture
b64a3ec6306300a7	2026-09-06-patmut	h25	src/compiler/probes/2026-09-06-patmut/hand/h25_iflet_nomut_boxderef.logos	a,b	(a) PROBES.md:23389 "`patmutany` ADMITS h02 h03 h06 h12 h21 h25 h33 h39 and fail_issue-33819" | (b) PROBES.md:23381 "ILLEGAL, base ADMITS -> whole REFUSES `cannot borrow 'bb' as mutable: not declared as mut` (3): h03 match, h25 if-let, h33" (whole landed 06b)	illegal	record, by reading (no rustc binary on this box)	REFUSED	error [fn main]: cannot borrow 'bb' as mutable: not declared as mut [1 error line(s)] · saved binaries: base47bea7f0=REFUSED · base_baa2a38=REFUSED		fail_fixture
04cf022e78b97696	2026-09-06-patmut	h33	src/compiler/probes/2026-09-06-patmut/hand/h33_iflet_nested_struct_nomut_boxderef.logos	a,b	(a) PROBES.md:23389 "`patmutany` ADMITS h02 h03 h06 h12 h21 h25 h33 h39 and fail_issue-33819" | (b) PROBES.md:23381 "ILLEGAL, base ADMITS -> whole REFUSES `cannot borrow 'bb' as mutable: not declared as mut` (3): h03 match, h25 if-let, h33" (whole landed 06b)	illegal	record, by reading (no rustc binary on this box)	REFUSED	error [fn main]: cannot borrow 'bb' as mutable: not declared as mut [1 error line(s)] · saved binaries: base47bea7f0=REFUSED · base_baa2a38=REFUSED		fail_fixture
3bad9b2c06c204e8	2026-09-06-patmut	h39	src/compiler/probes/2026-09-06-patmut/hand/h39_for_arr_nomut_recv.logos	a	(a) PROBES.md:23389 "`patmutany` ADMITS h02 h03 h06 h12 h21 h25 h33 h39 and fail_issue-33819"	illegal	record, by reading (no rustc binary on this box)	REFUSED	error [fn main]: cannot borrow 's' as mutable: not declared as mut [1 error line(s)] · saved binaries: base47bea7f0=REFUSED · base_baa2a38=REFUSED		fail_fixture
5a96290b0d008111	2026-09-06-patmut	h11	src/compiler/probes/2026-09-06-patmut/hand/h11_match_wild_mut.logos	c	(c) targets.txt:15 predicted "h11 ... -> run 0"; PROBES.md:23383 "h11/h28/h30 ... REFUSED ON BOTH, the sentence CHANGES"	legal	record, by reading (no rustc binary on this box)	REFUSED	error: 'llvm.getelementptr' op operand #0 must be LLVM pointer type or LLVM dialect-compatible vector of LLVM pointer type, but got '!llvm.struct<"h11_match_wild_mut.S", (i64)>' [1 error line(s)] — th · saved binaries: base47bea7f0=REFUSED · base_baa2a38=REFUSED		existing_row:match_tmp_wild_mut_addrof
0012572edf15a014	2026-09-06-patmut	h01	src/compiler/probes/2026-09-06-patmut/hand/h01_match_mut.logos	b	(b) PROBES.md:23370 "LEGAL, base REFUSED -> whole RUNS rc 0 (18)" + PROBES.md:23531 "The pricing's 42 hand shapes re-run on both builds: identical"	legal	record, by reading (no rustc binary on this box)	RUNS	0 · saved binaries: base47bea7f0=RUNS 0 · base_baa2a38=RUNS 0	tests/logos/pass/bc_patmut_match_variant_recv.logos (modulo comments)	already_in_tree:tests/logos/pass/bc_patmut_match_variant_recv.logos
2a039915a84e103e	2026-09-06-patmut	h05	src/compiler/probes/2026-09-06-patmut/hand/h05_for_mut.logos	b	(b) PROBES.md:23370 "LEGAL, base REFUSED -> whole RUNS rc 0 (18)" + PROBES.md:23531 "The pricing's 42 hand shapes re-run on both builds: identical"	legal	record, by reading (no rustc binary on this box)	RUNS	0 · saved binaries: base47bea7f0=RUNS 0 · base_baa2a38=RUNS 0		pass_fixture
f955a12da639ceba	2026-09-06-patmut	h07	src/compiler/probes/2026-09-06-patmut/hand/h07_iflet_mut.logos	b	(b) PROBES.md:23370 "LEGAL, base REFUSED -> whole RUNS rc 0 (18)" + PROBES.md:23531 "The pricing's 42 hand shapes re-run on both builds: identical"	legal	record, by reading (no rustc binary on this box)	RUNS	0 · saved binaries: base47bea7f0=RUNS 0 · base_baa2a38=RUNS 0	tests/logos/pass/bc_patmut_iflet_recv.logos (modulo comments)	already_in_tree:tests/logos/pass/bc_patmut_iflet_recv.logos
eb0eaf7715461868	2026-09-06-patmut	h08	src/compiler/probes/2026-09-06-patmut/hand/h08_whilelet_mut.logos	b	(b) PROBES.md:23370 "LEGAL, base REFUSED -> whole RUNS rc 0 (18)" + PROBES.md:23531 "The pricing's 42 hand shapes re-run on both builds: identical"	legal	record, by reading (no rustc binary on this box)	RUNS	0 · saved binaries: base47bea7f0=RUNS 0 · base_baa2a38=RUNS 0		pass_fixture
f801936adb227a8d	2026-09-06-patmut	h13	src/compiler/probes/2026-09-06-patmut/hand/h13_match_mut_reassign.logos	b	(b) PROBES.md:23370 "LEGAL, base REFUSED -> whole RUNS rc 0 (18)" + PROBES.md:23531 "The pricing's 42 hand shapes re-run on both builds: identical"	legal	record, by reading (no rustc binary on this box)	RUNS	0 · saved binaries: base47bea7f0=RUNS 0 · base_baa2a38=RUNS 0		pass_fixture
0b603c893a51361c	2026-09-06-patmut	h15	src/compiler/probes/2026-09-06-patmut/hand/h15_match_or_mut.logos	b	(b) PROBES.md:23370 "LEGAL, base REFUSED -> whole RUNS rc 0 (18)" + PROBES.md:23531 "The pricing's 42 hand shapes re-run on both builds: identical"	legal	record, by reading (no rustc binary on this box)	RUNS	0 · saved binaries: base47bea7f0=RUNS 0 · base_baa2a38=RUNS 0		pass_fixture
14adf7cf2ad31a07	2026-09-06-patmut	h19	src/compiler/probes/2026-09-06-patmut/hand/h19_for_mut_reassign.logos	b	(b) PROBES.md:23370 "LEGAL, base REFUSED -> whole RUNS rc 0 (18)" + PROBES.md:23531 "The pricing's 42 hand shapes re-run on both builds: identical"	legal	record, by reading (no rustc binary on this box)	RUNS	0 · saved binaries: base47bea7f0=RUNS 0 · base_baa2a38=RUNS 0		pass_fixture
2e97d0cdbe479460	2026-09-06-patmut	h20	src/compiler/probes/2026-09-06-patmut/hand/h20_match_mut_addrof.logos	b	(b) PROBES.md:23370 "LEGAL, base REFUSED -> whole RUNS rc 0 (18)" + PROBES.md:23531 "The pricing's 42 hand shapes re-run on both builds: identical"	legal	record, by reading (no rustc binary on this box)	RUNS	0 · saved binaries: base47bea7f0=RUNS 0 · base_baa2a38=RUNS 0		pass_fixture
3e45c4654bb9b8c5	2026-09-06-patmut	h22	src/compiler/probes/2026-09-06-patmut/hand/h22_match_mut_fieldwrite.logos	b	(b) PROBES.md:23370 "LEGAL, base REFUSED -> whole RUNS rc 0 (18)" + PROBES.md:23531 "The pricing's 42 hand shapes re-run on both builds: identical"	legal	record, by reading (no rustc binary on this box)	RUNS	0 · saved binaries: base47bea7f0=RUNS 0 · base_baa2a38=RUNS 0		pass_fixture
1d36753fd5069a26	2026-09-06-patmut	h26	src/compiler/probes/2026-09-06-patmut/hand/h26_match_wild_mut_var.logos	b	(b) PROBES.md:23370 "LEGAL, base REFUSED -> whole RUNS rc 0 (18)" + PROBES.md:23531 "The pricing's 42 hand shapes re-run on both builds: identical"	legal	record, by reading (no rustc binary on this box)	RUNS	0 · saved binaries: base47bea7f0=RUNS 0 · base_baa2a38=RUNS 0		pass_fixture
797ff29e4dfc46d9	2026-09-06-patmut	h34	src/compiler/probes/2026-09-06-patmut/hand/h34_match_nested_tuple_mut_recv.logos	b	(b) PROBES.md:23370 "LEGAL, base REFUSED -> whole RUNS rc 0 (18)" + PROBES.md:23531 "The pricing's 42 hand shapes re-run on both builds: identical"	legal	record, by reading (no rustc binary on this box)	RUNS	0 · saved binaries: base47bea7f0=RUNS 0 · base_baa2a38=RUNS 0	tests/logos/pass/bc_patmut_nested_tuple_recv.logos (modulo comments)	already_in_tree:tests/logos/pass/bc_patmut_nested_tuple_recv.logos
856c280c8f108dc0	2026-09-06-patmut	h36	src/compiler/probes/2026-09-06-patmut/hand/h36_for_tuple_pat_mut_reassign.logos	b	(b) PROBES.md:23370 "LEGAL, base REFUSED -> whole RUNS rc 0 (18)" + PROBES.md:23531 "The pricing's 42 hand shapes re-run on both builds: identical"	legal	record, by reading (no rustc binary on this box)	RUNS	0 · saved binaries: base47bea7f0=RUNS 0 · base_baa2a38=RUNS 0		pass_fixture
f4f2695bec6afad7	2026-09-06-patmut	h38	src/compiler/probes/2026-09-06-patmut/hand/h38_for_arr_mut_recv.logos	b	(b) PROBES.md:23370 "LEGAL, base REFUSED -> whole RUNS rc 0 (18)" + PROBES.md:23531 "The pricing's 42 hand shapes re-run on both builds: identical"	legal	record, by reading (no rustc binary on this box)	RUNS	0 · saved binaries: base47bea7f0=RUNS 0 · base_baa2a38=RUNS 0	tests/logos/pass/bc_patmut_for_arr_recv.logos (modulo comments)	already_in_tree:tests/logos/pass/bc_patmut_for_arr_recv.logos
af13ce002c0ae124	2026-09-06-patmut	h41	src/compiler/probes/2026-09-06-patmut/hand/h41_for_arr_mut_fieldwrite.logos	b	(b) PROBES.md:23370 "LEGAL, base REFUSED -> whole RUNS rc 0 (18)" + PROBES.md:23531 "The pricing's 42 hand shapes re-run on both builds: identical"	legal	record, by reading (no rustc binary on this box)	RUNS	0 · saved binaries: base47bea7f0=RUNS 0 · base_baa2a38=RUNS 0		pass_fixture
d7fa0645fb5c01d3	2026-09-06-patmut	h42	src/compiler/probes/2026-09-06-patmut/hand/h42_for_arr_i64_mut_reassign.logos	b	(b) PROBES.md:23370 "LEGAL, base REFUSED -> whole RUNS rc 0 (18)" + PROBES.md:23531 "The pricing's 42 hand shapes re-run on both builds: identical"	legal	record, by reading (no rustc binary on this box)	RUNS	0 · saved binaries: base47bea7f0=RUNS 0 · base_baa2a38=RUNS 0		pass_fixture
5d7804f8d9f0a419	2026-09-06-patmut	c15	src/compiler/probes/2026-09-06-patmut/hand2/c15_nested_variant_mut_reassign.logos	a,b	(a) PROBES.md:23477 "found by counter-example c15 ... base AND the priced whole both refuse" | (b) PROBES.md:23501 "LEGAL, base REFUSED -> now RUN rc 0 (13): c01 ... c19"	legal	record, by reading (no rustc binary on this box)	RUNS	0 · saved binaries: base47bea7f0=RUNS 0 · base_baa2a38=RUNS 0	tests/logos/pass/bc_patmut_nested_variant_reassign.logos (modulo comments)	already_in_tree:tests/logos/pass/bc_patmut_nested_variant_reassign.logos
ec9af84a3300b8f4	2026-09-06-patmut	c01	src/compiler/probes/2026-09-06-patmut/hand2/c01_generic_two_insts_mut_recv.logos	b	(b) PROBES.md:23501 "LEGAL, base REFUSED -> now RUN rc 0 (13): c01 ... c19"	legal	record, by reading (no rustc binary on this box)	RUNS	0 · saved binaries: base47bea7f0=RUNS 0 · base_baa2a38=RUNS 0	tests/logos/pass/bc_patmut_generic_two_insts_recv.logos (modulo comments)	already_in_tree:tests/logos/pass/bc_patmut_generic_two_insts_recv.logos
3d5da81e0aa37005	2026-09-06-patmut	c02	src/compiler/probes/2026-09-06-patmut/hand2/c02_closure_body_match_mut_fieldwrite.logos	b	(b) PROBES.md:23501 "LEGAL, base REFUSED -> now RUN rc 0 (13): c01 ... c19"	legal	record, by reading (no rustc binary on this box)	RUNS	0 · saved binaries: base47bea7f0=RUNS 0 · base_baa2a38=RUNS 0	tests/logos/pass/bc_patmut_closure_body_fieldwrite.logos (modulo comments)	already_in_tree:tests/logos/pass/bc_patmut_closure_body_fieldwrite.logos
7693a0e0c850e6a0	2026-09-06-patmut	c03	src/compiler/probes/2026-09-06-patmut/hand2/c03_trait_default_iflet_mut.logos	b	(b) PROBES.md:23501 "LEGAL, base REFUSED -> now RUN rc 0 (13): c01 ... c19"	legal	record, by reading (no rustc binary on this box)	RUNS	0 · saved binaries: base47bea7f0=RUNS 0 · base_baa2a38=RUNS 0	tests/logos/pass/bc_patmut_trait_default_iflet_recv.logos (modulo comments)	already_in_tree:tests/logos/pass/bc_patmut_trait_default_iflet_recv.logos
e760a4ba6e1b01d5	2026-09-06-patmut	c13	src/compiler/probes/2026-09-06-patmut/hand2/c13_match_mut_drop_count.logos	b	(b) PROBES.md:23501 "LEGAL, base REFUSED -> now RUN rc 0 (13): c01 ... c19"	legal	record, by reading (no rustc binary on this box)	RUNS	0 DROP v=8 -- end · saved binaries: base47bea7f0=RUNS 0 · base_baa2a38=RUNS 0		pass_fixture
3eeaa175a8b53bd9	2026-09-06-patmut	c14	src/compiler/probes/2026-09-06-patmut/hand2/c14_iflet_mut_reassign_drop_count.logos	b	(b) PROBES.md:23501 "LEGAL, base REFUSED -> now RUN rc 0 (13): c01 ... c19"	legal	record, by reading (no rustc binary on this box)	RUNS	0 DROP v=1 DROP v=7 -- end · saved binaries: base47bea7f0=RUNS 0 · base_baa2a38=RUNS 0		pass_fixture
2def7d732980a917	2026-09-06-patmut	c16	src/compiler/probes/2026-09-06-patmut/hand2/c16_for_mut_vec_drop_count.logos	b	(b) PROBES.md:23501 "LEGAL, base REFUSED -> now RUN rc 0 (13): c01 ... c19"	legal	record, by reading (no rustc binary on this box)	RUNS	0 DROP v=11 DROP v=12 -- end · saved binaries: base47bea7f0=RUNS 0 · base_baa2a38=RUNS 0		pass_fixture
ae1ae42f09c2e339	2026-09-06-patmut	c17	src/compiler/probes/2026-09-06-patmut/hand2/c17_generic_impl_method_match_mut.logos	b	(b) PROBES.md:23501 "LEGAL, base REFUSED -> now RUN rc 0 (13): c01 ... c19"	legal	record, by reading (no rustc binary on this box)	RUNS	0 · saved binaries: base47bea7f0=RUNS 0 · base_baa2a38=RUNS 0		pass_fixture
f73fd6bb29c005f6	2026-09-06-patmut	c19	src/compiler/probes/2026-09-06-patmut/hand2/c19_match_mut_move_closure_capture.logos	b	(b) PROBES.md:23501 "LEGAL, base REFUSED -> now RUN rc 0 (13): c01 ... c19"	legal	record, by reading (no rustc binary on this box)	RUNS	0 · saved binaries: base47bea7f0=RUNS 0 · base_baa2a38=RUNS 0	tests/logos/pass/bc_patmut_match_mut_move_closure.logos (modulo comments)	already_in_tree:tests/logos/pass/bc_patmut_match_mut_move_closure.logos
3e37616f910c7276	2026-09-06-patmut	c05	src/compiler/probes/2026-09-06-patmut/hand2/c05_toplevel_struct_pat_mut.logos	c	(c) predictions-2026-09-06b.txt:9 "c05 c06 c07 c12 ... refused -> run 0"; PROBES.md:23505 "c05 c06 c07 ... RAN on base too"; c12 "refused" (PROBES.md:23510)	legal	record, by reading (no rustc binary on this box)	RUNS	0 · saved binaries: base47bea7f0=RUNS 0 · base_baa2a38=RUNS 0		pass_fixture
2445cb8d79de999d	2026-09-06-patmut	c06	src/compiler/probes/2026-09-06-patmut/hand2/c06_toplevel_tuple_pat_mut_recv.logos	c	(c) predictions-2026-09-06b.txt:9 "c05 c06 c07 c12 ... refused -> run 0"; PROBES.md:23505 "c05 c06 c07 ... RAN on base too"; c12 "refused" (PROBES.md:23510)	legal	record, by reading (no rustc binary on this box)	RUNS	0 · saved binaries: base47bea7f0=RUNS 0 · base_baa2a38=RUNS 0		pass_fixture
dc950dd1686c3e82	2026-09-06-patmut	c07	src/compiler/probes/2026-09-06-patmut/hand2/c07_slice_pat_mut_reassign.logos	c	(c) predictions-2026-09-06b.txt:9 "c05 c06 c07 c12 ... refused -> run 0"; PROBES.md:23505 "c05 c06 c07 ... RAN on base too"; c12 "refused" (PROBES.md:23510)	legal	record, by reading (no rustc binary on this box)	RUNS	0 · saved binaries: base47bea7f0=RUNS 0 · base_baa2a38=RUNS 0		pass_fixture
8014c35c91f7f09b	2026-09-06-patmut	c12	src/compiler/probes/2026-09-06-patmut/hand2/c12_whilelet_mut_box_deref_write.logos	c	(c) predictions-2026-09-06b.txt:9 "c05 c06 c07 c12 ... refused -> run 0"; PROBES.md:23505 "c05 c06 c07 ... RAN on base too"; c12 "refused" (PROBES.md:23510)	legal	record, by reading (no rustc binary on this box)	RUNS	0 · saved binaries: base47bea7f0=RUNS 0 · base_baa2a38=RUNS 0		pass_fixture
d4ea1f5b48314b42	2026-09-06c-patclass	a14	src/compiler/probes/2026-09-06c-patclass/hand/a14_ifletchain_ref.logos	a	(a) PROBES.md:23743 "The (a) set under ifletown / ifletown2: IDENTICAL to HEAD except a14 ... armed REFUSES \"use of moved variable 'o'\". A LEGAL program refused"	legal	record, by reading (no rustc binary on this box)	RUNS	rc 1 (exit value NOT verified against the record; stdout: ) · saved binaries: base47bea7f0=RUNS 1 · base_baa2a38=RUNS 1		pass_fixture
37739e97ead776f2	2026-09-06c-patclass	a36	src/compiler/probes/2026-09-06c-patclass/hand/a36_tuple_mut_addrof.logos	a	(a) PROBES.md:23868 "tupledecl ... hand: a36 (LEGAL `(mut a, b)` + `&mut a`) REFUSED"	legal	record, by reading (no rustc binary on this box)	RUNS	0 · saved binaries: base47bea7f0=RUNS 0 · base_baa2a38=RUNS 0		pass_fixture
57d14b7ca327ef65	2026-09-06c-patclass	c02	src/compiler/probes/2026-09-06c-patclass/hand/c02_iflet_readonly.logos	a	(a) PROBES.md:23748 "ifletmv alone turns c02 (read-only if-let) 1 -> 0 (LEAK) ... ifletdr alone turns c02 1 -> 2 and c13 1 -> 7 (DOUBLE)"; PROBES.md:23818 "c03 2 -> 4"	legal	record, by reading (no rustc binary on this box)	RUNS	rc 1 (exit value NOT verified against the record; stdout: ) · saved binaries: base47bea7f0=RUNS 1 · base_baa2a38=RUNS 1		pass_fixture
5e44a90db92e3684	2026-09-06c-patclass	c13	src/compiler/probes/2026-09-06c-patclass/hand/c13_iflet_mut_fieldwrite.logos	a,b,c	(a) PROBES.md:23748 "ifletmv alone turns c02 (read-only if-let) 1 -> 0 (LEAK) ... ifletdr alone turns c02 1 -> 2 and c13 1 -> 7 (DOUBLE)"; PROBES.md:23818 "c03 2 -> 4" | (c) predictions.txt:9 "ifletdr ... c13 1->6"; PROBES.md:23748 "ifletdr alone turns ... c13 1 -> 7" | (b) PROBES.md:23976 "06c hand set on m2/m4: every (c)/(d) shape at Rust's count" vs 06c HEAD counts PROBES.md:23664-23683	legal	record, by reading (no rustc binary on this box)	RUNS	rc 6 (exit value NOT verified against the record; stdout: ) · saved binaries: base47bea7f0=RUNS 6 · base_baa2a38=RUNS 6	tests/logos/pass/bc_patown_iflet_mut_fieldwrite.logos (modulo comments)	already_in_tree:tests/logos/pass/bc_patown_iflet_mut_fieldwrite.logos
6e48a00fec1e8b9e	2026-09-06c-patclass	c03	src/compiler/probes/2026-09-06c-patclass/hand/c03_iflet_mut_reassign.logos	a,b	(a) PROBES.md:23748 "ifletmv alone turns c02 (read-only if-let) 1 -> 0 (LEAK) ... ifletdr alone turns c02 1 -> 2 and c13 1 -> 7 (DOUBLE)"; PROBES.md:23818 "c03 2 -> 4" | (b) PROBES.md:23976 "06c hand set on m2/m4: every (c)/(d) shape at Rust's count" vs 06c HEAD counts PROBES.md:23664-23683	legal	record, by reading (no rustc binary on this box)	RUNS	rc 3 (exit value NOT verified against the record; stdout: ) · saved binaries: base47bea7f0=RUNS 3 · base_baa2a38=RUNS 3	tests/logos/pass/bc_patown_iflet_mut_reassign.logos (modulo comments)	already_in_tree:tests/logos/pass/bc_patown_iflet_mut_reassign.logos
1b44e4c769300ec5	2026-09-06c-patclass	c19	src/compiler/probes/2026-09-06c-patclass/hand/c19_iflet_tuple_scrut_moveout.logos	b,c	(c) predictions.txt:2 "ifletown ... c19 2->1"; PROBES.md:23740 "c19 [1] stays 2" | (b) PROBES.md:23976 "06c hand set on m2/m4: every (c)/(d) shape at Rust's count" vs 06c HEAD counts PROBES.md:23664-23683	legal	record, by reading (no rustc binary on this box)	RUNS	rc 1 (exit value NOT verified against the record; stdout: ) · saved binaries: base47bea7f0=RUNS 1 · base_baa2a38=RUNS 1	tests/logos/pass/bc_patown_iflet_tuple_scrut_moveout.logos (modulo comments)	already_in_tree:tests/logos/pass/bc_patown_iflet_tuple_scrut_moveout.logos
abadbb4c049af65a	2026-09-06d-patown	ce02	src/compiler/probes/2026-09-06d-patown/hand/ce02_elseif_chain_drops.logos	b	(b) PROBES.md:23976 "CONTROL REVERT ... 10 of the 24 ce wrong (ce02 ce03 ce04 ce06 ce11 ce18 ce19 ce20 ce23 ce24)" (landed at Rust's count)	legal	record, by reading (no rustc binary on this box)	RUNS	rc 3 (exit value NOT verified against the record; stdout: ) · saved binaries: base47bea7f0=RUNS 3 · base_baa2a38=RUNS 3	tests/logos/pass/bc_patown_elseif_chain_drops.logos (modulo comments)	already_in_tree:tests/logos/pass/bc_patown_elseif_chain_drops.logos
701601151716be2b	2026-09-06d-patown	ce03	src/compiler/probes/2026-09-06d-patown/hand/ce03_labeled_whilelet_continue.logos	b	(b) PROBES.md:23976 "CONTROL REVERT ... 10 of the 24 ce wrong (ce02 ce03 ce04 ce06 ce11 ce18 ce19 ce20 ce23 ce24)" (landed at Rust's count)	legal	record, by reading (no rustc binary on this box)	RUNS	rc 62 (exit value NOT verified against the record; stdout: ) · saved binaries: base47bea7f0=RUNS 62 · base_baa2a38=RUNS 62	tests/logos/pass/bc_patown_labeled_whilelet_continue.logos (modulo comments)	already_in_tree:tests/logos/pass/bc_patown_labeled_whilelet_continue.logos
fd1fcbed06ec010f	2026-09-06d-patown	ce04	src/compiler/probes/2026-09-06d-patown/hand/ce04_whilelet_temp_receiver.logos	b	(b) PROBES.md:23976 "CONTROL REVERT ... 10 of the 24 ce wrong (ce02 ce03 ce04 ce06 ce11 ce18 ce19 ce20 ce23 ce24)" (landed at Rust's count)	legal	record, by reading (no rustc binary on this box)	RUNS	rc 2 (exit value NOT verified against the record; stdout: ) · saved binaries: base47bea7f0=RUNS 2 · base_baa2a38=RUNS 2	tests/logos/pass/bc_patown_whilelet_temp_receiver.logos (modulo comments)	already_in_tree:tests/logos/pass/bc_patown_whilelet_temp_receiver.logos
8d9004b76934260a	2026-09-06d-patown	ce06	src/compiler/probes/2026-09-06d-patown/hand/ce06_then_returns_scrut_reused.logos	b	(b) PROBES.md:23976 "CONTROL REVERT ... 10 of the 24 ce wrong (ce02 ce03 ce04 ce06 ce11 ce18 ce19 ce20 ce23 ce24)" (landed at Rust's count)	legal	record, by reading (no rustc binary on this box)	RUNS	rc 1 (exit value NOT verified against the record; stdout: ) · saved binaries: base47bea7f0=RUNS 1 · base_baa2a38=RUNS 1	tests/logos/pass/bc_patown_then_returns_scrut_reused.logos (modulo comments)	already_in_tree:tests/logos/pass/bc_patown_then_returns_scrut_reused.logos
f708d7bea9433f0f	2026-09-06d-patown	ce11	src/compiler/probes/2026-09-06d-patown/hand/ce11_closure_body_iflet.logos	b	(b) PROBES.md:23976 "CONTROL REVERT ... 10 of the 24 ce wrong (ce02 ce03 ce04 ce06 ce11 ce18 ce19 ce20 ce23 ce24)" (landed at Rust's count)	legal	record, by reading (no rustc binary on this box)	RUNS	rc 1 (exit value NOT verified against the record; stdout: ) · saved binaries: base47bea7f0=RUNS 1 · base_baa2a38=RUNS 1	tests/logos/pass/bc_patown_closure_body_iflet.logos (modulo comments)	already_in_tree:tests/logos/pass/bc_patown_closure_body_iflet.logos
17c1f61b82cd243f	2026-09-06d-patown	ce18	src/compiler/probes/2026-09-06d-patown/hand/ce18_temp_scrut_readonly.logos	b	(b) PROBES.md:23976 "CONTROL REVERT ... 10 of the 24 ce wrong (ce02 ce03 ce04 ce06 ce11 ce18 ce19 ce20 ce23 ce24)" (landed at Rust's count)	legal	record, by reading (no rustc binary on this box)	RUNS	rc 11 (exit value NOT verified against the record; stdout: ) · saved binaries: base47bea7f0=RUNS 11 · base_baa2a38=RUNS 11	tests/logos/pass/bc_patown_temp_scrut_readonly.logos (modulo comments)	already_in_tree:tests/logos/pass/bc_patown_temp_scrut_readonly.logos
435c90129164a16d	2026-09-06d-patown	ce19	src/compiler/probes/2026-09-06d-patown/hand/ce19_nested_variant_moveout.logos	b	(b) PROBES.md:23976 "CONTROL REVERT ... 10 of the 24 ce wrong (ce02 ce03 ce04 ce06 ce11 ce18 ce19 ce20 ce23 ce24)" (landed at Rust's count)	legal	record, by reading (no rustc binary on this box)	RUNS	rc 1 (exit value NOT verified against the record; stdout: ) · saved binaries: base47bea7f0=RUNS 1 · base_baa2a38=RUNS 1	tests/logos/pass/bc_patown_nested_variant_moveout.logos (modulo comments)	already_in_tree:tests/logos/pass/bc_patown_nested_variant_moveout.logos
ba4f66ffd776c2bb	2026-09-06d-patown	ce20	src/compiler/probes/2026-09-06d-patown/hand/ce20_iflet_break_in_for.logos	b	(b) PROBES.md:23976 "CONTROL REVERT ... 10 of the 24 ce wrong (ce02 ce03 ce04 ce06 ce11 ce18 ce19 ce20 ce23 ce24)" (landed at Rust's count)	legal	record, by reading (no rustc binary on this box)	RUNS	rc 2 (exit value NOT verified against the record; stdout: ) · saved binaries: base47bea7f0=RUNS 2 · base_baa2a38=RUNS 2	tests/logos/pass/bc_patown_iflet_break_in_for.logos (modulo comments)	already_in_tree:tests/logos/pass/bc_patown_iflet_break_in_for.logos
69f4282b1c1bef7f	2026-09-06d-patown	ce23	src/compiler/probes/2026-09-06d-patown/hand/ce23_labeled_continue_leak.logos	b	(b) PROBES.md:23976 "CONTROL REVERT ... 10 of the 24 ce wrong (ce02 ce03 ce04 ce06 ce11 ce18 ce19 ce20 ce23 ce24)" (landed at Rust's count)	legal	record, by reading (no rustc binary on this box)	RUNS	rc 4 (exit value NOT verified against the record; stdout: ) · saved binaries: base47bea7f0=RUNS 4 · base_baa2a38=RUNS 4	tests/logos/pass/bc_patown_labeled_continue_leak.logos (modulo comments)	already_in_tree:tests/logos/pass/bc_patown_labeled_continue_leak.logos
b6cbb24d4cd8df30	2026-09-06d-patown	ce24	src/compiler/probes/2026-09-06d-patown/hand/ce24_enum_partial_payload_leak.logos	b	(b) PROBES.md:23976 "CONTROL REVERT ... 10 of the 24 ce wrong (ce02 ce03 ce04 ce06 ce11 ce18 ce19 ce20 ce23 ce24)" (landed at Rust's count)	legal	record, by reading (no rustc binary on this box)	RUNS	rc 1 (exit value NOT verified against the record; stdout: ) · saved binaries: base47bea7f0=RUNS 1 · base_baa2a38=RUNS 1		pass_fixture
ea17d4f07ebc6506	2026-09-06c-patclass	c01	src/compiler/probes/2026-09-06c-patclass/hand/c01_iflet_moveout.logos	b	(b) PROBES.md:23976 "06c hand set on m2/m4: every (c)/(d) shape at Rust's count" vs 06c HEAD counts PROBES.md:23664-23683	legal	record, by reading (no rustc binary on this box)	RUNS	rc 1 (exit value NOT verified against the record; stdout: ) · saved binaries: base47bea7f0=RUNS 1 · base_baa2a38=RUNS 1		pass_fixture
fbf874f437b90dc7	2026-09-06c-patclass	c05	src/compiler/probes/2026-09-06c-patclass/hand/c05_whilelet_mut_reassign.logos	b	(b) PROBES.md:23976 "06c hand set on m2/m4: every (c)/(d) shape at Rust's count" vs 06c HEAD counts PROBES.md:23664-23683	legal	record, by reading (no rustc binary on this box)	RUNS	rc 3 (exit value NOT verified against the record; stdout: ) · saved binaries: base47bea7f0=RUNS 3 · base_baa2a38=RUNS 3		pass_fixture
55d0454f5abfac79	2026-09-06c-patclass	c08	src/compiler/probes/2026-09-06c-patclass/hand/c08_iflet_nested_tuple_moveout.logos	b	(b) PROBES.md:23976 "06c hand set on m2/m4: every (c)/(d) shape at Rust's count" vs 06c HEAD counts PROBES.md:23664-23683	legal	record, by reading (no rustc binary on this box)	RUNS	rc 1 (exit value NOT verified against the record; stdout: ) · saved binaries: base47bea7f0=RUNS 1 · base_baa2a38=RUNS 1	tests/logos/pass/bc_patown_iflet_nested_tuple_moveout.logos (modulo comments)	already_in_tree:tests/logos/pass/bc_patown_iflet_nested_tuple_moveout.logos
4977020429e092cc	2026-09-06c-patclass	c09	src/compiler/probes/2026-09-06c-patclass/hand/c09_ifletchain_moveout.logos	b	(b) PROBES.md:23976 "06c hand set on m2/m4: every (c)/(d) shape at Rust's count" vs 06c HEAD counts PROBES.md:23664-23683	legal	record, by reading (no rustc binary on this box)	RUNS	rc 1 (exit value NOT verified against the record; stdout: ) · saved binaries: base47bea7f0=RUNS 1 · base_baa2a38=RUNS 1	tests/logos/pass/bc_patown_ifletchain_moveout.logos (modulo comments)	already_in_tree:tests/logos/pass/bc_patown_ifletchain_moveout.logos
2886f04b642701b0	2026-09-06c-patclass	c10	src/compiler/probes/2026-09-06c-patclass/hand/c10_letelse_moveout.logos	b	(b) PROBES.md:23976 "06c hand set on m2/m4: every (c)/(d) shape at Rust's count" vs 06c HEAD counts PROBES.md:23664-23683	legal	record, by reading (no rustc binary on this box)	RUNS	rc 1 (exit value NOT verified against the record; stdout: ) · saved binaries: base47bea7f0=RUNS 1 · base_baa2a38=RUNS 1	tests/logos/pass/bc_patown_letelse_moveout.logos (modulo comments)	already_in_tree:tests/logos/pass/bc_patown_letelse_moveout.logos
8b02179ff1297ac8	2026-09-06c-patclass	c11	src/compiler/probes/2026-09-06c-patclass/hand/c11_ifletexpr_moveout.logos	b	(b) PROBES.md:23976 "06c hand set on m2/m4: every (c)/(d) shape at Rust's count" vs 06c HEAD counts PROBES.md:23664-23683	legal	record, by reading (no rustc binary on this box)	RUNS	rc 1 (exit value NOT verified against the record; stdout: ) · saved binaries: base47bea7f0=RUNS 1 · base_baa2a38=RUNS 1	tests/logos/pass/bc_patown_ifletexpr_moveout.logos (modulo comments)	already_in_tree:tests/logos/pass/bc_patown_ifletexpr_moveout.logos
9f1f460e9751702b	2026-09-06c-patclass	c12	src/compiler/probes/2026-09-06c-patclass/hand/c12_iflet_readonly_return.logos	b	(b) PROBES.md:23976 "06c hand set on m2/m4: every (c)/(d) shape at Rust's count" vs 06c HEAD counts PROBES.md:23664-23683	legal	record, by reading (no rustc binary on this box)	RUNS	rc 1 (exit value NOT verified against the record; stdout: ) · saved binaries: base47bea7f0=RUNS 1 · base_baa2a38=RUNS 1	tests/logos/pass/bc_patown_iflet_readonly_return.logos (modulo comments)	already_in_tree:tests/logos/pass/bc_patown_iflet_readonly_return.logos
b185ee78e3d29dd9	2026-09-06c-patclass	c16	src/compiler/probes/2026-09-06c-patclass/hand/c16_iflet_else_moveout.logos	b	(b) PROBES.md:23976 "06c hand set on m2/m4: every (c)/(d) shape at Rust's count" vs 06c HEAD counts PROBES.md:23664-23683	legal	record, by reading (no rustc binary on this box)	RUNS	rc 1 (exit value NOT verified against the record; stdout: ) · saved binaries: base47bea7f0=RUNS 1 · base_baa2a38=RUNS 1	tests/logos/pass/bc_patown_iflet_else_moveout.logos (modulo comments)	already_in_tree:tests/logos/pass/bc_patown_iflet_else_moveout.logos
95b16be59b644b50	2026-09-06c-patclass	c18	src/compiler/probes/2026-09-06c-patclass/hand/c18_whilelet_readonly.logos	b	(b) PROBES.md:23976 "06c hand set on m2/m4: every (c)/(d) shape at Rust's count" vs 06c HEAD counts PROBES.md:23664-23683	legal	record, by reading (no rustc binary on this box)	RUNS	rc 3 (exit value NOT verified against the record; stdout: ) · saved binaries: base47bea7f0=RUNS 3 · base_baa2a38=RUNS 3	tests/logos/pass/bc_patown_whilelet_readonly.logos (modulo comments)	already_in_tree:tests/logos/pass/bc_patown_whilelet_readonly.logos
762ec7e5768d48c9	2026-09-06c-patclass	c21	src/compiler/probes/2026-09-06c-patclass/hand/c21_iflet_temp_readonly.logos	b	(b) PROBES.md:23976 "06c hand set on m2/m4: every (c)/(d) shape at Rust's count" vs 06c HEAD counts PROBES.md:23664-23683	legal	record, by reading (no rustc binary on this box)	RUNS	rc 1 (exit value NOT verified against the record; stdout: ) · saved binaries: base47bea7f0=RUNS 1 · base_baa2a38=RUNS 1	tests/logos/pass/bc_patown_iflet_temp_readonly.logos (modulo comments)	already_in_tree:tests/logos/pass/bc_patown_iflet_temp_readonly.logos
f18e8345051b0e90	2026-09-06c-patclass	c22	src/compiler/probes/2026-09-06c-patclass/hand/c22_letelse_readonly.logos	b	(b) PROBES.md:23976 "06c hand set on m2/m4: every (c)/(d) shape at Rust's count" vs 06c HEAD counts PROBES.md:23664-23683	legal	record, by reading (no rustc binary on this box)	RUNS	rc 1 (exit value NOT verified against the record; stdout: ) · saved binaries: base47bea7f0=RUNS 1 · base_baa2a38=RUNS 1	tests/logos/pass/bc_patown_letelse_readonly.logos (modulo comments)	already_in_tree:tests/logos/pass/bc_patown_letelse_readonly.logos
ae1c5dd7a3890826	2026-09-06c-patclass	c24	src/compiler/probes/2026-09-06c-patclass/hand/c24_iflet_place_field_moveout.logos	b	(b) PROBES.md:23976 "06c hand set on m2/m4: every (c)/(d) shape at Rust's count" vs 06c HEAD counts PROBES.md:23664-23683	legal	record, by reading (no rustc binary on this box)	RUNS	rc 1 (exit value NOT verified against the record; stdout: ) · saved binaries: base47bea7f0=RUNS 1 · base_baa2a38=RUNS 1	tests/logos/pass/bc_patown_iflet_place_field_moveout.logos (modulo comments)	already_in_tree:tests/logos/pass/bc_patown_iflet_place_field_moveout.logos
5ea2fa51fd7306ec	2026-09-06c-patclass	c26	src/compiler/probes/2026-09-06c-patclass/hand/c26_match_wild_other_variant.logos	b	(b) PROBES.md:23976 "06c hand set on m2/m4: every (c)/(d) shape at Rust's count" vs 06c HEAD counts PROBES.md:23664-23683	legal	record, by reading (no rustc binary on this box)	RUNS	rc 2 (exit value NOT verified against the record; stdout: ) · saved binaries: base47bea7f0=RUNS 2 · base_baa2a38=RUNS 2	tests/logos/pass/bc_patown_match_wild_other_variant.logos (modulo comments)	already_in_tree:tests/logos/pass/bc_patown_match_wild_other_variant.logos
d785fb710051c4d8	2026-09-06c-patclass	c29	src/compiler/probes/2026-09-06c-patclass/hand/c29_iflet_runtime_cond_moveout.logos	b	(b) PROBES.md:23976 "06c hand set on m2/m4: every (c)/(d) shape at Rust's count" vs 06c HEAD counts PROBES.md:23664-23683	legal	record, by reading (no rustc binary on this box)	RUNS	rc 3 (exit value NOT verified against the record; stdout: ) · saved binaries: base47bea7f0=RUNS 3 · base_baa2a38=RUNS 3	tests/logos/pass/bc_patown_iflet_runtime_cond_moveout.logos (modulo comments)	already_in_tree:tests/logos/pass/bc_patown_iflet_runtime_cond_moveout.logos
f85a4ebe7d663b97	2026-09-06c-patclass	c31	src/compiler/probes/2026-09-06c-patclass/hand/c31_match_nested_struct_sub_ctl.logos	b	(b) PROBES.md:23976 "06c hand set on m2/m4: every (c)/(d) shape at Rust's count" vs 06c HEAD counts PROBES.md:23664-23683	legal	record, by reading (no rustc binary on this box)	RUNS	rc 1 (exit value NOT verified against the record; stdout: ) · saved binaries: base47bea7f0=RUNS 1 · base_baa2a38=RUNS 1	tests/logos/pass/bc_patown_match_nested_struct_sub_ctl.logos (modulo comments)	already_in_tree:tests/logos/pass/bc_patown_match_nested_struct_sub_ctl.logos
4da3d1023888cf71	2026-09-06c-patclass	c32	src/compiler/probes/2026-09-06c-patclass/hand/c32_match_nested_struct_sub_moveout_ctl.logos	b	(b) PROBES.md:23976 "06c hand set on m2/m4: every (c)/(d) shape at Rust's count" vs 06c HEAD counts PROBES.md:23664-23683	legal	record, by reading (no rustc binary on this box)	RUNS	rc 1 (exit value NOT verified against the record; stdout: ) · saved binaries: base47bea7f0=RUNS 1 · base_baa2a38=RUNS 1	tests/logos/pass/bc_patown_match_nested_struct_sub_moveout_ctl.logos (modulo comments)	already_in_tree:tests/logos/pass/bc_patown_match_nested_struct_sub_moveout_ctl.logos
d116eb0bb61c9bd7	2026-09-06c-patclass	c34	src/compiler/probes/2026-09-06c-patclass/hand/c34_match_tuple_scrut_nested_variant_moveout.logos	b	(b) PROBES.md:23976 "06c hand set on m2/m4: every (c)/(d) shape at Rust's count" vs 06c HEAD counts PROBES.md:23664-23683	legal	record, by reading (no rustc binary on this box)	RUNS	rc 1 (exit value NOT verified against the record; stdout: ) · saved binaries: base47bea7f0=RUNS 1 · base_baa2a38=RUNS 1	tests/logos/pass/bc_patown_match_tuple_scrut_nested_variant_moveout.logos (modulo comments)	already_in_tree:tests/logos/pass/bc_patown_match_tuple_scrut_nested_variant_moveout.logos
fbd553cabfc6d59a	2026-09-06c-patclass	d02	src/compiler/probes/2026-09-06c-patclass/hand/d02_whilelet_break_readonly.logos	b	(b) PROBES.md:23976 "06c hand set on m2/m4: every (c)/(d) shape at Rust's count" vs 06c HEAD counts PROBES.md:23664-23683	legal	record, by reading (no rustc binary on this box)	RUNS	rc 3 (exit value NOT verified against the record; stdout: ) · saved binaries: base47bea7f0=RUNS 3 · base_baa2a38=RUNS 3	tests/logos/pass/bc_patown_whilelet_break_readonly.logos (modulo comments)	already_in_tree:tests/logos/pass/bc_patown_whilelet_break_readonly.logos
2e78678380ab952d	2026-09-06c-patclass	d03	src/compiler/probes/2026-09-06c-patclass/hand/d03_whilelet_continue_readonly.logos	b	(b) PROBES.md:23976 "06c hand set on m2/m4: every (c)/(d) shape at Rust's count" vs 06c HEAD counts PROBES.md:23664-23683	legal	record, by reading (no rustc binary on this box)	RUNS	rc 3 (exit value NOT verified against the record; stdout: ) · saved binaries: base47bea7f0=RUNS 3 · base_baa2a38=RUNS 3	tests/logos/pass/bc_patown_whilelet_continue_readonly.logos (modulo comments)	already_in_tree:tests/logos/pass/bc_patown_whilelet_continue_readonly.logos
1ce2212874e2386b	2026-09-06c-patclass	d04	src/compiler/probes/2026-09-06c-patclass/hand/d04_iflet_in_loop_break.logos	b	(b) PROBES.md:23976 "06c hand set on m2/m4: every (c)/(d) shape at Rust's count" vs 06c HEAD counts PROBES.md:23664-23683	legal	record, by reading (no rustc binary on this box)	RUNS	rc 3 (exit value NOT verified against the record; stdout: ) · saved binaries: base47bea7f0=RUNS 3 · base_baa2a38=RUNS 3	tests/logos/pass/bc_patown_iflet_in_loop_break.logos (modulo comments)	already_in_tree:tests/logos/pass/bc_patown_iflet_in_loop_break.logos
951e584ce43805a7	2026-09-06c-patclass	d05	src/compiler/probes/2026-09-06c-patclass/hand/d05_iflet_closure_body.logos	b	(b) PROBES.md:23976 "06c hand set on m2/m4: every (c)/(d) shape at Rust's count" vs 06c HEAD counts PROBES.md:23664-23683	legal	record, by reading (no rustc binary on this box)	RUNS	rc 1 (exit value NOT verified against the record; stdout: ) · saved binaries: base47bea7f0=RUNS 1 · base_baa2a38=RUNS 1	tests/logos/pass/bc_patown_iflet_closure_body.logos (modulo comments)	already_in_tree:tests/logos/pass/bc_patown_iflet_closure_body.logos
49d74bca4baa829c	2026-09-06c-patclass	d07	src/compiler/probes/2026-09-06c-patclass/hand/d07_iflet_return_binding.logos	b	(b) PROBES.md:23976 "06c hand set on m2/m4: every (c)/(d) shape at Rust's count" vs 06c HEAD counts PROBES.md:23664-23683	legal	record, by reading (no rustc binary on this box)	RUNS	rc 1 (exit value NOT verified against the record; stdout: ) · saved binaries: base47bea7f0=RUNS 1 · base_baa2a38=RUNS 1	tests/logos/pass/bc_patown_iflet_return_binding.logos (modulo comments)	already_in_tree:tests/logos/pass/bc_patown_iflet_return_binding.logos
b2f66341a1aab983	2026-09-06c-patclass	d08	src/compiler/probes/2026-09-06c-patclass/hand/d08_iflet_else_if_chain.logos	b	(b) PROBES.md:23976 "06c hand set on m2/m4: every (c)/(d) shape at Rust's count" vs 06c HEAD counts PROBES.md:23664-23683	legal	record, by reading (no rustc binary on this box)	RUNS	rc 3 (exit value NOT verified against the record; stdout: ) · saved binaries: base47bea7f0=RUNS 3 · base_baa2a38=RUNS 3	tests/logos/pass/bc_patown_iflet_else_if_chain.logos (modulo comments)	already_in_tree:tests/logos/pass/bc_patown_iflet_else_if_chain.logos
80cccd09fbac8bcb	2026-09-06c-patclass	d09	src/compiler/probes/2026-09-06c-patclass/hand/d09_iflet_nested_iflet.logos	b	(b) PROBES.md:23976 "06c hand set on m2/m4: every (c)/(d) shape at Rust's count" vs 06c HEAD counts PROBES.md:23664-23683	legal	record, by reading (no rustc binary on this box)	RUNS	rc 1 (exit value NOT verified against the record; stdout: ) · saved binaries: base47bea7f0=RUNS 1 · base_baa2a38=RUNS 1	tests/logos/pass/bc_patown_iflet_nested_iflet.logos (modulo comments)	already_in_tree:tests/logos/pass/bc_patown_iflet_nested_iflet.logos
f9df18294c92c2b1	2026-09-06c-patclass	a13	src/compiler/probes/2026-09-06c-patclass/hand/a13_ifletchain_mut.logos	b	(b) PROBES.md:23915 "class (a)'s door 2 no longer exists as a lowering (a13 a15 a16 a25 a26 a27 a29 run; a29 was a compiler crash)"	legal	record, by reading (no rustc binary on this box)	RUNS	0 · saved binaries: base47bea7f0=RUNS 0 · base_baa2a38=RUNS 0	tests/logos/pass/bc_patown_ifletchain_mut.logos (modulo comments)	already_in_tree:tests/logos/pass/bc_patown_ifletchain_mut.logos
5d55e8931e26f8c5	2026-09-06c-patclass	a15	src/compiler/probes/2026-09-06c-patclass/hand/a15_ifletchain_at.logos	b	(b) PROBES.md:23915 "class (a)'s door 2 no longer exists as a lowering (a13 a15 a16 a25 a26 a27 a29 run; a29 was a compiler crash)"	legal	record, by reading (no rustc binary on this box)	RUNS	0 · saved binaries: base47bea7f0=RUNS 0 · base_baa2a38=RUNS 0	tests/logos/pass/bc_patown_ifletchain_at.logos (modulo comments)	already_in_tree:tests/logos/pass/bc_patown_ifletchain_at.logos
d8bcb87aedf8c2d6	2026-09-06c-patclass	a16	src/compiler/probes/2026-09-06c-patclass/hand/a16_whileletchain_mut.logos	b	(b) PROBES.md:23915 "class (a)'s door 2 no longer exists as a lowering (a13 a15 a16 a25 a26 a27 a29 run; a29 was a compiler crash)"	legal	record, by reading (no rustc binary on this box)	RUNS	0 · saved binaries: base47bea7f0=RUNS 0 · base_baa2a38=RUNS 0	tests/logos/pass/bc_patown_whileletchain_mut.logos (modulo comments)	already_in_tree:tests/logos/pass/bc_patown_whileletchain_mut.logos
ed53bee721ac79f6	2026-09-06c-patclass	a25	src/compiler/probes/2026-09-06c-patclass/hand/a25_ifletchain_exclrange.logos	b	(b) PROBES.md:23915 "class (a)'s door 2 no longer exists as a lowering (a13 a15 a16 a25 a26 a27 a29 run; a29 was a compiler crash)"	legal	record, by reading (no rustc binary on this box)	RUNS	0 · saved binaries: base47bea7f0=RUNS 0 · base_baa2a38=RUNS 0	tests/logos/pass/bc_patown_ifletchain_exclrange.logos (modulo comments)	already_in_tree:tests/logos/pass/bc_patown_ifletchain_exclrange.logos
9060fc4acaccb6c3	2026-09-06c-patclass	a26	src/compiler/probes/2026-09-06c-patclass/hand/a26_ifletchain_negint.logos	b	(b) PROBES.md:23915 "class (a)'s door 2 no longer exists as a lowering (a13 a15 a16 a25 a26 a27 a29 run; a29 was a compiler crash)"	legal	record, by reading (no rustc binary on this box)	RUNS	0 · saved binaries: base47bea7f0=RUNS 0 · base_baa2a38=RUNS 0	tests/logos/pass/bc_patown_ifletchain_negint.logos (modulo comments)	already_in_tree:tests/logos/pass/bc_patown_ifletchain_negint.logos
5c6cf8e0feb14afa	2026-09-06c-patclass	a27	src/compiler/probes/2026-09-06c-patclass/hand/a27_ifletchain_slice.logos	b	(b) PROBES.md:23915 "class (a)'s door 2 no longer exists as a lowering (a13 a15 a16 a25 a26 a27 a29 run; a29 was a compiler crash)"	legal	record, by reading (no rustc binary on this box)	RUNS	0 · saved binaries: base47bea7f0=RUNS 0 · base_baa2a38=RUNS 0	tests/logos/pass/bc_patown_ifletchain_slice.logos (modulo comments)	already_in_tree:tests/logos/pass/bc_patown_ifletchain_slice.logos
2259c17ad161d745	2026-09-06c-patclass	a29	src/compiler/probes/2026-09-06c-patclass/hand/a29_ifletchain_struct_ref.logos	b	(b) PROBES.md:23915 "class (a)'s door 2 no longer exists as a lowering (a13 a15 a16 a25 a26 a27 a29 run; a29 was a compiler crash)"	legal	record, by reading (no rustc binary on this box)	RUNS	rc 1 (exit value NOT verified against the record; stdout: ) · saved binaries: base47bea7f0=RUNS 1 · base_baa2a38=RUNS 1	tests/logos/pass/bc_patown_ifletchain_struct_ref.logos (modulo comments)	already_in_tree:tests/logos/pass/bc_patown_ifletchain_struct_ref.logos
f421f02bc5e2d09e	2026-09-06c-patclass	d13	src/compiler/probes/2026-09-06c-patclass/hand/d13_whilelet_place_scrut.logos	b	(b) PROBES.md:23978 "d13 ... now REFUSED \"use of moved field 'o.0'\" — that is rustc's E0382 ... it was an ADMIT on HEAD"	illegal	record, by reading (no rustc binary on this box); the record cites a rustc error code / upstream	REFUSED	error [fn main]: use of moved field 'o.0' (moved on line 12) [1 error line(s)] · saved binaries: base47bea7f0=REFUSED · base_baa2a38=REFUSED	tests/logos/fail/bc_patown_whilelet_place_scrut_loop_fail.logos (modulo comments)	already_in_tree:tests/logos/fail/bc_patown_whilelet_place_scrut_loop_fail.logos
a5d163021eaf291f	2026-09-07a-boxmutctx	h06	src/compiler/probes/2026-09-07a-boxmutctx/hand/h06_box_write_immut.logos	a	(a) PROBES.md:24101 "bxwrdeleg ... ⚠ h06 h17 h21 ADMITTED — the deref_mut receiver is never asked"	illegal	record, by reading (no rustc binary on this box)	REFUSED	error [fn main]: cannot borrow 'b' as mutable: not declared as mut [1 error line(s)] · saved binaries: base47bea7f0=REFUSED · base_baa2a38=REFUSED	tests/logos/fail/bc_mutplace_box_deref_assign_immut_fail.logos (modulo comments)	already_in_tree:tests/logos/fail/bc_mutplace_box_deref_assign_immut_fail.logos
b257ab090152bdd7	2026-09-07a-boxmutctx	h17	src/compiler/probes/2026-09-07a-boxmutctx/hand/h17_boxbox_write_immut.logos	a	(a) PROBES.md:24101 "bxwrdeleg ... ⚠ h06 h17 h21 ADMITTED — the deref_mut receiver is never asked"	illegal	record, by reading (no rustc binary on this box)	REFUSED	error [fn main]: cannot borrow 'bb' as mutable: not declared as mut [1 error line(s)] · saved binaries: base47bea7f0=REFUSED · base_baa2a38=REFUSED		fail_fixture
80ce77a424c4b869	2026-09-07a-boxmutctx	h21	src/compiler/probes/2026-09-07a-boxmutctx/hand/h21_user_derefmut_write_immut.logos	a	(a) PROBES.md:24101 "bxwrdeleg ... ⚠ h06 h17 h21 ADMITTED — the deref_mut receiver is never asked"	illegal	record, by reading (no rustc binary on this box)	REFUSED	error [fn main]: cannot borrow 'w' as mutable: not declared as mut [1 error line(s)] · saved binaries: base47bea7f0=REFUSED · base_baa2a38=REFUSED		fail_fixture
98510c6cbf1732be	2026-09-07a-boxmutctx	h04	src/compiler/probes/2026-09-07a-boxmutctx/hand/h04_boxbox_write.logos	a	(a) PROBES.md:24108 "h04 `**bb = 6` and h33 `**bb += 6` close under NEITHER half"	legal	record, by reading (no rustc binary on this box)	RUNS	0 · saved binaries: base47bea7f0=RUNS 0 · base_baa2a38=RUNS 0		pass_fixture
cc40325fc02577bf	2026-09-07a-boxmutctx	h33	src/compiler/probes/2026-09-07a-boxmutctx/hand/h33_boxbox_compound.logos	a	(a) PROBES.md:24108 "h04 `**bb = 6` and h33 `**bb += 6` close under NEITHER half"	legal	record, by reading (no rustc binary on this box)	RUNS	0 · saved binaries: base47bea7f0=RUNS 0 · base_baa2a38=RUNS 0		pass_fixture
286bb1f0d4e7bb9a	2026-09-07a-boxmutctx	h16	src/compiler/probes/2026-09-07a-boxmutctx/hand/h16_box_in_vec_write.logos	a	(a) PROBES.md:24105 "bxmutall 36 shapes: every Rust verdict matches except ... h16 (its own row)"	legal	record, by reading (no rustc binary on this box)	RUNS	0 · saved binaries: base47bea7f0=RUNS 0 · base_baa2a38=RUNS 0	tests/logos/pass/bc_mutplace_box_in_vec_deref_write.logos (modulo comments)	already_in_tree:tests/logos/pass/bc_mutplace_box_in_vec_deref_write.logos
06007614a2ba8e8a	2026-09-08a-mutplace	c03	src/compiler/probes/2026-09-08a-mutplace/hand/c03_derefonly_paren_field_write.logos	b	(b) PROBES.md:24264 "FOUR illegal shapes ADMITTED that no row named: `(*w).f = 7`, `w.f = 7`, `w.f += 6` over a Deref-only W (c03/c04/c26 ...), `h.m[0] = 9` ... (c17)"; PROBES.md:24292 "closed c03/c04/c26/c17"	illegal	record, by reading (no rustc binary on this box)	REFUSED	c03_derefonly_paren_field_write.logos:8: error [fn main]: cannot mutate throu [2 error line(s)] · saved binaries: base47bea7f0=REFUSED · base_baa2a38=REFUSED	tests/logos/fail/bc_mutplace_derefonly_paren_field_write_fail.logos (modulo comments)	already_in_tree:tests/logos/fail/bc_mutplace_derefonly_paren_field_write_fail.logos
9345ff28cc45d572	2026-09-08a-mutplace	c04	src/compiler/probes/2026-09-08a-mutplace/hand/c04_derefonly_autoderef_field_write.logos	b	(b) PROBES.md:24264 "FOUR illegal shapes ADMITTED that no row named: `(*w).f = 7`, `w.f = 7`, `w.f += 6` over a Deref-only W (c03/c04/c26 ...), `h.m[0] = 9` ... (c17)"; PROBES.md:24292 "closed c03/c04/c26/c17"	illegal	record, by reading (no rustc binary on this box)	REFUSED	c04_derefonly_autoderef_field_write.logos:8: error [fn main]: cannot mutate t [1 error line(s)] · saved binaries: base47bea7f0=REFUSED · base_baa2a38=REFUSED	tests/logos/fail/bc_mutplace_derefonly_autoderef_field_write_fail.logos (modulo comments)	already_in_tree:tests/logos/fail/bc_mutplace_derefonly_autoderef_field_write_fail.logos
9bcfb61f308ef808	2026-09-08a-mutplace	c26	src/compiler/probes/2026-09-08a-mutplace/hand/c26_derefonly_field_compound.logos	b	(b) PROBES.md:24264 "FOUR illegal shapes ADMITTED that no row named: `(*w).f = 7`, `w.f = 7`, `w.f += 6` over a Deref-only W (c03/c04/c26 ...), `h.m[0] = 9` ... (c17)"; PROBES.md:24292 "closed c03/c04/c26/c17"	illegal	record, by reading (no rustc binary on this box)	REFUSED	c26_derefonly_field_compound.logos:8: error [fn main]: cannot mutate through  [1 error line(s)] · saved binaries: base47bea7f0=REFUSED · base_baa2a38=REFUSED	tests/logos/fail/bc_mutplace_derefonly_field_compound_fail.logos (modulo comments)	already_in_tree:tests/logos/fail/bc_mutplace_derefonly_field_compound_fail.logos
6e83186173ecc262	2026-09-08a-mutplace	c17	src/compiler/probes/2026-09-08a-mutplace/hand/c17_indexonly_through_field_write.logos	b	(b) PROBES.md:24264 "FOUR illegal shapes ADMITTED that no row named: `(*w).f = 7`, `w.f = 7`, `w.f += 6` over a Deref-only W (c03/c04/c26 ...), `h.m[0] = 9` ... (c17)"; PROBES.md:24292 "closed c03/c04/c26/c17"	illegal	record, by reading (no rustc binary on this box)	REFUSED	c17_indexonly_through_field_write.logos:8: error [fn main]: cannot assign to  [1 error line(s)] · saved binaries: base47bea7f0=REFUSED · base_baa2a38=REFUSED	tests/logos/fail/bc_mutplace_indexonly_through_field_write_fail.logos (modulo comments)	already_in_tree:tests/logos/fail/bc_mutplace_indexonly_through_field_write_fail.logos
016e4a7b3dea9f24	2026-09-09a-bindmut	f06	src/compiler/probes/2026-09-09a-bindmut/hand/f06_mut_labeled_break.logos	a	(a) PROBES.md:24406 "`'l: for mut i in 0..3` ABORTED the compiler — LIR-MIRROR-005 ... f06/f14 134 -> 0" (the priced scaffold)	legal	record, by reading (no rustc binary on this box)	RUNS	0 · saved binaries: base47bea7f0=RUNS 0 · base_baa2a38=RUNS 0	tests/logos/pass/bc_bindmut_for_range_mut_labeled_break.logos	already_in_tree:tests/logos/pass/bc_bindmut_for_range_mut_labeled_break.logos
2fb3c709379e3c9d	2026-09-09a-bindmut	f14	src/compiler/probes/2026-09-09a-bindmut/hand/f14_labeled_min_mut.logos	a	(a) PROBES.md:24406 "`'l: for mut i in 0..3` ABORTED the compiler — LIR-MIRROR-005 ... f06/f14 134 -> 0" (the priced scaffold)	legal	record, by reading (no rustc binary on this box)	RUNS	0 · saved binaries: base47bea7f0=RUNS 0 · base_baa2a38=RUNS 0		pass_fixture
4979a3d4633b32c2	2026-09-09a-bindmut	f01	src/compiler/probes/2026-09-09a-bindmut/hand/f01_row_mut_assign.logos	a	(a) PROBES.md:24520 "formutbit ... f01 compiles and exits 1 (series with formutslot)"	legal	record, by reading (no rustc binary on this box)	RUNS	0 · saved binaries: base47bea7f0=RUNS 0 · base_baa2a38=RUNS 0	tests/logos/pass/bc_bindmut_for_range_mut_assign.logos (modulo comments)	already_in_tree:tests/logos/pass/bc_bindmut_for_range_mut_assign.logos
92908f1b91268cd4	2026-09-09a-bindmut	a10	src/compiler/probes/2026-09-09a-bindmut/hand/a10_top_at_nomut_addrof.logos	a	(a) PROBES.md:24470 "a10 `n @ 1..=5 => bump(&mut n)` with NO `mut`, top level: ADMITTED ... So a03's green under atmuttop is this permissiveness"	illegal	record, by reading (no rustc binary on this box)	REFUSED	error [fn main]: cannot borrow 'n' as mutable: not declared as mut [1 error line(s)] · saved binaries: base47bea7f0=REFUSED · base_baa2a38=REFUSED	tests/logos/fail/bc_bindmut_at_top_nomut_addrmut_fail.logos	already_in_tree:tests/logos/fail/bc_bindmut_at_top_nomut_addrmut_fail.logos
a98a03a41a7f92c4	2026-09-09a-bindmut	e10	src/compiler/probes/2026-09-09a-bindmut/hand/e10_nested_tuple_amp_mut.logos	a	(a) PROBES.md:24474 "e10 `match &p { (Some(mut a), _) => }` ADMITTED under every arm"	illegal	record, by reading (no rustc binary on this box)	REFUSED	e10_nested_tuple_amp_mut.logos:5: error [fn main]: binding modifiers may only  [1 error line(s)] · saved binaries: base47bea7f0=REFUSED · base_baa2a38=REFUSED	tests/logos/fail/dbmcarry_ergo_tuple_scalar_mut_fail.logos (modulo comments)	already_in_tree:tests/logos/fail/dbmcarry_ergo_tuple_scalar_mut_fail.logos
18f176a9f907d384	2026-09-09a-bindmut	e13	src/compiler/probes/2026-09-09a-bindmut/hand/e13_amp_at_mut_series.logos	a	(a) PROBES.md:24452 "ergomut + atmutbit are in series for e13 ... neither name alone reaches the 2024 sentence"	illegal	record, by reading (no rustc binary on this box)	REFUSED	e13_amp_at_mut_series.logos:5: error [fn main]: binding modifiers may only be  [1 error line(s)] · saved binaries: base47bea7f0=REFUSED · base_baa2a38=REFUSED	tests/logos/fail/bc_bindmut_ergo_amp_at_mut_fail.logos	already_in_tree:tests/logos/fail/bc_bindmut_ergo_amp_at_mut_fail.logos
69fe872a000ccf6d	2026-09-09a-bindmut	a13	src/compiler/probes/2026-09-09a-bindmut/hand/a13_payload_ref_at.logos	a	(a) PROBES.md:24635 "pushing the real flag REGRESSED a13 `ref n @ 1..=5`, 'arith.cmpi' on a pointer"	legal	record, by reading (no rustc binary on this box)	RUNS	0 · saved binaries: base47bea7f0=RUNS 0 · base_baa2a38=RUNS 0	tests/logos/pass/bc_bindmut_at_payload_ref_range.logos	already_in_tree:tests/logos/pass/bc_bindmut_at_payload_ref_range.logos
c4255ab99770ee0d	2026-09-09c-atbind	h03	src/compiler/probes/2026-09-09c-atbind/hand/h03.logos	a	(a) PROBES.md:24766 "atbcdecl ... hand h03 REFUSED (legal)"	legal	record, by reading (no rustc binary on this box)	RUNS	0 · saved binaries: base47bea7f0=RUNS 0 · base_baa2a38=RUNS 0	tests/logos/pass/bc_bindmut_at_top_mut_addrmut.logos (modulo comments)	already_in_tree:tests/logos/pass/bc_bindmut_at_top_mut_addrmut.logos
b8fd16bd5937408a	2026-09-09c-atbind	h20	src/compiler/probes/2026-09-09c-atbind/hand/h20.logos	a	(a) PROBES.md:24784 "⚠ hand h20 SEGFAULTS at run (rc 139) where unarmed it merely computes 1" (atpatbind)	legal	record, by reading (no rustc binary on this box)	RUNS	0 · saved binaries: base47bea7f0=RUNS 0 · base_baa2a38=RUNS 0	tests/logos/pass/at_bind_struct_field_variant_sub.logos (modulo comments)	already_in_tree:tests/logos/pass/at_bind_struct_field_variant_sub.logos
edb3ceab788d792e	2026-09-09c-atbind	h14	src/compiler/probes/2026-09-09c-atbind/hand/h14.logos	a	(a) PROBES.md:24811 "atletdel ... ⚠ hand h14 (`let mut n @ _`) still refused ... legal Rust"	legal	record, by reading (no rustc binary on this box)	RUNS	0 · saved binaries: base47bea7f0=RUNS 0 · base_baa2a38=RUNS 0		pass_fixture
2fdf57e2ddc3c911	2026-09-09c-atbind	h18	src/compiler/probes/2026-09-09c-atbind/hand/h18.logos	a	(a) PROBES.md:24802 "⚠ hand h20 SEGV, h18 compiles and computes 1" (atsubsema+atpatbind)	legal	record, by reading (no rustc binary on this box)	RUNS	0 · saved binaries: base47bea7f0=RUNS 0 · base_baa2a38=RUNS 0		pass_fixture
5ce9e2c5adc93e8e	2026-09-06e-scalarcore	h33	src/compiler/probes/2026-09-06e-scalarcore/hand/h33.logos	a	(a) PROBES.md:25443 "h33 / h34 / h35 put a LITERAL or RANGE arm and a WHOLE-SCRUTINEE BINDER ... legal Rust — and under `scall` they are still refused"	legal	record, by reading (no rustc binary on this box)	RUNS	0 · saved binaries: base47bea7f0=RUNS 0 · base_baa2a38=RUNS 0		pass_fixture
ef8b4af6075ae4bd	2026-09-06e-scalarcore	h34	src/compiler/probes/2026-09-06e-scalarcore/hand/h34.logos	a	(a) PROBES.md:25443 "h33 / h34 / h35 put a LITERAL or RANGE arm and a WHOLE-SCRUTINEE BINDER ... legal Rust — and under `scall` they are still refused"	legal	record, by reading (no rustc binary on this box)	RUNS	0 · saved binaries: base47bea7f0=RUNS 0 · base_baa2a38=RUNS 0		pass_fixture
ac6887b66c9681e0	2026-09-06e-scalarcore	h35	src/compiler/probes/2026-09-06e-scalarcore/hand/h35.logos	a	(a) PROBES.md:25443 "h33 / h34 / h35 put a LITERAL or RANGE arm and a WHOLE-SCRUTINEE BINDER ... legal Rust — and under `scall` they are still refused"	legal	record, by reading (no rustc binary on this box)	RUNS	0 · saved binaries: base47bea7f0=RUNS 0 · base_baa2a38=RUNS 0		pass_fixture
f9553d8d9cc0328f	2026-09-06e-scalarcore	h16	src/compiler/probes/2026-09-06e-scalarcore/hand/h16.logos	c	(c) PREDICTION.md:105 "h16 let-else — a THIRD value door ... PREDICTED still wrong under scall"; PROBES.md:25361 "`let … else` is NOT a defect: the sema half alone closes it (hand h16)"	legal	record, by reading (no rustc binary on this box)	RUNS	0 · saved binaries: base47bea7f0=RUNS 0 · base_baa2a38=RUNS 0		pass_fixture
2a479155e064d24c	2026-09-09d-atland	g13	src/compiler/probes/2026-09-09d-atland/hand/g13.logos	a,b	(a) PROBES.md:24893 "(a) g13/g22 SEGFAULTED under the first At case" | (b) tables/hand_head.txt vs hand_final.txt: run=1 or cc=1 on HEAD -> cc=0 run=0 landed; PROBES.md:24889 "ELEVEN of fifteen were already wrong before a line was edited"	legal	record, by reading (no rustc binary on this box)	RUNS	0 · saved binaries: base47bea7f0=RUNS 0 · base_baa2a38=RUNS 0		pass_fixture
d6dcac0fa66169f8	2026-09-09d-atland	g22	src/compiler/probes/2026-09-09d-atland/hand/g22.logos	a	(a) PROBES.md:24893 "(a) g13/g22 SEGFAULTED under the first At case"	legal	record, by reading (no rustc binary on this box)	RUNS	0 · saved binaries: base47bea7f0=RUNS 0 · base_baa2a38=RUNS 0		pass_fixture
a3e4bb5cb661fb0d	2026-09-09d-atland	g14	src/compiler/probes/2026-09-09d-atland/hand/g14.logos	a,b	(a) PROBES.md:24897 "(b) g14 ABORTED (134) under the first `let` delegation" | (b) tables/hand_head.txt vs hand_final.txt: run=1 or cc=1 on HEAD -> cc=0 run=0 landed; PROBES.md:24889 "ELEVEN of fifteen were already wrong before a line was edited"	legal	record, by reading (no rustc binary on this box)	RUNS	0 · saved binaries: base47bea7f0=RUNS 0 · base_baa2a38=RUNS 0		pass_fixture
040d3601606f3415	2026-09-09d-atland	g03	src/compiler/probes/2026-09-09d-atland/hand/g03.logos	a,b	(a) PROBES.md:24900 "(c) g03/g11 stayed run 1" (first-cut fix) | (b) tables/hand_head.txt vs hand_final.txt: run=1 or cc=1 on HEAD -> cc=0 run=0 landed; PROBES.md:24889 "ELEVEN of fifteen were already wrong before a line was edited"	legal	record, by reading (no rustc binary on this box)	RUNS	0 · saved binaries: base47bea7f0=RUNS 0 · base_baa2a38=RUNS 0	tests/logos/pass/at_bind_tuple_typed_field.logos (modulo comments)	already_in_tree:tests/logos/pass/at_bind_tuple_typed_field.logos
09c65307cfc1f7a7	2026-09-09d-atland	g11	src/compiler/probes/2026-09-09d-atland/hand/g11.logos	a,b	(a) PROBES.md:24900 "(c) g03/g11 stayed run 1" (first-cut fix) | (b) tables/hand_head.txt vs hand_final.txt: run=1 or cc=1 on HEAD -> cc=0 run=0 landed; PROBES.md:24889 "ELEVEN of fifteen were already wrong before a line was edited"	legal	record, by reading (no rustc binary on this box)	RUNS	0 · saved binaries: base47bea7f0=RUNS 0 · base_baa2a38=RUNS 0		pass_fixture
457278a88c7a5b0a	2026-09-09d-atland	g18	src/compiler/probes/2026-09-09d-atland/hand/g18.logos	b,c	(b) PROBES.md:24903 "g18/g20 ... SEGFAULT on HEAD, rc 139, and run 0 after" | (c) PREDICTION.txt:36 "-> unchanged BAD: ... g18 g20"; PROBES.md:24904 "run 0 after"	legal	record, by reading (no rustc binary on this box)	RUNS	0 · saved binaries: base47bea7f0=RUNS 0 · base_baa2a38=RUNS 0	tests/logos/pass/pat_bind_enum_tuple_elem.logos (modulo comments)	already_in_tree:tests/logos/pass/pat_bind_enum_tuple_elem.logos
6351e53436a8b60b	2026-09-09d-atland	g20	src/compiler/probes/2026-09-09d-atland/hand/g20.logos	b,c	(b) PROBES.md:24903 "g18/g20 ... SEGFAULT on HEAD, rc 139, and run 0 after" | (c) PREDICTION.txt:36 "-> unchanged BAD: ... g18 g20"; PROBES.md:24904 "run 0 after"	legal	record, by reading (no rustc binary on this box)	RUNS	0 · saved binaries: base47bea7f0=RUNS 0 · base_baa2a38=RUNS 0	tests/logos/pass/pat_bind_enum_tuple_elem_nested_match.logos (modulo comments)	already_in_tree:tests/logos/pass/pat_bind_enum_tuple_elem_nested_match.logos
c71d3b10d163f692	2026-09-06f-scalarland	g01	src/compiler/probes/2026-09-06f-scalarland/hand/g01.logos	b	(b) PROBES.md:25518 "20 of 20 g-programs refused at base; NINETEEN now compile and run 0" (g08 -> run 139, PROBES.md:25519)	legal	record, by reading (no rustc binary on this box)	RUNS	0 · saved binaries: base47bea7f0=RUNS 0 · base_baa2a38=RUNS 0		pass_fixture
ac24923f8be73274	2026-09-06f-scalarland	g02	src/compiler/probes/2026-09-06f-scalarland/hand/g02.logos	b	(b) PROBES.md:25518 "20 of 20 g-programs refused at base; NINETEEN now compile and run 0" (g08 -> run 139, PROBES.md:25519)	legal	record, by reading (no rustc binary on this box)	RUNS	0 · saved binaries: base47bea7f0=RUNS 0 · base_baa2a38=RUNS 0		pass_fixture
4efe6149f4b66e0d	2026-09-06f-scalarland	g03	src/compiler/probes/2026-09-06f-scalarland/hand/g03.logos	b	(b) PROBES.md:25518 "20 of 20 g-programs refused at base; NINETEEN now compile and run 0" (g08 -> run 139, PROBES.md:25519)	legal	record, by reading (no rustc binary on this box)	RUNS	0 · saved binaries: base47bea7f0=RUNS 0 · base_baa2a38=RUNS 0		pass_fixture
52632cbd102a041d	2026-09-06f-scalarland	g04	src/compiler/probes/2026-09-06f-scalarland/hand/g04.logos	b	(b) PROBES.md:25518 "20 of 20 g-programs refused at base; NINETEEN now compile and run 0" (g08 -> run 139, PROBES.md:25519)	legal	record, by reading (no rustc binary on this box)	RUNS	0 · saved binaries: base47bea7f0=RUNS 0 · base_baa2a38=RUNS 0		pass_fixture
297694054abc966d	2026-09-06f-scalarland	g05	src/compiler/probes/2026-09-06f-scalarland/hand/g05.logos	b	(b) PROBES.md:25518 "20 of 20 g-programs refused at base; NINETEEN now compile and run 0" (g08 -> run 139, PROBES.md:25519)	legal	record, by reading (no rustc binary on this box)	RUNS	0 · saved binaries: base47bea7f0=RUNS 0 · base_baa2a38=RUNS 0		pass_fixture
06983a1b1ca7d99e	2026-09-06f-scalarland	g06	src/compiler/probes/2026-09-06f-scalarland/hand/g06.logos	b	(b) PROBES.md:25518 "20 of 20 g-programs refused at base; NINETEEN now compile and run 0" (g08 -> run 139, PROBES.md:25519)	legal	record, by reading (no rustc binary on this box)	RUNS	0 · saved binaries: base47bea7f0=RUNS 0 · base_baa2a38=RUNS 0		pass_fixture
13c6a7ec6d8827d1	2026-09-06f-scalarland	g07	src/compiler/probes/2026-09-06f-scalarland/hand/g07.logos	b	(b) PROBES.md:25518 "20 of 20 g-programs refused at base; NINETEEN now compile and run 0" (g08 -> run 139, PROBES.md:25519)	legal	record, by reading (no rustc binary on this box)	RUNS	0 · saved binaries: base47bea7f0=RUNS 0 · base_baa2a38=RUNS 0		pass_fixture
f7b23c76ff029ccc	2026-09-06f-scalarland	g08	src/compiler/probes/2026-09-06f-scalarland/hand/g08.logos	b,c	(b) PROBES.md:25518 "20 of 20 g-programs refused at base; NINETEEN now compile and run 0" (g08 -> run 139, PROBES.md:25519) | (c) PROBES.md:25519 "THE PREDICTION MISSED ONE: g08 ... predicted run 0 and measured run 139"	legal	record, by reading (no rustc binary on this box)	RUNS	0 · saved binaries: base47bea7f0=RUNS 0 · base_baa2a38=RUNS 0		pass_fixture
5d2891f0fe7a539e	2026-09-06f-scalarland	g09	src/compiler/probes/2026-09-06f-scalarland/hand/g09.logos	b	(b) PROBES.md:25518 "20 of 20 g-programs refused at base; NINETEEN now compile and run 0" (g08 -> run 139, PROBES.md:25519)	legal	record, by reading (no rustc binary on this box)	RUNS	0 · saved binaries: base47bea7f0=RUNS 0 · base_baa2a38=RUNS 0		pass_fixture
073c099e0ff8ecf3	2026-09-06f-scalarland	g10	src/compiler/probes/2026-09-06f-scalarland/hand/g10.logos	b	(b) PROBES.md:25518 "20 of 20 g-programs refused at base; NINETEEN now compile and run 0" (g08 -> run 139, PROBES.md:25519)	legal	record, by reading (no rustc binary on this box)	RUNS	0 · saved binaries: base47bea7f0=RUNS 0 · base_baa2a38=RUNS 0		pass_fixture
9b8b63b073c614d4	2026-09-06f-scalarland	g11	src/compiler/probes/2026-09-06f-scalarland/hand/g11.logos	b	(b) PROBES.md:25518 "20 of 20 g-programs refused at base; NINETEEN now compile and run 0" (g08 -> run 139, PROBES.md:25519)	legal	record, by reading (no rustc binary on this box)	RUNS	0 · saved binaries: base47bea7f0=RUNS 0 · base_baa2a38=RUNS 0		pass_fixture
964f6f9445802e08	2026-09-06f-scalarland	g12	src/compiler/probes/2026-09-06f-scalarland/hand/g12.logos	b	(b) PROBES.md:25518 "20 of 20 g-programs refused at base; NINETEEN now compile and run 0" (g08 -> run 139, PROBES.md:25519)	legal	record, by reading (no rustc binary on this box)	RUNS	0 · saved binaries: base47bea7f0=RUNS 0 · base_baa2a38=RUNS 0		pass_fixture
1f1e79e3ad8698ff	2026-09-06f-scalarland	g13	src/compiler/probes/2026-09-06f-scalarland/hand/g13.logos	b	(b) PROBES.md:25518 "20 of 20 g-programs refused at base; NINETEEN now compile and run 0" (g08 -> run 139, PROBES.md:25519)	legal	record, by reading (no rustc binary on this box)	RUNS	0 · saved binaries: base47bea7f0=RUNS 0 · base_baa2a38=RUNS 0		pass_fixture
cbb1187fc68c11ef	2026-09-06f-scalarland	g14	src/compiler/probes/2026-09-06f-scalarland/hand/g14.logos	b	(b) PROBES.md:25518 "20 of 20 g-programs refused at base; NINETEEN now compile and run 0" (g08 -> run 139, PROBES.md:25519)	legal	record, by reading (no rustc binary on this box)	RUNS	0 · saved binaries: base47bea7f0=RUNS 0 · base_baa2a38=RUNS 0		pass_fixture
ff7f1b3195da2a3e	2026-09-06f-scalarland	g15	src/compiler/probes/2026-09-06f-scalarland/hand/g15.logos	b	(b) PROBES.md:25518 "20 of 20 g-programs refused at base; NINETEEN now compile and run 0" (g08 -> run 139, PROBES.md:25519)	legal	record, by reading (no rustc binary on this box)	RUNS	0 · saved binaries: base47bea7f0=RUNS 0 · base_baa2a38=RUNS 0		pass_fixture
483bf1580846b3f0	2026-09-06f-scalarland	g16	src/compiler/probes/2026-09-06f-scalarland/hand/g16.logos	b	(b) PROBES.md:25518 "20 of 20 g-programs refused at base; NINETEEN now compile and run 0" (g08 -> run 139, PROBES.md:25519)	legal	record, by reading (no rustc binary on this box)	RUNS	0 · saved binaries: base47bea7f0=RUNS 0 · base_baa2a38=RUNS 0		pass_fixture
47f0de8554f846f4	2026-09-06f-scalarland	g17	src/compiler/probes/2026-09-06f-scalarland/hand/g17.logos	b	(b) PROBES.md:25518 "20 of 20 g-programs refused at base; NINETEEN now compile and run 0" (g08 -> run 139, PROBES.md:25519)	legal	record, by reading (no rustc binary on this box)	RUNS	0 · saved binaries: base47bea7f0=RUNS 0 · base_baa2a38=RUNS 0		pass_fixture
7440c8d79675d26a	2026-09-06f-scalarland	g18	src/compiler/probes/2026-09-06f-scalarland/hand/g18.logos	b	(b) PROBES.md:25518 "20 of 20 g-programs refused at base; NINETEEN now compile and run 0" (g08 -> run 139, PROBES.md:25519)	legal	record, by reading (no rustc binary on this box)	RUNS	0 · saved binaries: base47bea7f0=RUNS 0 · base_baa2a38=RUNS 0		pass_fixture
c1d305c660bebfd6	2026-09-06f-scalarland	g19	src/compiler/probes/2026-09-06f-scalarland/hand/g19.logos	b	(b) PROBES.md:25518 "20 of 20 g-programs refused at base; NINETEEN now compile and run 0" (g08 -> run 139, PROBES.md:25519)	legal	record, by reading (no rustc binary on this box)	RUNS	0 · saved binaries: base47bea7f0=RUNS 0 · base_baa2a38=RUNS 0		pass_fixture
a4329b4a8472c3ba	2026-09-06f-scalarland	g20	src/compiler/probes/2026-09-06f-scalarland/hand/g20.logos	b	(b) PROBES.md:25518 "20 of 20 g-programs refused at base; NINETEEN now compile and run 0" (g08 -> run 139, PROBES.md:25519)	legal	record, by reading (no rustc binary on this box)	RUNS	0 · saved binaries: base47bea7f0=RUNS 0 · base_baa2a38=RUNS 0		pass_fixture
a9bd5fea4910044a	2026-09-06f-scalarland	c06	src/compiler/probes/2026-09-06f-scalarland/hand/c06.logos	b	(b) PROBES.md:25531 "c06 — `match rr { &&n => … }` ... COMPILED CLEAN AND COMPUTED GARBAGE at base ... both are closed"	legal	record, by reading (no rustc binary on this box)	RUNS	0 · saved binaries: base47bea7f0=RUNS 0 · base_baa2a38=RUNS 0	tests/logos/pass/patcore_refpat_scalar_depth2.logos (modulo comments)	already_in_tree:tests/logos/pass/patcore_refpat_scalar_depth2.logos
069caa698d969bbf	2026-09-06g-refmode	h01	src/compiler/probes/2026-09-06g-refmode/hand/h01.logos	a	(a) PROBES.md:25680 "Under `tupboth` ... FOUR do not — h01 h05 h19 h20 — ... use of moved field 't.0'"	legal	record, by reading (no rustc binary on this box)	RUNS	0 · saved binaries: base47bea7f0=RUNS 0 · base_baa2a38=RUNS 0		pass_fixture
7664a56257ac691d	2026-09-06g-refmode	h05	src/compiler/probes/2026-09-06g-refmode/hand/h05.logos	a	(a) PROBES.md:25680 "Under `tupboth` ... FOUR do not — h01 h05 h19 h20 — ... use of moved field 't.0'"	legal	record, by reading (no rustc binary on this box)	RUNS	0 · saved binaries: base47bea7f0=RUNS 0 · base_baa2a38=RUNS 0		pass_fixture
6578f76357c83a49	2026-09-06g-refmode	h19	src/compiler/probes/2026-09-06g-refmode/hand/h19.logos	a	(a) PROBES.md:25680 "Under `tupboth` ... FOUR do not — h01 h05 h19 h20 — ... use of moved field 't.0'"	legal	record, by reading (no rustc binary on this box)	RUNS	0 · saved binaries: base47bea7f0=RUNS 0 · base_baa2a38=RUNS 0		pass_fixture
881b6c1135c9a10c	2026-09-06g-refmode	h20	src/compiler/probes/2026-09-06g-refmode/hand/h20.logos	a	(a) PROBES.md:25680 "Under `tupboth` ... FOUR do not — h01 h05 h19 h20 — ... use of moved field 't.0'"	legal	record, by reading (no rustc binary on this box)	RUNS	0 · saved binaries: base47bea7f0=RUNS 0 · base_baa2a38=RUNS 0		pass_fixture
92b6a2d6634ba1f0	2026-09-06g-refmode	h03	src/compiler/probes/2026-09-06g-refmode/hand/h03.logos	a	(a) PROBES.md:25721 "h03 ... illegal Rust (E0596) and ADMITTED under `tupboth`"	illegal	record, by reading (no rustc binary on this box); the record cites a rustc error code / upstream	REFUSED	error [fn main]: cannot borrow 't.0' as mutable: 't' not declared as mut [1 error line(s)] · saved binaries: base47bea7f0=REFUSED · base_baa2a38=REFUSED	tests/logos/fail/tupref_element_ref_mut_nomut.logos (modulo comments)	already_in_tree:tests/logos/fail/tupref_element_ref_mut_nomut.logos
c270b1bdaa456ac6	2026-09-06g-refmode	h18	src/compiler/probes/2026-09-06g-refmode/hand/h18.logos	a	(a) PROBES.md:25725 "h18 — `(ref s, b)` over a MOVE-ONLY element, read only — compiles under `tupboth` and EXITS 1"	legal	record, by reading (no rustc binary on this box)	RUNS	0 · saved binaries: base47bea7f0=RUNS 0 · base_baa2a38=RUNS 0		pass_fixture
ad89e394e00e1165	2026-09-06p-ergodoors	n12	src/compiler/probes/2026-09-06p-ergodoors/hand/n12.logos	a	(a) PROBES.md:27588 "`ergoref` refuses r01 r02 r06 r14 (all four 2024-illegal, correct) AND n12 — a program with no `ref` anywhere"	legal	record, by reading (no rustc binary on this box)	RUNS	0 D5 · saved binaries: base47bea7f0=RUNS 0 · base_baa2a38=RUNS 0		pass_fixture
2590c5653250d451	2026-09-06p-ergodoors	n10	src/compiler/probes/2026-09-06p-ergodoors/hand/n10.logos	a	(a) PROBES.md:27624 "ergonest CHANGES ... NOT changed: n10 (struct door) and n11 (slice door)" (destructor count 2, Rust 1)	legal	record, by reading (no rustc binary on this box)	RUNS	0 D5 · saved binaries: base47bea7f0=RUNS 0 · base_baa2a38=RUNS 0		pass_fixture
30ab73b14ce7aa9e	2026-09-06p-ergodoors	n11	src/compiler/probes/2026-09-06p-ergodoors/hand/n11.logos	a	(a) PROBES.md:27624 "ergonest CHANGES ... NOT changed: n10 (struct door) and n11 (slice door)" (destructor count 2, Rust 1)	legal	record, by reading (no rustc binary on this box)	RUNS	0 D5 · saved binaries: base47bea7f0=RUNS 0 · base_baa2a38=RUNS 0		pass_fixture
97d5170318df0fbc	2026-09-08-subslice	hp_t13	snapshot:25aa8421-fce1-4a11-8a89-5d2ba5981c88/ce/hp_t13.logos	b	(b) PROBES.md:29905 "NINE programs of the landing compile SILENTLY, rc 0: hp_t13 hp_full_rest hp_mid_rest hp_rest_twice hp_iflet_rest ..." (base); PROBES.md:29866 refused landed	illegal	record, by reading (no rustc binary on this box)	REFUSED	error [fn main]: use of partially moved value 'a' (field '2' moved on line 6) [1 error line(s)] · saved binaries: base47bea7f0=REFUSED · base_baa2a38=REFUSED	tests/logos/fail/bc_subslice_rest_moves_covered_elem.logos (modulo comments)	already_in_tree:tests/logos/fail/bc_subslice_rest_moves_covered_elem.logos
d3f8227d4290d3f5	2026-09-08-subslice	hp_full_rest	snapshot:25aa8421-fce1-4a11-8a89-5d2ba5981c88/ce/hp_full_rest.logos	b	(b) PROBES.md:29905 "NINE programs of the landing compile SILENTLY, rc 0: hp_t13 hp_full_rest hp_mid_rest hp_rest_twice hp_iflet_rest ..." (base); PROBES.md:29866 refused landed	illegal	record, by reading (no rustc binary on this box)	REFUSED	error [fn main]: use of partially moved value 'a' (field '2' moved on line 8) [1 error line(s)] · saved binaries: base47bea7f0=REFUSED · base_baa2a38=REFUSED		fail_fixture
30a17b63c18eedbf	2026-09-08-subslice	hp_mid_rest	snapshot:25aa8421-fce1-4a11-8a89-5d2ba5981c88/ce/hp_mid_rest.logos	b	(b) PROBES.md:29905 "NINE programs of the landing compile SILENTLY, rc 0: hp_t13 hp_full_rest hp_mid_rest hp_rest_twice hp_iflet_rest ..." (base); PROBES.md:29866 refused landed	illegal	record, by reading (no rustc binary on this box)	REFUSED	error [fn main]: use of moved field 'a.1' (moved on line 7) [1 error line(s)] · saved binaries: base47bea7f0=REFUSED · base_baa2a38=REFUSED	tests/logos/fail/bc_subslice_rest_elem_moved_twice.logos (modulo comments)	already_in_tree:tests/logos/fail/bc_subslice_rest_elem_moved_twice.logos
21ab1e0d0ab6b2e2	2026-09-08-subslice	hp_rest_twice	snapshot:25aa8421-fce1-4a11-8a89-5d2ba5981c88/ce/hp_rest_twice.logos	b	(b) PROBES.md:29905 "NINE programs of the landing compile SILENTLY, rc 0: hp_t13 hp_full_rest hp_mid_rest hp_rest_twice hp_iflet_rest ..." (base); PROBES.md:29866 refused landed	illegal	record, by reading (no rustc binary on this box)	REFUSED	error [fn main]: use of moved field 'a.2' (moved on line 7) [1 error line(s)] · saved binaries: base47bea7f0=REFUSED · base_baa2a38=REFUSED		fail_fixture
cfe8502cbab07e82	2026-09-08-subslice	hp_iflet_rest	snapshot:25aa8421-fce1-4a11-8a89-5d2ba5981c88/ce/hp_iflet_rest.logos	b	(b) PROBES.md:29905 "NINE programs of the landing compile SILENTLY, rc 0: hp_t13 hp_full_rest hp_mid_rest hp_rest_twice hp_iflet_rest ..." (base); PROBES.md:29866 refused landed	illegal	record, by reading (no rustc binary on this box)	REFUSED	error [fn main]: use of moved field 'a.2' (moved on line 7) [1 error line(s)] · saved binaries: base47bea7f0=REFUSED · base_baa2a38=REFUSED		fail_fixture
2a7ea637ffe6a33e	2026-09-08-fatrepr	B4	src/compiler/probes/2026-09-08-fatrepr/hand/B4.logos	a	(a) FINDINGS.md:129 "B4 — ... runs rc 0 at base and SEGFAULTS (rc 139) under the arm [fatbind]"	legal	record, by reading (no rustc binary on this box)	RUNS	0 · saved binaries: base47bea7f0=RUNS 0 · base_baa2a38=RUNS 0		pass_fixture
a7b9eeaaae06d365	2026-09-08-fatrepr-fix	G1	src/compiler/probes/2026-09-08-fatrepr-fix/hand/G1.logos	b	(b) RESULT.md:30 "CLOSED (REFUSED -> rc 0, compiled + linked + RUN, answer checked): G1 ... G8"	legal	record, by reading (no rustc binary on this box)	RUNS	0 · saved binaries: base47bea7f0=RUNS 0 · base_baa2a38=RUNS 0		pass_fixture
ef891274b73c4246	2026-09-08-fatrepr-fix	G2	src/compiler/probes/2026-09-08-fatrepr-fix/hand/G2.logos	b	(b) RESULT.md:30 "CLOSED (REFUSED -> rc 0, compiled + linked + RUN, answer checked): G1 ... G8"	legal	record, by reading (no rustc binary on this box)	RUNS	0 · saved binaries: base47bea7f0=RUNS 0 · base_baa2a38=RUNS 0		pass_fixture
06e50c331b0659fc	2026-09-08-fatrepr-fix	G3	src/compiler/probes/2026-09-08-fatrepr-fix/hand/G3.logos	b	(b) RESULT.md:30 "CLOSED (REFUSED -> rc 0, compiled + linked + RUN, answer checked): G1 ... G8"	legal	record, by reading (no rustc binary on this box)	RUNS	0 · saved binaries: base47bea7f0=RUNS 0 · base_baa2a38=RUNS 0		pass_fixture
fca6235cc3cf9bd1	2026-09-08-fatrepr-fix	G4	src/compiler/probes/2026-09-08-fatrepr-fix/hand/G4.logos	b	(b) RESULT.md:30 "CLOSED (REFUSED -> rc 0, compiled + linked + RUN, answer checked): G1 ... G8"	legal	record, by reading (no rustc binary on this box)	RUNS	0 · saved binaries: base47bea7f0=RUNS 0 · base_baa2a38=RUNS 0		pass_fixture
46dc9b5e633b1327	2026-09-08-fatrepr-fix	G5	src/compiler/probes/2026-09-08-fatrepr-fix/hand/G5.logos	b	(b) RESULT.md:30 "CLOSED (REFUSED -> rc 0, compiled + linked + RUN, answer checked): G1 ... G8"	legal	record, by reading (no rustc binary on this box)	RUNS	0 · saved binaries: base47bea7f0=RUNS 0 · base_baa2a38=RUNS 0		pass_fixture
aeebafc72c9a9985	2026-09-08-fatrepr-fix	G6	src/compiler/probes/2026-09-08-fatrepr-fix/hand/G6.logos	b	(b) RESULT.md:30 "CLOSED (REFUSED -> rc 0, compiled + linked + RUN, answer checked): G1 ... G8"	legal	record, by reading (no rustc binary on this box)	RUNS	0 · saved binaries: base47bea7f0=RUNS 0 · base_baa2a38=RUNS 0		pass_fixture
a60c0e26739708f5	2026-09-08-fatrepr-fix	G7	src/compiler/probes/2026-09-08-fatrepr-fix/hand/G7.logos	b	(b) RESULT.md:30 "CLOSED (REFUSED -> rc 0, compiled + linked + RUN, answer checked): G1 ... G8"	legal	record, by reading (no rustc binary on this box)	RUNS	0 · saved binaries: base47bea7f0=RUNS 0 · base_baa2a38=RUNS 0		pass_fixture
851d889ba1c1e264	2026-09-08-fatrepr-fix	G8	src/compiler/probes/2026-09-08-fatrepr-fix/hand/G8.logos	b	(b) RESULT.md:30 "CLOSED (REFUSED -> rc 0, compiled + linked + RUN, answer checked): G1 ... G8"	legal	record, by reading (no rustc binary on this box)	RUNS	0 · saved binaries: base47bea7f0=RUNS 0 · base_baa2a38=RUNS 0		pass_fixture
1a192cfd8314e009	2026-09-08-fatrepr-fix	D1	src/compiler/probes/2026-09-08-fatrepr-fix/hand/D1.logos	b	(b) RESULT.md:81 "CLOSED (REFUSED -> rc 0, RUN): D1 inherent method · D5 TRAIT method · D8 ... · D2 closure -> fn ptr"	legal	record, by reading (no rustc binary on this box)	RUNS	0 · saved binaries: base47bea7f0=RUNS 0 · base_baa2a38=RUNS 0		pass_fixture
9cc63ec0706d5a44	2026-09-08-fatrepr-fix	D2	src/compiler/probes/2026-09-08-fatrepr-fix/hand/D2.logos	b	(b) RESULT.md:81 "CLOSED (REFUSED -> rc 0, RUN): D1 inherent method · D5 TRAIT method · D8 ... · D2 closure -> fn ptr"	legal	record, by reading (no rustc binary on this box)	RUNS	0 · saved binaries: base47bea7f0=RUNS 0 · base_baa2a38=RUNS 0		pass_fixture
0ee69efba518d093	2026-09-08-fatrepr-fix	D5	src/compiler/probes/2026-09-08-fatrepr-fix/hand/D5.logos	b	(b) RESULT.md:81 "CLOSED (REFUSED -> rc 0, RUN): D1 inherent method · D5 TRAIT method · D8 ... · D2 closure -> fn ptr"	legal	record, by reading (no rustc binary on this box)	RUNS	0 · saved binaries: base47bea7f0=RUNS 0 · base_baa2a38=RUNS 0		pass_fixture
305cf05bd39bc25a	2026-09-08-fatrepr-fix	D8	src/compiler/probes/2026-09-08-fatrepr-fix/hand/D8.logos	b	(b) RESULT.md:81 "CLOSED (REFUSED -> rc 0, RUN): D1 inherent method · D5 TRAIT method · D8 ... · D2 closure -> fn ptr"	legal	record, by reading (no rustc binary on this box)	RUNS	0 · saved binaries: base47bea7f0=RUNS 0 · base_baa2a38=RUNS 0		pass_fixture
a30e93dff38f6bc0	2026-09-08-fatrepr-fix	D7	src/compiler/probes/2026-09-08-fatrepr-fix/hand/D7.logos	c	(c) PROBES.md:30712 "THE PREDICTION THAT MISSED IS THE ONE THAT PAID. D7 — `Rc<A>` at ..."	illegal	record, by reading (no rustc binary on this box)	CCFAIL	1 logosc: MLIR generation failed — PROBES.md:30715 sentence moves to mlir_gen internal no-vtable; rowed at the let door · saved binaries: base47bea7f0=CCFAIL · base_baa2a38=CCFAIL		existing_row:wrapper_unsize_missing_impl_backend_diag
19c484999f07e00f	2026-09-09g-closureenv	F8	src/compiler/probes/2026-09-09g-closureenv/hand/F8.logos	a	(a) closureenv/RESULT.md:92 "`capfat` REFUSES two legal programs (F8, R6)"	legal	record, by reading (no rustc binary on this box)	RUNS	0 · saved binaries: base47bea7f0=RUNS 0 · base_baa2a38=RUNS 0		pass_fixture
3086f5be385e43f9	2026-09-09g-closureenv	R6	src/compiler/probes/2026-09-09g-closureenv/hand/R6.logos	a	(a) closureenv/RESULT.md:92 "`capfat` REFUSES two legal programs (F8, R6)"	legal	record, by reading (no rustc binary on this box)	RUNS	0 · saved binaries: base47bea7f0=RUNS 0 · base_baa2a38=RUNS 0		pass_fixture
7a4bcd0841a92e65	2026-09-09g-closureenv	R3	src/compiler/probes/2026-09-09g-closureenv/hand/R3.logos	a	(a) closureenv/RESULT.md:294 "[capretesc] still LEAKS 16 BYTES on R3"; fatret/RESULT.md:183 "R3 rc 0 / 1 vg, DEFINITELY LOST: 16 BYTES"	legal	record, by reading (no rustc binary on this box)	RUNS	0 · saved binaries: base47bea7f0=RUNS 0 · base_baa2a38=RUNS 0		pass_fixture
9d1e2f5b6f319799	2026-09-09sig	c14	snapshot:25aa8421-fce1-4a11-8a89-5d2ba5981c88/census/c14_lifetime_binder_added.logos	a	(a) PROBES.md:31382 "REFUSED AND LEGAL RUST — a live over-refusal shipped by the 09-07b landing: c14 ... c21"	legal	record, by reading (no rustc binary on this box)	RUNS	0 r=5 · saved binaries: base47bea7f0=RUNS 0 · base_baa2a38=RUNS 0		pass_fixture
07b3d49d6c7805c0	2026-09-09sig	c21	snapshot:25aa8421-fce1-4a11-8a89-5d2ba5981c88/census/c21_lt_trait_named_impl_elided.logos	a	(a) PROBES.md:31382 "REFUSED AND LEGAL RUST — a live over-refusal shipped by the 09-07b landing: c14 ... c21"	legal	record, by reading (no rustc binary on this box)	RUNS	0 r=5 · saved binaries: base47bea7f0=RUNS 0 · base_baa2a38=RUNS 0		pass_fixture
b57c964ddb8a33fc	2026-09-09sigland	X01	snapshot:25aa8421-fce1-4a11-8a89-5d2ba5981c88/sig/X01_i64_vs_bool.logos	b	(b) PROBES.md:31491 "X01 ... base rc 0, printed 1 · X02 base rc 0 · X03 base rc 139 · X05 · X06 · X08 base rc 0" (refused by the landing)	illegal	record, by reading (no rustc binary on this box)	REFUSED	error [fn R__ask]: impl Ask for R: method 'ask' does not match the trait declaration: the return type is declared 'i64' and the impl declares 'bool' [1 error line(s)] · saved binaries: base47bea7f0=REFUSED · base_baa2a38=REFUSED		fail_fixture
45531765ef0eb64d	2026-09-09sigland	X02	snapshot:25aa8421-fce1-4a11-8a89-5d2ba5981c88/sig/X02_i64_vs_u64.logos	b	(b) PROBES.md:31491 "X01 ... base rc 0, printed 1 · X02 base rc 0 · X03 base rc 139 · X05 · X06 · X08 base rc 0" (refused by the landing)	illegal	record, by reading (no rustc binary on this box)	REFUSED	error [fn R__get]: impl Get for R: method 'get' does not match the trait declaration: the return type is declared 'i64' and the impl declares 'u64' [1 error line(s)] · saved binaries: base47bea7f0=REFUSED · base_baa2a38=REFUSED	tests/logos/fail/bc_sigretty_return_signedness_fail.logos (modulo comments)	already_in_tree:tests/logos/fail/bc_sigretty_return_signedness_fail.logos
09b79583e4ef8be4	2026-09-09sigland	X03	snapshot:25aa8421-fce1-4a11-8a89-5d2ba5981c88/sig/X03_struct_vs_struct.logos	b	(b) PROBES.md:31491 "X01 ... base rc 0, printed 1 · X02 base rc 0 · X03 base rc 139 · X05 · X06 · X08 base rc 0" (refused by the landing)	illegal	record, by reading (no rustc binary on this box)	REFUSED	error [fn R__emit]: impl Emit for R: method 'emit' does not match the trait declaration: the return type is declared 'Small' and the impl declares 'Big' [1 error line(s)] · saved binaries: base47bea7f0=REFUSED · base_baa2a38=REFUSED	tests/logos/fail/bc_sigretty_return_nominal_struct_fail.logos (modulo comments)	already_in_tree:tests/logos/fail/bc_sigretty_return_nominal_struct_fail.logos
642e9c65c351e8b5	2026-09-09sigland	X05	snapshot:25aa8421-fce1-4a11-8a89-5d2ba5981c88/sig/X05_default_present_mismatch.logos	b	(b) PROBES.md:31491 "X01 ... base rc 0, printed 1 · X02 base rc 0 · X03 base rc 139 · X05 · X06 · X08 base rc 0" (refused by the landing)	illegal	record, by reading (no rustc binary on this box)	REFUSED	error [fn R__val]: impl Val for R: method 'val' does not match the trait declaration: the return type is declared 'i64' and the impl declares 'bool' [1 error line(s)] · saved binaries: base47bea7f0=REFUSED · base_baa2a38=REFUSED	tests/logos/fail/bc_sigretty_return_default_present_fail.logos (modulo comments)	already_in_tree:tests/logos/fail/bc_sigretty_return_default_present_fail.logos
876b460ae3b3d001	2026-09-09sigland	X06	snapshot:25aa8421-fce1-4a11-8a89-5d2ba5981c88/sig/X06_dyn_return_mismatch.logos	b	(b) PROBES.md:31491 "X01 ... base rc 0, printed 1 · X02 base rc 0 · X03 base rc 139 · X05 · X06 · X08 base rc 0" (refused by the landing)	illegal	record, by reading (no rustc binary on this box)	REFUSED	error [fn R__ask]: impl Ask for R: method 'ask' does not match the trait declaration: the return type is declared 'i64' and the impl declares 'bool' [1 error line(s)] · saved binaries: base47bea7f0=REFUSED · base_baa2a38=REFUSED	tests/logos/fail/bc_sigretty_return_dyn_dispatch_fail.logos (modulo comments)	already_in_tree:tests/logos/fail/bc_sigretty_return_dyn_dispatch_fail.logos
7b2edf10c7f6df8d	2026-09-09sigland	X08	snapshot:25aa8421-fce1-4a11-8a89-5d2ba5981c88/sig/X08_never_called.logos	b	(b) PROBES.md:31491 "X01 ... base rc 0, printed 1 · X02 base rc 0 · X03 base rc 139 · X05 · X06 · X08 base rc 0" (refused by the landing)	illegal	record, by reading (no rustc binary on this box)	REFUSED	error [fn R__ask]: impl Ask for R: method 'ask' does not match the trait declaration: the return type is declared 'i64' and the impl declares 'bool' [1 error line(s)] · saved binaries: base47bea7f0=REFUSED · base_baa2a38=REFUSED		fail_fixture
da6ced3111b9ba2e	2026-09-09sigland	X07	snapshot:25aa8421-fce1-4a11-8a89-5d2ba5981c88/sig/X07_direct_call_mismatch.logos	c	(c) PROBES.md:31512 "X07 ... ⚠ THE PREDICTION SAID \"must not change\" AND IT CHANGED"	illegal	record, by reading (no rustc binary on this box)	REFUSED	error [fn R__ask]: impl Ask for R: method 'ask' does not match the trait declaration: the return type is declared 'i64' and the impl declares 'bool' [1 error line(s)] · saved binaries: base47bea7f0=REFUSED · base_baa2a38=REFUSED		fail_fixture
838320125a2d7f63	2026-09-09elide	e1_param_only	snapshot:25aa8421-fce1-4a11-8a89-5d2ba5981c88/ce/e1_param_only.logos	b	(b) PROBES.md:31861 "e1_param_only ... rc 1 -> rc 0, links, RUNS 0" (e2 e3 e6 same)	legal	record, by reading (no rustc binary on this box)	RUNS	0 · saved binaries: base47bea7f0=RUNS 0 · base_baa2a38=RUNS 0		pass_fixture
ce5eb0dfab51465a	2026-09-09elide	e2_two_elided	snapshot:25aa8421-fce1-4a11-8a89-5d2ba5981c88/ce/e2_two_elided.logos	b	(b) PROBES.md:31861 "e1_param_only ... rc 1 -> rc 0, links, RUNS 0" (e2 e3 e6 same)	legal	record, by reading (no rustc binary on this box)	RUNS	0 · saved binaries: base47bea7f0=RUNS 0 · base_baa2a38=RUNS 0		pass_fixture
cb06e48aeb62089f	2026-09-09elide	e3_no_receiver	snapshot:25aa8421-fce1-4a11-8a89-5d2ba5981c88/ce/e3_no_receiver.logos	b	(b) PROBES.md:31861 "e1_param_only ... rc 1 -> rc 0, links, RUNS 0" (e2 e3 e6 same)	legal	record, by reading (no rustc binary on this box)	RUNS	0 · saved binaries: base47bea7f0=RUNS 0 · base_baa2a38=RUNS 0		pass_fixture
bfe319dd2c5b5031	2026-09-09elide	e6_mut_recv_ret	snapshot:25aa8421-fce1-4a11-8a89-5d2ba5981c88/ce/e6_mut_recv_ret.logos	b	(b) PROBES.md:31861 "e1_param_only ... rc 1 -> rc 0, links, RUNS 0" (e2 e3 e6 same)	legal	record, by reading (no rustc binary on this box)	RUNS	0 · saved binaries: base47bea7f0=RUNS 0 · base_baa2a38=RUNS 0		pass_fixture
aa69abf3df112c46	2026-09-09k-selfrecv	h9	src/compiler/probes/2026-09-09k-selfrecv/hand/h9.logos	a,b	(a) PROBES.md:33705 "h9 trait `&mut Self`, impl `&S` depth ADMITS ty REFUSES" | (b) selfrecvland/ROUND.md:130 "REFUSED after the arm (10) h1 h2 h5 h7 h9 h10 h13 n9 n10 n12"	illegal	record, by reading (no rustc binary on this box)	REFUSED	error [fn S__tick]: impl Tick for S: method 'tick' does not match the trait declaration: the receiver is declared '&mut S' and the impl declares '&S' [1 error line(s)] · saved binaries: base47bea7f0=REFUSED · base_baa2a38=REFUSED		fail_fixture
8a81f7a50837ff10	2026-09-11d-liferegb	L1	snapshot:25aa8421-fce1-4a11-8a89-5d2ba5981c88/lb/hand/L1.logos	a	(a) PROBES.md:38469 "Legal and REFUSED (3) — none of them in any corpus column: L1 ... L7 ... L5b"	legal	record, by reading (no rustc binary on this box)	RUNS	0 · saved binaries: base47bea7f0=RUNS 0 · base_baa2a38=RUNS 0		pass_fixture
56a4ed8376983a27	2026-09-11d-liferegb	L7	snapshot:25aa8421-fce1-4a11-8a89-5d2ba5981c88/lb/hand/L7.logos	a	(a) PROBES.md:38469 "Legal and REFUSED (3) — none of them in any corpus column: L1 ... L7 ... L5b"	legal	record, by reading (no rustc binary on this box)	RUNS	0 · saved binaries: base47bea7f0=RUNS 0 · base_baa2a38=RUNS 0		pass_fixture
31b86030e0403d6d	2026-09-11d-liferegb	L5b	snapshot:25aa8421-fce1-4a11-8a89-5d2ba5981c88/lb/hand/L5b.logos	a	(a) PROBES.md:38469 "Legal and REFUSED (3) — none of them in any corpus column: L1 ... L7 ... L5b"	legal	record, by reading (no rustc binary on this box)	RUNS	0 · saved binaries: base47bea7f0=RUNS 0 · base_baa2a38=RUNS 0		pass_fixture
88c84048bc2e0ead	2026-09-11d-liferegb	X3	snapshot:25aa8421-fce1-4a11-8a89-5d2ba5981c88/lb/hand/X3.logos	a	(a) PROBES.md:38474 "Still admitted: X2/t17 (slice), X3 (`*d = y` through `&mut &i64`)"	illegal	record, by reading (no rustc binary on this box)	REFUSED	error [fn f]: lifetime mismatch: return type has lifetime 'a but 'y' has lifetime (elided) [1 error line(s)] · saved binaries: base47bea7f0=REFUSED · base_baa2a38=REFUSED	tests/logos/fail/bc_lifereg_derefwrite_param_escape_fail.logos (modulo comments)	already_in_tree:tests/logos/fail/bc_lifereg_derefwrite_param_escape_fail.logos
a994cf649bab7af1	2026-09-12d-slicehop	L04	snapshot:25aa8421-fce1-4a11-8a89-5d2ba5981c88/R0912d/ce/L04_slice_elem_from_slice_elem.logos	a	(a) PROBES.md:39850 "still refuses L04 and L15 ... the same escape deposit that refuses L04 and L15"	legal	record, by reading (no rustc binary on this box)	RUNS	0 · saved binaries: base47bea7f0=RUNS 0 · base_baa2a38=RUNS 0		pass_fixture
bd8aa7a32de96949	2026-09-12d-slicehop	L15	snapshot:25aa8421-fce1-4a11-8a89-5d2ba5981c88/R0912d/ce/L15_deref_field_from_field_read.logos	a	(a) PROBES.md:39850 "still refuses L04 and L15 ... the same escape deposit that refuses L04 and L15"	legal	record, by reading (no rustc binary on this box)	RUNS	0 · saved binaries: base47bea7f0=RUNS 0 · base_baa2a38=RUNS 0		pass_fixture
ef598e8eb385199a	2026-09-12b-rpitbound	c1	src/compiler/probes/2026-09-12b-rpitbound/hand/c1.logos	b	(b) rpitbound/RESULT.md:8 "c1/c2/c3/c5 illegal, rc 0 before, refused after"	illegal	record, by reading (no rustc binary on this box)	REFUSED	c1.logos:5: error [fn mk]: closure does not implement `Fn`: its body mutates [1 error line(s)] · saved binaries: base47bea7f0=REFUSED · base_baa2a38=REFUSED		fail_fixture
b7e010d11c7567b6	2026-09-12b-rpitbound	c2	src/compiler/probes/2026-09-12b-rpitbound/hand/c2.logos	b	(b) rpitbound/RESULT.md:8 "c1/c2/c3/c5 illegal, rc 0 before, refused after"	illegal	record, by reading (no rustc binary on this box)	REFUSED	c2.logos:11: error [fn mk]: closure does not implement `Fn`: its body moves  [1 error line(s)] · saved binaries: base47bea7f0=REFUSED · base_baa2a38=REFUSED	tests/logos/fail/bc_rpitbound_kind_move_refuse.logos (modulo comments)	already_in_tree:tests/logos/fail/bc_rpitbound_kind_move_refuse.logos
2a456b52a32d8f6a	2026-09-12b-rpitbound	c3	src/compiler/probes/2026-09-12b-rpitbound/hand/c3.logos	b	(b) rpitbound/RESULT.md:8 "c1/c2/c3/c5 illegal, rc 0 before, refused after"	illegal	record, by reading (no rustc binary on this box)	REFUSED	c3.logos:10: error [fn mk]: closure does not implement `FnMut`: its body mov [1 error line(s)] · saved binaries: base47bea7f0=REFUSED · base_baa2a38=REFUSED		fail_fixture
770f0828f53c21a6	2026-09-12b-rpitbound	c5	src/compiler/probes/2026-09-12b-rpitbound/hand/c5.logos	b	(b) rpitbound/RESULT.md:8 "c1/c2/c3/c5 illegal, rc 0 before, refused after"	illegal	record, by reading (no rustc binary on this box)	REFUSED	c5.logos:7: error [fn S__maker]: closure does not implement `Fn`: its body m [1 error line(s)] · saved binaries: base47bea7f0=REFUSED · base_baa2a38=REFUSED		fail_fixture
7e226d5ee6e6775b	2026-09-12i-door1point	C10	src/compiler/probes/2026-09-12i-door1point/legal/C10.logos	b	(b) PROBES.md:41253 "C10 ... base REFUSES twice, the arm **ADMITS**. An over-refusal this change REPAIRS. Landed as pass/bc_backedge_two_holders_admit"	legal	record, by reading (no rustc binary on this box)	RUNS	0 · saved binaries: base47bea7f0=RUNS 0 · base_baa2a38=RUNS 0		pass_fixture
1a647198b6f9663d	2026-09-12i-door1point	F1	src/compiler/probes/2026-09-12i-door1point/F1.logos	b,c	(b) PROBES.md:41388 "the FIELD twin F1 unarmed rc 0 / armed rc 1" | (c) PROBES.md:41284 "NOT predicted, closed the FIELD twin F1"	illegal	record, by reading (no rustc binary on this box)	REFUSED	error [fn main]: cannot use 's.a' while 's.a' is mutably borrowed [2 error line(s)] · saved binaries: base47bea7f0=REFUSED · base_baa2a38=REFUSED	tests/logos/fail/bc_backedge_field_lend_flow_refuse.logos (modulo comments)	already_in_tree:tests/logos/fail/bc_backedge_field_lend_flow_refuse.logos
3d63daf1f2b1ff23	2026-09-12m-calleedoor	c4	snapshot:25aa8421-fce1-4a11-8a89-5d2ba5981c88/r0912/hand/c4_method_struct.logos	c	(c) PROBES.md:41897 "P5 REFUTED: c4/`borrowck-let-suggestion` was predicted to reach branch A"	illegal	record, by reading (no rustc binary on this box)	RUNS	1 · saved binaries: base47bea7f0=RUNS 1 · base_baa2a38=RUNS 1	tests/imported/admit/lifetimes/borrowck-let-suggestion.logos (modulo comments)	already_in_tree:tests/imported/admit/lifetimes/borrowck-let-suggestion.logos
5580f9398afe9957	2026-09-12q-letregion	p24	snapshot:25aa8421-fce1-4a11-8a89-5d2ba5981c88/r0912q/ctl/p24_legal_named_from_box_deref.logos	a	(a) PROBES.md:42244 "DO NOT FUND door L as priced (`letnamed` / `letnamedc`). FOUR legal refusals in four shapes — p24 ..."	legal	record, by reading (no rustc binary on this box)	RUNS	rc 14 (exit value NOT verified against the record; stdout: ) · saved binaries: base47bea7f0=RUNS 14 · base_baa2a38=RUNS 14		pass_fixture
fd049c3df169b43f	2026-09-12q-letregion	s1	snapshot:25aa8421-fce1-4a11-8a89-5d2ba5981c88/r0912q/ctl2/s1_legal_box_field_deref.logos	a	(a) PROBES.md:42244 "DO NOT FUND door L as priced (`letnamed` / `letnamedc`). FOUR legal refusals in four shapes — p24 ..."	legal	record, by reading (no rustc binary on this box)	RUNS	rc 21 (exit value NOT verified against the record; stdout: ) · saved binaries: base47bea7f0=RUNS 21 · base_baa2a38=RUNS 21		pass_fixture
f35d6c0926fcb68f	2026-09-12q-letregion	s2	snapshot:25aa8421-fce1-4a11-8a89-5d2ba5981c88/r0912q/ctl2/s2_legal_slice_index_param.logos	a	(a) PROBES.md:42244 "DO NOT FUND door L as priced (`letnamed` / `letnamedc`). FOUR legal refusals in four shapes — p24 ..."	legal	record, by reading (no rustc binary on this box)	RUNS	rc 22 (exit value NOT verified against the record; stdout: ) · saved binaries: base47bea7f0=RUNS 22 · base_baa2a38=RUNS 22		pass_fixture
743e9bf175788ee2	2026-09-12q-letregion	q6	snapshot:25aa8421-fce1-4a11-8a89-5d2ba5981c88/r0912q/ctl/q6_illegal_static_then_escape.logos	a	(a) PROBES.md:42156 "⛔ UN-REFUSAL under door C ALONE: q6 `*out = A::newa(&v)` (illegal)" | (a) PROBES.md:42465 "stcg alone un-refuses e1 (T1 alpha-renamed) and q6 — soundness regression, 2 programs"	illegal	record, by reading (no rustc binary on this box)	REFUSED	error [fn foo]: 'v' does not live long enough: it is borrowed and stored through 'out', whose storage the caller owns and outlives this function (E0597) [1 error line(s)] · saved binaries: base47bea7f0=REFUSED · base_baa2a38=REFUSED		fail_fixture
235d831e143ef08b	2026-09-12q-letregion	e1	snapshot:25aa8421-fce1-4a11-8a89-5d2ba5981c88/r0912q/ctl/e1_ufcs3_alpha_impl_q.logos	a	(a) PROBES.md:42465 "stcg alone un-refuses e1 (T1 alpha-renamed) and q6 — soundness regression, 2 programs"	illegal	record, by reading (no rustc binary on this box)	REFUSED	error [fn foo]: 'v' does not live long enough: it is borrowed into 'x', whose declared type requires lifetime 'a, which outlives this function (E0597) [1 error line(s)] · saved binaries: base47bea7f0=REFUSED · base_baa2a38=REFUSED		fail_fixture
d138fd08dc5bd21e	2026-09-12r-escroot	k17	snapshot:25aa8421-fce1-4a11-8a89-5d2ba5981c88/r0912r/ctl/k17_legal_escape_call_index_through_ref_local.logos	a	(a) PROBES.md:42466 "escnd refuses LEGAL k17 k18"	legal	record, by reading (no rustc binary on this box)	RUNS	rc 41 (exit value NOT verified against the record; stdout: ) · saved binaries: base47bea7f0=RUNS 41 · base_baa2a38=RUNS 41		pass_fixture
a94e61e3b49d5961	2026-09-12r-escroot	k18	snapshot:25aa8421-fce1-4a11-8a89-5d2ba5981c88/r0912r/ctl/k18_legal_escape_call_field_through_ref_local.logos	a	(a) PROBES.md:42466 "escnd refuses LEGAL k17 k18"	legal	record, by reading (no rustc binary on this box)	RUNS	rc 42 (exit value NOT verified against the record; stdout: ) · saved binaries: base47bea7f0=RUNS 42 · base_baa2a38=RUNS 42		pass_fixture
ccb591e9b8b693ab	2026-09-12r-escroot	v8	snapshot:25aa8421-fce1-4a11-8a89-5d2ba5981c88/r0912r/ctl5/v8_legal_escape_holder_of_ref_local_field.logos	a	(a) PROBES.md:42468 "lrvar / lrx refuse LEGAL v8"	legal	record, by reading (no rustc binary on this box)	RUNS	rc 78 (exit value NOT verified against the record; stdout: ) · saved binaries: base47bea7f0=RUNS 78 · base_baa2a38=RUNS 78		pass_fixture
c4251a71760968cb	2026-09-13a-selfregion	L3	snapshot:25aa8421-fce1-4a11-8a89-5d2ba5981c88/ctl2/L3_anon_let_self_annot.logos	a	(a) PROBES.md:42537 "selfbody (D1 alone) REFUSES LEGAL L3 ... selfpair (batch 1) REFUSES LEGAL s13 L3"	legal	record, by reading (no rustc binary on this box)	RUNS	rc 63 (exit value NOT verified against the record; stdout: ) · saved binaries: base47bea7f0=RUNS 63 · base_baa2a38=RUNS 63		pass_fixture
4bc51e49474d1df6	2026-09-13a-selfregion	s13	snapshot:25aa8421-fce1-4a11-8a89-5d2ba5981c88/ctl/s13_legal_self_lit_anon_from_self.logos	a	(a) PROBES.md:42537 "selfbody (D1 alone) REFUSES LEGAL L3 ... selfpair (batch 1) REFUSES LEGAL s13 L3"	legal	record, by reading (no rustc binary on this box)	RUNS	rc 26 (exit value NOT verified against the record; stdout: ) · saved binaries: base47bea7f0=RUNS 26 · base_baa2a38=RUNS 26		pass_fixture
4cdae758047617b5	2026-09-13a-selfregion	s3	snapshot:25aa8421-fce1-4a11-8a89-5d2ba5981c88/ctl/s3_self_lit_ret_self_named.logos	a	(a) PROBES.md:42540 "selfall (batch 1) UN-REFUSES ILLEGAL s3 I1 I3 I5"	illegal	record, by reading (no rustc binary on this box)	REFUSED	s3_self_lit_ret_self_named.logos:5: error [fn MyStruct__make]: struct literal 'Self': variance mismatch — expected MyStruct<'q>, got  [1 error line(s)] · saved binaries: base47bea7f0=REFUSED · base_baa2a38=REFUSED		fail_fixture
88097618128ce354	2026-09-13a-selfregion	I1	snapshot:25aa8421-fce1-4a11-8a89-5d2ba5981c88/ctl2/I1_named_self_lit_unrelated_param.logos	a	(a) PROBES.md:42540 "selfall (batch 1) UN-REFUSES ILLEGAL s3 I1 I3 I5"	illegal	record, by reading (no rustc binary on this box)	REFUSED	I1_named_self_lit_unrelated_param.logos:4: error [fn Foo__swap_in]: struct literal 'Self': variance mismatch — expected Foo<'s>, got [1 error line(s)] · saved binaries: base47bea7f0=REFUSED · base_baa2a38=REFUSED		fail_fixture
e00bf07b0d273821	2026-09-13a-selfregion	I3	snapshot:25aa8421-fce1-4a11-8a89-5d2ba5981c88/ctl2/I3_anon_self_lit_unrelated_param.logos	a	(a) PROBES.md:42540 "selfall (batch 1) UN-REFUSES ILLEGAL s3 I1 I3 I5"	illegal	record, by reading (no rustc binary on this box)	REFUSED	I3_anon_self_lit_unrelated_param.logos:4: error [fn Foo__swap_in]: struct literal 'Self': variance mismatch — expected Foo<'_>, got  [1 error line(s)] · saved binaries: base47bea7f0=REFUSED · base_baa2a38=REFUSED		fail_fixture
7dc0ece497d15a03	2026-09-13a-selfregion	I5	snapshot:25aa8421-fce1-4a11-8a89-5d2ba5981c88/ctl2/I5_anon_pick_two_regions_mixed.logos	a,b	(a) PROBES.md:42540 "selfall (batch 1) UN-REFUSES ILLEGAL s3 I1 I3 I5" | (b) PROBES.md:42726-42731 "illegal, admitted on base | CLOSED" (n3a e5 e6 h1 s5 s12 I5 r13d r13a2; s1 s14 r13b I2 B11; h2 B06 B10 h15 B12; B03; B02 B08 B09 B04) + PROBES.md:42573 "plus s14 and t8"	illegal	record, by reading (no rustc binary on this box)	REFUSED	I5_anon_pick_two_regions_mixed.logos:4: error [fn P__flip]: struct literal 'Self': variance mismatch — expected P<'_#1, '_#2>, got P [1 error line(s)] · saved binaries: base47bea7f0=REFUSED · base_baa2a38=REFUSED		fail_fixture
82ae74434933944b	2026-09-13e-declarrival	r17_e	snapshot:25aa8421-fce1-4a11-8a89-5d2ba5981c88/round0913e.QpSY/arm_whundecl.QfCj/r17_e_where_undeclared_impl_method.logos	a	(a) PROBES.md:43159 "whundecl refuses ... and NOT the row, the inherent method (r17_e), the trait-impl method (wh8), the trait method decl (wh5), the trait default body (I_w11)"	illegal	record, by reading (no rustc binary on this box)	REFUSED	error [fn W__m]: unknown type 'T' [1 error line(s)] · saved binaries: base47bea7f0=REFUSED · base_baa2a38=REFUSED		fail_fixture
330859f20de98317	2026-09-13e-declarrival	wh8	snapshot:25aa8421-fce1-4a11-8a89-5d2ba5981c88/round0913e.QpSY/arm_whundecl.QfCj/wh8_where_on_trait_impl_method.logos	a	(a) PROBES.md:43159 "whundecl refuses ... and NOT the row, the inherent method (r17_e), the trait-impl method (wh8), the trait method decl (wh5), the trait default body (I_w11)"	illegal	record, by reading (no rustc binary on this box)	REFUSED	error [fn A__q]: unknown type 'T' [1 error line(s)] · saved binaries: base47bea7f0=REFUSED · base_baa2a38=REFUSED		fail_fixture
e41e5605ba564034	2026-09-13e-declarrival	wh5	snapshot:25aa8421-fce1-4a11-8a89-5d2ba5981c88/round0913e.QpSY/arm_whundecl.QfCj/wh5_where_on_trait_method_decl.logos	a	(a) PROBES.md:43159 "whundecl refuses ... and NOT the row, the inherent method (r17_e), the trait-impl method (wh8), the trait method decl (wh5), the trait default body (I_w11)"	illegal	record, by reading (no rustc binary on this box)	REFUSED	error [trait Q]: unknown type 'T' [1 error line(s)] · saved binaries: base47bea7f0=REFUSED · base_baa2a38=REFUSED		fail_fixture
c5e75b6907720b5d	2026-09-13e-declarrival	I_w11	snapshot:25aa8421-fce1-4a11-8a89-5d2ba5981c88/round0913e.QpSY/arm_whundecl.QfCj/I_w11_trait_default_where_undecl.logos	a	(a) PROBES.md:43159 "whundecl refuses ... and NOT the row, the inherent method (r17_e), the trait-impl method (wh8), the trait method decl (wh5), the trait default body (I_w11)"	illegal	record, by reading (no rustc binary on this box)	REFUSED	error [trait Q]: unknown type 'T' [1 error line(s)] · saved binaries: base47bea7f0=REFUSED · base_baa2a38=REFUSED		fail_fixture
42f7abcee9c95c5e	2026-09-13f-declarrivalland	G_w01	snapshot:25aa8421-fce1-4a11-8a89-5d2ba5981c88/land0913f.KArC/hbfix_whtraitdecl.qRvF/G_w01_noparam_method_ref_subject.logos	a	(a) PROBES.md:43381 "On the recommended form (rtunion's arms as mechanisms) ... FOUR LEGAL PROGRAMS REFUSED: G_w01 ... G_w22 ... G_w28 ... G_k26"	legal	record, by reading (no rustc binary on this box)	RUNS	rc 5 (exit value NOT verified against the record; stdout: ) · saved binaries: base47bea7f0=RUNS 5 · base_baa2a38=RUNS 5		pass_fixture
8ee365c00ea1c37f	2026-09-13f-declarrivalland	G_w22	snapshot:25aa8421-fce1-4a11-8a89-5d2ba5981c88/land0913f.KArC/hbbase2.IlbX/G_w22_trait_impl_header_where_self.logos	a	(a) PROBES.md:43381 "On the recommended form (rtunion's arms as mechanisms) ... FOUR LEGAL PROGRAMS REFUSED: G_w01 ... G_w22 ... G_w28 ... G_k26"	legal	record, by reading (no rustc binary on this box)	RUNS	rc 6 (exit value NOT verified against the record; stdout: ) · saved binaries: base47bea7f0=RUNS 6 · base_baa2a38=RUNS 6		pass_fixture
f56bf322948bc88e	2026-09-13f-declarrivalland	G_w28	snapshot:25aa8421-fce1-4a11-8a89-5d2ba5981c88/land0913f.KArC/selfhdr.AOvJ/G_w28_inherent_noparams_impl_where_self.logos	a	(a) PROBES.md:43381 "On the recommended form (rtunion's arms as mechanisms) ... FOUR LEGAL PROGRAMS REFUSED: G_w01 ... G_w22 ... G_w28 ... G_k26"	legal	record, by reading (no rustc binary on this box)	RUNS	rc 10 (exit value NOT verified against the record; stdout: ) · saved binaries: base47bea7f0=RUNS 10 · base_baa2a38=RUNS 10		pass_fixture
a09142271e96d073	2026-09-13f-declarrivalland	G_k26	snapshot:25aa8421-fce1-4a11-8a89-5d2ba5981c88/land0913f.KArC/selfhdr.AOvJ/G_k26_const_option_elided_no_lifetimes_in_scope.logos	a	(a) PROBES.md:43381 "On the recommended form (rtunion's arms as mechanisms) ... FOUR LEGAL PROGRAMS REFUSED: G_w01 ... G_w22 ... G_w28 ... G_k26"	legal	record, by reading (no rustc binary on this box)	RUNS	rc 3 (exit value NOT verified against the record; stdout: ) · saved binaries: base47bea7f0=RUNS 3 · base_baa2a38=RUNS 3		pass_fixture
c1419a17f64ee93d	2026-09-13f-declarrivalland	X_w01	snapshot:25aa8421-fce1-4a11-8a89-5d2ba5981c88/land0913f.KArC/hbfix_whtraitdecl.qRvF/X_w01_trait_impl_noparams_header_where_undecl.logos	b	(b) PROBES.md:43419 "Hand battery vs prediction: newly refused X_w01 ... X_k05 = predicted; + X_w06 ... + X_k06 X_w11 X_w12"	illegal	record, by reading (no rustc binary on this box)	REFUSED	error [impl Q for S]: unknown type 'T' [1 error line(s)] · saved binaries: base47bea7f0=REFUSED · base_baa2a38=REFUSED		fail_fixture
dd1a1a7fc2f79f93	2026-09-13f-declarrivalland	X_w02	snapshot:25aa8421-fce1-4a11-8a89-5d2ba5981c88/land0913f.KArC/hbfix_whtraitdecl.qRvF/X_w02_inherent_noparams_header_where_undecl.logos	b	(b) PROBES.md:43419 "Hand battery vs prediction: newly refused X_w01 ... X_k05 = predicted; + X_w06 ... + X_k06 X_w11 X_w12"	illegal	record, by reading (no rustc binary on this box)	REFUSED	error [impl S]: unknown type 'Zed' [1 error line(s)] · saved binaries: base47bea7f0=REFUSED · base_baa2a38=REFUSED		fail_fixture
0d707cbe8fe77943	2026-09-13f-declarrivalland	X_w03	snapshot:25aa8421-fce1-4a11-8a89-5d2ba5981c88/land0913f.KArC/hbfix_whtraitdecl.qRvF/X_w03_assoc_fn_noself_where_undecl.logos	b	(b) PROBES.md:43419 "Hand battery vs prediction: newly refused X_w01 ... X_k05 = predicted; + X_w06 ... + X_k06 X_w11 X_w12"	illegal	record, by reading (no rustc binary on this box)	REFUSED	error [fn S__make]: unknown type 'Zed' [1 error line(s)] · saved binaries: base47bea7f0=REFUSED · base_baa2a38=REFUSED		fail_fixture
dd7ceab67df94118	2026-09-13f-declarrivalland	X_w04	snapshot:25aa8421-fce1-4a11-8a89-5d2ba5981c88/land0913f.KArC/hbfix_whtraitdecl.qRvF/X_w04_trait_impl_method_own_param_where_undecl.logos	b	(b) PROBES.md:43419 "Hand battery vs prediction: newly refused X_w01 ... X_k05 = predicted; + X_w06 ... + X_k06 X_w11 X_w12"	illegal	record, by reading (no rustc binary on this box)	REFUSED	error [fn S__q]: unknown type 'T' [1 error line(s)] · saved binaries: base47bea7f0=REFUSED · base_baa2a38=REFUSED		fail_fixture
fd3ace9f9462ffc2	2026-09-13f-declarrivalland	X_w07	snapshot:25aa8421-fce1-4a11-8a89-5d2ba5981c88/land0913f.KArC/hbfix_whtraitdecl.qRvF/X_w07_struct_noparams_where_undecl.logos	b	(b) PROBES.md:43419 "Hand battery vs prediction: newly refused X_w01 ... X_k05 = predicted; + X_w06 ... + X_k06 X_w11 X_w12"	illegal	record, by reading (no rustc binary on this box)	REFUSED	error [struct P]: unknown type 'T' [1 error line(s)] · saved binaries: base47bea7f0=REFUSED · base_baa2a38=REFUSED		fail_fixture
9352bed67f14b80c	2026-09-13f-declarrivalland	X_w09	snapshot:25aa8421-fce1-4a11-8a89-5d2ba5981c88/land0913f.KArC/hbfix_whtraitdecl.qRvF/X_w09_where_undecl_becomes_second_param.logos	b	(b) PROBES.md:43419 "Hand battery vs prediction: newly refused X_w01 ... X_k05 = predicted; + X_w06 ... + X_k06 X_w11 X_w12"	illegal	record, by reading (no rustc binary on this box)	REFUSED	error [fn f]: unknown type 'T' [1 error line(s)] · saved binaries: base47bea7f0=REFUSED · base_baa2a38=REFUSED	tests/logos/fail/bc_declarrival_where_undecl_second_param_refuse.logos (modulo comments)	already_in_tree:tests/logos/fail/bc_declarrival_where_undecl_second_param_refuse.logos
0d1d4fef5d884eb7	2026-09-13f-declarrivalland	X_w10	snapshot:25aa8421-fce1-4a11-8a89-5d2ba5981c88/land0913f.KArC/hbfix_whtraitdecl.qRvF/X_w10_trait_default_where_undecl_with_impl.logos	b	(b) PROBES.md:43419 "Hand battery vs prediction: newly refused X_w01 ... X_k05 = predicted; + X_w06 ... + X_k06 X_w11 X_w12"	illegal	record, by reading (no rustc binary on this box)	REFUSED	error [trait Q]: unknown type 'T' [1 error line(s)] · saved binaries: base47bea7f0=REFUSED · base_baa2a38=REFUSED		fail_fixture
729778640d49226a	2026-09-13f-declarrivalland	X_c02	snapshot:25aa8421-fce1-4a11-8a89-5d2ba5981c88/land0913f.KArC/hbfix_whtraitdecl.qRvF/X_c02_struct_lit_turbofish_on_lifetime_free_struct.logos	b	(b) PROBES.md:43419 "Hand battery vs prediction: newly refused X_w01 ... X_k05 = predicted; + X_w06 ... + X_k06 X_w11 X_w12"	illegal	record, by reading (no rustc binary on this box)	REFUSED	X_c02_struct_lit_turbofish_on_lifetime_free_struct.logos:4: error [fn main]: 'P': expected 0 lifetime [1 error line(s)] · saved binaries: base47bea7f0=REFUSED · base_baa2a38=REFUSED		fail_fixture
e939443fc7b21ab2	2026-09-13f-declarrivalland	X_c03	snapshot:25aa8421-fce1-4a11-8a89-5d2ba5981c88/land0913f.KArC/hbfix_whtraitdecl.qRvF/X_c03_unit_variant_turbofish_on_lifetime_free_enum.logos	b	(b) PROBES.md:43419 "Hand battery vs prediction: newly refused X_w01 ... X_k05 = predicted; + X_w06 ... + X_k06 X_w11 X_w12"	illegal	record, by reading (no rustc binary on this box)	REFUSED	X_c03_unit_variant_turbofish_on_lifetime_free_enum.logos:4: error [fn main]: 'Color': expected 0 life [1 error line(s)] · saved binaries: base47bea7f0=REFUSED · base_baa2a38=REFUSED		fail_fixture
70e860676d542291	2026-09-13f-declarrivalland	X_c05	snapshot:25aa8421-fce1-4a11-8a89-5d2ba5981c88/land0913f.KArC/hbfix_whtraitdecl.qRvF/X_c05_ctor_turbofish_too_few_in_impl.logos	b	(b) PROBES.md:43419 "Hand battery vs prediction: newly refused X_w01 ... X_k05 = predicted; + X_w06 ... + X_k06 X_w11 X_w12"	illegal	record, by reading (no rustc binary on this box)	REFUSED	X_c05_ctor_turbofish_too_few_in_impl.logos:5: error [fn E__mk]: 'E': expected 2 lifetime arg(s), got  [1 error line(s)] · saved binaries: base47bea7f0=REFUSED · base_baa2a38=REFUSED		fail_fixture
100d60f62d03bb15	2026-09-13f-declarrivalland	X_k02	snapshot:25aa8421-fce1-4a11-8a89-5d2ba5981c88/land0913f.KArC/hbfix_whtraitdecl.qRvF/X_k02_const_array_region_c.logos	b	(b) PROBES.md:43419 "Hand battery vs prediction: newly refused X_w01 ... X_k05 = predicted; + X_w06 ... + X_k06 X_w11 X_w12"	illegal	record, by reading (no rustc binary on this box)	REFUSED	error [impl T2 for S]: impl T2 for S: associated constant 'A' has type '[&'c [u8]; 1]', which is not compatible with the trait's '[&'b [u8]; 1]' (lifetime mismatch) [1 error line(s)] · saved binaries: base47bea7f0=REFUSED · base_baa2a38=REFUSED		fail_fixture
e4e6b20e0ce9eb22	2026-09-13f-declarrivalland	X_k04	snapshot:25aa8421-fce1-4a11-8a89-5d2ba5981c88/land0913f.KArC/hbfix_whtraitdecl.qRvF/X_k04_method_ret_slice_region_c.logos	b	(b) PROBES.md:43419 "Hand battery vs prediction: newly refused X_w01 ... X_k05 = predicted; + X_w06 ... + X_k06 X_w11 X_w12"	illegal	record, by reading (no rustc binary on this box)	REFUSED	error [fn S__get]: impl Tr for S: method 'get' does not match the trait declaration: the return type is declared '&'b [i64]' and the impl declares '&'c [i64]' (lifetime mismatch) [1 error line(s)] · saved binaries: base47bea7f0=REFUSED · base_baa2a38=REFUSED		fail_fixture
ae172654eb6fc35f	2026-09-13f-declarrivalland	X_k05	snapshot:25aa8421-fce1-4a11-8a89-5d2ba5981c88/land0913f.KArC/hbfix_whtraitdecl.qRvF/X_k05_const_static_trait_elided_impl_named.logos	b	(b) PROBES.md:43419 "Hand battery vs prediction: newly refused X_w01 ... X_k05 = predicted; + X_w06 ... + X_k06 X_w11 X_w12"	illegal	record, by reading (no rustc binary on this box)	REFUSED	error [impl Named for S]: impl Named for S: associated constant 'N' has type '&'a [u8]', which is not compatible with the trait's '&'static [u8]' (lifetime mismatch) [1 error line(s)] · saved binaries: base47bea7f0=REFUSED · base_baa2a38=REFUSED		fail_fixture
3288d8964049001f	2026-09-13f-declarrivalland	X_w06	snapshot:25aa8421-fce1-4a11-8a89-5d2ba5981c88/land0913f.KArC/hbfix_whtraitdecl.qRvF/X_w06_trait_method_decl_own_param_where_undecl.logos	b	(b) PROBES.md:43419 "Hand battery vs prediction: newly refused X_w01 ... X_k05 = predicted; + X_w06 ... + X_k06 X_w11 X_w12"	illegal	record, by reading (no rustc binary on this box)	REFUSED	error [trait Q]: unknown type 'T' [1 error line(s)] · saved binaries: base47bea7f0=REFUSED · base_baa2a38=REFUSED		fail_fixture
85bac264b8fe36f1	2026-09-13f-declarrivalland	X_k06	snapshot:25aa8421-fce1-4a11-8a89-5d2ba5981c88/land0913f.KArC/hbbase2.IlbX/X_k06_const_option_static_trait_named_impl.logos	b	(b) PROBES.md:43419 "Hand battery vs prediction: newly refused X_w01 ... X_k05 = predicted; + X_w06 ... + X_k06 X_w11 X_w12"	illegal	record, by reading (no rustc binary on this box)	REFUSED	error [impl Named for S]: impl Named for S: associated constant 'N' has type 'Option<&'a [u8]>', which is not compatible with the trait's 'Option<&'static [u8]>' (lifetime mismatch) [1 error line(s)] · saved binaries: base47bea7f0=REFUSED · base_baa2a38=REFUSED		fail_fixture
ac060653b4417456	2026-09-13f-declarrivalland	X_w11	snapshot:25aa8421-fce1-4a11-8a89-5d2ba5981c88/land0913f.KArC/hbbase2.IlbX/X_w11_generic_trait_impl_header_where_undecl.logos	b	(b) PROBES.md:43419 "Hand battery vs prediction: newly refused X_w01 ... X_k05 = predicted; + X_w06 ... + X_k06 X_w11 X_w12"	illegal	record, by reading (no rustc binary on this box)	REFUSED	error [impl Q for W]: unknown type 'Zed' [1 error line(s)] · saved binaries: base47bea7f0=REFUSED · base_baa2a38=REFUSED		fail_fixture
05ddf3a660c8d9e4	2026-09-13f-declarrivalland	X_w12	snapshot:25aa8421-fce1-4a11-8a89-5d2ba5981c88/land0913f.KArC/selfhdr.AOvJ/X_w12_free_fn_where_self.logos	b	(b) PROBES.md:43419 "Hand battery vs prediction: newly refused X_w01 ... X_k05 = predicted; + X_w06 ... + X_k06 X_w11 X_w12"	illegal	record, by reading (no rustc binary on this box)	REFUSED	error [fn f]: unknown type 'Self' [1 error line(s)] · saved binaries: base47bea7f0=REFUSED · base_baa2a38=REFUSED		fail_fixture
764e26560c6f0eee	2026-09-13f-declarrivalland	G_w27	snapshot:25aa8421-fce1-4a11-8a89-5d2ba5981c88/land0913f.KArC/selfhdr.AOvJ/G_w27_inherent_generic_impl_where_self.logos	b	(b) PROBES.md:43421 "ONE BASE LEGAL REFUSAL REPAIRED by the fallback deletion: G_w27 ... landed runs 4"	legal	record, by reading (no rustc binary on this box)	RUNS	rc 4 (exit value NOT verified against the record; stdout: ) · saved binaries: base47bea7f0=RUNS 4 · base_baa2a38=RUNS 4		pass_fixture
d3f6de93162b3d1f	2026-09-14a-ptrcoerce	D01	snapshot:25aa8421-fce1-4a11-8a89-5d2ba5981c88/survey14a.MrUR/bat6/D01_legal_decay_named.logos	a	(a) PROBES.md:43623 "`refptrco` refuses F_array_ref, F_struct_ptr_field, F_while_search ... AND D01 ... FOUR legal programs"	legal	record, by reading (no rustc binary on this box)	RUNS	0 · saved binaries: base47bea7f0=RUNS 0 · base_baa2a38=RUNS 0		pass_fixture
cf286244ad9a2d8d	2026-09-14a-ptrcoerce	J04	snapshot:25aa8421-fce1-4a11-8a89-5d2ba5981c88/survey14a.MrUR/ctl/lv1_vec_index_write.logos	b,c	(c) PROBES.md:43552 "idxstoremut / amutrecv — moved NOTHING, J04 included: PREDICTION WRONG" | (b) PROBES.md:43524 NEIGHBOURS "CLOSED here" (return/let/place/decay/tuple/`&mut`->`&`/Vec store) + PROBES.md:43514 "every change is an illegal program refused or a text line; 0 legal moved"	illegal	record, by reading (no rustc binary on this box)	REFUSED	error [fn main]: cannot borrow 'v' as mutable: 'v' has shared borrows [1 error line(s)] · saved binaries: base47bea7f0=REFUSED · base_baa2a38=REFUSED		fail_fixture
4949264ce6a2c1fb	2026-09-14c-meetobl	X10	snapshot:25aa8421-fce1-4a11-8a89-5d2ba5981c88/battery.WM5P/X10_enum_three_payloads.logos	a	(a) PROBES.md:43927 "By hand it UN-REFUSED X10 and X13 (two illegal programs refused on base)" (meetobl)	illegal	record, by reading (no rustc binary on this box)	REFUSED	X10_enum_three_payloads.logos:4: error [fn mk]: return type mismatch: lifetime may not live long enough — a E<'_> built from [1 error line(s)] · saved binaries: base47bea7f0=REFUSED · base_baa2a38=REFUSED		fail_fixture
0518e8e21e3254b4	2026-09-14c-meetobl	X13	snapshot:25aa8421-fce1-4a11-8a89-5d2ba5981c88/battery.WM5P/X13_method_meet_ret.logos	a	(a) PROBES.md:43927 "By hand it UN-REFUSED X10 and X13 (two illegal programs refused on base)" (meetobl)	illegal	record, by reading (no rustc binary on this box)	REFUSED	X13_method_meet_ret.logos:7: error [fn mk]: return type mismatch: lifetime may not live long enough — a &i64 built from 'a a [1 error line(s)] · saved binaries: base47bea7f0=REFUSED · base_baa2a38=REFUSED		fail_fixture
68a0349f16bba0a2	2026-09-14c-meetobl	v5	snapshot:25aa8421-fce1-4a11-8a89-5d2ba5981c88/x01var.mch8/v5_generic_struct_T.logos	b	(b) PROBES.md:43930 "meetoblinv ... a GENERIC `P<'a, T>` literal refused (v5)" — the refusal is CORRECT (y: &'b into P<'a> with no 'b: 'a); MEASURED this inventory: cc 0 on saved base copies 47bea7f0 (14c/14d base) and 6d1bbee8, REFUSED on saved baa2a38e (14d landed) and today: moved by the 14d landing, not named by its record	illegal	this inventory, by reading (no rustc binary): y: &'b stored into P<'a> with no 'b: 'a	REFUSED	v5_generic_struct_T.logos:4: error [fn mk]: return type mismatch: lifetime may not live long enough — a P<'_, i64> built from [1 error line(s)] · saved binaries: base47bea7f0=RUNS 0 · base_baa2a38=REFUSED		fail_fixture
38b32750ac7c21e3	2026-09-14c-meetobl	X05	snapshot:25aa8421-fce1-4a11-8a89-5d2ba5981c88/battery.WM5P/X05_ret_other_region.logos	a	(a) PROBES.md:43922 "moblsome ... by hand it UN-REFUSES X05 X10 X13"	illegal	record, by reading (no rustc binary on this box)	REFUSED	X05_ret_other_region.logos:4: error [fn mk]: return type mismatch: lifetime may not live long enough — a P<'_> built from 'a [1 error line(s)] · saved binaries: base47bea7f0=REFUSED · base_baa2a38=REFUSED		fail_fixture
51c55a8ea7a57ce3	2026-09-14d-meetoblland	L201	snapshot:25aa8421-fce1-4a11-8a89-5d2ba5981c88/landbatm2.th4p/L201_swap_meet_static_member.logos	a	(a) PROBES.md:44030 "L201 LEGAL refused by build 1"	legal	record, by reading (no rustc binary on this box)	RUNS	rc 5 (exit value NOT verified against the record; stdout: ) · saved binaries: base47bea7f0=RUNS 5 · base_baa2a38=RUNS 5 · ⚠ id resolved to 2 programs; this one kept		pass_fixture
289cba4a458443ef	2026-09-14d-meetoblland	X118	snapshot:25aa8421-fce1-4a11-8a89-5d2ba5981c88/landbat.gPIU/X118_enum_struct_payload_and_ref_nobound.logos	a,b	(a) PROBES.md:44039 "X118 ILLEGAL admitted by build 1" | (b) PROBES.md:44047 "build 3 vs base: moved = the illegal refusals (X01-X04 X07-X09 X11 X12 X14-X19 X50 X51 X53-X55 J01 J03 X106 X112 X114 X118 X119 X120 X124 X302 X308)"	illegal	record, by reading (no rustc binary on this box)	REFUSED	X118_enum_struct_payload_and_ref_nobound.logos:5: error [fn mk]: return type mismatch: lifetime may not live long enough — a [1 error line(s)] · saved binaries: base47bea7f0=RUNS 0 · base_baa2a38=REFUSED		fail_fixture
7618e5e3fd927ddd	2026-09-14d-meetoblland	X119	snapshot:25aa8421-fce1-4a11-8a89-5d2ba5981c88/landbat.gPIU/X119_enum_two_str_nobound.logos	a,b	(a) PROBES.md:44040 "X119 X120 X302 X308 ILLEGAL admitted: the enum walk had no fat-pointer arm" | (b) PROBES.md:44047 "build 3 vs base: moved = the illegal refusals (X01-X04 X07-X09 X11 X12 X14-X19 X50 X51 X53-X55 J01 J03 X106 X112 X114 X118 X119 X120 X124 X302 X308)"	illegal	record, by reading (no rustc binary on this box)	REFUSED	X119_enum_two_str_nobound.logos:4: error [fn mk]: return type mismatch: lifetime may not live long enough — a E<'_> built fr [1 error line(s)] · saved binaries: base47bea7f0=RUNS 0 · base_baa2a38=REFUSED		fail_fixture
d64b553e2fc290b2	2026-09-14d-meetoblland	X120	snapshot:25aa8421-fce1-4a11-8a89-5d2ba5981c88/landbat.gPIU/X120_enum_one_str_wrong_region.logos	a,b	(a) PROBES.md:44040 "X119 X120 X302 X308 ILLEGAL admitted: the enum walk had no fat-pointer arm" | (b) PROBES.md:44047 "build 3 vs base: moved = the illegal refusals (X01-X04 X07-X09 X11 X12 X14-X19 X50 X51 X53-X55 J01 J03 X106 X112 X114 X118 X119 X120 X124 X302 X308)"	illegal	record, by reading (no rustc binary on this box)	REFUSED	X120_enum_one_str_wrong_region.logos:4: error [fn mk]: return type mismatch: variance mismatch — expected E<'a>, got E<'b> � [1 error line(s)] · saved binaries: base47bea7f0=RUNS 0 · base_baa2a38=REFUSED		fail_fixture
e88c88b6af305f71	2026-09-14d-meetoblland	X302	snapshot:25aa8421-fce1-4a11-8a89-5d2ba5981c88/landbatf.Dk2p/X302_enum_slice_payload_nobound.logos	a,b	(a) PROBES.md:44040 "X119 X120 X302 X308 ILLEGAL admitted: the enum walk had no fat-pointer arm" | (b) PROBES.md:44047 "build 3 vs base: moved = the illegal refusals (X01-X04 X07-X09 X11 X12 X14-X19 X50 X51 X53-X55 J01 J03 X106 X112 X114 X118 X119 X120 X124 X302 X308)"	illegal	record, by reading (no rustc binary on this box)	REFUSED	X302_enum_slice_payload_nobound.logos:4: error [fn mk]: return type mismatch: lifetime may not live long enough — a E<'_> b [1 error line(s)] · saved binaries: base47bea7f0=RUNS 0 · base_baa2a38=REFUSED		fail_fixture
c0b29544a94c6152	2026-09-14d-meetoblland	X308	snapshot:25aa8421-fce1-4a11-8a89-5d2ba5981c88/landbatf.Dk2p/X308_enum_str_static_demand.logos	a,b	(a) PROBES.md:44040 "X119 X120 X302 X308 ILLEGAL admitted: the enum walk had no fat-pointer arm" | (b) PROBES.md:44047 "build 3 vs base: moved = the illegal refusals (X01-X04 X07-X09 X11 X12 X14-X19 X50 X51 X53-X55 J01 J03 X106 X112 X114 X118 X119 X120 X124 X302 X308)"	illegal	record, by reading (no rustc binary on this box)	REFUSED	X308_enum_str_static_demand.logos:3: error [fn mk]: return type mismatch: variance mismatch — expected E<'static>, got E<'a [1 error line(s)] · saved binaries: base47bea7f0=RUNS 0 · base_baa2a38=REFUSED		fail_fixture
c47aa3e62ad39088	2026-09-14d-meetoblland	L401	snapshot:25aa8421-fce1-4a11-8a89-5d2ba5981c88/invnb.tuCq/L401_struct_inv_binder_bound.logos	b	(b) PROBES.md:44041 "L401 X410 LEGAL refused / ILLEGAL admitted on base: no raw-pointer arm ... -> moblptr" (landed)	legal	record, by reading (no rustc binary on this box)	RUNS	rc 5 (exit value NOT verified against the record; stdout: ) · saved binaries: base47bea7f0=REFUSED · base_baa2a38=RUNS 5		pass_fixture
5609028565349e09	2026-09-14d-meetoblland	X410	snapshot:25aa8421-fce1-4a11-8a89-5d2ba5981c88/invnb.tuCq/X410_struct_ptr_field_static_demand.logos	b	(b) PROBES.md:44041 (same line)	illegal	record, by reading (no rustc binary on this box)	REFUSED	X410_struct_ptr_field_static_demand.logos:4: error [fn mk]: return type mismatch: variance mismatch — expected S<'static>, got [1 error line(s)] · saved binaries: base47bea7f0=RUNS 0 · base_baa2a38=REFUSED		fail_fixture
bfb29a058b02034e	2026-09-14d-meetoblland	L102	snapshot:25aa8421-fce1-4a11-8a89-5d2ba5981c88/landbat.gPIU/L102_struct_over_inv_enum_bound.logos	c	(c) PROBES.md:44043 "PREDICTION MISSES: L102 predicted refused by default, compiled ...; X115 predicted refused, still admitted"	legal	record, by reading (no rustc binary on this box)	RUNS	rc 4 (exit value NOT verified against the record; stdout: ) · saved binaries: base47bea7f0=RUNS 4 · base_baa2a38=RUNS 4		pass_fixture
173f48496b93cb8f	2026-09-14d-meetoblland	X115	snapshot:25aa8421-fce1-4a11-8a89-5d2ba5981c88/landbat.gPIU/X115_closure_returns_meet_escapes.logos	c	(c) PROBES.md:44043 "PREDICTION MISSES: L102 predicted refused by default, compiled ...; X115 predicted refused, still admitted"	illegal	record, by reading (no rustc binary on this box)	RUNS	0 — PROBES.md:44082 rowed with X202 X203 X115 · saved binaries: base47bea7f0=RUNS 0 · base_baa2a38=RUNS 0		existing_row:closure_elided_return_annotation_region_admits
d570c39c717b0b05	2026-09-14c-meetobl	X01	snapshot:25aa8421-fce1-4a11-8a89-5d2ba5981c88/battery.WM5P/X01_struct_ret.logos	b	(b) PROBES.md:44047 "build 3 vs base: moved = the illegal refusals (X01-X04 X07-X09 X11 X12 X14-X19 X50 X51 X53-X55 J01 J03 X106 X112 X114 X118 X119 X120 X124 X302 X308)"	illegal	record, by reading (no rustc binary on this box)	REFUSED	X01_struct_ret.logos:4: error [fn mk]: return type mismatch: lifetime may not live long enough — a P<'_> built from 'a and ' [1 error line(s)] · saved binaries: base47bea7f0=RUNS 0 · base_baa2a38=REFUSED		fail_fixture
5044413598f8e6a8	2026-09-14c-meetobl	X02	snapshot:25aa8421-fce1-4a11-8a89-5d2ba5981c88/battery.WM5P/X02_enum_ret.logos	b	(b) PROBES.md:44047 "build 3 vs base: moved = the illegal refusals (X01-X04 X07-X09 X11 X12 X14-X19 X50 X51 X53-X55 J01 J03 X106 X112 X114 X118 X119 X120 X124 X302 X308)"	illegal	record, by reading (no rustc binary on this box)	REFUSED	X02_enum_ret.logos:4: error [fn mk]: return type mismatch: lifetime may not live long enough — a E<'_> built from 'a and 'b  [1 error line(s)] · saved binaries: base47bea7f0=RUNS 0 · base_baa2a38=REFUSED		fail_fixture
d3e286859bb7a621	2026-09-14c-meetobl	X03	snapshot:25aa8421-fce1-4a11-8a89-5d2ba5981c88/battery.WM5P/X03_call_ret.logos	b	(b) PROBES.md:44047 "build 3 vs base: moved = the illegal refusals (X01-X04 X07-X09 X11 X12 X14-X19 X50 X51 X53-X55 J01 J03 X106 X112 X114 X118 X119 X120 X124 X302 X308)"	illegal	record, by reading (no rustc binary on this box)	REFUSED	X03_call_ret.logos:4: error [fn mk]: return type mismatch: lifetime may not live long enough — a &i64 built from 'a and 'b i [1 error line(s)] · saved binaries: base47bea7f0=RUNS 0 · base_baa2a38=REFUSED		fail_fixture
f6922bf72caf2362	2026-09-14c-meetobl	X04	snapshot:25aa8421-fce1-4a11-8a89-5d2ba5981c88/battery.WM5P/X04_let_annot.logos	b	(b) PROBES.md:44047 "build 3 vs base: moved = the illegal refusals (X01-X04 X07-X09 X11 X12 X14-X19 X50 X51 X53-X55 J01 J03 X106 X112 X114 X118 X119 X120 X124 X302 X308)"	illegal	record, by reading (no rustc binary on this box)	REFUSED	X04_let_annot.logos:4: error [fn mk]: let 'p': lifetime may not live long enough — a P<'_> built from 'a and 'b is used as P [1 error line(s)] · saved binaries: base47bea7f0=RUNS 0 · base_baa2a38=REFUSED		fail_fixture
9d0bbca89c33e20b	2026-09-14c-meetobl	X07	snapshot:25aa8421-fce1-4a11-8a89-5d2ba5981c88/battery.WM5P/X07_static_target.logos	b	(b) PROBES.md:44047 "build 3 vs base: moved = the illegal refusals (X01-X04 X07-X09 X11 X12 X14-X19 X50 X51 X53-X55 J01 J03 X106 X112 X114 X118 X119 X120 X124 X302 X308)"	illegal	record, by reading (no rustc binary on this box)	REFUSED	X07_static_target.logos:5: error [fn mk]: return type mismatch: lifetime may not live long enough — a P<'_> built from 'stat [1 error line(s)] · saved binaries: base47bea7f0=RUNS 0 · base_baa2a38=REFUSED		fail_fixture
135057ee36d672c9	2026-09-14c-meetobl	X08	snapshot:25aa8421-fce1-4a11-8a89-5d2ba5981c88/battery.WM5P/X08_tuple_ret.logos	b	(b) PROBES.md:44047 "build 3 vs base: moved = the illegal refusals (X01-X04 X07-X09 X11 X12 X14-X19 X50 X51 X53-X55 J01 J03 X106 X112 X114 X118 X119 X120 X124 X302 X308)"	illegal	record, by reading (no rustc binary on this box)	REFUSED	X08_tuple_ret.logos:4: error [fn mk]: return type mismatch: lifetime may not live long enough — a (P<'_>, i64) built from 'a [1 error line(s)] · saved binaries: base47bea7f0=RUNS 0 · base_baa2a38=REFUSED		fail_fixture
6334cc0cfacce80e	2026-09-14c-meetobl	X09	snapshot:25aa8421-fce1-4a11-8a89-5d2ba5981c88/battery.WM5P/X09_nested_ret.logos	b	(b) PROBES.md:44047 "build 3 vs base: moved = the illegal refusals (X01-X04 X07-X09 X11 X12 X14-X19 X50 X51 X53-X55 J01 J03 X106 X112 X114 X118 X119 X120 X124 X302 X308)"	illegal	record, by reading (no rustc binary on this box)	REFUSED	X09_nested_ret.logos:5: error [fn mk]: return type mismatch: lifetime may not live long enough — a W<'_> built from 'a and ' [1 error line(s)] · saved binaries: base47bea7f0=RUNS 0 · base_baa2a38=REFUSED		fail_fixture
6061955448f1e8dd	2026-09-14c-meetobl	X11	snapshot:25aa8421-fce1-4a11-8a89-5d2ba5981c88/battery.WM5P/X11_glb_str.logos	b	(b) PROBES.md:44047 "build 3 vs base: moved = the illegal refusals (X01-X04 X07-X09 X11 X12 X14-X19 X50 X51 X53-X55 J01 J03 X106 X112 X114 X118 X119 X120 X124 X302 X308)"	illegal	record, by reading (no rustc binary on this box)	REFUSED	X11_glb_str.logos:4: error [fn set_desc]: return type mismatch: lifetime may not live long enough — a Flag<'_> built from 'a [1 error line(s)] · saved binaries: base47bea7f0=RUNS 0 · base_baa2a38=REFUSED		fail_fixture
012d709da794bbe1	2026-09-14c-meetobl	X12	snapshot:25aa8421-fce1-4a11-8a89-5d2ba5981c88/battery.WM5P/X12_meet_ret_via_let.logos	b	(b) PROBES.md:44047 "build 3 vs base: moved = the illegal refusals (X01-X04 X07-X09 X11 X12 X14-X19 X50 X51 X53-X55 J01 J03 X106 X112 X114 X118 X119 X120 X124 X302 X308)"	illegal	record, by reading (no rustc binary on this box)	REFUSED	X12_meet_ret_via_let.logos:5: error [fn mk]: return type mismatch: lifetime may not live long enough — a P<'_> built from 'a [1 error line(s)] · saved binaries: base47bea7f0=RUNS 0 · base_baa2a38=REFUSED		fail_fixture
64f2cd98e77cdbd6	2026-09-14c-meetobl	X14	snapshot:25aa8421-fce1-4a11-8a89-5d2ba5981c88/battery.WM5P/X14_box_meet_ret.logos	b	(b) PROBES.md:44047 "build 3 vs base: moved = the illegal refusals (X01-X04 X07-X09 X11 X12 X14-X19 X50 X51 X53-X55 J01 J03 X106 X112 X114 X118 X119 X120 X124 X302 X308)"	illegal	record, by reading (no rustc binary on this box)	REFUSED	X14_box_meet_ret.logos:4: error [fn mk]: return type mismatch: lifetime may not live long enough — a Box<P<'_>> built from ' [1 error line(s)] · saved binaries: base47bea7f0=RUNS 0 · base_baa2a38=REFUSED		fail_fixture
f5a86af056b3fcc4	2026-09-14c-meetobl	X15	snapshot:25aa8421-fce1-4a11-8a89-5d2ba5981c88/battery.WM5P/X15_option_meet_ret.logos	b	(b) PROBES.md:44047 "build 3 vs base: moved = the illegal refusals (X01-X04 X07-X09 X11 X12 X14-X19 X50 X51 X53-X55 J01 J03 X106 X112 X114 X118 X119 X120 X124 X302 X308)"	illegal	record, by reading (no rustc binary on this box)	REFUSED	X15_option_meet_ret.logos:4: error [fn mk]: return type mismatch: lifetime may not live long enough — a Option<P<'_>> built  [1 error line(s)] · saved binaries: base47bea7f0=RUNS 0 · base_baa2a38=REFUSED		fail_fixture
e47ee2f623f9fc7e	2026-09-14c-meetobl	X16	snapshot:25aa8421-fce1-4a11-8a89-5d2ba5981c88/battery.WM5P/X16_outparam_store.logos	b	(b) PROBES.md:44047 "build 3 vs base: moved = the illegal refusals (X01-X04 X07-X09 X11 X12 X14-X19 X50 X51 X53-X55 J01 J03 X106 X112 X114 X118 X119 X120 X124 X302 X308)"	illegal	record, by reading (no rustc binary on this box)	REFUSED	X16_outparam_store.logos:4: error [fn fill]: deref-write '*ptr = …': lifetime may not live long enough — a P<'_> built fro [1 error line(s)] · saved binaries: base47bea7f0=RUNS 0 · base_baa2a38=REFUSED		fail_fixture
8309f98ff335f7e5	2026-09-14c-meetobl	X17	snapshot:25aa8421-fce1-4a11-8a89-5d2ba5981c88/battery.WM5P/X17_str_literal_static_target.logos	b	(b) PROBES.md:44047 "build 3 vs base: moved = the illegal refusals (X01-X04 X07-X09 X11 X12 X14-X19 X50 X51 X53-X55 J01 J03 X106 X112 X114 X118 X119 X120 X124 X302 X308)"	illegal	record, by reading (no rustc binary on this box)	REFUSED	X17_str_literal_static_target.logos:4: error [fn mk]: return type mismatch: lifetime may not live long enough — a Flag<'_> b [1 error line(s)] · saved binaries: base47bea7f0=RUNS 0 · base_baa2a38=REFUSED		fail_fixture
e5422fc0ade67b1e	2026-09-14c-meetobl	X18	snapshot:25aa8421-fce1-4a11-8a89-5d2ba5981c88/battery.WM5P/X18_user_enum_order_x_first.logos	b	(b) PROBES.md:44047 "build 3 vs base: moved = the illegal refusals (X01-X04 X07-X09 X11 X12 X14-X19 X50 X51 X53-X55 J01 J03 X106 X112 X114 X118 X119 X120 X124 X302 X308)"	illegal	record, by reading (no rustc binary on this box)	REFUSED	X18_user_enum_order_x_first.logos:4: error [fn mk]: return type mismatch: lifetime may not live long enough — a T<'_> built  [1 error line(s)] · saved binaries: base47bea7f0=RUNS 0 · base_baa2a38=REFUSED		fail_fixture
a5c846c6b3dfc0b8	2026-09-14c-meetobl	X19	snapshot:25aa8421-fce1-4a11-8a89-5d2ba5981c88/battery.WM5P/X19_static_demand_meet_local.logos	b	(b) PROBES.md:44047 "build 3 vs base: moved = the illegal refusals (X01-X04 X07-X09 X11 X12 X14-X19 X50 X51 X53-X55 J01 J03 X106 X112 X114 X118 X119 X120 X124 X302 X308)"	illegal	record, by reading (no rustc binary on this box)	REFUSED	X19_static_demand_meet_local.logos:6: error [fn g]: call to 'need_static' arg 1: lifetime may not live long enough — a P<'_> [1 error line(s)] · saved binaries: base47bea7f0=RUNS 0 · base_baa2a38=REFUSED		fail_fixture
a8529c9936cf2a93	2026-09-14c-meetobl	X50	snapshot:25aa8421-fce1-4a11-8a89-5d2ba5981c88/battery3.knho/X50_vec_push_meet.logos	b	(b) PROBES.md:44047 "build 3 vs base: moved = the illegal refusals (X01-X04 X07-X09 X11 X12 X14-X19 X50 X51 X53-X55 J01 J03 X106 X112 X114 X118 X119 X120 X124 X302 X308)"	illegal	record, by reading (no rustc binary on this box)	REFUSED	X50_vec_push_meet.logos:4: error [fn f]: method 'Vec__push' arg 1: lifetime may not live long enough — a P<'_> built from ' [1 error line(s)] · saved binaries: base47bea7f0=RUNS 0 · base_baa2a38=REFUSED		fail_fixture
7cb314cfa1290ea1	2026-09-14c-meetobl	X51	snapshot:25aa8421-fce1-4a11-8a89-5d2ba5981c88/battery3.knho/X51_option_slot_store.logos	b	(b) PROBES.md:44047 "build 3 vs base: moved = the illegal refusals (X01-X04 X07-X09 X11 X12 X14-X19 X50 X51 X53-X55 J01 J03 X106 X112 X114 X118 X119 X120 X124 X302 X308)"	illegal	record, by reading (no rustc binary on this box)	REFUSED	X51_option_slot_store.logos:4: error [fn f]: deref-write '*ptr = …': lifetime may not live long enough — a Option<P<'_>>  [1 error line(s)] · saved binaries: base47bea7f0=RUNS 0 · base_baa2a38=REFUSED		fail_fixture
33d72ba24f6482db	2026-09-14c-meetobl	X53	snapshot:25aa8421-fce1-4a11-8a89-5d2ba5981c88/battery3.knho/X53_impl_new_static_call.logos	b	(b) PROBES.md:44047 "build 3 vs base: moved = the illegal refusals (X01-X04 X07-X09 X11 X12 X14-X19 X50 X51 X53-X55 J01 J03 X106 X112 X114 X118 X119 X120 X124 X302 X308)"	illegal	record, by reading (no rustc binary on this box)	REFUSED	X53_impl_new_static_call.logos:7: error [fn mk]: return type mismatch: lifetime may not live long enough — a P<'_> built fr [1 error line(s)] · saved binaries: base47bea7f0=RUNS 0 · base_baa2a38=REFUSED		fail_fixture
a739afa828e120de	2026-09-14c-meetobl	X54	snapshot:25aa8421-fce1-4a11-8a89-5d2ba5981c88/battery3.knho/X54_nested_meet_of_meet.logos	b	(b) PROBES.md:44047 "build 3 vs base: moved = the illegal refusals (X01-X04 X07-X09 X11 X12 X14-X19 X50 X51 X53-X55 J01 J03 X106 X112 X114 X118 X119 X120 X124 X302 X308)"	illegal	record, by reading (no rustc binary on this box)	REFUSED	X54_nested_meet_of_meet.logos:6: error [fn mk]: return type mismatch: lifetime may not live long enough — a W<'_> built fro [1 error line(s)] · saved binaries: base47bea7f0=RUNS 0 · base_baa2a38=REFUSED		fail_fixture
351f1f38f8b6fd36	2026-09-14c-meetobl	X55	snapshot:25aa8421-fce1-4a11-8a89-5d2ba5981c88/battery3.knho/X55_two_binder_wrong.logos	b	(b) PROBES.md:44047 "build 3 vs base: moved = the illegal refusals (X01-X04 X07-X09 X11 X12 X14-X19 X50 X51 X53-X55 J01 J03 X106 X112 X114 X118 X119 X120 X124 X302 X308)"	illegal	record, by reading (no rustc binary on this box)	REFUSED	X55_two_binder_wrong.logos:4: error [fn mk]: return type mismatch: lifetime may not live long enough — a P2<'_, 'b> built f [1 error line(s)] · saved binaries: base47bea7f0=RUNS 0 · base_baa2a38=REFUSED		fail_fixture
2049f32f3fb65717	2026-09-14c-meetobl	J01	snapshot:25aa8421-fce1-4a11-8a89-5d2ba5981c88/invguard2.MAFy/J01_inv_enum_unrelated.logos	b	(b) PROBES.md:44047 "build 3 vs base: moved = the illegal refusals (X01-X04 X07-X09 X11 X12 X14-X19 X50 X51 X53-X55 J01 J03 X106 X112 X114 X118 X119 X120 X124 X302 X308)"	illegal	record, by reading (no rustc binary on this box)	REFUSED	J01_inv_enum_unrelated.logos:4: error [fn f]: return type mismatch: lifetime may not live long enough — a M<'_> built from [1 error line(s)] · saved binaries: base47bea7f0=RUNS 0 · base_baa2a38=REFUSED		fail_fixture
cb9f6f902e1f4f6a	2026-09-14c-meetobl	J03	snapshot:25aa8421-fce1-4a11-8a89-5d2ba5981c88/invguard2.MAFy/J03_inv_enum_r_first_unrelated.logos	b	(b) PROBES.md:44047 "build 3 vs base: moved = the illegal refusals (X01-X04 X07-X09 X11 X12 X14-X19 X50 X51 X53-X55 J01 J03 X106 X112 X114 X118 X119 X120 X124 X302 X308)"	illegal	record, by reading (no rustc binary on this box)	REFUSED	J03_inv_enum_r_first_unrelated.logos:4: error [fn f]: return type mismatch: lifetime may not live long enough — a W<'_> bu [1 error line(s)] · saved binaries: base47bea7f0=REFUSED · base_baa2a38=REFUSED		fail_fixture
ef4a034a63e465a5	2026-09-14d-meetoblland	X106	snapshot:25aa8421-fce1-4a11-8a89-5d2ba5981c88/landbat.gPIU/X106_method_set_field_nobound.logos	b	(b) PROBES.md:44047 "build 3 vs base: moved = the illegal refusals (X01-X04 X07-X09 X11 X12 X14-X19 X50 X51 X53-X55 J01 J03 X106 X112 X114 X118 X119 X120 X124 X302 X308)"	illegal	record, by reading (no rustc binary on this box)	REFUSED	X106_method_set_field_nobound.logos:6: error [fn H__set]: assignment to 'self.p': lifetime may not live long enough — a P<'_ [1 error line(s)] · saved binaries: base47bea7f0=RUNS 0 · base_baa2a38=REFUSED		fail_fixture
1e910d9a172337de	2026-09-14d-meetoblland	X112	snapshot:25aa8421-fce1-4a11-8a89-5d2ba5981c88/landbat.gPIU/X112_generic_struct_T_meet_nobound.logos	b	(b) PROBES.md:44047 "build 3 vs base: moved = the illegal refusals (X01-X04 X07-X09 X11 X12 X14-X19 X50 X51 X53-X55 J01 J03 X106 X112 X114 X118 X119 X120 X124 X302 X308)"	illegal	record, by reading (no rustc binary on this box)	REFUSED	X112_generic_struct_T_meet_nobound.logos:4: error [fn mk]: return type mismatch: lifetime may not live long enough — a G<'_, [1 error line(s)] · saved binaries: base47bea7f0=RUNS 0 · base_baa2a38=REFUSED		fail_fixture
f46f2074dea5f8e7	2026-09-14d-meetoblland	X114	snapshot:25aa8421-fce1-4a11-8a89-5d2ba5981c88/landbat.gPIU/X114_method_ret_ref_from_meet_nobound.logos	b	(b) PROBES.md:44047 "build 3 vs base: moved = the illegal refusals (X01-X04 X07-X09 X11 X12 X14-X19 X50 X51 X53-X55 J01 J03 X106 X112 X114 X118 X119 X120 X124 X302 X308)"	illegal	record, by reading (no rustc binary on this box)	REFUSED	X114_method_ret_ref_from_meet_nobound.logos:8: error [fn go]: return type mismatch: lifetime may not live long enough — a &i [1 error line(s)] · saved binaries: base47bea7f0=RUNS 0 · base_baa2a38=REFUSED		fail_fixture
7f00767e19260c65	2026-09-14d-meetoblland	X124	snapshot:25aa8421-fce1-4a11-8a89-5d2ba5981c88/landbat.gPIU/X124_elided_params_meet_returned.logos	b	(b) PROBES.md:44047 "build 3 vs base: moved = the illegal refusals (X01-X04 X07-X09 X11 X12 X14-X19 X50 X51 X53-X55 J01 J03 X106 X112 X114 X118 X119 X120 X124 X302 X308)"	illegal	record, by reading (no rustc binary on this box)	REFUSED	X124_elided_params_meet_returned.logos:4: error [fn go]: return type mismatch: lifetime may not live long enough — a P<'_> b [1 error line(s)] · saved binaries: base47bea7f0=RUNS 0 · base_baa2a38=REFUSED		fail_fixture
aba1c4595ad1f6ad	2026-09-14d-meetoblland	L104	snapshot:25aa8421-fce1-4a11-8a89-5d2ba5981c88/landbat.gPIU/L104_generic_bound_on_meet.logos	b	(b) PROBES.md:44048 "ONE legal program, L104 (refused -> runs 6, predicted"	legal	record, by reading (no rustc binary on this box)	RUNS	rc 6 (exit value NOT verified against the record; stdout: ) · saved binaries: base47bea7f0=REFUSED · base_baa2a38=RUNS 6		pass_fixture
a7fd37bf442246a4	2026-09-06n-placedropfix	N1	src/compiler/probes/2026-09-06n-placedropfix/hand/N1_array_of_droppable_fields.logos	b	(b) PROBES.md:27381 table "N1 ... base 1010 armed **1011** correct 1011 · N2 4 -> **10** · N5 1010 -> **1011** · N6 1010 -> **1011** · N7 1001 -> **1002**" (landed)	legal	record, by reading (no rustc binary on this box)	RUNS	0 COUNT=1011 · saved binaries: base47bea7f0=RUNS 0 · base_baa2a38=RUNS 0		pass_fixture
6f709ad057736a40	2026-09-06n-placedropfix	N2	src/compiler/probes/2026-09-06n-placedropfix/hand/N2_tuple_elem_assigned_in_loop.logos	b	(b) PROBES.md:27381 table "N1 ... base 1010 armed **1011** correct 1011 · N2 4 -> **10** · N5 1010 -> **1011** · N6 1010 -> **1011** · N7 1001 -> **1002**" (landed)	legal	record, by reading (no rustc binary on this box)	RUNS	0 COUNT=10 · saved binaries: base47bea7f0=RUNS 0 · base_baa2a38=RUNS 0		pass_fixture
ba311f11944e9ab8	2026-09-06n-placedropfix	N5	src/compiler/probes/2026-09-06n-placedropfix/hand/N5_index_under_deref_root.logos	b	(b) PROBES.md:27381 table "N1 ... base 1010 armed **1011** correct 1011 · N2 4 -> **10** · N5 1010 -> **1011** · N6 1010 -> **1011** · N7 1001 -> **1002**" (landed)	legal	record, by reading (no rustc binary on this box)	RUNS	0 COUNT=1011 · saved binaries: base47bea7f0=RUNS 0 · base_baa2a38=RUNS 0		pass_fixture
6a097d8773222dee	2026-09-06n-placedropfix	N6	src/compiler/probes/2026-09-06n-placedropfix/hand/N6_tuple_then_field_chain.logos	b	(b) PROBES.md:27381 table "N1 ... base 1010 armed **1011** correct 1011 · N2 4 -> **10** · N5 1010 -> **1011** · N6 1010 -> **1011** · N7 1001 -> **1002**" (landed)	legal	record, by reading (no rustc binary on this box)	RUNS	0 COUNT=1011 · saved binaries: base47bea7f0=RUNS 0 · base_baa2a38=RUNS 0		pass_fixture
532c5262e82d1ae2	2026-09-06n-placedropfix	N7	src/compiler/probes/2026-09-06n-placedropfix/hand/N7_rhs_reads_the_old_value.logos	b	(b) PROBES.md:27381 table "N1 ... base 1010 armed **1011** correct 1011 · N2 4 -> **10** · N5 1010 -> **1011** · N6 1010 -> **1011** · N7 1001 -> **1002**" (landed)	legal	record, by reading (no rustc binary on this box)	RUNS	0 COUNT=1002 · saved binaries: base47bea7f0=RUNS 0 · base_baa2a38=RUNS 0		pass_fixture
e3425ea3384932b8	2026-09-06n-placedropfix	N8	src/compiler/probes/2026-09-06n-placedropfix/hand/N8_heap_payload_valgrind.logos	b	(b) PROBES.md:27388 "N8 heap `String` payload — the oracle is VALGRIND | 6 allocs / **4** frees, 20 B lost | 6 allocs / **6** frees, 0 errors"	legal	record, by reading (no rustc binary on this box)	RUNS	0 COUNT=16 · saved binaries: base47bea7f0=RUNS 0 · base_baa2a38=RUNS 0		pass_fixture
4d200b9f751167a1	2026-09-09i-cesc	L1	src/compiler/probes/2026-09-09i-cesc/hand/L1.logos	a	(a) hand_matrix.tsv "L1 admit REFUSED admit LEGAL — cost of cescbound"	legal	record, by reading (no rustc binary on this box)	RUNS	0 · saved binaries: base47bea7f0=RUNS 0 · base_baa2a38=RUNS 0		pass_fixture
5cd886899d656843	2026-09-09i-cesc	L3	src/compiler/probes/2026-09-09i-cesc/hand/L3.logos	a	(a) hand_matrix.tsv "L3 admit admit REFUSED LEGAL — cost of cesccapmut"	legal	record, by reading (no rustc binary on this box)	RUNS	0 · saved binaries: base47bea7f0=RUNS 0 · base_baa2a38=RUNS 0		pass_fixture
79a6c2f9f6a14a05	2026-09-12n-bcdoor	I1	snapshot:25aa8421-fce1-4a11-8a89-5d2ba5981c88/r0912n/hand/I1.logos	a	(a) PROBES.md:42061 "I1 and I4 (method on a TEMPORARY RECEIVER) stay admitted and are bck.NEW-BCS, which is still open"	illegal	record, by reading (no rustc binary on this box)	RUNS	1 · saved binaries: base47bea7f0=RUNS 1 · base_baa2a38=RUNS 1	tests/imported/admit/lifetimes/borrowck-let-suggestion.logos (modulo comments)	already_in_tree:tests/imported/admit/lifetimes/borrowck-let-suggestion.logos
6bdc46a7379d2d6d	2026-09-12n-bcdoor	I4	snapshot:25aa8421-fce1-4a11-8a89-5d2ba5981c88/r0912n/hand/I4.logos	a	(a) PROBES.md:42061 "I1 and I4 (method on a TEMPORARY RECEIVER) stay admitted and are bck.NEW-BCS, which is still open"	illegal	record, by reading (no rustc binary on this box)	RUNS	7 — bc_admits root, not a queue row: PROBES.md:42061 "I1 and I4 ... are bck.NEW-BCS, which is still open" · saved binaries: base47bea7f0=RUNS 7 · base_baa2a38=RUNS 7		existing_row:bck.NEW-BCS
97f061050a5d748a	2026-09-12r-escroot	x1	snapshot:25aa8421-fce1-4a11-8a89-5d2ba5981c88/r0912r/ctl/x1_freefn_then_escape.logos	b	(b) PROBES.md:42357 "Newly REFUSED, all illegal: x1 x2 k14 k19 k20 g25 (call arm) · d1 d2 e2 n4 n6 k24"	illegal	record, by reading (no rustc binary on this box)	REFUSED	error [fn foo]: 'v' does not live long enough: it is borrowed and stored through 'out', whose storage the caller owns and outlives this function (E0597) [1 error line(s)] · saved binaries: base47bea7f0=REFUSED · base_baa2a38=REFUSED		fail_fixture
56aa3e8c86d1d650	2026-09-12r-escroot	x2	snapshot:25aa8421-fce1-4a11-8a89-5d2ba5981c88/r0912r/ctl/x2_freefn_ref_then_escape.logos	b	(b) PROBES.md:42357 "Newly REFUSED, all illegal: x1 x2 k14 k19 k20 g25 (call arm) · d1 d2 e2 n4 n6 k24"	illegal	record, by reading (no rustc binary on this box)	REFUSED	error [fn foo]: 'v' does not live long enough: it is borrowed and stored through 'out', whose storage the caller owns and outlives this function (E0597) [1 error line(s)] · saved binaries: base47bea7f0=REFUSED · base_baa2a38=REFUSED		fail_fixture
4c4664ae835dffd1	2026-09-12r-escroot	k14	snapshot:25aa8421-fce1-4a11-8a89-5d2ba5981c88/r0912r/ctl/k14_illegal_escape_method_recv_local.logos	b	(b) PROBES.md:42357 "Newly REFUSED, all illegal: x1 x2 k14 k19 k20 g25 (call arm) · d1 d2 e2 n4 n6 k24"	illegal	record, by reading (no rustc binary on this box)	REFUSED	error [fn foo]: 's' does not live long enough: it is borrowed and stored through 'out', whose storage the caller owns and outlives this function (E0597) [1 error line(s)] · saved binaries: base47bea7f0=REFUSED · base_baa2a38=REFUSED		fail_fixture
589252e188177c5c	2026-09-12r-escroot	k19	snapshot:25aa8421-fce1-4a11-8a89-5d2ba5981c88/r0912r/ctl/k19_illegal_escape_call_local_array_index.logos	b	(b) PROBES.md:42357 "Newly REFUSED, all illegal: x1 x2 k14 k19 k20 g25 (call arm) · d1 d2 e2 n4 n6 k24"	illegal	record, by reading (no rustc binary on this box)	REFUSED	error [fn foo]: 'arr' does not live long enough: it is borrowed and stored through 'out', whose storage the caller owns and outlives this function (E0597) [1 error line(s)] · saved binaries: base47bea7f0=REFUSED · base_baa2a38=REFUSED		fail_fixture
9a6ecc1160443b99	2026-09-12r-escroot	k20	snapshot:25aa8421-fce1-4a11-8a89-5d2ba5981c88/r0912r/ctl/k20_illegal_escape_call_local_struct_field.logos	b	(b) PROBES.md:42357 "Newly REFUSED, all illegal: x1 x2 k14 k19 k20 g25 (call arm) · d1 d2 e2 n4 n6 k24"	illegal	record, by reading (no rustc binary on this box)	REFUSED	error [fn foo]: 's' does not live long enough: it is borrowed and stored through 'out', whose storage the caller owns and outlives this function (E0597) [1 error line(s)] · saved binaries: base47bea7f0=REFUSED · base_baa2a38=REFUSED		fail_fixture
27a5afcf0f26159b	2026-09-12r-escroot	g25	snapshot:25aa8421-fce1-4a11-8a89-5d2ba5981c88/r0912r/ctl2/g25_illegal_escape_via_generic_local.logos	b	(b) PROBES.md:42357 "Newly REFUSED, all illegal: x1 x2 k14 k19 k20 g25 (call arm) · d1 d2 e2 n4 n6 k24"	illegal	record, by reading (no rustc binary on this box)	REFUSED	error [fn store]: 'v' does not live long enough: it is borrowed and stored through 'out', whose storage the caller owns and outlives this function (E0597) [1 error line(s)] · saved binaries: base47bea7f0=REFUSED · base_baa2a38=REFUSED		fail_fixture
35a65aadba542bea	2026-09-12q-letregion	d1	snapshot:25aa8421-fce1-4a11-8a89-5d2ba5981c88/r0912q/ctl/d1_no_turbofish.logos	b	(b) PROBES.md:42357 "Newly REFUSED, all illegal: x1 x2 k14 k19 k20 g25 (call arm) · d1 d2 e2 n4 n6 k24"	illegal	record, by reading (no rustc binary on this box)	REFUSED	error [fn foo]: 'v' does not live long enough: it is borrowed into 'x', whose declared type requires lifetime 'a, which outlives this function (E0597) [1 error line(s)] · saved binaries: base47bea7f0=REFUSED · base_baa2a38=REFUSED		fail_fixture
b41119705db2ceab	2026-09-12q-letregion	d2	snapshot:25aa8421-fce1-4a11-8a89-5d2ba5981c88/r0912q/ctl/d2_let_ref_annot.logos	b	(b) PROBES.md:42357 "Newly REFUSED, all illegal: x1 x2 k14 k19 k20 g25 (call arm) · d1 d2 e2 n4 n6 k24"	illegal	record, by reading (no rustc binary on this box)	REFUSED	error [fn foo]: 'v' does not live long enough: it is borrowed into 'x', whose declared type requires lifetime 'a, which outlives this function (E0597) [1 error line(s)] · saved binaries: base47bea7f0=REFUSED · base_baa2a38=REFUSED		fail_fixture
bfce205346b851e7	2026-09-12q-letregion	e2	snapshot:25aa8421-fce1-4a11-8a89-5d2ba5981c88/r0912q/ctl/e2_ufcs3_freefn.logos	b	(b) PROBES.md:42357 "Newly REFUSED, all illegal: x1 x2 k14 k19 k20 g25 (call arm) · d1 d2 e2 n4 n6 k24"	illegal	record, by reading (no rustc binary on this box)	REFUSED	error [fn foo]: 'v' does not live long enough: it is borrowed into 'x', whose declared type requires lifetime 'a, which outlives this function (E0597) [1 error line(s)] · saved binaries: base47bea7f0=REFUSED · base_baa2a38=REFUSED		fail_fixture
d038522970cc43b9	2026-09-12q-letregion	n4	snapshot:25aa8421-fce1-4a11-8a89-5d2ba5981c88/r0912q/ctl/n4_named_ref_from_mut_local.logos	b	(b) PROBES.md:42357 "Newly REFUSED, all illegal: x1 x2 k14 k19 k20 g25 (call arm) · d1 d2 e2 n4 n6 k24"	illegal	record, by reading (no rustc binary on this box)	REFUSED	error [fn foo]: 'v' does not live long enough: it is borrowed into 'r', whose declared type requires lifetime 'a, which outlives this function (E0597) [1 error line(s)] · saved binaries: base47bea7f0=REFUSED · base_baa2a38=REFUSED		fail_fixture
9b5c47cd6c58c9f3	2026-09-12q-letregion	n6	snapshot:25aa8421-fce1-4a11-8a89-5d2ba5981c88/r0912q/ctl/n6_named_from_field_of_local.logos	b	(b) PROBES.md:42357 "Newly REFUSED, all illegal: x1 x2 k14 k19 k20 g25 (call arm) · d1 d2 e2 n4 n6 k24"	illegal	record, by reading (no rustc binary on this box)	REFUSED	error [fn foo]: 'p' does not live long enough: it is borrowed into 'r', whose declared type requires lifetime 'a, which outlives this function (E0597) [1 error line(s)] · saved binaries: base47bea7f0=REFUSED · base_baa2a38=REFUSED		fail_fixture
8fda6e4bbf5a192c	2026-09-12r-escroot	k24	snapshot:25aa8421-fce1-4a11-8a89-5d2ba5981c88/r0912r/ctl/k24_illegal_let_mutref_local_call.logos	b	(b) PROBES.md:42357 "Newly REFUSED, all illegal: x1 x2 k14 k19 k20 g25 (call arm) · d1 d2 e2 n4 n6 k24"	illegal	record, by reading (no rustc binary on this box)	REFUSED	error [fn foo]: 'v' does not live long enough: it is borrowed into 'r', whose declared type requires lifetime 'a, which outlives this function (E0597) [1 error line(s)] · saved binaries: base47bea7f0=REFUSED · base_baa2a38=REFUSED		fail_fixture
4248c290daf20b19	2026-09-12r-escroot	y1	snapshot:25aa8421-fce1-4a11-8a89-5d2ba5981c88/r0912r/ctl/y1_legal_slice_local_index_escape.logos	b	(b) PROBES.md:42358 "Newly COMPILING, all legal, all run to their exit code: y1 y2 y3 (deref stop) · a6 a10 e3 m1 m3 m4 m5 o3"	legal	record, by reading (no rustc binary on this box)	RUNS	rc 7 (exit value NOT verified against the record; stdout: ) · saved binaries: base47bea7f0=RUNS 7 · base_baa2a38=RUNS 7		pass_fixture
5d8c315ccc17bde5	2026-09-12r-escroot	y2	snapshot:25aa8421-fce1-4a11-8a89-5d2ba5981c88/r0912r/ctl/y2_legal_struct_ref_local_field_escape.logos	b	(b) PROBES.md:42358 "Newly COMPILING, all legal, all run to their exit code: y1 y2 y3 (deref stop) · a6 a10 e3 m1 m3 m4 m5 o3"	legal	record, by reading (no rustc binary on this box)	RUNS	rc 13 (exit value NOT verified against the record; stdout: ) · saved binaries: base47bea7f0=RUNS 13 · base_baa2a38=RUNS 13		pass_fixture
8b0489572ad869a0	2026-09-12r-escroot	y3	snapshot:25aa8421-fce1-4a11-8a89-5d2ba5981c88/r0912r/ctl/y3_legal_tuple_ref_local_escape.logos	b	(b) PROBES.md:42358 "Newly COMPILING, all legal, all run to their exit code: y1 y2 y3 (deref stop) · a6 a10 e3 m1 m3 m4 m5 o3"	legal	record, by reading (no rustc binary on this box)	RUNS	rc 17 (exit value NOT verified against the record; stdout: ) · saved binaries: base47bea7f0=RUNS 17 · base_baa2a38=RUNS 17		pass_fixture
623493d82b2aacd9	2026-09-12q-letregion	a6	snapshot:25aa8421-fce1-4a11-8a89-5d2ba5981c88/r0912q/ctl/a6_legal_named_param.logos	b	(b) PROBES.md:42358 "Newly COMPILING, all legal, all run to their exit code: y1 y2 y3 (deref stop) · a6 a10 e3 m1 m3 m4 m5 o3"	legal	record, by reading (no rustc binary on this box)	RUNS	rc 4 (exit value NOT verified against the record; stdout: ) · saved binaries: base47bea7f0=RUNS 4 · base_baa2a38=RUNS 4		pass_fixture
ebfec6712a97321b	2026-09-12q-letregion	a10	snapshot:25aa8421-fce1-4a11-8a89-5d2ba5981c88/r0912q/ctl/a10_legal_anon_impl_explicit.logos	b	(b) PROBES.md:42358 "Newly COMPILING, all legal, all run to their exit code: y1 y2 y3 (deref stop) · a6 a10 e3 m1 m3 m4 m5 o3"	legal	record, by reading (no rustc binary on this box)	RUNS	rc 6 (exit value NOT verified against the record; stdout: ) · saved binaries: base47bea7f0=RUNS 6 · base_baa2a38=RUNS 6		pass_fixture
7bf6258af94e3f90	2026-09-12q-letregion	e3	snapshot:25aa8421-fce1-4a11-8a89-5d2ba5981c88/r0912q/ctl/e3_legal_ufcs_named_let.logos	b	(b) PROBES.md:42358 "Newly COMPILING, all legal, all run to their exit code: y1 y2 y3 (deref stop) · a6 a10 e3 m1 m3 m4 m5 o3"	legal	record, by reading (no rustc binary on this box)	RUNS	rc 17 (exit value NOT verified against the record; stdout: ) · saved binaries: base47bea7f0=RUNS 17 · base_baa2a38=RUNS 17		pass_fixture
fb868083322fd5aa	2026-09-12q-letregion	m1	snapshot:25aa8421-fce1-4a11-8a89-5d2ba5981c88/r0912q/ctl/m1_legal_method_own_binder.logos	b	(b) PROBES.md:42358 "Newly COMPILING, all legal, all run to their exit code: y1 y2 y3 (deref stop) · a6 a10 e3 m1 m3 m4 m5 o3"	legal	record, by reading (no rustc binary on this box)	RUNS	rc 20 (exit value NOT verified against the record; stdout: ) · saved binaries: base47bea7f0=RUNS 20 · base_baa2a38=RUNS 20		pass_fixture
fd756fc1ba45864f	2026-09-12q-letregion	m3	snapshot:25aa8421-fce1-4a11-8a89-5d2ba5981c88/r0912q/ctl/m3_legal_trait_static_call.logos	b	(b) PROBES.md:42358 "Newly COMPILING, all legal, all run to their exit code: y1 y2 y3 (deref stop) · a6 a10 e3 m1 m3 m4 m5 o3"	legal	record, by reading (no rustc binary on this box)	RUNS	rc 21 (exit value NOT verified against the record; stdout: ) · saved binaries: base47bea7f0=RUNS 21 · base_baa2a38=RUNS 21		pass_fixture
dc901e4a49a07ba0	2026-09-12q-letregion	m4	snapshot:25aa8421-fce1-4a11-8a89-5d2ba5981c88/r0912q/ctl/m4_legal_generic_struct_static.logos	b	(b) PROBES.md:42358 "Newly COMPILING, all legal, all run to their exit code: y1 y2 y3 (deref stop) · a6 a10 e3 m1 m3 m4 m5 o3"	legal	record, by reading (no rustc binary on this box)	RUNS	rc 22 (exit value NOT verified against the record; stdout: ) · saved binaries: base47bea7f0=RUNS 22 · base_baa2a38=RUNS 22		pass_fixture
f32b08230b633f76	2026-09-12q-letregion	m5	snapshot:25aa8421-fce1-4a11-8a89-5d2ba5981c88/r0912q/ctl/m5_legal_ref_return_static.logos	b	(b) PROBES.md:42358 "Newly COMPILING, all legal, all run to their exit code: y1 y2 y3 (deref stop) · a6 a10 e3 m1 m3 m4 m5 o3"	legal	record, by reading (no rustc binary on this box)	RUNS	rc 23 (exit value NOT verified against the record; stdout: ) · saved binaries: base47bea7f0=RUNS 23 · base_baa2a38=RUNS 23		pass_fixture
84aa1727a221c555	2026-09-12q-letregion	o3	snapshot:25aa8421-fce1-4a11-8a89-5d2ba5981c88/r0912q/ctl/o3_pathcall_ref_anon_let.logos	b	(b) PROBES.md:42358 "Newly COMPILING, all legal, all run to their exit code: y1 y2 y3 (deref stop) · a6 a10 e3 m1 m3 m4 m5 o3"	legal	record, by reading (no rustc binary on this box)	RUNS	rc 6 (exit value NOT verified against the record; stdout: ) · saved binaries: base47bea7f0=RUNS 6 · base_baa2a38=RUNS 6		pass_fixture
c8c6cfc524e31bec	2026-09-09d-atland	g01	src/compiler/probes/2026-09-09d-atland/hand/g01.logos	b	(b) tables/hand_head.txt vs hand_final.txt: run=1 or cc=1 on HEAD -> cc=0 run=0 landed; PROBES.md:24889 "ELEVEN of fifteen were already wrong before a line was edited"	legal	record, by reading (no rustc binary on this box)	RUNS	0 · saved binaries: base47bea7f0=RUNS 0 · base_baa2a38=RUNS 0	tests/logos/pass/at_bind_or_in_tuple_elem.logos (modulo comments)	already_in_tree:tests/logos/pass/at_bind_or_in_tuple_elem.logos
caa0d8ca66401b67	2026-09-09d-atland	g02	src/compiler/probes/2026-09-09d-atland/hand/g02.logos	b	(b) tables/hand_head.txt vs hand_final.txt: run=1 or cc=1 on HEAD -> cc=0 run=0 landed; PROBES.md:24889 "ELEVEN of fifteen were already wrong before a line was edited"	legal	record, by reading (no rustc binary on this box)	RUNS	0 · saved binaries: base47bea7f0=RUNS 0 · base_baa2a38=RUNS 0		pass_fixture
82f34550e15f03f3	2026-09-09d-atland	g05	src/compiler/probes/2026-09-09d-atland/hand/g05.logos	b	(b) tables/hand_head.txt vs hand_final.txt: run=1 or cc=1 on HEAD -> cc=0 run=0 landed; PROBES.md:24889 "ELEVEN of fifteen were already wrong before a line was edited"	legal	record, by reading (no rustc binary on this box)	RUNS	0 · saved binaries: base47bea7f0=RUNS 0 · base_baa2a38=RUNS 0	tests/logos/pass/at_bind_let_struct_sub.logos (modulo comments)	already_in_tree:tests/logos/pass/at_bind_let_struct_sub.logos
dec84fa129cbbb28	2026-09-09d-atland	g08	src/compiler/probes/2026-09-09d-atland/hand/g08.logos	b	(b) tables/hand_head.txt vs hand_final.txt: run=1 or cc=1 on HEAD -> cc=0 run=0 landed; PROBES.md:24889 "ELEVEN of fifteen were already wrong before a line was edited"	legal	record, by reading (no rustc binary on this box)	RUNS	0 · saved binaries: base47bea7f0=RUNS 0 · base_baa2a38=RUNS 0		pass_fixture
ae1297fd3e67ddd4	2026-09-09d-atland	g09	src/compiler/probes/2026-09-09d-atland/hand/g09.logos	b	(b) tables/hand_head.txt vs hand_final.txt: run=1 or cc=1 on HEAD -> cc=0 run=0 landed; PROBES.md:24889 "ELEVEN of fifteen were already wrong before a line was edited"	legal	record, by reading (no rustc binary on this box)	RUNS	0 · saved binaries: base47bea7f0=RUNS 0 · base_baa2a38=RUNS 0		pass_fixture
b1279ea26639dd3f	2026-09-09d-atland	g15	src/compiler/probes/2026-09-09d-atland/hand/g15.logos	b	(b) tables/hand_head.txt vs hand_final.txt: run=1 or cc=1 on HEAD -> cc=0 run=0 landed; PROBES.md:24889 "ELEVEN of fifteen were already wrong before a line was edited"	legal	record, by reading (no rustc binary on this box)	RUNS	0 · saved binaries: base47bea7f0=RUNS 0 · base_baa2a38=RUNS 0		pass_fixture
03fe19585666ece9	2026-09-07q-dbmcarry	c01	src/compiler/probes/2026-09-07q-dbmcarry/hand/c01.logos	b	(b) PROBES.md:27806 "HAND MATRIX, base -> armed ... 2 -> 1 (nine): c01 ... c19" (landed)	legal	record, by reading (no rustc binary on this box)	RUNS	0 D5 · saved binaries: base47bea7f0=RUNS 0 · base_baa2a38=RUNS 0		pass_fixture
1a7d4cf9dc98459a	2026-09-07q-dbmcarry	c03	src/compiler/probes/2026-09-07q-dbmcarry/hand/c03.logos	b	(b) PROBES.md:27806 "HAND MATRIX, base -> armed ... 2 -> 1 (nine): c01 ... c19" (landed)	legal	record, by reading (no rustc binary on this box)	RUNS	0 D5 · saved binaries: base47bea7f0=RUNS 0 · base_baa2a38=RUNS 0		pass_fixture
f97f1af0415675d2	2026-09-07q-dbmcarry	c04	src/compiler/probes/2026-09-07q-dbmcarry/hand/c04.logos	b	(b) PROBES.md:27806 "HAND MATRIX, base -> armed ... 2 -> 1 (nine): c01 ... c19" (landed)	legal	record, by reading (no rustc binary on this box)	RUNS	0 D5 · saved binaries: base47bea7f0=RUNS 0 · base_baa2a38=RUNS 0		pass_fixture
90051918f3d3ee04	2026-09-07q-dbmcarry	c05	src/compiler/probes/2026-09-07q-dbmcarry/hand/c05.logos	b	(b) PROBES.md:27806 "HAND MATRIX, base -> armed ... 2 -> 1 (nine): c01 ... c19" (landed)	legal	record, by reading (no rustc binary on this box)	RUNS	0 D5 · saved binaries: base47bea7f0=RUNS 0 · base_baa2a38=RUNS 0		pass_fixture
96c843e79ad0b411	2026-09-07q-dbmcarry	c06	src/compiler/probes/2026-09-07q-dbmcarry/hand/c06.logos	b	(b) PROBES.md:27806 "HAND MATRIX, base -> armed ... 2 -> 1 (nine): c01 ... c19" (landed)	legal	record, by reading (no rustc binary on this box)	RUNS	0 D5 · saved binaries: base47bea7f0=RUNS 0 · base_baa2a38=RUNS 0		pass_fixture
5ef4b4b629ff9b42	2026-09-07q-dbmcarry	c07	src/compiler/probes/2026-09-07q-dbmcarry/hand/c07.logos	b	(b) PROBES.md:27806 "HAND MATRIX, base -> armed ... 2 -> 1 (nine): c01 ... c19" (landed)	legal	record, by reading (no rustc binary on this box)	RUNS	0 D5 · saved binaries: base47bea7f0=RUNS 0 · base_baa2a38=RUNS 0		pass_fixture
95f1cb9899f7d83d	2026-09-07q-dbmcarry	c14	src/compiler/probes/2026-09-07q-dbmcarry/hand/c14.logos	b	(b) PROBES.md:27806 "HAND MATRIX, base -> armed ... 2 -> 1 (nine): c01 ... c19" (landed)	legal	record, by reading (no rustc binary on this box)	RUNS	0 D5 · saved binaries: base47bea7f0=RUNS 0 · base_baa2a38=RUNS 0		pass_fixture
f02acaa4cb64782b	2026-09-07q-dbmcarry	c15	src/compiler/probes/2026-09-07q-dbmcarry/hand/c15.logos	b	(b) PROBES.md:27806 "HAND MATRIX, base -> armed ... 2 -> 1 (nine): c01 ... c19" (landed)	legal	record, by reading (no rustc binary on this box)	RUNS	0 D5 · saved binaries: base47bea7f0=RUNS 0 · base_baa2a38=RUNS 0		pass_fixture
f2b2b53459cdf55a	2026-09-07q-dbmcarry	c19	src/compiler/probes/2026-09-07q-dbmcarry/hand/c19.logos	b	(b) PROBES.md:27806 "HAND MATRIX, base -> armed ... 2 -> 1 (nine): c01 ... c19" (landed)	legal	record, by reading (no rustc binary on this box)	RUNS	0 D5 · saved binaries: base47bea7f0=RUNS 0 · base_baa2a38=RUNS 0		pass_fixture
3fda30d587a1d2bb	2026-09-07q-dbmcarry	c18	src/compiler/probes/2026-09-07q-dbmcarry/hand/c18.logos	b,c	(b) PROBES.md:27809 "REFUSED -> 1 (one, a GAIN NOT PREDICTED): c18 ... refused ... on base, compiles and writes through the scrutinee now" | (c) PREDICTION.md:64 "STAY REFUSED : c02 c16 c17 c18 c20"; PROBES.md:27809 "a GAIN NOT PREDICTED"	legal	record, by reading (no rustc binary on this box)	RUNS	0 D6 · saved binaries: base47bea7f0=RUNS 0 · base_baa2a38=RUNS 0		pass_fixture
78e4b42d89a2e6f3	2026-09-07q-dbmcarry	c13	src/compiler/probes/2026-09-07q-dbmcarry/hand/c13.logos	c	(c) PROBES.md:27813 "MY PREDICTION WAS WRONG BY ONE: c13 `(E::V { f }, b)` was predicted closed and reads 2 still"	legal	record, by reading (no rustc binary on this box)	RUNS	0 D5 D5 · saved binaries: base47bea7f0=RUNS 0 · base_baa2a38=RUNS 0		pass_fixture
364dc3af94bdcde6	2026-09-09e-ergoref	cx13_synth_nested_variant	src/compiler/probes/2026-09-09e-ergoref/hand/cx13_synth_nested_variant.logos	a	(a) hand_cx_manifest.md:29 "cx13 ... ⚠ THE CRUDE ARM REFUSES THIS PROGRAM, blaming the synthesized name `__refut_W_0_0`"	legal	record, by reading (no rustc binary on this box)	RUNS	0 · saved binaries: base47bea7f0=RUNS 0 · base_baa2a38=RUNS 0		pass_fixture
9ce75d5138541e5c	2026-09-09f-ergorefland	my03	src/compiler/probes/2026-09-09f-ergorefland/hand/my03_struct_tuple_index_ref.logos	b	(b) RESULTS.md:10-17,75 "my03 ... 0 -> refused" (my04 my05 my07 my08 my12 my13 my31 same)	illegal	record, by reading (no rustc binary on this box)	REFUSED	my03_struct_tuple_index_ref.logos:7: error [fn main]: binding modifiers ma [1 error line(s)] · saved binaries: base47bea7f0=REFUSED · base_baa2a38=REFUSED		fail_fixture
3693208eb85ef819	2026-09-09f-ergorefland	my04	src/compiler/probes/2026-09-09f-ergorefland/hand/my04_slice_elem_ref_shared.logos	b	(b) RESULTS.md:10-17,75 "my03 ... 0 -> refused" (my04 my05 my07 my08 my12 my13 my31 same)	illegal	record, by reading (no rustc binary on this box)	REFUSED	my04_slice_elem_ref_shared.logos:7: error [fn main]: binding modifiers may [1 error line(s)] · saved binaries: base47bea7f0=REFUSED · base_baa2a38=REFUSED		fail_fixture
983fac85107b27a7	2026-09-09f-ergorefland	my05	src/compiler/probes/2026-09-09f-ergorefland/hand/my05_nested_variant_refmut.logos	b	(b) RESULTS.md:10-17,75 "my03 ... 0 -> refused" (my04 my05 my07 my08 my12 my13 my31 same)	illegal	record, by reading (no rustc binary on this box)	REFUSED	my05_nested_variant_refmut.logos:7: error [fn main]: binding modifiers may [1 error line(s)] · saved binaries: base47bea7f0=REFUSED · base_baa2a38=REFUSED		fail_fixture
ca6e72db105d20b6	2026-09-09f-ergorefland	my07	src/compiler/probes/2026-09-09f-ergorefland/hand/my07_double_ref_scrutinee.logos	b	(b) RESULTS.md:10-17,75 "my03 ... 0 -> refused" (my04 my05 my07 my08 my12 my13 my31 same)	illegal	record, by reading (no rustc binary on this box)	REFUSED	my07_double_ref_scrutinee.logos:5: error [fn take]: binding modifiers may  [1 error line(s)] · saved binaries: base47bea7f0=REFUSED · base_baa2a38=REFUSED		fail_fixture
d4eabefe8afc4ad5	2026-09-09f-ergorefland	my08	src/compiler/probes/2026-09-09f-ergorefland/hand/my08_struct_sub_refmut_under_mutref.logos	b	(b) RESULTS.md:10-17,75 "my03 ... 0 -> refused" (my04 my05 my07 my08 my12 my13 my31 same)	illegal	record, by reading (no rustc binary on this box)	REFUSED	my08_struct_sub_refmut_under_mutref.logos:7: error [fn main]: binding modi [1 error line(s)] · saved binaries: base47bea7f0=REFUSED · base_baa2a38=REFUSED		fail_fixture
9a33263ba140bb2a	2026-09-09f-ergorefland	my12	src/compiler/probes/2026-09-09f-ergorefland/hand/my12_leaf_mut_under_ref.logos	b	(b) RESULTS.md:10-17,75 "my03 ... 0 -> refused" (my04 my05 my07 my08 my12 my13 my31 same)	illegal	record, by reading (no rustc binary on this box)	REFUSED	my12_leaf_mut_under_ref.logos:9: error [fn main]: binding modifiers may on [1 error line(s)] · saved binaries: base47bea7f0=REFUSED · base_baa2a38=REFUSED	tests/logos/fail/match_ergo_mut_leaf_under_ref_fail.logos (modulo comments)	already_in_tree:tests/logos/fail/match_ergo_mut_leaf_under_ref_fail.logos
da9d6850fd0c12b9	2026-09-09f-ergorefland	my13	src/compiler/probes/2026-09-09f-ergorefland/hand/my13_slice_elem_mut_under_ref.logos	b	(b) RESULTS.md:10-17,75 "my03 ... 0 -> refused" (my04 my05 my07 my08 my12 my13 my31 same)	illegal	record, by reading (no rustc binary on this box)	REFUSED	my13_slice_elem_mut_under_ref.logos:7: error [fn main]: binding modifiers  [1 error line(s)] · saved binaries: base47bea7f0=REFUSED · base_baa2a38=REFUSED	tests/logos/fail/match_ergo_mut_array_elem_under_ref_fail.logos (modulo comments)	already_in_tree:tests/logos/fail/match_ergo_mut_array_elem_under_ref_fail.logos
c446867831c679c4	2026-09-09f-ergorefland	my31	src/compiler/probes/2026-09-09f-ergorefland/hand/my31_nested_at_ref.logos	b	(b) RESULTS.md:10-17,75 "my03 ... 0 -> refused" (my04 my05 my07 my08 my12 my13 my31 same)	illegal	record, by reading (no rustc binary on this box)	REFUSED	my31_nested_at_ref.logos:7: error [fn main]: binding modifiers may only be [1 error line(s)] · saved binaries: base47bea7f0=REFUSED · base_baa2a38=REFUSED	tests/logos/fail/match_ergo_ref_at_binding_under_ref_fail.logos (modulo comments)	already_in_tree:tests/logos/fail/match_ergo_ref_at_binding_under_ref_fail.logos
822b3cff71ddfc19	2026-09-09f-ergorefland	my01	src/compiler/probes/2026-09-09f-ergorefland/hand/my01_variant_then_struct_shorthand.logos	c	(c) PREDICTION.md:100 "Two of the nine predicted refusals did not happen — my01 ..."; RESULTS.md:24 "my01 rc 0 -> rc 0 NOT refused · my02 rc 0 -> rc 0 NOT refused"	illegal	record, by reading (no rustc binary on this box)	RUNS	0 — RESULTS.md:31 names the row · saved binaries: base47bea7f0=RUNS 0 · base_baa2a38=RUNS 0		existing_row:variant_payload_nested_struct_sub_double_drops
0464a54bd6ccbbd9	2026-09-09f-ergorefland	my02	src/compiler/probes/2026-09-09f-ergorefland/hand/my02_tuple_struct_pattern_ref.logos	c	(c) PREDICTION.md:100 "Two of the nine predicted refusals did not happen — my01 ..."; RESULTS.md:24 "my01 rc 0 -> rc 0 NOT refused · my02 rc 0 -> rc 0 NOT refused"	illegal	record, by reading (no rustc binary on this box)	RUNS	0 — row header: found by my02 · saved binaries: base47bea7f0=RUNS 0 · base_baa2a38=RUNS 0		existing_row:tuplestruct_door_default_ref_mode_not_carried
57a367eae3066cef	2026-09-10dropord	c1	snapshot:25aa8421-fce1-4a11-8a89-5d2ba5981c88/dropord/cex/c1.logos	b	(b) PROBES.md:33867 "c1 struct, 3 fields 321 -> 123 ... c17 nested struct + user Drop 3n921 -> n9123" (drop order, landed 1fad68657)	legal	record, by reading (no rustc binary on this box)	RUNS	0 [0]123 · saved binaries: base47bea7f0=RUNS 0 · base_baa2a38=RUNS 0		pass_fixture
b894bb4218692db7	2026-09-10dropord	c2	snapshot:25aa8421-fce1-4a11-8a89-5d2ba5981c88/dropord/cex/c2.logos	b	(b) PROBES.md:33867 "c1 struct, 3 fields 321 -> 123 ... c17 nested struct + user Drop 3n921 -> n9123" (drop order, landed 1fad68657)	legal	record, by reading (no rustc binary on this box)	RUNS	0 [0]1234 · saved binaries: base47bea7f0=RUNS 0 · base_baa2a38=RUNS 0		pass_fixture
13d8677efa01a30a	2026-09-10dropord	c3	snapshot:25aa8421-fce1-4a11-8a89-5d2ba5981c88/dropord/cex/c3.logos	b	(b) PROBES.md:33867 "c1 struct, 3 fields 321 -> 123 ... c17 nested struct + user Drop 3n921 -> n9123" (drop order, landed 1fad68657)	legal	record, by reading (no rustc binary on this box)	RUNS	0 [0]1234 · saved binaries: base47bea7f0=RUNS 0 · base_baa2a38=RUNS 0		pass_fixture
0c1bb053380f4609	2026-09-10dropord	c4	snapshot:25aa8421-fce1-4a11-8a89-5d2ba5981c88/dropord/cex/c4.logos	b	(b) PROBES.md:33867 "c1 struct, 3 fields 321 -> 123 ... c17 nested struct + user Drop 3n921 -> n9123" (drop order, landed 1fad68657)	legal	record, by reading (no rustc binary on this box)	RUNS	0 [0]u912 · saved binaries: base47bea7f0=RUNS 0 · base_baa2a38=RUNS 0		pass_fixture
dc66405bc47ab8f7	2026-09-10dropord	c9	snapshot:25aa8421-fce1-4a11-8a89-5d2ba5981c88/dropord/cex/c9.logos	b	(b) PROBES.md:33867 "c1 struct, 3 fields 321 -> 123 ... c17 nested struct + user Drop 3n921 -> n9123" (drop order, landed 1fad68657)	legal	record, by reading (no rustc binary on this box)	RUNS	0 e22[0]13 · saved binaries: base47bea7f0=RUNS 0 · base_baa2a38=RUNS 0		pass_fixture
6b3fd5fe78d295bf	2026-09-10dropord	c10	snapshot:25aa8421-fce1-4a11-8a89-5d2ba5981c88/dropord/cex/c10.logos	b	(b) PROBES.md:33867 "c1 struct, 3 fields 321 -> 123 ... c17 nested struct + user Drop 3n921 -> n9123" (drop order, landed 1fad68657)	legal	record, by reading (no rustc binary on this box)	RUNS	0 [0]123 · saved binaries: base47bea7f0=RUNS 0 · base_baa2a38=RUNS 0		pass_fixture
75937f4bd56dca12	2026-09-10dropord	c11	snapshot:25aa8421-fce1-4a11-8a89-5d2ba5981c88/dropord/cex/c11.logos	b	(b) PROBES.md:33867 "c1 struct, 3 fields 321 -> 123 ... c17 nested struct + user Drop 3n921 -> n9123" (drop order, landed 1fad68657)	legal	record, by reading (no rustc binary on this box)	RUNS	0 [0]1234 · saved binaries: base47bea7f0=RUNS 0 · base_baa2a38=RUNS 0		pass_fixture
79ce8aaf55c54860	2026-09-10dropord	c12	snapshot:25aa8421-fce1-4a11-8a89-5d2ba5981c88/dropord/cex/c12.logos	b	(b) PROBES.md:33867 "c1 struct, 3 fields 321 -> 123 ... c17 nested struct + user Drop 3n921 -> n9123" (drop order, landed 1fad68657)	legal	record, by reading (no rustc binary on this box)	RUNS	0 [0]123 · saved binaries: base47bea7f0=RUNS 0 · base_baa2a38=RUNS 0		pass_fixture
db6c43a66c5d7ad1	2026-09-10dropord	c13	snapshot:25aa8421-fce1-4a11-8a89-5d2ba5981c88/dropord/cex/c13.logos	b	(b) PROBES.md:33867 "c1 struct, 3 fields 321 -> 123 ... c17 nested struct + user Drop 3n921 -> n9123" (drop order, landed 1fad68657)	legal	record, by reading (no rustc binary on this box)	RUNS	0 [0]123 · saved binaries: base47bea7f0=RUNS 0 · base_baa2a38=RUNS 0		pass_fixture
3b3571ddb3ea1ce6	2026-09-10dropord	c14	snapshot:25aa8421-fce1-4a11-8a89-5d2ba5981c88/dropord/cex/c14.logos	b	(b) PROBES.md:33867 "c1 struct, 3 fields 321 -> 123 ... c17 nested struct + user Drop 3n921 -> n9123" (drop order, landed 1fad68657)	legal	record, by reading (no rustc binary on this box)	RUNS	0 [0]12 · saved binaries: base47bea7f0=RUNS 0 · base_baa2a38=RUNS 0		pass_fixture
85dd129e1cf6a187	2026-09-10dropord	c15	snapshot:25aa8421-fce1-4a11-8a89-5d2ba5981c88/dropord/cex/c15.logos	b	(b) PROBES.md:33867 "c1 struct, 3 fields 321 -> 123 ... c17 nested struct + user Drop 3n921 -> n9123" (drop order, landed 1fad68657)	legal	record, by reading (no rustc binary on this box)	RUNS	0 [1]12 · saved binaries: base47bea7f0=RUNS 0 · base_baa2a38=RUNS 0		pass_fixture
0f34c709d47d6d8b	2026-09-10dropord	c17	snapshot:25aa8421-fce1-4a11-8a89-5d2ba5981c88/dropord/cex/c17.logos	b	(b) PROBES.md:33867 "c1 struct, 3 fields 321 -> 123 ... c17 nested struct + user Drop 3n921 -> n9123" (drop order, landed 1fad68657)	legal	record, by reading (no rustc binary on this box)	RUNS	0 [0]n9123 · saved binaries: base47bea7f0=RUNS 0 · base_baa2a38=RUNS 0		pass_fixture
7055f150a7a847ef	2026-09-09k-selfrecv	h1	src/compiler/probes/2026-09-09k-selfrecv/hand/h1.logos	b	(b) selfrecvland/ROUND.md:130 "REFUSED after the arm (10) h1 h2 h5 h7 h9 h10 h13 n9 n10 n12"	illegal	record, by reading (no rustc binary on this box)	REFUSED	error [fn S__drop]: impl Drop for S: method 'drop' does not match the trait declaration: the receiver is declared '&mut S' and the impl declares 'S' [1 error line(s)] · saved binaries: base47bea7f0=REFUSED · base_baa2a38=REFUSED		fail_fixture
909f15130ea3f9c9	2026-09-09k-selfrecv	h2	src/compiler/probes/2026-09-09k-selfrecv/hand/h2.logos	b	(b) selfrecvland/ROUND.md:130 "REFUSED after the arm (10) h1 h2 h5 h7 h9 h10 h13 n9 n10 n12"	illegal	record, by reading (no rustc binary on this box)	REFUSED	error [fn S__drop]: impl Drop for S: method 'drop' does not match the trait declaration: the receiver is declared '&mut S' and the impl declares '&S' [1 error line(s)] · saved binaries: base47bea7f0=REFUSED · base_baa2a38=REFUSED		fail_fixture
d2b6f86bf9516b74	2026-09-09k-selfrecv	h5	src/compiler/probes/2026-09-09k-selfrecv/hand/h5.logos	b	(b) selfrecvland/ROUND.md:130 "REFUSED after the arm (10) h1 h2 h5 h7 h9 h10 h13 n9 n10 n12"	illegal	record, by reading (no rustc binary on this box)	REFUSED	error [fn G__drop]: impl Drop for G: method 'drop' does not match the trait declaration: the receiver is declared '&mut G<T>' and the impl declares 'G<T>' [1 error line(s)] · saved binaries: base47bea7f0=REFUSED · base_baa2a38=REFUSED		fail_fixture
9078cd5958d919af	2026-09-09k-selfrecv	h7	src/compiler/probes/2026-09-09k-selfrecv/hand/h7.logos	b	(b) selfrecvland/ROUND.md:130 "REFUSED after the arm (10) h1 h2 h5 h7 h9 h10 h13 n9 n10 n12"	illegal	record, by reading (no rustc binary on this box)	REFUSED	error [fn S__tick]: impl Tick for S: method 'tick' does not match the trait declaration: the receiver is declared '&mut S' and the impl declares 'S' [1 error line(s)] · saved binaries: base47bea7f0=REFUSED · base_baa2a38=REFUSED	tests/logos/fail/impl_recv_byvalue_vs_mutref.logos (modulo comments)	already_in_tree:tests/logos/fail/impl_recv_byvalue_vs_mutref.logos
a7c3e1bde29d2b5f	2026-09-09k-selfrecv	h10	src/compiler/probes/2026-09-09k-selfrecv/hand/h10.logos	b	(b) selfrecvland/ROUND.md:130 "REFUSED after the arm (10) h1 h2 h5 h7 h9 h10 h13 n9 n10 n12"	illegal	record, by reading (no rustc binary on this box)	REFUSED	error [fn S__eat]: impl Eat for S: method 'eat' does not match the trait declaration: the receiver is declared 'S' and the impl declares '&mut S' [1 error line(s)] · saved binaries: base47bea7f0=REFUSED · base_baa2a38=REFUSED		fail_fixture
4b647c551c89d8f6	2026-09-09k-selfrecv	h13	src/compiler/probes/2026-09-09k-selfrecv/hand/h13.logos	b	(b) selfrecvland/ROUND.md:130 "REFUSED after the arm (10) h1 h2 h5 h7 h9 h10 h13 n9 n10 n12"	illegal	record, by reading (no rustc binary on this box)	REFUSED	error [fn S__drop]: impl Drop for S: method 'drop' does not match the trait declaration: the receiver is declared '&mut S' and the impl declares 'S' [1 error line(s)] · saved binaries: base47bea7f0=REFUSED · base_baa2a38=REFUSED		fail_fixture
edcaa9878499ccb8	2026-09-10a-selfrecvland	n9	src/compiler/probes/2026-09-10a-selfrecvland/hand/n9.logos	b	(b) selfrecvland/ROUND.md:130 "REFUSED after the arm (10) h1 h2 h5 h7 h9 h10 h13 n9 n10 n12"	illegal	record, by reading (no rustc binary on this box)	REFUSED	error [fn S__peek]: impl Peek for S: method 'peek' does not match the trait declaration: the receiver is declared '&S' and the impl declares '&mut S' [1 error line(s)] · saved binaries: base47bea7f0=REFUSED · base_baa2a38=REFUSED	tests/logos/fail/impl_recv_mutref_vs_sharedref.logos (modulo comments)	already_in_tree:tests/logos/fail/impl_recv_mutref_vs_sharedref.logos
3a40aa0db478bd43	2026-09-10a-selfrecvland	n10	src/compiler/probes/2026-09-10a-selfrecvland/hand/n10.logos	b	(b) selfrecvland/ROUND.md:130 "REFUSED after the arm (10) h1 h2 h5 h7 h9 h10 h13 n9 n10 n12"	illegal	record, by reading (no rustc binary on this box)	REFUSED	error [fn S__poke]: impl Poke for S: method 'poke' does not match the trait declaration: the receiver is declared '&mut S' and the impl declares '&S' [1 error line(s)] · saved binaries: base47bea7f0=REFUSED · base_baa2a38=REFUSED	tests/logos/fail/impl_recv_sharedref_vs_mutref.logos (modulo comments)	already_in_tree:tests/logos/fail/impl_recv_sharedref_vs_mutref.logos
0ea7a940a5610fda	2026-09-10a-selfrecvland	n12	src/compiler/probes/2026-09-10a-selfrecvland/hand/n12.logos	b	(b) selfrecvland/ROUND.md:130 "REFUSED after the arm (10) h1 h2 h5 h7 h9 h10 h13 n9 n10 n12"	illegal	record, by reading (no rustc binary on this box)	REFUSED	error [fn Foo__drop]: impl Drop for Foo: method 'drop' does not match the trait declaration: the receiver is declared '&mut Foo' and the impl declares 'Foo' [1 error line(s)] · saved binaries: base47bea7f0=REFUSED · base_baa2a38=REFUSED	tests/logos/fail/drop_impl_byvalue_receiver_refused.logos (modulo comments)	already_in_tree:tests/logos/fail/drop_impl_byvalue_receiver_refused.logos
a8087a444a419be3	2026-09-10d-vecbare	n2	snapshot:25aa8421-fce1-4a11-8a89-5d2ba5981c88/r0910d/ce/n2_localvec_homonym_with_import.logos	b	(b) PROBES.md:36058 "n2 ... rc 139 | refused ... n3 rc 139 | refused, same · n4 rc 139 | refused, same"	illegal	record, by reading (no rustc binary on this box)	REFUSED	n2_localvec_homonym_with_import.logos:17: error [fn main]: call to 'total' arg 1: expected &[i64], got &Vec<i64> [1 error line(s)] · saved binaries: base47bea7f0=REFUSED · base_baa2a38=REFUSED		fail_fixture
ec7dddf9af8f685f	2026-09-10d-vecbare	n3	snapshot:25aa8421-fce1-4a11-8a89-5d2ba5981c88/r0910d/ce/n3_localvec_mutref_coerce.logos	b	(b) PROBES.md:36058 "n2 ... rc 139 | refused ... n3 rc 139 | refused, same · n4 rc 139 | refused, same"	illegal	record, by reading (no rustc binary on this box)	REFUSED	n3_localvec_mutref_coerce.logos:16: error [fn main]: call to 'total' arg 1: expected &[i64], got &mut Vec<i64> [1 error line(s)] · saved binaries: base47bea7f0=REFUSED · base_baa2a38=REFUSED		fail_fixture
0ed72311a277a319	2026-09-10d-vecbare	n4	snapshot:25aa8421-fce1-4a11-8a89-5d2ba5981c88/r0910d/ce/n4_localvec_zerofield.logos	b	(b) PROBES.md:36058 "n2 ... rc 139 | refused ... n3 rc 139 | refused, same · n4 rc 139 | refused, same"	illegal	record, by reading (no rustc binary on this box)	REFUSED	n4_localvec_zerofield.logos:15: error [fn main]: call to 'total' arg 1: expected &[i64], got &Vec<i64> [1 error line(s)] · saved binaries: base47bea7f0=REFUSED · base_baa2a38=REFUSED		fail_fixture
41a1d2be98bebff3	2026-09-10d-vecbare	p2	snapshot:25aa8421-fce1-4a11-8a89-5d2ba5981c88/r0910d/ce/p2_localvec_listcomp_mint.logos	b,c	(b) PROBES.md:36061 "p2 list comprehension beside a local homonym | 'func.call' op ... does not reference a valid function | rc 0, RUNS" | (c) PROBES.md:36064 "Every prediction in `PREDICTION.md` held except p2, which is BETTER than predicted ... and n5, which did not"	legal	record, by reading (no rustc binary on this box)	RUNS	0 · saved binaries: base47bea7f0=RUNS 0 · base_baa2a38=RUNS 0		pass_fixture
54461d70da05767b	2026-09-10d-vecbare	n5	snapshot:25aa8421-fce1-4a11-8a89-5d2ba5981c88/r0910d/ce/n5_localvec_for_ref_mut.logos	c	(c) PROBES.md:36064 "Every prediction in `PREDICTION.md` held except p2, which is BETTER than predicted ... and n5, which did not"	legal	record, by reading (no rustc binary on this box)	REFUSED	n5_localvec_for_ref_mut.logos:10: error [fn main]: call to 'logos.mem.collections.vec.Vec__iter_mut' arg 1: expected &mut Vec<i64 [1 error line(s)] — the `&mut v` spelling; neighbour of existing row l · saved binaries: base47bea7f0=REFUSED · base_baa2a38=REFUSED		queue_row
e310650cf06391c6	2026-09-11b-e0207-land	n1	snapshot:25aa8421-fce1-4a11-8a89-5d2ba5981c88/e0207/n1.logos	a	(a) PROBES.md:37920 "THREE LEGAL PROGRAMS WERE REFUSED: n1 ... n10 ... n11" (the first landing form)	legal	record, by reading (no rustc binary on this box)	RUNS	0 · saved binaries: base47bea7f0=RUNS 0 · base_baa2a38=RUNS 0		pass_fixture
726d12c672b21199	2026-09-11b-e0207-land	n10	snapshot:25aa8421-fce1-4a11-8a89-5d2ba5981c88/e0207/n10.logos	a	(a) PROBES.md:37920 "THREE LEGAL PROGRAMS WERE REFUSED: n1 ... n10 ... n11" (the first landing form)	legal	record, by reading (no rustc binary on this box)	RUNS	0 · saved binaries: base47bea7f0=RUNS 0 · base_baa2a38=RUNS 0		pass_fixture
446394460fc3198b	2026-09-11b-e0207-land	n11	snapshot:25aa8421-fce1-4a11-8a89-5d2ba5981c88/e0207/n11.logos	a	(a) PROBES.md:37920 "THREE LEGAL PROGRAMS WERE REFUSED: n1 ... n10 ... n11" (the first landing form)	legal	record, by reading (no rustc binary on this box)	RUNS	0 · saved binaries: base47bea7f0=RUNS 0 · base_baa2a38=RUNS 0		pass_fixture
a3795c7fa8db37c1	2026-09-13b-selfregion-land	B02	snapshot:25aa8421-fce1-4a11-8a89-5d2ba5981c88/land/hb/B02_named_selflit_in_option.logos	b	(b) PROBES.md:42726-42731 "illegal, admitted on base | CLOSED" (n3a e5 e6 h1 s5 s12 I5 r13d r13a2; s1 s14 r13b I2 B11; h2 B06 B10 h15 B12; B03; B02 B08 B09 B04) + PROBES.md:42573 "plus s14 and t8"	illegal	record, by reading (no rustc binary on this box)	REFUSED	B02_named_selflit_in_option.logos:5: error [fn Foo__mk]: struct literal 'Self': variance mismatch — expected Foo<'q>, got Foo<'a> [2 error line(s)] · saved binaries: base47bea7f0=REFUSED · base_baa2a38=REFUSED		fail_fixture
a7212a7561a6c922	2026-09-13b-selfregion-land	B03	snapshot:25aa8421-fce1-4a11-8a89-5d2ba5981c88/land/hb/B03_struct_shape_self_variant_fn_binder.logos	b	(b) PROBES.md:42726-42731 "illegal, admitted on base | CLOSED" (n3a e5 e6 h1 s5 s12 I5 r13d r13a2; s1 s14 r13b I2 B11; h2 B06 B10 h15 B12; B03; B02 B08 B09 B04) + PROBES.md:42573 "plus s14 and t8"	illegal	record, by reading (no rustc binary on this box)	REFUSED	B03_struct_shape_self_variant_fn_binder.logos:5: error [fn E__mk]: enum literal 'Self': variance mismatch — expected E<'q>, got E [1 error line(s)] · saved binaries: base47bea7f0=REFUSED · base_baa2a38=REFUSED		fail_fixture
3da6baa93fb33b2a	2026-09-13b-selfregion-land	B04	snapshot:25aa8421-fce1-4a11-8a89-5d2ba5981c88/land/hb/B04_two_anon_swapped.logos	b	(b) PROBES.md:42726-42731 "illegal, admitted on base | CLOSED" (n3a e5 e6 h1 s5 s12 I5 r13d r13a2; s1 s14 r13b I2 B11; h2 B06 B10 h15 B12; B03; B02 B08 B09 B04) + PROBES.md:42573 "plus s14 and t8"	illegal	record, by reading (no rustc binary on this box)	REFUSED	B04_two_anon_swapped.logos:5: error [fn P__swap]: struct literal 'Self': variance mismatch — expected P<'_#1, '_#2>, got P<'_#2,  [1 error line(s)] · saved binaries: base47bea7f0=REFUSED · base_baa2a38=REFUSED		fail_fixture
7ce5589e054cc6c6	2026-09-13b-selfregion-land	B06	snapshot:25aa8421-fce1-4a11-8a89-5d2ba5981c88/land/hb/B06_if_branch_self_variant.logos	b	(b) PROBES.md:42726-42731 "illegal, admitted on base | CLOSED" (n3a e5 e6 h1 s5 s12 I5 r13d r13a2; s1 s14 r13b I2 B11; h2 B06 B10 h15 B12; B03; B02 B08 B09 B04) + PROBES.md:42573 "plus s14 and t8"	illegal	record, by reading (no rustc binary on this box)	REFUSED	B06_if_branch_self_variant.logos:6: error [fn E__mk]: enum literal 'Self': variance mismatch — expected E<'q>, got E<'a> — life [1 error line(s)] · saved binaries: base47bea7f0=REFUSED · base_baa2a38=REFUSED		fail_fixture
7a9e51a5d48e4fdc	2026-09-13b-selfregion-land	B08	snapshot:25aa8421-fce1-4a11-8a89-5d2ba5981c88/land/hb/B08_typearg_anon_ret_self_from_param.logos	b	(b) PROBES.md:42726-42731 "illegal, admitted on base | CLOSED" (n3a e5 e6 h1 s5 s12 I5 r13d r13a2; s1 s14 r13b I2 B11; h2 B06 B10 h15 B12; B03; B02 B08 B09 B04) + PROBES.md:42573 "plus s14 and t8"	illegal	record, by reading (no rustc binary on this box)	REFUSED	B08_typearg_anon_ret_self_from_param.logos:5: error [fn W$G1$ref_i64__mk]: return type mismatch: variance mismatch — expected W<& [1 error line(s)] · saved binaries: base47bea7f0=REFUSED · base_baa2a38=REFUSED		fail_fixture
3cbbbd6365bcb7a5	2026-09-13b-selfregion-land	B09	snapshot:25aa8421-fce1-4a11-8a89-5d2ba5981c88/land/hb/B09_generic_anon_selflit_from_param.logos	b	(b) PROBES.md:42726-42731 "illegal, admitted on base | CLOSED" (n3a e5 e6 h1 s5 s12 I5 r13d r13a2; s1 s14 r13b I2 B11; h2 B06 B10 h15 B12; B03; B02 B08 B09 B04) + PROBES.md:42573 "plus s14 and t8"	illegal	record, by reading (no rustc binary on this box)	REFUSED	B09_generic_anon_selflit_from_param.logos:5: error [fn W__mk]: struct literal 'Self': variance mismatch — expected W<'_, T>, got  [1 error line(s)] · saved binaries: base47bea7f0=REFUSED · base_baa2a38=REFUSED		fail_fixture
3f7fd90947a9011e	2026-09-13b-selfregion-land	B10	snapshot:25aa8421-fce1-4a11-8a89-5d2ba5981c88/land/hb/B10_trait_impl_anon_self_variant_param.logos	b	(b) PROBES.md:42726-42731 "illegal, admitted on base | CLOSED" (n3a e5 e6 h1 s5 s12 I5 r13d r13a2; s1 s14 r13b I2 B11; h2 B06 B10 h15 B12; B03; B02 B08 B09 B04) + PROBES.md:42573 "plus s14 and t8"	illegal	record, by reading (no rustc binary on this box)	REFUSED	B10_trait_impl_anon_self_variant_param.logos:6: error [fn E__mk]: enum literal 'Self': variance mismatch — expected E<'_>, got E  [2 error line(s)] · saved binaries: base47bea7f0=REFUSED · base_baa2a38=REFUSED		fail_fixture
4d4f4b5fa1165845	2026-09-13b-selfregion-land	B11	snapshot:25aa8421-fce1-4a11-8a89-5d2ba5981c88/land/hb/B11_anon_let_self_from_param_ampself.logos	b	(b) PROBES.md:42726-42731 "illegal, admitted on base | CLOSED" (n3a e5 e6 h1 s5 s12 I5 r13d r13a2; s1 s14 r13b I2 B11; h2 B06 B10 h15 B12; B03; B02 B08 B09 B04) + PROBES.md:42573 "plus s14 and t8"	illegal	record, by reading (no rustc binary on this box)	REFUSED	B11_anon_let_self_from_param_ampself.logos:5: error [fn Foo__stash]: let 'g': variance mismatch — expected Foo<'_>, got Foo — l [1 error line(s)] · saved binaries: base47bea7f0=REFUSED · base_baa2a38=REFUSED		fail_fixture
b4ea3a0f5479ba7a	2026-09-13b-selfregion-land	B12	snapshot:25aa8421-fce1-4a11-8a89-5d2ba5981c88/land/hb/B12_named_unit_variant_into_fn_binder_let.logos	b	(b) PROBES.md:42726-42731 "illegal, admitted on base | CLOSED" (n3a e5 e6 h1 s5 s12 I5 r13d r13a2; s1 s14 r13b I2 B11; h2 B06 B10 h15 B12; B03; B02 B08 B09 B04) + PROBES.md:42573 "plus s14 and t8"	illegal	record, by reading (no rustc binary on this box)	REFUSED	B12_named_unit_variant_into_fn_binder_let.logos:5: error [fn E__n]: let 'e': variance mismatch — expected E<'a>, got E<'q> — li [1 error line(s)] · saved binaries: base47bea7f0=REFUSED · base_baa2a38=REFUSED		fail_fixture
0aada090c5545c3d	2026-09-13a-selfregion	s14	snapshot:25aa8421-fce1-4a11-8a89-5d2ba5981c88/ctl/s14_self_lit_let_named_ret.logos	b,c	(b) PROBES.md:42726-42731 "illegal, admitted on base | CLOSED" (n3a e5 e6 h1 s5 s12 I5 r13d r13a2; s1 s14 r13b I2 B11; h2 B06 B10 h15 B12; B03; B02 B08 B09 B04) + PROBES.md:42573 "plus s14 and t8" | (c) PROBES.md:42572 "plus s14 and t8 (not named in the prediction ...)"	illegal	record, by reading (no rustc binary on this box)	REFUSED	s14_self_lit_let_named_ret.logos:5: error [fn MyStruct__make]: struct literal 'Self': variance mismatch — expected MyStruct<'q>, got  [2 error line(s)] · saved binaries: base47bea7f0=REFUSED · base_baa2a38=REFUSED		fail_fixture
02fcd1168a4ab956	2026-09-13a-selfregion	t8	snapshot:25aa8421-fce1-4a11-8a89-5d2ba5981c88/ty/t8_enum_body_self_named.logos	b,c	(b) PROBES.md:42726-42731 "illegal, admitted on base | CLOSED" (n3a e5 e6 h1 s5 s12 I5 r13d r13a2; s1 s14 r13b I2 B11; h2 B06 B10 h15 B12; B03; B02 B08 B09 B04) + PROBES.md:42573 "plus s14 and t8" | (c) PROBES.md:42572 "plus s14 and t8 (not named in the prediction ...)"	illegal	record, by reading (no rustc binary on this box)	REFUSED	t8_enum_body_self_named.logos:5: error [fn E__g]: enum literal 'Self': variance mismatch — expected E<'q>, got E<'a> — lifetime stru [1 error line(s)] · saved binaries: base47bea7f0=REFUSED · base_baa2a38=REFUSED		fail_fixture
2c33897550b3b61f	2026-09-13a-selfregion	n3a	snapshot:25aa8421-fce1-4a11-8a89-5d2ba5981c88/ctl/n3a_asis.logos	b	(b) PROBES.md:42726-42731 "illegal, admitted on base | CLOSED" (n3a e5 e6 h1 s5 s12 I5 r13d r13a2; s1 s14 r13b I2 B11; h2 B06 B10 h15 B12; B03; B02 B08 B09 B04) + PROBES.md:42573 "plus s14 and t8"	illegal	record, by reading (no rustc binary on this box)	REFUSED	n3a_asis.logos:5: error [fn Foo__newf]: return type mismatch: variance mismatch — expected Foo<'_>, got Foo — lifetime structure in [1 error line(s)] · saved binaries: base47bea7f0=REFUSED · base_baa2a38=REFUSED	tests/imported/fail/nll/issue-55394--b.logos (modulo comments)	already_in_tree:tests/imported/fail/nll/issue-55394--b.logos
ee5ceb2964cdb92c	2026-09-13a-selfregion	e5	snapshot:25aa8421-fce1-4a11-8a89-5d2ba5981c88/ctl/e5_anon_self_generic_struct.logos	b	(b) PROBES.md:42726-42731 "illegal, admitted on base | CLOSED" (n3a e5 e6 h1 s5 s12 I5 r13d r13a2; s1 s14 r13b I2 B11; h2 B06 B10 h15 B12; B03; B02 B08 B09 B04) + PROBES.md:42573 "plus s14 and t8"	illegal	record, by reading (no rustc binary on this box)	REFUSED	e5_anon_self_generic_struct.logos:5: error [fn W__mk]: return type mismatch: variance mismatch — expected W<'_, T>, got W<T> — life [1 error line(s)] · saved binaries: base47bea7f0=REFUSED · base_baa2a38=REFUSED		fail_fixture
f7b98519cfa06830	2026-09-13a-selfregion	e6	snapshot:25aa8421-fce1-4a11-8a89-5d2ba5981c88/ctl/e6_anon_enum.logos	b	(b) PROBES.md:42726-42731 "illegal, admitted on base | CLOSED" (n3a e5 e6 h1 s5 s12 I5 r13d r13a2; s1 s14 r13b I2 B11; h2 B06 B10 h15 B12; B03; B02 B08 B09 B04) + PROBES.md:42573 "plus s14 and t8"	illegal	record, by reading (no rustc binary on this box)	REFUSED	e6_anon_enum.logos:5: error [fn E__mk]: return type mismatch: variance mismatch — expected E<'_>, got E — lifetime structure incomp [1 error line(s)] · saved binaries: base47bea7f0=REFUSED · base_baa2a38=REFUSED		fail_fixture
165223c63c71cb7d	2026-09-13a-selfregion	h1	snapshot:25aa8421-fce1-4a11-8a89-5d2ba5981c88/ctl/h1_anon_ref_target.logos	b	(b) PROBES.md:42726-42731 "illegal, admitted on base | CLOSED" (n3a e5 e6 h1 s5 s12 I5 r13d r13a2; s1 s14 r13b I2 B11; h2 B06 B10 h15 B12; B03; B02 B08 B09 B04) + PROBES.md:42573 "plus s14 and t8"	illegal	record, by reading (no rustc binary on this box)	REFUSED	h1_anon_ref_target.logos:5: error [fn $ref_&'_ i64__mk]: return type mismatch: variance mismatch — expected &'_ i64, got &i64 — lif [1 error line(s)] · saved binaries: base47bea7f0=REFUSED · base_baa2a38=REFUSED		fail_fixture
052ba078be7c751d	2026-09-13a-selfregion	s5	snapshot:25aa8421-fce1-4a11-8a89-5d2ba5981c88/ctl/s5_anon_trait_impl.logos	b	(b) PROBES.md:42726-42731 "illegal, admitted on base | CLOSED" (n3a e5 e6 h1 s5 s12 I5 r13d r13a2; s1 s14 r13b I2 B11; h2 B06 B10 h15 B12; B03; B02 B08 B09 B04) + PROBES.md:42573 "plus s14 and t8"	illegal	record, by reading (no rustc binary on this box)	REFUSED	s5_anon_trait_impl.logos:5: error [fn Foo__mk]: return type mismatch: variance mismatch — expected Foo<'_>, got Foo — lifetime stru [1 error line(s)] · saved binaries: base47bea7f0=REFUSED · base_baa2a38=REFUSED		fail_fixture
59305d8625936cf4	2026-09-13a-selfregion	s12	snapshot:25aa8421-fce1-4a11-8a89-5d2ba5981c88/ctl/s12_anon_two_regions.logos	b	(b) PROBES.md:42726-42731 "illegal, admitted on base | CLOSED" (n3a e5 e6 h1 s5 s12 I5 r13d r13a2; s1 s14 r13b I2 B11; h2 B06 B10 h15 B12; B03; B02 B08 B09 B04) + PROBES.md:42573 "plus s14 and t8"	illegal	record, by reading (no rustc binary on this box)	REFUSED	s12_anon_two_regions.logos:4: error [fn P__swap]: return type mismatch: variance mismatch — expected P<'_#1, '_#2>, got P<'_#2, '_#1> [1 error line(s)] · saved binaries: base47bea7f0=REFUSED · base_baa2a38=REFUSED		fail_fixture
323382cf69cab79b	2026-09-13a-selfregion	r13d	snapshot:25aa8421-fce1-4a11-8a89-5d2ba5981c88/ctl/r13d_self_ret.logos	b	(b) PROBES.md:42726-42731 "illegal, admitted on base | CLOSED" (n3a e5 e6 h1 s5 s12 I5 r13d r13a2; s1 s14 r13b I2 B11; h2 B06 B10 h15 B12; B03; B02 B08 B09 B04) + PROBES.md:42573 "plus s14 and t8"	illegal	record, by reading (no rustc binary on this box)	REFUSED	r13d_self_ret.logos:4: error [fn MyStruct__make]: return type mismatch: variance mismatch — expected MyStruct<'_>, got MyStruct<'a> � [1 error line(s)] · saved binaries: base47bea7f0=REFUSED · base_baa2a38=REFUSED		fail_fixture
8805aa13f40f2bd8	2026-09-13a-selfregion	r13a2	snapshot:25aa8421-fce1-4a11-8a89-5d2ba5981c88/ctl/r13a2_trait_half.logos	b	(b) PROBES.md:42726-42731 "illegal, admitted on base | CLOSED" (n3a e5 e6 h1 s5 s12 I5 r13d r13a2; s1 s14 r13b I2 B11; h2 B06 B10 h15 B12; B03; B02 B08 B09 B04) + PROBES.md:42573 "plus s14 and t8"	illegal	record, by reading (no rustc binary on this box)	REFUSED	r13a2_trait_half.logos:5: error [fn MyStruct__tmake]: struct literal 'Self': variance mismatch — expected MyStruct<'_>, got MyStruct< [2 error line(s)] · saved binaries: base47bea7f0=REFUSED · base_baa2a38=REFUSED		fail_fixture
e02a4437c324a70f	2026-09-13a-selfregion	s1	snapshot:25aa8421-fce1-4a11-8a89-5d2ba5981c88/ctl/s1_self_letannot_named.logos	b	(b) PROBES.md:42726-42731 "illegal, admitted on base | CLOSED" (n3a e5 e6 h1 s5 s12 I5 r13d r13a2; s1 s14 r13b I2 B11; h2 B06 B10 h15 B12; B03; B02 B08 B09 B04) + PROBES.md:42573 "plus s14 and t8"	illegal	record, by reading (no rustc binary on this box)	REFUSED	s1_self_letannot_named.logos:5: error [fn MyStruct__make]: let 's': variance mismatch — expected MyStruct<'q>, got MyStruct<'a> — l [2 error line(s)] · saved binaries: base47bea7f0=REFUSED · base_baa2a38=REFUSED		fail_fixture
7337809bbd09b58f	2026-09-13a-selfregion	r13b	snapshot:25aa8421-fce1-4a11-8a89-5d2ba5981c88/ctl/r13b_named_impl.logos	b	(b) PROBES.md:42726-42731 "illegal, admitted on base | CLOSED" (n3a e5 e6 h1 s5 s12 I5 r13d r13a2; s1 s14 r13b I2 B11; h2 B06 B10 h15 B12; B03; B02 B08 B09 B04) + PROBES.md:42573 "plus s14 and t8"	illegal	record, by reading (no rustc binary on this box)	REFUSED	r13b_named_impl.logos:4: error [fn MyStruct__make]: struct literal 'Self': variance mismatch — expected MyStruct<'q>, got MyStruct<'a [2 error line(s)] · saved binaries: base47bea7f0=REFUSED · base_baa2a38=REFUSED		fail_fixture
9ad538fa1e105aa7	2026-09-13a-selfregion	I2	snapshot:25aa8421-fce1-4a11-8a89-5d2ba5981c88/ctl2/I2_generic_impl_self_lit_fn_binder.logos	b	(b) PROBES.md:42726-42731 "illegal, admitted on base | CLOSED" (n3a e5 e6 h1 s5 s12 I5 r13d r13a2; s1 s14 r13b I2 B11; h2 B06 B10 h15 B12; B03; B02 B08 B09 B04) + PROBES.md:42573 "plus s14 and t8"	illegal	record, by reading (no rustc binary on this box)	REFUSED	I2_generic_impl_self_lit_fn_binder.logos:4: error [fn W__mk]: struct literal 'Self': variance mismatch — expected W<'q, T>, got W<'a [2 error line(s)] · saved binaries: base47bea7f0=REFUSED · base_baa2a38=REFUSED		fail_fixture
59f255afe733a663	2026-09-13a-selfregion	h2	snapshot:25aa8421-fce1-4a11-8a89-5d2ba5981c88/ctl/h2_self_enum_variant_named.logos	b	(b) PROBES.md:42726-42731 "illegal, admitted on base | CLOSED" (n3a e5 e6 h1 s5 s12 I5 r13d r13a2; s1 s14 r13b I2 B11; h2 B06 B10 h15 B12; B03; B02 B08 B09 B04) + PROBES.md:42573 "plus s14 and t8"	illegal	record, by reading (no rustc binary on this box)	REFUSED	h2_self_enum_variant_named.logos:5: error [fn E__mk]: enum literal 'Self': variance mismatch — expected E<'q>, got E<'a> — lifetime [1 error line(s)] · saved binaries: base47bea7f0=REFUSED · base_baa2a38=REFUSED		fail_fixture
3015f1feb278aad3	2026-09-13a-selfregion	h15	snapshot:25aa8421-fce1-4a11-8a89-5d2ba5981c88/ctl3/h15_self_unit_variant_named_fn_region.logos	b	(b) PROBES.md:42726-42731 "illegal, admitted on base | CLOSED" (n3a e5 e6 h1 s5 s12 I5 r13d r13a2; s1 s14 r13b I2 B11; h2 B06 B10 h15 B12; B03; B02 B08 B09 B04) + PROBES.md:42573 "plus s14 and t8"	illegal	record, by reading (no rustc binary on this box)	REFUSED	h15_self_unit_variant_named_fn_region.logos:5: error [fn E__b]: return type mismatch: variance mismatch — expected E<'a>, got E<'q>  [1 error line(s)] · saved binaries: base47bea7f0=REFUSED · base_baa2a38=REFUSED		fail_fixture
977ce888edae7fc3	2026-09-13b-selfregion-land	A10	snapshot:25aa8421-fce1-4a11-8a89-5d2ba5981c88/land/hb/A10_typearg_anon_let_self.logos	b	(b) PROBES.md:42619 "3 refused->compiles (A10 L1 L14, legal, run 20/61/75)"	legal	record, by reading (no rustc binary on this box)	RUNS	rc 20 (exit value NOT verified against the record; stdout: ) · saved binaries: base47bea7f0=RUNS 20 · base_baa2a38=RUNS 20		pass_fixture
aee3456d157df2d0	2026-09-13a-selfregion	L1	snapshot:25aa8421-fce1-4a11-8a89-5d2ba5981c88/ctl2/L1_anon_pick_two_selves.logos	b	(b) PROBES.md:42619 "3 refused->compiles (A10 L1 L14, legal, run 20/61/75)"	legal	record, by reading (no rustc binary on this box)	RUNS	rc 61 (exit value NOT verified against the record; stdout: ) · saved binaries: base47bea7f0=RUNS 61 · base_baa2a38=RUNS 61	tests/logos/pass/bc_selfregion_anon_pick_admit.logos (modulo comments)	already_in_tree:tests/logos/pass/bc_selfregion_anon_pick_admit.logos
8121127c6ef9c181	2026-09-13a-selfregion	L14	snapshot:25aa8421-fce1-4a11-8a89-5d2ba5981c88/ctl2/L14_anon_trait_default_pick.logos	b	(b) PROBES.md:42619 "3 refused->compiles (A10 L1 L14, legal, run 20/61/75)"	legal	record, by reading (no rustc binary on this box)	RUNS	rc 75 (exit value NOT verified against the record; stdout: ) · saved binaries: base47bea7f0=RUNS 75 · base_baa2a38=RUNS 75	tests/logos/pass/bc_selfregion_anon_trait_default_pick_admit.logos (modulo comments)	already_in_tree:tests/logos/pass/bc_selfregion_anon_trait_default_pick_admit.logos
1e653d4557aa77f2	2026-09-13b-selfregion-land	A09	snapshot:25aa8421-fce1-4a11-8a89-5d2ba5981c88/land/hb/A09_ref_target_let_self.logos	c	(c) PROBES.md:42574 "legal newly compiling: predicted A09 A10 — measured A10 only"	legal	record, by reading (no rustc binary on this box)	REFUSED	A09_ref_target_let_self.logos:12: error [fn main]: method call: receiver is not a struct (got &i64) [1 error line(s)] — row header: found by A09 · saved binaries: base47bea7f0=REFUSED · base_baa2a38=REFUSED		existing_row:trait_impl_for_ref_method_call_receiver_refused
47ec8fdd5f75766a	2026-09-13c-staticdemand	d24	snapshot:25aa8421-fce1-4a11-8a89-5d2ba5981c88/r0913c.6YX8/ctl/d24_method_where_static.logos	c	(c) PROBES.md:42854 "predicted cooutall closes d24 — WRONG, d24's `&n` is an EMPTY region"	illegal	record, by reading (no rustc binary on this box)	RUNS	0 — PROBES.md:43037 rowed c06 d24 m2i_let_local_ref x08 · saved binaries: base47bea7f0=RUNS 0 · base_baa2a38=RUNS 0		existing_row:call_static_bound_empty_arg_region_admits
996fb1832c915a00	2026-09-13c-staticdemand	m1i_str_slice	snapshot:25aa8421-fce1-4a11-8a89-5d2ba5981c88/r0913c.6YX8/hand/m1i_str_slice.logos	c	(c) PROBES.md:42864 "m1i_str_slice — WRONG (see NEIGHBOURS: the comparator reads no Slice region)"	illegal	record, by reading (no rustc binary on this box)	RUNS	0 · saved binaries: base47bea7f0=RUNS 0 · base_baa2a38=RUNS 0	tests/soundness/open/static_mut_str_slice_write_admits.logos (modulo comments)	existing_row:static_mut_str_slice_write_admits
f6937d6a92545a3a	2026-09-13c-staticdemand	l01	snapshot:25aa8421-fce1-4a11-8a89-5d2ba5981c88/r0913c.6YX8/ctl/l01_infer_from_static.logos	a	(a) PROBES.md:42937 "NOT `lifereg_varassign` as installed (refuses legal l01 l02)"	legal	record, by reading (no rustc binary on this box)	RUNS	rc 1 (exit value NOT verified against the record; stdout: ) · saved binaries: base47bea7f0=RUNS 1 · base_baa2a38=RUNS 1		pass_fixture
2f895da69550d282	2026-09-13c-staticdemand	l02	snapshot:25aa8421-fce1-4a11-8a89-5d2ba5981c88/r0913c.6YX8/ctl/l02_elided_annot.logos	a	(a) PROBES.md:42937 "NOT `lifereg_varassign` as installed (refuses legal l01 l02)"	legal	record, by reading (no rustc binary on this box)	RUNS	rc 1 (exit value NOT verified against the record; stdout: ) · saved binaries: base47bea7f0=RUNS 1 · base_baa2a38=RUNS 1		pass_fixture
ada4e080dfbd28d2	2026-09-13c-staticdemand	s4	snapshot:25aa8421-fce1-4a11-8a89-5d2ba5981c88/r0913c.6YX8/ctl/s4_let_elided_option.logos	a	(a) PROBES.md:42937 "NOT `sttpempty` (refuses legal s4 s5 ...)"	legal	record, by reading (no rustc binary on this box)	RUNS	0 · saved binaries: base47bea7f0=RUNS 0 · base_baa2a38=RUNS 0		pass_fixture
caea5f9f585d8639	2026-09-13c-staticdemand	s5	snapshot:25aa8421-fce1-4a11-8a89-5d2ba5981c88/r0913c.6YX8/ctl/s5_arr_index.logos	a	(a) PROBES.md:42937 "NOT `sttpempty` (refuses legal s4 s5 ...)"	legal	record, by reading (no rustc binary on this box)	RUNS	0 · saved binaries: base47bea7f0=RUNS 0 · base_baa2a38=RUNS 0		pass_fixture
615bc1414994f3bf	2026-09-13d-staticdemand	e01	snapshot:25aa8421-fce1-4a11-8a89-5d2ba5981c88/land0913d.kjFy/hand/e01_option_let_static.logos	a	(a) PROBES.md:42752 "cooutsitese + x08 · REFUSES LEGAL e01 ... e02 ... e05 ... e08 ... CONDEMNED 4"	legal	record, by reading (no rustc binary on this box)	RUNS	rc 5 (exit value NOT verified against the record; stdout: ) · saved binaries: base47bea7f0=RUNS 5 · base_baa2a38=RUNS 5		pass_fixture
087b6ae8dfb2059a	2026-09-13d-staticdemand	e02	snapshot:25aa8421-fce1-4a11-8a89-5d2ba5981c88/land0913d.kjFy/hand/e02_vec_push_static.logos	a	(a) PROBES.md:42752 "cooutsitese + x08 · REFUSES LEGAL e01 ... e02 ... e05 ... e08 ... CONDEMNED 4"	legal	record, by reading (no rustc binary on this box)	RUNS	rc 1 (exit value NOT verified against the record; stdout: ) · saved binaries: base47bea7f0=RUNS 1 · base_baa2a38=RUNS 1		pass_fixture
6a5875689344a00d	2026-09-13d-staticdemand	e05	snapshot:25aa8421-fce1-4a11-8a89-5d2ba5981c88/land0913d.kjFy/hand/e05_const_ref.logos	a	(a) PROBES.md:42752 "cooutsitese + x08 · REFUSES LEGAL e01 ... e02 ... e05 ... e08 ... CONDEMNED 4"	legal	record, by reading (no rustc binary on this box)	RUNS	rc 7 (exit value NOT verified against the record; stdout: ) · saved binaries: base47bea7f0=RUNS 7 · base_baa2a38=RUNS 7		pass_fixture
e1ae169f42383bb0	2026-09-13d-staticdemand	e08	snapshot:25aa8421-fce1-4a11-8a89-5d2ba5981c88/land0913d.kjFy/hand/e08_array_elem_static.logos	a	(a) PROBES.md:42752 "cooutsitese + x08 · REFUSES LEGAL e01 ... e02 ... e05 ... e08 ... CONDEMNED 4"	legal	record, by reading (no rustc binary on this box)	RUNS	rc 4 (exit value NOT verified against the record; stdout: ) · saved binaries: base47bea7f0=RUNS 4 · base_baa2a38=RUNS 4		pass_fixture
efa0235b732befa2	2026-09-13d-staticdemand	r04	snapshot:25aa8421-fce1-4a11-8a89-5d2ba5981c88/land0913d.kjFy/hand1/r04_pick_mixed.logos	a	(a) PROBES.md:42754 "stmutdeclx illegal closed y02 y03 y04 y05 y06 · REFUSES LEGAL r04 ... r08 ... r17 ... CONDEMNED 3"	legal	record, by reading (no rustc binary on this box)	RUNS	rc 9 (exit value NOT verified against the record; stdout: ) · saved binaries: base47bea7f0=RUNS 9 · base_baa2a38=RUNS 9		pass_fixture
f55e44063fe31939	2026-09-13d-staticdemand	r08	snapshot:25aa8421-fce1-4a11-8a89-5d2ba5981c88/land0913d.kjFy/hand1/r08_struct_set_method.logos	a	(a) PROBES.md:42754 "stmutdeclx illegal closed y02 y03 y04 y05 y06 · REFUSES LEGAL r04 ... r08 ... r17 ... CONDEMNED 3"	legal	record, by reading (no rustc binary on this box)	RUNS	rc 7 (exit value NOT verified against the record; stdout: ) · saved binaries: base47bea7f0=RUNS 7 · base_baa2a38=RUNS 7		pass_fixture
550ac84d51f24332	2026-09-13d-staticdemand	r17	snapshot:25aa8421-fce1-4a11-8a89-5d2ba5981c88/land0913d.kjFy/hand1/r17_compare_static_local.logos	a	(a) PROBES.md:42754 "stmutdeclx illegal closed y02 y03 y04 y05 y06 · REFUSES LEGAL r04 ... r08 ... r17 ... CONDEMNED 3"	legal	record, by reading (no rustc binary on this box)	RUNS	rc 2 (exit value NOT verified against the record; stdout: ) · saved binaries: base47bea7f0=RUNS 2 · base_baa2a38=RUNS 2		pass_fixture
12f720eb3499802f	2026-09-13c-staticdemand	c07	snapshot:25aa8421-fce1-4a11-8a89-5d2ba5981c88/r0913c.6YX8/ctl/c07_where_param.logos	b	(b) PROBES.md:43025 "HAND BATTERY, FINAL BINARY vs 86911f4e — illegal closed: ... pricing c07 c09 c10 c13 d26 m1i_{array,named_param,nested_ref,param,tuple}_elided m2i_{...}; mine x01 x02 x03 x04 x05 x06 x09 y01b y04 y05 y06 z02 z03 z04 z05"	illegal	record, by reading (no rustc binary on this box)	REFUSED	c07_where_param.logos:4: error [fn error]: call to 'static_id': borrowed data escapes — argument 1 `u` does not live for  [1 error line(s)] · saved binaries: base47bea7f0=REFUSED · base_baa2a38=REFUSED	tests/imported/fail/regions/regions-static-bound.logos (modulo comments)	already_in_tree:tests/imported/fail/regions/regions-static-bound.logos
f8f4a212ffa59bf5	2026-09-13c-staticdemand	c09	snapshot:25aa8421-fce1-4a11-8a89-5d2ba5981c88/r0913c.6YX8/ctl/c09_smut_explicit.logos	b	(b) PROBES.md:43025 "HAND BATTERY, FINAL BINARY vs 86911f4e — illegal closed: ... pricing c07 c09 c10 c13 d26 m1i_{array,named_param,nested_ref,param,tuple}_elided m2i_{...}; mine x01 x02 x03 x04 x05 x06 x09 y01b y04 y05 y06 z02 z03 z04 z05"	illegal	record, by reading (no rustc binary on this box)	REFUSED	c09_smut_explicit.logos:6: error [fn set_bar]: assignment to 'BAR': variance mismatch — expected &'static u8, got &u8 — [1 error line(s)] · saved binaries: base47bea7f0=REFUSED · base_baa2a38=REFUSED		fail_fixture
2a4c060ff0d5ddc3	2026-09-13c-staticdemand	c10	snapshot:25aa8421-fce1-4a11-8a89-5d2ba5981c88/r0913c.6YX8/ctl/c10_smut_elided.logos	b	(b) PROBES.md:43025 "HAND BATTERY, FINAL BINARY vs 86911f4e — illegal closed: ... pricing c07 c09 c10 c13 d26 m1i_{array,named_param,nested_ref,param,tuple}_elided m2i_{...}; mine x01 x02 x03 x04 x05 x06 x09 y01b y04 y05 y06 z02 z03 z04 z05"	illegal	record, by reading (no rustc binary on this box)	REFUSED	c10_smut_elided.logos:6: error [fn set_bar]: assignment to 'BAR': variance mismatch — expected &'static u8, got &u8 — l [1 error line(s)] · saved binaries: base47bea7f0=REFUSED · base_baa2a38=REFUSED		fail_fixture
8443532137af51f7	2026-09-13c-staticdemand	c13	snapshot:25aa8421-fce1-4a11-8a89-5d2ba5981c88/r0913c.6YX8/ctl/c13_smut_param.logos	b	(b) PROBES.md:43025 "HAND BATTERY, FINAL BINARY vs 86911f4e — illegal closed: ... pricing c07 c09 c10 c13 d26 m1i_{array,named_param,nested_ref,param,tuple}_elided m2i_{...}; mine x01 x02 x03 x04 x05 x06 x09 y01b y04 y05 y06 z02 z03 z04 z05"	illegal	record, by reading (no rustc binary on this box)	REFUSED	c13_smut_param.logos:5: error [fn set_bar]: assignment to 'BAR': variance mismatch — expected &'static u8, got &u8 — li [1 error line(s)] · saved binaries: base47bea7f0=REFUSED · base_baa2a38=REFUSED		fail_fixture
11fca954e50eed63	2026-09-13c-staticdemand	d26	snapshot:25aa8421-fce1-4a11-8a89-5d2ba5981c88/r0913c.6YX8/ctl/d26_where_indirect.logos	b	(b) PROBES.md:43025 "HAND BATTERY, FINAL BINARY vs 86911f4e — illegal closed: ... pricing c07 c09 c10 c13 d26 m1i_{array,named_param,nested_ref,param,tuple}_elided m2i_{...}; mine x01 x02 x03 x04 x05 x06 x09 y01b y04 y05 y06 z02 z03 z04 z05"	illegal	record, by reading (no rustc binary on this box)	REFUSED	d26_where_indirect.logos:3: error [fn error]: call to 'static_id_indirect': borrowed data escapes — argument 1 `v` does n [1 error line(s)] · saved binaries: base47bea7f0=REFUSED · base_baa2a38=REFUSED		fail_fixture
8f85b2b4a463ed2d	2026-09-13c-staticdemand	m1i_array_elided	snapshot:25aa8421-fce1-4a11-8a89-5d2ba5981c88/r0913c.6YX8/hand/m1i_array_elided.logos	b	(b) PROBES.md:43025 "HAND BATTERY, FINAL BINARY vs 86911f4e — illegal closed: ... pricing c07 c09 c10 c13 d26 m1i_{array,named_param,nested_ref,param,tuple}_elided m2i_{...}; mine x01 x02 x03 x04 x05 x06 x09 y01b y04 y05 y06 z02 z03 z04 z05"	illegal	record, by reading (no rustc binary on this box)	REFUSED	m1i_array_elided.logos:6: error [fn set]: assignment to 'ARR[i]': variance mismatch — expected &'static u8, got &u8 —  [1 error line(s)] · saved binaries: base47bea7f0=REFUSED · base_baa2a38=REFUSED		fail_fixture
6874189811753c5a	2026-09-13c-staticdemand	m1i_named_param	snapshot:25aa8421-fce1-4a11-8a89-5d2ba5981c88/r0913c.6YX8/hand/m1i_named_param.logos	b	(b) PROBES.md:43025 "HAND BATTERY, FINAL BINARY vs 86911f4e — illegal closed: ... pricing c07 c09 c10 c13 d26 m1i_{array,named_param,nested_ref,param,tuple}_elided m2i_{...}; mine x01 x02 x03 x04 x05 x06 x09 y01b y04 y05 y06 z02 z03 z04 z05"	illegal	record, by reading (no rustc binary on this box)	REFUSED	m1i_named_param.logos:5: error [fn keep]: assignment to 'BAR': variance mismatch — expected &'static u8, got &'a u8 —  [1 error line(s)] · saved binaries: base47bea7f0=REFUSED · base_baa2a38=REFUSED		fail_fixture
1fb9efb5ed9e0379	2026-09-13c-staticdemand	m1i_nested_ref	snapshot:25aa8421-fce1-4a11-8a89-5d2ba5981c88/r0913c.6YX8/hand/m1i_nested_ref.logos	b	(b) PROBES.md:43025 "HAND BATTERY, FINAL BINARY vs 86911f4e — illegal closed: ... pricing c07 c09 c10 c13 d26 m1i_{array,named_param,nested_ref,param,tuple}_elided m2i_{...}; mine x01 x02 x03 x04 x05 x06 x09 y01b y04 y05 y06 z02 z03 z04 z05"	illegal	record, by reading (no rustc binary on this box)	REFUSED	m1i_nested_ref.logos:8: error [fn set]: assignment to 'PP': variance mismatch — expected &'static &'static u8, got &&u8  [1 error line(s)] · saved binaries: base47bea7f0=REFUSED · base_baa2a38=REFUSED		fail_fixture
850b93d48bcdaa0a	2026-09-13c-staticdemand	m1i_param_elided	snapshot:25aa8421-fce1-4a11-8a89-5d2ba5981c88/r0913c.6YX8/hand/m1i_param_elided.logos	b	(b) PROBES.md:43025 "HAND BATTERY, FINAL BINARY vs 86911f4e — illegal closed: ... pricing c07 c09 c10 c13 d26 m1i_{array,named_param,nested_ref,param,tuple}_elided m2i_{...}; mine x01 x02 x03 x04 x05 x06 x09 y01b y04 y05 y06 z02 z03 z04 z05"	illegal	record, by reading (no rustc binary on this box)	REFUSED	m1i_param_elided.logos:5: error [fn keep]: assignment to 'BAR': variance mismatch — expected &'static u8, got &u8 — li [1 error line(s)] · saved binaries: base47bea7f0=REFUSED · base_baa2a38=REFUSED		fail_fixture
ba9be1c98fdde300	2026-09-13c-staticdemand	m1i_tuple_elided	snapshot:25aa8421-fce1-4a11-8a89-5d2ba5981c88/r0913c.6YX8/hand/m1i_tuple_elided.logos	b	(b) PROBES.md:43025 "HAND BATTERY, FINAL BINARY vs 86911f4e — illegal closed: ... pricing c07 c09 c10 c13 d26 m1i_{array,named_param,nested_ref,param,tuple}_elided m2i_{...}; mine x01 x02 x03 x04 x05 x06 x09 y01b y04 y05 y06 z02 z03 z04 z05"	illegal	record, by reading (no rustc binary on this box)	REFUSED	m1i_tuple_elided.logos:6: error [fn set]: assignment to 'TP': variance mismatch — expected (&'static u8, i64), got (&u8, [1 error line(s)] · saved binaries: base47bea7f0=REFUSED · base_baa2a38=REFUSED		fail_fixture
c3df806832439392	2026-09-13c-staticdemand	m2i_generic_T_where_static	snapshot:25aa8421-fce1-4a11-8a89-5d2ba5981c88/r0913c.6YX8/hand/m2i_generic_T_where_static.logos	b	(b) PROBES.md:43025 "HAND BATTERY, FINAL BINARY vs 86911f4e — illegal closed: ... pricing c07 c09 c10 c13 d26 m1i_{array,named_param,nested_ref,param,tuple}_elided m2i_{...}; mine x01 x02 x03 x04 x05 x06 x09 y01b y04 y05 y06 z02 z03 z04 z05"	illegal	record, by reading (no rustc binary on this box)	REFUSED	m2i_generic_T_where_static.logos:4: error [fn error]: call to 'keep': borrowed data escapes — argument 1 `u` does not li [1 error line(s)] · saved binaries: base47bea7f0=REFUSED · base_baa2a38=REFUSED		fail_fixture
17c6e040749fb490	2026-09-13c-staticdemand	m2i_method_param	snapshot:25aa8421-fce1-4a11-8a89-5d2ba5981c88/r0913c.6YX8/hand2/m2i_method_param.logos	b	(b) PROBES.md:43025 "HAND BATTERY, FINAL BINARY vs 86911f4e — illegal closed: ... pricing c07 c09 c10 c13 d26 m1i_{array,named_param,nested_ref,param,tuple}_elided m2i_{...}; mine x01 x02 x03 x04 x05 x06 x09 y01b y04 y05 y06 z02 z03 z04 z05"	illegal	record, by reading (no rustc binary on this box)	REFUSED	m2i_method_param.logos:7: error [fn error]: call to 'keep': borrowed data escapes — argument 1 `u` does not live for 's [1 error line(s)] · saved binaries: base47bea7f0=REFUSED · base_baa2a38=REFUSED		fail_fixture
ca77496b2b071d0a	2026-09-13c-staticdemand	m2i_mut_ref	snapshot:25aa8421-fce1-4a11-8a89-5d2ba5981c88/r0913c.6YX8/hand/m2i_mut_ref.logos	b	(b) PROBES.md:43025 "HAND BATTERY, FINAL BINARY vs 86911f4e — illegal closed: ... pricing c07 c09 c10 c13 d26 m1i_{array,named_param,nested_ref,param,tuple}_elided m2i_{...}; mine x01 x02 x03 x04 x05 x06 x09 y01b y04 y05 y06 z02 z03 z04 z05"	illegal	record, by reading (no rustc binary on this box)	REFUSED	m2i_mut_ref.logos:4: error [fn error]: call to 'grab': borrowed data escapes — argument 1 does not live for 'static, whi [1 error line(s)] · saved binaries: base47bea7f0=REFUSED · base_baa2a38=REFUSED		fail_fixture
279a320b26bced08	2026-09-13c-staticdemand	m2i_named_caller	snapshot:25aa8421-fce1-4a11-8a89-5d2ba5981c88/r0913c.6YX8/hand/m2i_named_caller.logos	b	(b) PROBES.md:43025 "HAND BATTERY, FINAL BINARY vs 86911f4e — illegal closed: ... pricing c07 c09 c10 c13 d26 m1i_{array,named_param,nested_ref,param,tuple}_elided m2i_{...}; mine x01 x02 x03 x04 x05 x06 x09 y01b y04 y05 y06 z02 z03 z04 z05"	illegal	record, by reading (no rustc binary on this box)	REFUSED	m2i_named_caller.logos:4: error [fn error]: call to 'static_id': borrowed data escapes — argument 1 `u` does not live fo [1 error line(s)] · saved binaries: base47bea7f0=REFUSED · base_baa2a38=REFUSED		fail_fixture
a13764faafabff20	2026-09-13c-staticdemand	m2i_static_method	snapshot:25aa8421-fce1-4a11-8a89-5d2ba5981c88/r0913c.6YX8/hand/m2i_static_method.logos	b	(b) PROBES.md:43025 "HAND BATTERY, FINAL BINARY vs 86911f4e — illegal closed: ... pricing c07 c09 c10 c13 d26 m1i_{array,named_param,nested_ref,param,tuple}_elided m2i_{...}; mine x01 x02 x03 x04 x05 x06 x09 y01b y04 y05 y06 z02 z03 z04 z05"	illegal	record, by reading (no rustc binary on this box)	REFUSED	m2i_static_method.logos:7: error [fn error]: call to 'K::keep': borrowed data escapes — argument 1 `u` does not live for [1 error line(s)] · saved binaries: base47bea7f0=REFUSED · base_baa2a38=REFUSED		fail_fixture
9afca07fec4d5487	2026-09-13c-staticdemand	m2i_struct_arg	snapshot:25aa8421-fce1-4a11-8a89-5d2ba5981c88/r0913c.6YX8/hand/m2i_struct_arg.logos	b	(b) PROBES.md:43025 "HAND BATTERY, FINAL BINARY vs 86911f4e — illegal closed: ... pricing c07 c09 c10 c13 d26 m1i_{array,named_param,nested_ref,param,tuple}_elided m2i_{...}; mine x01 x02 x03 x04 x05 x06 x09 y01b y04 y05 y06 z02 z03 z04 z05"	illegal	record, by reading (no rustc binary on this box)	REFUSED	m2i_struct_arg.logos:5: error [fn error]: call to 'keep': borrowed data escapes — argument 1 does not live for 'static,  [1 error line(s)] · saved binaries: base47bea7f0=REFUSED · base_baa2a38=REFUSED		fail_fixture
4a7b65dd8bd5b7dd	2026-09-13d-staticdemand	x01	snapshot:25aa8421-fce1-4a11-8a89-5d2ba5981c88/land0913d.kjFy/hand/x01_option_local.logos	b	(b) PROBES.md:43025 "HAND BATTERY, FINAL BINARY vs 86911f4e — illegal closed: ... pricing c07 c09 c10 c13 d26 m1i_{array,named_param,nested_ref,param,tuple}_elided m2i_{...}; mine x01 x02 x03 x04 x05 x06 x09 y01b y04 y05 y06 z02 z03 z04 z05"	illegal	record, by reading (no rustc binary on this box)	REFUSED	x01_option_local.logos:6: error [fn f]: call to 'keepo': borrowed data escapes — argument 1 does not live for 'static [1 error line(s)] · saved binaries: base47bea7f0=REFUSED · base_baa2a38=REFUSED		fail_fixture
dd3b145c8e4b187c	2026-09-13d-staticdemand	x02	snapshot:25aa8421-fce1-4a11-8a89-5d2ba5981c88/land0913d.kjFy/hand/x02_struct_lit_param.logos	b	(b) PROBES.md:43025 "HAND BATTERY, FINAL BINARY vs 86911f4e — illegal closed: ... pricing c07 c09 c10 c13 d26 m1i_{array,named_param,nested_ref,param,tuple}_elided m2i_{...}; mine x01 x02 x03 x04 x05 x06 x09 y01b y04 y05 y06 z02 z03 z04 z05"	illegal	record, by reading (no rustc binary on this box)	REFUSED	x02_struct_lit_param.logos:5: error [fn f]: call to 'keeph': borrowed data escapes — argument 1 does not live for 'st [1 error line(s)] · saved binaries: base47bea7f0=REFUSED · base_baa2a38=REFUSED		fail_fixture
e0a28f477b779291	2026-09-13d-staticdemand	x03	snapshot:25aa8421-fce1-4a11-8a89-5d2ba5981c88/land0913d.kjFy/hand/x03_trait_method_param.logos	b	(b) PROBES.md:43025 "HAND BATTERY, FINAL BINARY vs 86911f4e — illegal closed: ... pricing c07 c09 c10 c13 d26 m1i_{array,named_param,nested_ref,param,tuple}_elided m2i_{...}; mine x01 x02 x03 x04 x05 x06 x09 y01b y04 y05 y06 z02 z03 z04 z05"	illegal	record, by reading (no rustc binary on this box)	REFUSED	x03_trait_method_param.logos:8: error [fn f]: call to 'keep': borrowed data escapes — argument 1 `u` does not live fo [1 error line(s)] · saved binaries: base47bea7f0=REFUSED · base_baa2a38=REFUSED		fail_fixture
b20342107b4dd5b8	2026-09-13d-staticdemand	x04	snapshot:25aa8421-fce1-4a11-8a89-5d2ba5981c88/land0913d.kjFy/hand/x04_two_args_conflict.logos	b	(b) PROBES.md:43025 "HAND BATTERY, FINAL BINARY vs 86911f4e — illegal closed: ... pricing c07 c09 c10 c13 d26 m1i_{array,named_param,nested_ref,param,tuple}_elided m2i_{...}; mine x01 x02 x03 x04 x05 x06 x09 y01b y04 y05 y06 z02 z03 z04 z05"	illegal	record, by reading (no rustc binary on this box)	REFUSED	x04_two_args_conflict.logos:5: error [fn f]: call to 'both': borrowed data escapes — argument 2 `u` does not live for [1 error line(s)] · saved binaries: base47bea7f0=REFUSED · base_baa2a38=REFUSED		fail_fixture
c716d9d11602b46d	2026-09-13d-staticdemand	x05	snapshot:25aa8421-fce1-4a11-8a89-5d2ba5981c88/land0913d.kjFy/hand/x05_struct_param_region.logos	b	(b) PROBES.md:43025 "HAND BATTERY, FINAL BINARY vs 86911f4e — illegal closed: ... pricing c07 c09 c10 c13 d26 m1i_{array,named_param,nested_ref,param,tuple}_elided m2i_{...}; mine x01 x02 x03 x04 x05 x06 x09 y01b y04 y05 y06 z02 z03 z04 z05"	illegal	record, by reading (no rustc binary on this box)	REFUSED	x05_struct_param_region.logos:5: error [fn f]: call to 'keeph': borrowed data escapes — argument 1 `h` does not live  [1 error line(s)] · saved binaries: base47bea7f0=REFUSED · base_baa2a38=REFUSED		fail_fixture
f01bd02e0acacc72	2026-09-13d-staticdemand	x06	snapshot:25aa8421-fce1-4a11-8a89-5d2ba5981c88/land0913d.kjFy/hand/x06_method_nonstatic_noreturn.logos	b	(b) PROBES.md:43025 "HAND BATTERY, FINAL BINARY vs 86911f4e — illegal closed: ... pricing c07 c09 c10 c13 d26 m1i_{array,named_param,nested_ref,param,tuple}_elided m2i_{...}; mine x01 x02 x03 x04 x05 x06 x09 y01b y04 y05 y06 z02 z03 z04 z05"	illegal	record, by reading (no rustc binary on this box)	REFUSED	x06_method_nonstatic_noreturn.logos:7: error [fn f]: call to 'two': caller does not satisfy callee's outlives bound `'a [1 error line(s)] · saved binaries: base47bea7f0=REFUSED · base_baa2a38=REFUSED		fail_fixture
e81ddedf7c9b91f7	2026-09-13d-staticdemand	x09	snapshot:25aa8421-fce1-4a11-8a89-5d2ba5981c88/land0913d.kjFy/hand/x09_impl_region_method_bound.logos	b	(b) PROBES.md:43025 "HAND BATTERY, FINAL BINARY vs 86911f4e — illegal closed: ... pricing c07 c09 c10 c13 d26 m1i_{array,named_param,nested_ref,param,tuple}_elided m2i_{...}; mine x01 x02 x03 x04 x05 x06 x09 y01b y04 y05 y06 z02 z03 z04 z05"	illegal	record, by reading (no rustc binary on this box)	REFUSED	x09_impl_region_method_bound.logos:8: error [fn f]: call to 'keep': borrowed data escapes — the receiver does not liv [1 error line(s)] · saved binaries: base47bea7f0=REFUSED · base_baa2a38=REFUSED		fail_fixture
a3a40bd66fcee5a4	2026-09-13d-staticdemand	y01b	snapshot:25aa8421-fce1-4a11-8a89-5d2ba5981c88/land0913d.kjFy/extra2/y01b_struct_static_explicit.logos	b	(b) PROBES.md:43025 "HAND BATTERY, FINAL BINARY vs 86911f4e — illegal closed: ... pricing c07 c09 c10 c13 d26 m1i_{array,named_param,nested_ref,param,tuple}_elided m2i_{...}; mine x01 x02 x03 x04 x05 x06 x09 y01b y04 y05 y06 z02 z03 z04 z05"	illegal	record, by reading (no rustc binary on this box)	REFUSED	y01b_struct_static_explicit.logos:7: error [fn set]: assignment to 'HS': variance mismatch — expected H<'static>, g [1 error line(s)] · saved binaries: base47bea7f0=REFUSED · base_baa2a38=REFUSED		fail_fixture
69d1c80918897c3d	2026-09-13d-staticdemand	y04	snapshot:25aa8421-fce1-4a11-8a89-5d2ba5981c88/land0913d.kjFy/hand1/y04_nested_tuple.logos	b	(b) PROBES.md:43025 "HAND BATTERY, FINAL BINARY vs 86911f4e — illegal closed: ... pricing c07 c09 c10 c13 d26 m1i_{array,named_param,nested_ref,param,tuple}_elided m2i_{...}; mine x01 x02 x03 x04 x05 x06 x09 y01b y04 y05 y06 z02 z03 z04 z05"	illegal	record, by reading (no rustc binary on this box)	REFUSED	y04_nested_tuple.logos:6: error [fn set]: assignment to 'TP': variance mismatch — expected ((&'static u8, i64), i64) [1 error line(s)] · saved binaries: base47bea7f0=REFUSED · base_baa2a38=REFUSED		fail_fixture
0a310062ec0495af	2026-09-13d-staticdemand	y05	snapshot:25aa8421-fce1-4a11-8a89-5d2ba5981c88/land0913d.kjFy/hand1/y05_field_write_tuple.logos	b	(b) PROBES.md:43025 "HAND BATTERY, FINAL BINARY vs 86911f4e — illegal closed: ... pricing c07 c09 c10 c13 d26 m1i_{array,named_param,nested_ref,param,tuple}_elided m2i_{...}; mine x01 x02 x03 x04 x05 x06 x09 y01b y04 y05 y06 z02 z03 z04 z05"	illegal	record, by reading (no rustc binary on this box)	REFUSED	y05_field_write_tuple.logos:6: error [fn set]: assignment to 'TP.0': variance mismatch — expected &'static u8, got & [1 error line(s)] · saved binaries: base47bea7f0=REFUSED · base_baa2a38=REFUSED		fail_fixture
d381a4bb58bbc9ed	2026-09-13d-staticdemand	y06	snapshot:25aa8421-fce1-4a11-8a89-5d2ba5981c88/land0913d.kjFy/hand1/y06_via_local_binding.logos	b	(b) PROBES.md:43025 "HAND BATTERY, FINAL BINARY vs 86911f4e — illegal closed: ... pricing c07 c09 c10 c13 d26 m1i_{array,named_param,nested_ref,param,tuple}_elided m2i_{...}; mine x01 x02 x03 x04 x05 x06 x09 y01b y04 y05 y06 z02 z03 z04 z05"	illegal	record, by reading (no rustc binary on this box)	REFUSED	y06_via_local_binding.logos:7: error [fn set]: assignment to 'BAR': variance mismatch — expected &'static u8, got &u [1 error line(s)] · saved binaries: base47bea7f0=REFUSED · base_baa2a38=REFUSED		fail_fixture
feb5bc592ae56cdc	2026-09-13d-staticdemand	z02	snapshot:25aa8421-fce1-4a11-8a89-5d2ba5981c88/land0913d.kjFy/extra2/z02_dyn_method_bound.logos	b	(b) PROBES.md:43025 "HAND BATTERY, FINAL BINARY vs 86911f4e — illegal closed: ... pricing c07 c09 c10 c13 d26 m1i_{array,named_param,nested_ref,param,tuple}_elided m2i_{...}; mine x01 x02 x03 x04 x05 x06 x09 y01b y04 y05 y06 z02 z03 z04 z05"	illegal	record, by reading (no rustc binary on this box)	REFUSED	z02_dyn_method_bound.logos:8: error [fn f]: call to 'keep': borrowed data escapes — argument 1 `u` does not live fo [1 error line(s)] · saved binaries: base47bea7f0=REFUSED · base_baa2a38=REFUSED		fail_fixture
91291c380c5b0521	2026-09-13d-staticdemand	z03	snapshot:25aa8421-fce1-4a11-8a89-5d2ba5981c88/land0913d.kjFy/extra2/z03_generic_trait_bound_method.logos	b	(b) PROBES.md:43025 "HAND BATTERY, FINAL BINARY vs 86911f4e — illegal closed: ... pricing c07 c09 c10 c13 d26 m1i_{array,named_param,nested_ref,param,tuple}_elided m2i_{...}; mine x01 x02 x03 x04 x05 x06 x09 y01b y04 y05 y06 z02 z03 z04 z05"	illegal	record, by reading (no rustc binary on this box)	REFUSED	z03_generic_trait_bound_method.logos:8: error [fn f]: call to 'keep': borrowed data escapes — argument 1 `u` does n [1 error line(s)] · saved binaries: base47bea7f0=REFUSED · base_baa2a38=REFUSED		fail_fixture
73f8e85bf6c00a40	2026-09-13d-staticdemand	z04	snapshot:25aa8421-fce1-4a11-8a89-5d2ba5981c88/land0913d.kjFy/extra3/z04_overload_where_static.logos	b	(b) PROBES.md:43025 "HAND BATTERY, FINAL BINARY vs 86911f4e — illegal closed: ... pricing c07 c09 c10 c13 d26 m1i_{array,named_param,nested_ref,param,tuple}_elided m2i_{...}; mine x01 x02 x03 x04 x05 x06 x09 y01b y04 y05 y06 z02 z03 z04 z05"	illegal	record, by reading (no rustc binary on this box)	REFUSED	z04_overload_where_static.logos:5: error [fn f]: call to 'keep': borrowed data escapes — argument 1 `u` does not li [1 error line(s)] · saved binaries: base47bea7f0=REFUSED · base_baa2a38=REFUSED		fail_fixture
99c87a078725186f	2026-09-13d-staticdemand	z05	snapshot:25aa8421-fce1-4a11-8a89-5d2ba5981c88/land0913d.kjFy/extra3/z05_generic_context_deferred.logos	b	(b) PROBES.md:43025 "HAND BATTERY, FINAL BINARY vs 86911f4e — illegal closed: ... pricing c07 c09 c10 c13 d26 m1i_{array,named_param,nested_ref,param,tuple}_elided m2i_{...}; mine x01 x02 x03 x04 x05 x06 x09 y01b y04 y05 y06 z02 z03 z04 z05"	illegal	record, by reading (no rustc binary on this box)	REFUSED	z05_generic_context_deferred.logos:4: error [fn outer]: call to 'keep2': borrowed data escapes — argument 2 `u` doe [1 error line(s)] · saved binaries: base47bea7f0=REFUSED · base_baa2a38=REFUSED		fail_fixture
7ebf2b11b64c5a2e	2026-09-14b-ptrcoerceland	Q01	snapshot:25aa8421-fce1-4a11-8a89-5d2ba5981c88/land14a_hand.Clf6/Q01_mutvec_static_to_shared_vec_shorter.logos	a	(a) PROBES.md:43482 "build 1 crosskindxd + aorecvty as priced ... LEGAL REFUSED BY HAND Q01 Q11 Q15 V02 V02B V02I V20 V21 V25 V26 V27"	legal	record, by reading (no rustc binary on this box)	RUNS	rc 1 (exit value NOT verified against the record; stdout: ) · saved binaries: base47bea7f0=RUNS 1 · base_baa2a38=RUNS 1		pass_fixture
b9b621900db323f2	2026-09-14b-ptrcoerceland	Q11	snapshot:25aa8421-fce1-4a11-8a89-5d2ba5981c88/land14a_twins2.okas/Q11_ref_vec_static_to_constptr_vec_shorter.logos	a	(a) PROBES.md:43482 "build 1 crosskindxd + aorecvty as priced ... LEGAL REFUSED BY HAND Q01 Q11 Q15 V02 V02B V02I V20 V21 V25 V26 V27"	legal	record, by reading (no rustc binary on this box)	RUNS	rc 1 (exit value NOT verified against the record; stdout: ) · saved binaries: base47bea7f0=RUNS 1 · base_baa2a38=RUNS 1		pass_fixture
3bfc61aa3532b436	2026-09-14b-ptrcoerceland	Q15	snapshot:25aa8421-fce1-4a11-8a89-5d2ba5981c88/land14a_twins2.okas/Q15_ref_box_static_to_constptr_box_shorter.logos	a	(a) PROBES.md:43482 "build 1 crosskindxd + aorecvty as priced ... LEGAL REFUSED BY HAND Q01 Q11 Q15 V02 V02B V02I V20 V21 V25 V26 V27"	legal	record, by reading (no rustc binary on this box)	RUNS	rc 1 (exit value NOT verified against the record; stdout: ) · saved binaries: base47bea7f0=RUNS 1 · base_baa2a38=RUNS 1		pass_fixture
431c0e3a4f9ff3a1	2026-09-14b-ptrcoerceland	V02	snapshot:25aa8421-fce1-4a11-8a89-5d2ba5981c88/land14a_hand.Clf6/V02_rhs_reads_loan_then_dead.logos	a	(a) PROBES.md:43482 "build 1 crosskindxd + aorecvty as priced ... LEGAL REFUSED BY HAND Q01 Q11 Q15 V02 V02B V02I V20 V21 V25 V26 V27"	legal	record, by reading (no rustc binary on this box)	RUNS	rc 3 (exit value NOT verified against the record; stdout: ) · saved binaries: base47bea7f0=RUNS 3 · base_baa2a38=RUNS 3		pass_fixture
5bf1ed5c5896698b	2026-09-14b-ptrcoerceland	V02B	snapshot:25aa8421-fce1-4a11-8a89-5d2ba5981c88/land14a_twins.1LQu/V02B_store_plain_read_loan_then_dead.logos	a	(a) PROBES.md:43482 "build 1 crosskindxd + aorecvty as priced ... LEGAL REFUSED BY HAND Q01 Q11 Q15 V02 V02B V02I V20 V21 V25 V26 V27"	legal	record, by reading (no rustc binary on this box)	RUNS	rc 2 (exit value NOT verified against the record; stdout: ) · saved binaries: base47bea7f0=RUNS 2 · base_baa2a38=RUNS 2		pass_fixture
ce1a70d10af227e2	2026-09-14b-ptrcoerceland	V02I	snapshot:25aa8421-fce1-4a11-8a89-5d2ba5981c88/land14a_twins.1LQu/V02I_store_index_reads_loan_then_dead.logos	a	(a) PROBES.md:43482 "build 1 crosskindxd + aorecvty as priced ... LEGAL REFUSED BY HAND Q01 Q11 Q15 V02 V02B V02I V20 V21 V25 V26 V27"	legal	record, by reading (no rustc binary on this box)	RUNS	rc 9 (exit value NOT verified against the record; stdout: ) · saved binaries: base47bea7f0=RUNS 9 · base_baa2a38=RUNS 9		pass_fixture
cef28cf0e3959f6d	2026-09-14b-ptrcoerceland	V20	snapshot:25aa8421-fce1-4a11-8a89-5d2ba5981c88/land14a_twins3.L1yE/V20_ifarm_store_value_last_use.logos	a	(a) PROBES.md:43482 "build 1 crosskindxd + aorecvty as priced ... LEGAL REFUSED BY HAND Q01 Q11 Q15 V02 V02B V02I V20 V21 V25 V26 V27"	legal	record, by reading (no rustc binary on this box)	RUNS	rc 3 (exit value NOT verified against the record; stdout: ) · saved binaries: base47bea7f0=RUNS 3 · base_baa2a38=RUNS 3		pass_fixture
bfff935aecd90724	2026-09-14b-ptrcoerceland	V21	snapshot:25aa8421-fce1-4a11-8a89-5d2ba5981c88/land14a_twins3.L1yE/V21_ifarm_last_use_before_store.logos	a	(a) PROBES.md:43482 "build 1 crosskindxd + aorecvty as priced ... LEGAL REFUSED BY HAND Q01 Q11 Q15 V02 V02B V02I V20 V21 V25 V26 V27"	legal	record, by reading (no rustc binary on this box)	RUNS	rc 2 (exit value NOT verified against the record; stdout: ) · saved binaries: base47bea7f0=RUNS 2 · base_baa2a38=RUNS 2		pass_fixture
f67f892c51c2cb2b	2026-09-14b-ptrcoerceland	V25	snapshot:25aa8421-fce1-4a11-8a89-5d2ba5981c88/land14a_twins3.L1yE/V25_loop_loan_inside_body_legal.logos	a	(a) PROBES.md:43482 "build 1 crosskindxd + aorecvty as priced ... LEGAL REFUSED BY HAND Q01 Q11 Q15 V02 V02B V02I V20 V21 V25 V26 V27"	legal	record, by reading (no rustc binary on this box)	RUNS	rc 3 (exit value NOT verified against the record; stdout: ) · saved binaries: base47bea7f0=RUNS 3 · base_baa2a38=RUNS 3		pass_fixture
cbddd45b6452d006	2026-09-14b-ptrcoerceland	V26	snapshot:25aa8421-fce1-4a11-8a89-5d2ba5981c88/land14a_twins3.L1yE/V26_match_arm_store_value_last_use.logos	a	(a) PROBES.md:43482 "build 1 crosskindxd + aorecvty as priced ... LEGAL REFUSED BY HAND Q01 Q11 Q15 V02 V02B V02I V20 V21 V25 V26 V27"	legal	record, by reading (no rustc binary on this box)	RUNS	rc 4 (exit value NOT verified against the record; stdout: ) · saved binaries: base47bea7f0=RUNS 4 · base_baa2a38=RUNS 4		pass_fixture
f8f0484faf09a7fa	2026-09-14b-ptrcoerceland	V27	snapshot:25aa8421-fce1-4a11-8a89-5d2ba5981c88/land14a_twins3.L1yE/V27_nested_block_store_value_last_use.logos	a	(a) PROBES.md:43482 "build 1 crosskindxd + aorecvty as priced ... LEGAL REFUSED BY HAND Q01 Q11 Q15 V02 V02B V02I V20 V21 V25 V26 V27"	legal	record, by reading (no rustc binary on this box)	RUNS	rc 5 (exit value NOT verified against the record; stdout: ) · saved binaries: base47bea7f0=RUNS 5 · base_baa2a38=RUNS 5		pass_fixture
e68839a9dccadd85	2026-09-14b-ptrcoerceland	M5	snapshot:25aa8421-fce1-4a11-8a89-5d2ba5981c88/land14a_twins4.YY4f/M5_let_elided_mutptr_from_mutref_static.logos	a	(a) PROBES.md:43484 "build 3 ... M5 M10 M11 E02 E09"	legal	record, by reading (no rustc binary on this box)	RUNS	rc 7 (exit value NOT verified against the record; stdout: ) · saved binaries: base47bea7f0=RUNS 7 · base_baa2a38=RUNS 7		pass_fixture
2b5eaaaaab46b6e9	2026-09-14b-ptrcoerceland	M10	snapshot:25aa8421-fce1-4a11-8a89-5d2ba5981c88/land14a_twins4.YY4f/M10_let_elided_mutptr_decay_static_elems.logos	a	(a) PROBES.md:43484 "build 3 ... M5 M10 M11 E02 E09"	legal	record, by reading (no rustc binary on this box)	RUNS	rc 7 (exit value NOT verified against the record; stdout: ) · saved binaries: base47bea7f0=RUNS 7 · base_baa2a38=RUNS 7		pass_fixture
3c4a3b7fa4ef4241	2026-09-14b-ptrcoerceland	M11	snapshot:25aa8421-fce1-4a11-8a89-5d2ba5981c88/land14a_twins4.YY4f/M11_arg_elided_region_param_mutptr_from_mutref_static.logos	a	(a) PROBES.md:43484 "build 3 ... M5 M10 M11 E02 E09"	legal	record, by reading (no rustc binary on this box)	RUNS	rc 7 (exit value NOT verified against the record; stdout: ) · saved binaries: base47bea7f0=RUNS 7 · base_baa2a38=RUNS 7		pass_fixture
f90fa9f9d2200269	2026-09-14b-ptrcoerceland	E02	snapshot:25aa8421-fce1-4a11-8a89-5d2ba5981c88/land14a_twins5.F7Ma/E02_struct_lit_mutptr_field_from_mutref_static.logos	a	(a) PROBES.md:43484 "build 3 ... M5 M10 M11 E02 E09"	legal	record, by reading (no rustc binary on this box)	RUNS	rc 7 (exit value NOT verified against the record; stdout: ) · saved binaries: base47bea7f0=RUNS 7 · base_baa2a38=RUNS 7		pass_fixture
555ef1c6d2bea317	2026-09-14b-ptrcoerceland	E09	snapshot:25aa8421-fce1-4a11-8a89-5d2ba5981c88/land14a_twins5.F7Ma/E09_outlives_where_ref_to_constptr_arg.logos	a	(a) PROBES.md:43484 "build 3 ... M5 M10 M11 E02 E09"	legal	record, by reading (no rustc binary on this box)	RUNS	rc 8 (exit value NOT verified against the record; stdout: ) · saved binaries: base47bea7f0=RUNS 8 · base_baa2a38=RUNS 8		pass_fixture
bebcad193fdc6d87	2026-09-14a-ptrcoerce	I01	snapshot:25aa8421-fce1-4a11-8a89-5d2ba5981c88/survey14a.MrUR/bat/I01_let_mutref_to_mutptr.logos	b	(b) PROBES.md:43524 NEIGHBOURS "CLOSED here" (return/let/place/decay/tuple/`&mut`->`&`/Vec store) + PROBES.md:43514 "every change is an illegal program refused or a text line; 0 legal moved"	illegal	record, by reading (no rustc binary on this box)	REFUSED	I01_let_mutref_to_mutptr.logos:3: error [fn f]: let 'y': variance mismatch — expected *mut &'b i64, got &mut &'a i64 � [1 error line(s)] · saved binaries: base47bea7f0=REFUSED · base_baa2a38=REFUSED		fail_fixture
26682de6afccb72d	2026-09-14b-ptrcoerceland	Y06	snapshot:25aa8421-fce1-4a11-8a89-5d2ba5981c88/land14a_hand.Clf6/Y06_let_mutptr_to_constptr_static.logos	b	(b) PROBES.md:43524 NEIGHBOURS "CLOSED here" (return/let/place/decay/tuple/`&mut`->`&`/Vec store) + PROBES.md:43514 "every change is an illegal program refused or a text line; 0 legal moved"	illegal	record, by reading (no rustc binary on this box)	REFUSED	Y06_let_mutptr_to_constptr_static.logos:3: error [fn f]: let 'p': variance mismatch — expected *const &'static i64, got [1 error line(s)] · saved binaries: base47bea7f0=REFUSED · base_baa2a38=REFUSED		fail_fixture
3a22e83f88b3ab32	2026-09-14b-ptrcoerceland	Y01	snapshot:25aa8421-fce1-4a11-8a89-5d2ba5981c88/land14a_hand.Clf6/Y01_fieldwrite_constptr_static.logos	b	(b) PROBES.md:43524 NEIGHBOURS "CLOSED here" (return/let/place/decay/tuple/`&mut`->`&`/Vec store) + PROBES.md:43514 "every change is an illegal program refused or a text line; 0 legal moved"	illegal	record, by reading (no rustc binary on this box)	REFUSED	Y01_fieldwrite_constptr_static.logos:4: error [fn set]: assignment to 'c.p': variance mismatch — expected *const &'stat [1 error line(s)] · saved binaries: base47bea7f0=REFUSED · base_baa2a38=REFUSED		fail_fixture
b7cc78ba3668948e	2026-09-14a-ptrcoerce	I08	snapshot:25aa8421-fce1-4a11-8a89-5d2ba5981c88/survey14a.MrUR/bat/I08_array_decay_to_ptr.logos	b	(b) PROBES.md:43524 NEIGHBOURS "CLOSED here" (return/let/place/decay/tuple/`&mut`->`&`/Vec store) + PROBES.md:43514 "every change is an illegal program refused or a text line; 0 legal moved"	illegal	record, by reading (no rustc binary on this box)	REFUSED	I08_array_decay_to_ptr.logos:3: error [fn f]: return type mismatch: variance mismatch — expected *const &'b i64, got & [1 error line(s)] · saved binaries: base47bea7f0=REFUSED · base_baa2a38=REFUSED		fail_fixture
3353d950c969bc7f	2026-09-14a-ptrcoerce	D03	snapshot:25aa8421-fce1-4a11-8a89-5d2ba5981c88/survey14a.MrUR/bat6/D03_illegal_decay_region.logos	b	(b) PROBES.md:43524 NEIGHBOURS "CLOSED here" (return/let/place/decay/tuple/`&mut`->`&`/Vec store) + PROBES.md:43514 "every change is an illegal program refused or a text line; 0 legal moved"	illegal	record, by reading (no rustc binary on this box)	REFUSED	D03_illegal_decay_region.logos:3: error [fn f]: return type mismatch: variance mismatch — expected *mut &'b i64, got  [1 error line(s)] · saved binaries: base47bea7f0=REFUSED · base_baa2a38=REFUSED		fail_fixture
7c87b6eaa3fdbdb8	2026-09-14b-ptrcoerceland	Y03	snapshot:25aa8421-fce1-4a11-8a89-5d2ba5981c88/land14a_hand.Clf6/Y03_decay_to_static.logos	b	(b) PROBES.md:43524 NEIGHBOURS "CLOSED here" (return/let/place/decay/tuple/`&mut`->`&`/Vec store) + PROBES.md:43514 "every change is an illegal program refused or a text line; 0 legal moved"	illegal	record, by reading (no rustc binary on this box)	REFUSED	Y03_decay_to_static.logos:3: error [fn f]: return type mismatch: variance mismatch — expected *const &'static i64, got  [1 error line(s)] · saved binaries: base47bea7f0=REFUSED · base_baa2a38=REFUSED		fail_fixture
8c711f1c425c8dad	2026-09-14b-ptrcoerceland	Y07	snapshot:25aa8421-fce1-4a11-8a89-5d2ba5981c88/land14a_hand.Clf6/Y07_tuple_pointee_to_static.logos	b	(b) PROBES.md:43524 NEIGHBOURS "CLOSED here" (return/let/place/decay/tuple/`&mut`->`&`/Vec store) + PROBES.md:43514 "every change is an illegal program refused or a text line; 0 legal moved"	illegal	record, by reading (no rustc binary on this box)	REFUSED	Y07_tuple_pointee_to_static.logos:3: error [fn f]: return type mismatch: variance mismatch — expected *const (&'static  [1 error line(s)] · saved binaries: base47bea7f0=REFUSED · base_baa2a38=REFUSED		fail_fixture
1e2e2fb02566d077	2026-09-14a-ptrcoerce	I05	snapshot:25aa8421-fce1-4a11-8a89-5d2ba5981c88/survey14a.MrUR/bat/I05_mutref_to_ref_pointee.logos	b	(b) PROBES.md:43524 NEIGHBOURS "CLOSED here" (return/let/place/decay/tuple/`&mut`->`&`/Vec store) + PROBES.md:43514 "every change is an illegal program refused or a text line; 0 legal moved"	illegal	record, by reading (no rustc binary on this box)	REFUSED	I05_mutref_to_ref_pointee.logos:3: error [fn f]: return type mismatch: variance mismatch — expected &'c &'b i64, got & [1 error line(s)] · saved binaries: base47bea7f0=REFUSED · base_baa2a38=REFUSED		fail_fixture
e554c7a8c2fe623d	2026-09-14b-ptrcoerceland	Y08	snapshot:25aa8421-fce1-4a11-8a89-5d2ba5981c88/land14a_hand.Clf6/Y08_mutvec_to_mutslice_invariant.logos	b	(b) PROBES.md:43524 NEIGHBOURS "CLOSED here" (return/let/place/decay/tuple/`&mut`->`&`/Vec store) + PROBES.md:43514 "every change is an illegal program refused or a text line; 0 legal moved"	illegal	record, by reading (no rustc binary on this box)	REFUSED	Y08_mutvec_to_mutslice_invariant.logos:3: error [fn f]: return type mismatch: variance mismatch — expected &mut [&'a i6 [1 error line(s)] · saved binaries: base47bea7f0=REFUSED · base_baa2a38=REFUSED		fail_fixture
ae3c88a487704f80	2026-09-14a-ptrcoerce	J06	snapshot:25aa8421-fce1-4a11-8a89-5d2ba5981c88/survey14a.MrUR/bat3/J06_nested_vec_store.logos	b	(b) PROBES.md:43524 NEIGHBOURS "CLOSED here" (return/let/place/decay/tuple/`&mut`->`&`/Vec store) + PROBES.md:43514 "every change is an illegal program refused or a text line; 0 legal moved"	illegal	record, by reading (no rustc binary on this box)	REFUSED	error [fn main]: cannot borrow 'v' as mutable: 'v' has shared borrows [1 error line(s)] · saved binaries: base47bea7f0=REFUSED · base_baa2a38=REFUSED		fail_fixture
b3f6d66e50f8e14f	2026-09-14a-ptrcoerce	J08	snapshot:25aa8421-fce1-4a11-8a89-5d2ba5981c88/survey14a.MrUR/bat3/J08_store_string_vec_live_ref.logos	b	(b) PROBES.md:43524 NEIGHBOURS "CLOSED here" (return/let/place/decay/tuple/`&mut`->`&`/Vec store) + PROBES.md:43514 "every change is an illegal program refused or a text line; 0 legal moved"	illegal	record, by reading (no rustc binary on this box)	REFUSED	error [fn main]: cannot borrow 'v' as mutable: 'v' has shared borrows [1 error line(s)] · saved binaries: base47bea7f0=REFUSED · base_baa2a38=REFUSED		fail_fixture
e11ea5d418914a86	2026-09-14a-ptrcoerce	J09	snapshot:25aa8421-fce1-4a11-8a89-5d2ba5981c88/survey14a.MrUR/bat5/J09_store_while_iter_live.logos	b	(b) PROBES.md:43524 NEIGHBOURS "CLOSED here" (return/let/place/decay/tuple/`&mut`->`&`/Vec store) + PROBES.md:43514 "every change is an illegal program refused or a text line; 0 legal moved"	illegal	record, by reading (no rustc binary on this box)	REFUSED	error [fn main]: cannot borrow 'v' as mutable: 'v' has shared borrows [1 error line(s)] · saved binaries: base47bea7f0=REFUSED · base_baa2a38=REFUSED		fail_fixture
9e8c3bb875b424f9	2026-09-14b-ptrcoerceland	X05	snapshot:25aa8421-fce1-4a11-8a89-5d2ba5981c88/land14a_hand.Clf6/X05_store_rhs_reads_loan_live_after.logos	b	(b) PROBES.md:43524 NEIGHBOURS "CLOSED here" (return/let/place/decay/tuple/`&mut`->`&`/Vec store) + PROBES.md:43514 "every change is an illegal program refused or a text line; 0 legal moved"	illegal	record, by reading (no rustc binary on this box)	REFUSED	error [fn main]: cannot borrow 'v' as mutable: 'v' has shared borrows [1 error line(s)] · saved binaries: base47bea7f0=REFUSED · base_baa2a38=REFUSED		fail_fixture
c2de20fce592bf27	2026-09-14b-ptrcoerceland	X06	snapshot:25aa8421-fce1-4a11-8a89-5d2ba5981c88/land14a_hand.Clf6/X06_store_under_ref_in_struct.logos	b	(b) PROBES.md:43524 NEIGHBOURS "CLOSED here" (return/let/place/decay/tuple/`&mut`->`&`/Vec store) + PROBES.md:43514 "every change is an illegal program refused or a text line; 0 legal moved"	illegal	record, by reading (no rustc binary on this box)	REFUSED	error [fn main]: cannot borrow 'v' as mutable: 'v' has shared borrows [1 error line(s)] · saved binaries: base47bea7f0=REFUSED · base_baa2a38=REFUSED		fail_fixture
eb042cdfa8cc0d76	2026-09-14b-ptrcoerceland	V23	snapshot:25aa8421-fce1-4a11-8a89-5d2ba5981c88/land14a_twins3.L1yE/V23_loop_store_value_loan_illegal.logos	b	(b) PROBES.md:43524 NEIGHBOURS "CLOSED here" (return/let/place/decay/tuple/`&mut`->`&`/Vec store) + PROBES.md:43514 "every change is an illegal program refused or a text line; 0 legal moved"	illegal	record, by reading (no rustc binary on this box)	REFUSED	error [fn main]: cannot borrow 'v' as mutable: 'v' has shared borrows [1 error line(s)] · saved binaries: base47bea7f0=REFUSED · base_baa2a38=REFUSED		fail_fixture
5685d9f2c8e32d5a	2026-09-14b-ptrcoerceland	X01	snapshot:25aa8421-fce1-4a11-8a89-5d2ba5981c88/land14a_hand.Clf6/X01_explicit_addrof_push_under_shared.logos	b	(b) PROBES.md:43524 NEIGHBOURS "CLOSED here" (return/let/place/decay/tuple/`&mut`->`&`/Vec store) + PROBES.md:43514 "every change is an illegal program refused or a text line; 0 legal moved"	illegal	record, by reading (no rustc binary on this box)	REFUSED	error [fn main]: cannot borrow 'v' as mutable: 'v' has shared borrows [1 error line(s)] · saved binaries: base47bea7f0=REFUSED · base_baa2a38=REFUSED		fail_fixture
c14a49cd7c1d94a0	2026-09-14b-ptrcoerceland	V02A	snapshot:25aa8421-fce1-4a11-8a89-5d2ba5981c88/land14a_twins.1LQu/V02A_addrof_push_reads_loan_then_dead.logos	b	(b) PROBES.md:43524 NEIGHBOURS "CLOSED here" (return/let/place/decay/tuple/`&mut`->`&`/Vec store) + PROBES.md:43514 "every change is an illegal program refused or a text line; 0 legal moved"	illegal	record, by reading (no rustc binary on this box)	REFUSED	error [fn main]: cannot borrow 'v' as mutable: 'v' has shared borrows [1 error line(s)] · saved binaries: base47bea7f0=REFUSED · base_baa2a38=REFUSED		fail_fixture
dd95aa193dc3f355	2026-09-12n-bcdoor	I2	snapshot:25aa8421-fce1-4a11-8a89-5d2ba5981c88/r0912n/hand/I2.logos	b	(b) PROBES.md:42060 "Five illegal shapes: I2 (fn pointer), I3 (closure), I5 (...) now REFUSE with upstream's sentence" (landing f0e571fe0 edits borrow_check.cpp)	illegal	record, by reading (no rustc binary on this box); the record cites a rustc error code / upstream	REFUSED	error [fn main]: temporary value dropped while borrowed: this reference borrows into a temporary that is dropped at the end of the statement; bind the owning value to a variable first so it outlives t · saved binaries: base47bea7f0=REFUSED · base_baa2a38=REFUSED		fail_fixture
0e87c0fa639e6b44	2026-09-12n-bcdoor	I3	snapshot:25aa8421-fce1-4a11-8a89-5d2ba5981c88/r0912n/hand/I3.logos	b	(b) PROBES.md:42060 "Five illegal shapes: I2 (fn pointer), I3 (closure), I5 (...) now REFUSE with upstream's sentence" (landing f0e571fe0 edits borrow_check.cpp)	illegal	record, by reading (no rustc binary on this box); the record cites a rustc error code / upstream	REFUSED	error [fn main]: temporary value dropped while borrowed: this reference borrows into a temporary that is dropped at the end of the statement; bind the owning value to a variable first so it outlives t · saved binaries: base47bea7f0=REFUSED · base_baa2a38=REFUSED		fail_fixture
54628a276a62c586	2026-09-12n-bcdoor	I5	snapshot:25aa8421-fce1-4a11-8a89-5d2ba5981c88/r0912n/hand/I5.logos	b	(b) PROBES.md:42060 "Five illegal shapes: I2 (fn pointer), I3 (closure), I5 (...) now REFUSE with upstream's sentence" (landing f0e571fe0 edits borrow_check.cpp)	illegal	record, by reading (no rustc binary on this box); the record cites a rustc error code / upstream	REFUSED	error [fn main]: temporary value dropped while borrowed: this reference borrows into a temporary that is dropped at the end of the statement; bind the owning value to a variable first so it outlives t · saved binaries: base47bea7f0=REFUSED · base_baa2a38=REFUSED		fail_fixture
002fa3adc537f4d5	unattributed (mtime window: 2026-09-06-patmut)	t_drop_let	src/compiler/probes/2026-09-06-patmut/hand2/t_drop_let.logos	-	no id of this program is cited by that round's record or its probe-dir files	-	-	RUNS	0 DROP v=1 DROP v=7 -- end	-	unattributed
dff7df54b237e915	unattributed (mtime window: 2026-09-06-patmut)	t_whilelet_moveout_dd	src/compiler/probes/2026-09-06-patmut/hand2/t_whilelet_moveout_dd.logos	-	no id of this program is cited by that round's record or its probe-dir files	-	-	RUNS	0 DROP v=1 ate 1 -- end	-	unattributed
8df127017c9d7b9a	unattributed (mtime window: 2026-09-06-patmut)	t_drop_iflet_mut_noreassign	src/compiler/probes/2026-09-06-patmut/hand2/t_drop_iflet_mut_noreassign.logos	-	no id of this program is cited by that round's record or its probe-dir files	-	-	RUNS	0 DROP v=6 -- end	-	unattributed
b5acbf2bb4c42504	unattributed (mtime window: 2026-09-06-patmut)	t_drop_iflet_temp_mut_reassign	src/compiler/probes/2026-09-06-patmut/hand2/t_drop_iflet_temp_mut_reassign.logos	-	no id of this program is cited by that round's record or its probe-dir files	-	-	RUNS	0 DROP v=1 DROP v=7 -- end	-	unattributed
fd99b7b9cde385d8	unattributed (mtime window: 2026-09-06-patmut)	t_iflet_option_ptrdrop_dd	src/compiler/probes/2026-09-06-patmut/hand2/t_iflet_option_ptrdrop_dd.logos	-	no id of this program is cited by that round's record or its probe-dir files	-	-	RUNS	0	-	unattributed
6d5b7d8b898f6f7e	unattributed (mtime window: 2026-09-06-patmut)	t_letbox	src/compiler/probes/2026-09-06-patmut/hand2/t_letbox.logos	-	no id of this program is cited by that round's record or its probe-dir files	-	-	RUNS	0	-	unattributed
c0c2e1ad7ec2858b	unattributed (mtime window: 2026-09-06-patmut)	t_match_option_dd	src/compiler/probes/2026-09-06-patmut/hand2/t_match_option_dd.logos	-	no id of this program is cited by that round's record or its probe-dir files	-	-	RUNS	0 DROP v=1 ate 1 -- end	-	unattributed
e00c1bc3d375fc77	unattributed (mtime window: 2026-09-06-patmut)	t_iflet_userenum_dd	src/compiler/probes/2026-09-06-patmut/hand2/t_iflet_userenum_dd.logos	-	no id of this program is cited by that round's record or its probe-dir files	-	-	RUNS	0 DROP v=1 ate 1 -- end	-	unattributed
da6c29b4d8295dc2	unattributed (mtime window: 2026-09-06-patmut)	t_drop_whilelet_mut_reassign	src/compiler/probes/2026-09-06-patmut/hand2/t_drop_whilelet_mut_reassign.logos	-	no id of this program is cited by that round's record or its probe-dir files	-	-	RUNS	0 DROP v=1 DROP v=7 -- end	-	unattributed
352d5957e531266d	unattributed (mtime window: 2026-09-06-patmut)	t_println_ctl	src/compiler/probes/2026-09-06-patmut/hand2/t_println_ctl.logos	-	no id of this program is cited by that round's record or its probe-dir files	-	-	RUNS	0 -- end	-	unattributed
bcf058ffc6d824a8	unattributed (mtime window: 2026-09-06-patmut)	t_iflet_box_write	src/compiler/probes/2026-09-06-patmut/hand2/t_iflet_box_write.logos	-	no id of this program is cited by that round's record or its probe-dir files	-	-	RUNS	0	-	unattributed
9c7ee1676132978f	unattributed (mtime window: 2026-09-06-patmut)	t_drop_letpat	src/compiler/probes/2026-09-06-patmut/hand2/t_drop_letpat.logos	-	no id of this program is cited by that round's record or its probe-dir files	-	-	RUNS	0 DROP v=1 DROP v=7 -- end	-	unattributed
27f522c3e7cda43b	unattributed (mtime window: 2026-09-06-patmut)	t_iflet_moveout_dd	src/compiler/probes/2026-09-06-patmut/hand2/t_iflet_moveout_dd.logos	-	no id of this program is cited by that round's record or its probe-dir files	-	-	RUNS	0 DROP v=1 ate 1 -- end	-	unattributed
4f1f2ef9052973c9	unattributed (mtime window: 2026-09-06-patmut)	t_drop_match	src/compiler/probes/2026-09-06-patmut/hand2/t_drop_match.logos	-	no id of this program is cited by that round's record or its probe-dir files	-	-	RUNS	0 DROP v=1 DROP v=7 -- end	-	unattributed
99a4c0e88e4b2003	unattributed (mtime window: 2026-09-06-patmut)	t_box_w7	src/compiler/probes/2026-09-06-patmut/hand2/t_box_w7.logos	-	no id of this program is cited by that round's record or its probe-dir files	-	-	RUNS	0	-	unattributed
27efa27205985d30	unattributed (mtime window: 2026-09-06-patmut)	t_drop_iflet_nomut_ctl	src/compiler/probes/2026-09-06-patmut/hand2/t_drop_iflet_nomut_ctl.logos	-	no id of this program is cited by that round's record or its probe-dir files	-	-	RUNS	0 in v=1 DROP v=1 -- end	-	unattributed
856c75f2e1380eec	unattributed (mtime window: 2026-09-09a-bindmut)	h_for_acc	src/compiler/probes/2026-09-09a-bindmut/hand/h_for_acc.logos	-	no id of this program is cited by that round's record or its probe-dir files	-	-	REFUSED	1 /home/logos/sandbox/hand-harvest-2026-09-14/25aa8421-fce1-4a11-8a89-5d2ba5981c88/lintcanary.5EyV/src/compiler/probes/2026-09-09a-bindmut/hand/h_for_acc.logos:	-	unattributed
e28e8971eadd5a74	unattributed (mtime window: 2026-09-09b-bindmut-landing)	a14x_payload_ref_at_drop_count	src/compiler/probes/2026-09-09b-bindmut-landing/hand/a14x_payload_ref_at_drop_count.logos	-	no id of this program is cited by that round's record or its probe-dir files	-	-	RUNS	0	-	unattributed
4eab9296c9c68a0b	unattributed (mtime window: 2026-09-09d-atland)	n2	src/compiler/probes/2026-09-09d-atland/hand/n2.logos	-	no id of this program is cited by that round's record or its probe-dir files	-	-	RUNS	0	-	unattributed
43a137116753302a	unattributed (mtime window: 2026-09-09d-atland)	n1	src/compiler/probes/2026-09-09d-atland/hand/n1.logos	-	no id of this program is cited by that round's record or its probe-dir files	-	-	RUNS	0	-	unattributed
6a7d3e5b1a69db2a	unattributed (mtime window: 2026-09-09e-ergoref)	cx15_toplevel_ref_under_ref	src/compiler/probes/2026-09-09e-ergoref/hand/cx15_toplevel_ref_under_ref.logos	-	no id of this program is cited by that round's record or its probe-dir files	-	-	RUNS	139	-	unattributed
ef7a8510527f2c31	unattributed (mtime window: 2026-09-07)	aa_constgen	snapshot:25aa8421-fce1-4a11-8a89-5d2ba5981c88/p6/aa_constgen.logos	-	no id of this program is cited by that round's record or its probe-dir files	-	-	REFUSED	1 error [/home/logos/sandbox/hand-harvest-2026-09-14/25aa8421-fce1-4a11-8a89-5d2ba5981c88/p6/aa_constgen.logos]: syntax error near 'struct' at line 3 col 1	-	unattributed
3807d8c34e7c3d3e	unattributed (mtime window: 2026-09-07)	w_refcell_proj	snapshot:25aa8421-fce1-4a11-8a89-5d2ba5981c88/p4/w_refcell_proj.logos	-	no id of this program is cited by that round's record or its probe-dir files	-	-	REFUSED	1 /home/logos/sandbox/hand-harvest-2026-09-14/25aa8421-fce1-4a11-8a89-5d2ba5981c88/p4/w_refcell_proj.logos:6: error [fn main]: field read: struct 'Ref$G1$P$M2a6	-	unattributed
742a3902ea202465	unattributed (mtime window: 2026-09-07)	inv2	snapshot:25aa8421-fce1-4a11-8a89-5d2ba5981c88/p9/inv2.logos	-	no id of this program is cited by that round's record or its probe-dir files	-	-	RUNS	0	-	unattributed
95302cd45d190bcf	unattributed (mtime window: 2026-09-07)	inv1	snapshot:25aa8421-fce1-4a11-8a89-5d2ba5981c88/p9/inv1.logos	-	no id of this program is cited by that round's record or its probe-dir files	-	-	RUNS	0	-	unattributed
749c64979c989553	unattributed (mtime window: 2026-09-07)	hop1	snapshot:25aa8421-fce1-4a11-8a89-5d2ba5981c88/p10/hop1.logos	-	no id of this program is cited by that round's record or its probe-dir files	-	-	REFUSED	1 error [fn main]: temporary value dropped while borrowed: this reference borrows into a temporary that is dropped at the end of the statement; bind the owning 	-	unattributed
4cd867f75401b1b4	unattributed (mtime window: 2026-09-07)	hop2	snapshot:25aa8421-fce1-4a11-8a89-5d2ba5981c88/p10/hop2.logos	-	no id of this program is cited by that round's record or its probe-dir files	-	-	RUNS	3	-	unattributed
0e3194e806ec3beb	unattributed (mtime window: 2026-09-07)	bb2	snapshot:25aa8421-fce1-4a11-8a89-5d2ba5981c88/p7/bb2.logos	-	no id of this program is cited by that round's record or its probe-dir files	-	-	RUNS	0	-	unattributed
bec675c084530076	unattributed (mtime window: 2026-09-07)	bb3	snapshot:25aa8421-fce1-4a11-8a89-5d2ba5981c88/p7/bb3.logos	-	no id of this program is cited by that round's record or its probe-dir files	-	-	RUNS	0	-	unattributed
2a95c408fca769eb	unattributed (mtime window: 2026-09-07)	bb1	snapshot:25aa8421-fce1-4a11-8a89-5d2ba5981c88/p7/bb1.logos	-	no id of this program is cited by that round's record or its probe-dir files	-	-	RUNS	0	-	unattributed
1ab35813310a9ce2	unattributed (mtime window: 2026-09-07)	q_callarg_temp	snapshot:25aa8421-fce1-4a11-8a89-5d2ba5981c88/p2/q_callarg_temp.logos	-	no id of this program is cited by that round's record or its probe-dir files	-	-	REFUSED	1 error [fn main]: temporary value dropped while borrowed: this reference borrows into a temporary that is dropped at the end of the statement; bind the owning 	-	unattributed
b6b7fda35237f49b	unattributed (mtime window: 2026-09-07)	l_proj_wc	snapshot:25aa8421-fce1-4a11-8a89-5d2ba5981c88/p2/l_proj_wc.logos	-	no id of this program is cited by that round's record or its probe-dir files	-	-	REFUSED	1 /home/logos/sandbox/hand-harvest-2026-09-14/25aa8421-fce1-4a11-8a89-5d2ba5981c88/p2/l_proj_wc.logos:7: error [fn with_assoc]: let annotation: type `&'a WithAs	-	unattributed
131d69c61766e304	unattributed (mtime window: 2026-09-07)	o_closure_escape	snapshot:25aa8421-fce1-4a11-8a89-5d2ba5981c88/p2/o_closure_escape.logos	-	no id of this program is cited by that round's record or its probe-dir files	-	-	REFUSED	1 error [fn main]: borrowed data escapes the closure: 'y' is stored into 'x', which outlives the closure call (E0521)	-	unattributed
0567276f1b500991	unattributed (mtime window: 2026-09-07)	m_proj_container	snapshot:25aa8421-fce1-4a11-8a89-5d2ba5981c88/p2/m_proj_container.logos	-	no id of this program is cited by that round's record or its probe-dir files	-	-	REFUSED	3 /home/logos/sandbox/hand-harvest-2026-09-14/25aa8421-fce1-4a11-8a89-5d2ba5981c88/p2/m_proj_container.logos:8: error [fn with_assoc]: let annotation: type `&'a	-	unattributed
abfdede0100afc05	unattributed (mtime window: 2026-09-07)	t_recv_temp	snapshot:25aa8421-fce1-4a11-8a89-5d2ba5981c88/p3/t_recv_temp.logos	-	no id of this program is cited by that round's record or its probe-dir files	-	-	REFUSED	1 error [fn main]: temporary value dropped while borrowed: this reference borrows into a temporary that is dropped at the end of the statement; bind the owning 	-	unattributed
bbe719b5c2c79a67	unattributed (mtime window: 2026-09-07)	u_refcell	snapshot:25aa8421-fce1-4a11-8a89-5d2ba5981c88/p3/u_refcell.logos	-	no id of this program is cited by that round's record or its probe-dir files	-	-	REFUSED	1 /home/logos/sandbox/hand-harvest-2026-09-14/25aa8421-fce1-4a11-8a89-5d2ba5981c88/p3/u_refcell.logos:5: error [fn main]: let 'val': type mismatch — expected &i	-	unattributed
0596b97548e29bf1	unattributed (mtime window: 2026-09-07)	s_methodarg_temp	snapshot:25aa8421-fce1-4a11-8a89-5d2ba5981c88/p3/s_methodarg_temp.logos	-	no id of this program is cited by that round's record or its probe-dir files	-	-	RUNS	1	-	unattributed
e6ece544ddf94f46	unattributed (mtime window: 2026-09-07)	b_turbofish_lt	snapshot:25aa8421-fce1-4a11-8a89-5d2ba5981c88/p/b_turbofish_lt.logos	-	no id of this program is cited by that round's record or its probe-dir files	-	-	REFUSED	1 /home/logos/sandbox/hand-harvest-2026-09-14/25aa8421-fce1-4a11-8a89-5d2ba5981c88/p/b_turbofish_lt.logos:5: error [fn main]: unexpected type node code 131	-	unattributed
117f348e4bd67ea7	unattributed (mtime window: 2026-09-07)	d_string_move_out_ref	snapshot:25aa8421-fce1-4a11-8a89-5d2ba5981c88/p/d_string_move_out_ref.logos	-	no id of this program is cited by that round's record or its probe-dir files	-	-	REFUSED	1 /home/logos/sandbox/hand-harvest-2026-09-14/25aa8421-fce1-4a11-8a89-5d2ba5981c88/p/d_string_move_out_ref.logos:7: error [fn main]: cannot move out of a value 	-	unattributed
20c79a077e9f7108	unattributed (mtime window: 2026-09-07)	e_assoc_unconstrained	snapshot:25aa8421-fce1-4a11-8a89-5d2ba5981c88/p/e_assoc_unconstrained.logos	-	no id of this program is cited by that round's record or its probe-dir files	-	-	REFUSED	1 /home/logos/sandbox/hand-harvest-2026-09-14/25aa8421-fce1-4a11-8a89-5d2ba5981c88/p/e_assoc_unconstrained.logos:5: error [impl Tr for $ref_S]: the lifetime par	-	unattributed
0e1f3ef6a345f0e5	unattributed (mtime window: 2026-09-07)	c_loop_init	snapshot:25aa8421-fce1-4a11-8a89-5d2ba5981c88/p/c_loop_init.logos	-	no id of this program is cited by that round's record or its probe-dir files	-	-	REFUSED	1 /home/logos/sandbox/hand-harvest-2026-09-14/25aa8421-fce1-4a11-8a89-5d2ba5981c88/p/c_loop_init.logos:4: error [fn g]: let annotation: type `&'a W<'b>` is not 	-	unattributed
b56d4fdd8abb7ea4	unattributed (mtime window: 2026-09-07z)	g2_ptr_control	snapshot:25aa8421-fce1-4a11-8a89-5d2ba5981c88/dropshapes/g2_ptr_control.logos	-	no id of this program is cited by that round's record or its probe-dir files	-	-	REFUSED	1 error [fn main]: cannot move out of 's.f': type 'S' implements the Drop trait, so its destructor must see the whole value (E0509). Wrap the field in ManuallyD	-	unattributed
0dd93db639094ad2	unattributed (mtime window: 2026-09-07z)	s8_matchpat_wild	snapshot:25aa8421-fce1-4a11-8a89-5d2ba5981c88/dropshapes/s8_matchpat_wild.logos	-	no id of this program is cited by that round's record or its probe-dir files	-	-	REFUSED	1 error [fn go]: cannot move out of 'S' into pattern binding 'inner': type 'S' implements the Drop trait, so its destructor must see the whole value (E0509). Bi	-	unattributed
f7a4324f788a8fa6	unattributed (mtime window: 2026-09-07z)	d1_struct_rest	snapshot:25aa8421-fce1-4a11-8a89-5d2ba5981c88/dropshapes/d1_struct_rest.logos	-	no id of this program is cited by that round's record or its probe-dir files	-	-	RUNS	11	-	unattributed
d51753fe30d5c52b	unattributed (mtime window: 2026-09-07z)	s2_letpat	snapshot:25aa8421-fce1-4a11-8a89-5d2ba5981c88/dropshapes/s2_letpat.logos	-	no id of this program is cited by that round's record or its probe-dir files	-	-	REFUSED	1 error [fn go]: cannot move out of field 'f' of the destructured value: type 'S' implements the Drop trait, so its destructor must see the whole value (E0509).	-	unattributed
545f098b568816d0	unattributed (mtime window: 2026-09-07z)	s4_matchpat	snapshot:25aa8421-fce1-4a11-8a89-5d2ba5981c88/dropshapes/s4_matchpat.logos	-	no id of this program is cited by that round's record or its probe-dir files	-	-	REFUSED	1 error [fn go]: cannot move out of 'S' into pattern binding 'inner': type 'S' implements the Drop trait, so its destructor must see the whole value (E0509). Bi	-	unattributed
fb3052c3569ca486	unattributed (mtime window: 2026-09-07z)	f1_wild_nodrop	snapshot:25aa8421-fce1-4a11-8a89-5d2ba5981c88/dropshapes/f1_wild_nodrop.logos	-	no id of this program is cited by that round's record or its probe-dir files	-	-	RUNS	110	-	unattributed
cb6bf99a5a47cbe0	unattributed (mtime window: 2026-09-07z)	g1_ptr_channel	snapshot:25aa8421-fce1-4a11-8a89-5d2ba5981c88/dropshapes/g1_ptr_channel.logos	-	no id of this program is cited by that round's record or its probe-dir files	-	-	REFUSED	1 error [fn main]: cannot move out of field 'f' of the destructured value: type 'S' implements the Drop trait, so its destructor must see the whole value (E0509	-	unattributed
6be6a214c473b25a	unattributed (mtime window: 2026-09-07z)	d7_control_scope	snapshot:25aa8421-fce1-4a11-8a89-5d2ba5981c88/dropshapes/d7_control_scope.logos	-	no id of this program is cited by that round's record or its probe-dir files	-	-	RUNS	11	-	unattributed
b647534e16639d73	unattributed (mtime window: 2026-09-07z)	s3_fru	snapshot:25aa8421-fce1-4a11-8a89-5d2ba5981c88/dropshapes/s3_fru.logos	-	no id of this program is cited by that round's record or its probe-dir files	-	-	REFUSED	1 error [fn go]: cannot move out of 's0.b': type 'T' implements the Drop trait, so its destructor must see the whole value (E0509). Wrap the field in ManuallyDr	-	unattributed
78c078173cd99a44	unattributed (mtime window: 2026-09-07z)	e3_enum_drop	snapshot:25aa8421-fce1-4a11-8a89-5d2ba5981c88/dropshapes/e3_enum_drop.logos	-	no id of this program is cited by that round's record or its probe-dir files	-	-	REFUSED	1 error [fn go]: cannot move out of 'E' into pattern binding 'x': type 'E' implements the Drop trait, so its destructor must see the whole value (E0509). Bind b	-	unattributed
19e4b7f235b38660	unattributed (mtime window: 2026-09-07z)	e5_enum_bound	snapshot:25aa8421-fce1-4a11-8a89-5d2ba5981c88/dropshapes/e5_enum_bound.logos	-	no id of this program is cited by that round's record or its probe-dir files	-	-	RUNS	110	-	unattributed
f2127e2e4db06a34	unattributed (mtime window: 2026-09-07z)	s1_dotted	snapshot:25aa8421-fce1-4a11-8a89-5d2ba5981c88/dropshapes/s1_dotted.logos	-	no id of this program is cited by that round's record or its probe-dir files	-	-	REFUSED	1 error [fn go]: cannot move out of 's.f': type 'S' implements the Drop trait, so its destructor must see the whole value (E0509). Wrap the field in ManuallyDro	-	unattributed
48b49479fd32e888	unattributed (mtime window: 2026-09-07z)	d2_tuplestruct	snapshot:25aa8421-fce1-4a11-8a89-5d2ba5981c88/dropshapes/d2_tuplestruct.logos	-	no id of this program is cited by that round's record or its probe-dir files	-	-	RUNS	11	-	unattributed
b16ad66f025c0800	unattributed (mtime window: 2026-09-07z)	d3_tuple	snapshot:25aa8421-fce1-4a11-8a89-5d2ba5981c88/dropshapes/d3_tuple.logos	-	no id of this program is cited by that round's record or its probe-dir files	-	-	RUNS	11	-	unattributed
1a61299e639a1a9a	unattributed (mtime window: 2026-09-07z)	f2_rest_nodrop	snapshot:25aa8421-fce1-4a11-8a89-5d2ba5981c88/dropshapes/f2_rest_nodrop.logos	-	no id of this program is cited by that round's record or its probe-dir files	-	-	RUNS	110	-	unattributed
c40711a9ef02bae8	unattributed (mtime window: 2026-09-07z)	e2_tuplestruct_drop	snapshot:25aa8421-fce1-4a11-8a89-5d2ba5981c88/dropshapes/e2_tuplestruct_drop.logos	-	no id of this program is cited by that round's record or its probe-dir files	-	-	REFUSED	1 error [fn go]: cannot move out of field '0' of the destructured value: type 'S' implements the Drop trait, so its destructor must see the whole value (E0509).	-	unattributed
6e102a24a5d5f94b	unattributed (mtime window: 2026-09-07z)	e1_rest_drop	snapshot:25aa8421-fce1-4a11-8a89-5d2ba5981c88/dropshapes/e1_rest_drop.logos	-	no id of this program is cited by that round's record or its probe-dir files	-	-	REFUSED	1 error [fn go]: cannot move out of field 'f' of the destructured value: type 'S' implements the Drop trait, so its destructor must see the whole value (E0509).	-	unattributed
98d00774f98f5dba	unattributed (mtime window: 2026-09-07z)	d5_nested	snapshot:25aa8421-fce1-4a11-8a89-5d2ba5981c88/dropshapes/d5_nested.logos	-	no id of this program is cited by that round's record or its probe-dir files	-	-	RUNS	11	-	unattributed
86d987104007a1eb	unattributed (mtime window: 2026-09-07z)	e4_enum_nodrop	snapshot:25aa8421-fce1-4a11-8a89-5d2ba5981c88/dropshapes/e4_enum_nodrop.logos	-	no id of this program is cited by that round's record or its probe-dir files	-	-	RUNS	100	-	unattributed
375a38b9459e8685	unattributed (mtime window: 2026-09-07z)	s5_dotted_2f	snapshot:25aa8421-fce1-4a11-8a89-5d2ba5981c88/dropshapes/s5_dotted_2f.logos	-	no id of this program is cited by that round's record or its probe-dir files	-	-	REFUSED	1 error [fn go]: cannot move out of 's.f': type 'S' implements the Drop trait, so its destructor must see the whole value (E0509). Wrap the field in ManuallyDro	-	unattributed
53beb7d7865bac6a	unattributed (mtime window: 2026-09-07z)	f4_fru_nodrop	snapshot:25aa8421-fce1-4a11-8a89-5d2ba5981c88/dropshapes/f4_fru_nodrop.logos	-	no id of this program is cited by that round's record or its probe-dir files	-	-	RUNS	210	-	unattributed
01922da99e05e467	unattributed (mtime window: 2026-09-07z)	s7_letpat_wild	snapshot:25aa8421-fce1-4a11-8a89-5d2ba5981c88/dropshapes/s7_letpat_wild.logos	-	no id of this program is cited by that round's record or its probe-dir files	-	-	REFUSED	1 error [fn go]: cannot move out of field 'f' of the destructured value: type 'S' implements the Drop trait, so its destructor must see the whole value (E0509).	-	unattributed
1b4bae79ed3e0afb	unattributed (mtime window: 2026-09-07z)	f3_fru_drop	snapshot:25aa8421-fce1-4a11-8a89-5d2ba5981c88/dropshapes/f3_fru_drop.logos	-	no id of this program is cited by that round's record or its probe-dir files	-	-	REFUSED	1 error [fn go]: cannot move out of 's0.k': type 'T' implements the Drop trait, so its destructor must see the whole value (E0509). Wrap the field in ManuallyDr	-	unattributed
64f3733c8471ff66	unattributed (mtime window: 2026-09-07z)	d6_control_bound	snapshot:25aa8421-fce1-4a11-8a89-5d2ba5981c88/dropshapes/d6_control_bound.logos	-	no id of this program is cited by that round's record or its probe-dir files	-	-	RUNS	11	-	unattributed
8afa14a061db90fb	unattributed (mtime window: 2026-09-07z)	d4_enum	snapshot:25aa8421-fce1-4a11-8a89-5d2ba5981c88/dropshapes/d4_enum.logos	-	no id of this program is cited by that round's record or its probe-dir files	-	-	RUNS	10	-	unattributed
b56c44cc5e8d1936	unattributed (mtime window: 2026-09-07z)	e6_bound_drop	snapshot:25aa8421-fce1-4a11-8a89-5d2ba5981c88/dropshapes/e6_bound_drop.logos	-	no id of this program is cited by that round's record or its probe-dir files	-	-	REFUSED	2 error [fn go]: cannot move out of field 'f' of the destructured value: type 'S' implements the Drop trait, so its destructor must see the whole value (E0509).	-	unattributed
e3b8ccec73e362ec	unattributed (mtime window: 2026-09-07z)	s6_letpat_2f	snapshot:25aa8421-fce1-4a11-8a89-5d2ba5981c88/dropshapes/s6_letpat_2f.logos	-	no id of this program is cited by that round's record or its probe-dir files	-	-	REFUSED	2 error [fn go]: cannot move out of field 'f' of the destructured value: type 'S' implements the Drop trait, so its destructor must see the whole value (E0509).	-	unattributed
30643d3e9ec12368	unattributed (mtime window: 2026-09-07b)	h1	snapshot:25aa8421-fce1-4a11-8a89-5d2ba5981c88/sig/h1.logos	-	no id of this program is cited by that round's record or its probe-dir files	-	-	RUNS	0	-	unattributed
8435fb88cb005331	unattributed (mtime window: 2026-09-07b)	d2_ref_target	snapshot:25aa8421-fce1-4a11-8a89-5d2ba5981c88/sig/d2_ref_target.logos	-	no id of this program is cited by that round's record or its probe-dir files	-	-	RUNS	0	-	unattributed
2c87a1b2780421b5	unattributed (mtime window: 2026-09-07b)	d1_mutref_target	snapshot:25aa8421-fce1-4a11-8a89-5d2ba5981c88/sig/d1_mutref_target.logos	-	no id of this program is cited by that round's record or its probe-dir files	-	-	RUNS	0	-	unattributed
d4c2e325f3f6252a	unattributed (mtime window: 2026-09-07b)	s_plain_elided	snapshot:25aa8421-fce1-4a11-8a89-5d2ba5981c88/sig/s_plain_elided.logos	-	no id of this program is cited by that round's record or its probe-dir files	-	-	RUNS	0	-	unattributed
8be81f99d7b9b60b	unattributed (mtime window: 2026-09-07b)	c5_default_overridden	snapshot:25aa8421-fce1-4a11-8a89-5d2ba5981c88/sig/ce/c5_default_overridden.logos	-	no id of this program is cited by that round's record or its probe-dir files	-	-	RUNS	0	-	unattributed
192571492cc52693	unattributed (mtime window: 2026-09-07b)	c6_generic_trait_param	snapshot:25aa8421-fce1-4a11-8a89-5d2ba5981c88/sig/ce/c6_generic_trait_param.logos	-	no id of this program is cited by that round's record or its probe-dir files	-	-	RUNS	0	-	unattributed
9b9841d3482fb4a6	unattributed (mtime window: 2026-09-07b)	c7_mut_receiver_lifetime_struct	snapshot:25aa8421-fce1-4a11-8a89-5d2ba5981c88/sig/ce/c7_mut_receiver_lifetime_struct.logos	-	no id of this program is cited by that round's record or its probe-dir files	-	-	RUNS	0	-	unattributed
9bad662985be68d9	unattributed (mtime window: 2026-09-07b)	c3_alpha_rename	snapshot:25aa8421-fce1-4a11-8a89-5d2ba5981c88/sig/ce/c3_alpha_rename.logos	-	no id of this program is cited by that round's record or its probe-dir files	-	-	RUNS	0	-	unattributed
f171b7ce1c7f7eb5	unattributed (mtime window: 2026-09-07b)	c8_static_bound	snapshot:25aa8421-fce1-4a11-8a89-5d2ba5981c88/sig/ce/c8_static_bound.logos	-	no id of this program is cited by that round's record or its probe-dir files	-	-	RUNS	0	-	unattributed
a35ea0f7e79b56f2	unattributed (mtime window: 2026-09-07b)	c2_elided_both_sides	snapshot:25aa8421-fce1-4a11-8a89-5d2ba5981c88/sig/ce/c2_elided_both_sides.logos	-	no id of this program is cited by that round's record or its probe-dir files	-	-	RUNS	0	-	unattributed
0e286be8b8e160be	unattributed (mtime window: 2026-09-07b)	c9_slice_param	snapshot:25aa8421-fce1-4a11-8a89-5d2ba5981c88/sig/ce/c9_slice_param.logos	-	no id of this program is cited by that round's record or its probe-dir files	-	-	RUNS	0	-	unattributed
a18906c230cea2d6	unattributed (mtime window: 2026-09-07b)	c10_two_lifetimes_named	snapshot:25aa8421-fce1-4a11-8a89-5d2ba5981c88/sig/ce/c10_two_lifetimes_named.logos	-	no id of this program is cited by that round's record or its probe-dir files	-	-	RUNS	0	-	unattributed
727f41e05f72f258	unattributed (mtime window: 2026-09-07b)	c1_no_lifetimes	snapshot:25aa8421-fce1-4a11-8a89-5d2ba5981c88/sig/ce/c1_no_lifetimes.logos	-	no id of this program is cited by that round's record or its probe-dir files	-	-	RUNS	0	-	unattributed
f66708b904babd6f	unattributed (mtime window: 2026-09-07b)	c4_assoc_type	snapshot:25aa8421-fce1-4a11-8a89-5d2ba5981c88/sig/ce/c4_assoc_type.logos	-	no id of this program is cited by that round's record or its probe-dir files	-	-	RUNS	0	-	unattributed
5309cc258c8fc975	unattributed (mtime window: 2026-09-07b)	a2	snapshot:25aa8421-fce1-4a11-8a89-5d2ba5981c88/report/a2.logos	-	no id of this program is cited by that round's record or its probe-dir files	-	-	REFUSED	1 error [fn U__foo]: impl Foo for U: missing method 'foo'	-	unattributed
b52cc080c6561807	unattributed (mtime window: 2026-09-07b)	r13	snapshot:25aa8421-fce1-4a11-8a89-5d2ba5981c88/report/r13.logos	-	no id of this program is cited by that round's record or its probe-dir files	-	-	REFUSED	1 error [fn RepeatMut__next]: impl Iterator for RepeatMut: method 'next' does not match the trait declaration: the receiver is declared '&mut RepeatMut<'a, T>' 	-	unattributed
86bf2193fcefab07	unattributed (mtime window: 2026-09-07b)	h1	snapshot:25aa8421-fce1-4a11-8a89-5d2ba5981c88/report/h1.logos	-	no id of this program is cited by that round's record or its probe-dir files	-	-	REFUSED	1 error [fn main]: cannot borrow 'y' as mutable: already mutably borrowed	-	unattributed
2d7e91a4c7c493d5	unattributed (mtime window: 2026-09-07b)	a1	snapshot:25aa8421-fce1-4a11-8a89-5d2ba5981c88/report/a1.logos	-	no id of this program is cited by that round's record or its probe-dir files	-	-	REFUSED	1 error [fn U__foo]: impl Foo for U: method 'foo' does not match the trait declaration: the return type is declared 'i64' and the impl declares 'u64'	-	unattributed
5d96a8612ed32b3b	unattributed (mtime window: 2026-09-07b)	c03	snapshot:25aa8421-fce1-4a11-8a89-5d2ba5981c88/report/c03.logos	-	no id of this program is cited by that round's record or its probe-dir files	-	-	RUNS	0	-	unattributed
6c7eabd5195c5238	unattributed (mtime window: 2026-09-07b)	g3	snapshot:25aa8421-fce1-4a11-8a89-5d2ba5981c88/report/g3.logos	-	no id of this program is cited by that round's record or its probe-dir files	-	-	REFUSED	1 error [fn main]: use of moved value 'a' (moved on line 6)	-	unattributed
82ce872d25fafc68	unattributed (mtime window: 2026-09-07b)	r02	snapshot:25aa8421-fce1-4a11-8a89-5d2ba5981c88/report/r02.logos	-	no id of this program is cited by that round's record or its probe-dir files	-	-	REFUSED	1 /home/logos/sandbox/hand-harvest-2026-09-14/25aa8421-fce1-4a11-8a89-5d2ba5981c88/report/r02.logos:4: error [fn bar]: closure does not implement `Fn`: its body	-	unattributed
3864d1ed76704dd3	unattributed (mtime window: 2026-09-07b)	r04c	snapshot:25aa8421-fce1-4a11-8a89-5d2ba5981c88/report/r04c.logos	-	no id of this program is cited by that round's record or its probe-dir files	-	-	REFUSED	1 error [fn box_imm]: cannot move 'v' while it is borrowed	-	unattributed
ced73de894fec3d4	unattributed (mtime window: 2026-09-07b)	f1	snapshot:25aa8421-fce1-4a11-8a89-5d2ba5981c88/report/f1.logos	-	no id of this program is cited by that round's record or its probe-dir files	-	-	REFUSED	1 error [fn main]: cannot move 'v' while it is borrowed	-	unattributed
e949c37cbbe517de	unattributed (mtime window: 2026-09-07b)	d1	snapshot:25aa8421-fce1-4a11-8a89-5d2ba5981c88/report/d1.logos	-	no id of this program is cited by that round's record or its probe-dir files	-	-	REFUSED	1 error [fn main]: cannot assign to 'g' because it is borrowed	-	unattributed
244eec3556483bbf	unattributed (mtime window: 2026-09-07b)	c3a	snapshot:25aa8421-fce1-4a11-8a89-5d2ba5981c88/report/c3a.logos	-	no id of this program is cited by that round's record or its probe-dir files	-	-	REFUSED	1 /home/logos/sandbox/hand-harvest-2026-09-14/25aa8421-fce1-4a11-8a89-5d2ba5981c88/report/c3a.logos:9: error [fn main]: use of moved value 'c': the callable was	-	unattributed
f7511273101a889e	unattributed (mtime window: 2026-09-07b)	p_nested2	snapshot:25aa8421-fce1-4a11-8a89-5d2ba5981c88/report/p_nested2.logos	-	no id of this program is cited by that round's record or its probe-dir files	-	-	RUNS	0	-	unattributed
3eb1fd7acebf1e69	unattributed (mtime window: 2026-09-07b)	e2	snapshot:25aa8421-fce1-4a11-8a89-5d2ba5981c88/report/e2.logos	-	no id of this program is cited by that round's record or its probe-dir files	-	-	REFUSED	1 error [fn main]: use of moved value 'bar' (moved on line 9)	-	unattributed
44c95746bab753bf	unattributed (mtime window: 2026-09-07b)	c2a	snapshot:25aa8421-fce1-4a11-8a89-5d2ba5981c88/report/c2a.logos	-	no id of this program is cited by that round's record or its probe-dir files	-	-	REFUSED	1 /home/logos/sandbox/hand-harvest-2026-09-14/25aa8421-fce1-4a11-8a89-5d2ba5981c88/report/c2a.logos:5: error [fn f]: coercion to `dyn Fn` requires `|| -> i64: '	-	unattributed
2d926a1cca20b065	unattributed (mtime window: 2026-09-07b)	r07	snapshot:25aa8421-fce1-4a11-8a89-5d2ba5981c88/report/r07.logos	-	no id of this program is cited by that round's record or its probe-dir files	-	-	RUNS	0	-	unattributed
3a40e13140b686ca	unattributed (mtime window: 2026-09-07b)	r21	snapshot:25aa8421-fce1-4a11-8a89-5d2ba5981c88/report/r21.logos	-	no id of this program is cited by that round's record or its probe-dir files	-	-	RUNS	0	-	unattributed
b18e5ff4c6ac0a22	unattributed (mtime window: 2026-09-07b)	r11	snapshot:25aa8421-fce1-4a11-8a89-5d2ba5981c88/report/r11.logos	-	no id of this program is cited by that round's record or its probe-dir files	-	-	REFUSED	1 /home/logos/sandbox/hand-harvest-2026-09-14/25aa8421-fce1-4a11-8a89-5d2ba5981c88/report/r11.logos:6: error [fn foo]: call to 'consume': type argument '|| -> &	-	unattributed
9bea32c355e11bd3	unattributed (mtime window: 2026-09-07b)	c11b	snapshot:25aa8421-fce1-4a11-8a89-5d2ba5981c88/report/c11b.logos	-	no id of this program is cited by that round's record or its probe-dir files	-	-	RUNS	0	-	unattributed
f60cb3e753e15d01	unattributed (mtime window: 2026-09-07b)	r08	snapshot:25aa8421-fce1-4a11-8a89-5d2ba5981c88/report/r08.logos	-	no id of this program is cited by that round's record or its probe-dir files	-	-	REFUSED	1 error [fn main]: cannot assign to 'greeting' because it is borrowed	-	unattributed
02f01eb896e80939	unattributed (mtime window: 2026-09-07b)	e3	snapshot:25aa8421-fce1-4a11-8a89-5d2ba5981c88/report/e3.logos	-	no id of this program is cited by that round's record or its probe-dir files	-	-	REFUSED	1 error [fn main]: use of moved value 'bar' (moved on line 6)	-	unattributed
2cec3a3d1bb549bf	unattributed (mtime window: 2026-09-07b)	r16	snapshot:25aa8421-fce1-4a11-8a89-5d2ba5981c88/report/r16.logos	-	no id of this program is cited by that round's record or its probe-dir files	-	-	RUNS	124	-	unattributed
7a154940b08c1879	unattributed (mtime window: 2026-09-07b)	r05	snapshot:25aa8421-fce1-4a11-8a89-5d2ba5981c88/report/r05.logos	-	no id of this program is cited by that round's record or its probe-dir files	-	-	RUNS	0	-	unattributed
fd342d451e6a699d	unattributed (mtime window: 2026-09-07b)	r22	snapshot:25aa8421-fce1-4a11-8a89-5d2ba5981c88/report/r22.logos	-	no id of this program is cited by that round's record or its probe-dir files	-	-	RUNS	0	-	unattributed
011db6cc32f5831c	unattributed (mtime window: 2026-09-07b)	g2	snapshot:25aa8421-fce1-4a11-8a89-5d2ba5981c88/report/g2.logos	-	no id of this program is cited by that round's record or its probe-dir files	-	-	REFUSED	1 error [fn main]: use of moved value 'a' (moved on line 6)	-	unattributed
9c658fbca38dee8f	unattributed (mtime window: 2026-09-07b)	d2	snapshot:25aa8421-fce1-4a11-8a89-5d2ba5981c88/report/d2.logos	-	no id of this program is cited by that round's record or its probe-dir files	-	-	REFUSED	1 error [fn main]: cannot assign to 'g' because it is borrowed	-	unattributed
69592c4c4289ff87	unattributed (mtime window: 2026-09-07b)	c11	snapshot:25aa8421-fce1-4a11-8a89-5d2ba5981c88/report/c11.logos	-	no id of this program is cited by that round's record or its probe-dir files	-	-	RUNS	0	-	unattributed
c6a1d930dec55b56	unattributed (mtime window: 2026-09-07b)	c2b	snapshot:25aa8421-fce1-4a11-8a89-5d2ba5981c88/report/c2b.logos	-	no id of this program is cited by that round's record or its probe-dir files	-	-	RUNS	0	-	unattributed
a341a97368857ee9	unattributed (mtime window: 2026-09-07b)	b3	snapshot:25aa8421-fce1-4a11-8a89-5d2ba5981c88/report/b3.logos	-	no id of this program is cited by that round's record or its probe-dir files	-	-	REFUSED	1 error [fn main]: cannot assign to 'g' because it is borrowed	-	unattributed
ac7997e53d960715	unattributed (mtime window: 2026-09-07b)	e1	snapshot:25aa8421-fce1-4a11-8a89-5d2ba5981c88/report/e1.logos	-	no id of this program is cited by that round's record or its probe-dir files	-	-	RUNS	0	-	unattributed
075b3f4909296288	unattributed (mtime window: 2026-09-07b)	r15	snapshot:25aa8421-fce1-4a11-8a89-5d2ba5981c88/report/r15.logos	-	no id of this program is cited by that round's record or its probe-dir files	-	-	REFUSED	1 error [fn Foo__bar]: impl Bar for Foo: method 'bar' does not match the trait declaration: parameter 1 is declared '&mut Re' and the impl declares '&'b mut Re<	-	unattributed
562414e16b067e41	unattributed (mtime window: 2026-09-07b)	p_qpath	snapshot:25aa8421-fce1-4a11-8a89-5d2ba5981c88/report/p_qpath.logos	-	no id of this program is cited by that round's record or its probe-dir files	-	-	RUNS	0	-	unattributed
2561fa16fe4f1b46	unattributed (mtime window: 2026-09-07b)	b1	snapshot:25aa8421-fce1-4a11-8a89-5d2ba5981c88/report/b1.logos	-	no id of this program is cited by that round's record or its probe-dir files	-	-	REFUSED	1 error [fn main]: cannot move 'v' while it is borrowed	-	unattributed
5540d29fff3316cb	unattributed (mtime window: 2026-09-07b)	r10	snapshot:25aa8421-fce1-4a11-8a89-5d2ba5981c88/report/r10.logos	-	no id of this program is cited by that round's record or its probe-dir files	-	-	RUNS	0	-	unattributed
508548b639ac9455	unattributed (mtime window: 2026-09-07b)	r06b	snapshot:25aa8421-fce1-4a11-8a89-5d2ba5981c88/report/r06b.logos	-	no id of this program is cited by that round's record or its probe-dir files	-	-	RUNS	0	-	unattributed
3eb7c2ba0b867bb6	unattributed (mtime window: 2026-09-07b)	f3	snapshot:25aa8421-fce1-4a11-8a89-5d2ba5981c88/report/f3.logos	-	no id of this program is cited by that round's record or its probe-dir files	-	-	REFUSED	1 error [fn main]: use of moved value 'a' (moved on line 8)	-	unattributed
2b2b07e0926b0892	unattributed (mtime window: 2026-09-07b)	p_eqbound	snapshot:25aa8421-fce1-4a11-8a89-5d2ba5981c88/report/p_eqbound.logos	-	no id of this program is cited by that round's record or its probe-dir files	-	-	RUNS	0	-	unattributed
6b01077d07c6d468	unattributed (mtime window: 2026-09-07b)	b4	snapshot:25aa8421-fce1-4a11-8a89-5d2ba5981c88/report/b4.logos	-	no id of this program is cited by that round's record or its probe-dir files	-	-	REFUSED	1 error [fn main]: cannot move 'v' while it is borrowed	-	unattributed
3b5be47c069fd308	unattributed (mtime window: 2026-09-07b)	r24	snapshot:25aa8421-fce1-4a11-8a89-5d2ba5981c88/report/r24.logos	-	no id of this program is cited by that round's record or its probe-dir files	-	-	REFUSED	1 error [fn Subject__key_set]: impl MapAssertion for Subject: method 'key_set' does not match the trait declaration: the return type is declared 'Subject<Keys<K	-	unattributed
2a8f829f4a3001c1	unattributed (mtime window: 2026-09-07b)	r14	snapshot:25aa8421-fce1-4a11-8a89-5d2ba5981c88/report/r14.logos	-	no id of this program is cited by that round's record or its probe-dir files	-	-	REFUSED	1 error [fn U__foo]: impl Foo for U: method 'foo' does not match the trait declaration: parameter 1 is declared '&'a i64' and the impl declares '&'a i64'	-	unattributed
505d1a8c83ddb633	unattributed (mtime window: 2026-09-07b)	c03b	snapshot:25aa8421-fce1-4a11-8a89-5d2ba5981c88/report/c03b.logos	-	no id of this program is cited by that round's record or its probe-dir files	-	-	RUNS	0	-	unattributed
54cb93df15817c33	unattributed (mtime window: 2026-09-07b)	r12b	snapshot:25aa8421-fce1-4a11-8a89-5d2ba5981c88/report/r12b.logos	-	no id of this program is cited by that round's record or its probe-dir files	-	-	RUNS	0	-	unattributed
4fefa73c8a25c161	unattributed (mtime window: 2026-09-07b)	p_qpath2	snapshot:25aa8421-fce1-4a11-8a89-5d2ba5981c88/report/p_qpath2.logos	-	no id of this program is cited by that round's record or its probe-dir files	-	-	RUNS	0	-	unattributed
c6e89ba1c918d3e8	unattributed (mtime window: 2026-09-07b)	r09c	snapshot:25aa8421-fce1-4a11-8a89-5d2ba5981c88/report/r09c.logos	-	no id of this program is cited by that round's record or its probe-dir files	-	-	RUNS	0	-	unattributed
9d810a84b3c887d3	unattributed (mtime window: 2026-09-07b)	f2	snapshot:25aa8421-fce1-4a11-8a89-5d2ba5981c88/report/f2.logos	-	no id of this program is cited by that round's record or its probe-dir files	-	-	RUNS	0	-	unattributed
0a2fa2889b23e785	unattributed (mtime window: 2026-09-07b)	d3	snapshot:25aa8421-fce1-4a11-8a89-5d2ba5981c88/report/d3.logos	-	no id of this program is cited by that round's record or its probe-dir files	-	-	REFUSED	1 error [fn main]: use of moved value 'bar' (moved on line 8)	-	unattributed
fa034f67a10e4a6b	unattributed (mtime window: 2026-09-07b)	r17	snapshot:25aa8421-fce1-4a11-8a89-5d2ba5981c88/report/r17.logos	-	no id of this program is cited by that round's record or its probe-dir files	-	-	REFUSED	1 error [fn f]: captured variable 'x' cannot escape `FnMut` closure body: a mutable reborrow of a capture is bounded by the closure call	-	unattributed
2475d3de67b9dbf1	unattributed (mtime window: 2026-09-07b)	r04b	snapshot:25aa8421-fce1-4a11-8a89-5d2ba5981c88/report/r04b.logos	-	no id of this program is cited by that round's record or its probe-dir files	-	-	RUNS	0	-	unattributed
abe9f4abd304d8a5	unattributed (mtime window: 2026-09-07b)	r19	snapshot:25aa8421-fce1-4a11-8a89-5d2ba5981c88/report/r19.logos	-	no id of this program is cited by that round's record or its probe-dir files	-	-	RUNS	0	-	unattributed
79b4271ad3c4c879	unattributed (mtime window: 2026-09-07b)	r09b	snapshot:25aa8421-fce1-4a11-8a89-5d2ba5981c88/report/r09b.logos	-	no id of this program is cited by that round's record or its probe-dir files	-	-	RUNS	0	-	unattributed
3a58640041b38734	unattributed (mtime window: 2026-09-07b)	r12	snapshot:25aa8421-fce1-4a11-8a89-5d2ba5981c88/report/r12.logos	-	no id of this program is cited by that round's record or its probe-dir files	-	-	REFUSED	1 error [/home/logos/sandbox/hand-harvest-2026-09-14/25aa8421-fce1-4a11-8a89-5d2ba5981c88/report/r12.logos]: syntax error near 'struct' at line 4 col 1	-	unattributed
c9364e5a857f261b	unattributed (mtime window: 2026-09-07b)	a3	snapshot:25aa8421-fce1-4a11-8a89-5d2ba5981c88/report/a3.logos	-	no id of this program is cited by that round's record or its probe-dir files	-	-	RUNS	0	-	unattributed
095e54d62f199839	unattributed (mtime window: 2026-09-07b)	p_nested	snapshot:25aa8421-fce1-4a11-8a89-5d2ba5981c88/report/p_nested.logos	-	no id of this program is cited by that round's record or its probe-dir files	-	-	REFUSED	1 error [/home/logos/sandbox/hand-harvest-2026-09-14/25aa8421-fce1-4a11-8a89-5d2ba5981c88/report/p_nested.logos]: syntax error near 'struct' at line 4 col 1	-	unattributed
dc1350b9e909b013	unattributed (mtime window: 2026-09-07b)	r09	snapshot:25aa8421-fce1-4a11-8a89-5d2ba5981c88/report/r09.logos	-	no id of this program is cited by that round's record or its probe-dir files	-	-	REFUSED	1 error [/home/logos/sandbox/hand-harvest-2026-09-14/25aa8421-fce1-4a11-8a89-5d2ba5981c88/report/r09.logos]: syntax error near 'fn' at line 5 col 1	-	unattributed
381b150f19ea0f0a	unattributed (mtime window: 2026-09-07b)	b5	snapshot:25aa8421-fce1-4a11-8a89-5d2ba5981c88/report/b5.logos	-	no id of this program is cited by that round's record or its probe-dir files	-	-	REFUSED	1 /home/logos/sandbox/hand-harvest-2026-09-14/25aa8421-fce1-4a11-8a89-5d2ba5981c88/report/b5.logos:4: error [fn main]: assignment to immutable variable 'x'	-	unattributed
2d326007a872c5ff	unattributed (mtime window: 2026-09-07b)	r23	snapshot:25aa8421-fce1-4a11-8a89-5d2ba5981c88/report/r23.logos	-	no id of this program is cited by that round's record or its probe-dir files	-	-	REFUSED	1 error [fn Subject__key_set]: impl MapAssertion for Subject: method 'key_set' does not match the trait declaration: the return type is declared 'Subject<Keys<K	-	unattributed
fbbd18aa48dfea69	unattributed (mtime window: 2026-09-07b)	r09d	snapshot:25aa8421-fce1-4a11-8a89-5d2ba5981c88/report/r09d.logos	-	no id of this program is cited by that round's record or its probe-dir files	-	-	RUNS	0	-	unattributed
474f5552a42c1c59	unattributed (mtime window: 2026-09-07b)	b2	snapshot:25aa8421-fce1-4a11-8a89-5d2ba5981c88/report/b2.logos	-	no id of this program is cited by that round's record or its probe-dir files	-	-	REFUSED	1 error [fn main]: cannot assign to 'greeting' because it is borrowed	-	unattributed
aa2ebf9cf439ba88	unattributed (mtime window: 2026-09-07b)	r03	snapshot:25aa8421-fce1-4a11-8a89-5d2ba5981c88/report/r03.logos	-	no id of this program is cited by that round's record or its probe-dir files	-	-	REFUSED	1 /home/logos/sandbox/hand-harvest-2026-09-14/25aa8421-fce1-4a11-8a89-5d2ba5981c88/report/r03.logos:5: error [fn foo]: coercion to `dyn FnMut` requires `|| -> v	-	unattributed
07db5cb67fd6fe46	unattributed (mtime window: 2026-09-07b)	g1	snapshot:25aa8421-fce1-4a11-8a89-5d2ba5981c88/report/g1.logos	-	no id of this program is cited by that round's record or its probe-dir files	-	-	RUNS	124	-	unattributed
fd66a241510c468a	unattributed (mtime window: 2026-09-07b)	p_nested3	snapshot:25aa8421-fce1-4a11-8a89-5d2ba5981c88/report/p_nested3.logos	-	no id of this program is cited by that round's record or its probe-dir files	-	-	REFUSED	1 error [struct S]: no associated type 'Id' found for 'B::User'	-	unattributed
6eab3416d010efc0	unattributed (mtime window: 2026-09-07b)	r18	snapshot:25aa8421-fce1-4a11-8a89-5d2ba5981c88/report/r18.logos	-	no id of this program is cited by that round's record or its probe-dir files	-	-	RUNS	0	-	unattributed
f163cbe7e6670fc1	unattributed (mtime window: 2026-09-07b)	r06	snapshot:25aa8421-fce1-4a11-8a89-5d2ba5981c88/report/r06.logos	-	no id of this program is cited by that round's record or its probe-dir files	-	-	RUNS	0	-	unattributed
b44c01bb99d2e603	unattributed (mtime window: 2026-09-07b)	r04	snapshot:25aa8421-fce1-4a11-8a89-5d2ba5981c88/report/r04.logos	-	no id of this program is cited by that round's record or its probe-dir files	-	-	RUNS	0	-	unattributed
c15eac8f4243792e	unattributed (mtime window: 2026-09-08-subslice)	iflet_fullrest	snapshot:25aa8421-fce1-4a11-8a89-5d2ba5981c88/mat/iflet_fullrest.logos	-	no id of this program is cited by that round's record or its probe-dir files	-	-	REFUSED	1 error [fn main]: use of partially moved value 'a' (field '2' moved on line 6)	-	unattributed
3df6eb03a9d114de	unattributed (mtime window: 2026-09-08-subslice)	iflet_prefix	snapshot:25aa8421-fce1-4a11-8a89-5d2ba5981c88/mat/iflet_prefix.logos	-	no id of this program is cited by that round's record or its probe-dir files	-	-	REFUSED	1 error [fn main]: use of partially moved value 'a' (field '0' moved on line 6)	-	unattributed
0d5e45d4d3985a29	unattributed (mtime window: 2026-09-08-subslice)	iflet_suffix	snapshot:25aa8421-fce1-4a11-8a89-5d2ba5981c88/mat/iflet_suffix.logos	-	no id of this program is cited by that round's record or its probe-dir files	-	-	REFUSED	1 error [fn main]: use of partially moved value 'a' (field '2' moved on line 6)	-	unattributed
779913a40b9b5034	unattributed (mtime window: 2026-09-08-subslice)	iflet_rest	snapshot:25aa8421-fce1-4a11-8a89-5d2ba5981c88/mat/iflet_rest.logos	-	no id of this program is cited by that round's record or its probe-dir files	-	-	REFUSED	1 error [fn main]: use of partially moved value 'a' (field '2' moved on line 6)	-	unattributed
52ac999adb8d8aee	unattributed (mtime window: 2026-09-08-subslice)	iflet_restmid	snapshot:25aa8421-fce1-4a11-8a89-5d2ba5981c88/mat/iflet_restmid.logos	-	no id of this program is cited by that round's record or its probe-dir files	-	-	REFUSED	1 error [fn main]: use of partially moved value 'a' (field '1' moved on line 6)	-	unattributed
b8cca5a387d3d3fd	unattributed (mtime window: 2026-09-08-subslice)	P1	snapshot:25aa8421-fce1-4a11-8a89-5d2ba5981c88/probe/P1.logos	-	no id of this program is cited by that round's record or its probe-dir files	-	-	REFUSED	3 /home/logos/sandbox/hand-harvest-2026-09-14/25aa8421-fce1-4a11-8a89-5d2ba5981c88/probe/P1.logos:5: error [fn drop_enum]: pattern DropOption::Some: nested patt	-	unattributed
7e2a461bcdac8bb3	unattributed (mtime window: 2026-09-08-subslice)	T2	snapshot:25aa8421-fce1-4a11-8a89-5d2ba5981c88/probe/T2.logos	-	no id of this program is cited by that round's record or its probe-dir files	-	-	RUNS	0	-	unattributed
ee36d75a65e5f277	unattributed (mtime window: 2026-09-08-subslice)	I2	snapshot:25aa8421-fce1-4a11-8a89-5d2ba5981c88/probe/I2.logos	-	no id of this program is cited by that round's record or its probe-dir files	-	-	RUNS	0	-	unattributed
15afed6bb3fb5556	unattributed (mtime window: 2026-09-08-subslice)	T1	snapshot:25aa8421-fce1-4a11-8a89-5d2ba5981c88/probe/T1.logos	-	no id of this program is cited by that round's record or its probe-dir files	-	-	RUNS	0	-	unattributed
d539f0ee552c4b2c	unattributed (mtime window: 2026-09-08-subslice)	P3	snapshot:25aa8421-fce1-4a11-8a89-5d2ba5981c88/probe/P3.logos	-	no id of this program is cited by that round's record or its probe-dir files	-	-	RUNS	0	-	unattributed
6204ee85c85f4a61	unattributed (mtime window: 2026-09-08-subslice)	G	snapshot:25aa8421-fce1-4a11-8a89-5d2ba5981c88/probe/G.logos	-	no id of this program is cited by that round's record or its probe-dir files	-	-	RUNS	0	-	unattributed
ba493c5375be767c	unattributed (mtime window: 2026-09-08-subslice)	M	snapshot:25aa8421-fce1-4a11-8a89-5d2ba5981c88/probe/M.logos	-	no id of this program is cited by that round's record or its probe-dir files	-	-	REFUSED	1 /home/logos/sandbox/hand-harvest-2026-09-14/25aa8421-fce1-4a11-8a89-5d2ba5981c88/probe/M.logos:6: error [fn main]: cannot assign to index of 'i': type 'I' imp	-	unattributed
ad43b41928ef3b98	unattributed (mtime window: 2026-09-08-subslice)	E2	snapshot:25aa8421-fce1-4a11-8a89-5d2ba5981c88/probe/E2.logos	-	no id of this program is cited by that round's record or its probe-dir files	-	-	RUNS	0	-	unattributed
ecf473d40a53a6dd	unattributed (mtime window: 2026-09-08-subslice)	H	snapshot:25aa8421-fce1-4a11-8a89-5d2ba5981c88/probe/H.logos	-	no id of this program is cited by that round's record or its probe-dir files	-	-	RUNS	0	-	unattributed
bd0b09aa8a90f4bc	unattributed (mtime window: 2026-09-08-subslice)	F	snapshot:25aa8421-fce1-4a11-8a89-5d2ba5981c88/probe/F.logos	-	no id of this program is cited by that round's record or its probe-dir files	-	-	RUNS	0	-	unattributed
3e812ce007a4ef0b	unattributed (mtime window: 2026-09-08-subslice)	K	snapshot:25aa8421-fce1-4a11-8a89-5d2ba5981c88/probe/K.logos	-	no id of this program is cited by that round's record or its probe-dir files	-	-	REFUSED	1 error [fn main]: use of partially moved value 'a' (field '2' moved on line 6)	-	unattributed
a05405aa69a25b9b	unattributed (mtime window: 2026-09-08-subslice)	Q2	snapshot:25aa8421-fce1-4a11-8a89-5d2ba5981c88/probe/Q2.logos	-	no id of this program is cited by that round's record or its probe-dir files	-	-	RUNS	0	-	unattributed
8f7a600e5c69a09f	unattributed (mtime window: 2026-09-08-subslice)	T5	snapshot:25aa8421-fce1-4a11-8a89-5d2ba5981c88/probe/T5.logos	-	no id of this program is cited by that round's record or its probe-dir files	-	-	REFUSED	1 error [fn scope]: cannot return reference to local variable '_thing1': dangling reference	-	unattributed
04bad570704c3f71	unattributed (mtime window: 2026-09-08-subslice)	J	snapshot:25aa8421-fce1-4a11-8a89-5d2ba5981c88/probe/J.logos	-	no id of this program is cited by that round's record or its probe-dir files	-	-	RUNS	0	-	unattributed
927d61c5d2bf1398	unattributed (mtime window: 2026-09-08-subslice)	Q1	snapshot:25aa8421-fce1-4a11-8a89-5d2ba5981c88/probe/Q1.logos	-	no id of this program is cited by that round's record or its probe-dir files	-	-	RUNS	0	-	unattributed
2225d796072d582e	unattributed (mtime window: 2026-09-08-subslice)	E	snapshot:25aa8421-fce1-4a11-8a89-5d2ba5981c88/probe/E.logos	-	no id of this program is cited by that round's record or its probe-dir files	-	-	REFUSED	1 error [fn main]: cannot borrow 'p' as mutable: not declared as mut	-	unattributed
788b8ba9d6382f95	unattributed (mtime window: 2026-09-08-subslice)	B	snapshot:25aa8421-fce1-4a11-8a89-5d2ba5981c88/probe/B.logos	-	no id of this program is cited by that round's record or its probe-dir files	-	-	REFUSED	1 error [fn main]: cannot borrow 'v' as mutable: 'v' has shared borrows	-	unattributed
84e20f48450c83cd	unattributed (mtime window: 2026-09-08-subslice)	A	snapshot:25aa8421-fce1-4a11-8a89-5d2ba5981c88/probe/A.logos	-	no id of this program is cited by that round's record or its probe-dir files	-	-	RUNS	0	-	unattributed
b144cb663d45b90b	unattributed (mtime window: 2026-09-08-subslice)	L	snapshot:25aa8421-fce1-4a11-8a89-5d2ba5981c88/probe/L.logos	-	no id of this program is cited by that round's record or its probe-dir files	-	-	REFUSED	1 /home/logos/sandbox/hand-harvest-2026-09-14/25aa8421-fce1-4a11-8a89-5d2ba5981c88/probe/L.logos:9: error [fn main]: let '_q': type mismatch — expected u64, got	-	unattributed
63f57948dadfff6c	unattributed (mtime window: 2026-09-08-subslice)	T6	snapshot:25aa8421-fce1-4a11-8a89-5d2ba5981c88/probe/T6.logos	-	no id of this program is cited by that round's record or its probe-dir files	-	-	RUNS	0	-	unattributed
9882d9402289ac5b	unattributed (mtime window: 2026-09-08-subslice)	T4	snapshot:25aa8421-fce1-4a11-8a89-5d2ba5981c88/probe/T4.logos	-	no id of this program is cited by that round's record or its probe-dir files	-	-	RUNS	0	-	unattributed
8bda584e0d06f961	unattributed (mtime window: 2026-09-08-subslice)	P2	snapshot:25aa8421-fce1-4a11-8a89-5d2ba5981c88/probe/P2.logos	-	no id of this program is cited by that round's record or its probe-dir files	-	-	REFUSED	4 error [fn finish_1]: cannot move out of 's.url': type 'S' implements the Drop trait, so its destructor must see the whole value (E0509). Wrap the field in Man	-	unattributed
13b970700bca4829	unattributed (mtime window: 2026-09-08-subslice)	T3	snapshot:25aa8421-fce1-4a11-8a89-5d2ba5981c88/probe/T3.logos	-	no id of this program is cited by that round's record or its probe-dir files	-	-	CCFAIL	1 logosc: MLIR generation failed	-	unattributed
bfcef581e2a822a1	unattributed (mtime window: 2026-09-08-subslice)	p_sub_whole	snapshot:25aa8421-fce1-4a11-8a89-5d2ba5981c88/hp/p_sub_whole.logos	-	no id of this program is cited by that round's record or its probe-dir files	-	-	REFUSED	1 error [fn main]: use of partially moved value 'a' (field '2' moved on line 7)	-	unattributed
9aee1b0eb2a76c7c	unattributed (mtime window: 2026-09-08-subslice)	p_disjoint	snapshot:25aa8421-fce1-4a11-8a89-5d2ba5981c88/hp/p_disjoint.logos	-	no id of this program is cited by that round's record or its probe-dir files	-	-	REFUSED	1 error [fn main]: use of partially moved value 'a' (field '2' moved on line 6)	-	unattributed
51fa6ff3dd2469c7	unattributed (mtime window: 2026-09-08-subslice)	p_same	snapshot:25aa8421-fce1-4a11-8a89-5d2ba5981c88/hp/p_same.logos	-	no id of this program is cited by that round's record or its probe-dir files	-	-	REFUSED	1 error [fn main]: use of partially moved value 'a' (field '2' moved on line 6)	-	unattributed
2a5019baf194e09e	unattributed (mtime window: 2026-09-08-subslice)	p_sub_same	snapshot:25aa8421-fce1-4a11-8a89-5d2ba5981c88/hp/p_sub_same.logos	-	no id of this program is cited by that round's record or its probe-dir files	-	-	REFUSED	1 error [fn main]: use of partially moved value 'a' (field '2' moved on line 6)	-	unattributed
2b40fd6910ef1ae5	unattributed (mtime window: 2026-09-08-subslice)	p_t13	snapshot:25aa8421-fce1-4a11-8a89-5d2ba5981c88/hp/p_t13.logos	-	no id of this program is cited by that round's record or its probe-dir files	-	-	REFUSED	1 error [fn main]: use of partially moved value 'a' (field '2' moved on line 6)	-	unattributed
f2b2a6b22b357688	unattributed (mtime window: 2026-09-08)	p_B2	snapshot:25aa8421-fce1-4a11-8a89-5d2ba5981c88/cap/p_B2.logos	-	no id of this program is cited by that round's record or its probe-dir files	-	-	RUNS	0	-	unattributed
30b92ea3aabba563	unattributed (mtime window: 2026-09-08)	p_R2c	snapshot:25aa8421-fce1-4a11-8a89-5d2ba5981c88/cap/p_R2c.logos	-	no id of this program is cited by that round's record or its probe-dir files	-	-	RUNS	0	-	unattributed
287d01c97258a255	unattributed (mtime window: 2026-09-08)	p_D2	snapshot:25aa8421-fce1-4a11-8a89-5d2ba5981c88/cap/p_D2.logos	-	no id of this program is cited by that round's record or its probe-dir files	-	-	REFUSED	1 error [fn main]: 't' does not live long enough: it is borrowed by 'g', which is used here after 't' goes out of scope (E0597)	-	unattributed
ef62551b74710025	unattributed (mtime window: 2026-09-08)	q_L1_d	snapshot:25aa8421-fce1-4a11-8a89-5d2ba5981c88/cap/q_L1_d.logos	-	no id of this program is cited by that round's record or its probe-dir files	-	-	REFUSED	1 /home/logos/sandbox/hand-harvest-2026-09-14/25aa8421-fce1-4a11-8a89-5d2ba5981c88/cap/q_L1_d.logos:4: error [fn b]: return type mismatch: variance mismatch — e	-	unattributed
07d45678502d1f82	unattributed (mtime window: 2026-09-08)	q_L7_c	snapshot:25aa8421-fce1-4a11-8a89-5d2ba5981c88/cap/q_L7_c.logos	-	no id of this program is cited by that round's record or its probe-dir files	-	-	REFUSED	1 /home/logos/sandbox/hand-harvest-2026-09-14/25aa8421-fce1-4a11-8a89-5d2ba5981c88/cap/q_L7_c.logos:5: error [fn main]: call to 'want' arg 1: expected fn(&S) ->	-	unattributed
b31c0ffdaa897e7c	unattributed (mtime window: 2026-09-08)	c6	snapshot:25aa8421-fce1-4a11-8a89-5d2ba5981c88/cap/c6.logos	-	no id of this program is cited by that round's record or its probe-dir files	-	-	REFUSED	1 error [fn lifetime_transmute_struct]: lifetime mismatch: return type has lifetime 'a but 'y' has lifetime (elided)	-	unattributed
2e23b594fbb6a0eb	unattributed (mtime window: 2026-09-08)	c2	snapshot:25aa8421-fce1-4a11-8a89-5d2ba5981c88/cap/c2.logos	-	no id of this program is cited by that round's record or its probe-dir files	-	-	REFUSED	1 /home/logos/sandbox/hand-harvest-2026-09-14/25aa8421-fce1-4a11-8a89-5d2ba5981c88/cap/c2.logos:5: error [fn main]: unexpected type node code 131	-	unattributed
dc78079cc6023660	unattributed (mtime window: 2026-09-08)	p_R2d	snapshot:25aa8421-fce1-4a11-8a89-5d2ba5981c88/cap/p_R2d.logos	-	no id of this program is cited by that round's record or its probe-dir files	-	-	REFUSED	1 error [fn main]: cannot borrow 'v' as mutable: 'v' has shared borrows	-	unattributed
61ed9695891a736b	unattributed (mtime window: 2026-09-08)	q_C_a	snapshot:25aa8421-fce1-4a11-8a89-5d2ba5981c88/cap/q_C_a.logos	-	no id of this program is cited by that round's record or its probe-dir files	-	-	RUNS	0	-	unattributed
a95d2f9d31f1dc6f	unattributed (mtime window: 2026-09-08)	q_C_c	snapshot:25aa8421-fce1-4a11-8a89-5d2ba5981c88/cap/q_C_c.logos	-	no id of this program is cited by that round's record or its probe-dir files	-	-	REFUSED	1 error [fn nested]: cannot return reference to local variable 'w': dangling reference	-	unattributed
c624ee9bb2fd7250	unattributed (mtime window: 2026-09-08)	p_R2e	snapshot:25aa8421-fce1-4a11-8a89-5d2ba5981c88/cap/p_R2e.logos	-	no id of this program is cited by that round's record or its probe-dir files	-	-	REFUSED	2 error [fn main]: cannot borrow 'v' as shared: already mutably borrowed	-	unattributed
f50209d363b33e11	unattributed (mtime window: 2026-09-08)	p_C1	snapshot:25aa8421-fce1-4a11-8a89-5d2ba5981c88/cap/p_C1.logos	-	no id of this program is cited by that round's record or its probe-dir files	-	-	RUNS	0	-	unattributed
cb4462cfcb28b439	unattributed (mtime window: 2026-09-08)	q_L7_d	snapshot:25aa8421-fce1-4a11-8a89-5d2ba5981c88/cap/q_L7_d.logos	-	no id of this program is cited by that round's record or its probe-dir files	-	-	REFUSED	1 /home/logos/sandbox/hand-harvest-2026-09-14/25aa8421-fce1-4a11-8a89-5d2ba5981c88/cap/q_L7_d.logos:5: error [fn main]: call to 'want' arg 1: expected fn(&S) ->	-	unattributed
a69436dcbb4cfbce	unattributed (mtime window: 2026-09-08)	p_L2	snapshot:25aa8421-fce1-4a11-8a89-5d2ba5981c88/cap/p_L2.logos	-	no id of this program is cited by that round's record or its probe-dir files	-	-	REFUSED	2 /home/logos/sandbox/hand-harvest-2026-09-14/25aa8421-fce1-4a11-8a89-5d2ba5981c88/cap/p_L2.logos:3: error [fn static_id_wrong_way]: return type mismatch: varia	-	unattributed
eced7cf04ef0537f	unattributed (mtime window: 2026-09-08)	c1	snapshot:25aa8421-fce1-4a11-8a89-5d2ba5981c88/cap/c1.logos	-	no id of this program is cited by that round's record or its probe-dir files	-	-	RUNS	0	-	unattributed
c4b48c1a6e69855b	unattributed (mtime window: 2026-09-08)	q_D_d	snapshot:25aa8421-fce1-4a11-8a89-5d2ba5981c88/cap/q_D_d.logos	-	no id of this program is cited by that round's record or its probe-dir files	-	-	REFUSED	2 error [fn call1]: 'y' does not live long enough: it is borrowed into 'z', whose declared type requires lifetime 'a, which outlives this function (E0597)	-	unattributed
14b8ed5e7e4a7ac0	unattributed (mtime window: 2026-09-08)	p_B1	snapshot:25aa8421-fce1-4a11-8a89-5d2ba5981c88/cap/p_B1.logos	-	no id of this program is cited by that round's record or its probe-dir files	-	-	REFUSED	1 error [fn f]: lifetime mismatch: return type has lifetime 'a but 'y' has lifetime (elided)	-	unattributed
90bc5356ba381964	unattributed (mtime window: 2026-09-08)	p_C2	snapshot:25aa8421-fce1-4a11-8a89-5d2ba5981c88/cap/p_C2.logos	-	no id of this program is cited by that round's record or its probe-dir files	-	-	RUNS	0	-	unattributed
db8e3d3dcb7392b9	unattributed (mtime window: 2026-09-08)	p_N1	snapshot:25aa8421-fce1-4a11-8a89-5d2ba5981c88/cap/p_N1.logos	-	no id of this program is cited by that round's record or its probe-dir files	-	-	REFUSED	1 error [/home/logos/sandbox/hand-harvest-2026-09-14/25aa8421-fce1-4a11-8a89-5d2ba5981c88/cap/p_N1.logos]: syntax error near 'trait' at line 4 col 1	-	unattributed
64c6e4e50b7a27ca	unattributed (mtime window: 2026-09-08)	c4	snapshot:25aa8421-fce1-4a11-8a89-5d2ba5981c88/cap/c4.logos	-	no id of this program is cited by that round's record or its probe-dir files	-	-	RUNS	0	-	unattributed
51f7004e84cbf970	unattributed (mtime window: 2026-09-08)	p_R2b	snapshot:25aa8421-fce1-4a11-8a89-5d2ba5981c88/cap/p_R2b.logos	-	no id of this program is cited by that round's record or its probe-dir files	-	-	REFUSED	2 error [fn main]: cannot borrow 'v' as shared: already mutably borrowed	-	unattributed
dfddeccd4c67bc00	unattributed (mtime window: 2026-09-08)	q_D_a	snapshot:25aa8421-fce1-4a11-8a89-5d2ba5981c88/cap/q_D_a.logos	-	no id of this program is cited by that round's record or its probe-dir files	-	-	REFUSED	1 error [fn call1]: 'inner' does not live long enough: it is borrowed into 'z', whose declared type requires lifetime 'a, which outlives this function (E0597)	-	unattributed
b5468dd599a69b5b	unattributed (mtime window: 2026-09-08)	c8	snapshot:25aa8421-fce1-4a11-8a89-5d2ba5981c88/cap/c8.logos	-	no id of this program is cited by that round's record or its probe-dir files	-	-	REFUSED	1 /home/logos/sandbox/hand-harvest-2026-09-14/25aa8421-fce1-4a11-8a89-5d2ba5981c88/cap/c8.logos:5: error [fn main]: 'E': expected 2 lifetime arg(s), got 1	-	unattributed
0f01eb5ff4ce0c42	unattributed (mtime window: 2026-09-08)	q_D_b	snapshot:25aa8421-fce1-4a11-8a89-5d2ba5981c88/cap/q_D_b.logos	-	no id of this program is cited by that round's record or its probe-dir files	-	-	REFUSED	1 error [fn call1]: cannot return reference to local variable 'y': dangling reference	-	unattributed
5af24149bfca144e	unattributed (mtime window: 2026-09-08)	q_L7_a	snapshot:25aa8421-fce1-4a11-8a89-5d2ba5981c88/cap/q_L7_a.logos	-	no id of this program is cited by that round's record or its probe-dir files	-	-	REFUSED	1 /home/logos/sandbox/hand-harvest-2026-09-14/25aa8421-fce1-4a11-8a89-5d2ba5981c88/cap/q_L7_a.logos:6: error [fn main]: call to 'want' arg 1: variance mismatch 	-	unattributed
696eda26eb612111	unattributed (mtime window: 2026-09-08)	p_B3	snapshot:25aa8421-fce1-4a11-8a89-5d2ba5981c88/cap/p_B3.logos	-	no id of this program is cited by that round's record or its probe-dir files	-	-	REFUSED	1 /home/logos/sandbox/hand-harvest-2026-09-14/25aa8421-fce1-4a11-8a89-5d2ba5981c88/cap/p_B3.logos:3: error [fn f]: return type mismatch: variance mismatch — exp	-	unattributed
7c4ea8dbe68f0660	unattributed (mtime window: 2026-09-08)	p_R2g	snapshot:25aa8421-fce1-4a11-8a89-5d2ba5981c88/cap/p_R2g.logos	-	no id of this program is cited by that round's record or its probe-dir files	-	-	REFUSED	1 /home/logos/sandbox/hand-harvest-2026-09-14/25aa8421-fce1-4a11-8a89-5d2ba5981c88/cap/p_R2g.logos:6: error [fn main]: let 'v': type mismatch — expected Box<Vec	-	unattributed
d0e9913f81e8cb91	unattributed (mtime window: 2026-09-08)	c5	snapshot:25aa8421-fce1-4a11-8a89-5d2ba5981c88/cap/c5.logos	-	no id of this program is cited by that round's record or its probe-dir files	-	-	RUNS	0	-	unattributed
a24e130225fa1660	unattributed (mtime window: 2026-09-08)	p_L7	snapshot:25aa8421-fce1-4a11-8a89-5d2ba5981c88/cap/p_L7.logos	-	no id of this program is cited by that round's record or its probe-dir files	-	-	RUNS	0	-	unattributed
17790a321b4e00b1	unattributed (mtime window: 2026-09-08)	q_L1_c	snapshot:25aa8421-fce1-4a11-8a89-5d2ba5981c88/cap/q_L1_c.logos	-	no id of this program is cited by that round's record or its probe-dir files	-	-	RUNS	0	-	unattributed
83fecf01e9a82c75	unattributed (mtime window: 2026-09-08)	p_D1	snapshot:25aa8421-fce1-4a11-8a89-5d2ba5981c88/cap/p_D1.logos	-	no id of this program is cited by that round's record or its probe-dir files	-	-	REFUSED	1 error [fn main]: temporary value dropped while borrowed: this reference borrows into a temporary that is dropped at the end of the statement; bind the owning 	-	unattributed
aeb7a3133f234970	unattributed (mtime window: 2026-09-08)	p_R2a	snapshot:25aa8421-fce1-4a11-8a89-5d2ba5981c88/cap/p_R2a.logos	-	no id of this program is cited by that round's record or its probe-dir files	-	-	REFUSED	1 error [fn main]: cannot borrow 'v' as shared: already mutably borrowed	-	unattributed
f649a57730530b3d	unattributed (mtime window: 2026-09-08)	c3	snapshot:25aa8421-fce1-4a11-8a89-5d2ba5981c88/cap/c3.logos	-	no id of this program is cited by that round's record or its probe-dir files	-	-	RUNS	0	-	unattributed
95b483a336295e04	unattributed (mtime window: 2026-09-08)	q_L1_a	snapshot:25aa8421-fce1-4a11-8a89-5d2ba5981c88/cap/q_L1_a.logos	-	no id of this program is cited by that round's record or its probe-dir files	-	-	RUNS	0	-	unattributed
dca369303fd4f475	unattributed (mtime window: 2026-09-08)	c7	snapshot:25aa8421-fce1-4a11-8a89-5d2ba5981c88/cap/c7.logos	-	no id of this program is cited by that round's record or its probe-dir files	-	-	REFUSED	1 /home/logos/sandbox/hand-harvest-2026-09-14/25aa8421-fce1-4a11-8a89-5d2ba5981c88/cap/c7.logos:5: error [fn main]: 'S': expected 2 lifetime arg(s), got 3	-	unattributed
e25117e2176e9116	unattributed (mtime window: 2026-09-08)	q_L7_b	snapshot:25aa8421-fce1-4a11-8a89-5d2ba5981c88/cap/q_L7_b.logos	-	no id of this program is cited by that round's record or its probe-dir files	-	-	RUNS	0	-	unattributed
5b07289554ecea74	unattributed (mtime window: 2026-09-08)	q_L1_b	snapshot:25aa8421-fce1-4a11-8a89-5d2ba5981c88/cap/q_L1_b.logos	-	no id of this program is cited by that round's record or its probe-dir files	-	-	RUNS	0	-	unattributed
c591f02f2ccdbda4	unattributed (mtime window: 2026-09-08)	q_C_b	snapshot:25aa8421-fce1-4a11-8a89-5d2ba5981c88/cap/q_C_b.logos	-	no id of this program is cited by that round's record or its probe-dir files	-	-	REFUSED	1 /home/logos/sandbox/hand-harvest-2026-09-14/25aa8421-fce1-4a11-8a89-5d2ba5981c88/cap/q_C_b.logos:4: error [fn esc]: return type mismatch: variance mismatch — 	-	unattributed
d98c1b411dd9e77b	unattributed (mtime window: 2026-09-08)	p_R2h	snapshot:25aa8421-fce1-4a11-8a89-5d2ba5981c88/cap/p_R2h.logos	-	no id of this program is cited by that round's record or its probe-dir files	-	-	RUNS	0	-	unattributed
69c67451e057cb48	unattributed (mtime window: 2026-09-08)	p_R2f	snapshot:25aa8421-fce1-4a11-8a89-5d2ba5981c88/cap/p_R2f.logos	-	no id of this program is cited by that round's record or its probe-dir files	-	-	RUNS	0	-	unattributed
6453fcad57f4a22b	unattributed (mtime window: 2026-09-08)	p_D5	snapshot:25aa8421-fce1-4a11-8a89-5d2ba5981c88/cap/p_D5.logos	-	no id of this program is cited by that round's record or its probe-dir files	-	-	RUNS	0	-	unattributed
d7eef937de62f9e4	unattributed (mtime window: 2026-09-08)	q_D_c	snapshot:25aa8421-fce1-4a11-8a89-5d2ba5981c88/cap/q_D_c.logos	-	no id of this program is cited by that round's record or its probe-dir files	-	-	REFUSED	1 error [fn call1]: 'y' does not live long enough: it is borrowed into 'z', whose declared type requires lifetime 'a, which outlives this function (E0597)	-	unattributed
e8e5d93d2718034c	unattributed (mtime window: 2026-09-08)	p_D3	snapshot:25aa8421-fce1-4a11-8a89-5d2ba5981c88/cap/p_D3.logos	-	no id of this program is cited by that round's record or its probe-dir files	-	-	REFUSED	1 error [fn main]: temporary value dropped while borrowed: this reference borrows into a temporary that is dropped at the end of the statement; bind the owning 	-	unattributed
266b37c6ac5c69e3	unattributed (mtime window: 2026-09-08)	p_D4	snapshot:25aa8421-fce1-4a11-8a89-5d2ba5981c88/cap/p_D4.logos	-	no id of this program is cited by that round's record or its probe-dir files	-	-	RUNS	0	-	unattributed
54c441f5461a6baf	unattributed (mtime window: 2026-09-08)	c9	snapshot:25aa8421-fce1-4a11-8a89-5d2ba5981c88/cap/c9.logos	-	no id of this program is cited by that round's record or its probe-dir files	-	-	REFUSED	1 /home/logos/sandbox/hand-harvest-2026-09-14/25aa8421-fce1-4a11-8a89-5d2ba5981c88/cap/c9.logos:5: error [fn main]: 'S': expected 2 lifetime arg(s), got 1	-	unattributed
34533f0065ef317a	unattributed (mtime window: 2026-09-08)	L1_same_region	snapshot:25aa8421-fce1-4a11-8a89-5d2ba5981c88/legal/L1_same_region.logos	-	no id of this program is cited by that round's record or its probe-dir files	-	-	RUNS	0	-	unattributed
86dcd1db844f895e	unattributed (mtime window: 2026-09-08)	L5_field_legal	snapshot:25aa8421-fce1-4a11-8a89-5d2ba5981c88/legal/L5_field_legal.logos	-	no id of this program is cited by that round's record or its probe-dir files	-	-	RUNS	0	-	unattributed
a2499302313fc84a	unattributed (mtime window: 2026-09-08)	L2_static_meets_static	snapshot:25aa8421-fce1-4a11-8a89-5d2ba5981c88/legal/L2_static_meets_static.logos	-	no id of this program is cited by that round's record or its probe-dir files	-	-	RUNS	0	-	unattributed
cc815bb8a03d1f8d	unattributed (mtime window: 2026-09-08)	L4_contra_legal	snapshot:25aa8421-fce1-4a11-8a89-5d2ba5981c88/legal/L4_contra_legal.logos	-	no id of this program is cited by that round's record or its probe-dir files	-	-	RUNS	0	-	unattributed
0a22ae246ead45ec	unattributed (mtime window: 2026-09-08)	L3_no_refs	snapshot:25aa8421-fce1-4a11-8a89-5d2ba5981c88/legal/L3_no_refs.logos	-	no id of this program is cited by that round's record or its probe-dir files	-	-	RUNS	0	-	unattributed
c62b785e69e6a4d3	unattributed (mtime window: 2026-09-08)	L6_mut_ref_param	snapshot:25aa8421-fce1-4a11-8a89-5d2ba5981c88/legal/L6_mut_ref_param.logos	-	no id of this program is cited by that round's record or its probe-dir files	-	-	RUNS	0	-	unattributed
8252df54c7cc0897	unattributed (mtime window: 2026-09-08)	ce3_legal_static	snapshot:25aa8421-fce1-4a11-8a89-5d2ba5981c88/ce/ce3_legal_static.logos	-	no id of this program is cited by that round's record or its probe-dir files	-	-	RUNS	0	-	unattributed
e47bc332847e695e	unattributed (mtime window: 2026-09-08)	s2_return	snapshot:25aa8421-fce1-4a11-8a89-5d2ba5981c88/ce/s2_return.logos	-	no id of this program is cited by that round's record or its probe-dir files	-	-	REFUSED	1 /home/logos/sandbox/hand-harvest-2026-09-14/25aa8421-fce1-4a11-8a89-5d2ba5981c88/ce/s2_return.logos:4: error [fn get]: return type mismatch: variance mismatch	-	unattributed
76928cfdc86edefc	unattributed (mtime window: 2026-09-08)	k2_array_to_slice	snapshot:25aa8421-fce1-4a11-8a89-5d2ba5981c88/ce/k2_array_to_slice.logos	-	no id of this program is cited by that round's record or its probe-dir files	-	-	REFUSED	1 error [fn f]: lifetime mismatch: return type has lifetime 'static but 'x' has lifetime 'a	-	unattributed
d1f654bea53fd8c9	unattributed (mtime window: 2026-09-08)	s1_field	snapshot:25aa8421-fce1-4a11-8a89-5d2ba5981c88/ce/s1_field.logos	-	no id of this program is cited by that round's record or its probe-dir files	-	-	REFUSED	1 /home/logos/sandbox/hand-harvest-2026-09-14/25aa8421-fce1-4a11-8a89-5d2ba5981c88/ce/s1_field.logos:6: error [fn main]: struct literal 'H' field 'g': variance 	-	unattributed
7ebb25bb71b246b8	unattributed (mtime window: 2026-09-08)	ce2_typemismatch	snapshot:25aa8421-fce1-4a11-8a89-5d2ba5981c88/ce/ce2_typemismatch.logos	-	no id of this program is cited by that round's record or its probe-dir files	-	-	REFUSED	1 /home/logos/sandbox/hand-harvest-2026-09-14/25aa8421-fce1-4a11-8a89-5d2ba5981c88/ce/ce2_typemismatch.logos:5: error [fn main]: let 'g': type mismatch — expect	-	unattributed
c341b63fbacb326e	unattributed (mtime window: 2026-09-08)	s4_contra_param	snapshot:25aa8421-fce1-4a11-8a89-5d2ba5981c88/ce/s4_contra_param.logos	-	no id of this program is cited by that round's record or its probe-dir files	-	-	REFUSED	1 /home/logos/sandbox/hand-harvest-2026-09-14/25aa8421-fce1-4a11-8a89-5d2ba5981c88/ce/s4_contra_param.logos:6: error [fn main]: call to 'want' arg 1: variance m	-	unattributed
916869ef597590b1	unattributed (mtime window: 2026-09-08)	k3_closure_to_fnptr	snapshot:25aa8421-fce1-4a11-8a89-5d2ba5981c88/ce/k3_closure_to_fnptr.logos	-	no id of this program is cited by that round's record or its probe-dir files	-	-	REFUSED	1 error [fn main]: lifetime mismatch: return type has lifetime 'static but 'x' has lifetime (elided)	-	unattributed
04319dde1b5c4eeb	unattributed (mtime window: 2026-09-08)	s3_tuple	snapshot:25aa8421-fce1-4a11-8a89-5d2ba5981c88/ce/s3_tuple.logos	-	no id of this program is cited by that round's record or its probe-dir files	-	-	REFUSED	1 /home/logos/sandbox/hand-harvest-2026-09-14/25aa8421-fce1-4a11-8a89-5d2ba5981c88/ce/s3_tuple.logos:5: error [fn main]: let 't': variance mismatch — expected (	-	unattributed
acaa89a353ad0519	unattributed (mtime window: 2026-09-08)	k1_mutref_to_ref	snapshot:25aa8421-fce1-4a11-8a89-5d2ba5981c88/ce/k1_mutref_to_ref.logos	-	no id of this program is cited by that round's record or its probe-dir files	-	-	REFUSED	1 /home/logos/sandbox/hand-harvest-2026-09-14/25aa8421-fce1-4a11-8a89-5d2ba5981c88/ce/k1_mutref_to_ref.logos:4: error [fn f]: let 'r': variance mismatch — expec	-	unattributed
be1186d5ca34453d	unattributed (mtime window: 2026-09-08)	s5_array	snapshot:25aa8421-fce1-4a11-8a89-5d2ba5981c88/ce/s5_array.logos	-	no id of this program is cited by that round's record or its probe-dir files	-	-	RUNS	0	-	unattributed
952048fd418589cd	unattributed (mtime window: 2026-09-08)	ce1	snapshot:25aa8421-fce1-4a11-8a89-5d2ba5981c88/ce/ce1.logos	-	no id of this program is cited by that round's record or its probe-dir files	-	-	REFUSED	1 /home/logos/sandbox/hand-harvest-2026-09-14/25aa8421-fce1-4a11-8a89-5d2ba5981c88/ce/ce1.logos:6: error [fn main]: let 'g': variance mismatch — expected fn(&S)	-	unattributed
74b9d3f9ec1ab6b8	unattributed (mtime window: 2026-09-08)	ce4_legal_elided	snapshot:25aa8421-fce1-4a11-8a89-5d2ba5981c88/ce/ce4_legal_elided.logos	-	no id of this program is cited by that round's record or its probe-dir files	-	-	RUNS	0	-	unattributed
b924ab88ad2a14c8	unattributed (mtime window: 2026-09-08b)	p_rawmut	snapshot:25aa8421-fce1-4a11-8a89-5d2ba5981c88/probe/p_rawmut.logos	-	no id of this program is cited by that round's record or its probe-dir files	-	-	REFUSED	1 error [/home/logos/sandbox/hand-harvest-2026-09-14/25aa8421-fce1-4a11-8a89-5d2ba5981c88/probe/p_rawmut.logos]: syntax error near 'raw' at line 5 col 22	-	unattributed
9008bcbe0913cb15	unattributed (mtime window: 2026-09-08b)	p_cell	snapshot:25aa8421-fce1-4a11-8a89-5d2ba5981c88/probe/p_cell.logos	-	no id of this program is cited by that round's record or its probe-dir files	-	-	REFUSED	2 /home/logos/sandbox/hand-harvest-2026-09-14/25aa8421-fce1-4a11-8a89-5d2ba5981c88/probe/p_cell.logos:3: error [fn main]: unknown generic type 'Cell'	-	unattributed
bb23a34d223193d7	unattributed (mtime window: 2026-09-08b)	p_implicit_coerce	snapshot:25aa8421-fce1-4a11-8a89-5d2ba5981c88/probe/p_implicit_coerce.logos	-	no id of this program is cited by that round's record or its probe-dir files	-	-	REFUSED	1 /home/logos/sandbox/hand-harvest-2026-09-14/25aa8421-fce1-4a11-8a89-5d2ba5981c88/probe/p_implicit_coerce.logos:3: error [fn unique_to_const]: return type mism	-	unattributed
3ac6f43c53241bdc	unattributed (mtime window: 2026-09-08b)	p_guardclosure	snapshot:25aa8421-fce1-4a11-8a89-5d2ba5981c88/probe/p_guardclosure.logos	-	no id of this program is cited by that round's record or its probe-dir files	-	-	REFUSED	1 error [fn main]: use of moved value 'b' (moved on line 8)	-	unattributed
b2d7ae251d12fe9c	unattributed (mtime window: 2026-09-08b)	p_hrtb	snapshot:25aa8421-fce1-4a11-8a89-5d2ba5981c88/probe/p_hrtb.logos	-	no id of this program is cited by that round's record or its probe-dir files	-	-	RUNS	3	-	unattributed
83c382fd433da817	unattributed (mtime window: 2026-09-08b)	p_fnptr_eq	snapshot:25aa8421-fce1-4a11-8a89-5d2ba5981c88/probe/p_fnptr_eq.logos	-	no id of this program is cited by that round's record or its probe-dir files	-	-	RUNS	0	-	unattributed
79997e04b11e3bd3	unattributed (mtime window: 2026-09-08b)	p_optbox	snapshot:25aa8421-fce1-4a11-8a89-5d2ba5981c88/probe/p_optbox.logos	-	no id of this program is cited by that round's record or its probe-dir files	-	-	RUNS	0	-	unattributed
6daaeebd6d45a846	unattributed (mtime window: 2026-09-08b)	p_addassign	snapshot:25aa8421-fce1-4a11-8a89-5d2ba5981c88/probe/p_addassign.logos	-	no id of this program is cited by that round's record or its probe-dir files	-	-	REFUSED	1 error [fn MyVec__add_assign]: impl AddAssign for MyVec: method 'add_assign' does not match the trait declaration: parameter 1 is declared 'MyVec' and the impl	-	unattributed
a30b4af04cca0500	unattributed (mtime window: 2026-09-08b)	a2	snapshot:25aa8421-fce1-4a11-8a89-5d2ba5981c88/rp/a2.logos	-	no id of this program is cited by that round's record or its probe-dir files	-	-	RUNS	0	-	unattributed
756421f0b91ab63d	unattributed (mtime window: 2026-09-08b)	a1	snapshot:25aa8421-fce1-4a11-8a89-5d2ba5981c88/rp/a1.logos	-	no id of this program is cited by that round's record or its probe-dir files	-	-	REFUSED	1 error [fn establish_relationships]: unknown generic type 'Cell'	-	unattributed
afa80a4568a2366c	unattributed (mtime window: 2026-09-08b)	n2	snapshot:25aa8421-fce1-4a11-8a89-5d2ba5981c88/rp/n2.logos	-	no id of this program is cited by that round's record or its probe-dir files	-	-	REFUSED	1 /home/logos/sandbox/hand-harvest-2026-09-14/25aa8421-fce1-4a11-8a89-5d2ba5981c88/rp/n2.logos:2: error [fn f]: assignment to immutable variable 'b'	-	unattributed
6838bd2c896a554e	unattributed (mtime window: 2026-09-08b)	d1	snapshot:25aa8421-fce1-4a11-8a89-5d2ba5981c88/rp/d1.logos	-	no id of this program is cited by that round's record or its probe-dir files	-	-	REFUSED	4 /home/logos/sandbox/hand-harvest-2026-09-14/25aa8421-fce1-4a11-8a89-5d2ba5981c88/rp/d1.logos:2: error [fn shared_to_const]: return type mismatch: variance mis	-	unattributed
05b6e27128e76175	unattributed (mtime window: 2026-09-08b)	s2	snapshot:25aa8421-fce1-4a11-8a89-5d2ba5981c88/rp/s2.logos	-	no id of this program is cited by that round's record or its probe-dir files	-	-	RUNS	0	-	unattributed
c81d3c2dfe596610	unattributed (mtime window: 2026-09-08b)	c2	snapshot:25aa8421-fce1-4a11-8a89-5d2ba5981c88/rp/c2.logos	-	no id of this program is cited by that round's record or its probe-dir files	-	-	RUNS	2	-	unattributed
04a9f8c9ea2e8724	unattributed (mtime window: 2026-09-08b)	q4	snapshot:25aa8421-fce1-4a11-8a89-5d2ba5981c88/rp/q4.logos	-	no id of this program is cited by that round's record or its probe-dir files	-	-	REFUSED	1 error [fn f]: cannot borrow 'b' as mutable: not declared as mut	-	unattributed
f8ad73b8568a21af	unattributed (mtime window: 2026-09-08b)	e2	snapshot:25aa8421-fce1-4a11-8a89-5d2ba5981c88/rp/e2.logos	-	no id of this program is cited by that round's record or its probe-dir files	-	-	RUNS	0	-	unattributed
e32905b2f9b4cad6	unattributed (mtime window: 2026-09-08b)	n1	snapshot:25aa8421-fce1-4a11-8a89-5d2ba5981c88/rp/n1.logos	-	no id of this program is cited by that round's record or its probe-dir files	-	-	RUNS	0	-	unattributed
a88e0856439af30d	unattributed (mtime window: 2026-09-08b)	m2	snapshot:25aa8421-fce1-4a11-8a89-5d2ba5981c88/rp/m2.logos	-	no id of this program is cited by that round's record or its probe-dir files	-	-	REFUSED	1 error [fn main]: cannot borrow 'b' as mutable: not declared as mut	-	unattributed
c734b16a786bf37d	unattributed (mtime window: 2026-09-08b)	c1	snapshot:25aa8421-fce1-4a11-8a89-5d2ba5981c88/rp/c1.logos	-	no id of this program is cited by that round's record or its probe-dir files	-	-	REFUSED	1 error [fn main]: use of moved value 'b' (moved on line 5)	-	unattributed
5bfaf04236c80d07	unattributed (mtime window: 2026-09-08b)	m3	snapshot:25aa8421-fce1-4a11-8a89-5d2ba5981c88/rp/m3.logos	-	no id of this program is cited by that round's record or its probe-dir files	-	-	REFUSED	1 error [fn f]: cannot borrow 's' as mutable: not declared as mut	-	unattributed
989d511b87ffac4b	unattributed (mtime window: 2026-09-08b)	r1b	snapshot:25aa8421-fce1-4a11-8a89-5d2ba5981c88/rp/r1b.logos	-	no id of this program is cited by that round's record or its probe-dir files	-	-	RUNS	0	-	unattributed
91adf3d127a1293e	unattributed (mtime window: 2026-09-08b)	e3	snapshot:25aa8421-fce1-4a11-8a89-5d2ba5981c88/rp/e3.logos	-	no id of this program is cited by that round's record or its probe-dir files	-	-	REFUSED	1 /home/logos/sandbox/hand-harvest-2026-09-14/25aa8421-fce1-4a11-8a89-5d2ba5981c88/rp/e3.logos:7: error [fn main]: assignment to 'r': type mismatch — expected &	-	unattributed
f94fed925451e8b3	unattributed (mtime window: 2026-09-08b)	r2min	snapshot:25aa8421-fce1-4a11-8a89-5d2ba5981c88/rp/r2min.logos	-	no id of this program is cited by that round's record or its probe-dir files	-	-	REFUSED	1 error [fn f]: cannot borrow 'b' as mutable: not declared as mut	-	unattributed
f77dc7b6af9d26ae	unattributed (mtime window: 2026-09-08b)	q1	snapshot:25aa8421-fce1-4a11-8a89-5d2ba5981c88/rp/q1.logos	-	no id of this program is cited by that round's record or its probe-dir files	-	-	REFUSED	1 error [fn f]: cannot borrow 'b' as mutable: not declared as mut	-	unattributed
7fc73ea49d51e34e	unattributed (mtime window: 2026-09-08b)	d2	snapshot:25aa8421-fce1-4a11-8a89-5d2ba5981c88/rp/d2.logos	-	no id of this program is cited by that round's record or its probe-dir files	-	-	REFUSED	3 /home/logos/sandbox/hand-harvest-2026-09-14/25aa8421-fce1-4a11-8a89-5d2ba5981c88/rp/d2.logos:2: error [fn compare_const]: operator '==': lifetime may not live	-	unattributed
43fd89013662bd74	unattributed (mtime window: 2026-09-08b)	c4	snapshot:25aa8421-fce1-4a11-8a89-5d2ba5981c88/rp/c4.logos	-	no id of this program is cited by that round's record or its probe-dir files	-	-	REFUSED	1 error [fn main]: use of moved value 'd' (moved on line 9)	-	unattributed
e96e5c5776ba6d74	unattributed (mtime window: 2026-09-08b)	n4	snapshot:25aa8421-fce1-4a11-8a89-5d2ba5981c88/rp/n4.logos	-	no id of this program is cited by that round's record or its probe-dir files	-	-	RUNS	0	-	unattributed
912ac9ec3b2cd8d9	unattributed (mtime window: 2026-09-08b)	t	snapshot:25aa8421-fce1-4a11-8a89-5d2ba5981c88/rp/t.logos	-	no id of this program is cited by that round's record or its probe-dir files	-	-	RUNS	0	-	unattributed
a42bc58fd8ce8599	unattributed (mtime window: 2026-09-08b)	m1	snapshot:25aa8421-fce1-4a11-8a89-5d2ba5981c88/rp/m1.logos	-	no id of this program is cited by that round's record or its probe-dir files	-	-	REFUSED	1 error [fn main]: cannot borrow 'v' as mutable: not declared as mut	-	unattributed
bede6c6410fa7de2	unattributed (mtime window: 2026-09-08b)	b3	snapshot:25aa8421-fce1-4a11-8a89-5d2ba5981c88/rp/b3.logos	-	no id of this program is cited by that round's record or its probe-dir files	-	-	REFUSED	1 error [fn main]: cannot assign to 'vecvec' because it is borrowed	-	unattributed
21cba5c22be4fa2c	unattributed (mtime window: 2026-09-08b)	e1	snapshot:25aa8421-fce1-4a11-8a89-5d2ba5981c88/rp/e1.logos	-	no id of this program is cited by that round's record or its probe-dir files	-	-	REFUSED	1 /home/logos/sandbox/hand-harvest-2026-09-14/25aa8421-fce1-4a11-8a89-5d2ba5981c88/rp/e1.logos:8: error [fn to_refs]: assignment to 'list.1': type mismatch — ex	-	unattributed
aa69e36a2b1cacea	unattributed (mtime window: 2026-09-08b)	q2	snapshot:25aa8421-fce1-4a11-8a89-5d2ba5981c88/rp/q2.logos	-	no id of this program is cited by that round's record or its probe-dir files	-	-	REFUSED	1 error [/home/logos/sandbox/hand-harvest-2026-09-14/25aa8421-fce1-4a11-8a89-5d2ba5981c88/rp/q2.logos]: syntax error near 'fn' at line 2 col 1	-	unattributed
49f99d7a3f53aa3f	unattributed (mtime window: 2026-09-08b)	I4 p4	snapshot:25aa8421-fce1-4a11-8a89-5d2ba5981c88/rp/p4.logos	-	no id of this program is cited by that round's record or its probe-dir files	-	-	REFUSED	1 error [fn g]: cannot borrow 'b' as mutable: not declared as mut	-	unattributed
d6306a73b7fa578a	unattributed (mtime window: 2026-09-08b)	b1	snapshot:25aa8421-fce1-4a11-8a89-5d2ba5981c88/rp/b1.logos	-	no id of this program is cited by that round's record or its probe-dir files	-	-	REFUSED	2 /home/logos/sandbox/hand-harvest-2026-09-14/25aa8421-fce1-4a11-8a89-5d2ba5981c88/rp/b1.logos:7: error [fn set_bar]: assignment to 'BAR': variance mismatch — e	-	unattributed
c6d0082e07eab730	unattributed (mtime window: 2026-09-08b)	s1	snapshot:25aa8421-fce1-4a11-8a89-5d2ba5981c88/rp/s1.logos	-	no id of this program is cited by that round's record or its probe-dir files	-	-	RUNS	0	-	unattributed
9280818caa7e06e7	unattributed (mtime window: 2026-09-08b)	b4	snapshot:25aa8421-fce1-4a11-8a89-5d2ba5981c88/rp/b4.logos	-	no id of this program is cited by that round's record or its probe-dir files	-	-	REFUSED	4 /home/logos/sandbox/hand-harvest-2026-09-14/25aa8421-fce1-4a11-8a89-5d2ba5981c88/rp/b4.logos:4: error [fn MyStruct__make]: struct literal 'Self': variance mis	-	unattributed
bef0515cec9bca50	unattributed (mtime window: 2026-09-08b)	c3	snapshot:25aa8421-fce1-4a11-8a89-5d2ba5981c88/rp/c3.logos	-	no id of this program is cited by that round's record or its probe-dir files	-	-	REFUSED	1 error [fn main]: cannot move 'b' while it is borrowed	-	unattributed
66de44b0c662ae15	unattributed (mtime window: 2026-09-08b)	r1	snapshot:25aa8421-fce1-4a11-8a89-5d2ba5981c88/rp/r1.logos	-	no id of this program is cited by that round's record or its probe-dir files	-	-	REFUSED	1 /home/logos/sandbox/hand-harvest-2026-09-14/25aa8421-fce1-4a11-8a89-5d2ba5981c88/rp/r1.logos:13: error [fn c]: use of moved value 'f': the callable was alread	-	unattributed
7a478464c07c6524	unattributed (mtime window: 2026-09-08b)	p3	snapshot:25aa8421-fce1-4a11-8a89-5d2ba5981c88/rp/p3.logos	-	no id of this program is cited by that round's record or its probe-dir files	-	-	REFUSED	1 error [fn main]: cannot borrow 'b' as mutable: not declared as mut	-	unattributed
1342a857b25d9503	unattributed (mtime window: 2026-09-08b)	I1 p1	snapshot:25aa8421-fce1-4a11-8a89-5d2ba5981c88/rp/p1.logos	-	no id of this program is cited by that round's record or its probe-dir files	-	-	REFUSED	1 error [fn g]: cannot borrow 'b' as mutable: not declared as mut	-	unattributed
1b42eb12797a1608	unattributed (mtime window: 2026-09-08b)	d3	snapshot:25aa8421-fce1-4a11-8a89-5d2ba5981c88/rp/d3.logos	-	no id of this program is cited by that round's record or its probe-dir files	-	-	REFUSED	1 error [impl Anything for FailStruct]: impl Anything for FailStruct: associated constant 'AC' has type 'Option<&'c [u8]>', which is not compatible with the tra	-	unattributed
def673a6450bf45b	unattributed (mtime window: 2026-09-08b)	r2deref	snapshot:25aa8421-fce1-4a11-8a89-5d2ba5981c88/rp/r2deref.logos	-	no id of this program is cited by that round's record or its probe-dir files	-	-	REFUSED	1 /home/logos/sandbox/hand-harvest-2026-09-14/25aa8421-fce1-4a11-8a89-5d2ba5981c88/rp/r2deref.logos:4: error [fn f]: call to 'h' arg 1: expected &mut i64, got &	-	unattributed
3e1ed3f1da92fd74	unattributed (mtime window: 2026-09-08b)	m4	snapshot:25aa8421-fce1-4a11-8a89-5d2ba5981c88/rp/m4.logos	-	no id of this program is cited by that round's record or its probe-dir files	-	-	RUNS	1	-	unattributed
9c360cb19c138d02	unattributed (mtime window: 2026-09-08b)	r2	snapshot:25aa8421-fce1-4a11-8a89-5d2ba5981c88/rp/r2.logos	-	no id of this program is cited by that round's record or its probe-dir files	-	-	REFUSED	3 /home/logos/sandbox/hand-harvest-2026-09-14/25aa8421-fce1-4a11-8a89-5d2ba5981c88/rp/r2.logos:4: error [fn g]: call to 'h' arg 1: expected &mut i64, got &mut &	-	unattributed
b2e0e9fe7e6c8f8d	unattributed (mtime window: 2026-09-08b)	r1c	snapshot:25aa8421-fce1-4a11-8a89-5d2ba5981c88/rp/r1c.logos	-	no id of this program is cited by that round's record or its probe-dir files	-	-	REFUSED	1 /home/logos/sandbox/hand-harvest-2026-09-14/25aa8421-fce1-4a11-8a89-5d2ba5981c88/rp/r1c.logos:4: error [fn c]: use of moved value 'f': the callable was alread	-	unattributed
c08221a6e0e97689	unattributed (mtime window: 2026-09-08b)	n3	snapshot:25aa8421-fce1-4a11-8a89-5d2ba5981c88/rp/n3.logos	-	no id of this program is cited by that round's record or its probe-dir files	-	-	RUNS	0	-	unattributed
9e5b04f2f25fe4c3	unattributed (mtime window: 2026-09-08b)	b2	snapshot:25aa8421-fce1-4a11-8a89-5d2ba5981c88/rp/b2.logos	-	no id of this program is cited by that round's record or its probe-dir files	-	-	REFUSED	1 error [fn main]: cannot move 'b' while it is borrowed	-	unattributed
048b84d4a29984d6	unattributed (mtime window: 2026-09-08b)	r1a	snapshot:25aa8421-fce1-4a11-8a89-5d2ba5981c88/rp/r1a.logos	-	no id of this program is cited by that round's record or its probe-dir files	-	-	REFUSED	1 error [fn a]: cannot use 'f' while it is mutably borrowed	-	unattributed
8c7dd82402badd90	unattributed (mtime window: 2026-09-08b)	p2	snapshot:25aa8421-fce1-4a11-8a89-5d2ba5981c88/rp/p2.logos	-	no id of this program is cited by that round's record or its probe-dir files	-	-	REFUSED	1 error [fn g]: cannot borrow 'b' as mutable: not declared as mut	-	unattributed
800d45f326460675	unattributed (mtime window: 2026-09-08b)	q3	snapshot:25aa8421-fce1-4a11-8a89-5d2ba5981c88/rp/q3.logos	-	no id of this program is cited by that round's record or its probe-dir files	-	-	RUNS	0	-	unattributed
f6162f83a9528790	unattributed (mtime window: 2026-09-08b)	L9	snapshot:25aa8421-fce1-4a11-8a89-5d2ba5981c88/rp/legal/L9.logos	-	no id of this program is cited by that round's record or its probe-dir files	-	-	RUNS	0	-	unattributed
9611fafbd38bf315	unattributed (mtime window: 2026-09-08b)	L12	snapshot:25aa8421-fce1-4a11-8a89-5d2ba5981c88/rp/legal/L12.logos	-	no id of this program is cited by that round's record or its probe-dir files	-	-	RUNS	0	-	unattributed
5865f8d3e09e5bb8	unattributed (mtime window: 2026-09-08b)	L7	snapshot:25aa8421-fce1-4a11-8a89-5d2ba5981c88/rp/legal/L7.logos	-	no id of this program is cited by that round's record or its probe-dir files	-	-	RUNS	0	-	unattributed
5c0079e0ca728044	unattributed (mtime window: 2026-09-08b)	L10	snapshot:25aa8421-fce1-4a11-8a89-5d2ba5981c88/rp/legal/L10.logos	-	no id of this program is cited by that round's record or its probe-dir files	-	-	RUNS	0	-	unattributed
a4e50704197d5497	unattributed (mtime window: 2026-09-08b)	L2	snapshot:25aa8421-fce1-4a11-8a89-5d2ba5981c88/rp/legal/L2.logos	-	no id of this program is cited by that round's record or its probe-dir files	-	-	RUNS	0	-	unattributed
4d5aabb46d4af968	unattributed (mtime window: 2026-09-08b)	L14	snapshot:25aa8421-fce1-4a11-8a89-5d2ba5981c88/rp/legal/L14.logos	-	no id of this program is cited by that round's record or its probe-dir files	-	-	REFUSED	1 /home/logos/sandbox/hand-harvest-2026-09-14/25aa8421-fce1-4a11-8a89-5d2ba5981c88/rp/legal/L14.logos:9: error [fn main]: call to 'g' arg 1: expected &mut [i64]	-	unattributed
8bf7745f71d67f31	unattributed (mtime window: 2026-09-08b)	L5	snapshot:25aa8421-fce1-4a11-8a89-5d2ba5981c88/rp/legal/L5.logos	-	no id of this program is cited by that round's record or its probe-dir files	-	-	RUNS	0	-	unattributed
3506bcdb1a8919f4	unattributed (mtime window: 2026-09-08b)	L13	snapshot:25aa8421-fce1-4a11-8a89-5d2ba5981c88/rp/legal/L13.logos	-	no id of this program is cited by that round's record or its probe-dir files	-	-	RUNS	0	-	unattributed
86a69b130f6e898d	unattributed (mtime window: 2026-09-08b)	L1	snapshot:25aa8421-fce1-4a11-8a89-5d2ba5981c88/rp/legal/L1.logos	-	no id of this program is cited by that round's record or its probe-dir files	-	-	RUNS	0	-	unattributed
b6a46afc466374ab	unattributed (mtime window: 2026-09-08b)	L6	snapshot:25aa8421-fce1-4a11-8a89-5d2ba5981c88/rp/legal/L6.logos	-	no id of this program is cited by that round's record or its probe-dir files	-	-	RUNS	0	-	unattributed
85865a53cef7bfa9	unattributed (mtime window: 2026-09-08b)	L8	snapshot:25aa8421-fce1-4a11-8a89-5d2ba5981c88/rp/legal/L8.logos	-	no id of this program is cited by that round's record or its probe-dir files	-	-	RUNS	0	-	unattributed
3fd1719c0fc07d7f	unattributed (mtime window: 2026-09-08b)	L4	snapshot:25aa8421-fce1-4a11-8a89-5d2ba5981c88/rp/legal/L4.logos	-	no id of this program is cited by that round's record or its probe-dir files	-	-	RUNS	0	-	unattributed
78d42fc024fb233e	unattributed (mtime window: 2026-09-08b)	L3	snapshot:25aa8421-fce1-4a11-8a89-5d2ba5981c88/rp/legal/L3.logos	-	no id of this program is cited by that round's record or its probe-dir files	-	-	RUNS	0	-	unattributed
21dff79385d7202b	unattributed (mtime window: 2026-09-08b)	L11	snapshot:25aa8421-fce1-4a11-8a89-5d2ba5981c88/rp/legal/L11.logos	-	no id of this program is cited by that round's record or its probe-dir files	-	-	RUNS	0	-	unattributed
1017acb28ec71d82	unattributed (mtime window: 2026-09-08b)	I2	snapshot:25aa8421-fce1-4a11-8a89-5d2ba5981c88/rp/illegal/I2.logos	-	no id of this program is cited by that round's record or its probe-dir files	-	-	REFUSED	1 error [fn g]: cannot borrow 'b' as mutable: not declared as mut	-	unattributed
3745d4e03ce7f604	unattributed (mtime window: 2026-09-08b)	I3	snapshot:25aa8421-fce1-4a11-8a89-5d2ba5981c88/rp/illegal/I3.logos	-	no id of this program is cited by that round's record or its probe-dir files	-	-	REFUSED	1 error [fn g]: cannot borrow 'b' as mutable: not declared as mut	-	unattributed
5737452b4ae55444	unattributed (mtime window: 2026-09-08b)	c	snapshot:25aa8421-fce1-4a11-8a89-5d2ba5981c88/rp/rep/c.logos	-	no id of this program is cited by that round's record or its probe-dir files	-	-	RUNS	3	-	unattributed
11a6ea263e10cfea	unattributed (mtime window: 2026-09-08b)	b	snapshot:25aa8421-fce1-4a11-8a89-5d2ba5981c88/rp/rep/b.logos	-	no id of this program is cited by that round's record or its probe-dir files	-	-	REFUSED	1 error [fn bar]: cannot borrow 't0' as mutable: already mutably borrowed	-	unattributed
964217b26cf658cc	unattributed (mtime window: 2026-09-08)	uam_plain_drop	snapshot:25aa8421-fce1-4a11-8a89-5d2ba5981c88/vg/uam_plain_drop.logos	-	no id of this program is cited by that round's record or its probe-dir files	-	-	REFUSED	1 /home/logos/sandbox/hand-harvest-2026-09-14/25aa8421-fce1-4a11-8a89-5d2ba5981c88/vg/uam_plain_drop.logos:9: error [fn main]: use of moved variable 'a'	-	unattributed
77140f6348d951e3	unattributed (mtime window: 2026-09-08)	uam_box_call	snapshot:25aa8421-fce1-4a11-8a89-5d2ba5981c88/vg/uam_box_call.logos	-	no id of this program is cited by that round's record or its probe-dir files	-	-	REFUSED	1 /home/logos/sandbox/hand-harvest-2026-09-14/25aa8421-fce1-4a11-8a89-5d2ba5981c88/vg/uam_box_call.logos:9: error [fn main]: use of moved variable 'b'	-	unattributed
8dac246cd488d6fd	unattributed (mtime window: 2026-09-08)	shapes2	snapshot:25aa8421-fce1-4a11-8a89-5d2ba5981c88/vg/shapes2.logos	-	no id of this program is cited by that round's record or its probe-dir files	-	-	RUNS	8 shape 1: got 0 shape 2: got 0 shape 3: got 0 shape 4: got 0 shape 5: got 0 shape 6: got 0 shape 7: g	-	unattributed
1138eade638fb305	unattributed (mtime window: 2026-09-08)	uam_box_as	snapshot:25aa8421-fce1-4a11-8a89-5d2ba5981c88/vg/uam_box_as.logos	-	no id of this program is cited by that round's record or its probe-dir files	-	-	REFUSED	1 /home/logos/sandbox/hand-harvest-2026-09-14/25aa8421-fce1-4a11-8a89-5d2ba5981c88/vg/uam_box_as.logos:9: error [fn main]: use of moved variable 'b'	-	unattributed
4e92db845184f4d1	unattributed (mtime window: 2026-09-08)	box_ctl	snapshot:25aa8421-fce1-4a11-8a89-5d2ba5981c88/vg/box_ctl.logos	-	no id of this program is cited by that round's record or its probe-dir files	-	-	RUNS	0	-	unattributed
ad0db8bd3b009fc2	unattributed (mtime window: 2026-09-08)	uam_plain	snapshot:25aa8421-fce1-4a11-8a89-5d2ba5981c88/vg/uam_plain.logos	-	no id of this program is cited by that round's record or its probe-dir files	-	-	RUNS	6	-	unattributed
f704c581997c15a8	unattributed (mtime window: 2026-09-08)	uam_rc_call2	snapshot:25aa8421-fce1-4a11-8a89-5d2ba5981c88/vg/uam_rc_call2.logos	-	no id of this program is cited by that round's record or its probe-dir files	-	-	REFUSED	1 /home/logos/sandbox/hand-harvest-2026-09-14/25aa8421-fce1-4a11-8a89-5d2ba5981c88/vg/uam_rc_call2.logos:10: error [fn main]: use of moved variable 'r'	-	unattributed
7eb49dd74fa4c037	unattributed (mtime window: 2026-09-08)	premise	snapshot:25aa8421-fce1-4a11-8a89-5d2ba5981c88/vg/premise.logos	-	no id of this program is cited by that round's record or its probe-dir files	-	-	RUNS	0 P1 local (want 1): 0 P2 local, drop body moves field (want 1): 0 P1 as field (want 1): 0 P2 as field	-	unattributed
6c1a06bb51bbf971	unattributed (mtime window: 2026-09-08)	uam_rc_plainmove	snapshot:25aa8421-fce1-4a11-8a89-5d2ba5981c88/vg/uam_rc_plainmove.logos	-	no id of this program is cited by that round's record or its probe-dir files	-	-	REFUSED	1 /home/logos/sandbox/hand-harvest-2026-09-14/25aa8421-fce1-4a11-8a89-5d2ba5981c88/vg/uam_rc_plainmove.logos:8: error [fn main]: use of moved variable 'r'	-	unattributed
13c905bd82114eb1	unattributed (mtime window: 2026-09-08)	enumshape	snapshot:25aa8421-fce1-4a11-8a89-5d2ba5981c88/vg/enumshape.logos	-	no id of this program is cited by that round's record or its probe-dir files	-	-	RUNS	0 enum local (want 1): 0 enum as struct field (want 1): 0 enum assigned over (want 1): 0	-	unattributed
116458abd38bb6f2	unattributed (mtime window: 2026-09-08)	uam_rc_call	snapshot:25aa8421-fce1-4a11-8a89-5d2ba5981c88/vg/uam_rc_call.logos	-	no id of this program is cited by that round's record or its probe-dir files	-	-	REFUSED	2 /home/logos/sandbox/hand-harvest-2026-09-14/25aa8421-fce1-4a11-8a89-5d2ba5981c88/vg/uam_rc_call.logos:9: error [fn main]: call to unsafe function 'take' requi	-	unattributed
75ad3a29d8fc3b9e	unattributed (mtime window: 2026-09-08-fatrepr)	D10	snapshot:25aa8421-fce1-4a11-8a89-5d2ba5981c88/handD/D10.logos	-	no id of this program is cited by that round's record or its probe-dir files	-	-	RUNS	0	-	unattributed
4bebb9808a36e764	unattributed (mtime window: 2026-09-08-fatrepr)	D11	snapshot:25aa8421-fce1-4a11-8a89-5d2ba5981c88/handD/D11.logos	-	no id of this program is cited by that round's record or its probe-dir files	-	-	RUNS	0	-	unattributed
6cce615f268f1867	unattributed (mtime window: 2026-09-08-fatrepr)	D15	snapshot:25aa8421-fce1-4a11-8a89-5d2ba5981c88/handD/D15.logos	-	no id of this program is cited by that round's record or its probe-dir files	-	-	RUNS	0	-	unattributed
bbb6e76db208e703	unattributed (mtime window: 2026-09-08-fatrepr)	D9	snapshot:25aa8421-fce1-4a11-8a89-5d2ba5981c88/handD/D9.logos	-	no id of this program is cited by that round's record or its probe-dir files	-	-	RUNS	0	-	unattributed
efffe8a192c06f4d	unattributed (mtime window: 2026-09-08-fatrepr)	D13	snapshot:25aa8421-fce1-4a11-8a89-5d2ba5981c88/handD/D13.logos	-	no id of this program is cited by that round's record or its probe-dir files	-	-	RUNS	134	-	unattributed
c3c48b0bfc288abb	unattributed (mtime window: 2026-09-08-fatrepr)	D14	snapshot:25aa8421-fce1-4a11-8a89-5d2ba5981c88/handD/D14.logos	-	no id of this program is cited by that round's record or its probe-dir files	-	-	RUNS	0	-	unattributed
23024c91427a9aaf	unattributed (mtime window: 2026-09-08-fatrepr)	D3	snapshot:25aa8421-fce1-4a11-8a89-5d2ba5981c88/handD/D3.logos	-	no id of this program is cited by that round's record or its probe-dir files	-	-	RUNS	0	-	unattributed
fc5757fc7abe810a	unattributed (mtime window: 2026-09-08-fatrepr)	D12	snapshot:25aa8421-fce1-4a11-8a89-5d2ba5981c88/handD/D12.logos	-	no id of this program is cited by that round's record or its probe-dir files	-	-	RUNS	0	-	unattributed
fd69581e76ec0246	unattributed (mtime window: 2026-09-08-fatrepr)	D2	snapshot:25aa8421-fce1-4a11-8a89-5d2ba5981c88/handD/D2.logos	-	no id of this program is cited by that round's record or its probe-dir files	-	-	REFUSED	1 /home/logos/sandbox/hand-harvest-2026-09-14/25aa8421-fce1-4a11-8a89-5d2ba5981c88/handD/D2.logos:14: error [fn main]: method 'Holder__eat' arg 1: expected &Rc<	-	unattributed
43fbafa6ea8d29ee	unattributed (mtime window: 2026-09-08-fatrepr)	D1	snapshot:25aa8421-fce1-4a11-8a89-5d2ba5981c88/handD/D1.logos	-	no id of this program is cited by that round's record or its probe-dir files	-	-	RUNS	0	-	unattributed
b2a8ff79b5812a11	unattributed (mtime window: 2026-09-08-fatrepr)	F7	src/compiler/probes/2026-09-08-fatrepr/hand/F7.logos	-	no id of this program is cited by that round's record or its probe-dir files	-	-	CCFAIL	134 timeout: the monitored command dumped core	-	unattributed
d2ca14ae7d21a774	unattributed (mtime window: 2026-09-08-fatrepr-fix)	S1	src/compiler/probes/2026-09-08-fatrepr-fix/hand/S1.logos	-	no id of this program is cited by that round's record or its probe-dir files	-	-	REFUSED	2 /home/logos/sandbox/hand-harvest-2026-09-14/25aa8421-fce1-4a11-8a89-5d2ba5981c88/lintcanary.5EyV/src/compiler/probes/2026-09-08-fatrepr-fix/hand/S1.logos:11: 	-	unattributed
4d70d56e32fbfc6d	unattributed (mtime window: 2026-09-08-fatrepr-fix)	D3	src/compiler/probes/2026-09-08-fatrepr-fix/hand/D3.logos	-	no id of this program is cited by that round's record or its probe-dir files	-	-	RUNS	0	-	unattributed
9cc63ec0706d5a44	unattributed (mtime window: 2026-09-08-fatrepr-fix)	D2	src/compiler/probes/2026-09-08-fatrepr-fix/hand/D2.logos	-	no id of this program is cited by that round's record or its probe-dir files	-	-	RUNS	0	-	unattributed
1a192cfd8314e009	unattributed (mtime window: 2026-09-08-fatrepr-fix)	D1	src/compiler/probes/2026-09-08-fatrepr-fix/hand/D1.logos	-	no id of this program is cited by that round's record or its probe-dir files	-	-	RUNS	0	-	unattributed
c0dae7437dc40481	unattributed (mtime window: 2026-09-08)	t20d	snapshot:25aa8421-fce1-4a11-8a89-5d2ba5981c88/t20d.logos	-	no id of this program is cited by that round's record or its probe-dir files	-	-	RUNS	0 total=0	-	unattributed
7819824c31683b74	unattributed (mtime window: 2026-09-08)	t20	snapshot:25aa8421-fce1-4a11-8a89-5d2ba5981c88/t20.logos	-	no id of this program is cited by that round's record or its probe-dir files	-	-	RUNS	0 total=0	-	unattributed
e91a3b91b560981c	unattributed (mtime window: 2026-09-08)	t20a	snapshot:25aa8421-fce1-4a11-8a89-5d2ba5981c88/t20a.logos	-	no id of this program is cited by that round's record or its probe-dir files	-	-	RUNS	0 total=0	-	unattributed
44b696689769fa70	unattributed (mtime window: 2026-09-08)	t20b	snapshot:25aa8421-fce1-4a11-8a89-5d2ba5981c88/t20b.logos	-	no id of this program is cited by that round's record or its probe-dir files	-	-	RUNS	0 total=0	-	unattributed
65257b9ed65e2b6c	unattributed (mtime window: 2026-09-08)	t20c	snapshot:25aa8421-fce1-4a11-8a89-5d2ba5981c88/t20c.logos	-	no id of this program is cited by that round's record or its probe-dir files	-	-	RUNS	0 total=0	-	unattributed
3d06a29d2bf83c43	unattributed (mtime window: 2026-09-09drop)	inst	snapshot:25aa8421-fce1-4a11-8a89-5d2ba5981c88/dg/inst.logos	-	no id of this program is cited by that round's record or its probe-dir files	-	-	RUNS	0 armed guard fired (want 7): 7	-	unattributed
f331d4201738a2ae	unattributed (mtime window: 2026-09-09drop)	ctlM	snapshot:25aa8421-fce1-4a11-8a89-5d2ba5981c88/dg/ctlM.logos	-	no id of this program is cited by that round's record or its probe-dir files	-	-	REFUSED	1 error [fn Holder__drop]: impl Drop for Holder: method 'drop' does not match the trait declaration: the receiver is declared '&mut Holder<F>' and the impl decl	-	unattributed
15532a1d92dc334e	unattributed (mtime window: 2026-09-09drop)	ctlI	snapshot:25aa8421-fce1-4a11-8a89-5d2ba5981c88/dg/ctlI.logos	-	no id of this program is cited by that round's record or its probe-dir files	-	-	RUNS	0 pre: 0 post (want 1): 1	-	unattributed
c77f51b27e5854c4	unattributed (mtime window: 2026-09-09drop)	p12	snapshot:25aa8421-fce1-4a11-8a89-5d2ba5981c88/dg/p12.logos	-	no id of this program is cited by that round's record or its probe-dir files	-	-	RUNS	0 a: 1 b: 0	-	unattributed
835831af0389fa4b	unattributed (mtime window: 2026-09-09drop)	ctlG	snapshot:25aa8421-fce1-4a11-8a89-5d2ba5981c88/dg/ctlG.logos	-	no id of this program is cited by that round's record or its probe-dir files	-	-	REFUSED	1 error [fn G__drop]: impl Drop for G: method 'drop' does not match the trait declaration: the receiver is declared '&mut G<F>' and the impl declares 'G<F>'	-	unattributed
6dd9fe54b3bb1157	unattributed (mtime window: 2026-09-09drop)	ctlL	snapshot:25aa8421-fce1-4a11-8a89-5d2ba5981c88/dg/ctlL.logos	-	no id of this program is cited by that round's record or its probe-dir files	-	-	RUNS	0 pre: 0 post (want 1): 1	-	unattributed
f5e9f9a759888ea8	unattributed (mtime window: 2026-09-09drop)	q33	snapshot:25aa8421-fce1-4a11-8a89-5d2ba5981c88/dg/q33.logos	-	no id of this program is cited by that round's record or its probe-dir files	-	-	RUNS	0 done: 2	-	unattributed
b8f635d525118534	unattributed (mtime window: 2026-09-09drop)	ctlD	snapshot:25aa8421-fce1-4a11-8a89-5d2ba5981c88/dg/ctlD.logos	-	no id of this program is cited by that round's record or its probe-dir files	-	-	RUNS	0 pre: 0 post: 1	-	unattributed
39772720db11c439	unattributed (mtime window: 2026-09-09drop)	ctlE	snapshot:25aa8421-fce1-4a11-8a89-5d2ba5981c88/dg/ctlE.logos	-	no id of this program is cited by that round's record or its probe-dir files	-	-	RUNS	0 mid, drops (want 1): 1 after scope, drops (want 1): 1	-	unattributed
c2cebec985dcca0b	unattributed (mtime window: 2026-09-09drop)	ctlH	snapshot:25aa8421-fce1-4a11-8a89-5d2ba5981c88/dg/ctlH.logos	-	no id of this program is cited by that round's record or its probe-dir files	-	-	REFUSED	1 error [fn G__drop]: impl Drop for G: method 'drop' does not match the trait declaration: the receiver is declared '&mut G<F>' and the impl declares 'G<F>'	-	unattributed
cc031ab36a8155f4	unattributed (mtime window: 2026-09-09drop)	ctlB	snapshot:25aa8421-fce1-4a11-8a89-5d2ba5981c88/dg/ctlB.logos	-	no id of this program is cited by that round's record or its probe-dir files	-	-	RUNS	0 post: 1	-	unattributed
ad27e457f2679fd9	unattributed (mtime window: 2026-09-09drop)	q23	snapshot:25aa8421-fce1-4a11-8a89-5d2ba5981c88/dg/q23.logos	-	no id of this program is cited by that round's record or its probe-dir files	-	-	RUNS	0 done: 1	-	unattributed
c95dc61613a33b68	unattributed (mtime window: 2026-09-09drop)	ctlF	snapshot:25aa8421-fce1-4a11-8a89-5d2ba5981c88/dg/ctlF.logos	-	no id of this program is cited by that round's record or its probe-dir files	-	-	REFUSED	1 error [fn G__drop]: impl Drop for G: method 'drop' does not match the trait declaration: the receiver is declared '&mut G<F>' and the impl declares 'G<F>'	-	unattributed
d7119d97cf73221d	unattributed (mtime window: 2026-09-09drop)	abc3	snapshot:25aa8421-fce1-4a11-8a89-5d2ba5981c88/dg/abc3.logos	-	no id of this program is cited by that round's record or its probe-dir files	-	-	RUNS	0 done: 1	-	unattributed
7c87ec19292cbe25	unattributed (mtime window: 2026-09-09drop)	ctlJ	snapshot:25aa8421-fce1-4a11-8a89-5d2ba5981c88/dg/ctlJ.logos	-	no id of this program is cited by that round's record or its probe-dir files	-	-	RUNS	0 pre: 0 post (want 1): 1	-	unattributed
9c0e26ddcd98878a	unattributed (mtime window: 2026-09-09drop)	q13	snapshot:25aa8421-fce1-4a11-8a89-5d2ba5981c88/dg/q13.logos	-	no id of this program is cited by that round's record or its probe-dir files	-	-	RUNS	0 done: 2	-	unattributed
f6b88b01b839a7f3	unattributed (mtime window: 2026-09-09drop)	ctlK	snapshot:25aa8421-fce1-4a11-8a89-5d2ba5981c88/dg/ctlK.logos	-	no id of this program is cited by that round's record or its probe-dir files	-	-	RUNS	0 pre: 0 post (want 1): 1	-	unattributed
637057eddeaad412	unattributed (mtime window: 2026-09-09drop)	p3	snapshot:25aa8421-fce1-4a11-8a89-5d2ba5981c88/dg/p3.logos	-	no id of this program is cited by that round's record or its probe-dir files	-	-	RUNS	0 firings: 1	-	unattributed
0019f1f1e7c80111	unattributed (mtime window: 2026-09-09drop)	p1	snapshot:25aa8421-fce1-4a11-8a89-5d2ba5981c88/dg/p1.logos	-	no id of this program is cited by that round's record or its probe-dir files	-	-	RUNS	0 firings: 1	-	unattributed
32e382403d806097	unattributed (mtime window: 2026-09-09drop)	ctlA	snapshot:25aa8421-fce1-4a11-8a89-5d2ba5981c88/dg/ctlA.logos	-	no id of this program is cited by that round's record or its probe-dir files	-	-	RUNS	0 pre: 0 post: 1	-	unattributed
b0af208dd3d26d17	unattributed (mtime window: 2026-09-09drop)	abc2	snapshot:25aa8421-fce1-4a11-8a89-5d2ba5981c88/dg/abc2.logos	-	no id of this program is cited by that round's record or its probe-dir files	-	-	RUNS	0 a: 1 b: 1 c: 2	-	unattributed
12bdf3ea6a799600	unattributed (mtime window: 2026-09-09drop)	abc	snapshot:25aa8421-fce1-4a11-8a89-5d2ba5981c88/dg/abc.logos	-	no id of this program is cited by that round's record or its probe-dir files	-	-	RUNS	0 done: 2	-	unattributed
f6df524a2fb210a1	unattributed (mtime window: 2026-09-09drop)	seg1	snapshot:25aa8421-fce1-4a11-8a89-5d2ba5981c88/dg/seg1.logos	-	no id of this program is cited by that round's record or its probe-dir files	-	-	RUNS	0 pre: 0 post: 1	-	unattributed
e6234f7eb8c7e503	unattributed (mtime window: 2026-09-09drop)	ctlOLD	snapshot:25aa8421-fce1-4a11-8a89-5d2ba5981c88/dg/ctlOLD.logos	-	no id of this program is cited by that round's record or its probe-dir files	-	-	REFUSED	1 error [fn G__drop]: impl Drop for G: method 'drop' does not match the trait declaration: the receiver is declared '&mut G<F>' and the impl declares 'G<F>'	-	unattributed
b74613ce9a1863f4	unattributed (mtime window: 2026-09-09drop)	p123	snapshot:25aa8421-fce1-4a11-8a89-5d2ba5981c88/dg/p123.logos	-	no id of this program is cited by that round's record or its probe-dir files	-	-	RUNS	0 a: 1 b: 0 c-pre: 0 c: 1	-	unattributed
49d3183aeebf5984	unattributed (mtime window: 2026-09-09drop)	ctlN	snapshot:25aa8421-fce1-4a11-8a89-5d2ba5981c88/dg/ctlN.logos	-	no id of this program is cited by that round's record or its probe-dir files	-	-	REFUSED	1 error [fn Holder__drop]: impl Drop for Holder: method 'drop' does not match the trait declaration: the receiver is declared '&mut Holder<F>' and the impl decl	-	unattributed
4721aebf4330f683	unattributed (mtime window: 2026-09-09drop)	ctlP	snapshot:25aa8421-fce1-4a11-8a89-5d2ba5981c88/dg/ctlP.logos	-	no id of this program is cited by that round's record or its probe-dir files	-	-	RUNS	0 pre: 0 post (want 1): 1	-	unattributed
9854171e8f4f22f6	unattributed (mtime window: 2026-09-09drop)	ctlC	snapshot:25aa8421-fce1-4a11-8a89-5d2ba5981c88/dg/ctlC.logos	-	no id of this program is cited by that round's record or its probe-dir files	-	-	RUNS	0 pre: 0 post: 1	-	unattributed
3ee32b90558c033e	unattributed (mtime window: 2026-09-09drop)	p2	snapshot:25aa8421-fce1-4a11-8a89-5d2ba5981c88/dg/p2.logos	-	no id of this program is cited by that round's record or its probe-dir files	-	-	RUNS	0 firings: 0	-	unattributed
97cce1544b2896e8	unattributed (mtime window: 2026-09-09drop)	aab	snapshot:25aa8421-fce1-4a11-8a89-5d2ba5981c88/dg/aab.logos	-	no id of this program is cited by that round's record or its probe-dir files	-	-	RUNS	0 done: 3	-	unattributed
0521a59f992cf891	unattributed (mtime window: 2026-09-09drop)	c1_locals_reverse	snapshot:25aa8421-fce1-4a11-8a89-5d2ba5981c88/dord/c1_locals_reverse.logos	-	no id of this program is cited by that round's record or its probe-dir files	-	-	RUNS	0	-	unattributed
7f634c273d133867	unattributed (mtime window: 2026-09-09drop)	g4_user_drop_then_fields	snapshot:25aa8421-fce1-4a11-8a89-5d2ba5981c88/dord/g4_user_drop_then_fields.logos	-	no id of this program is cited by that round's record or its probe-dir files	-	-	RUNS	0	-	unattributed
e5ac225d32a370cd	unattributed (mtime window: 2026-09-09drop)	c2_array_forward	snapshot:25aa8421-fce1-4a11-8a89-5d2ba5981c88/dord/c2_array_forward.logos	-	no id of this program is cited by that round's record or its probe-dir files	-	-	RUNS	0	-	unattributed
e1efd165a8bd614e	unattributed (mtime window: 2026-09-09drop)	g2_tuple_in_struct	snapshot:25aa8421-fce1-4a11-8a89-5d2ba5981c88/dord/g2_tuple_in_struct.logos	-	no id of this program is cited by that round's record or its probe-dir files	-	-	RUNS	0	-	unattributed
3a818c4054d6afa0	unattributed (mtime window: 2026-09-09drop)	g6_four_fields	snapshot:25aa8421-fce1-4a11-8a89-5d2ba5981c88/dord/g6_four_fields.logos	-	no id of this program is cited by that round's record or its probe-dir files	-	-	RUNS	0	-	unattributed
b6c544630ad697f2	unattributed (mtime window: 2026-09-09drop)	g7_partial_move	snapshot:25aa8421-fce1-4a11-8a89-5d2ba5981c88/dord/g7_partial_move.logos	-	no id of this program is cited by that round's record or its probe-dir files	-	-	RUNS	0	-	unattributed
5a14aebe2176dfff	unattributed (mtime window: 2026-09-09drop)	g5_enum_payload	snapshot:25aa8421-fce1-4a11-8a89-5d2ba5981c88/dord/g5_enum_payload.logos	-	no id of this program is cited by that round's record or its probe-dir files	-	-	RUNS	0	-	unattributed
ce3f6fd4c933b4dc	unattributed (mtime window: 2026-09-09drop)	g3_struct_in_tuple	snapshot:25aa8421-fce1-4a11-8a89-5d2ba5981c88/dord/g3_struct_in_tuple.logos	-	no id of this program is cited by that round's record or its probe-dir files	-	-	RUNS	0	-	unattributed
44f2341b59bd6c0a	unattributed (mtime window: 2026-09-09drop)	g1_nested_struct	snapshot:25aa8421-fce1-4a11-8a89-5d2ba5981c88/dord/g1_nested_struct.logos	-	no id of this program is cited by that round's record or its probe-dir files	-	-	RUNS	0	-	unattributed
ac99b7ef5f488141	unattributed (mtime window: 2026-09-09drop)	ce11_moved_out	snapshot:25aa8421-fce1-4a11-8a89-5d2ba5981c88/ce/ce11_moved_out.logos	-	no id of this program is cited by that round's record or its probe-dir files	-	-	RUNS	0 .T,|END	-	unattributed
9d67ce4f832eb67c	unattributed (mtime window: 2026-09-09drop)	ce12_arity_control	snapshot:25aa8421-fce1-4a11-8a89-5d2ba5981c88/ce/ce12_arity_control.logos	-	no id of this program is cited by that round's record or its probe-dir files	-	-	REFUSED	1 /home/logos/sandbox/hand-harvest-2026-09-14/25aa8421-fce1-4a11-8a89-5d2ba5981c88/ce/ce12_arity_control.logos:10: error [fn main]: method call 'R__thing': expe	-	unattributed
6c50e87e8b67beee	unattributed (mtime window: 2026-09-09drop)	ce9_two_traits_diffsig	snapshot:25aa8421-fce1-4a11-8a89-5d2ba5981c88/ce/ce9_two_traits_diffsig.logos	-	no id of this program is cited by that round's record or its probe-dir files	-	-	REFUSED	1 error: 'func.call' op incorrect number of operands for callee	-	unattributed
29f5c1f7f97ab989	unattributed (mtime window: 2026-09-09drop)	ce8_bound_dispatch	snapshot:25aa8421-fce1-4a11-8a89-5d2ba5981c88/ce/ce8_bound_dispatch.logos	-	no id of this program is cited by that round's record or its probe-dir files	-	-	REFUSED	1 error: 'func.call' op incorrect number of operands for callee	-	unattributed
6f15e3c7acd533f5	unattributed (mtime window: 2026-09-09drop)	ce7_nested_field	snapshot:25aa8421-fce1-4a11-8a89-5d2ba5981c88/ce/ce7_nested_field.logos	-	no id of this program is cited by that round's record or its probe-dir files	-	-	RUNS	0 T|END	-	unattributed
93ccc2f4ac44bd45	unattributed (mtime window: 2026-09-09drop)	ce6_enum_recv	snapshot:25aa8421-fce1-4a11-8a89-5d2ba5981c88/ce/ce6_enum_recv.logos	-	no id of this program is cited by that round's record or its probe-dir files	-	-	RUNS	0 T|END	-	unattributed
4cf557232dae6dc1	unattributed (mtime window: 2026-09-09drop)	ce5_generic_arity	snapshot:25aa8421-fce1-4a11-8a89-5d2ba5981c88/ce/ce5_generic_arity.logos	-	no id of this program is cited by that round's record or its probe-dir files	-	-	RUNS	0 T|END	-	unattributed
a99a977832948885	unattributed (mtime window: 2026-09-09drop)	ce10_arity_wrong_call	snapshot:25aa8421-fce1-4a11-8a89-5d2ba5981c88/ce/ce10_arity_wrong_call.logos	-	no id of this program is cited by that round's record or its probe-dir files	-	-	REFUSED	1 /home/logos/sandbox/hand-harvest-2026-09-14/25aa8421-fce1-4a11-8a89-5d2ba5981c88/ce/ce10_arity_wrong_call.logos:17: error [fn main]: method call 'R__drop': ex	-	unattributed
f3cb3e622aeba8af	unattributed (mtime window: 2026-09-09drop)	msmr_ctl	snapshot:25aa8421-fce1-4a11-8a89-5d2ba5981c88/e0509/msmr_ctl.logos	-	no id of this program is cited by that round's record or its probe-dir files	-	-	REFUSED	1 error [fn main]: use of partially moved value 'x' (field 'a' moved on line 9)	-	unattributed
ea5e1890cf29428d	unattributed (mtime window: 2026-09-09drop)	m2	snapshot:25aa8421-fce1-4a11-8a89-5d2ba5981c88/e0509/m2.logos	-	no id of this program is cited by that round's record or its probe-dir files	-	-	REFUSED	1 error [fn go]: cannot move out of 'E' into pattern binding 'x': type 'E' implements the Drop trait, so its destructor must see the whole value (E0509). Bind b	-	unattributed
73e0c728aa38dfb9	unattributed (mtime window: 2026-09-09drop)	m3	snapshot:25aa8421-fce1-4a11-8a89-5d2ba5981c88/e0509/m3.logos	-	no id of this program is cited by that round's record or its probe-dir files	-	-	REFUSED	1 error [fn go]: cannot move out of 'S' into pattern binding 'x': type 'S' implements the Drop trait, so its destructor must see the whole value (E0509). Bind b	-	unattributed
fd03460a7b06cf1a	unattributed (mtime window: 2026-09-09drop)	legal3	snapshot:25aa8421-fce1-4a11-8a89-5d2ba5981c88/e0509/legal3.logos	-	no id of this program is cited by that round's record or its probe-dir files	-	-	RUNS	0	-	unattributed
a97a2ad78e8840a9	unattributed (mtime window: 2026-09-09drop)	legal1	snapshot:25aa8421-fce1-4a11-8a89-5d2ba5981c88/e0509/legal1.logos	-	no id of this program is cited by that round's record or its probe-dir files	-	-	RUNS	0	-	unattributed
b7867ceac3e18426	unattributed (mtime window: 2026-09-09drop)	legal4	snapshot:25aa8421-fce1-4a11-8a89-5d2ba5981c88/e0509/legal4.logos	-	no id of this program is cited by that round's record or its probe-dir files	-	-	RUNS	0	-	unattributed
6ee517b80f42ff04	unattributed (mtime window: 2026-09-09drop)	m1	snapshot:25aa8421-fce1-4a11-8a89-5d2ba5981c88/e0509/m1.logos	-	no id of this program is cited by that round's record or its probe-dir files	-	-	REFUSED	1 error [fn go]: cannot move out of 'S' into pattern binding 'a': type 'S' implements the Drop trait, so its destructor must see the whole value (E0509). Bind b	-	unattributed
b43940419a67366e	unattributed (mtime window: 2026-09-09drop)	legal5	snapshot:25aa8421-fce1-4a11-8a89-5d2ba5981c88/e0509/legal5.logos	-	no id of this program is cited by that round's record or its probe-dir files	-	-	RUNS	0	-	unattributed
f9a9f8713162cd4c	unattributed (mtime window: 2026-09-09drop)	m4	snapshot:25aa8421-fce1-4a11-8a89-5d2ba5981c88/e0509/m4.logos	-	no id of this program is cited by that round's record or its probe-dir files	-	-	REFUSED	1 error [fn go]: cannot move out of 'S' into pattern binding 'x': type 'S' implements the Drop trait, so its destructor must see the whole value (E0509). Bind b	-	unattributed
a66e710ba1225935	unattributed (mtime window: 2026-09-09drop)	legal2	snapshot:25aa8421-fce1-4a11-8a89-5d2ba5981c88/e0509/legal2.logos	-	no id of this program is cited by that round's record or its probe-dir files	-	-	RUNS	0 legal2 ok: 1	-	unattributed
20be6e3ffeecd4ac	unattributed (mtime window: 2026-09-09h-fatret)	ty	snapshot:25aa8421-fce1-4a11-8a89-5d2ba5981c88/ty.logos	-	no id of this program is cited by that round's record or its probe-dir files	-	-	REFUSED	1 /home/logos/sandbox/hand-harvest-2026-09-14/25aa8421-fce1-4a11-8a89-5d2ba5981c88/ty.logos:5: error [fn main]: let 'q': type mismatch — expected i64, got &[u8]	-	unattributed
049a0f752a0cd7ba	unattributed (mtime window: 2026-09-09h-fatret)	P_B	snapshot:25aa8421-fce1-4a11-8a89-5d2ba5981c88/ce/P_B.logos	-	no id of this program is cited by that round's record or its probe-dir files	-	-	RUNS	0	-	unattributed
adbb6c740715463b	unattributed (mtime window: 2026-09-09h-fatret)	Z1	src/compiler/probes/2026-09-09h-fatret/hand/Z1.logos	-	no id of this program is cited by that round's record or its probe-dir files	-	-	REFUSED	1 /home/logos/sandbox/hand-harvest-2026-09-14/25aa8421-fce1-4a11-8a89-5d2ba5981c88/lintcanary.5EyV/src/compiler/probes/2026-09-09h-fatret/hand/Z1.logos:10: erro	-	unattributed
490cf8a63529ec93	unattributed (mtime window: 2026-09-09h-fatret)	P_D	snapshot:25aa8421-fce1-4a11-8a89-5d2ba5981c88/ce/P_D.logos	-	no id of this program is cited by that round's record or its probe-dir files	-	-	RUNS	0	-	unattributed
ee316edbf0687ff6	unattributed (mtime window: 2026-09-09h-fatret)	Z2	src/compiler/probes/2026-09-09h-fatret/hand/Z2.logos	-	no id of this program is cited by that round's record or its probe-dir files	-	-	RUNS	0	-	unattributed
1d2ffb534443fa73	unattributed (mtime window: 2026-09-09h-fatret)	P_D3	snapshot:25aa8421-fce1-4a11-8a89-5d2ba5981c88/ce/P_D3.logos	-	no id of this program is cited by that round's record or its probe-dir files	-	-	RUNS	0	-	unattributed
62464fdb84cac83d	unattributed (mtime window: 2026-09-09h-fatret)	D1	src/compiler/probes/2026-09-09h-fatret/hand/D1.logos	-	no id of this program is cited by that round's record or its probe-dir files	-	-	RUNS	0	-	unattributed
b5f69c87cc845a9f	unattributed (mtime window: 2026-09-09h-fatret)	P_D2	snapshot:25aa8421-fce1-4a11-8a89-5d2ba5981c88/ce/P_D2.logos	-	no id of this program is cited by that round's record or its probe-dir files	-	-	RUNS	1	-	unattributed
adc6ac6a10a7d7b6	unattributed (mtime window: 2026-09-09h-fatret)	B	snapshot:25aa8421-fce1-4a11-8a89-5d2ba5981c88/t2/B.logos	-	no id of this program is cited by that round's record or its probe-dir files	-	-	REFUSED	1 /home/logos/sandbox/hand-harvest-2026-09-14/25aa8421-fce1-4a11-8a89-5d2ba5981c88/t2/B.logos:4: error [fn f]: coercion to `dyn Fn` requires `|| -> i64: 'static	-	unattributed
6cdbe274cdd80fd4	unattributed (mtime window: 2026-09-09h-fatret)	A	snapshot:25aa8421-fce1-4a11-8a89-5d2ba5981c88/t2/A.logos	-	no id of this program is cited by that round's record or its probe-dir files	-	-	REFUSED	1 /home/logos/sandbox/hand-harvest-2026-09-14/25aa8421-fce1-4a11-8a89-5d2ba5981c88/t2/A.logos:5: error [fn f]: coercion to `dyn Fn` requires `|| -> i64: 'static	-	unattributed
406c0e13c8ce5197	unattributed (mtime window: 2026-09-09g-closureenv)	F7	src/compiler/probes/2026-09-09g-closureenv/hand/F7.logos	-	no id of this program is cited by that round's record or its probe-dir files	-	-	RUNS	0	-	unattributed
410d1eff26d6bc50	unattributed (mtime window: 2026-09-09g-closureenv)	R2	src/compiler/probes/2026-09-09g-closureenv/hand/R2.logos	-	no id of this program is cited by that round's record or its probe-dir files	-	-	RUNS	0	-	unattributed
93da22d14fddba70	unattributed (mtime window: 2026-09-09sig)	smoke	snapshot:25aa8421-fce1-4a11-8a89-5d2ba5981c88/sig/smoke.logos	-	no id of this program is cited by that round's record or its probe-dir files	-	-	REFUSED	1 /home/logos/sandbox/hand-harvest-2026-09-14/25aa8421-fce1-4a11-8a89-5d2ba5981c88/sig/smoke.logos:22: error [fn main]: call to undefined function 'print_i64'	-	unattributed
4ddb7cae64d7ba3e	unattributed (mtime window: 2026-09-09sig)	c24_drop_ret_i64	snapshot:25aa8421-fce1-4a11-8a89-5d2ba5981c88/census/c24_drop_ret_i64.logos	-	no id of this program is cited by that round's record or its probe-dir files	-	-	REFUSED	1 error [fn R__drop]: impl Drop for R: method 'drop' does not match the trait declaration: the return type is declared 'void' and the impl declares 'i64'	-	unattributed
8ff3230f8c0ba4b7	unattributed (mtime window: 2026-09-09sig)	c00_control_ok	snapshot:25aa8421-fce1-4a11-8a89-5d2ba5981c88/census/c00_control_ok.logos	-	no id of this program is cited by that round's record or its probe-dir files	-	-	RUNS	0 r=7	-	unattributed
69bcd2130d4d167f	unattributed (mtime window: 2026-09-09sig)	c25_where_clause_added	snapshot:25aa8421-fce1-4a11-8a89-5d2ba5981c88/census/c25_where_clause_added.logos	-	no id of this program is cited by that round's record or its probe-dir files	-	-	RUNS	0 r=5	-	unattributed
8a76ed12a717a689	unattributed (mtime window: 2026-09-09sigland)	O02_named_vs_elided	snapshot:25aa8421-fce1-4a11-8a89-5d2ba5981c88/sig/O02_named_vs_elided.logos	-	no id of this program is cited by that round's record or its probe-dir files	-	-	RUNS	0	-	unattributed
8fba6f8d930a1723	unattributed (mtime window: 2026-09-09sigland)	O01_elided_vs_named	snapshot:25aa8421-fce1-4a11-8a89-5d2ba5981c88/sig/O01_elided_vs_named.logos	-	no id of this program is cited by that round's record or its probe-dir files	-	-	RUNS	0	-	unattributed
3ef1ec4d83fc21f2	unattributed (mtime window: 2026-09-09sigland)	O03_both_named	snapshot:25aa8421-fce1-4a11-8a89-5d2ba5981c88/sig/O03_both_named.logos	-	no id of this program is cited by that round's record or its probe-dir files	-	-	RUNS	0	-	unattributed
f9d6c16afc96361b	unattributed (mtime window: 2026-09-09elide)	f_array_nested	snapshot:25aa8421-fce1-4a11-8a89-5d2ba5981c88/lat/f_array_nested.logos	-	no id of this program is cited by that round's record or its probe-dir files	-	-	REFUSED	1 error [/home/logos/sandbox/hand-harvest-2026-09-14/25aa8421-fce1-4a11-8a89-5d2ba5981c88/lat/f_array_nested.logos]: syntax error near 'fn' at line 2 col 1	-	unattributed
2bc0bcb711514d78	unattributed (mtime window: 2026-09-09elide)	f_struct_nested	snapshot:25aa8421-fce1-4a11-8a89-5d2ba5981c88/lat/f_struct_nested.logos	-	no id of this program is cited by that round's record or its probe-dir files	-	-	REFUSED	1 error [/home/logos/sandbox/hand-harvest-2026-09-14/25aa8421-fce1-4a11-8a89-5d2ba5981c88/lat/f_struct_nested.logos]: syntax error near 'fn' at line 3 col 1	-	unattributed
eac0b888237a58c7	unattributed (mtime window: 2026-09-09elide)	m_name	snapshot:25aa8421-fce1-4a11-8a89-5d2ba5981c88/lat/m_name.logos	-	no id of this program is cited by that round's record or its probe-dir files	-	-	RUNS	0	-	unattributed
4d343cf778430816	unattributed (mtime window: 2026-09-09elide)	f_name	snapshot:25aa8421-fce1-4a11-8a89-5d2ba5981c88/lat/f_name.logos	-	no id of this program is cited by that round's record or its probe-dir files	-	-	RUNS	0	-	unattributed
ad67325b972b9614	unattributed (mtime window: 2026-09-09elide)	l_struct_nested	snapshot:25aa8421-fce1-4a11-8a89-5d2ba5981c88/lat/l_struct_nested.logos	-	no id of this program is cited by that round's record or its probe-dir files	-	-	REFUSED	4 /home/logos/sandbox/hand-harvest-2026-09-14/25aa8421-fce1-4a11-8a89-5d2ba5981c88/lat/l_struct_nested.logos:3: error [fn main]: 'let <pattern> = expr;' current	-	unattributed
309fbf9644fd754d	unattributed (mtime window: 2026-09-09elide)	f_struct_top	snapshot:25aa8421-fce1-4a11-8a89-5d2ba5981c88/lat/f_struct_top.logos	-	no id of this program is cited by that round's record or its probe-dir files	-	-	RUNS	0	-	unattributed
a72f5313ebd10958	unattributed (mtime window: 2026-09-09elide)	c_array_top	snapshot:25aa8421-fce1-4a11-8a89-5d2ba5981c88/lat/c_array_top.logos	-	no id of this program is cited by that round's record or its probe-dir files	-	-	REFUSED	1 error [/home/logos/sandbox/hand-harvest-2026-09-14/25aa8421-fce1-4a11-8a89-5d2ba5981c88/lat/c_array_top.logos]: syntax error near 'fn' at line 2 col 1	-	unattributed
ac7c1cb479560ab9	unattributed (mtime window: 2026-09-09elide)	f_array_top	snapshot:25aa8421-fce1-4a11-8a89-5d2ba5981c88/lat/f_array_top.logos	-	no id of this program is cited by that round's record or its probe-dir files	-	-	RUNS	0	-	unattributed
68c27afb191f1750	unattributed (mtime window: 2026-09-09elide)	c_struct_top	snapshot:25aa8421-fce1-4a11-8a89-5d2ba5981c88/lat/c_struct_top.logos	-	no id of this program is cited by that round's record or its probe-dir files	-	-	REFUSED	1 error [/home/logos/sandbox/hand-harvest-2026-09-14/25aa8421-fce1-4a11-8a89-5d2ba5981c88/lat/c_struct_top.logos]: syntax error near 'fn' at line 3 col 1	-	unattributed
fb024faf7deee182	unattributed (mtime window: 2026-09-09elide)	l_name	snapshot:25aa8421-fce1-4a11-8a89-5d2ba5981c88/lat/l_name.logos	-	no id of this program is cited by that round's record or its probe-dir files	-	-	RUNS	0	-	unattributed
23d48de05b0e553d	unattributed (mtime window: 2026-09-09elide)	c_name	snapshot:25aa8421-fce1-4a11-8a89-5d2ba5981c88/lat/c_name.logos	-	no id of this program is cited by that round's record or its probe-dir files	-	-	RUNS	0	-	unattributed
ff3968c07e3a793a	unattributed (mtime window: 2026-09-09elide)	m_tuple	snapshot:25aa8421-fce1-4a11-8a89-5d2ba5981c88/lat/m_tuple.logos	-	no id of this program is cited by that round's record or its probe-dir files	-	-	RUNS	0	-	unattributed
c3435e3c13c64824	unattributed (mtime window: 2026-09-09elide)	f_tuple	snapshot:25aa8421-fce1-4a11-8a89-5d2ba5981c88/lat/f_tuple.logos	-	no id of this program is cited by that round's record or its probe-dir files	-	-	RUNS	0	-	unattributed
8715d13a92dce223	unattributed (mtime window: 2026-09-09elide)	m_at	snapshot:25aa8421-fce1-4a11-8a89-5d2ba5981c88/lat/m_at.logos	-	no id of this program is cited by that round's record or its probe-dir files	-	-	RUNS	0	-	unattributed
6fd58a6a3b9f6104	unattributed (mtime window: 2026-09-09elide)	m_array	snapshot:25aa8421-fce1-4a11-8a89-5d2ba5981c88/lat/m_array.logos	-	no id of this program is cited by that round's record or its probe-dir files	-	-	REFUSED	2 /home/logos/sandbox/hand-harvest-2026-09-14/25aa8421-fce1-4a11-8a89-5d2ba5981c88/lat/m_array.logos:4: error [fn main]: undefined variable 'a'	-	unattributed
3f7d7c3be6ad98bd	unattributed (mtime window: 2026-09-09elide)	l_tuple	snapshot:25aa8421-fce1-4a11-8a89-5d2ba5981c88/lat/l_tuple.logos	-	no id of this program is cited by that round's record or its probe-dir files	-	-	RUNS	0	-	unattributed
926e13533c0d1c2f	unattributed (mtime window: 2026-09-09elide)	l_array_nested	snapshot:25aa8421-fce1-4a11-8a89-5d2ba5981c88/lat/l_array_nested.logos	-	no id of this program is cited by that round's record or its probe-dir files	-	-	REFUSED	4 /home/logos/sandbox/hand-harvest-2026-09-14/25aa8421-fce1-4a11-8a89-5d2ba5981c88/lat/l_array_nested.logos:2: error [fn main]: 'let <pattern> = expr;' currentl	-	unattributed
82608d49eee91b80	unattributed (mtime window: 2026-09-09elide)	c_tuple	snapshot:25aa8421-fce1-4a11-8a89-5d2ba5981c88/lat/c_tuple.logos	-	no id of this program is cited by that round's record or its probe-dir files	-	-	RUNS	0	-	unattributed
49697bc237c5030a	unattributed (mtime window: 2026-09-09elide)	m_struct	snapshot:25aa8421-fce1-4a11-8a89-5d2ba5981c88/lat/m_struct.logos	-	no id of this program is cited by that round's record or its probe-dir files	-	-	REFUSED	2 /home/logos/sandbox/hand-harvest-2026-09-14/25aa8421-fce1-4a11-8a89-5d2ba5981c88/lat/m_struct.logos:5: error [fn main]: undefined variable 'x'	-	unattributed
d69c1894a03157dd	unattributed (mtime window: 2026-09-09i-cesc)	d1_args	snapshot:25aa8421-fce1-4a11-8a89-5d2ba5981c88/d1_args.logos	-	no id of this program is cited by that round's record or its probe-dir files	-	-	RUNS	0	-	unattributed
8e866ee2d5a0d05b	unattributed (mtime window: 2026-09-09i-cesc)	ctl_boxed	snapshot:25aa8421-fce1-4a11-8a89-5d2ba5981c88/ctl_boxed.logos	-	no id of this program is cited by that round's record or its probe-dir files	-	-	REFUSED	1 /home/logos/sandbox/hand-harvest-2026-09-14/25aa8421-fce1-4a11-8a89-5d2ba5981c88/ctl_boxed.logos:6: error [fn mk]: coercion to `dyn Fn` requires `|| -> i64: '	-	unattributed
239e2e4df5ca6397	unattributed (mtime window: 2026-09-09i-cesc)	ctl_generic	snapshot:25aa8421-fce1-4a11-8a89-5d2ba5981c88/ctl_generic.logos	-	no id of this program is cited by that round's record or its probe-dir files	-	-	RUNS	0	-	unattributed
6c68740489c16c8a	unattributed (mtime window: 2026-09-09i-cesc)	d1_seq	snapshot:25aa8421-fce1-4a11-8a89-5d2ba5981c88/d1_seq.logos	-	no id of this program is cited by that round's record or its probe-dir files	-	-	REFUSED	2 error [fn main]: cannot borrow 'a' as shared: already mutably borrowed	-	unattributed
7b7f91ec692500b1	unattributed (mtime window: 2026-09-09i-cesc)	d2_named	snapshot:25aa8421-fce1-4a11-8a89-5d2ba5981c88/d2_named.logos	-	no id of this program is cited by that round's record or its probe-dir files	-	-	REFUSED	1 error [fn f]: cannot return reference to local variable 'v': dangling reference	-	unattributed
670d1cfcd58c7fa1	unattributed (mtime window: 2026-09-09i-cesc)	L2	src/compiler/probes/2026-09-09i-cesc/hand/L2.logos	-	no id of this program is cited by that round's record or its probe-dir files	-	-	RUNS	0	-	unattributed
4d200b9f751167a1	unattributed (mtime window: 2026-09-09i-cesc)	L1	src/compiler/probes/2026-09-09i-cesc/hand/L1.logos	-	no id of this program is cited by that round's record or its probe-dir files	-	-	RUNS	0	-	unattributed
34af23128410e196	unattributed (mtime window: 2026-09-09i-cesc)	L4	src/compiler/probes/2026-09-09i-cesc/hand/L4.logos	-	no id of this program is cited by that round's record or its probe-dir files	-	-	RUNS	0	-	unattributed
5cd886899d656843	unattributed (mtime window: 2026-09-09i-cesc)	L3	src/compiler/probes/2026-09-09i-cesc/hand/L3.logos	-	no id of this program is cited by that round's record or its probe-dir files	-	-	RUNS	0	-	unattributed
bcb330b129c57a7c	unattributed (mtime window: 2026-09-09j-capret)	h1	src/compiler/probes/2026-09-09j-capret/hand/h1.logos	-	no id of this program is cited by that round's record or its probe-dir files	-	-	REFUSED	1 error [fn f]: captured variable 'x' cannot escape `FnMut` closure body: a mutable reborrow of a capture is bounded by the closure call	-	unattributed
bb0c77845ae9a0a2	unattributed (mtime window: 2026-09-09j-capret)	h3	src/compiler/probes/2026-09-09j-capret/hand/h3.logos	-	no id of this program is cited by that round's record or its probe-dir files	-	-	RUNS	0	-	unattributed
310d1737f067f243	unattributed (mtime window: 2026-09-09j-capret)	h2	src/compiler/probes/2026-09-09j-capret/hand/h2.logos	-	no id of this program is cited by that round's record or its probe-dir files	-	-	RUNS	0	-	unattributed
ad47dbad00a35a66	unattributed (mtime window: 2026-09-09j-capret)	h4	src/compiler/probes/2026-09-09j-capret/hand/h4.logos	-	no id of this program is cited by that round's record or its probe-dir files	-	-	RUNS	0	-	unattributed
fbe313c4c1fe298b	unattributed (mtime window: 2026-09-09j-capret)	h5	src/compiler/probes/2026-09-09j-capret/hand/h5.logos	-	no id of this program is cited by that round's record or its probe-dir files	-	-	REFUSED	1 error [fn f]: cannot return reference to local variable 't': dangling reference	-	unattributed
f7eb3580c3fa25ff	unattributed (mtime window: 2026-09-09k-bcs)	g4_array_carrier	snapshot:25aa8421-fce1-4a11-8a89-5d2ba5981c88/bcs/g4_array_carrier.logos	-	no id of this program is cited by that round's record or its probe-dir files	-	-	REFUSED	1 error [fn main]: temporary value dropped while borrowed: this reference borrows into a temporary that is dropped at the end of the statement; bind the owning 	-	unattributed
90d9dbe69cb08fe4	unattributed (mtime window: 2026-09-09k-bcs)	L6_struct_from_named_call	snapshot:25aa8421-fce1-4a11-8a89-5d2ba5981c88/bcs/L6_struct_from_named_call.logos	-	no id of this program is cited by that round's record or its probe-dir files	-	-	RUNS	9	-	unattributed
3ff0d45197b6a09f	unattributed (mtime window: 2026-09-09k-bcs)	g6_no_let_same_stmt	snapshot:25aa8421-fce1-4a11-8a89-5d2ba5981c88/bcs/g6_no_let_same_stmt.logos	-	no id of this program is cited by that round's record or its probe-dir files	-	-	RUNS	7	-	unattributed
1b93bd875be6ffc6	unattributed (mtime window: 2026-09-09k-bcs)	L1_string_local	snapshot:25aa8421-fce1-4a11-8a89-5d2ba5981c88/bcs/L1_string_local.logos	-	no id of this program is cited by that round's record or its probe-dir files	-	-	CCFAIL	4 module_loader: cannot find package 'logos.lang.string'	-	unattributed
55c121a759bb4ac0	unattributed (mtime window: 2026-09-09k-bcs)	g9_named_then_method	snapshot:25aa8421-fce1-4a11-8a89-5d2ba5981c88/bcs/g9_named_then_method.logos	-	no id of this program is cited by that round's record or its probe-dir files	-	-	RUNS	1	-	unattributed
f0ba73d506b071d3	unattributed (mtime window: 2026-09-09k-bcs)	g2_enum_carrier	snapshot:25aa8421-fce1-4a11-8a89-5d2ba5981c88/bcs/g2_enum_carrier.logos	-	no id of this program is cited by that round's record or its probe-dir files	-	-	REFUSED	1 error [fn main]: temporary value dropped while borrowed: this reference borrows into a temporary that is dropped at the end of the statement; bind the owning 	-	unattributed
4d0f41a3462fa2b3	unattributed (mtime window: 2026-09-09k-bcs)	g3_generic_struct	snapshot:25aa8421-fce1-4a11-8a89-5d2ba5981c88/bcs/g3_generic_struct.logos	-	no id of this program is cited by that round's record or its probe-dir files	-	-	REFUSED	1 error [fn main]: temporary value dropped while borrowed: this reference borrows into a temporary that is dropped at the end of the statement; bind the owning 	-	unattributed
d0fb50c9e58c9c63	unattributed (mtime window: 2026-09-09k-bcs)	g5_nested_struct	snapshot:25aa8421-fce1-4a11-8a89-5d2ba5981c88/bcs/g5_nested_struct.logos	-	no id of this program is cited by that round's record or its probe-dir files	-	-	REFUSED	1 error [fn main]: temporary value dropped while borrowed: this reference borrows into a temporary that is dropped at the end of the statement; bind the owning 	-	unattributed
0d27c2f3c576fd4b	unattributed (mtime window: 2026-09-09k-bcs)	g8_trait_method_carrier	snapshot:25aa8421-fce1-4a11-8a89-5d2ba5981c88/bcs/g8_trait_method_carrier.logos	-	no id of this program is cited by that round's record or its probe-dir files	-	-	RUNS	1	-	unattributed
58c7945a0e44ce21	unattributed (mtime window: 2026-09-09k-bcs)	g7_assign_door	snapshot:25aa8421-fce1-4a11-8a89-5d2ba5981c88/bcs/g7_assign_door.logos	-	no id of this program is cited by that round's record or its probe-dir files	-	-	REFUSED	2 error [fn main]: temporary value dropped while borrowed: this reference borrows into a temporary that is dropped at the end of the statement; bind the owning 	-	unattributed
f68f6e902395aa41	unattributed (mtime window: 2026-09-09k-bcs)	L3_value_result_temp_recv	snapshot:25aa8421-fce1-4a11-8a89-5d2ba5981c88/bcs/L3_value_result_temp_recv.logos	-	no id of this program is cited by that round's record or its probe-dir files	-	-	RUNS	4	-	unattributed
7f6503d6956b86cd	unattributed (mtime window: 2026-09-09k-bcs)	L4_owned_struct_result_temp_recv	snapshot:25aa8421-fce1-4a11-8a89-5d2ba5981c88/bcs/L4_owned_struct_result_temp_recv.logos	-	no id of this program is cited by that round's record or its probe-dir files	-	-	RUNS	4	-	unattributed
b9dbad0549f0ec93	unattributed (mtime window: 2026-09-09k-bcs)	L2_param_rooted_struct	snapshot:25aa8421-fce1-4a11-8a89-5d2ba5981c88/bcs/L2_param_rooted_struct.logos	-	no id of this program is cited by that round's record or its probe-dir files	-	-	RUNS	5	-	unattributed
ea8db8eac9c119ac	unattributed (mtime window: 2026-09-09k-bcs)	g1_structlit_extends	snapshot:25aa8421-fce1-4a11-8a89-5d2ba5981c88/bcs/g1_structlit_extends.logos	-	no id of this program is cited by that round's record or its probe-dir files	-	-	RUNS	7	-	unattributed
1f55a8aa4b4ac389	unattributed (mtime window: 2026-09-09k-bcs)	L5_named_guard	snapshot:25aa8421-fce1-4a11-8a89-5d2ba5981c88/bcs/L5_named_guard.logos	-	no id of this program is cited by that round's record or its probe-dir files	-	-	RUNS	5	-	unattributed
37e46ed6946537b2	unattributed (mtime window: 2026-09-09m-tpb)	a3_closure_local_twice	snapshot:25aa8421-fce1-4a11-8a89-5d2ba5981c88/r1/a3_closure_local_twice.logos	-	no id of this program is cited by that round's record or its probe-dir files	-	-	RUNS	0	-	unattributed
c278f048cbe2e260	unattributed (mtime window: 2026-09-09m-tpb)	L1_two_phase_push_len	snapshot:25aa8421-fce1-4a11-8a89-5d2ba5981c88/r1/L1_two_phase_push_len.logos	-	no id of this program is cited by that round's record or its probe-dir files	-	-	RUNS	0	-	unattributed
9d50a7ef5478318f	unattributed (mtime window: 2026-09-09m-tpb)	m6_inline_two_shared_legal	snapshot:25aa8421-fce1-4a11-8a89-5d2ba5981c88/r1/m6_inline_two_shared_legal.logos	-	no id of this program is cited by that round's record or its probe-dir files	-	-	RUNS	0	-	unattributed
64050efc509571a6	unattributed (mtime window: 2026-09-09m-tpb)	L2_selfmethod_read_arg	snapshot:25aa8421-fce1-4a11-8a89-5d2ba5981c88/r1/L2_selfmethod_read_arg.logos	-	no id of this program is cited by that round's record or its probe-dir files	-	-	RUNS	0	-	unattributed
4bf49ceb2ae4d4cd	unattributed (mtime window: 2026-09-09m-tpb)	a2_two_mut_reborrow_of_param	snapshot:25aa8421-fce1-4a11-8a89-5d2ba5981c88/r1/a2_two_mut_reborrow_of_param.logos	-	no id of this program is cited by that round's record or its probe-dir files	-	-	RUNS	0	-	unattributed
a96236034b28f78a	unattributed (mtime window: 2026-09-09m-tpb)	n1_nested_mut_mut	snapshot:25aa8421-fce1-4a11-8a89-5d2ba5981c88/r1/n1_nested_mut_mut.logos	-	no id of this program is cited by that round's record or its probe-dir files	-	-	REFUSED	2 error [fn main]: cannot borrow 'a' as mutable: already mutably borrowed	-	unattributed
64a3c0c4a4b590df	unattributed (mtime window: 2026-09-09m-tpb)	c2_seq_two_mut	snapshot:25aa8421-fce1-4a11-8a89-5d2ba5981c88/r1/c2_seq_two_mut.logos	-	no id of this program is cited by that round's record or its probe-dir files	-	-	REFUSED	2 error [fn main]: cannot borrow 'a' as mutable: already mutably borrowed	-	unattributed
5d77f79ba9a4a649	unattributed (mtime window: 2026-09-09m-tpb)	a1_fnmut_call_then_explicit_mut	snapshot:25aa8421-fce1-4a11-8a89-5d2ba5981c88/r1/a1_fnmut_call_then_explicit_mut.logos	-	no id of this program is cited by that round's record or its probe-dir files	-	-	RUNS	0	-	unattributed
0eff09d1b0478d04	unattributed (mtime window: 2026-09-09m-tpb)	m5_seq_mut_then_shared_scalar	snapshot:25aa8421-fce1-4a11-8a89-5d2ba5981c88/r1/m5_seq_mut_then_shared_scalar.logos	-	no id of this program is cited by that round's record or its probe-dir files	-	-	REFUSED	2 error [fn main]: cannot borrow 'a' as shared: already mutably borrowed	-	unattributed
6e752a5a97a57b2f	unattributed (mtime window: 2026-09-09m-tpb)	d2_index_mut_recv_shared_arg	snapshot:25aa8421-fce1-4a11-8a89-5d2ba5981c88/r1/d2_index_mut_recv_shared_arg.logos	-	no id of this program is cited by that round's record or its probe-dir files	-	-	RUNS	0	-	unattributed
d6824fdaff9fd840	unattributed (mtime window: 2026-09-09m-tpb)	n2_nested_mut_shared	snapshot:25aa8421-fce1-4a11-8a89-5d2ba5981c88/r1/n2_nested_mut_shared.logos	-	no id of this program is cited by that round's record or its probe-dir files	-	-	RUNS	0	-	unattributed
d26e3b32b34186a9	unattributed (mtime window: 2026-09-09m-tpb)	d1_index_seq	snapshot:25aa8421-fce1-4a11-8a89-5d2ba5981c88/r1/d1_index_seq.logos	-	no id of this program is cited by that round's record or its probe-dir files	-	-	RUNS	0	-	unattributed
c4554f28ce62d2c4	unattributed (mtime window: 2026-09-09m-tpb)	n6_inline_mut_shared_in_struct_lit	snapshot:25aa8421-fce1-4a11-8a89-5d2ba5981c88/r1/n6_inline_mut_shared_in_struct_lit.logos	-	no id of this program is cited by that round's record or its probe-dir files	-	-	REFUSED	2 error [fn main]: cannot borrow 'a' as shared: already mutably borrowed	-	unattributed
7bea096bdcb33892	unattributed (mtime window: 2026-09-09m-tpb)	n3_fnmut_twice	snapshot:25aa8421-fce1-4a11-8a89-5d2ba5981c88/r1/n3_fnmut_twice.logos	-	no id of this program is cited by that round's record or its probe-dir files	-	-	REFUSED	1 error [fn twice_ten_sm]: cannot use 'f' while it is mutably borrowed	-	unattributed
8666e505f62cec8d	unattributed (mtime window: 2026-09-09m-tpb)	L3_freefn_mut_and_read	snapshot:25aa8421-fce1-4a11-8a89-5d2ba5981c88/r1/L3_freefn_mut_and_read.logos	-	no id of this program is cited by that round's record or its probe-dir files	-	-	RUNS	0	-	unattributed
e04b642c4db38ed4	unattributed (mtime window: 2026-09-09m-tpb)	n5_field_proj_mut_shared	snapshot:25aa8421-fce1-4a11-8a89-5d2ba5981c88/r1/n5_field_proj_mut_shared.logos	-	no id of this program is cited by that round's record or its probe-dir files	-	-	REFUSED	2 error [fn main]: cannot use 'a.x' while 'a.x' is mutably borrowed	-	unattributed
af7e2eadfd1dec07	unattributed (mtime window: 2026-09-09m-tpb)	m3_inline_arr_mut_shared	snapshot:25aa8421-fce1-4a11-8a89-5d2ba5981c88/r1/m3_inline_arr_mut_shared.logos	-	no id of this program is cited by that round's record or its probe-dir files	-	-	RUNS	0	-	unattributed
88ce9e9d69e50bfe	unattributed (mtime window: 2026-09-09n-tpbclass)	l15_deref_box_mut_only	snapshot:25aa8421-fce1-4a11-8a89-5d2ba5981c88/ce/l15_deref_box_mut_only.logos	-	no id of this program is cited by that round's record or its probe-dir files	-	-	RUNS	0	-	unattributed
8d441eed18dd5559	unattributed (mtime window: 2026-09-09n-tpbclass)	l4_two_roots	snapshot:25aa8421-fce1-4a11-8a89-5d2ba5981c88/ce/l4_two_roots.logos	-	no id of this program is cited by that round's record or its probe-dir files	-	-	RUNS	0	-	unattributed
79a7d2d52b46e8dd	unattributed (mtime window: 2026-09-09n-tpbclass)	x3_generic_two_args	snapshot:25aa8421-fce1-4a11-8a89-5d2ba5981c88/ce/x3_generic_two_args.logos	-	no id of this program is cited by that round's record or its probe-dir files	-	-	RUNS	0	-	unattributed
6676b5f482d0631c	unattributed (mtime window: 2026-09-09n-tpbclass)	l7_reborrow_through_param	snapshot:25aa8421-fce1-4a11-8a89-5d2ba5981c88/ce/l7_reborrow_through_param.logos	-	no id of this program is cited by that round's record or its probe-dir files	-	-	RUNS	0	-	unattributed
7efd6dd3923854b0	unattributed (mtime window: 2026-09-09n-tpbclass)	l14_nested_mut_calls	snapshot:25aa8421-fce1-4a11-8a89-5d2ba5981c88/ce/l14_nested_mut_calls.logos	-	no id of this program is cited by that round's record or its probe-dir files	-	-	RUNS	0	-	unattributed
498c27f090e92cdf	unattributed (mtime window: 2026-09-09n-tpbclass)	l12_live_shared_other_root	snapshot:25aa8421-fce1-4a11-8a89-5d2ba5981c88/ce/l12_live_shared_other_root.logos	-	no id of this program is cited by that round's record or its probe-dir files	-	-	RUNS	0	-	unattributed
6d6ce7fb47d468d6	unattributed (mtime window: 2026-09-09n-tpbclass)	l3_shared_in_nested_block	snapshot:25aa8421-fce1-4a11-8a89-5d2ba5981c88/ce/l3_shared_in_nested_block.logos	-	no id of this program is cited by that round's record or its probe-dir files	-	-	RUNS	0	-	unattributed
dc5311846c9346da	unattributed (mtime window: 2026-09-09n-tpbclass)	l13_twophase_method_field	snapshot:25aa8421-fce1-4a11-8a89-5d2ba5981c88/ce/l13_twophase_method_field.logos	-	no id of this program is cited by that round's record or its probe-dir files	-	-	RUNS	0	-	unattributed
f8c8ac5456e97cbb	unattributed (mtime window: 2026-09-09n-tpbclass)	l8_loop_repeated	snapshot:25aa8421-fce1-4a11-8a89-5d2ba5981c88/ce/l8_loop_repeated.logos	-	no id of this program is cited by that round's record or its probe-dir files	-	-	RUNS	0	-	unattributed
d7c82f3a97629239	unattributed (mtime window: 2026-09-09n-tpbclass)	l10_mut_recv_shared_of_other	snapshot:25aa8421-fce1-4a11-8a89-5d2ba5981c88/ce/l10_mut_recv_shared_of_other.logos	-	no id of this program is cited by that round's record or its probe-dir files	-	-	RUNS	0	-	unattributed
ef3374aaad393670	unattributed (mtime window: 2026-09-09n-tpbclass)	l9_shared_receiver_shared_arg	snapshot:25aa8421-fce1-4a11-8a89-5d2ba5981c88/ce/l9_shared_receiver_shared_arg.logos	-	no id of this program is cited by that round's record or its probe-dir files	-	-	RUNS	0	-	unattributed
96cad265f7baa65e	unattributed (mtime window: 2026-09-09n-tpbclass)	x2_mut_field_shared_self	snapshot:25aa8421-fce1-4a11-8a89-5d2ba5981c88/ce/x2_mut_field_shared_self.logos	-	no id of this program is cited by that round's record or its probe-dir files	-	-	REFUSED	1 error [fn main]: cannot borrow 's' as shared: field of 's' is mutably borrowed	-	unattributed
483735764faeefa1	unattributed (mtime window: 2026-09-09n-tpbclass)	l5_nested_call_shared_ends	snapshot:25aa8421-fce1-4a11-8a89-5d2ba5981c88/ce/l5_nested_call_shared_ends.logos	-	no id of this program is cited by that round's record or its probe-dir files	-	-	RUNS	0	-	unattributed
c931390f79b13666	unattributed (mtime window: 2026-09-09n-tpbclass)	x4_explicit_recv_mutref	snapshot:25aa8421-fce1-4a11-8a89-5d2ba5981c88/ce/x4_explicit_recv_mutref.logos	-	no id of this program is cited by that round's record or its probe-dir files	-	-	REFUSED	1 error [fn main]: cannot borrow 's' as shared: mutable borrow still in scope here (first borrowed at line 7, conflicting use at line 7)	-	unattributed
82f478a1b8633ce2	unattributed (mtime window: 2026-09-09n-tpbclass)	l2_shared_ended_before	snapshot:25aa8421-fce1-4a11-8a89-5d2ba5981c88/ce/l2_shared_ended_before.logos	-	no id of this program is cited by that round's record or its probe-dir files	-	-	RUNS	0	-	unattributed
64697d06af96a1b0	unattributed (mtime window: 2026-09-09n-tpbclass)	l11_shared_first_arg	snapshot:25aa8421-fce1-4a11-8a89-5d2ba5981c88/ce/l11_shared_first_arg.logos	-	no id of this program is cited by that round's record or its probe-dir files	-	-	RUNS	0	-	unattributed
94d633a1b68db97b	unattributed (mtime window: 2026-09-09n-tpbclass)	l1_disjoint_fields	snapshot:25aa8421-fce1-4a11-8a89-5d2ba5981c88/ce/l1_disjoint_fields.logos	-	no id of this program is cited by that round's record or its probe-dir files	-	-	RUNS	0	-	unattributed
e281d613e5ab914e	unattributed (mtime window: 2026-09-09n-tpbclass)	x1_bump_shared_self	snapshot:25aa8421-fce1-4a11-8a89-5d2ba5981c88/ce/x1_bump_shared_self.logos	-	no id of this program is cited by that round's record or its probe-dir files	-	-	RUNS	0	-	unattributed
00ddf7d522707af6	unattributed (mtime window: 2026-09-09n-tpbclass)	x5_three_args_mut_middle	snapshot:25aa8421-fce1-4a11-8a89-5d2ba5981c88/ce/x5_three_args_mut_middle.logos	-	no id of this program is cited by that round's record or its probe-dir files	-	-	RUNS	0	-	unattributed
9c3c797c65445edc	unattributed (mtime window: 2026-09-09n-tpbclass)	l6_copy_arg	snapshot:25aa8421-fce1-4a11-8a89-5d2ba5981c88/ce/l6_copy_arg.logos	-	no id of this program is cited by that round's record or its probe-dir files	-	-	RUNS	0	-	unattributed
91c07bf2fad5403f	unattributed (mtime window: 2026-09-09k-selfrecv)	p7_arr_method	src/compiler/probes/2026-09-09k-selfrecv/hand/p7_arr_method.logos	-	no id of this program is cited by that round's record or its probe-dir files	-	-	RUNS	0	-	unattributed
7aba1e8facbd6539	unattributed (mtime window: 2026-09-09k-selfrecv)	p2_arr_wild	src/compiler/probes/2026-09-09k-selfrecv/hand/p2_arr_wild.logos	-	no id of this program is cited by that round's record or its probe-dir files	-	-	RUNS	0	-	unattributed
871bbf7e322e6902	unattributed (mtime window: 2026-09-09k-selfrecv)	p3_arr_mut	src/compiler/probes/2026-09-09k-selfrecv/hand/p3_arr_mut.logos	-	no id of this program is cited by that round's record or its probe-dir files	-	-	RUNS	0	-	unattributed
5ef901354ff13a22	unattributed (mtime window: 2026-09-09k-selfrecv)	s4_65866	src/compiler/probes/2026-09-09k-selfrecv/hand/s4_65866.logos	-	no id of this program is cited by that round's record or its probe-dir files	-	-	REFUSED	1 error [fn Foo__bar]: impl Bar for Foo: method 'bar' does not match the trait declaration: parameter 1 is declared '&Re' and the impl declares '&'b Re<'a>'	-	unattributed
f97ccc9356bfc741	unattributed (mtime window: 2026-09-09k-selfrecv)	s13_slice_recv	src/compiler/probes/2026-09-09k-selfrecv/hand/s13_slice_recv.logos	-	no id of this program is cited by that round's record or its probe-dir files	-	-	RUNS	0	-	unattributed
938814280663e3d6	unattributed (mtime window: 2026-09-09k-selfrecv)	h_d_freefn_struct	src/compiler/probes/2026-09-09k-selfrecv/hand/h_d_freefn_struct.logos	-	no id of this program is cited by that round's record or its probe-dir files	-	-	REFUSED	1 error [fn main]: temporary value dropped while borrowed: this reference borrows into a temporary that is dropped at the end of the statement; bind the owning 	-	unattributed
9bb88ec9772ad184	unattributed (mtime window: 2026-09-09k-selfrecv)	s12_generic_trait	src/compiler/probes/2026-09-09k-selfrecv/hand/s12_generic_trait.logos	-	no id of this program is cited by that round's record or its probe-dir files	-	-	RUNS	0	-	unattributed
63baa9e5692fee4f	unattributed (mtime window: 2026-09-09k-selfrecv)	s7_mut_recv	src/compiler/probes/2026-09-09k-selfrecv/hand/s7_mut_recv.logos	-	no id of this program is cited by that round's record or its probe-dir files	-	-	RUNS	0	-	unattributed
cd648d547c3a65b1	unattributed (mtime window: 2026-09-09k-selfrecv)	h_e_tuple_carrier	src/compiler/probes/2026-09-09k-selfrecv/hand/h_e_tuple_carrier.logos	-	no id of this program is cited by that round's record or its probe-dir files	-	-	REFUSED	1 error [fn main]: temporary value dropped while borrowed: this reference borrows into a temporary that is dropped at the end of the statement; bind the owning 	-	unattributed
8840d09e1189b857	unattributed (mtime window: 2026-09-09k-selfrecv)	h_i_named_local_struct	src/compiler/probes/2026-09-09k-selfrecv/hand/h_i_named_local_struct.logos	-	no id of this program is cited by that round's record or its probe-dir files	-	-	RUNS	7	-	unattributed
323e8dfac42938c2	unattributed (mtime window: 2026-09-09k-selfrecv)	p5_arr_rest	src/compiler/probes/2026-09-09k-selfrecv/hand/p5_arr_rest.logos	-	no id of this program is cited by that round's record or its probe-dir files	-	-	RUNS	0	-	unattributed
cf586970d674109f	unattributed (mtime window: 2026-09-09k-selfrecv)	p4_arr_struct_elem	src/compiler/probes/2026-09-09k-selfrecv/hand/p4_arr_struct_elem.logos	-	no id of this program is cited by that round's record or its probe-dir files	-	-	RUNS	0	-	unattributed
a739b0fe5eeb05fe	unattributed (mtime window: 2026-09-09k-selfrecv)	s5_two_elided	src/compiler/probes/2026-09-09k-selfrecv/hand/s5_two_elided.logos	-	no id of this program is cited by that round's record or its probe-dir files	-	-	RUNS	0	-	unattributed
c40d3c504c56e9cc	unattributed (mtime window: 2026-09-09k-selfrecv)	h_b_method_bare	src/compiler/probes/2026-09-09k-selfrecv/hand/h_b_method_bare.logos	-	no id of this program is cited by that round's record or its probe-dir files	-	-	REFUSED	1 error [fn main]: temporary value dropped while borrowed: this reference borrows into a temporary that is dropped at the end of the statement; bind the owning 	-	unattributed
8f1a0c31c065c0a2	unattributed (mtime window: 2026-09-09k-selfrecv)	s11_static_vs_elided	src/compiler/probes/2026-09-09k-selfrecv/hand/s11_static_vs_elided.logos	-	no id of this program is cited by that round's record or its probe-dir files	-	-	REFUSED	1 error [/home/logos/sandbox/hand-harvest-2026-09-14/25aa8421-fce1-4a11-8a89-5d2ba5981c88/lintcanary.5EyV/src/compiler/probes/2026-09-09k-selfrecv/hand/s11_stat	-	unattributed
24c40f0ba9f13323	unattributed (mtime window: 2026-09-09k-selfrecv)	h_a_freefn_bare	src/compiler/probes/2026-09-09k-selfrecv/hand/h_a_freefn_bare.logos	-	no id of this program is cited by that round's record or its probe-dir files	-	-	REFUSED	1 error [fn main]: temporary value dropped while borrowed: this reference borrows into a temporary that is dropped at the end of the statement; bind the owning 	-	unattributed
8f171bb7c95702b6	unattributed (mtime window: 2026-09-09k-selfrecv)	p1_arr2	src/compiler/probes/2026-09-09k-selfrecv/hand/p1_arr2.logos	-	no id of this program is cited by that round's record or its probe-dir files	-	-	RUNS	0	-	unattributed
bdf389c705022762	unattributed (mtime window: 2026-09-09k-selfrecv)	h_c_method_struct	src/compiler/probes/2026-09-09k-selfrecv/hand/h_c_method_struct.logos	-	no id of this program is cited by that round's record or its probe-dir files	-	-	RUNS	1	-	unattributed
e247aadd0184dde3	unattributed (mtime window: 2026-09-09k-selfrecv)	s9_param_only	src/compiler/probes/2026-09-09k-selfrecv/hand/s9_param_only.logos	-	no id of this program is cited by that round's record or its probe-dir files	-	-	RUNS	0	-	unattributed
13f508cc7ff90174	unattributed (mtime window: 2026-09-09k-selfrecv)	p6_arr_second_param	src/compiler/probes/2026-09-09k-selfrecv/hand/p6_arr_second_param.logos	-	no id of this program is cited by that round's record or its probe-dir files	-	-	RUNS	0	-	unattributed
b533ed951a9f8b4d	unattributed (mtime window: 2026-09-10a-selfrecvland)	localdrop2	snapshot:25aa8421-fce1-4a11-8a89-5d2ba5981c88/localdrop2.logos	-	no id of this program is cited by that round's record or its probe-dir files	-	-	RUNS	0 END	-	unattributed
3c4552eb66917dbd	unattributed (mtime window: 2026-09-10a-selfrecvland)	nodecl	snapshot:25aa8421-fce1-4a11-8a89-5d2ba5981c88/nodecl.logos	-	no id of this program is cited by that round's record or its probe-dir files	-	-	RUNS	0 DTOR END	-	unattributed
0e629b56b46cb61f	unattributed (mtime window: 2026-09-10a-selfrecvland)	nodecl2	snapshot:25aa8421-fce1-4a11-8a89-5d2ba5981c88/nodecl2.logos	-	no id of this program is cited by that round's record or its probe-dir files	-	-	REFUSED	1 error [fn S__drop]: impl Drop for S: method 'drop' does not match the trait declaration: the receiver is declared '&mut S' and the impl declares 'S'	-	unattributed
d3c667e9c64cc562	unattributed (mtime window: 2026-09-10a-selfrecvland)	bothdrop	snapshot:25aa8421-fce1-4a11-8a89-5d2ba5981c88/bothdrop.logos	-	no id of this program is cited by that round's record or its probe-dir files	-	-	RUNS	0 STDLIB END	-	unattributed
1ad6150e43a6c512	unattributed (mtime window: 2026-09-10a-selfrecvland)	localdrop	snapshot:25aa8421-fce1-4a11-8a89-5d2ba5981c88/localdrop.logos	-	no id of this program is cited by that round's record or its probe-dir files	-	-	RUNS	0 END	-	unattributed
c7418e525b21f097	unattributed (mtime window: 2026-09-10b)	u2	snapshot:25aa8421-fce1-4a11-8a89-5d2ba5981c88/u2.logos	-	no id of this program is cited by that round's record or its probe-dir files	-	-	RUNS	0	-	unattributed
09401b0d99479c47	unattributed (mtime window: 2026-09-10b)	uninh	snapshot:25aa8421-fce1-4a11-8a89-5d2ba5981c88/uninh.logos	-	no id of this program is cited by that round's record or its probe-dir files	-	-	RUNS	0	-	unattributed
823adb05122af7dc	unattributed (mtime window: 2026-09-10b)	u3	snapshot:25aa8421-fce1-4a11-8a89-5d2ba5981c88/u3.logos	-	no id of this program is cited by that round's record or its probe-dir files	-	-	RUNS	0	-	unattributed
eeb9a1b489943f45	unattributed (mtime window: 2026-09-10b)	M	snapshot:25aa8421-fce1-4a11-8a89-5d2ba5981c88/ce/M.logos	-	no id of this program is cited by that round's record or its probe-dir files	-	-	RUNS	0	-	unattributed
366d096c1ca3917f	unattributed (mtime window: 2026-09-10b)	L	snapshot:25aa8421-fce1-4a11-8a89-5d2ba5981c88/ce/L.logos	-	no id of this program is cited by that round's record or its probe-dir files	-	-	RUNS	0	-	unattributed
23f0ad4288d6061e	unattributed (mtime window: 2026-09-10c)	byname	snapshot:25aa8421-fce1-4a11-8a89-5d2ba5981c88/byname.logos	-	no id of this program is cited by that round's record or its probe-dir files	-	-	RUNS	0	-	unattributed
d67d27c48433565b	unattributed (mtime window: 2026-09-10c)	dv	snapshot:25aa8421-fce1-4a11-8a89-5d2ba5981c88/dv.logos	-	no id of this program is cited by that round's record or its probe-dir files	-	-	REFUSED	1 error [fn N__drop]: impl Drop for N: method 'drop' does not match the trait declaration: the receiver is declared '&mut N' and the impl declares 'N'	-	unattributed
da582bd7279ed7f7	unattributed (mtime window: 2026-09-10c)	c03	snapshot:25aa8421-fce1-4a11-8a89-5d2ba5981c88/hand/c03.logos	-	no id of this program is cited by that round's record or its probe-dir files	-	-	RUNS	0	-	unattributed
b0bf2ccc482f242d	unattributed (mtime window: 2026-09-10c)	c02	snapshot:25aa8421-fce1-4a11-8a89-5d2ba5981c88/hand/c02.logos	-	no id of this program is cited by that round's record or its probe-dir files	-	-	REFUSED	1 error [fn S__dup]: impl Copyy for S: method 'dup' does not match the trait declaration: the receiver is declared '&S<'_>' and the impl declares '&S'	-	unattributed
7e3bd874e4028806	unattributed (mtime window: 2026-09-10c)	c01	snapshot:25aa8421-fce1-4a11-8a89-5d2ba5981c88/hand/c01.logos	-	no id of this program is cited by that round's record or its probe-dir files	-	-	REFUSED	1 error [fn S__dup]: impl Copy for S: method 'dup' does not match the trait declaration: the receiver is declared '&S<'_>' and the impl declares '&S'	-	unattributed
fc123b82e90a540b	unattributed (mtime window: 2026-09-10c)	d11	snapshot:25aa8421-fce1-4a11-8a89-5d2ba5981c88/hand/d11.logos	-	no id of this program is cited by that round's record or its probe-dir files	-	-	RUNS	0	-	unattributed
fb5e85bc074d7374	unattributed (mtime window: 2026-09-10d)	f05_stdlib_drop_still_runs	snapshot:25aa8421-fce1-4a11-8a89-5d2ba5981c88/ce/f05_stdlib_drop_still_runs.logos	-	no id of this program is cited by that round's record or its probe-dir files	-	-	RUNS	1	-	unattributed
ebcdc5180df09c96	unattributed (mtime window: 2026-09-10d)	g03_other_trait_dropck	snapshot:25aa8421-fce1-4a11-8a89-5d2ba5981c88/ce/g03_other_trait_dropck.logos	-	no id of this program is cited by that round's record or its probe-dir files	-	-	RUNS	0	-	unattributed
51c24db5391ebc46	unattributed (mtime window: 2026-09-10d)	g02_control_renamed	snapshot:25aa8421-fce1-4a11-8a89-5d2ba5981c88/ce/g02_control_renamed.logos	-	no id of this program is cited by that round's record or its probe-dir files	-	-	RUNS	0	-	unattributed
77a8a542b68d8e86	unattributed (mtime window: 2026-09-10d)	g01_inherent_drop_dropck	snapshot:25aa8421-fce1-4a11-8a89-5d2ba5981c88/ce/g01_inherent_drop_dropck.logos	-	no id of this program is cited by that round's record or its probe-dir files	-	-	RUNS	0	-	unattributed
958433662ae8ed52	unattributed (mtime window: 2026-09-10d)	f06_stdlib_drop_through_vtable	snapshot:25aa8421-fce1-4a11-8a89-5d2ba5981c88/ce/f06_stdlib_drop_through_vtable.logos	-	no id of this program is cited by that round's record or its probe-dir files	-	-	RUNS	1	-	unattributed
d76d24d63f61b85a	unattributed (mtime window: 2026-09-10e)	cli_fix	snapshot:25aa8421-fce1-4a11-8a89-5d2ba5981c88/copy/cli_fix.logos	-	no id of this program is cited by that round's record or its probe-dir files	-	-	RUNS	0 ok	-	unattributed
2ee012d2c084582c	unattributed (mtime window: 2026-09-10e)	p3	snapshot:25aa8421-fce1-4a11-8a89-5d2ba5981c88/copy/p3.logos	-	no id of this program is cited by that round's record or its probe-dir files	-	-	RUNS	0	-	unattributed
da52c3dcbb867436	unattributed (mtime window: 2026-09-10e)	p2	snapshot:25aa8421-fce1-4a11-8a89-5d2ba5981c88/copy/p2.logos	-	no id of this program is cited by that round's record or its probe-dir files	-	-	RUNS	0	-	unattributed
9f86ce7e2bfa43f2	unattributed (mtime window: 2026-09-10e)	p5	snapshot:25aa8421-fce1-4a11-8a89-5d2ba5981c88/copy/p5.logos	-	no id of this program is cited by that round's record or its probe-dir files	-	-	REFUSED	1 error [impl Clone2 for S]: impl Clone2 for S: missing method 'dup'	-	unattributed
608c612d5fc1d6c2	unattributed (mtime window: 2026-09-10f)	x2_generic_bound	snapshot:25aa8421-fce1-4a11-8a89-5d2ba5981c88/cp/x2_generic_bound.logos	-	no id of this program is cited by that round's record or its probe-dir files	-	-	RUNS	2 k=2	-	unattributed
fc930d9d1c6a5227	unattributed (mtime window: 2026-09-10f)	row_user_trait_named_copy_confers_copy	snapshot:25aa8421-fce1-4a11-8a89-5d2ba5981c88/cp/row_user_trait_named_copy_confers_copy.logos	-	no id of this program is cited by that round's record or its probe-dir files	-	-	REFUSED	1 /home/logos/sandbox/hand-harvest-2026-09-14/25aa8421-fce1-4a11-8a89-5d2ba5981c88/cp/row_user_trait_named_copy_confers_copy.logos:24: error [fn main]: use of m	-	unattributed
2cf1f54fc333082a	unattributed (mtime window: 2026-09-10f)	x5_method_receiver	snapshot:25aa8421-fce1-4a11-8a89-5d2ba5981c88/cp/x5_method_receiver.logos	-	no id of this program is cited by that round's record or its probe-dir files	-	-	REFUSED	1 /home/logos/sandbox/hand-harvest-2026-09-14/25aa8421-fce1-4a11-8a89-5d2ba5981c88/cp/x5_method_receiver.logos:13: error [fn main]: use of moved variable 'o'	-	unattributed
467a88ec295a19c1	unattributed (mtime window: 2026-09-10f)	x10_marker_shaped	snapshot:25aa8421-fce1-4a11-8a89-5d2ba5981c88/cp/x10_marker_shaped.logos	-	no id of this program is cited by that round's record or its probe-dir files	-	-	REFUSED	1 /home/logos/sandbox/hand-harvest-2026-09-14/25aa8421-fce1-4a11-8a89-5d2ba5981c88/cp/x10_marker_shaped.logos:15: error [fn main]: use of moved variable 'o'	-	unattributed
9656e434a611f0f7	unattributed (mtime window: 2026-09-10f)	p1_auto_copy	snapshot:25aa8421-fce1-4a11-8a89-5d2ba5981c88/cp/p1_auto_copy.logos	-	no id of this program is cited by that round's record or its probe-dir files	-	-	RUNS	0 a=1 b=1	-	unattributed
62fa8243d4f6351c	unattributed (mtime window: 2026-09-10f)	p3_lang_item_seeds_over_auto	snapshot:25aa8421-fce1-4a11-8a89-5d2ba5981c88/cp/p3_lang_item_seeds_over_auto.logos	-	no id of this program is cited by that round's record or its probe-dir files	-	-	RUNS	0 a=1 b=2	-	unattributed
ed1537f763283d56	unattributed (mtime window: 2026-09-10f)	x3_enum_payload	snapshot:25aa8421-fce1-4a11-8a89-5d2ba5981c88/cp/x3_enum_payload.logos	-	no id of this program is cited by that round's record or its probe-dir files	-	-	REFUSED	1 /home/logos/sandbox/hand-harvest-2026-09-14/25aa8421-fce1-4a11-8a89-5d2ba5981c88/cp/x3_enum_payload.logos:15: error [fn main]: use of moved variable 'e'	-	unattributed
a92915a9c4da19fb	unattributed (mtime window: 2026-09-10f)	p4_conditional_copy	snapshot:25aa8421-fce1-4a11-8a89-5d2ba5981c88/cp/p4_conditional_copy.logos	-	no id of this program is cited by that round's record or its probe-dir files	-	-	RUNS	0 a=5 b=5	-	unattributed
0668228a444b8a79	unattributed (mtime window: 2026-09-10f)	row_copy_named_supertrait_loses_vtable_slot	snapshot:25aa8421-fce1-4a11-8a89-5d2ba5981c88/cp/row_copy_named_supertrait_loses_vtable_slot.logos	-	no id of this program is cited by that round's record or its probe-dir files	-	-	RUNS	0 area=9 dup=30	-	unattributed
5fb18aa4665f301e	unattributed (mtime window: 2026-09-10f)	x11_bound_satisfied_by_handle_kind	snapshot:25aa8421-fce1-4a11-8a89-5d2ba5981c88/cp/x11_bound_satisfied_by_handle_kind.logos	-	no id of this program is cited by that round's record or its probe-dir files	-	-	REFUSED	1 /home/logos/sandbox/hand-harvest-2026-09-14/25aa8421-fce1-4a11-8a89-5d2ba5981c88/cp/x11_bound_satisfied_by_handle_kind.logos:13: error [fn main]: 'pick': type	-	unattributed
c14d40695f8fcb6e	unattributed (mtime window: 2026-09-10f)	row_copy_named_supertrait_impl_parity_skipped	snapshot:25aa8421-fce1-4a11-8a89-5d2ba5981c88/cp/row_copy_named_supertrait_impl_parity_skipped.logos	-	no id of this program is cited by that round's record or its probe-dir files	-	-	REFUSED	1 error [impl Sh for Sq]: impl Sh for Sq: missing impl Copy for Sq (required by supertrait)	-	unattributed
c932c6f4a86a6b0e	unattributed (mtime window: 2026-09-10f)	p7_user_trait_ordinary	snapshot:25aa8421-fce1-4a11-8a89-5d2ba5981c88/cp/p7_user_trait_ordinary.logos	-	no id of this program is cited by that round's record or its probe-dir files	-	-	RUNS	0 d=30 e=30	-	unattributed
d6e851b7d9370e22	unattributed (mtime window: 2026-09-10f)	x9_let_rebind	snapshot:25aa8421-fce1-4a11-8a89-5d2ba5981c88/cp/x9_let_rebind.logos	-	no id of this program is cited by that round's record or its probe-dir files	-	-	REFUSED	1 /home/logos/sandbox/hand-harvest-2026-09-14/25aa8421-fce1-4a11-8a89-5d2ba5981c88/cp/x9_let_rebind.logos:12: error [fn main]: use of moved variable 'o'	-	unattributed
c295c9ee837bddc0	unattributed (mtime window: 2026-09-10f)	p6_lang_item_supertrait	snapshot:25aa8421-fce1-4a11-8a89-5d2ba5981c88/cp/p6_lang_item_supertrait.logos	-	no id of this program is cited by that round's record or its probe-dir files	-	-	RUNS	0 area=9	-	unattributed
51dd638e83b54e52	unattributed (mtime window: 2026-09-10f)	row_user_trait_named_copy_false_e0184	snapshot:25aa8421-fce1-4a11-8a89-5d2ba5981c88/cp/row_user_trait_named_copy_false_e0184.logos	-	no id of this program is cited by that round's record or its probe-dir files	-	-	RUNS	0	-	unattributed
73f69a7ed4326011	unattributed (mtime window: 2026-09-10f)	x12_lang_item_bound_handle_kind	snapshot:25aa8421-fce1-4a11-8a89-5d2ba5981c88/cp/x12_lang_item_bound_handle_kind.logos	-	no id of this program is cited by that round's record or its probe-dir files	-	-	RUNS	0 s=7	-	unattributed
8ae7d2e6212074e0	unattributed (mtime window: 2026-09-10f)	x1_mutref_field	snapshot:25aa8421-fce1-4a11-8a89-5d2ba5981c88/cp/x1_mutref_field.logos	-	no id of this program is cited by that round's record or its probe-dir files	-	-	REFUSED	1 /home/logos/sandbox/hand-harvest-2026-09-14/25aa8421-fce1-4a11-8a89-5d2ba5981c88/cp/x1_mutref_field.logos:13: error [fn main]: use of moved variable 's'	-	unattributed
9a94bff4bee6a85a	unattributed (mtime window: 2026-09-10f)	p2_lang_item_impl	snapshot:25aa8421-fce1-4a11-8a89-5d2ba5981c88/cp/p2_lang_item_impl.logos	-	no id of this program is cited by that round's record or its probe-dir files	-	-	RUNS	0 a=4 b=4	-	unattributed
7dee690b583dcd53	unattributed (mtime window: 2026-09-10f)	p5_lang_item_bound	snapshot:25aa8421-fce1-4a11-8a89-5d2ba5981c88/cp/p5_lang_item_bound.logos	-	no id of this program is cited by that round's record or its probe-dir files	-	-	RUNS	0 a=6	-	unattributed
3358a1c87736d6b1	unattributed (mtime window: 2026-09-10f)	x4_array_elem	snapshot:25aa8421-fce1-4a11-8a89-5d2ba5981c88/cp/x4_array_elem.logos	-	no id of this program is cited by that round's record or its probe-dir files	-	-	REFUSED	4 /home/logos/sandbox/hand-harvest-2026-09-14/25aa8421-fce1-4a11-8a89-5d2ba5981c88/cp/x4_array_elem.logos:12: error [fn main]: cannot move out of a value behind	-	unattributed
c3666dec5c101b66	unattributed (mtime window: 2026-09-10h)	ce7_fn_user	snapshot:25aa8421-fce1-4a11-8a89-5d2ba5981c88/ce/ce7_fn_user.logos	-	no id of this program is cited by that round's record or its probe-dir files	-	-	REFUSED	1 /home/logos/sandbox/hand-harvest-2026-09-14/25aa8421-fce1-4a11-8a89-5d2ba5981c88/ce/ce7_fn_user.logos:8: error [fn call_it]: call to undefined function 'f'	-	unattributed
3b8ccf3256c599b2	unattributed (mtime window: 2026-09-10h)	ce9_vec_cursor	snapshot:25aa8421-fce1-4a11-8a89-5d2ba5981c88/ce/ce9_vec_cursor.logos	-	no id of this program is cited by that round's record or its probe-dir files	-	-	REFUSED	1 /home/logos/sandbox/hand-harvest-2026-09-14/25aa8421-fce1-4a11-8a89-5d2ba5981c88/ce/ce9_vec_cursor.logos:20: error [fn derive_probe_q_hook]: quote_expr!: `#fn	-	unattributed
389f9b2e45274df7	unattributed (mtime window: 2026-09-10h)	ce_deref_userTrait	snapshot:25aa8421-fce1-4a11-8a89-5d2ba5981c88/ce/ce_deref_userTrait.logos	-	no id of this program is cited by that round's record or its probe-dir files	-	-	REFUSED	1 /home/logos/sandbox/hand-harvest-2026-09-14/25aa8421-fce1-4a11-8a89-5d2ba5981c88/ce/ce_deref_userTrait.logos:15: error [fn via_bound]: type parameter 'T' has 	-	unattributed
bbfd5cbd78c01568	unattributed (mtime window: 2026-09-10h)	ce6_fst_user	snapshot:25aa8421-fce1-4a11-8a89-5d2ba5981c88/ce/ce6_fst_user.logos	-	no id of this program is cited by that round's record or its probe-dir files	-	-	RUNS	0	-	unattributed
32a38931e7bc94d1	unattributed (mtime window: 2026-09-10h)	ce6b_fst_real	snapshot:25aa8421-fce1-4a11-8a89-5d2ba5981c88/ce/ce6b_fst_real.logos	-	no id of this program is cited by that round's record or its probe-dir files	-	-	REFUSED	1 /home/logos/sandbox/hand-harvest-2026-09-14/25aa8421-fce1-4a11-8a89-5d2ba5981c88/ce/ce6b_fst_real.logos:14: error [fn main]: 'take': type 'Holder' does not sa	-	unattributed
db1e314a63333279	unattributed (mtime window: 2026-09-10h)	ce5_shadow	snapshot:25aa8421-fce1-4a11-8a89-5d2ba5981c88/ce/ce5_shadow.logos	-	no id of this program is cited by that round's record or its probe-dir files	-	-	REFUSED	1 /home/logos/sandbox/hand-harvest-2026-09-14/25aa8421-fce1-4a11-8a89-5d2ba5981c88/ce/ce5_shadow.logos:15: error [fn via_bound]: type parameter 'T' has no trait	-	unattributed
4e6444ebb0b0a6e2	unattributed (mtime window: 2026-09-10h)	ce3_derefmut_user	snapshot:25aa8421-fce1-4a11-8a89-5d2ba5981c88/ce/ce3_derefmut_user.logos	-	no id of this program is cited by that round's record or its probe-dir files	-	-	REFUSED	1 /home/logos/sandbox/hand-harvest-2026-09-14/25aa8421-fce1-4a11-8a89-5d2ba5981c88/ce/ce3_derefmut_user.logos:18: error [fn via_bound]: type parameter 'T' has n	-	unattributed
eb7954c574ee4d48	unattributed (mtime window: 2026-09-10h)	ce2_deref_admits	snapshot:25aa8421-fce1-4a11-8a89-5d2ba5981c88/ce/ce2_deref_admits.logos	-	no id of this program is cited by that round's record or its probe-dir files	-	-	REFUSED	1 /home/logos/sandbox/hand-harvest-2026-09-14/25aa8421-fce1-4a11-8a89-5d2ba5981c88/ce/ce2_deref_admits.logos:18: error [fn via_bound]: type parameter 'T' has no	-	unattributed
59d6379b3c86492f	unattributed (mtime window: 2026-09-10c-vecpkg)	v10_localvec_for_over_ref	src/compiler/probes/2026-09-10c-vecpkg/hand2/v10_localvec_for_over_ref.logos	-	no id of this program is cited by that round's record or its probe-dir files	-	-	REFUSED	1 /home/logos/sandbox/hand-harvest-2026-09-14/25aa8421-fce1-4a11-8a89-5d2ba5981c88/lintcanary.5EyV/src/compiler/probes/2026-09-10c-vecpkg/hand2/v10_localvec_for	-	unattributed
707ece55c7c3a6d7	unattributed (mtime window: 2026-09-10c-vecpkg)	v9_localvec_slice_coercion_admits	src/compiler/probes/2026-09-10c-vecpkg/hand2/v9_localvec_slice_coercion_admits.logos	-	no id of this program is cited by that round's record or its probe-dir files	-	-	REFUSED	1 /home/logos/sandbox/hand-harvest-2026-09-14/25aa8421-fce1-4a11-8a89-5d2ba5981c88/lintcanary.5EyV/src/compiler/probes/2026-09-10c-vecpkg/hand2/v9_localvec_slic	-	unattributed
45f43eb3429fadb1	unattributed (mtime window: 2026-09-10c-vecpkg)	v8_localvec_get_moveelem_overrefusal	src/compiler/probes/2026-09-10c-vecpkg/hand2/v8_localvec_get_moveelem_overrefusal.logos	-	no id of this program is cited by that round's record or its probe-dir files	-	-	RUNS	0	-	unattributed
9b8dad70fa3d4374	unattributed (mtime window: 2026-09-10d-vecbare)	v2	snapshot:25aa8421-fce1-4a11-8a89-5d2ba5981c88/r0910d/bis2/v2.logos	-	no id of this program is cited by that round's record or its probe-dir files	-	-	RUNS	0	-	unattributed
59700ca574e4f67b	unattributed (mtime window: 2026-09-10d-vecbare)	v01	snapshot:25aa8421-fce1-4a11-8a89-5d2ba5981c88/r0910d/bis2/v01.logos	-	no id of this program is cited by that round's record or its probe-dir files	-	-	RUNS	0	-	unattributed
a3664bfdfad6c8f2	unattributed (mtime window: 2026-09-10d-vecbare)	v1	snapshot:25aa8421-fce1-4a11-8a89-5d2ba5981c88/r0910d/bis2/v1.logos	-	no id of this program is cited by that round's record or its probe-dir files	-	-	RUNS	0	-	unattributed
2c52bf19d8c85d88	unattributed (mtime window: 2026-09-10d-vecbare)	v0	snapshot:25aa8421-fce1-4a11-8a89-5d2ba5981c88/r0910d/bis2/v0.logos	-	no id of this program is cited by that round's record or its probe-dir files	-	-	RUNS	0	-	unattributed
98763e9e4a54d7cc	unattributed (mtime window: 2026-09-10d-vecbare)	v12	snapshot:25aa8421-fce1-4a11-8a89-5d2ba5981c88/r0910d/bis2/v12.logos	-	no id of this program is cited by that round's record or its probe-dir files	-	-	RUNS	0	-	unattributed
f1e93505547b3d6f	unattributed (mtime window: 2026-09-10d-vecbare)	v012	snapshot:25aa8421-fce1-4a11-8a89-5d2ba5981c88/r0910d/bis2/v012.logos	-	no id of this program is cited by that round's record or its probe-dir files	-	-	RUNS	0	-	unattributed
6be8c90095cd415c	unattributed (mtime window: 2026-09-10d-vecbare)	v02	snapshot:25aa8421-fce1-4a11-8a89-5d2ba5981c88/r0910d/bis2/v02.logos	-	no id of this program is cited by that round's record or its probe-dir files	-	-	RUNS	0	-	unattributed
3db1061a98e036a8	unattributed (mtime window: 2026-09-10d-vecbare)	nolv	snapshot:25aa8421-fce1-4a11-8a89-5d2ba5981c88/r0910d/bis4/nolv.logos	-	no id of this program is cited by that round's record or its probe-dir files	-	-	RUNS	0	-	unattributed
ba505e5c5cf3d067	unattributed (mtime window: 2026-09-10d-vecbare)	withlv	snapshot:25aa8421-fce1-4a11-8a89-5d2ba5981c88/r0910d/bis4/withlv.logos	-	no id of this program is cited by that round's record or its probe-dir files	-	-	RUNS	0	-	unattributed
0fc227cc902c29e0	unattributed (mtime window: 2026-09-10d-vecbare)	c	snapshot:25aa8421-fce1-4a11-8a89-5d2ba5981c88/r0910d/bis/c.logos	-	no id of this program is cited by that round's record or its probe-dir files	-	-	REFUSED	1 error: 'func.call' op 'Vec$G1$i64__push' does not reference a valid function	-	unattributed
f081e0350c0b372a	unattributed (mtime window: 2026-09-10d-vecbare)	b	snapshot:25aa8421-fce1-4a11-8a89-5d2ba5981c88/r0910d/bis/b.logos	-	no id of this program is cited by that round's record or its probe-dir files	-	-	RUNS	0	-	unattributed
cd2e2c030faf5c86	unattributed (mtime window: 2026-09-10d-vecbare)	d	snapshot:25aa8421-fce1-4a11-8a89-5d2ba5981c88/r0910d/bis/d.logos	-	no id of this program is cited by that round's record or its probe-dir files	-	-	RUNS	0	-	unattributed
add479ea40d0c5c6	unattributed (mtime window: 2026-09-10d-vecbare)	e	snapshot:25aa8421-fce1-4a11-8a89-5d2ba5981c88/r0910d/bis/e.logos	-	no id of this program is cited by that round's record or its probe-dir files	-	-	REFUSED	1 error: 'func.call' op 'Vec$G1$i64__push' does not reference a valid function	-	unattributed
eca66d1e6dc76ba9	unattributed (mtime window: 2026-09-10e)	d1	snapshot:25aa8421-fce1-4a11-8a89-5d2ba5981c88/d1.logos	-	no id of this program is cited by that round's record or its probe-dir files	-	-	RUNS	0	-	unattributed
3c89df58c50676a5	unattributed (mtime window: 2026-09-10e)	tup	snapshot:25aa8421-fce1-4a11-8a89-5d2ba5981c88/fx/tup.logos	-	no id of this program is cited by that round's record or its probe-dir files	-	-	RUNS	5	-	unattributed
73affd725602705f	unattributed (mtime window: 2026-09-10e)	enu_ctl	snapshot:25aa8421-fce1-4a11-8a89-5d2ba5981c88/fx/enu_ctl.logos	-	no id of this program is cited by that round's record or its probe-dir files	-	-	RUNS	9	-	unattributed
e060ddd37978610d	unattributed (mtime window: 2026-09-10e)	tup_ctl	snapshot:25aa8421-fce1-4a11-8a89-5d2ba5981c88/fx/tup_ctl.logos	-	no id of this program is cited by that round's record or its probe-dir files	-	-	RUNS	5	-	unattributed
0316a5481f579c0e	unattributed (mtime window: 2026-09-10e)	enu	snapshot:25aa8421-fce1-4a11-8a89-5d2ba5981c88/fx/enu.logos	-	no id of this program is cited by that round's record or its probe-dir files	-	-	RUNS	9	-	unattributed
be8c1d58d6351f3c	unattributed (mtime window: 2026-09-10g)	h_disc	snapshot:25aa8421-fce1-4a11-8a89-5d2ba5981c88/ce/h_disc.logos	-	no id of this program is cited by that round's record or its probe-dir files	-	-	CCFAIL	4 module_loader: cannot find package 'zzbeta'	-	unattributed
ac1256a22fd08a60	unattributed (mtime window: 2026-09-10g)	d_shadow_any	snapshot:25aa8421-fce1-4a11-8a89-5d2ba5981c88/ce/d_shadow_any.logos	-	no id of this program is cited by that round's record or its probe-dir files	-	-	REFUSED	1 error [/home/logos/sandbox/hand-harvest-2026-09-14/25aa8421-fce1-4a11-8a89-5d2ba5981c88/ce/d_shadow_any.logos]: syntax error near 'logos' at line 11 col 17	-	unattributed
8060c7387c79cdef	unattributed (mtime window: 2026-09-10g)	e_modhomonym	snapshot:25aa8421-fce1-4a11-8a89-5d2ba5981c88/ce/e_modhomonym.logos	-	no id of this program is cited by that round's record or its probe-dir files	-	-	CCFAIL	4 module_loader: cannot find package 'zzalpha'	-	unattributed
9231960f43975c08	unattributed (mtime window: 2026-09-10g)	c_ctl_trait	snapshot:25aa8421-fce1-4a11-8a89-5d2ba5981c88/ce/c_ctl_trait.logos	-	no id of this program is cited by that round's record or its probe-dir files	-	-	REFUSED	1 /home/logos/sandbox/hand-harvest-2026-09-14/25aa8421-fce1-4a11-8a89-5d2ba5981c88/ce/c_ctl_trait.logos:14: error [fn main]: let 'd': type mismatch — expected &	-	unattributed
53cbc5b9efb8e1a1	unattributed (mtime window: 2026-09-10g)	i_structT	snapshot:25aa8421-fce1-4a11-8a89-5d2ba5981c88/ce/i_structT.logos	-	no id of this program is cited by that round's record or its probe-dir files	-	-	CCFAIL	1 logosc: MLIR generation failed	-	unattributed
cc4d6374b215fc45	unattributed (mtime window: 2026-09-10g)	a2_use	snapshot:25aa8421-fce1-4a11-8a89-5d2ba5981c88/ce/a2_use.logos	-	no id of this program is cited by that round's record or its probe-dir files	-	-	RUNS	7	-	unattributed
427422b721b54d32	unattributed (mtime window: 2026-09-10g)	a2_ctl	snapshot:25aa8421-fce1-4a11-8a89-5d2ba5981c88/ce/a2_ctl.logos	-	no id of this program is cited by that round's record or its probe-dir files	-	-	RUNS	7	-	unattributed
d6ae2aa64e2dcb46	unattributed (mtime window: 2026-09-10g)	i2_structT	snapshot:25aa8421-fce1-4a11-8a89-5d2ba5981c88/ce/i2_structT.logos	-	no id of this program is cited by that round's record or its probe-dir files	-	-	RUNS	6	-	unattributed
ac2746520fd45120	unattributed (mtime window: 2026-09-10g)	j_ctl	snapshot:25aa8421-fce1-4a11-8a89-5d2ba5981c88/ce/j_ctl.logos	-	no id of this program is cited by that round's record or its probe-dir files	-	-	RUNS	0	-	unattributed
296de0b2c9b03008	unattributed (mtime window: 2026-09-10g)	j_tid_T	snapshot:25aa8421-fce1-4a11-8a89-5d2ba5981c88/ce/j_tid_T.logos	-	no id of this program is cited by that round's record or its probe-dir files	-	-	RUNS	0	-	unattributed
d2adab18d5b77850	unattributed (mtime window: 2026-09-10g)	c_prim_target	snapshot:25aa8421-fce1-4a11-8a89-5d2ba5981c88/ce/c_prim_target.logos	-	no id of this program is cited by that round's record or its probe-dir files	-	-	REFUSED	1 /home/logos/sandbox/hand-harvest-2026-09-14/25aa8421-fce1-4a11-8a89-5d2ba5981c88/ce/c_prim_target.logos:14: error [fn main]: let 'd': type mismatch — expected	-	unattributed
7f35e7c4959b1abf	unattributed (mtime window: 2026-09-10g)	b_both_live	snapshot:25aa8421-fce1-4a11-8a89-5d2ba5981c88/ce/b_both_live.logos	-	no id of this program is cited by that round's record or its probe-dir files	-	-	REFUSED	2 /home/logos/sandbox/hand-harvest-2026-09-14/25aa8421-fce1-4a11-8a89-5d2ba5981c88/ce/b_both_live.logos:12: error [fn main]: call to undefined static method 'St	-	unattributed
ee29bb1f1b85c14b	unattributed (mtime window: 2026-09-11i)	x2_control_lit	snapshot:25aa8421-fce1-4a11-8a89-5d2ba5981c88/sl2/x2_control_lit.logos	-	no id of this program is cited by that round's record or its probe-dir files	-	-	RUNS	0	-	unattributed
7e0f1f55cb6bf35b	unattributed (mtime window: 2026-09-11i)	x3_no_use_lit	snapshot:25aa8421-fce1-4a11-8a89-5d2ba5981c88/sl2/x3_no_use_lit.logos	-	no id of this program is cited by that round's record or its probe-dir files	-	-	RUNS	0	-	unattributed
50941ed507ad117b	unattributed (mtime window: 2026-09-11i)	p2_alias_homonym	snapshot:25aa8421-fce1-4a11-8a89-5d2ba5981c88/ce/p2_alias_homonym.logos	-	no id of this program is cited by that round's record or its probe-dir files	-	-	RUNS	0	-	unattributed
85a3f2e5614a1388	unattributed (mtime window: 2026-09-11i)	p1_alias_struct	snapshot:25aa8421-fce1-4a11-8a89-5d2ba5981c88/ce/p1_alias_struct.logos	-	no id of this program is cited by that round's record or its probe-dir files	-	-	RUNS	0	-	unattributed
518fb2fb8b9ed806	unattributed (mtime window: 2026-09-11i)	p3_alias_array	snapshot:25aa8421-fce1-4a11-8a89-5d2ba5981c88/ce/p3_alias_array.logos	-	no id of this program is cited by that round's record or its probe-dir files	-	-	RUNS	0	-	unattributed
2a4aed15c34d8e02	unattributed (mtime window: 2026-09-11i)	m2	snapshot:25aa8421-fce1-4a11-8a89-5d2ba5981c88/sl/m2.logos	-	no id of this program is cited by that round's record or its probe-dir files	-	-	RUNS	0	-	unattributed
152920d340ceac52	unattributed (mtime window: 2026-09-11i)	m1	snapshot:25aa8421-fce1-4a11-8a89-5d2ba5981c88/sl/m1.logos	-	no id of this program is cited by that round's record or its probe-dir files	-	-	RUNS	0	-	unattributed
8febc82758cc1cc1	unattributed (mtime window: 2026-09-11i)	B_no_use	snapshot:25aa8421-fce1-4a11-8a89-5d2ba5981c88/al/B_no_use.logos	-	no id of this program is cited by that round's record or its probe-dir files	-	-	RUNS	0	-	unattributed
77472946170a9803	unattributed (mtime window: 2026-09-11i)	A_collide	snapshot:25aa8421-fce1-4a11-8a89-5d2ba5981c88/al/A_collide.logos	-	no id of this program is cited by that round's record or its probe-dir files	-	-	RUNS	0	-	unattributed
6f1efe80398ddc42	unattributed (mtime window: 2026-09-11i)	C_renamed	snapshot:25aa8421-fce1-4a11-8a89-5d2ba5981c88/al/C_renamed.logos	-	no id of this program is cited by that round's record or its probe-dir files	-	-	RUNS	0	-	unattributed
adc3d76c020cf4be	unattributed (mtime window: 2026-09-11)	cons	snapshot:25aa8421-fce1-4a11-8a89-5d2ba5981c88/cons.logos	-	no id of this program is cited by that round's record or its probe-dir files	-	-	CCFAIL	4 module_loader: cannot find package 'zzbeta'	-	unattributed
b5d1eb61499554ca	unattributed (mtime window: 2026-09-11a-e0207)	l1_traitarg	snapshot:25aa8421-fce1-4a11-8a89-5d2ba5981c88/hand/l1_traitarg.logos	-	no id of this program is cited by that round's record or its probe-dir files	-	-	RUNS	0	-	unattributed
ff63256513f41299	unattributed (mtime window: 2026-09-11a-e0207)	l4_methodsig_only	snapshot:25aa8421-fce1-4a11-8a89-5d2ba5981c88/hand/l4_methodsig_only.logos	-	no id of this program is cited by that round's record or its probe-dir files	-	-	RUNS	0	-	unattributed
642b150c62b94790	unattributed (mtime window: 2026-09-11a-e0207)	x9_target_shape	snapshot:25aa8421-fce1-4a11-8a89-5d2ba5981c88/hand/x9_target_shape.logos	-	no id of this program is cited by that round's record or its probe-dir files	-	-	REFUSED	1 /home/logos/sandbox/hand-harvest-2026-09-14/25aa8421-fce1-4a11-8a89-5d2ba5981c88/hand/x9_target_shape.logos:4: error [impl Tr for $ref_S]: the lifetime parame	-	unattributed
83d1d4ec55b45aac	unattributed (mtime window: 2026-09-11a-e0207)	x10_two_binders_one_unused	snapshot:25aa8421-fce1-4a11-8a89-5d2ba5981c88/hand/x10_two_binders_one_unused.logos	-	no id of this program is cited by that round's record or its probe-dir files	-	-	REFUSED	1 /home/logos/sandbox/hand-harvest-2026-09-14/25aa8421-fce1-4a11-8a89-5d2ba5981c88/hand/x10_two_binders_one_unused.logos:4: error [impl Tr for $ref_S]: the life	-	unattributed
34bcf96f118d5ab0	unattributed (mtime window: 2026-09-11a-e0207)	l6_two_binders_both	snapshot:25aa8421-fce1-4a11-8a89-5d2ba5981c88/hand/l6_two_binders_both.logos	-	no id of this program is cited by that round's record or its probe-dir files	-	-	RUNS	0	-	unattributed
2d3b9324f37fccf5	unattributed (mtime window: 2026-09-11a-e0207)	l8_drop_impl	snapshot:25aa8421-fce1-4a11-8a89-5d2ba5981c88/hand/l8_drop_impl.logos	-	no id of this program is cited by that round's record or its probe-dir files	-	-	RUNS	0	-	unattributed
d856e217f5f4f6f4	unattributed (mtime window: 2026-09-11a-e0207)	l5_named_selfty_ref	snapshot:25aa8421-fce1-4a11-8a89-5d2ba5981c88/hand/l5_named_selfty_ref.logos	-	no id of this program is cited by that round's record or its probe-dir files	-	-	RUNS	0	-	unattributed
b61d602a2b187a5d	unattributed (mtime window: 2026-09-11a-e0207)	l7_assoc_const_only	snapshot:25aa8421-fce1-4a11-8a89-5d2ba5981c88/hand/l7_assoc_const_only.logos	-	no id of this program is cited by that round's record or its probe-dir files	-	-	RUNS	0	-	unattributed
6e490adedf51e0ec	unattributed (mtime window: 2026-09-11a-e0207)	l2_selfty	snapshot:25aa8421-fce1-4a11-8a89-5d2ba5981c88/hand/l2_selfty.logos	-	no id of this program is cited by that round's record or its probe-dir files	-	-	RUNS	0	-	unattributed
3f941ea14ceba026	unattributed (mtime window: 2026-09-11a-e0207)	l3_inherent_self	snapshot:25aa8421-fce1-4a11-8a89-5d2ba5981c88/hand/l3_inherent_self.logos	-	no id of this program is cited by that round's record or its probe-dir files	-	-	RUNS	0	-	unattributed
84b8658e23d74b6f	unattributed (mtime window: 2026-09-11b-e0207-land)	n9	snapshot:25aa8421-fce1-4a11-8a89-5d2ba5981c88/e0207/n9.logos	-	no id of this program is cited by that round's record or its probe-dir files	-	-	RUNS	0	-	unattributed
fca4e54e8fc796da	unattributed (mtime window: 2026-09-11b-e0207-land)	x5ty	snapshot:25aa8421-fce1-4a11-8a89-5d2ba5981c88/e0207/x5ty.logos	-	no id of this program is cited by that round's record or its probe-dir files	-	-	RUNS	0	-	unattributed
78c447e4bcdf4e20	unattributed (mtime window: 2026-09-11b-e0207-land)	n4	snapshot:25aa8421-fce1-4a11-8a89-5d2ba5981c88/e0207/n4.logos	-	no id of this program is cited by that round's record or its probe-dir files	-	-	RUNS	0	-	unattributed
ec032548e314b991	unattributed (mtime window: 2026-09-11b-e0207-land)	x3	snapshot:25aa8421-fce1-4a11-8a89-5d2ba5981c88/e0207/x3.logos	-	no id of this program is cited by that round's record or its probe-dir files	-	-	REFUSED	1 /home/logos/sandbox/hand-harvest-2026-09-14/25aa8421-fce1-4a11-8a89-5d2ba5981c88/e0207/x3.logos:6: error [impl Tr for W]: the lifetime parameter `'b` is not c	-	unattributed
cae2f2daa7a8a04a	unattributed (mtime window: 2026-09-11b-e0207-land)	n3	snapshot:25aa8421-fce1-4a11-8a89-5d2ba5981c88/e0207/n3.logos	-	no id of this program is cited by that round's record or its probe-dir files	-	-	RUNS	0	-	unattributed
19007ac7992705a6	unattributed (mtime window: 2026-09-11b-e0207-land)	n12	snapshot:25aa8421-fce1-4a11-8a89-5d2ba5981c88/e0207/n12.logos	-	no id of this program is cited by that round's record or its probe-dir files	-	-	RUNS	0	-	unattributed
974c1bdede9a2de0	unattributed (mtime window: 2026-09-11b-e0207-land)	x4	snapshot:25aa8421-fce1-4a11-8a89-5d2ba5981c88/e0207/x4.logos	-	no id of this program is cited by that round's record or its probe-dir files	-	-	REFUSED	1 /home/logos/sandbox/hand-harvest-2026-09-14/25aa8421-fce1-4a11-8a89-5d2ba5981c88/e0207/x4.logos:7: error [impl Tr for S]: the lifetime parameter `'a` is not c	-	unattributed
270a132921ca1f24	unattributed (mtime window: 2026-09-11b-capvis)	p_mutref_let	snapshot:25aa8421-fce1-4a11-8a89-5d2ba5981c88/r1/p_mutref_let.logos	-	no id of this program is cited by that round's record or its probe-dir files	-	-	REFUSED	1 /home/logos/sandbox/hand-harvest-2026-09-14/25aa8421-fce1-4a11-8a89-5d2ba5981c88/r1/p_mutref_let.logos:5: error [fn foo]: cannot move out of a value behind a 	-	unattributed
f72d14b6f8897e90	unattributed (mtime window: 2026-09-11b-capvis)	p_constptr_ret	snapshot:25aa8421-fce1-4a11-8a89-5d2ba5981c88/r1/p_constptr_ret.logos	-	no id of this program is cited by that round's record or its probe-dir files	-	-	RUNS	0	-	unattributed
1c740785187ee2f7	unattributed (mtime window: 2026-09-11b-capvis)	e3_scalar_slice	snapshot:25aa8421-fce1-4a11-8a89-5d2ba5981c88/r1/e3_scalar_slice.logos	-	no id of this program is cited by that round's record or its probe-dir files	-	-	RUNS	0	-	unattributed
1c018122a9123c6a	unattributed (mtime window: 2026-09-11b-capvis)	h2_mut_move	snapshot:25aa8421-fce1-4a11-8a89-5d2ba5981c88/r1/h2_mut_move.logos	-	no id of this program is cited by that round's record or its probe-dir files	-	-	RUNS	0	-	unattributed
5f8898b653ce9a94	unattributed (mtime window: 2026-09-11b-capvis)	pr_clo_call	snapshot:25aa8421-fce1-4a11-8a89-5d2ba5981c88/r1/pr_clo_call.logos	-	no id of this program is cited by that round's record or its probe-dir files	-	-	REFUSED	1 error [fn main]: cannot assign to 'g' because it is borrowed	-	unattributed
0bebbbcc9675c43f	unattributed (mtime window: 2026-09-11b-capvis)	h1_shared_move	snapshot:25aa8421-fce1-4a11-8a89-5d2ba5981c88/r1/h1_shared_move.logos	-	no id of this program is cited by that round's record or its probe-dir files	-	-	RUNS	0	-	unattributed
2dddb25c8a1014b3	unattributed (mtime window: 2026-09-11b-capvis)	h5_legal_loan_dead	snapshot:25aa8421-fce1-4a11-8a89-5d2ba5981c88/r1/h5_legal_loan_dead.logos	-	no id of this program is cited by that round's record or its probe-dir files	-	-	RUNS	2	-	unattributed
6d835d58a79d05eb	unattributed (mtime window: 2026-09-11b-capvis)	pos_iife	snapshot:25aa8421-fce1-4a11-8a89-5d2ba5981c88/r1/pos_iife.logos	-	no id of this program is cited by that round's record or its probe-dir files	-	-	REFUSED	1 error [fn main]: cannot assign to 's' because it is borrowed	-	unattributed
902923ef1a08a230	unattributed (mtime window: 2026-09-11b-capvis)	h4_mut_move_fn	snapshot:25aa8421-fce1-4a11-8a89-5d2ba5981c88/r1/h4_mut_move_fn.logos	-	no id of this program is cited by that round's record or its probe-dir files	-	-	REFUSED	1 error [fn main]: cannot move 'x' while it is borrowed	-	unattributed
c732ac6c1855605a	unattributed (mtime window: 2026-09-11b-capvis)	c_arg_use	snapshot:25aa8421-fce1-4a11-8a89-5d2ba5981c88/r1/c_arg_use.logos	-	no id of this program is cited by that round's record or its probe-dir files	-	-	REFUSED	1 error [fn main]: cannot move 'x' while it is borrowed	-	unattributed
0156e7a08f03c060	unattributed (mtime window: 2026-09-11b-capvis)	pos_arg	snapshot:25aa8421-fce1-4a11-8a89-5d2ba5981c88/r1/pos_arg.logos	-	no id of this program is cited by that round's record or its probe-dir files	-	-	RUNS	0	-	unattributed
6f2790e23b358ec7	unattributed (mtime window: 2026-09-11b-capvis)	c_let_use	snapshot:25aa8421-fce1-4a11-8a89-5d2ba5981c88/r1/c_let_use.logos	-	no id of this program is cited by that round's record or its probe-dir files	-	-	REFUSED	1 error [fn main]: cannot move 'x' while it is borrowed	-	unattributed
947e17e3591638e8	unattributed (mtime window: 2026-09-11b-capvis)	c_arg_nouse	snapshot:25aa8421-fce1-4a11-8a89-5d2ba5981c88/r1/c_arg_nouse.logos	-	no id of this program is cited by that round's record or its probe-dir files	-	-	RUNS	0	-	unattributed
374d57e561383e4b	unattributed (mtime window: 2026-09-11b-capvis)	p_shared_ref_let	snapshot:25aa8421-fce1-4a11-8a89-5d2ba5981c88/r1/p_shared_ref_let.logos	-	no id of this program is cited by that round's record or its probe-dir files	-	-	REFUSED	1 /home/logos/sandbox/hand-harvest-2026-09-14/25aa8421-fce1-4a11-8a89-5d2ba5981c88/r1/p_shared_ref_let.logos:5: error [fn foo]: cannot move out of a value behin	-	unattributed
9f5d12cd60e974fe	unattributed (mtime window: 2026-09-11b-capvis)	p_constptr_field	snapshot:25aa8421-fce1-4a11-8a89-5d2ba5981c88/r1/p_constptr_field.logos	-	no id of this program is cited by that round's record or its probe-dir files	-	-	RUNS	0	-	unattributed
d86782cec44b97a5	unattributed (mtime window: 2026-09-11b-capvis)	ctl_capture	snapshot:25aa8421-fce1-4a11-8a89-5d2ba5981c88/r1/ctl_capture.logos	-	no id of this program is cited by that round's record or its probe-dir files	-	-	RUNS	0	-	unattributed
9a7ddc19dfa01243	unattributed (mtime window: 2026-09-11b-capvis)	p_constptr_arg	snapshot:25aa8421-fce1-4a11-8a89-5d2ba5981c88/r1/p_constptr_arg.logos	-	no id of this program is cited by that round's record or its probe-dir files	-	-	RUNS	0	-	unattributed
1960ff4948eae658	unattributed (mtime window: 2026-09-11b-capvis)	h3_mut_move_nodrop	snapshot:25aa8421-fce1-4a11-8a89-5d2ba5981c88/r1/h3_mut_move_nodrop.logos	-	no id of this program is cited by that round's record or its probe-dir files	-	-	RUNS	0	-	unattributed
bdd21da8a725b837	unattributed (mtime window: 2026-09-11b-capvis)	e2_before_assert_legal	snapshot:25aa8421-fce1-4a11-8a89-5d2ba5981c88/r1/e2_before_assert_legal.logos	-	no id of this program is cited by that round's record or its probe-dir files	-	-	RUNS	0	-	unattributed
da5238fdb0d05ff3	unattributed (mtime window: 2026-09-11b-capvis)	pos_let	snapshot:25aa8421-fce1-4a11-8a89-5d2ba5981c88/r1/pos_let.logos	-	no id of this program is cited by that round's record or its probe-dir files	-	-	REFUSED	1 error [fn main]: cannot assign to 's' because it is borrowed	-	unattributed
a6e2d656b19442cc	unattributed (mtime window: 2026-09-11b-capvis)	p_mutptr_let	snapshot:25aa8421-fce1-4a11-8a89-5d2ba5981c88/r1/p_mutptr_let.logos	-	no id of this program is cited by that round's record or its probe-dir files	-	-	RUNS	0	-	unattributed
a0fc2bbbe4530bb1	unattributed (mtime window: 2026-09-11b-capvis)	pos_boxed	snapshot:25aa8421-fce1-4a11-8a89-5d2ba5981c88/r1/pos_boxed.logos	-	no id of this program is cited by that round's record or its probe-dir files	-	-	RUNS	0	-	unattributed
5fd5243061df7cb6	unattributed (mtime window: 2026-09-11b-capvis)	pr_push_explicit	snapshot:25aa8421-fce1-4a11-8a89-5d2ba5981c88/r1/pr_push_explicit.logos	-	no id of this program is cited by that round's record or its probe-dir files	-	-	REFUSED	1 error [fn main]: cannot borrow 'y' as mutable: already mutably borrowed	-	unattributed
a453387cb39c405b	unattributed (mtime window: 2026-09-11b-capvis)	pr_id_call	snapshot:25aa8421-fce1-4a11-8a89-5d2ba5981c88/r1/pr_id_call.logos	-	no id of this program is cited by that round's record or its probe-dir files	-	-	REFUSED	1 error [fn main]: cannot assign to 'g' because it is borrowed	-	unattributed
d1bf607fc99e7c4b	unattributed (mtime window: 2026-09-11b-capvis)	e1_after_assert	snapshot:25aa8421-fce1-4a11-8a89-5d2ba5981c88/r1/e1_after_assert.logos	-	no id of this program is cited by that round's record or its probe-dir files	-	-	RUNS	0	-	unattributed
05ad354f69d5b3ef	unattributed (mtime window: 2026-09-11b-capvis)	c_let_nouse	snapshot:25aa8421-fce1-4a11-8a89-5d2ba5981c88/r1/c_let_nouse.logos	-	no id of this program is cited by that round's record or its probe-dir files	-	-	RUNS	0	-	unattributed
b96f2d743e188a54	unattributed (mtime window: 2026-09-11b-capvis)	p_constptr_let	snapshot:25aa8421-fce1-4a11-8a89-5d2ba5981c88/r1/p_constptr_let.logos	-	no id of this program is cited by that round's record or its probe-dir files	-	-	RUNS	0	-	unattributed
6b91b202bb1015af	unattributed (mtime window: 2026-09-11d-liferegb)	ctl_field	snapshot:25aa8421-fce1-4a11-8a89-5d2ba5981c88/lb/ctl_field.logos	-	no id of this program is cited by that round's record or its probe-dir files	-	-	REFUSED	1 error [fn f]: lifetime mismatch: return type has lifetime 'a but 'y' has lifetime (elided)	-	unattributed
618ba9893c4eb50b	unattributed (mtime window: 2026-09-11d-liferegb)	d1	snapshot:25aa8421-fce1-4a11-8a89-5d2ba5981c88/lb/d1.logos	-	no id of this program is cited by that round's record or its probe-dir files	-	-	RUNS	0	-	unattributed
5222ba299f427e70	unattributed (mtime window: 2026-09-11d-liferegb)	d2	snapshot:25aa8421-fce1-4a11-8a89-5d2ba5981c88/lb/d2.logos	-	no id of this program is cited by that round's record or its probe-dir files	-	-	REFUSED	1 error [fn f]: lifetime mismatch: return type has lifetime 'a but 'y' has lifetime (elided)	-	unattributed
6fb8057b8c70fb94	unattributed (mtime window: 2026-09-11d-liferegb)	d3	snapshot:25aa8421-fce1-4a11-8a89-5d2ba5981c88/lb/d3.logos	-	no id of this program is cited by that round's record or its probe-dir files	-	-	REFUSED	1 error [fn g]: lifetime mismatch: return type has lifetime 'a but 'y' has lifetime (elided)	-	unattributed
4e2bd53bbd3758a2	unattributed (mtime window: 2026-09-11d-liferegb)	ctl_index	snapshot:25aa8421-fce1-4a11-8a89-5d2ba5981c88/lb/ctl_index.logos	-	no id of this program is cited by that round's record or its probe-dir files	-	-	RUNS	0	-	unattributed
96380baec7f6236c	unattributed (mtime window: 2026-09-11d-liferegb)	ctl_root	snapshot:25aa8421-fce1-4a11-8a89-5d2ba5981c88/lb/ctl_root.logos	-	no id of this program is cited by that round's record or its probe-dir files	-	-	REFUSED	1 error [fn f]: lifetime mismatch: return type has lifetime 'a but 'y' has lifetime (elided)	-	unattributed
d93bfe6458fa45b7	unattributed (mtime window: 2026-09-11d-liferegb)	L9	snapshot:25aa8421-fce1-4a11-8a89-5d2ba5981c88/lb/hand/L9.logos	-	no id of this program is cited by that round's record or its probe-dir files	-	-	RUNS	0	-	unattributed
a3d219b1ec001641	unattributed (mtime window: 2026-09-11d-liferegb)	L12	snapshot:25aa8421-fce1-4a11-8a89-5d2ba5981c88/lb/hand/L12.logos	-	no id of this program is cited by that round's record or its probe-dir files	-	-	RUNS	0	-	unattributed
46d5c980aa54d747	unattributed (mtime window: 2026-09-11d-liferegb)	L10	snapshot:25aa8421-fce1-4a11-8a89-5d2ba5981c88/lb/hand/L10.logos	-	no id of this program is cited by that round's record or its probe-dir files	-	-	RUNS	0	-	unattributed
ee180820d9a0ab2e	unattributed (mtime window: 2026-09-11d-liferegb)	L2	snapshot:25aa8421-fce1-4a11-8a89-5d2ba5981c88/lb/hand/L2.logos	-	no id of this program is cited by that round's record or its probe-dir files	-	-	RUNS	0	-	unattributed
a6eeca9df31e4e9a	unattributed (mtime window: 2026-09-11d-liferegb)	L5	snapshot:25aa8421-fce1-4a11-8a89-5d2ba5981c88/lb/hand/L5.logos	-	no id of this program is cited by that round's record or its probe-dir files	-	-	RUNS	0	-	unattributed
036efd272ece74e6	unattributed (mtime window: 2026-09-11d-liferegb)	L13	snapshot:25aa8421-fce1-4a11-8a89-5d2ba5981c88/lb/hand/L13.logos	-	no id of this program is cited by that round's record or its probe-dir files	-	-	RUNS	0	-	unattributed
8a81f7a50837ff10	unattributed (mtime window: 2026-09-11d-liferegb)	L1	snapshot:25aa8421-fce1-4a11-8a89-5d2ba5981c88/lb/hand/L1.logos	-	no id of this program is cited by that round's record or its probe-dir files	-	-	RUNS	0	-	unattributed
3e1b37799d4ff945	unattributed (mtime window: 2026-09-11d-liferegb)	L6	snapshot:25aa8421-fce1-4a11-8a89-5d2ba5981c88/lb/hand/L6.logos	-	no id of this program is cited by that round's record or its probe-dir files	-	-	RUNS	0	-	unattributed
b0e3288f016cf5d5	unattributed (mtime window: 2026-09-11d-liferegb)	L8	snapshot:25aa8421-fce1-4a11-8a89-5d2ba5981c88/lb/hand/L8.logos	-	no id of this program is cited by that round's record or its probe-dir files	-	-	RUNS	0	-	unattributed
61c3227e7ef24c2d	unattributed (mtime window: 2026-09-11d-liferegb)	L4	snapshot:25aa8421-fce1-4a11-8a89-5d2ba5981c88/lb/hand/L4.logos	-	no id of this program is cited by that round's record or its probe-dir files	-	-	RUNS	0	-	unattributed
19a5abf255e690ac	unattributed (mtime window: 2026-09-11d-liferegb)	L3	snapshot:25aa8421-fce1-4a11-8a89-5d2ba5981c88/lb/hand/L3.logos	-	no id of this program is cited by that round's record or its probe-dir files	-	-	RUNS	0	-	unattributed
ea2deb93960a023e	unattributed (mtime window: 2026-09-11d-liferegb)	L11	snapshot:25aa8421-fce1-4a11-8a89-5d2ba5981c88/lb/hand/L11.logos	-	no id of this program is cited by that round's record or its probe-dir files	-	-	RUNS	0	-	unattributed
711943cb37397f6c	unattributed (mtime window: 2026-09-11e-liferegb-path)	N12_two_ref_params_elided	snapshot:25aa8421-fce1-4a11-8a89-5d2ba5981c88/r11e/N12_two_ref_params_elided.logos	-	no id of this program is cited by that round's record or its probe-dir files	-	-	RUNS	0	-	unattributed
4ce925f8988df521	unattributed (mtime window: 2026-09-11e-liferegb-path)	P1_deref_norow	snapshot:25aa8421-fce1-4a11-8a89-5d2ba5981c88/r11e/P1_deref_norow.logos	-	no id of this program is cited by that round's record or its probe-dir files	-	-	REFUSED	1 error [fn f]: lifetime mismatch: return type has lifetime 'a but 'y' has lifetime (elided)	-	unattributed
5c92105076f22e40	unattributed (mtime window: 2026-09-11e-liferegb-path)	N11_shadowed_holder	snapshot:25aa8421-fce1-4a11-8a89-5d2ba5981c88/r11e/N11_shadowed_holder.logos	-	no id of this program is cited by that round's record or its probe-dir files	-	-	RUNS	0	-	unattributed
06aa3688e8b72c7e	unattributed (mtime window: 2026-09-11e-liferegb-path)	N7_elided_one_param	snapshot:25aa8421-fce1-4a11-8a89-5d2ba5981c88/r11e/N7_elided_one_param.logos	-	no id of this program is cited by that round's record or its probe-dir files	-	-	RUNS	0	-	unattributed
e17a5869c12d3996	unattributed (mtime window: 2026-09-11e-liferegb-path)	N6_both_arms_safe	snapshot:25aa8421-fce1-4a11-8a89-5d2ba5981c88/r11e/N6_both_arms_safe.logos	-	no id of this program is cited by that round's record or its probe-dir files	-	-	RUNS	0	-	unattributed
e470ce133f5376d0	unattributed (mtime window: 2026-09-11e-liferegb-path)	N4_nested_sibling	snapshot:25aa8421-fce1-4a11-8a89-5d2ba5981c88/r11e/N4_nested_sibling.logos	-	no id of this program is cited by that round's record or its probe-dir files	-	-	RUNS	0	-	unattributed
603ea2010aedb6e5	unattributed (mtime window: 2026-09-11e-liferegb-path)	N9_static_store	snapshot:25aa8421-fce1-4a11-8a89-5d2ba5981c88/r11e/N9_static_store.logos	-	no id of this program is cited by that round's record or its probe-dir files	-	-	RUNS	0	-	unattributed
fe45a49272804330	unattributed (mtime window: 2026-09-11e-liferegb-path)	N15_sibling_element	snapshot:25aa8421-fce1-4a11-8a89-5d2ba5981c88/r11e/N15_sibling_element.logos	-	no id of this program is cited by that round's record or its probe-dir files	-	-	RUNS	0	-	unattributed
6ecdb6bf15416633	unattributed (mtime window: 2026-09-11e-liferegb-path)	P2_array_index	snapshot:25aa8421-fce1-4a11-8a89-5d2ba5981c88/r11e/P2_array_index.logos	-	no id of this program is cited by that round's record or its probe-dir files	-	-	RUNS	0	-	unattributed
2067025d41ec536d	unattributed (mtime window: 2026-09-11e-liferegb-path)	N10_tuple_sibling	snapshot:25aa8421-fce1-4a11-8a89-5d2ba5981c88/r11e/N10_tuple_sibling.logos	-	no id of this program is cited by that round's record or its probe-dir files	-	-	RUNS	0	-	unattributed
b4784d9b10e6de48	unattributed (mtime window: 2026-09-11e-liferegb-path)	N5_holder_not_returned	snapshot:25aa8421-fce1-4a11-8a89-5d2ba5981c88/r11e/N5_holder_not_returned.logos	-	no id of this program is cited by that round's record or its probe-dir files	-	-	RUNS	0	-	unattributed
4847e581a02e2a74	unattributed (mtime window: 2026-09-11e-liferegb-path)	N3_reown	snapshot:25aa8421-fce1-4a11-8a89-5d2ba5981c88/r11e/N3_reown.logos	-	no id of this program is cited by that round's record or its probe-dir files	-	-	RUNS	0	-	unattributed
0d0eaa9496f82d7b	unattributed (mtime window: 2026-09-11e-liferegb-path)	N2_where_outlives	snapshot:25aa8421-fce1-4a11-8a89-5d2ba5981c88/r11e/N2_where_outlives.logos	-	no id of this program is cited by that round's record or its probe-dir files	-	-	RUNS	0	-	unattributed
ebdf94b1144c5e23	unattributed (mtime window: 2026-09-11e-liferegb-path)	N13_sibling_field	snapshot:25aa8421-fce1-4a11-8a89-5d2ba5981c88/r11e/N13_sibling_field.logos	-	no id of this program is cited by that round's record or its probe-dir files	-	-	RUNS	0	-	unattributed
5e5c6a21ce0f39c0	unattributed (mtime window: 2026-09-11e-liferegb-path)	P3_container_push	snapshot:25aa8421-fce1-4a11-8a89-5d2ba5981c88/r11e/P3_container_push.logos	-	no id of this program is cited by that round's record or its probe-dir files	-	-	RUNS	0	-	unattributed
7741978b761d4860	unattributed (mtime window: 2026-09-11e-liferegb-path)	N14_overwrite	snapshot:25aa8421-fce1-4a11-8a89-5d2ba5981c88/r11e/N14_overwrite.logos	-	no id of this program is cited by that round's record or its probe-dir files	-	-	RUNS	0	-	unattributed
d21e2189b1647641	unattributed (mtime window: 2026-09-11)	s7_writer_from_factory	snapshot:25aa8421-fce1-4a11-8a89-5d2ba5981c88/bufdrop/s7_writer_from_factory.logos	-	no id of this program is cited by that round's record or its probe-dir files	-	-	RUNS	7	-	unattributed
2d974dd415079865	unattributed (mtime window: 2026-09-11)	s8_reader_moved_into_callee	snapshot:25aa8421-fce1-4a11-8a89-5d2ba5981c88/bufdrop/s8_reader_moved_into_callee.logos	-	no id of this program is cited by that round's record or its probe-dir files	-	-	RUNS	7	-	unattributed
07f61de386dd2ab4	unattributed (mtime window: 2026-09-11)	s6_writer_in_struct_field	snapshot:25aa8421-fce1-4a11-8a89-5d2ba5981c88/bufdrop/s6_writer_in_struct_field.logos	-	no id of this program is cited by that round's record or its probe-dir files	-	-	RUNS	7	-	unattributed
d20948dc864e2c67	unattributed (mtime window: 2026-09-11)	s10_nested_reader	snapshot:25aa8421-fce1-4a11-8a89-5d2ba5981c88/bufdrop/s10_nested_reader.logos	-	no id of this program is cited by that round's record or its probe-dir files	-	-	RUNS	7	-	unattributed
527f4f33a141a401	unattributed (mtime window: 2026-09-11)	s5_sink_drop_count	snapshot:25aa8421-fce1-4a11-8a89-5d2ba5981c88/bufdrop/s5_sink_drop_count.logos	-	no id of this program is cited by that round's record or its probe-dir files	-	-	RUNS	1	-	unattributed
e315dfb6bd7e6c47	unattributed (mtime window: 2026-09-11)	s1_writer_noclose	snapshot:25aa8421-fce1-4a11-8a89-5d2ba5981c88/bufdrop/s1_writer_noclose.logos	-	no id of this program is cited by that round's record or its probe-dir files	-	-	RUNS	7	-	unattributed
f373b3c26f747a20	unattributed (mtime window: 2026-09-11)	s12_flush_on_drop	snapshot:25aa8421-fce1-4a11-8a89-5d2ba5981c88/bufdrop/s12_flush_on_drop.logos	-	no id of this program is cited by that round's record or its probe-dir files	-	-	RUNS	3	-	unattributed
d32c1dfd28f1174e	unattributed (mtime window: 2026-09-11)	s3_reader_noclose	snapshot:25aa8421-fce1-4a11-8a89-5d2ba5981c88/bufdrop/s3_reader_noclose.logos	-	no id of this program is cited by that round's record or its probe-dir files	-	-	RUNS	7	-	unattributed
84a5962800d92649	unattributed (mtime window: 2026-09-11)	s11_use_after_move	snapshot:25aa8421-fce1-4a11-8a89-5d2ba5981c88/bufdrop/s11_use_after_move.logos	-	no id of this program is cited by that round's record or its probe-dir files	-	-	REFUSED	1 /home/logos/sandbox/hand-harvest-2026-09-14/25aa8421-fce1-4a11-8a89-5d2ba5981c88/bufdrop/s11_use_after_move.logos:16: error [fn main]: use of moved variable '	-	unattributed
a2c7a6383027f758	unattributed (mtime window: 2026-09-11)	s9_writer_in_loop	snapshot:25aa8421-fce1-4a11-8a89-5d2ba5981c88/bufdrop/s9_writer_in_loop.logos	-	no id of this program is cited by that round's record or its probe-dir files	-	-	RUNS	7	-	unattributed
2f0add8524fd6821	unattributed (mtime window: 2026-09-11)	s2_writer_close_then_scope	snapshot:25aa8421-fce1-4a11-8a89-5d2ba5981c88/bufdrop/s2_writer_close_then_scope.logos	-	no id of this program is cited by that round's record or its probe-dir files	-	-	RUNS	7	-	unattributed
77a6e7c010635a64	unattributed (mtime window: 2026-09-11)	s4_reader_close_then_scope	snapshot:25aa8421-fce1-4a11-8a89-5d2ba5981c88/bufdrop/s4_reader_close_then_scope.logos	-	no id of this program is cited by that round's record or its probe-dir files	-	-	RUNS	7	-	unattributed
a82a260dafe013ce	unattributed (mtime window: 2026-09-11)	c2_stdbox	snapshot:25aa8421-fce1-4a11-8a89-5d2ba5981c88/ce/c2_stdbox.logos	-	no id of this program is cited by that round's record or its probe-dir files	-	-	RUNS	0	-	unattributed
a59453e383e41486	unattributed (mtime window: 2026-09-11)	c4_optref	snapshot:25aa8421-fce1-4a11-8a89-5d2ba5981c88/ce/c4_optref.logos	-	no id of this program is cited by that round's record or its probe-dir files	-	-	RUNS	0	-	unattributed
e6c3bb7e5d667b89	unattributed (mtime window: 2026-09-11)	c3_optint	snapshot:25aa8421-fce1-4a11-8a89-5d2ba5981c88/ce/c3_optint.logos	-	no id of this program is cited by that round's record or its probe-dir files	-	-	RUNS	0	-	unattributed
4f8e8a5abedbc162	unattributed (mtime window: 2026-09-11)	c5_optptr	snapshot:25aa8421-fce1-4a11-8a89-5d2ba5981c88/ce/c5_optptr.logos	-	no id of this program is cited by that round's record or its probe-dir files	-	-	RUNS	0	-	unattributed
647af6a366aa886b	unattributed (mtime window: 2026-09-11)	p1_nonnull	snapshot:25aa8421-fce1-4a11-8a89-5d2ba5981c88/ce/p1_nonnull.logos	-	no id of this program is cited by that round's record or its probe-dir files	-	-	RUNS	16	-	unattributed
6b68c12c96454de5	unattributed (mtime window: 2026-09-11)	p2_tagged	snapshot:25aa8421-fce1-4a11-8a89-5d2ba5981c88/ce/p2_tagged.logos	-	no id of this program is cited by that round's record or its probe-dir files	-	-	RUNS	24	-	unattributed
7d29254ce216269d	unattributed (mtime window: 2026-09-11f)	optbox	snapshot:25aa8421-fce1-4a11-8a89-5d2ba5981c88/optbox.logos	-	no id of this program is cited by that round's record or its probe-dir files	-	-	RUNS	1	-	unattributed
82aa38bcf9cf08aa	unattributed (mtime window: 2026-09-11f)	h1	snapshot:25aa8421-fce1-4a11-8a89-5d2ba5981c88/hand/h1.logos	-	no id of this program is cited by that round's record or its probe-dir files	-	-	RUNS	0 1	-	unattributed
c1a853784a9916af	unattributed (mtime window: 2026-09-11f)	h0	snapshot:25aa8421-fce1-4a11-8a89-5d2ba5981c88/hand/h0.logos	-	no id of this program is cited by that round's record or its probe-dir files	-	-	RUNS	0 1	-	unattributed
5d54107cc6860b61	unattributed (mtime window: 2026-09-11g-semaenumkey)	r3_ordering_collision	src/compiler/probes/2026-09-11g-semaenumkey/r3_ordering_collision.logos	-	no id of this program is cited by that round's record or its probe-dir files	-	-	RUNS	0 1 2	-	unattributed
50f25979b0d75532	unattributed (mtime window: 2026-09-11h)	t1	snapshot:25aa8421-fce1-4a11-8a89-5d2ba5981c88/w/t1.logos	-	no id of this program is cited by that round's record or its probe-dir files	-	-	RUNS	0 hi	-	unattributed
450d39997950d19b	unattributed (mtime window: 2026-09-12a)	tprobec	snapshot:25aa8421-fce1-4a11-8a89-5d2ba5981c88/tprobec.logos	-	no id of this program is cited by that round's record or its probe-dir files	-	-	RUNS	89	-	unattributed
66d9263ed6db0a1a	unattributed (mtime window: 2026-09-12a)	tprobe	snapshot:25aa8421-fce1-4a11-8a89-5d2ba5981c88/tprobe.logos	-	no id of this program is cited by that round's record or its probe-dir files	-	-	RUNS	89	-	unattributed
b7cbd49df0a83a02	unattributed (mtime window: 2026-09-12a)	main	snapshot:25aa8421-fce1-4a11-8a89-5d2ba5981c88/cexAL/main.logos	-	no id of this program is cited by that round's record or its probe-dir files	-	-	CCFAIL	4 module_loader: cannot find package 'tb'	-	unattributed
6b49507d43b8be1b	unattributed (mtime window: 2026-09-12a)	main	snapshot:25aa8421-fce1-4a11-8a89-5d2ba5981c88/cexE/main.logos	-	no id of this program is cited by that round's record or its probe-dir files	-	-	CCFAIL	4 module_loader: cannot find package 'gb'	-	unattributed
509b9d51c78de969	unattributed (mtime window: 2026-09-12a)	main	snapshot:25aa8421-fce1-4a11-8a89-5d2ba5981c88/cex/main.logos	-	no id of this program is cited by that round's record or its probe-dir files	-	-	CCFAIL	4 module_loader: cannot find package 'gb'	-	unattributed
e418caae1bee7f60	unattributed (mtime window: 2026-09-12a)	main	snapshot:25aa8421-fce1-4a11-8a89-5d2ba5981c88/cexTR2/main.logos	-	no id of this program is cited by that round's record or its probe-dir files	-	-	CCFAIL	4 module_loader: cannot find package 'rb'	-	unattributed
ff7427f3316661dd	unattributed (mtime window: 2026-09-12a-liferegb-doors)	h05_sibling_elem	snapshot:25aa8421-fce1-4a11-8a89-5d2ba5981c88/hand/h05_sibling_elem.logos	-	no id of this program is cited by that round's record or its probe-dir files	-	-	RUNS	0	-	unattributed
11315ac2dc809161	unattributed (mtime window: 2026-09-12a-liferegb-doors)	h11_array_of_struct	snapshot:25aa8421-fce1-4a11-8a89-5d2ba5981c88/hand/h11_array_of_struct.logos	-	no id of this program is cited by that round's record or its probe-dir files	-	-	RUNS	0	-	unattributed
663338caddd2702c	unattributed (mtime window: 2026-09-12a-liferegb-doors)	h06_vec_index_store	snapshot:25aa8421-fce1-4a11-8a89-5d2ba5981c88/hand/h06_vec_index_store.logos	-	no id of this program is cited by that round's record or its probe-dir files	-	-	RUNS	0	-	unattributed
f2be686bff97681d	unattributed (mtime window: 2026-09-12a-liferegb-doors)	h10_deref_static	snapshot:25aa8421-fce1-4a11-8a89-5d2ba5981c88/hand/h10_deref_static.logos	-	no id of this program is cited by that round's record or its probe-dir files	-	-	RUNS	0	-	unattributed
b30b49457b6f05a8	unattributed (mtime window: 2026-09-12a-liferegb-doors)	h07_deref_scalar	snapshot:25aa8421-fce1-4a11-8a89-5d2ba5981c88/hand/h07_deref_scalar.logos	-	no id of this program is cited by that round's record or its probe-dir files	-	-	RUNS	0	-	unattributed
7359be44c7fe99a4	unattributed (mtime window: 2026-09-12a-liferegb-doors)	h03_not_returned	snapshot:25aa8421-fce1-4a11-8a89-5d2ba5981c88/hand/h03_not_returned.logos	-	no id of this program is cited by that round's record or its probe-dir files	-	-	RUNS	0	-	unattributed
c2885648d6abeee1	unattributed (mtime window: 2026-09-12a-liferegb-doors)	h08_deref_ref_same_lt	snapshot:25aa8421-fce1-4a11-8a89-5d2ba5981c88/hand/h08_deref_ref_same_lt.logos	-	no id of this program is cited by that round's record or its probe-dir files	-	-	RUNS	0	-	unattributed
c05de7cac4dda54d	unattributed (mtime window: 2026-09-12a-liferegb-doors)	h09_deref_local_not_returned	snapshot:25aa8421-fce1-4a11-8a89-5d2ba5981c88/hand/h09_deref_local_not_returned.logos	-	no id of this program is cited by that round's record or its probe-dir files	-	-	RUNS	0	-	unattributed
747985943ffa38e7	unattributed (mtime window: 2026-09-12a-liferegb-doors)	h01_slice_same_lt	snapshot:25aa8421-fce1-4a11-8a89-5d2ba5981c88/hand/h01_slice_same_lt.logos	-	no id of this program is cited by that round's record or its probe-dir files	-	-	RUNS	0	-	unattributed
5d58f34571a8b978	unattributed (mtime window: 2026-09-12a-liferegb-doors)	h12_nested_index	snapshot:25aa8421-fce1-4a11-8a89-5d2ba5981c88/hand/h12_nested_index.logos	-	no id of this program is cited by that round's record or its probe-dir files	-	-	RUNS	0	-	unattributed
9424fa956bb0b15b	unattributed (mtime window: 2026-09-12a-liferegb-doors)	h04_overwrite_back	snapshot:25aa8421-fce1-4a11-8a89-5d2ba5981c88/hand/h04_overwrite_back.logos	-	no id of this program is cited by that round's record or its probe-dir files	-	-	RUNS	0	-	unattributed
657b356c813dfe89	unattributed (mtime window: 2026-09-12a-liferegb-doors)	h02_scalar_slice_store	snapshot:25aa8421-fce1-4a11-8a89-5d2ba5981c88/hand/h02_scalar_slice_store.logos	-	no id of this program is cited by that round's record or its probe-dir files	-	-	RUNS	0	-	unattributed
a8b164b5c808d163	unattributed (mtime window: 2026-09-12b)	d3_fieldindexwrite	snapshot:25aa8421-fce1-4a11-8a89-5d2ba5981c88/dw/d3_fieldindexwrite.logos	-	no id of this program is cited by that round's record or its probe-dir files	-	-	RUNS	0	-	unattributed
ea20a74900035de6	unattributed (mtime window: 2026-09-12b)	d7_derefwritevar	snapshot:25aa8421-fce1-4a11-8a89-5d2ba5981c88/dw/d7_derefwritevar.logos	-	no id of this program is cited by that round's record or its probe-dir files	-	-	REFUSED	1 error [fn f]: lifetime mismatch: return type has lifetime 'a but 'y' has lifetime (elided)	-	unattributed
1c4327784f57e80b	unattributed (mtime window: 2026-09-12b)	d5_dereffieldwrite	snapshot:25aa8421-fce1-4a11-8a89-5d2ba5981c88/dw/d5_dereffieldwrite.logos	-	no id of this program is cited by that round's record or its probe-dir files	-	-	RUNS	0	-	unattributed
8e8429fccea875fc	unattributed (mtime window: 2026-09-12b)	d7b_dereffieldvar	snapshot:25aa8421-fce1-4a11-8a89-5d2ba5981c88/dw/d7b_dereffieldvar.logos	-	no id of this program is cited by that round's record or its probe-dir files	-	-	REFUSED	1 error [fn f]: lifetime mismatch: return type has lifetime 'a but 'y' has lifetime (elided)	-	unattributed
83205d022596f41f	unattributed (mtime window: 2026-09-12b)	d6_tuplewrite	snapshot:25aa8421-fce1-4a11-8a89-5d2ba5981c88/dw/d6_tuplewrite.logos	-	no id of this program is cited by that round's record or its probe-dir files	-	-	REFUSED	1 error [fn f]: lifetime mismatch: return type has lifetime 'a but 'y' has lifetime (elided)	-	unattributed
f4337a72fc5b89df	unattributed (mtime window: 2026-09-12b)	d2_indexwrite	snapshot:25aa8421-fce1-4a11-8a89-5d2ba5981c88/dw/d2_indexwrite.logos	-	no id of this program is cited by that round's record or its probe-dir files	-	-	RUNS	0	-	unattributed
5f64d45299d438ba	unattributed (mtime window: 2026-09-12b)	d4_chainfieldwrite	snapshot:25aa8421-fce1-4a11-8a89-5d2ba5981c88/dw/d4_chainfieldwrite.logos	-	no id of this program is cited by that round's record or its probe-dir files	-	-	REFUSED	1 error [fn f]: lifetime mismatch: return type has lifetime 'a but 'y' has lifetime (elided)	-	unattributed
4b5f6ba5867030ce	unattributed (mtime window: 2026-09-12b)	d1_fieldwrite	snapshot:25aa8421-fce1-4a11-8a89-5d2ba5981c88/dw/d1_fieldwrite.logos	-	no id of this program is cited by that round's record or its probe-dir files	-	-	REFUSED	1 error [fn f]: lifetime mismatch: return type has lifetime 'a but 'y' has lifetime (elided)	-	unattributed
3776a8244cbf3fa2	unattributed (mtime window: 2026-09-12b)	L07_nested_two_level	snapshot:25aa8421-fce1-4a11-8a89-5d2ba5981c88/dw/legal/L07_nested_two_level.logos	-	no id of this program is cited by that round's record or its probe-dir files	-	-	RUNS	0	-	unattributed
4b24ec3a9e9cebcb	unattributed (mtime window: 2026-09-12b)	L06_scalar_deref	snapshot:25aa8421-fce1-4a11-8a89-5d2ba5981c88/dw/legal/L06_scalar_deref.logos	-	no id of this program is cited by that round's record or its probe-dir files	-	-	RUNS	0	-	unattributed
1c0ef1f567d97cfb	unattributed (mtime window: 2026-09-12b)	L03_overwrite_back	snapshot:25aa8421-fce1-4a11-8a89-5d2ba5981c88/dw/legal/L03_overwrite_back.logos	-	no id of this program is cited by that round's record or its probe-dir files	-	-	RUNS	0	-	unattributed
9d46da1483ccd7e6	unattributed (mtime window: 2026-09-12b)	L11_index_samelt	snapshot:25aa8421-fce1-4a11-8a89-5d2ba5981c88/dw/legal/L11_index_samelt.logos	-	no id of this program is cited by that round's record or its probe-dir files	-	-	RUNS	0	-	unattributed
e8041f7138c9a846	unattributed (mtime window: 2026-09-12b)	L12_arg_not_stored	snapshot:25aa8421-fce1-4a11-8a89-5d2ba5981c88/dw/legal/L12_arg_not_stored.logos	-	no id of this program is cited by that round's record or its probe-dir files	-	-	RUNS	0	-	unattributed
1f06ce798389cd7a	unattributed (mtime window: 2026-09-12b)	L05_match_arm_store	snapshot:25aa8421-fce1-4a11-8a89-5d2ba5981c88/dw/legal/L05_match_arm_store.logos	-	no id of this program is cited by that round's record or its probe-dir files	-	-	RUNS	0	-	unattributed
2f60dcd678cf1a74	unattributed (mtime window: 2026-09-12b)	L09_field_samelt	snapshot:25aa8421-fce1-4a11-8a89-5d2ba5981c88/dw/legal/L09_field_samelt.logos	-	no id of this program is cited by that round's record or its probe-dir files	-	-	RUNS	0	-	unattributed
fd525e8a9d9519f1	unattributed (mtime window: 2026-09-12b)	L02_not_returned	snapshot:25aa8421-fce1-4a11-8a89-5d2ba5981c88/dw/legal/L02_not_returned.logos	-	no id of this program is cited by that round's record or its probe-dir files	-	-	RUNS	0	-	unattributed
9483971648a6cd66	unattributed (mtime window: 2026-09-12b)	L04_loop_store	snapshot:25aa8421-fce1-4a11-8a89-5d2ba5981c88/dw/legal/L04_loop_store.logos	-	no id of this program is cited by that round's record or its probe-dir files	-	-	RUNS	0	-	unattributed
a2e02e9166759c87	unattributed (mtime window: 2026-09-12b)	L01_samelt_deref	snapshot:25aa8421-fce1-4a11-8a89-5d2ba5981c88/dw/legal/L01_samelt_deref.logos	-	no id of this program is cited by that round's record or its probe-dir files	-	-	RUNS	0	-	unattributed
c1947b12cfc4a8c4	unattributed (mtime window: 2026-09-12b)	L14_no_return_at_all	snapshot:25aa8421-fce1-4a11-8a89-5d2ba5981c88/dw/legal/L14_no_return_at_all.logos	-	no id of this program is cited by that round's record or its probe-dir files	-	-	RUNS	0	-	unattributed
0e712b79c1806745	unattributed (mtime window: 2026-09-12b)	L10_tuple_samelt	snapshot:25aa8421-fce1-4a11-8a89-5d2ba5981c88/dw/legal/L10_tuple_samelt.logos	-	no id of this program is cited by that round's record or its probe-dir files	-	-	RUNS	0	-	unattributed
9dcd290976cfdeef	unattributed (mtime window: 2026-09-12b)	L08_local_referent	snapshot:25aa8421-fce1-4a11-8a89-5d2ba5981c88/dw/legal/L08_local_referent.logos	-	no id of this program is cited by that round's record or its probe-dir files	-	-	RUNS	0	-	unattributed
f0cf64d47b2040f3	unattributed (mtime window: 2026-09-12b)	L13_generic_holder	snapshot:25aa8421-fce1-4a11-8a89-5d2ba5981c88/dw/legal/L13_generic_holder.logos	-	no id of this program is cited by that round's record or its probe-dir files	-	-	RUNS	0	-	unattributed
c2a18ffa4a654e96	unattributed (mtime window: 2026-09-12b)	g2_loop_elided	snapshot:25aa8421-fce1-4a11-8a89-5d2ba5981c88/dw/gen/g2_loop_elided.logos	-	no id of this program is cited by that round's record or its probe-dir files	-	-	REFUSED	1 error [fn f]: lifetime mismatch: return type has lifetime 'a but 'y' has lifetime (elided)	-	unattributed
b51a597624f583da	unattributed (mtime window: 2026-09-12b)	g3_match_elided	snapshot:25aa8421-fce1-4a11-8a89-5d2ba5981c88/dw/gen/g3_match_elided.logos	-	no id of this program is cited by that round's record or its probe-dir files	-	-	REFUSED	1 error [fn f]: lifetime mismatch: return type has lifetime 'a but 'y' has lifetime (elided)	-	unattributed
3091b90e60120831	unattributed (mtime window: 2026-09-12b)	g1_two_level_elided	snapshot:25aa8421-fce1-4a11-8a89-5d2ba5981c88/dw/gen/g1_two_level_elided.logos	-	no id of this program is cited by that round's record or its probe-dir files	-	-	REFUSED	1 error [fn f]: lifetime mismatch: return type has lifetime 'a but 'y' has lifetime (elided)	-	unattributed
89c50c880dfe7755	unattributed (mtime window: 2026-09-12b)	g4_generic_holder_elided	snapshot:25aa8421-fce1-4a11-8a89-5d2ba5981c88/dw/gen/g4_generic_holder_elided.logos	-	no id of this program is cited by that round's record or its probe-dir files	-	-	RUNS	0	-	unattributed
aca06c5ae2684588	unattributed (mtime window: 2026-09-12c)	h03	snapshot:25aa8421-fce1-4a11-8a89-5d2ba5981c88/hb/h03.logos	-	no id of this program is cited by that round's record or its probe-dir files	-	-	RUNS	0	-	unattributed
ae56c7cc8ccbcdd1	unattributed (mtime window: 2026-09-12c)	h02	snapshot:25aa8421-fce1-4a11-8a89-5d2ba5981c88/hb/h02.logos	-	no id of this program is cited by that round's record or its probe-dir files	-	-	RUNS	0	-	unattributed
07313c09c437773f	unattributed (mtime window: 2026-09-12c)	h14	snapshot:25aa8421-fce1-4a11-8a89-5d2ba5981c88/hb/h14.logos	-	no id of this program is cited by that round's record or its probe-dir files	-	-	REFUSED	1 error [fn f]: cannot borrow 'r' as mutable: not declared as mut	-	unattributed
0e4d00c5a83d8b91	unattributed (mtime window: 2026-09-12c)	h04	snapshot:25aa8421-fce1-4a11-8a89-5d2ba5981c88/hb/h04.logos	-	no id of this program is cited by that round's record or its probe-dir files	-	-	RUNS	0	-	unattributed
68fd8de316963745	unattributed (mtime window: 2026-09-12c)	h09	snapshot:25aa8421-fce1-4a11-8a89-5d2ba5981c88/hb/h09.logos	-	no id of this program is cited by that round's record or its probe-dir files	-	-	RUNS	0	-	unattributed
cefd86a97fa2377e	unattributed (mtime window: 2026-09-12c)	i03	snapshot:25aa8421-fce1-4a11-8a89-5d2ba5981c88/hb/i03.logos	-	no id of this program is cited by that round's record or its probe-dir files	-	-	RUNS	0	-	unattributed
1d80cf5b43ef5491	unattributed (mtime window: 2026-09-12c)	h12	snapshot:25aa8421-fce1-4a11-8a89-5d2ba5981c88/hb/h12.logos	-	no id of this program is cited by that round's record or its probe-dir files	-	-	REFUSED	1 error [fn f]: cannot borrow 'r' as mutable: not declared as mut	-	unattributed
e5bacd0e1b2a2eba	unattributed (mtime window: 2026-09-12c)	h05	snapshot:25aa8421-fce1-4a11-8a89-5d2ba5981c88/hb/h05.logos	-	no id of this program is cited by that round's record or its probe-dir files	-	-	RUNS	0	-	unattributed
9bf698e0d8bdca1c	unattributed (mtime window: 2026-09-12c)	h11	snapshot:25aa8421-fce1-4a11-8a89-5d2ba5981c88/hb/h11.logos	-	no id of this program is cited by that round's record or its probe-dir files	-	-	RUNS	0	-	unattributed
b29d9b7812af66b2	unattributed (mtime window: 2026-09-12c)	h01	snapshot:25aa8421-fce1-4a11-8a89-5d2ba5981c88/hb/h01.logos	-	no id of this program is cited by that round's record or its probe-dir files	-	-	RUNS	0	-	unattributed
a916b67a73a63c90	unattributed (mtime window: 2026-09-12c)	h08	snapshot:25aa8421-fce1-4a11-8a89-5d2ba5981c88/hb/h08.logos	-	no id of this program is cited by that round's record or its probe-dir files	-	-	RUNS	0	-	unattributed
bcdc02b4cc1d7868	unattributed (mtime window: 2026-09-12c)	h06	snapshot:25aa8421-fce1-4a11-8a89-5d2ba5981c88/hb/h06.logos	-	no id of this program is cited by that round's record or its probe-dir files	-	-	RUNS	0	-	unattributed
47a3f45d74ecd5bb	unattributed (mtime window: 2026-09-12c)	h10	snapshot:25aa8421-fce1-4a11-8a89-5d2ba5981c88/hb/h10.logos	-	no id of this program is cited by that round's record or its probe-dir files	-	-	RUNS	0	-	unattributed
ab1eb6f283d86367	unattributed (mtime window: 2026-09-12c)	i01	snapshot:25aa8421-fce1-4a11-8a89-5d2ba5981c88/hb/i01.logos	-	no id of this program is cited by that round's record or its probe-dir files	-	-	RUNS	0	-	unattributed
f5039a3ca90a0f8f	unattributed (mtime window: 2026-09-12c)	h07	snapshot:25aa8421-fce1-4a11-8a89-5d2ba5981c88/hb/h07.logos	-	no id of this program is cited by that round's record or its probe-dir files	-	-	RUNS	0	-	unattributed
a0497ae5ab8654e5	unattributed (mtime window: 2026-09-12c)	i02	snapshot:25aa8421-fce1-4a11-8a89-5d2ba5981c88/hb/i02.logos	-	no id of this program is cited by that round's record or its probe-dir files	-	-	RUNS	0	-	unattributed
6d98dc67914566e6	unattributed (mtime window: 2026-09-12c)	h13	snapshot:25aa8421-fce1-4a11-8a89-5d2ba5981c88/hb/h13.logos	-	no id of this program is cited by that round's record or its probe-dir files	-	-	RUNS	0	-	unattributed
dbf86aae0844812b	unattributed (mtime window: 2026-09-12d-slicehop)	L09_deref_field_struct_of_slice	snapshot:25aa8421-fce1-4a11-8a89-5d2ba5981c88/R0912d/ce/L09_deref_field_struct_of_slice.logos	-	no id of this program is cited by that round's record or its probe-dir files	-	-	RUNS	0	-	unattributed
de65149e680c86ea	unattributed (mtime window: 2026-09-12d-slicehop)	L14_slice_store_param_same_life	snapshot:25aa8421-fce1-4a11-8a89-5d2ba5981c88/R0912d/ce/L14_slice_store_param_same_life.logos	-	no id of this program is cited by that round's record or its probe-dir files	-	-	RUNS	0	-	unattributed
a7f5c8c2498c6aef	unattributed (mtime window: 2026-09-12d-slicehop)	L13_slice_selfread_noreturn	snapshot:25aa8421-fce1-4a11-8a89-5d2ba5981c88/R0912d/ce/L13_slice_selfread_noreturn.logos	-	no id of this program is cited by that round's record or its probe-dir files	-	-	RUNS	0	-	unattributed
fc77c9c75bd04578	unattributed (mtime window: 2026-09-12d-slicehop)	X03_nested_deref_field_illegal	snapshot:25aa8421-fce1-4a11-8a89-5d2ba5981c88/R0912d/ce/X03_nested_deref_field_illegal.logos	-	no id of this program is cited by that round's record or its probe-dir files	-	-	RUNS	0	-	unattributed
451733df0baad463	unattributed (mtime window: 2026-09-12d-slicehop)	L02_deref_field_nonref_value	snapshot:25aa8421-fce1-4a11-8a89-5d2ba5981c88/R0912d/ce/L02_deref_field_nonref_value.logos	-	no id of this program is cited by that round's record or its probe-dir files	-	-	RUNS	0	-	unattributed
c34c7c624b32a9f8	unattributed (mtime window: 2026-09-12d-slicehop)	L12_deref_field_static	snapshot:25aa8421-fce1-4a11-8a89-5d2ba5981c88/R0912d/ce/L12_deref_field_static.logos	-	no id of this program is cited by that round's record or its probe-dir files	-	-	RUNS	0	-	unattributed
56520aa8f6a35af3	unattributed (mtime window: 2026-09-12d-slicehop)	L11_slice_store_local_only_no_ref	snapshot:25aa8421-fce1-4a11-8a89-5d2ba5981c88/R0912d/ce/L11_slice_store_local_only_no_ref.logos	-	no id of this program is cited by that round's record or its probe-dir files	-	-	RUNS	0	-	unattributed
041985a62696e307	unattributed (mtime window: 2026-09-12d-slicehop)	L10_loop_deref_field_write	snapshot:25aa8421-fce1-4a11-8a89-5d2ba5981c88/R0912d/ce/L10_loop_deref_field_write.logos	-	no id of this program is cited by that round's record or its probe-dir files	-	-	RUNS	0	-	unattributed
b25af9e2f11b23ad	unattributed (mtime window: 2026-09-12d-slicehop)	B03_plain_tuple_selfread	snapshot:25aa8421-fce1-4a11-8a89-5d2ba5981c88/R0912d/ce/B03_plain_tuple_selfread.logos	-	no id of this program is cited by that round's record or its probe-dir files	-	-	RUNS	0	-	unattributed
4bc919622e39a39a	unattributed (mtime window: 2026-09-12d-slicehop)	L03_nested_field_through_deref	snapshot:25aa8421-fce1-4a11-8a89-5d2ba5981c88/R0912d/ce/L03_nested_field_through_deref.logos	-	no id of this program is cited by that round's record or its probe-dir files	-	-	RUNS	0	-	unattributed
83588799916a024d	unattributed (mtime window: 2026-09-12d-slicehop)	X01_deref_tuple_field	snapshot:25aa8421-fce1-4a11-8a89-5d2ba5981c88/R0912d/ce/X01_deref_tuple_field.logos	-	no id of this program is cited by that round's record or its probe-dir files	-	-	RUNS	0	-	unattributed
1c08fb3f7bcc3ce3	unattributed (mtime window: 2026-09-12d-slicehop)	L17_slice_write_other_elem_read	snapshot:25aa8421-fce1-4a11-8a89-5d2ba5981c88/R0912d/ce/L17_slice_write_other_elem_read.logos	-	no id of this program is cited by that round's record or its probe-dir files	-	-	RUNS	0	-	unattributed
3fc0817d6c12c7fc	unattributed (mtime window: 2026-09-12d-slicehop)	L06_slice_store_branch_return_other	snapshot:25aa8421-fce1-4a11-8a89-5d2ba5981c88/R0912d/ce/L06_slice_store_branch_return_other.logos	-	no id of this program is cited by that round's record or its probe-dir files	-	-	RUNS	0	-	unattributed
396daa82f83149ec	unattributed (mtime window: 2026-09-12d-slicehop)	B02_plain_array_selfread	snapshot:25aa8421-fce1-4a11-8a89-5d2ba5981c88/R0912d/ce/B02_plain_array_selfread.logos	-	no id of this program is cited by that round's record or its probe-dir files	-	-	RUNS	0	-	unattributed
281b5ac239c4313b	unattributed (mtime window: 2026-09-12d-slicehop)	L07_deref_write_then_reinit_long	snapshot:25aa8421-fce1-4a11-8a89-5d2ba5981c88/R0912d/ce/L07_deref_write_then_reinit_long.logos	-	no id of this program is cited by that round's record or its probe-dir files	-	-	RUNS	0	-	unattributed
357160f3af3cf261	unattributed (mtime window: 2026-09-12d-slicehop)	L05_deref_param_exemption	snapshot:25aa8421-fce1-4a11-8a89-5d2ba5981c88/R0912d/ce/L05_deref_param_exemption.logos	-	no id of this program is cited by that round's record or its probe-dir files	-	-	RUNS	0	-	unattributed
6335f358d38c86ca	unattributed (mtime window: 2026-09-12d-slicehop)	L08_slice_of_slice_write	snapshot:25aa8421-fce1-4a11-8a89-5d2ba5981c88/R0912d/ce/L08_slice_of_slice_write.logos	-	no id of this program is cited by that round's record or its probe-dir files	-	-	RUNS	0	-	unattributed
0d6d2e95959314a7	unattributed (mtime window: 2026-09-12d-slicehop)	L16_deref_write_other_field_read	snapshot:25aa8421-fce1-4a11-8a89-5d2ba5981c88/R0912d/ce/L16_deref_write_other_field_read.logos	-	no id of this program is cited by that round's record or its probe-dir files	-	-	RUNS	0	-	unattributed
6448425afd8fe08c	unattributed (mtime window: 2026-09-12d-slicehop)	X02_slice_of_struct_field	snapshot:25aa8421-fce1-4a11-8a89-5d2ba5981c88/R0912d/ce/X02_slice_of_struct_field.logos	-	no id of this program is cited by that round's record or its probe-dir files	-	-	RUNS	0	-	unattributed
5157b128d11d2505	unattributed (mtime window: 2026-09-12d-slicehop)	B01_plain_field_selfread	snapshot:25aa8421-fce1-4a11-8a89-5d2ba5981c88/R0912d/ce/B01_plain_field_selfread.logos	-	no id of this program is cited by that round's record or its probe-dir files	-	-	RUNS	0	-	unattributed
d5776f5d37f794f4	unattributed (mtime window: 2026-09-12d-slicehop)	L01_deref_reborrow_two_levels	snapshot:25aa8421-fce1-4a11-8a89-5d2ba5981c88/R0912d/ce/L01_deref_reborrow_two_levels.logos	-	no id of this program is cited by that round's record or its probe-dir files	-	-	RUNS	0	-	unattributed
80c1ed8e829b01e2	unattributed (mtime window: 2026-09-12e)	L01	snapshot:25aa8421-fce1-4a11-8a89-5d2ba5981c88/leg/L01.logos	-	no id of this program is cited by that round's record or its probe-dir files	-	-	RUNS	2	-	unattributed
b1438b1ff722cdfc	unattributed (mtime window: 2026-09-12e)	L06	snapshot:25aa8421-fce1-4a11-8a89-5d2ba5981c88/leg/L06.logos	-	no id of this program is cited by that round's record or its probe-dir files	-	-	RUNS	2	-	unattributed
a8b3d4ec1fb32ffe	unattributed (mtime window: 2026-09-12e)	L08	snapshot:25aa8421-fce1-4a11-8a89-5d2ba5981c88/leg/L08.logos	-	no id of this program is cited by that round's record or its probe-dir files	-	-	RUNS	8	-	unattributed
ca5dddd1d71a14d7	unattributed (mtime window: 2026-09-12e)	L10	snapshot:25aa8421-fce1-4a11-8a89-5d2ba5981c88/leg/L10.logos	-	no id of this program is cited by that round's record or its probe-dir files	-	-	RUNS	13	-	unattributed
02712ab3c5c119b6	unattributed (mtime window: 2026-09-12e)	L09	snapshot:25aa8421-fce1-4a11-8a89-5d2ba5981c88/leg/L09.logos	-	no id of this program is cited by that round's record or its probe-dir files	-	-	REFUSED	2 error [fn main]: cannot borrow 'x' as mutable: already mutably borrowed	-	unattributed
1e429b616ec8ca46	unattributed (mtime window: 2026-09-12e)	L03	snapshot:25aa8421-fce1-4a11-8a89-5d2ba5981c88/leg/L03.logos	-	no id of this program is cited by that round's record or its probe-dir files	-	-	RUNS	5	-	unattributed
96358b212f8f498a	unattributed (mtime window: 2026-09-12e)	I6	snapshot:25aa8421-fce1-4a11-8a89-5d2ba5981c88/leg/I6.logos	-	no id of this program is cited by that round's record or its probe-dir files	-	-	RUNS	12	-	unattributed
eea55886f98cc4bd	unattributed (mtime window: 2026-09-12e)	L07	snapshot:25aa8421-fce1-4a11-8a89-5d2ba5981c88/leg/L07.logos	-	no id of this program is cited by that round's record or its probe-dir files	-	-	RUNS	4	-	unattributed
989829c02c9b31c8	unattributed (mtime window: 2026-09-12e)	L05	snapshot:25aa8421-fce1-4a11-8a89-5d2ba5981c88/leg/L05.logos	-	no id of this program is cited by that round's record or its probe-dir files	-	-	RUNS	8	-	unattributed
c16a4effe1decf62	unattributed (mtime window: 2026-09-12e)	L02	snapshot:25aa8421-fce1-4a11-8a89-5d2ba5981c88/leg/L02.logos	-	no id of this program is cited by that round's record or its probe-dir files	-	-	RUNS	12	-	unattributed
e368163b4ec72724	unattributed (mtime window: 2026-09-12e)	L04	snapshot:25aa8421-fce1-4a11-8a89-5d2ba5981c88/leg/L04.logos	-	no id of this program is cited by that round's record or its probe-dir files	-	-	RUNS	5	-	unattributed
2ea9f5e89777d69c	unattributed (mtime window: 2026-09-12e)	a2	snapshot:25aa8421-fce1-4a11-8a89-5d2ba5981c88/h/a2.logos	-	no id of this program is cited by that round's record or its probe-dir files	-	-	RUNS	0	-	unattributed
7be55ca581a24075	unattributed (mtime window: 2026-09-12e)	h1	snapshot:25aa8421-fce1-4a11-8a89-5d2ba5981c88/h/h1.logos	-	no id of this program is cited by that round's record or its probe-dir files	-	-	RUNS	1	-	unattributed
6cc313d26b9a6c68	unattributed (mtime window: 2026-09-12e)	a1	snapshot:25aa8421-fce1-4a11-8a89-5d2ba5981c88/h/a1.logos	-	no id of this program is cited by that round's record or its probe-dir files	-	-	RUNS	0	-	unattributed
085830577839bdd9	unattributed (mtime window: 2026-09-12e)	c6	snapshot:25aa8421-fce1-4a11-8a89-5d2ba5981c88/h/c6.logos	-	no id of this program is cited by that round's record or its probe-dir files	-	-	RUNS	1	-	unattributed
b728a07b85b9b102	unattributed (mtime window: 2026-09-12e)	a4	snapshot:25aa8421-fce1-4a11-8a89-5d2ba5981c88/h/a4.logos	-	no id of this program is cited by that round's record or its probe-dir files	-	-	RUNS	0	-	unattributed
fbcaf95923382df3	unattributed (mtime window: 2026-09-12e)	h3	snapshot:25aa8421-fce1-4a11-8a89-5d2ba5981c88/h/h3.logos	-	no id of this program is cited by that round's record or its probe-dir files	-	-	RUNS	1	-	unattributed
0dc7e97f5d2df5cc	unattributed (mtime window: 2026-09-12e)	h2	snapshot:25aa8421-fce1-4a11-8a89-5d2ba5981c88/h/h2.logos	-	no id of this program is cited by that round's record or its probe-dir files	-	-	RUNS	1	-	unattributed
8ec7adb0f5ead5f5	unattributed (mtime window: 2026-09-12e)	h4	snapshot:25aa8421-fce1-4a11-8a89-5d2ba5981c88/h/h4.logos	-	no id of this program is cited by that round's record or its probe-dir files	-	-	REFUSED	1 /home/logos/sandbox/hand-harvest-2026-09-14/25aa8421-fce1-4a11-8a89-5d2ba5981c88/h/h4.logos:8: error [fn main]: use of moved variable 'start'	-	unattributed
680e8ff5b6082782	unattributed (mtime window: 2026-09-12e)	h5	snapshot:25aa8421-fce1-4a11-8a89-5d2ba5981c88/h/h5.logos	-	no id of this program is cited by that round's record or its probe-dir files	-	-	REFUSED	1 /home/logos/sandbox/hand-harvest-2026-09-14/25aa8421-fce1-4a11-8a89-5d2ba5981c88/h/h5.logos:8: error [fn main]: use of moved variable 'start'	-	unattributed
2a653a28ed69dcec	unattributed (mtime window: 2026-09-12f)	i5	snapshot:25aa8421-fce1-4a11-8a89-5d2ba5981c88/r12f/i5.logos	-	no id of this program is cited by that round's record or its probe-dir files	-	-	REFUSED	1 error [fn main]: cannot borrow 'h.n' as mutable: already mutably borrowed	-	unattributed
e08ea0c0cd9cb9d1	unattributed (mtime window: 2026-09-12f)	i8	snapshot:25aa8421-fce1-4a11-8a89-5d2ba5981c88/r12f/i8.logos	-	no id of this program is cited by that round's record or its probe-dir files	-	-	REFUSED	1 error [fn main]: cannot assign to 'h' because it is borrowed	-	unattributed
5c4e96cec7a3f418	unattributed (mtime window: 2026-09-12f)	i7	snapshot:25aa8421-fce1-4a11-8a89-5d2ba5981c88/r12f/i7.logos	-	no id of this program is cited by that round's record or its probe-dir files	-	-	REFUSED	1 error [fn main]: cannot borrow 't.0' as mutable: already mutably borrowed	-	unattributed
9e1dc48be74f6bfe	unattributed (mtime window: 2026-09-12f)	i3	snapshot:25aa8421-fce1-4a11-8a89-5d2ba5981c88/r12f/i3.logos	-	no id of this program is cited by that round's record or its probe-dir files	-	-	REFUSED	1 error [fn main]: cannot borrow 'arr' as mutable: already mutably borrowed	-	unattributed
2b1a2afd1c05b9ca	unattributed (mtime window: 2026-09-12f)	dup	snapshot:25aa8421-fce1-4a11-8a89-5d2ba5981c88/r12f/dup.logos	-	no id of this program is cited by that round's record or its probe-dir files	-	-	REFUSED	1 error [fn main]: cannot assign to 'x' because it is borrowed	-	unattributed
4985eeea31309879	unattributed (mtime window: 2026-09-12f)	i9	snapshot:25aa8421-fce1-4a11-8a89-5d2ba5981c88/r12f/i9.logos	-	no id of this program is cited by that round's record or its probe-dir files	-	-	REFUSED	1 error [fn main]: cannot assign to 'arr' because it is borrowed	-	unattributed
f642ec74b3560634	unattributed (mtime window: 2026-09-12f)	i2	snapshot:25aa8421-fce1-4a11-8a89-5d2ba5981c88/r12f/i2.logos	-	no id of this program is cited by that round's record or its probe-dir files	-	-	REFUSED	1 error [fn main]: cannot assign to 'x' because it is borrowed	-	unattributed
7e27e3ac8f897f3e	unattributed (mtime window: 2026-09-12f)	i4	snapshot:25aa8421-fce1-4a11-8a89-5d2ba5981c88/r12f/i4.logos	-	no id of this program is cited by that round's record or its probe-dir files	-	-	REFUSED	1 error [fn main]: cannot borrow 'h.xs' as mutable: already mutably borrowed	-	unattributed
21e2ea24451e37e5	unattributed (mtime window: 2026-09-12f)	i6	snapshot:25aa8421-fce1-4a11-8a89-5d2ba5981c88/r12f/i6.logos	-	no id of this program is cited by that round's record or its probe-dir files	-	-	REFUSED	1 error [fn main]: cannot borrow 'o.i.n' as mutable: already mutably borrowed	-	unattributed
6f2267b22a03520a	unattributed (mtime window: 2026-09-12a-fnkind)	r20	src/compiler/probes/2026-09-12a-fnkind/hand/r20.logos	-	no id of this program is cited by that round's record or its probe-dir files	-	-	REFUSED	2 /home/logos/sandbox/hand-harvest-2026-09-14/25aa8421-fce1-4a11-8a89-5d2ba5981c88/lintcanary.5EyV/src/compiler/probes/2026-09-12a-fnkind/hand/r20.logos:4: erro	-	unattributed
311078978b4f3b46	unattributed (mtime window: 2026-09-12a-fnkind)	r21	src/compiler/probes/2026-09-12a-fnkind/hand/r21.logos	-	no id of this program is cited by that round's record or its probe-dir files	-	-	REFUSED	2 /home/logos/sandbox/hand-harvest-2026-09-14/25aa8421-fce1-4a11-8a89-5d2ba5981c88/lintcanary.5EyV/src/compiler/probes/2026-09-12a-fnkind/hand/r21.logos:4: erro	-	unattributed
0c40d56f92671711	unattributed (mtime window: 2026-09-12a-fnkind)	r16	src/compiler/probes/2026-09-12a-fnkind/hand/r16.logos	-	no id of this program is cited by that round's record or its probe-dir files	-	-	REFUSED	2 /home/logos/sandbox/hand-harvest-2026-09-14/25aa8421-fce1-4a11-8a89-5d2ba5981c88/lintcanary.5EyV/src/compiler/probes/2026-09-12a-fnkind/hand/r16.logos:3: erro	-	unattributed
5deac0bbcdd22659	unattributed (mtime window: 2026-09-12a-fnkind)	r22	src/compiler/probes/2026-09-12a-fnkind/hand/r22.logos	-	no id of this program is cited by that round's record or its probe-dir files	-	-	REFUSED	1 /home/logos/sandbox/hand-harvest-2026-09-14/25aa8421-fce1-4a11-8a89-5d2ba5981c88/lintcanary.5EyV/src/compiler/probes/2026-09-12a-fnkind/hand/r22.logos:4: erro	-	unattributed
0f62d9e9de629d51	unattributed (mtime window: 2026-09-12a-fnkind)	r15	src/compiler/probes/2026-09-12a-fnkind/hand/r15.logos	-	no id of this program is cited by that round's record or its probe-dir files	-	-	REFUSED	2 /home/logos/sandbox/hand-harvest-2026-09-14/25aa8421-fce1-4a11-8a89-5d2ba5981c88/lintcanary.5EyV/src/compiler/probes/2026-09-12a-fnkind/hand/r15.logos:3: erro	-	unattributed
3c2aebe78661a854	unattributed (mtime window: 2026-09-12a-fnkind)	h14_impltrait_fnmut_nonmove	src/compiler/probes/2026-09-12a-fnkind/hand/h14_impltrait_fnmut_nonmove.logos	-	no id of this program is cited by that round's record or its probe-dir files	-	-	RUNS	1	-	unattributed
f6a1bac82f98849a	unattributed (mtime window: 2026-09-12a-fnkind)	h10_impltrait_fnonce_as_fn	src/compiler/probes/2026-09-12a-fnkind/hand/h10_impltrait_fnonce_as_fn.logos	-	no id of this program is cited by that round's record or its probe-dir files	-	-	RUNS	3	-	unattributed
8d6e92fddff23459	unattributed (mtime window: 2026-09-12b-rpitbound)	c6	src/compiler/probes/2026-09-12b-rpitbound/hand/c6.logos	-	no id of this program is cited by that round's record or its probe-dir files	-	-	REFUSED	1 /home/logos/sandbox/hand-harvest-2026-09-14/25aa8421-fce1-4a11-8a89-5d2ba5981c88/lintcanary.5EyV/src/compiler/probes/2026-09-12b-rpitbound/hand/c6.logos:6: er	-	unattributed
1c110724fc69d296	unattributed (mtime window: 2026-09-12b-rpitbound)	d1	src/compiler/probes/2026-09-12b-rpitbound/hand/d1.logos	-	no id of this program is cited by that round's record or its probe-dir files	-	-	RUNS	1	-	unattributed
b60ea96f426ce5b1	unattributed (mtime window: 2026-09-12b-rpitbound)	L9	src/compiler/probes/2026-09-12b-rpitbound/hand/L9.logos	-	no id of this program is cited by that round's record or its probe-dir files	-	-	RUNS	12	-	unattributed
b1c29c0c53a414c2	unattributed (mtime window: 2026-09-12b-rpitbound)	L10	src/compiler/probes/2026-09-12b-rpitbound/hand/L10.logos	-	no id of this program is cited by that round's record or its probe-dir files	-	-	RUNS	139	-	unattributed
40c7dc4b00322eeb	unattributed (mtime window: 2026-09-12b-rpitbound)	L2	src/compiler/probes/2026-09-12b-rpitbound/hand/L2.logos	-	no id of this program is cited by that round's record or its probe-dir files	-	-	RUNS	9	-	unattributed
0a6a5fac1cc9fb90	unattributed (mtime window: 2026-09-12b-rpitbound)	d2	src/compiler/probes/2026-09-12b-rpitbound/hand/d2.logos	-	no id of this program is cited by that round's record or its probe-dir files	-	-	RUNS	0	-	unattributed
366e9ffd51be3fbc	unattributed (mtime window: 2026-09-12b-rpitbound)	L1	src/compiler/probes/2026-09-12b-rpitbound/hand/L1.logos	-	no id of this program is cited by that round's record or its probe-dir files	-	-	RUNS	14	-	unattributed
d7e3197c1f7e6d04	unattributed (mtime window: 2026-09-12b-rpitbound)	L8	src/compiler/probes/2026-09-12b-rpitbound/hand/L8.logos	-	no id of this program is cited by that round's record or its probe-dir files	-	-	RUNS	11	-	unattributed
235faa7453bfab4a	unattributed (mtime window: 2026-09-12b-rpitbound)	L3	src/compiler/probes/2026-09-12b-rpitbound/hand/L3.logos	-	no id of this program is cited by that round's record or its probe-dir files	-	-	RUNS	9	-	unattributed
a37810eabee5028c	unattributed (mtime window: 2026-09-12b-rpitbound)	L11	src/compiler/probes/2026-09-12b-rpitbound/hand/L11.logos	-	no id of this program is cited by that round's record or its probe-dir files	-	-	RUNS	6	-	unattributed
e627b9551a6c0587	unattributed (mtime window: 2026-09-12f)	L3_fn_bound_twice	snapshot:25aa8421-fce1-4a11-8a89-5d2ba5981c88/hand/L3_fn_bound_twice.logos	-	no id of this program is cited by that round's record or its probe-dir files	-	-	RUNS	0	-	unattributed
198f52cf3570d412	unattributed (mtime window: 2026-09-12f)	L2_fn_nested	snapshot:25aa8421-fce1-4a11-8a89-5d2ba5981c88/hand/L2_fn_nested.logos	-	no id of this program is cited by that round's record or its probe-dir files	-	-	RUNS	0	-	unattributed
4f261539ae1b0fc9	unattributed (mtime window: 2026-09-12f)	L8_boxdyn_fn	snapshot:25aa8421-fce1-4a11-8a89-5d2ba5981c88/hand/L8_boxdyn_fn.logos	-	no id of this program is cited by that round's record or its probe-dir files	-	-	RUNS	0	-	unattributed
84afefeb584ef78c	unattributed (mtime window: 2026-09-12f)	I1_ledger_e0596	snapshot:25aa8421-fce1-4a11-8a89-5d2ba5981c88/hand/I1_ledger_e0596.logos	-	no id of this program is cited by that round's record or its probe-dir files	-	-	RUNS	0	-	unattributed
173b5434fddfa8ca	unattributed (mtime window: 2026-09-12f)	I2_ledger_e0499	snapshot:25aa8421-fce1-4a11-8a89-5d2ba5981c88/hand/I2_ledger_e0499.logos	-	no id of this program is cited by that round's record or its probe-dir files	-	-	REFUSED	1 error [fn twice_ten_sm]: cannot use 'f' while it is mutably borrowed	-	unattributed
0706a3d34efb494b	unattributed (mtime window: 2026-09-12f)	L1_fn_twice	snapshot:25aa8421-fce1-4a11-8a89-5d2ba5981c88/hand/L1_fn_twice.logos	-	no id of this program is cited by that round's record or its probe-dir files	-	-	RUNS	0	-	unattributed
dc5821b48fedd396	unattributed (mtime window: 2026-09-12f)	L4_fnmut_declared_mut	snapshot:25aa8421-fce1-4a11-8a89-5d2ba5981c88/hand/L4_fnmut_declared_mut.logos	-	no id of this program is cited by that round's record or its probe-dir files	-	-	RUNS	0	-	unattributed
af6e72f85e6de5c6	unattributed (mtime window: 2026-09-12f)	L6_mutcap_declared_mut	snapshot:25aa8421-fce1-4a11-8a89-5d2ba5981c88/hand/L6_mutcap_declared_mut.logos	-	no id of this program is cited by that round's record or its probe-dir files	-	-	RUNS	0	-	unattributed
114238ce5fff3a0e	unattributed (mtime window: 2026-09-12f)	L7_refmut_param_mut	snapshot:25aa8421-fce1-4a11-8a89-5d2ba5981c88/hand/L7_refmut_param_mut.logos	-	no id of this program is cited by that round's record or its probe-dir files	-	-	RUNS	0	-	unattributed
4b79ac4d9a3205c8	unattributed (mtime window: 2026-09-12f)	L10_two_closures_nested	snapshot:25aa8421-fce1-4a11-8a89-5d2ba5981c88/hand/L10_two_closures_nested.logos	-	no id of this program is cited by that round's record or its probe-dir files	-	-	RUNS	0	-	unattributed
19fa15f0a47a7875	unattributed (mtime window: 2026-09-12f)	I3_mutcap_no_mut	snapshot:25aa8421-fce1-4a11-8a89-5d2ba5981c88/hand/I3_mutcap_no_mut.logos	-	no id of this program is cited by that round's record or its probe-dir files	-	-	RUNS	0	-	unattributed
aa597a180c8b7ced	unattributed (mtime window: 2026-09-12f)	L9_arg_reads_callee_capture	snapshot:25aa8421-fce1-4a11-8a89-5d2ba5981c88/hand/L9_arg_reads_callee_capture.logos	-	no id of this program is cited by that round's record or its probe-dir files	-	-	RUNS	0	-	unattributed
eee574da17918807	unattributed (mtime window: 2026-09-12g)	L1_fn_shared_twice	snapshot:25aa8421-fce1-4a11-8a89-5d2ba5981c88/r0912g/run/L1_fn_shared_twice.logos	-	no id of this program is cited by that round's record or its probe-dir files	-	-	RUNS	0	-	unattributed
4c46031c2aa434a1	unattributed (mtime window: 2026-09-12g)	L11_fnmut_mutref_arg_not_callee	snapshot:25aa8421-fce1-4a11-8a89-5d2ba5981c88/r0912g/run/L11_fnmut_mutref_arg_not_callee.logos	-	no id of this program is cited by that round's record or its probe-dir files	-	-	RUNS	0	-	unattributed
de3a501b6d7dc8e9	unattributed (mtime window: 2026-09-12g)	L4_fn_nested_upstream_si	snapshot:25aa8421-fce1-4a11-8a89-5d2ba5981c88/r0912g/run/L4_fn_nested_upstream_si.logos	-	no id of this program is cited by that round's record or its probe-dir files	-	-	RUNS	0	-	unattributed
1d0cd4d3111463f3	unattributed (mtime window: 2026-09-12g)	L13_dyn_fnmut_single_call	snapshot:25aa8421-fce1-4a11-8a89-5d2ba5981c88/r0912g/run/L13_dyn_fnmut_single_call.logos	-	no id of this program is cited by that round's record or its probe-dir files	-	-	RUNS	0	-	unattributed
06e167208f68ae76	unattributed (mtime window: 2026-09-12g)	L12_fn_shared_nested_byvalue	snapshot:25aa8421-fce1-4a11-8a89-5d2ba5981c88/r0912g/run/L12_fn_shared_nested_byvalue.logos	-	no id of this program is cited by that round's record or its probe-dir files	-	-	RUNS	0	-	unattributed
3f8471ed48745b94	unattributed (mtime window: 2026-09-12g)	L9_fnonce_called_once	snapshot:25aa8421-fce1-4a11-8a89-5d2ba5981c88/r0912g/run/L9_fnonce_called_once.logos	-	no id of this program is cited by that round's record or its probe-dir files	-	-	RUNS	0	-	unattributed
ee2d7c0544df256a	unattributed (mtime window: 2026-09-12g)	L10_fnmut_nested_distinct_params	snapshot:25aa8421-fce1-4a11-8a89-5d2ba5981c88/r0912g/run/L10_fnmut_nested_distinct_params.logos	-	no id of this program is cited by that round's record or its probe-dir files	-	-	RUNS	0	-	unattributed
dbb477e39c52bc8e	unattributed (mtime window: 2026-09-12g)	L2_fnmut_declared_mut_seq	snapshot:25aa8421-fce1-4a11-8a89-5d2ba5981c88/r0912g/run/L2_fnmut_declared_mut_seq.logos	-	no id of this program is cited by that round's record or its probe-dir files	-	-	RUNS	0	-	unattributed
25d2346fb0acd38c	unattributed (mtime window: 2026-09-12g)	L3_fnmut_through_mutref_seq	snapshot:25aa8421-fce1-4a11-8a89-5d2ba5981c88/r0912g/run/L3_fnmut_through_mutref_seq.logos	-	no id of this program is cited by that round's record or its probe-dir files	-	-	RUNS	0	-	unattributed
9d028657f700cd18	unattributed (mtime window: 2026-09-12g)	X2_fnmut_mutref_nested	snapshot:25aa8421-fce1-4a11-8a89-5d2ba5981c88/r0912g/hb/X2_fnmut_mutref_nested.logos	-	no id of this program is cited by that round's record or its probe-dir files	-	-	REFUSED	1 error [fn twice_ten_sm]: cannot use 'f' while it is mutably borrowed	-	unattributed
2bced7ad36b1d85d	unattributed (mtime window: 2026-09-12g)	W4	snapshot:25aa8421-fce1-4a11-8a89-5d2ba5981c88/r0912g/hb/W4.logos	-	no id of this program is cited by that round's record or its probe-dir files	-	-	RUNS	0	-	unattributed
f75d1fc4ba2bc80f	unattributed (mtime window: 2026-09-12g)	X4_fnmut_not_mut_local_binding	snapshot:25aa8421-fce1-4a11-8a89-5d2ba5981c88/r0912g/hb/X4_fnmut_not_mut_local_binding.logos	-	no id of this program is cited by that round's record or its probe-dir files	-	-	RUNS	0	-	unattributed
a9133919d4a0170f	unattributed (mtime window: 2026-09-12g)	X1_fnmut_not_declared_mut	snapshot:25aa8421-fce1-4a11-8a89-5d2ba5981c88/r0912g/hb/X1_fnmut_not_declared_mut.logos	-	no id of this program is cited by that round's record or its probe-dir files	-	-	RUNS	0	-	unattributed
8d3cb6269ecb5c28	unattributed (mtime window: 2026-09-12g)	C1_concrete_fnmut_closure_nested	snapshot:25aa8421-fce1-4a11-8a89-5d2ba5981c88/r0912g/hb/C1_concrete_fnmut_closure_nested.logos	-	no id of this program is cited by that round's record or its probe-dir files	-	-	RUNS	0	-	unattributed
4eba443786b45029	unattributed (mtime window: 2026-09-12g)	W2_where_fnonce_twice	snapshot:25aa8421-fce1-4a11-8a89-5d2ba5981c88/r0912g/hb/W2_where_fnonce_twice.logos	-	no id of this program is cited by that round's record or its probe-dir files	-	-	REFUSED	1 /home/logos/sandbox/hand-harvest-2026-09-14/25aa8421-fce1-4a11-8a89-5d2ba5981c88/r0912g/hb/W2_where_fnonce_twice.logos:4: error [fn c]: use of moved value 'f'	-	unattributed
921ac108137079ec	unattributed (mtime window: 2026-09-12g)	W3_where_fnmut_nested	snapshot:25aa8421-fce1-4a11-8a89-5d2ba5981c88/r0912g/hb/W3_where_fnmut_nested.logos	-	no id of this program is cited by that round's record or its probe-dir files	-	-	REFUSED	1 error [fn twice]: cannot use 'f' while it is mutably borrowed	-	unattributed
9ee783dd07b992e5	unattributed (mtime window: 2026-09-12g)	X3_fnmut_byvalue_mut_nested	snapshot:25aa8421-fce1-4a11-8a89-5d2ba5981c88/r0912g/hb/X3_fnmut_byvalue_mut_nested.logos	-	no id of this program is cited by that round's record or its probe-dir files	-	-	REFUSED	1 error [fn twice_ten_om]: cannot use 'f' while it is mutably borrowed	-	unattributed
e49d94152aaee8af	unattributed (mtime window: 2026-09-12g)	W1_where_fnmut_not_mut	snapshot:25aa8421-fce1-4a11-8a89-5d2ba5981c88/r0912g/hb/W1_where_fnmut_not_mut.logos	-	no id of this program is cited by that round's record or its probe-dir files	-	-	RUNS	0	-	unattributed
a94fbc9d17fcb825	unattributed (mtime window: 2026-09-12h-loanbackedge)	L2	src/compiler/probes/2026-09-12h-loanbackedge/L2.logos	-	no id of this program is cited by that round's record or its probe-dir files	-	-	REFUSED	1 error [fn main]: cannot borrow 'v' as shared: already mutably borrowed	-	unattributed
7b84bfaa01d5965f	unattributed (mtime window: 2026-09-12h-loanbackedge)	L1	src/compiler/probes/2026-09-12h-loanbackedge/L1.logos	-	no id of this program is cited by that round's record or its probe-dir files	-	-	REFUSED	2 error [fn main]: cannot borrow 'v' as shared: already mutably borrowed	-	unattributed
e176724f929c5086	unattributed (mtime window: 2026-09-12h-loanbackedge)	L4	src/compiler/probes/2026-09-12h-loanbackedge/L4.logos	-	no id of this program is cited by that round's record or its probe-dir files	-	-	REFUSED	1 error [fn main]: cannot borrow 'v' as shared: already mutably borrowed	-	unattributed
ac7e8a6ed182005c	unattributed (mtime window: 2026-09-12h-loanbackedge)	L3	src/compiler/probes/2026-09-12h-loanbackedge/L3.logos	-	no id of this program is cited by that round's record or its probe-dir files	-	-	REFUSED	1 error [fn main]: cannot borrow 'v' as shared: already mutably borrowed	-	unattributed
bc2cec55076c2c4e	unattributed (mtime window: 2026-09-12h-loanbackedge)	G11	src/compiler/probes/2026-09-12h-loanbackedge/legal/G11.logos	-	no id of this program is cited by that round's record or its probe-dir files	-	-	RUNS	0	-	unattributed
78b8244ab388d2e2	unattributed (mtime window: 2026-09-12h-loanbackedge)	G9	src/compiler/probes/2026-09-12h-loanbackedge/legal/G9.logos	-	no id of this program is cited by that round's record or its probe-dir files	-	-	RUNS	0	-	unattributed
0b305801d27d81be	unattributed (mtime window: 2026-09-12h-loanbackedge)	G7	src/compiler/probes/2026-09-12h-loanbackedge/legal/G7.logos	-	no id of this program is cited by that round's record or its probe-dir files	-	-	RUNS	0	-	unattributed
d59d099a9004a77d	unattributed (mtime window: 2026-09-12h-loanbackedge)	G4	src/compiler/probes/2026-09-12h-loanbackedge/legal/G4.logos	-	no id of this program is cited by that round's record or its probe-dir files	-	-	RUNS	0	-	unattributed
03efede725a7c2d3	unattributed (mtime window: 2026-09-12h-loanbackedge)	G8	src/compiler/probes/2026-09-12h-loanbackedge/legal/G8.logos	-	no id of this program is cited by that round's record or its probe-dir files	-	-	RUNS	0	-	unattributed
02f612e5d0eaa3e0	unattributed (mtime window: 2026-09-12h-loanbackedge)	G6	src/compiler/probes/2026-09-12h-loanbackedge/legal/G6.logos	-	no id of this program is cited by that round's record or its probe-dir files	-	-	RUNS	0	-	unattributed
8ef59a8724020c50	unattributed (mtime window: 2026-09-12h-loanbackedge)	G5	src/compiler/probes/2026-09-12h-loanbackedge/legal/G5.logos	-	no id of this program is cited by that round's record or its probe-dir files	-	-	RUNS	0	-	unattributed
093408fa15ea4654	unattributed (mtime window: 2026-09-12h-loanbackedge)	G2	src/compiler/probes/2026-09-12h-loanbackedge/legal/G2.logos	-	no id of this program is cited by that round's record or its probe-dir files	-	-	RUNS	0	-	unattributed
b83aa0a487176c58	unattributed (mtime window: 2026-09-12h-loanbackedge)	G10	src/compiler/probes/2026-09-12h-loanbackedge/legal/G10.logos	-	no id of this program is cited by that round's record or its probe-dir files	-	-	RUNS	0	-	unattributed
b5b187de6cc94248	unattributed (mtime window: 2026-09-12h-loanbackedge)	G1	src/compiler/probes/2026-09-12h-loanbackedge/legal/G1.logos	-	no id of this program is cited by that round's record or its probe-dir files	-	-	RUNS	0	-	unattributed
70bc7d023dbf1e41	unattributed (mtime window: 2026-09-12h-loanbackedge)	G12	src/compiler/probes/2026-09-12h-loanbackedge/legal/G12.logos	-	no id of this program is cited by that round's record or its probe-dir files	-	-	RUNS	0	-	unattributed
d2fe9a821e9d5705	unattributed (mtime window: 2026-09-12h-loanbackedge)	G3	src/compiler/probes/2026-09-12h-loanbackedge/legal/G3.logos	-	no id of this program is cited by that round's record or its probe-dir files	-	-	RUNS	0	-	unattributed
a8a9e61a4f56fa72	unattributed (mtime window: 2026-09-12i)	bc_backedge_holder_use_below_raise_admit	snapshot:25aa8421-fce1-4a11-8a89-5d2ba5981c88/fixtures/bc_backedge_holder_use_below_raise_admit.logos	-	no id of this program is cited by that round's record or its probe-dir files	-	-	RUNS	0 n=3	-	unattributed
e8bbb58a415615ff	unattributed (mtime window: 2026-09-12i-door1point)	C1	src/compiler/probes/2026-09-12i-door1point/legal/C1.logos	-	no id of this program is cited by that round's record or its probe-dir files	-	-	RUNS	0	-	unattributed
24d191231d3c3105	unattributed (mtime window: 2026-09-12i-door1point)	C3	src/compiler/probes/2026-09-12i-door1point/legal/C3.logos	-	no id of this program is cited by that round's record or its probe-dir files	-	-	RUNS	0	-	unattributed
86bf1971d2483917	unattributed (mtime window: 2026-09-12j)	b_method	snapshot:25aa8421-fce1-4a11-8a89-5d2ba5981c88/r1/b_method.logos	-	no id of this program is cited by that round's record or its probe-dir files	-	-	REFUSED	1 /home/logos/sandbox/hand-harvest-2026-09-14/25aa8421-fce1-4a11-8a89-5d2ba5981c88/r1/b_method.logos:6: error [fn main]: use of possibly uninitialised binding '	-	unattributed
3d9dab7318e7e703	unattributed (mtime window: 2026-09-12j)	u1	snapshot:25aa8421-fce1-4a11-8a89-5d2ba5981c88/r1/u1.logos	-	no id of this program is cited by that round's record or its probe-dir files	-	-	REFUSED	1 /home/logos/sandbox/hand-harvest-2026-09-14/25aa8421-fce1-4a11-8a89-5d2ba5981c88/r1/u1.logos:4: error [fn main]: use of possibly uninitialised binding 'x'	-	unattributed
bad25da93d1132ed	unattributed (mtime window: 2026-09-12j)	b_borrow_field	snapshot:25aa8421-fce1-4a11-8a89-5d2ba5981c88/r1/b_borrow_field.logos	-	no id of this program is cited by that round's record or its probe-dir files	-	-	REFUSED	1 /home/logos/sandbox/hand-harvest-2026-09-14/25aa8421-fce1-4a11-8a89-5d2ba5981c88/r1/b_borrow_field.logos:5: error [fn main]: use of possibly uninitialised bin	-	unattributed
3538cf09cf3773d0	unattributed (mtime window: 2026-09-12j)	b_mut	snapshot:25aa8421-fce1-4a11-8a89-5d2ba5981c88/r1/b_mut.logos	-	no id of this program is cited by that round's record or its probe-dir files	-	-	REFUSED	1 /home/logos/sandbox/hand-harvest-2026-09-14/25aa8421-fce1-4a11-8a89-5d2ba5981c88/r1/b_mut.logos:5: error [fn main]: use of possibly uninitialised binding 'x'	-	unattributed
4a90e67bb7752c58	unattributed (mtime window: 2026-09-12j)	b_field_write	snapshot:25aa8421-fce1-4a11-8a89-5d2ba5981c88/r1/b_field_write.logos	-	no id of this program is cited by that round's record or its probe-dir files	-	-	REFUSED	1 /home/logos/sandbox/hand-harvest-2026-09-14/25aa8421-fce1-4a11-8a89-5d2ba5981c88/r1/b_field_write.logos:5: error [fn main]: use of possibly uninitialised bind	-	unattributed
41126a027ce753dc	unattributed (mtime window: 2026-09-12j)	u7	snapshot:25aa8421-fce1-4a11-8a89-5d2ba5981c88/r1/u7.logos	-	no id of this program is cited by that round's record or its probe-dir files	-	-	REFUSED	1 /home/logos/sandbox/hand-harvest-2026-09-14/25aa8421-fce1-4a11-8a89-5d2ba5981c88/r1/u7.logos:4: error [fn main]: use of possibly uninitialised binding 'a'	-	unattributed
e43f1dab85c907c6	unattributed (mtime window: 2026-09-12j)	m2	snapshot:25aa8421-fce1-4a11-8a89-5d2ba5981c88/r1/m2.logos	-	no id of this program is cited by that round's record or its probe-dir files	-	-	REFUSED	1 error [fn main]: cannot borrow moved value 'x' (moved on line 7)	-	unattributed
f5525f82cf377229	unattributed (mtime window: 2026-09-12j)	m3	snapshot:25aa8421-fce1-4a11-8a89-5d2ba5981c88/r1/m3.logos	-	no id of this program is cited by that round's record or its probe-dir files	-	-	REFUSED	1 /home/logos/sandbox/hand-harvest-2026-09-14/25aa8421-fce1-4a11-8a89-5d2ba5981c88/r1/m3.logos:8: error [fn main]: use of moved variable 'x'	-	unattributed
2ec05e5919aa52c6	unattributed (mtime window: 2026-09-12j)	b_field_read	snapshot:25aa8421-fce1-4a11-8a89-5d2ba5981c88/r1/b_field_read.logos	-	no id of this program is cited by that round's record or its probe-dir files	-	-	REFUSED	1 /home/logos/sandbox/hand-harvest-2026-09-14/25aa8421-fce1-4a11-8a89-5d2ba5981c88/r1/b_field_read.logos:5: error [fn main]: use of possibly uninitialised bindi	-	unattributed
266d32731b3113c2	unattributed (mtime window: 2026-09-12j)	u2	snapshot:25aa8421-fce1-4a11-8a89-5d2ba5981c88/r1/u2.logos	-	no id of this program is cited by that round's record or its probe-dir files	-	-	REFUSED	1 /home/logos/sandbox/hand-harvest-2026-09-14/25aa8421-fce1-4a11-8a89-5d2ba5981c88/r1/u2.logos:4: error [fn main]: use of possibly uninitialised binding 'x'	-	unattributed
5fc40bcf81932212	unattributed (mtime window: 2026-09-12j)	b_addr_deref	snapshot:25aa8421-fce1-4a11-8a89-5d2ba5981c88/r1/b_addr_deref.logos	-	no id of this program is cited by that round's record or its probe-dir files	-	-	REFUSED	1 /home/logos/sandbox/hand-harvest-2026-09-14/25aa8421-fce1-4a11-8a89-5d2ba5981c88/r1/b_addr_deref.logos:5: error [fn main]: use of possibly uninitialised bindi	-	unattributed
dae064dfd75cbf54	unattributed (mtime window: 2026-09-12j)	u3	snapshot:25aa8421-fce1-4a11-8a89-5d2ba5981c88/r1/u3.logos	-	no id of this program is cited by that round's record or its probe-dir files	-	-	REFUSED	1 /home/logos/sandbox/hand-harvest-2026-09-14/25aa8421-fce1-4a11-8a89-5d2ba5981c88/r1/u3.logos:5: error [fn main]: use of possibly uninitialised binding 'x'	-	unattributed
f162d757f870b031	unattributed (mtime window: 2026-09-12j)	m1	snapshot:25aa8421-fce1-4a11-8a89-5d2ba5981c88/r1/m1.logos	-	no id of this program is cited by that round's record or its probe-dir files	-	-	REFUSED	1 error [fn main]: cannot borrow moved value 'x' (moved on line 7)	-	unattributed
2da51032a433e475	unattributed (mtime window: 2026-09-12j)	b_index_borrow	snapshot:25aa8421-fce1-4a11-8a89-5d2ba5981c88/r1/b_index_borrow.logos	-	no id of this program is cited by that round's record or its probe-dir files	-	-	REFUSED	1 /home/logos/sandbox/hand-harvest-2026-09-14/25aa8421-fce1-4a11-8a89-5d2ba5981c88/r1/b_index_borrow.logos:4: error [fn main]: use of possibly uninitialised bin	-	unattributed
211cf622905c85b4	unattributed (mtime window: 2026-09-12j)	b_refarg	snapshot:25aa8421-fce1-4a11-8a89-5d2ba5981c88/r1/b_refarg.logos	-	no id of this program is cited by that round's record or its probe-dir files	-	-	REFUSED	1 /home/logos/sandbox/hand-harvest-2026-09-14/25aa8421-fce1-4a11-8a89-5d2ba5981c88/r1/b_refarg.logos:6: error [fn main]: use of possibly uninitialised binding '	-	unattributed
14c59b3e96432cad	unattributed (mtime window: 2026-09-12j)	r1	snapshot:25aa8421-fce1-4a11-8a89-5d2ba5981c88/r1/r1.logos	-	no id of this program is cited by that round's record or its probe-dir files	-	-	REFUSED	1 /home/logos/sandbox/hand-harvest-2026-09-14/25aa8421-fce1-4a11-8a89-5d2ba5981c88/r1/r1.logos:5: error [fn main]: use of possibly uninitialised binding 'x'	-	unattributed
6f906b746c5a1bdd	unattributed (mtime window: 2026-09-12j)	u4	snapshot:25aa8421-fce1-4a11-8a89-5d2ba5981c88/r1/u4.logos	-	no id of this program is cited by that round's record or its probe-dir files	-	-	RUNS	5	-	unattributed
4818530b33800042	unattributed (mtime window: 2026-09-12j)	r2	snapshot:25aa8421-fce1-4a11-8a89-5d2ba5981c88/r1/r2.logos	-	no id of this program is cited by that round's record or its probe-dir files	-	-	REFUSED	1 /home/logos/sandbox/hand-harvest-2026-09-14/25aa8421-fce1-4a11-8a89-5d2ba5981c88/r1/r2.logos:5: error [fn main]: use of possibly uninitialised binding 'x'	-	unattributed
0060cc4b55b09aca	unattributed (mtime window: 2026-09-12j)	u6	snapshot:25aa8421-fce1-4a11-8a89-5d2ba5981c88/r1/u6.logos	-	no id of this program is cited by that round's record or its probe-dir files	-	-	REFUSED	1 /home/logos/sandbox/hand-harvest-2026-09-14/25aa8421-fce1-4a11-8a89-5d2ba5981c88/r1/u6.logos:5: error [fn main]: use of possibly uninitialised binding 'x'	-	unattributed
c3ff092d0a5783e0	unattributed (mtime window: 2026-09-12j)	b_shared	snapshot:25aa8421-fce1-4a11-8a89-5d2ba5981c88/r1/b_shared.logos	-	no id of this program is cited by that round's record or its probe-dir files	-	-	REFUSED	1 /home/logos/sandbox/hand-harvest-2026-09-14/25aa8421-fce1-4a11-8a89-5d2ba5981c88/r1/b_shared.logos:5: error [fn main]: use of possibly uninitialised binding '	-	unattributed
4bd89220f41b483a	unattributed (mtime window: 2026-09-12j)	b_callarg	snapshot:25aa8421-fce1-4a11-8a89-5d2ba5981c88/r1/b_callarg.logos	-	no id of this program is cited by that round's record or its probe-dir files	-	-	REFUSED	1 /home/logos/sandbox/hand-harvest-2026-09-14/25aa8421-fce1-4a11-8a89-5d2ba5981c88/r1/b_callarg.logos:6: error [fn main]: use of possibly uninitialised binding 	-	unattributed
1e2c83ccb4594cc2	unattributed (mtime window: 2026-09-12j)	b_tuple_elem	snapshot:25aa8421-fce1-4a11-8a89-5d2ba5981c88/r1/b_tuple_elem.logos	-	no id of this program is cited by that round's record or its probe-dir files	-	-	REFUSED	1 /home/logos/sandbox/hand-harvest-2026-09-14/25aa8421-fce1-4a11-8a89-5d2ba5981c88/r1/b_tuple_elem.logos:4: error [fn main]: use of possibly uninitialised bindi	-	unattributed
03913b05a858790e	unattributed (mtime window: 2026-09-12j)	u5	snapshot:25aa8421-fce1-4a11-8a89-5d2ba5981c88/r1/u5.logos	-	no id of this program is cited by that round's record or its probe-dir files	-	-	REFUSED	2 /home/logos/sandbox/hand-harvest-2026-09-14/25aa8421-fce1-4a11-8a89-5d2ba5981c88/r1/u5.logos:4: error [fn main]: use of possibly uninitialised binding 'x'	-	unattributed
ac524b6cab64ea5b	unattributed (mtime window: 2026-09-12j)	b_index	snapshot:25aa8421-fce1-4a11-8a89-5d2ba5981c88/r1/b_index.logos	-	no id of this program is cited by that round's record or its probe-dir files	-	-	REFUSED	1 /home/logos/sandbox/hand-harvest-2026-09-14/25aa8421-fce1-4a11-8a89-5d2ba5981c88/r1/b_index.logos:4: error [fn main]: use of possibly uninitialised binding 'a	-	unattributed
7f1d5e21e3803153	unattributed (mtime window: 2026-09-12j)	I06	snapshot:25aa8421-fce1-4a11-8a89-5d2ba5981c88/r1/bat/I06.logos	-	no id of this program is cited by that round's record or its probe-dir files	-	-	REFUSED	1 /home/logos/sandbox/hand-harvest-2026-09-14/25aa8421-fce1-4a11-8a89-5d2ba5981c88/r1/bat/I06.logos:5: error [fn main]: use of possibly uninitialised binding 'x	-	unattributed
48fa098f84856f76	unattributed (mtime window: 2026-09-12j)	L01	snapshot:25aa8421-fce1-4a11-8a89-5d2ba5981c88/r1/bat/L01.logos	-	no id of this program is cited by that round's record or its probe-dir files	-	-	RUNS	3	-	unattributed
1db395dc9176466f	unattributed (mtime window: 2026-09-12j)	I01	snapshot:25aa8421-fce1-4a11-8a89-5d2ba5981c88/r1/bat/I01.logos	-	no id of this program is cited by that round's record or its probe-dir files	-	-	REFUSED	1 /home/logos/sandbox/hand-harvest-2026-09-14/25aa8421-fce1-4a11-8a89-5d2ba5981c88/r1/bat/I01.logos:3: error [fn main]: use of possibly uninitialised binding 'x	-	unattributed
3655b4b2487ace52	unattributed (mtime window: 2026-09-12j)	L12	snapshot:25aa8421-fce1-4a11-8a89-5d2ba5981c88/r1/bat/L12.logos	-	no id of this program is cited by that round's record or its probe-dir files	-	-	RUNS	12	-	unattributed
e5ca5b64146f09ed	unattributed (mtime window: 2026-09-12j)	L06	snapshot:25aa8421-fce1-4a11-8a89-5d2ba5981c88/r1/bat/L06.logos	-	no id of this program is cited by that round's record or its probe-dir files	-	-	RUNS	3	-	unattributed
78a3eaaa9924ad13	unattributed (mtime window: 2026-09-12j)	L08	snapshot:25aa8421-fce1-4a11-8a89-5d2ba5981c88/r1/bat/L08.logos	-	no id of this program is cited by that round's record or its probe-dir files	-	-	RUNS	8	-	unattributed
457f69554eab49d9	unattributed (mtime window: 2026-09-12j)	L15	snapshot:25aa8421-fce1-4a11-8a89-5d2ba5981c88/r1/bat/L15.logos	-	no id of this program is cited by that round's record or its probe-dir files	-	-	RUNS	1	-	unattributed
26180c45b722d771	unattributed (mtime window: 2026-09-12j)	L10	snapshot:25aa8421-fce1-4a11-8a89-5d2ba5981c88/r1/bat/L10.logos	-	no id of this program is cited by that round's record or its probe-dir files	-	-	RUNS	10	-	unattributed
f41edff41bb3d891	unattributed (mtime window: 2026-09-12j)	L09	snapshot:25aa8421-fce1-4a11-8a89-5d2ba5981c88/r1/bat/L09.logos	-	no id of this program is cited by that round's record or its probe-dir files	-	-	RUNS	6	-	unattributed
cbad04564e8369fa	unattributed (mtime window: 2026-09-12j)	I05	snapshot:25aa8421-fce1-4a11-8a89-5d2ba5981c88/r1/bat/I05.logos	-	no id of this program is cited by that round's record or its probe-dir files	-	-	REFUSED	1 /home/logos/sandbox/hand-harvest-2026-09-14/25aa8421-fce1-4a11-8a89-5d2ba5981c88/r1/bat/I05.logos:5: error [fn go]: use of possibly uninitialised binding 'x'	-	unattributed
3b1e5e1f173d3fe7	unattributed (mtime window: 2026-09-12j)	L14	snapshot:25aa8421-fce1-4a11-8a89-5d2ba5981c88/r1/bat/L14.logos	-	no id of this program is cited by that round's record or its probe-dir files	-	-	RUNS	14	-	unattributed
2d808a961e521872	unattributed (mtime window: 2026-09-12j)	L03	snapshot:25aa8421-fce1-4a11-8a89-5d2ba5981c88/r1/bat/L03.logos	-	no id of this program is cited by that round's record or its probe-dir files	-	-	RUNS	4	-	unattributed
d707d3f6dfa2d54b	unattributed (mtime window: 2026-09-12j)	L13	snapshot:25aa8421-fce1-4a11-8a89-5d2ba5981c88/r1/bat/L13.logos	-	no id of this program is cited by that round's record or its probe-dir files	-	-	RUNS	13	-	unattributed
85282ef5692f16a6	unattributed (mtime window: 2026-09-12j)	L07	snapshot:25aa8421-fce1-4a11-8a89-5d2ba5981c88/r1/bat/L07.logos	-	no id of this program is cited by that round's record or its probe-dir files	-	-	RUNS	7	-	unattributed
3804d82c25305efa	unattributed (mtime window: 2026-09-12j)	I04	snapshot:25aa8421-fce1-4a11-8a89-5d2ba5981c88/r1/bat/I04.logos	-	no id of this program is cited by that round's record or its probe-dir files	-	-	REFUSED	1 /home/logos/sandbox/hand-harvest-2026-09-14/25aa8421-fce1-4a11-8a89-5d2ba5981c88/r1/bat/I04.logos:3: error [fn main]: use of possibly uninitialised binding 'x	-	unattributed
9e3834eca0297936	unattributed (mtime window: 2026-09-12j)	L05	snapshot:25aa8421-fce1-4a11-8a89-5d2ba5981c88/r1/bat/L05.logos	-	no id of this program is cited by that round's record or its probe-dir files	-	-	RUNS	6	-	unattributed
c48145c23071cc41	unattributed (mtime window: 2026-09-12j)	L02	snapshot:25aa8421-fce1-4a11-8a89-5d2ba5981c88/r1/bat/L02.logos	-	no id of this program is cited by that round's record or its probe-dir files	-	-	RUNS	1	-	unattributed
bba38e875fefa6af	unattributed (mtime window: 2026-09-12j)	I03	snapshot:25aa8421-fce1-4a11-8a89-5d2ba5981c88/r1/bat/I03.logos	-	no id of this program is cited by that round's record or its probe-dir files	-	-	REFUSED	1 /home/logos/sandbox/hand-harvest-2026-09-14/25aa8421-fce1-4a11-8a89-5d2ba5981c88/r1/bat/I03.logos:2: error [fn main]: use of possibly uninitialised binding 'a	-	unattributed
828b22ca0d264ea5	unattributed (mtime window: 2026-09-12j)	I02	snapshot:25aa8421-fce1-4a11-8a89-5d2ba5981c88/r1/bat/I02.logos	-	no id of this program is cited by that round's record or its probe-dir files	-	-	REFUSED	1 /home/logos/sandbox/hand-harvest-2026-09-14/25aa8421-fce1-4a11-8a89-5d2ba5981c88/r1/bat/I02.logos:3: error [fn main]: use of possibly uninitialised binding 'x	-	unattributed
911b8f1a4e34c9fd	unattributed (mtime window: 2026-09-12j)	L04	snapshot:25aa8421-fce1-4a11-8a89-5d2ba5981c88/r1/bat/L04.logos	-	no id of this program is cited by that round's record or its probe-dir files	-	-	RUNS	5	-	unattributed
a0454c40e806854c	unattributed (mtime window: 2026-09-12j)	L11	snapshot:25aa8421-fce1-4a11-8a89-5d2ba5981c88/r1/bat/L11.logos	-	no id of this program is cited by that round's record or its probe-dir files	-	-	RUNS	11	-	unattributed
7f0655a5ba1bbb87	unattributed (mtime window: 2026-09-12m-calleedoor)	e6_fnitem_struct_legal	snapshot:25aa8421-fce1-4a11-8a89-5d2ba5981c88/r0912/hand/e6_fnitem_struct_legal.logos	-	no id of this program is cited by that round's record or its probe-dir files	-	-	RUNS	5	-	unattributed
8bf0fc3951b6e9c5	unattributed (mtime window: 2026-09-12m-calleedoor)	L1_structlit_extend	snapshot:25aa8421-fce1-4a11-8a89-5d2ba5981c88/r0912/hand/L1_structlit_extend.logos	-	no id of this program is cited by that round's record or its probe-dir files	-	-	RUNS	5	-	unattributed
f4ae3350377be92a	unattributed (mtime window: 2026-09-12m-calleedoor)	c1_freefn_bareref	snapshot:25aa8421-fce1-4a11-8a89-5d2ba5981c88/r0912/hand/c1_freefn_bareref.logos	-	no id of this program is cited by that round's record or its probe-dir files	-	-	REFUSED	1 error [fn main]: temporary value dropped while borrowed: this reference borrows into a temporary that is dropped at the end of the statement; bind the owning 	-	unattributed
b36f60b9a2816988	unattributed (mtime window: 2026-09-12m-calleedoor)	c2_freefn_struct	snapshot:25aa8421-fce1-4a11-8a89-5d2ba5981c88/r0912/hand/c2_freefn_struct.logos	-	no id of this program is cited by that round's record or its probe-dir files	-	-	REFUSED	1 error [fn main]: temporary value dropped while borrowed: this reference borrows into a temporary that is dropped at the end of the statement; bind the owning 	-	unattributed
34be8f172bb55c64	unattributed (mtime window: 2026-09-12m-calleedoor)	L3_fnptr_named	snapshot:25aa8421-fce1-4a11-8a89-5d2ba5981c88/r0912/hand/L3_fnptr_named.logos	-	no id of this program is cited by that round's record or its probe-dir files	-	-	RUNS	5	-	unattributed
a60493c27a767800	unattributed (mtime window: 2026-09-12m-calleedoor)	e5_fnitem_bare_legal	snapshot:25aa8421-fce1-4a11-8a89-5d2ba5981c88/r0912/hand/e5_fnitem_bare_legal.logos	-	no id of this program is cited by that round's record or its probe-dir files	-	-	RUNS	5	-	unattributed
2bfca0149cb485d5	unattributed (mtime window: 2026-09-12m-calleedoor)	c3_fnptr_struct	snapshot:25aa8421-fce1-4a11-8a89-5d2ba5981c88/r0912/hand/c3_fnptr_struct.logos	-	no id of this program is cited by that round's record or its probe-dir files	-	-	REFUSED	1 error [fn main]: temporary value dropped while borrowed: this reference borrows into a temporary that is dropped at the end of the statement; bind the owning 	-	unattributed
6662f0a2f117f211	unattributed (mtime window: 2026-09-12m-calleedoor)	dA_closure_legal	snapshot:25aa8421-fce1-4a11-8a89-5d2ba5981c88/r0912/hand/dA_closure_legal.logos	-	no id of this program is cited by that round's record or its probe-dir files	-	-	RUNS	5	-	unattributed
9549cf1692acea67	unattributed (mtime window: 2026-09-12m-calleedoor)	L2_owner_named	snapshot:25aa8421-fce1-4a11-8a89-5d2ba5981c88/r0912/hand/L2_owner_named.logos	-	no id of this program is cited by that round's record or its probe-dir files	-	-	RUNS	5	-	unattributed
0a9ad5505c7aeb71	unattributed (mtime window: 2026-09-12m-calleedoor)	dB_method_legal	snapshot:25aa8421-fce1-4a11-8a89-5d2ba5981c88/r0912/hand/dB_method_legal.logos	-	no id of this program is cited by that round's record or its probe-dir files	-	-	RUNS	5	-	unattributed
25d600644b8a1702	unattributed (mtime window: 2026-09-12m-calleedoor)	d9_fnptr_legal	snapshot:25aa8421-fce1-4a11-8a89-5d2ba5981c88/r0912/hand/d9_fnptr_legal.logos	-	no id of this program is cited by that round's record or its probe-dir files	-	-	RUNS	5	-	unattributed
0b8df246abc8eb10	unattributed (mtime window: 2026-09-12m-calleedoor)	e1_fnptr_stomp	snapshot:25aa8421-fce1-4a11-8a89-5d2ba5981c88/r0912/hand/e1_fnptr_stomp.logos	-	no id of this program is cited by that round's record or its probe-dir files	-	-	REFUSED	1 error [fn main]: temporary value dropped while borrowed: this reference borrows into a temporary that is dropped at the end of the statement; bind the owning 	-	unattributed
18cd286293d299bc	unattributed (mtime window: 2026-09-12n-bcdoor)	L9	snapshot:25aa8421-fce1-4a11-8a89-5d2ba5981c88/r0912n/hand/L9.logos	-	no id of this program is cited by that round's record or its probe-dir files	-	-	RUNS	5	-	unattributed
e178146f81b1fa3a	unattributed (mtime window: 2026-09-12n-bcdoor)	L7	snapshot:25aa8421-fce1-4a11-8a89-5d2ba5981c88/r0912n/hand/L7.logos	-	no id of this program is cited by that round's record or its probe-dir files	-	-	RUNS	5	-	unattributed
6b53cd4eb6a983f7	unattributed (mtime window: 2026-09-12n-bcdoor)	C1	snapshot:25aa8421-fce1-4a11-8a89-5d2ba5981c88/r0912n/hand/C1.logos	-	no id of this program is cited by that round's record or its probe-dir files	-	-	REFUSED	1 error [fn main]: temporary value dropped while borrowed: this reference borrows into a temporary that is dropped at the end of the statement; bind the owning 	-	unattributed
c65bde0366d16c58	unattributed (mtime window: 2026-09-12n-bcdoor)	L10	snapshot:25aa8421-fce1-4a11-8a89-5d2ba5981c88/r0912n/hand/L10.logos	-	no id of this program is cited by that round's record or its probe-dir files	-	-	RUNS	5	-	unattributed
60e62978b51633ee	unattributed (mtime window: 2026-09-12n-bcdoor)	L2	snapshot:25aa8421-fce1-4a11-8a89-5d2ba5981c88/r0912n/hand/L2.logos	-	no id of this program is cited by that round's record or its probe-dir files	-	-	RUNS	5	-	unattributed
bc6a8922a5ade3ad	unattributed (mtime window: 2026-09-12n-bcdoor)	L5	snapshot:25aa8421-fce1-4a11-8a89-5d2ba5981c88/r0912n/hand/L5.logos	-	no id of this program is cited by that round's record or its probe-dir files	-	-	RUNS	5	-	unattributed
84a6b11154867502	unattributed (mtime window: 2026-09-12n-bcdoor)	L1	snapshot:25aa8421-fce1-4a11-8a89-5d2ba5981c88/r0912n/hand/L1.logos	-	no id of this program is cited by that round's record or its probe-dir files	-	-	RUNS	5	-	unattributed
1d87082d824a4831	unattributed (mtime window: 2026-09-12n-bcdoor)	L6	snapshot:25aa8421-fce1-4a11-8a89-5d2ba5981c88/r0912n/hand/L6.logos	-	no id of this program is cited by that round's record or its probe-dir files	-	-	RUNS	5	-	unattributed
ccf648c399587b08	unattributed (mtime window: 2026-09-12n-bcdoor)	L8	snapshot:25aa8421-fce1-4a11-8a89-5d2ba5981c88/r0912n/hand/L8.logos	-	no id of this program is cited by that round's record or its probe-dir files	-	-	RUNS	5	-	unattributed
e45aecf333a86468	unattributed (mtime window: 2026-09-12n-bcdoor)	L4	snapshot:25aa8421-fce1-4a11-8a89-5d2ba5981c88/r0912n/hand/L4.logos	-	no id of this program is cited by that round's record or its probe-dir files	-	-	RUNS	5	-	unattributed
041b367ba65a3549	unattributed (mtime window: 2026-09-12n-bcdoor)	L3	snapshot:25aa8421-fce1-4a11-8a89-5d2ba5981c88/r0912n/hand/L3.logos	-	no id of this program is cited by that round's record or its probe-dir files	-	-	RUNS	5	-	unattributed
0acfa6cd59e3b3ad	unattributed (mtime window: 2026-09-12q-letregion)	u3type	snapshot:25aa8421-fce1-4a11-8a89-5d2ba5981c88/r0912q/census3/u3type.logos	-	no id of this program is cited by that round's record or its probe-dir files	-	-	REFUSED	1 /home/logos/sandbox/hand-harvest-2026-09-14/25aa8421-fce1-4a11-8a89-5d2ba5981c88/r0912q/census3/u3type.logos:9: error [fn foo]: let 'x': type mismatch — expec	-	unattributed
c2081df287b27841	unattributed (mtime window: 2026-09-12q-letregion)	a8_named_impl_let_self	snapshot:25aa8421-fce1-4a11-8a89-5d2ba5981c88/r0912q/ctl/a8_named_impl_let_self.logos	-	no id of this program is cited by that round's record or its probe-dir files	-	-	REFUSED	1 /home/logos/sandbox/hand-harvest-2026-09-14/25aa8421-fce1-4a11-8a89-5d2ba5981c88/r0912q/ctl/a8_named_impl_let_self.logos:5: error [fn MyStruct__make]: let 's'	-	unattributed
aca830317c10eded	unattributed (mtime window: 2026-09-12q-letregion)	L6_let_static_promoted_literal	snapshot:25aa8421-fce1-4a11-8a89-5d2ba5981c88/r0912q/ctl/L6_let_static_promoted_literal.logos	-	no id of this program is cited by that round's record or its probe-dir files	-	-	RUNS	13	-	unattributed
ce8d855913fe3a01	unattributed (mtime window: 2026-09-12q-letregion)	f3_type_of_static_nongeneric	snapshot:25aa8421-fce1-4a11-8a89-5d2ba5981c88/r0912q/ctl/f3_type_of_static_nongeneric.logos	-	no id of this program is cited by that round's record or its probe-dir files	-	-	REFUSED	1 /home/logos/sandbox/hand-harvest-2026-09-14/25aa8421-fce1-4a11-8a89-5d2ba5981c88/r0912q/ctl/f3_type_of_static_nongeneric.logos:10: error [fn foo]: let 'x': ty	-	unattributed
19d63ed345b168ea	unattributed (mtime window: 2026-09-12q-letregion)	c1_const_type_mismatch	snapshot:25aa8421-fce1-4a11-8a89-5d2ba5981c88/r0912q/ctl/c1_const_type_mismatch.logos	-	no id of this program is cited by that round's record or its probe-dir files	-	-	REFUSED	1 error [impl Anything for S]: impl Anything for S: associated constant 'AC' declared as 'i64' but trait requires 'bool'	-	unattributed
f077036e7b260df7	unattributed (mtime window: 2026-09-12q-letregion)	b2_rawmut_ret	snapshot:25aa8421-fce1-4a11-8a89-5d2ba5981c88/r0912q/ctl/b2_rawmut_ret.logos	-	no id of this program is cited by that round's record or its probe-dir files	-	-	REFUSED	1 /home/logos/sandbox/hand-harvest-2026-09-14/25aa8421-fce1-4a11-8a89-5d2ba5981c88/r0912q/ctl/b2_rawmut_ret.logos:3: error [fn f]: return type mismatch: varianc	-	unattributed
ab39054afb4f7a7d	unattributed (mtime window: 2026-09-12q-letregion)	p17_legal_named_from_vec_param	snapshot:25aa8421-fce1-4a11-8a89-5d2ba5981c88/r0912q/ctl/p17_legal_named_from_vec_param.logos	-	no id of this program is cited by that round's record or its probe-dir files	-	-	REFUSED	2 /home/logos/sandbox/hand-harvest-2026-09-14/25aa8421-fce1-4a11-8a89-5d2ba5981c88/r0912q/ctl/p17_legal_named_from_vec_param.logos:3: error [fn foo]: cannot mov	-	unattributed
5e29d246896e5b58	unattributed (mtime window: 2026-09-12q-letregion)	p14_legal_named_from_unannot_let	snapshot:25aa8421-fce1-4a11-8a89-5d2ba5981c88/r0912q/ctl/p14_legal_named_from_unannot_let.logos	-	no id of this program is cited by that round's record or its probe-dir files	-	-	RUNS	4	-	unattributed
737d95272cc907da	unattributed (mtime window: 2026-09-12q-letregion)	a7_named_impl_selfctor_retself	snapshot:25aa8421-fce1-4a11-8a89-5d2ba5981c88/r0912q/ctl/a7_named_impl_selfctor_retself.logos	-	no id of this program is cited by that round's record or its probe-dir files	-	-	REFUSED	1 /home/logos/sandbox/hand-harvest-2026-09-14/25aa8421-fce1-4a11-8a89-5d2ba5981c88/r0912q/ctl/a7_named_impl_selfctor_retself.logos:5: error [fn MyStruct__make]:	-	unattributed
d32da1243c9ecc4a	unattributed (mtime window: 2026-09-12q-letregion)	b3_explicit_cast	snapshot:25aa8421-fce1-4a11-8a89-5d2ba5981c88/r0912q/ctl/b3_explicit_cast.logos	-	no id of this program is cited by that round's record or its probe-dir files	-	-	RUNS	0	-	unattributed
612e79aa1c1244b3	unattributed (mtime window: 2026-09-12q-letregion)	n5_static_in_struct_local	snapshot:25aa8421-fce1-4a11-8a89-5d2ba5981c88/r0912q/ctl/n5_static_in_struct_local.logos	-	no id of this program is cited by that round's record or its probe-dir files	-	-	REFUSED	1 /home/logos/sandbox/hand-harvest-2026-09-14/25aa8421-fce1-4a11-8a89-5d2ba5981c88/r0912q/ctl/n5_static_in_struct_local.logos:5: error [fn foo]: let 'h': varian	-	unattributed
085edacb75fdb504	unattributed (mtime window: 2026-09-12q-letregion)	f5_type_of_freefn_nongeneric	snapshot:25aa8421-fce1-4a11-8a89-5d2ba5981c88/r0912q/ctl/f5_type_of_freefn_nongeneric.logos	-	no id of this program is cited by that round's record or its probe-dir files	-	-	REFUSED	1 /home/logos/sandbox/hand-harvest-2026-09-14/25aa8421-fce1-4a11-8a89-5d2ba5981c88/r0912q/ctl/f5_type_of_freefn_nongeneric.logos:8: error [fn foo]: let 'x': typ	-	unattributed
1607f63e536a54a2	unattributed (mtime window: 2026-09-12q-letregion)	p19_legal_named_tuple_from_params	snapshot:25aa8421-fce1-4a11-8a89-5d2ba5981c88/r0912q/ctl/p19_legal_named_tuple_from_params.logos	-	no id of this program is cited by that round's record or its probe-dir files	-	-	RUNS	4	-	unattributed
d9a03bd0fecd0272	unattributed (mtime window: 2026-09-12q-letregion)	r5_legal_elided_let_from_local	snapshot:25aa8421-fce1-4a11-8a89-5d2ba5981c88/r0912q/ctl/r5_legal_elided_let_from_local.logos	-	no id of this program is cited by that round's record or its probe-dir files	-	-	RUNS	6	-	unattributed
6c45291617fe7f32	unattributed (mtime window: 2026-09-12q-letregion)	b5_mutref_ret	snapshot:25aa8421-fce1-4a11-8a89-5d2ba5981c88/r0912q/ctl/b5_mutref_ret.logos	-	no id of this program is cited by that round's record or its probe-dir files	-	-	REFUSED	1 /home/logos/sandbox/hand-harvest-2026-09-14/25aa8421-fce1-4a11-8a89-5d2ba5981c88/r0912q/ctl/b5_mutref_ret.logos:2: error [fn f]: missing lifetime specifier (E	-	unattributed
16d6ba47fc547056	unattributed (mtime window: 2026-09-12q-letregion)	L9_let_named_reborrow_field	snapshot:25aa8421-fce1-4a11-8a89-5d2ba5981c88/r0912q/ctl/L9_let_named_reborrow_field.logos	-	no id of this program is cited by that round's record or its probe-dir files	-	-	RUNS	16	-	unattributed
9730e15bdc22802c	unattributed (mtime window: 2026-09-12q-letregion)	n10_legal_named_from_static	snapshot:25aa8421-fce1-4a11-8a89-5d2ba5981c88/r0912q/ctl/n10_legal_named_from_static.logos	-	no id of this program is cited by that round's record or its probe-dir files	-	-	RUNS	12	-	unattributed
d15f7df57da44b19	unattributed (mtime window: 2026-09-12q-letregion)	n8_legal_named_from_deref_param	snapshot:25aa8421-fce1-4a11-8a89-5d2ba5981c88/r0912q/ctl/n8_legal_named_from_deref_param.logos	-	no id of this program is cited by that round's record or its probe-dir files	-	-	RUNS	12	-	unattributed
a3460d66ab1bb8fe	unattributed (mtime window: 2026-09-12q-letregion)	c2_method_region_mismatch	snapshot:25aa8421-fce1-4a11-8a89-5d2ba5981c88/r0912q/ctl/c2_method_region_mismatch.logos	-	no id of this program is cited by that round's record or its probe-dir files	-	-	REFUSED	1 error [fn S__ac]: impl Anything for S: method 'ac' does not match the trait declaration: the return type is declared 'Option<&'b [u8]>' and the impl declares 	-	unattributed
67d03ce39b9a2a51	unattributed (mtime window: 2026-09-12q-letregion)	L2_let_static_from_static	snapshot:25aa8421-fce1-4a11-8a89-5d2ba5981c88/r0912q/ctl/L2_let_static_from_static.logos	-	no id of this program is cited by that round's record or its probe-dir files	-	-	RUNS	12	-	unattributed
bf7cd2762c162f2e	unattributed (mtime window: 2026-09-12q-letregion)	p22_legal_named_struct_from_param	snapshot:25aa8421-fce1-4a11-8a89-5d2ba5981c88/r0912q/ctl/p22_legal_named_struct_from_param.logos	-	no id of this program is cited by that round's record or its probe-dir files	-	-	RUNS	12	-	unattributed
f6e31d5200fb0ff0	unattributed (mtime window: 2026-09-12q-letregion)	a9_anon_trait_impl_self	snapshot:25aa8421-fce1-4a11-8a89-5d2ba5981c88/r0912q/ctl/a9_anon_trait_impl_self.logos	-	no id of this program is cited by that round's record or its probe-dir files	-	-	REFUSED	1 /home/logos/sandbox/hand-harvest-2026-09-14/25aa8421-fce1-4a11-8a89-5d2ba5981c88/r0912q/ctl/a9_anon_trait_impl_self.logos:7: error [fn Foo__mk]: return type m	-	unattributed
bc2612f1d6adc69d	unattributed (mtime window: 2026-09-12q-letregion)	L3_let_static_str	snapshot:25aa8421-fce1-4a11-8a89-5d2ba5981c88/r0912q/ctl/L3_let_static_str.logos	-	no id of this program is cited by that round's record or its probe-dir files	-	-	RUNS	5	-	unattributed
5846c13cb801cd0d	unattributed (mtime window: 2026-09-12q-letregion)	f4_type_of_structlit	snapshot:25aa8421-fce1-4a11-8a89-5d2ba5981c88/r0912q/ctl/f4_type_of_structlit.logos	-	no id of this program is cited by that round's record or its probe-dir files	-	-	REFUSED	1 /home/logos/sandbox/hand-harvest-2026-09-14/25aa8421-fce1-4a11-8a89-5d2ba5981c88/r0912q/ctl/f4_type_of_structlit.logos:5: error [fn foo]: let 'x': type mismat	-	unattributed
af79352a557434ea	unattributed (mtime window: 2026-09-12q-letregion)	a13_anon_impl_self_param	snapshot:25aa8421-fce1-4a11-8a89-5d2ba5981c88/r0912q/ctl/a13_anon_impl_self_param.logos	-	no id of this program is cited by that round's record or its probe-dir files	-	-	REFUSED	1 error [/home/logos/sandbox/hand-harvest-2026-09-14/25aa8421-fce1-4a11-8a89-5d2ba5981c88/r0912q/ctl/a13_anon_impl_self_param.logos]: syntax error near 'self' a	-	unattributed
ed32a8ee6df75a09	unattributed (mtime window: 2026-09-12q-letregion)	p18_legal_named_from_unwrap	snapshot:25aa8421-fce1-4a11-8a89-5d2ba5981c88/r0912q/ctl/p18_legal_named_from_unwrap.logos	-	no id of this program is cited by that round's record or its probe-dir files	-	-	RUNS	9	-	unattributed
22951b4ed79fef55	unattributed (mtime window: 2026-09-12q-letregion)	L5_let_named_call_param	snapshot:25aa8421-fce1-4a11-8a89-5d2ba5981c88/r0912q/ctl/L5_let_named_call_param.logos	-	no id of this program is cited by that round's record or its probe-dir files	-	-	RUNS	14	-	unattributed
8d1f9d9f60a67a20	unattributed (mtime window: 2026-09-12q-letregion)	f1_type_of_freefn_ret	snapshot:25aa8421-fce1-4a11-8a89-5d2ba5981c88/r0912q/ctl/f1_type_of_freefn_ret.logos	-	no id of this program is cited by that round's record or its probe-dir files	-	-	REFUSED	1 /home/logos/sandbox/hand-harvest-2026-09-14/25aa8421-fce1-4a11-8a89-5d2ba5981c88/r0912q/ctl/f1_type_of_freefn_ret.logos:8: error [fn foo]: let 'x': type misma	-	unattributed
3e3e929d655d27ce	unattributed (mtime window: 2026-09-12q-letregion)	n11_legal_named_promoted	snapshot:25aa8421-fce1-4a11-8a89-5d2ba5981c88/r0912q/ctl/n11_legal_named_promoted.logos	-	no id of this program is cited by that round's record or its probe-dir files	-	-	RUNS	13	-	unattributed
2ae6dbab2a449c59	unattributed (mtime window: 2026-09-12q-letregion)	p23_legal_named_from_closure_call	snapshot:25aa8421-fce1-4a11-8a89-5d2ba5981c88/r0912q/ctl/p23_legal_named_from_closure_call.logos	-	no id of this program is cited by that round's record or its probe-dir files	-	-	RUNS	13	-	unattributed
e5402d475efadb0a	unattributed (mtime window: 2026-09-12q-letregion)	b4_legal_outlives	snapshot:25aa8421-fce1-4a11-8a89-5d2ba5981c88/r0912q/ctl/b4_legal_outlives.logos	-	no id of this program is cited by that round's record or its probe-dir files	-	-	RUNS	0	-	unattributed
d570d1128dd193d3	unattributed (mtime window: 2026-09-12q-letregion)	f6_static_fn_own_binder	snapshot:25aa8421-fce1-4a11-8a89-5d2ba5981c88/r0912q/ctl/f6_static_fn_own_binder.logos	-	no id of this program is cited by that round's record or its probe-dir files	-	-	REFUSED	1 /home/logos/sandbox/hand-harvest-2026-09-14/25aa8421-fce1-4a11-8a89-5d2ba5981c88/r0912q/ctl/f6_static_fn_own_binder.logos:10: error [fn foo]: let 'x': type mi	-	unattributed
049690c0a20b2d0c	unattributed (mtime window: 2026-09-12q-letregion)	r6_legal_call_arg_local_to_named_param	snapshot:25aa8421-fce1-4a11-8a89-5d2ba5981c88/r0912q/ctl/r6_legal_call_arg_local_to_named_param.logos	-	no id of this program is cited by that round's record or its probe-dir files	-	-	RUNS	7	-	unattributed
71b9f3b3eca0ead6	unattributed (mtime window: 2026-09-12q-letregion)	n9_legal_named_from_call	snapshot:25aa8421-fce1-4a11-8a89-5d2ba5981c88/r0912q/ctl/n9_legal_named_from_call.logos	-	no id of this program is cited by that round's record or its probe-dir files	-	-	RUNS	7	-	unattributed
64453f82517bd402	unattributed (mtime window: 2026-09-12q-letregion)	p20_legal_named_mut_from_param	snapshot:25aa8421-fce1-4a11-8a89-5d2ba5981c88/r0912q/ctl/p20_legal_named_mut_from_param.logos	-	no id of this program is cited by that round's record or its probe-dir files	-	-	RUNS	10	-	unattributed
3cda6d850f7c7b11	unattributed (mtime window: 2026-09-12q-letregion)	p21_legal_named_through_local_wrapper_method	snapshot:25aa8421-fce1-4a11-8a89-5d2ba5981c88/r0912q/ctl/p21_legal_named_through_local_wrapper_method.logos	-	no id of this program is cited by that round's record or its probe-dir files	-	-	RUNS	11	-	unattributed
9c9d9d9db2003cf4	unattributed (mtime window: 2026-09-12q-letregion)	f2_type_of_static_ret	snapshot:25aa8421-fce1-4a11-8a89-5d2ba5981c88/r0912q/ctl/f2_type_of_static_ret.logos	-	no id of this program is cited by that round's record or its probe-dir files	-	-	REFUSED	1 /home/logos/sandbox/hand-harvest-2026-09-14/25aa8421-fce1-4a11-8a89-5d2ba5981c88/r0912q/ctl/f2_type_of_static_ret.logos:10: error [fn foo]: let 'x': type mism	-	unattributed
a22a50d461f533b9	unattributed (mtime window: 2026-09-12q-letregion)	p25_legal_named_assoc_ret_param	snapshot:25aa8421-fce1-4a11-8a89-5d2ba5981c88/r0912q/ctl/p25_legal_named_assoc_ret_param.logos	-	no id of this program is cited by that round's record or its probe-dir files	-	-	RUNS	15	-	unattributed
008d08991e20b2ae	unattributed (mtime window: 2026-09-12q-letregion)	L8_let_named_none	snapshot:25aa8421-fce1-4a11-8a89-5d2ba5981c88/r0912q/ctl/L8_let_named_none.logos	-	no id of this program is cited by that round's record or its probe-dir files	-	-	RUNS	15	-	unattributed
f6321c92b7e22724	unattributed (mtime window: 2026-09-12q-letregion)	p15_legal_named_from_if	snapshot:25aa8421-fce1-4a11-8a89-5d2ba5981c88/r0912q/ctl/p15_legal_named_from_if.logos	-	no id of this program is cited by that round's record or its probe-dir files	-	-	RUNS	5	-	unattributed
73a44578554acfe3	unattributed (mtime window: 2026-09-12q-letregion)	p16_legal_named_from_match	snapshot:25aa8421-fce1-4a11-8a89-5d2ba5981c88/r0912q/ctl/p16_legal_named_from_match.logos	-	no id of this program is cited by that round's record or its probe-dir files	-	-	RUNS	7	-	unattributed
0783d0c9f6c012d0	unattributed (mtime window: 2026-09-12q-letregion)	L1_let_named_from_param	snapshot:25aa8421-fce1-4a11-8a89-5d2ba5981c88/r0912q/ctl/L1_let_named_from_param.logos	-	no id of this program is cited by that round's record or its probe-dir files	-	-	RUNS	11	-	unattributed
59169bbff8acfb76	unattributed (mtime window: 2026-09-12q-letregion)	s4_legal_nested_field	snapshot:25aa8421-fce1-4a11-8a89-5d2ba5981c88/r0912q/ctl2/s4_legal_nested_field.logos	-	no id of this program is cited by that round's record or its probe-dir files	-	-	RUNS	24	-	unattributed
d5a21033e6284a42	unattributed (mtime window: 2026-09-12q-letregion)	s10_legal_mut_reborrow_field	snapshot:25aa8421-fce1-4a11-8a89-5d2ba5981c88/r0912q/ctl2/s10_legal_mut_reborrow_field.logos	-	no id of this program is cited by that round's record or its probe-dir files	-	-	RUNS	30	-	unattributed
313021a2df68a05b	unattributed (mtime window: 2026-09-12q-letregion)	s9_legal_vec_index_param	snapshot:25aa8421-fce1-4a11-8a89-5d2ba5981c88/r0912q/ctl2/s9_legal_vec_index_param.logos	-	no id of this program is cited by that round's record or its probe-dir files	-	-	REFUSED	1 /home/logos/sandbox/hand-harvest-2026-09-14/25aa8421-fce1-4a11-8a89-5d2ba5981c88/r0912q/ctl2/s9_legal_vec_index_param.logos:3: error [fn foo]: let 'r': type m	-	unattributed
f724bb97594f7206	unattributed (mtime window: 2026-09-12q-letregion)	s7_legal_array_index_param	snapshot:25aa8421-fce1-4a11-8a89-5d2ba5981c88/r0912q/ctl2/s7_legal_array_index_param.logos	-	no id of this program is cited by that round's record or its probe-dir files	-	-	RUNS	27	-	unattributed
1e439636c06c8e53	unattributed (mtime window: 2026-09-12q-letregion)	s6_legal_method_elided_self	snapshot:25aa8421-fce1-4a11-8a89-5d2ba5981c88/r0912q/ctl2/s6_legal_method_elided_self.logos	-	no id of this program is cited by that round's record or its probe-dir files	-	-	RUNS	26	-	unattributed
6ad54f95ebf75e65	unattributed (mtime window: 2026-09-12q-letregion)	s13_legal_static_struct_field	snapshot:25aa8421-fce1-4a11-8a89-5d2ba5981c88/r0912q/ctl2/s13_legal_static_struct_field.logos	-	no id of this program is cited by that round's record or its probe-dir files	-	-	RUNS	3	-	unattributed
3a5a4a2bb9a90df6	unattributed (mtime window: 2026-09-12q-letregion)	s14_legal_deref_param_holder	snapshot:25aa8421-fce1-4a11-8a89-5d2ba5981c88/r0912q/ctl2/s14_legal_deref_param_holder.logos	-	no id of this program is cited by that round's record or its probe-dir files	-	-	RUNS	32	-	unattributed
5e50de94dbbda9ae	unattributed (mtime window: 2026-09-12q-letregion)	s12_legal_str_slice_param	snapshot:25aa8421-fce1-4a11-8a89-5d2ba5981c88/r0912q/ctl2/s12_legal_str_slice_param.logos	-	no id of this program is cited by that round's record or its probe-dir files	-	-	RUNS	2	-	unattributed
130c85bfc8a6259d	unattributed (mtime window: 2026-09-12q-letregion)	s3_legal_explicit_deref_field	snapshot:25aa8421-fce1-4a11-8a89-5d2ba5981c88/r0912q/ctl2/s3_legal_explicit_deref_field.logos	-	no id of this program is cited by that round's record or its probe-dir files	-	-	RUNS	23	-	unattributed
c0dda9172a28f98d	unattributed (mtime window: 2026-09-12q-letregion)	s8_legal_tuple_field_param	snapshot:25aa8421-fce1-4a11-8a89-5d2ba5981c88/r0912q/ctl2/s8_legal_tuple_field_param.logos	-	no id of this program is cited by that round's record or its probe-dir files	-	-	RUNS	28	-	unattributed
2ba65e8b76586813	unattributed (mtime window: 2026-09-12q-letregion)	s5_legal_as_ref_option	snapshot:25aa8421-fce1-4a11-8a89-5d2ba5981c88/r0912q/ctl2/s5_legal_as_ref_option.logos	-	no id of this program is cited by that round's record or its probe-dir files	-	-	RUNS	25	-	unattributed
5e7c40b105e1de0a	unattributed (mtime window: 2026-09-12q-letregion)	s11_legal_box_param_deref	snapshot:25aa8421-fce1-4a11-8a89-5d2ba5981c88/r0912q/ctl2/s11_legal_box_param_deref.logos	-	no id of this program is cited by that round's record or its probe-dir files	-	-	REFUSED	1 /home/logos/sandbox/hand-harvest-2026-09-14/25aa8421-fce1-4a11-8a89-5d2ba5981c88/r0912q/ctl2/s11_legal_box_param_deref.logos:3: error [fn foo]: method call: r	-	unattributed
3c14e318ddbe1619	unattributed (mtime window: 2026-09-12r-escroot)	bc_letbind_call_local_named	snapshot:25aa8421-fce1-4a11-8a89-5d2ba5981c88/r0912r/fx2/fail/bc_letbind_call_local_named.logos	-	no id of this program is cited by that round's record or its probe-dir files	-	-	REFUSED	1 error [fn foo]: 'v' does not live long enough: it is borrowed into 'x', whose declared type requires lifetime 'a, which outlives this function (E0597)	-	unattributed
0d2de5e664abb8bd	unattributed (mtime window: 2026-09-12r-escroot)	bc_method_call_result_let_static	snapshot:25aa8421-fce1-4a11-8a89-5d2ba5981c88/r0912r/fx2/fail/bc_method_call_result_let_static.logos	-	no id of this program is cited by that round's record or its probe-dir files	-	-	REFUSED	1 /home/logos/sandbox/hand-harvest-2026-09-14/25aa8421-fce1-4a11-8a89-5d2ba5981c88/r0912r/fx2/fail/bc_method_call_result_let_static.logos:14: error [fn main]: l	-	unattributed
d649a86861b03dc5	unattributed (mtime window: 2026-09-12r-escroot)	bc_static_call_result_let_static	snapshot:25aa8421-fce1-4a11-8a89-5d2ba5981c88/r0912r/fx2/fail/bc_static_call_result_let_static.logos	-	no id of this program is cited by that round's record or its probe-dir files	-	-	REFUSED	1 /home/logos/sandbox/hand-harvest-2026-09-14/25aa8421-fce1-4a11-8a89-5d2ba5981c88/r0912r/fx2/fail/bc_static_call_result_let_static.logos:14: error [fn main]: l	-	unattributed
97a0b399eaf30047	unattributed (mtime window: 2026-09-12r-escroot)	bc_letbind_temp_named	snapshot:25aa8421-fce1-4a11-8a89-5d2ba5981c88/r0912r/fx2/fail/bc_letbind_temp_named.logos	-	no id of this program is cited by that round's record or its probe-dir files	-	-	REFUSED	1 error [fn call1]: temporary value dropped while borrowed: 'z' borrows a temporary, but its declared type requires lifetime 'a, which outlives this function (E	-	unattributed
a114bcc78121cea5	unattributed (mtime window: 2026-09-12r-escroot)	bc_letbind_call_param_named	snapshot:25aa8421-fce1-4a11-8a89-5d2ba5981c88/r0912r/fx2/pass/bc_letbind_call_param_named.logos	-	no id of this program is cited by that round's record or its probe-dir files	-	-	RUNS	41	-	unattributed
acccd9f4e6631e66	unattributed (mtime window: 2026-09-12r-escroot)	bc_letbind_temp_anon	snapshot:25aa8421-fce1-4a11-8a89-5d2ba5981c88/r0912r/fx2/pass/bc_letbind_temp_anon.logos	-	no id of this program is cited by that round's record or its probe-dir files	-	-	RUNS	43	-	unattributed
9c6fd7e14b2fcbe6	unattributed (mtime window: 2026-09-12r-escroot)	x11_structlit_escape	snapshot:25aa8421-fce1-4a11-8a89-5d2ba5981c88/r0912r/ctl/x11_structlit_escape.logos	-	no id of this program is cited by that round's record or its probe-dir files	-	-	REFUSED	1 error [fn foo]: 'v' does not live long enough: it is borrowed and stored through 'out', whose storage the caller owns and outlives this function (E0597)	-	unattributed
c902431c687510ff	unattributed (mtime window: 2026-09-12r-escroot)	bc_escroot_local_array_index	snapshot:25aa8421-fce1-4a11-8a89-5d2ba5981c88/r0912r/fx/fail/bc_escroot_local_array_index.logos	-	no id of this program is cited by that round's record or its probe-dir files	-	-	REFUSED	1 error [fn store]: 'zs' does not live long enough: it is borrowed and stored through 'out', whose storage the caller owns and outlives this function (E0597)	-	unattributed
f7a00781ba9782be	unattributed (mtime window: 2026-09-12r-escroot)	bc_escroot_call_result_static	snapshot:25aa8421-fce1-4a11-8a89-5d2ba5981c88/r0912r/fx/pass/bc_escroot_call_result_static.logos	-	no id of this program is cited by that round's record or its probe-dir files	-	-	RUNS	9	-	unattributed
9444749343f74f5b	unattributed (mtime window: 2026-09-12r-escroot)	bc_escroot_ref_local_index	snapshot:25aa8421-fce1-4a11-8a89-5d2ba5981c88/r0912r/fx/pass/bc_escroot_ref_local_index.logos	-	no id of this program is cited by that round's record or its probe-dir files	-	-	RUNS	7	-	unattributed
b74c61e9acede8dd	unattributed (mtime window: 2026-09-12r-escroot)	uaf_call_escape	snapshot:25aa8421-fce1-4a11-8a89-5d2ba5981c88/r0912r/rt/uaf_call_escape.logos	-	no id of this program is cited by that round's record or its probe-dir files	-	-	REFUSED	1 error [fn store]: 'local' does not live long enough: it is borrowed and stored through 'out', whose storage the caller owns and outlives this function (E0597)	-	unattributed
a63dac4ed479f263	unattributed (mtime window: 2026-09-12r-escroot)	t3_illegal_let_ref_of_call_temp	snapshot:25aa8421-fce1-4a11-8a89-5d2ba5981c88/r0912r/ctl5/t3_illegal_let_ref_of_call_temp.logos	-	no id of this program is cited by that round's record or its probe-dir files	-	-	RUNS	0	-	unattributed
f432b87994e25634	unattributed (mtime window: 2026-09-12r-escroot)	v7_legal_escape_branch_restored	snapshot:25aa8421-fce1-4a11-8a89-5d2ba5981c88/r0912r/ctl5/v7_legal_escape_branch_restored.logos	-	no id of this program is cited by that round's record or its probe-dir files	-	-	RUNS	77	-	unattributed
0dbf1c16305a5c6b	unattributed (mtime window: 2026-09-12r-escroot)	v6_legal_escape_shadowed_ref_local	snapshot:25aa8421-fce1-4a11-8a89-5d2ba5981c88/r0912r/ctl5/v6_legal_escape_shadowed_ref_local.logos	-	no id of this program is cited by that round's record or its probe-dir files	-	-	RUNS	76	-	unattributed
2debf8994d062598	unattributed (mtime window: 2026-09-12r-escroot)	t2_legal_let_method_ref_through_param	snapshot:25aa8421-fce1-4a11-8a89-5d2ba5981c88/r0912r/ctl5/t2_legal_let_method_ref_through_param.logos	-	no id of this program is cited by that round's record or its probe-dir files	-	-	RUNS	81	-	unattributed
8de5d089e8853908	unattributed (mtime window: 2026-09-12r-escroot)	t1_legal_let_index_vec_param	snapshot:25aa8421-fce1-4a11-8a89-5d2ba5981c88/r0912r/ctl5/t1_legal_let_index_vec_param.logos	-	no id of this program is cited by that round's record or its probe-dir files	-	-	REFUSED	1 /home/logos/sandbox/hand-harvest-2026-09-14/25aa8421-fce1-4a11-8a89-5d2ba5981c88/r0912r/ctl5/t1_legal_let_index_vec_param.logos:3: error [fn foo]: let 'r': ty	-	unattributed
d38543f41ff29521	unattributed (mtime window: 2026-09-13a-selfregion)	s6_anon_self_field_type	snapshot:25aa8421-fce1-4a11-8a89-5d2ba5981c88/ctl/s6_anon_self_field_type.logos	-	no id of this program is cited by that round's record or its probe-dir files	-	-	REFUSED	1 /home/logos/sandbox/hand-harvest-2026-09-14/25aa8421-fce1-4a11-8a89-5d2ba5981c88/ctl/s6_anon_self_field_type.logos:5: error [fn Foo__set]: assignment to 'self	-	unattributed
70d76b265aa92f10	unattributed (mtime window: 2026-09-13a-selfregion)	e2_anon_no_ref_param	snapshot:25aa8421-fce1-4a11-8a89-5d2ba5981c88/ctl/e2_anon_no_ref_param.logos	-	no id of this program is cited by that round's record or its probe-dir files	-	-	RUNS	3	-	unattributed
4b0dad8012496051	unattributed (mtime window: 2026-09-13a-selfregion)	a16_osu_drop_whole	snapshot:25aa8421-fce1-4a11-8a89-5d2ba5981c88/ctl/a16_osu_drop_whole.logos	-	no id of this program is cited by that round's record or its probe-dir files	-	-	REFUSED	1 /home/logos/sandbox/hand-harvest-2026-09-14/25aa8421-fce1-4a11-8a89-5d2ba5981c88/ctl/a16_osu_drop_whole.logos:8: error [fn main]: use of moved variable 'start	-	unattributed
ef3e91a01cb97719	unattributed (mtime window: 2026-09-13a-selfregion)	s7_named_self_field_type	snapshot:25aa8421-fce1-4a11-8a89-5d2ba5981c88/ctl/s7_named_self_field_type.logos	-	no id of this program is cited by that round's record or its probe-dir files	-	-	REFUSED	1 /home/logos/sandbox/hand-harvest-2026-09-14/25aa8421-fce1-4a11-8a89-5d2ba5981c88/ctl/s7_named_self_field_type.logos:5: error [fn Foo__set]: assignment to 'sel	-	unattributed
4a9e3d92a917f563	unattributed (mtime window: 2026-09-13a-selfregion)	r13c_legal_path	snapshot:25aa8421-fce1-4a11-8a89-5d2ba5981c88/ctl/r13c_legal_path.logos	-	no id of this program is cited by that round's record or its probe-dir files	-	-	RUNS	11	-	unattributed
ee0cf1071bc32acd	unattributed (mtime window: 2026-09-13a-selfregion)	h10_legal_anon_generic_method	snapshot:25aa8421-fce1-4a11-8a89-5d2ba5981c88/ctl/h10_legal_anon_generic_method.logos	-	no id of this program is cited by that round's record or its probe-dir files	-	-	RUNS	45	-	unattributed
bdd6fcd92dfac45a	unattributed (mtime window: 2026-09-13a-selfregion)	n3g_legal_fnbinder	snapshot:25aa8421-fce1-4a11-8a89-5d2ba5981c88/ctl/n3g_legal_fnbinder.logos	-	no id of this program is cited by that round's record or its probe-dir files	-	-	RUNS	9	-	unattributed
68d801843da23248	unattributed (mtime window: 2026-09-13a-selfregion)	s4_anon_method_self	snapshot:25aa8421-fce1-4a11-8a89-5d2ba5981c88/ctl/s4_anon_method_self.logos	-	no id of this program is cited by that round's record or its probe-dir files	-	-	REFUSED	1 /home/logos/sandbox/hand-harvest-2026-09-14/25aa8421-fce1-4a11-8a89-5d2ba5981c88/ctl/s4_anon_method_self.logos:5: error [fn Foo__rebuild]: return type mismatc	-	unattributed
23c8d17f6b00d2b3	unattributed (mtime window: 2026-09-13a-selfregion)	r13f_freefn_ctor	snapshot:25aa8421-fce1-4a11-8a89-5d2ba5981c88/ctl/r13f_freefn_ctor.logos	-	no id of this program is cited by that round's record or its probe-dir files	-	-	REFUSED	1 /home/logos/sandbox/hand-harvest-2026-09-14/25aa8421-fce1-4a11-8a89-5d2ba5981c88/ctl/r13f_freefn_ctor.logos:3: error [fn make]: return type mismatch: variance	-	unattributed
a4b60e2ad39a053f	unattributed (mtime window: 2026-09-13a-selfregion)	h4_trait_default_self_anon	snapshot:25aa8421-fce1-4a11-8a89-5d2ba5981c88/ctl/h4_trait_default_self_anon.logos	-	no id of this program is cited by that round's record or its probe-dir files	-	-	REFUSED	1 /home/logos/sandbox/hand-harvest-2026-09-14/25aa8421-fce1-4a11-8a89-5d2ba5981c88/ctl/h4_trait_default_self_anon.logos:8: error [fn Foo__mk2]: return type mism	-	unattributed
7837c6be0ed7cb7c	unattributed (mtime window: 2026-09-13a-selfregion)	s8_legal_anon_self_ret_from_self	snapshot:25aa8421-fce1-4a11-8a89-5d2ba5981c88/ctl/s8_legal_anon_self_ret_from_self.logos	-	no id of this program is cited by that round's record or its probe-dir files	-	-	RUNS	21	-	unattributed
07e7df228e29bc8f	unattributed (mtime window: 2026-09-13a-selfregion)	n3c_named_spelled	snapshot:25aa8421-fce1-4a11-8a89-5d2ba5981c88/ctl/n3c_named_spelled.logos	-	no id of this program is cited by that round's record or its probe-dir files	-	-	REFUSED	1 /home/logos/sandbox/hand-harvest-2026-09-14/25aa8421-fce1-4a11-8a89-5d2ba5981c88/ctl/n3c_named_spelled.logos:5: error [fn Foo__newf]: return type mismatch: va	-	unattributed
f24f9f3d6a81e6aa	unattributed (mtime window: 2026-09-13a-selfregion)	a16_aug_drop	snapshot:25aa8421-fce1-4a11-8a89-5d2ba5981c88/ctl/a16_aug_drop.logos	-	no id of this program is cited by that round's record or its probe-dir files	-	-	REFUSED	1 error [fn main]: cannot move 'x' while it is borrowed	-	unattributed
3729904b90d2ff7c	unattributed (mtime window: 2026-09-13a-selfregion)	e7_legal_anon_self_ret_static_param	snapshot:25aa8421-fce1-4a11-8a89-5d2ba5981c88/ctl/e7_legal_anon_self_ret_static_param.logos	-	no id of this program is cited by that round's record or its probe-dir files	-	-	RUNS	31	-	unattributed
f90554adae51b292	unattributed (mtime window: 2026-09-13a-selfregion)	a16_osu_drop_proj	snapshot:25aa8421-fce1-4a11-8a89-5d2ba5981c88/ctl/a16_osu_drop_proj.logos	-	no id of this program is cited by that round's record or its probe-dir files	-	-	REFUSED	1 /home/logos/sandbox/hand-harvest-2026-09-14/25aa8421-fce1-4a11-8a89-5d2ba5981c88/ctl/a16_osu_drop_proj.logos:9: error [fn main]: use of moved variable 'start'	-	unattributed
1602871bae4dc39f	unattributed (mtime window: 2026-09-13a-selfregion)	h7_legal_self_lit_from_self_field	snapshot:25aa8421-fce1-4a11-8a89-5d2ba5981c88/ctl/h7_legal_self_lit_from_self_field.logos	-	no id of this program is cited by that round's record or its probe-dir files	-	-	RUNS	44	-	unattributed
6c0832ee20453133	unattributed (mtime window: 2026-09-13a-selfregion)	n3d_freefn	snapshot:25aa8421-fce1-4a11-8a89-5d2ba5981c88/ctl/n3d_freefn.logos	-	no id of this program is cited by that round's record or its probe-dir files	-	-	REFUSED	1 /home/logos/sandbox/hand-harvest-2026-09-14/25aa8421-fce1-4a11-8a89-5d2ba5981c88/ctl/n3d_freefn.logos:4: error [fn newf]: return type mismatch: variance misma	-	unattributed
b4f7a6d5763b817d	unattributed (mtime window: 2026-09-13a-selfregion)	a16_r13_innerdrop	snapshot:25aa8421-fce1-4a11-8a89-5d2ba5981c88/ctl/a16_r13_innerdrop.logos	-	no id of this program is cited by that round's record or its probe-dir files	-	-	REFUSED	1 error [fn main]: cannot move out of field 'f' of the destructured value: type 'S' implements the Drop trait, so its destructor must see the whole value (E0509	-	unattributed
4837cebf17aa91e9	unattributed (mtime window: 2026-09-13a-selfregion)	h13_legal_named_impl_self_lit_static	snapshot:25aa8421-fce1-4a11-8a89-5d2ba5981c88/ctl/h13_legal_named_impl_self_lit_static.logos	-	no id of this program is cited by that round's record or its probe-dir files	-	-	RUNS	48	-	unattributed
6abc5e78a2ee3f5e	unattributed (mtime window: 2026-09-13a-selfregion)	a16_aug_asis	snapshot:25aa8421-fce1-4a11-8a89-5d2ba5981c88/ctl/a16_aug_asis.logos	-	no id of this program is cited by that round's record or its probe-dir files	-	-	RUNS	0	-	unattributed
60069cfd3557a7ef	unattributed (mtime window: 2026-09-13a-selfregion)	h12_legal_anon_trait_assoc	snapshot:25aa8421-fce1-4a11-8a89-5d2ba5981c88/ctl/h12_legal_anon_trait_assoc.logos	-	no id of this program is cited by that round's record or its probe-dir files	-	-	RUNS	47	-	unattributed
2494c7d0c8a817ab	unattributed (mtime window: 2026-09-13a-selfregion)	h6_legal_path_lit_method_local	snapshot:25aa8421-fce1-4a11-8a89-5d2ba5981c88/ctl/h6_legal_path_lit_method_local.logos	-	no id of this program is cited by that round's record or its probe-dir files	-	-	RUNS	42	-	unattributed
2bb336741868cbac	unattributed (mtime window: 2026-09-13a-selfregion)	s10_legal_self_lit_named	snapshot:25aa8421-fce1-4a11-8a89-5d2ba5981c88/ctl/s10_legal_self_lit_named.logos	-	no id of this program is cited by that round's record or its probe-dir files	-	-	RUNS	24	-	unattributed
d916ebd94eb66bbb	unattributed (mtime window: 2026-09-13a-selfregion)	h9_legal_anon_impl_closure	snapshot:25aa8421-fce1-4a11-8a89-5d2ba5981c88/ctl/h9_legal_anon_impl_closure.logos	-	no id of this program is cited by that round's record or its probe-dir files	-	-	RUNS	44	-	unattributed
7799f97d12d7e6a1	unattributed (mtime window: 2026-09-13a-selfregion)	e3_named_elided_out	snapshot:25aa8421-fce1-4a11-8a89-5d2ba5981c88/ctl/e3_named_elided_out.logos	-	no id of this program is cited by that round's record or its probe-dir files	-	-	RUNS	4	-	unattributed
13ed1affc7c8c01b	unattributed (mtime window: 2026-09-13a-selfregion)	s2_self_path_lit_named_ret_self	snapshot:25aa8421-fce1-4a11-8a89-5d2ba5981c88/ctl/s2_self_path_lit_named_ret_self.logos	-	no id of this program is cited by that round's record or its probe-dir files	-	-	REFUSED	1 /home/logos/sandbox/hand-harvest-2026-09-14/25aa8421-fce1-4a11-8a89-5d2ba5981c88/ctl/s2_self_path_lit_named_ret_self.logos:5: error [fn MyStruct__make]: retur	-	unattributed
b275d1daa2c8dbcd	unattributed (mtime window: 2026-09-13a-selfregion)	e4_anon_self_param_and_ref	snapshot:25aa8421-fce1-4a11-8a89-5d2ba5981c88/ctl/e4_anon_self_param_and_ref.logos	-	no id of this program is cited by that round's record or its probe-dir files	-	-	REFUSED	1 /home/logos/sandbox/hand-harvest-2026-09-14/25aa8421-fce1-4a11-8a89-5d2ba5981c88/ctl/e4_anon_self_param_and_ref.logos:5: error [fn Foo__pick]: return type mis	-	unattributed
4006bd8fab267acf	unattributed (mtime window: 2026-09-13a-selfregion)	n3e_legal_named	snapshot:25aa8421-fce1-4a11-8a89-5d2ba5981c88/ctl/n3e_legal_named.logos	-	no id of this program is cited by that round's record or its probe-dir files	-	-	RUNS	7	-	unattributed
d430fcbafecc8eb3	unattributed (mtime window: 2026-09-13a-selfregion)	s11_legal_anon_static_field	snapshot:25aa8421-fce1-4a11-8a89-5d2ba5981c88/ctl/s11_legal_anon_static_field.logos	-	no id of this program is cited by that round's record or its probe-dir files	-	-	RUNS	25	-	unattributed
3bd334e9e6e8b360	unattributed (mtime window: 2026-09-13a-selfregion)	h14_legal_anon_self_ret_elided_param_self	snapshot:25aa8421-fce1-4a11-8a89-5d2ba5981c88/ctl/h14_legal_anon_self_ret_elided_param_self.logos	-	no id of this program is cited by that round's record or its probe-dir files	-	-	RUNS	49	-	unattributed
ccee6214c89d7c92	unattributed (mtime window: 2026-09-13a-selfregion)	a16_r13_innerdrop_dot	snapshot:25aa8421-fce1-4a11-8a89-5d2ba5981c88/ctl/a16_r13_innerdrop_dot.logos	-	no id of this program is cited by that round's record or its probe-dir files	-	-	REFUSED	1 error [fn main]: cannot move out of 's.f': type 'S' implements the Drop trait, so its destructor must see the whole value (E0509). Wrap the field in ManuallyD	-	unattributed
79641ce9d117127c	unattributed (mtime window: 2026-09-13a-selfregion)	n3f_legal_elided	snapshot:25aa8421-fce1-4a11-8a89-5d2ba5981c88/ctl/n3f_legal_elided.logos	-	no id of this program is cited by that round's record or its probe-dir files	-	-	RUNS	8	-	unattributed
cd960ee768dd456a	unattributed (mtime window: 2026-09-13a-selfregion)	r13e_legal_self	snapshot:25aa8421-fce1-4a11-8a89-5d2ba5981c88/ctl/r13e_legal_self.logos	-	no id of this program is cited by that round's record or its probe-dir files	-	-	RUNS	12	-	unattributed
ccad6d283f896d5d	unattributed (mtime window: 2026-09-13a-selfregion)	s9_legal_anon_trait_impl	snapshot:25aa8421-fce1-4a11-8a89-5d2ba5981c88/ctl/s9_legal_anon_trait_impl.logos	-	no id of this program is cited by that round's record or its probe-dir files	-	-	RUNS	22	-	unattributed
d2fbdccb4015bd4c	unattributed (mtime window: 2026-09-13a-selfregion)	e8_legal_anon_method_ret_self_of_self	snapshot:25aa8421-fce1-4a11-8a89-5d2ba5981c88/ctl/e8_legal_anon_method_ret_self_of_self.logos	-	no id of this program is cited by that round's record or its probe-dir files	-	-	RUNS	32	-	unattributed
409a5f90abfc4689	unattributed (mtime window: 2026-09-13a-selfregion)	h11_legal_anon_mut_self_set	snapshot:25aa8421-fce1-4a11-8a89-5d2ba5981c88/ctl/h11_legal_anon_mut_self_set.logos	-	no id of this program is cited by that round's record or its probe-dir files	-	-	RUNS	46	-	unattributed
61d3c18f145511b3	unattributed (mtime window: 2026-09-13a-selfregion)	h3_self_tuplestruct_named	snapshot:25aa8421-fce1-4a11-8a89-5d2ba5981c88/ctl/h3_self_tuplestruct_named.logos	-	no id of this program is cited by that round's record or its probe-dir files	-	-	REFUSED	1 /home/logos/sandbox/hand-harvest-2026-09-14/25aa8421-fce1-4a11-8a89-5d2ba5981c88/ctl/h3_self_tuplestruct_named.logos:5: error [fn T__mk]: call to undefined fu	-	unattributed
25f4049ad2706aeb	unattributed (mtime window: 2026-09-13a-selfregion)	L8_anon_ref_target_legal	snapshot:25aa8421-fce1-4a11-8a89-5d2ba5981c88/ctl2/L8_anon_ref_target_legal.logos	-	no id of this program is cited by that round's record or its probe-dir files	-	-	RUNS	68	-	unattributed
d579cf1357f47d63	unattributed (mtime window: 2026-09-13a-selfregion)	L6_anon_method_elided_ret	snapshot:25aa8421-fce1-4a11-8a89-5d2ba5981c88/ctl2/L6_anon_method_elided_ret.logos	-	no id of this program is cited by that round's record or its probe-dir files	-	-	RUNS	66	-	unattributed
46a80c5e4055dff8	unattributed (mtime window: 2026-09-13a-selfregion)	L9_anon_closure_returns_self	snapshot:25aa8421-fce1-4a11-8a89-5d2ba5981c88/ctl2/L9_anon_closure_returns_self.logos	-	no id of this program is cited by that round's record or its probe-dir files	-	-	REFUSED	1 /home/logos/sandbox/hand-harvest-2026-09-14/25aa8421-fce1-4a11-8a89-5d2ba5981c88/ctl2/L9_anon_closure_returns_self.logos:6: error [fn Foo__remake]: closure ca	-	unattributed
f786564ebd43393d	unattributed (mtime window: 2026-09-13a-selfregion)	L7_anon_two_regions_legal	snapshot:25aa8421-fce1-4a11-8a89-5d2ba5981c88/ctl2/L7_anon_two_regions_legal.logos	-	no id of this program is cited by that round's record or its probe-dir files	-	-	RUNS	67	-	unattributed
aee3456d157df2d0	unattributed (mtime window: 2026-09-13a-selfregion)	L1_anon_pick_two_selves	snapshot:25aa8421-fce1-4a11-8a89-5d2ba5981c88/ctl2/L1_anon_pick_two_selves.logos	-	no id of this program is cited by that round's record or its probe-dir files	-	-	RUNS	61	-	unattributed
3849f0525088f707	unattributed (mtime window: 2026-09-13a-selfregion)	L11_named_self_lit_param_region	snapshot:25aa8421-fce1-4a11-8a89-5d2ba5981c88/ctl2/L11_named_self_lit_param_region.logos	-	no id of this program is cited by that round's record or its probe-dir files	-	-	RUNS	71	-	unattributed
905dd2b51d4de76f	unattributed (mtime window: 2026-09-13a-selfregion)	I4_named_self_lit_let_local	snapshot:25aa8421-fce1-4a11-8a89-5d2ba5981c88/ctl2/I4_named_self_lit_let_local.logos	-	no id of this program is cited by that round's record or its probe-dir files	-	-	REFUSED	1 error [fn Foo__stash]: 'v' does not live long enough: it is borrowed and stored through 'self', whose storage the caller owns and outlives this function (E059	-	unattributed
104d3b83952d0e0d	unattributed (mtime window: 2026-09-13a-selfregion)	L12_named_self_lit_static_into_short	snapshot:25aa8421-fce1-4a11-8a89-5d2ba5981c88/ctl2/L12_named_self_lit_static_into_short.logos	-	no id of this program is cited by that round's record or its probe-dir files	-	-	RUNS	72	-	unattributed
7ed4b68bc12fa52e	unattributed (mtime window: 2026-09-13a-selfregion)	L2_anon_self_static_helper	snapshot:25aa8421-fce1-4a11-8a89-5d2ba5981c88/ctl2/L2_anon_self_static_helper.logos	-	no id of this program is cited by that round's record or its probe-dir files	-	-	RUNS	62	-	unattributed
c4251a71760968cb	unattributed (mtime window: 2026-09-13a-selfregion)	L3_anon_let_self_annot	snapshot:25aa8421-fce1-4a11-8a89-5d2ba5981c88/ctl2/L3_anon_let_self_annot.logos	-	no id of this program is cited by that round's record or its probe-dir files	-	-	RUNS	63	-	unattributed
cbbe11409995fc26	unattributed (mtime window: 2026-09-13a-selfregion)	L4_two_impls_named_and_anon	snapshot:25aa8421-fce1-4a11-8a89-5d2ba5981c88/ctl2/L4_two_impls_named_and_anon.logos	-	no id of this program is cited by that round's record or its probe-dir files	-	-	RUNS	64	-	unattributed
0076c2f74c32de9f	unattributed (mtime window: 2026-09-13a-selfregion)	o2_enum_variant_into_bool_let	snapshot:25aa8421-fce1-4a11-8a89-5d2ba5981c88/off/o2_enum_variant_into_bool_let.logos	-	no id of this program is cited by that round's record or its probe-dir files	-	-	REFUSED	1 /home/logos/sandbox/hand-harvest-2026-09-14/25aa8421-fce1-4a11-8a89-5d2ba5981c88/off/o2_enum_variant_into_bool_let.logos:4: error [fn main]: let 's': type mis	-	unattributed
84cfe3621580d024	unattributed (mtime window: 2026-09-13a-selfregion)	o7_legal_self_tuple_ctor	snapshot:25aa8421-fce1-4a11-8a89-5d2ba5981c88/off/o7_legal_self_tuple_ctor.logos	-	no id of this program is cited by that round's record or its probe-dir files	-	-	REFUSED	1 /home/logos/sandbox/hand-harvest-2026-09-14/25aa8421-fce1-4a11-8a89-5d2ba5981c88/off/o7_legal_self_tuple_ctor.logos:5: error [fn T__mk]: call to undefined fun	-	unattributed
910c2db32a3c6ef5	unattributed (mtime window: 2026-09-13a-selfregion)	o6_struct_lit_into_i64_let	snapshot:25aa8421-fce1-4a11-8a89-5d2ba5981c88/off/o6_struct_lit_into_i64_let.logos	-	no id of this program is cited by that round's record or its probe-dir files	-	-	REFUSED	1 /home/logos/sandbox/hand-harvest-2026-09-14/25aa8421-fce1-4a11-8a89-5d2ba5981c88/off/o6_struct_lit_into_i64_let.logos:4: error [fn main]: let 's': type mismat	-	unattributed
6b6c53e8bc15328d	unattributed (mtime window: 2026-09-13a-selfregion)	o5_enum_variant_arg_i64	snapshot:25aa8421-fce1-4a11-8a89-5d2ba5981c88/off/o5_enum_variant_arg_i64.logos	-	no id of this program is cited by that round's record or its probe-dir files	-	-	REFUSED	1 error: 'func.call' op operand type mismatch: expected operand type 'i64', but provided '!llvm.ptr' for operand number 0	-	unattributed
6ee01eba5f48303a	unattributed (mtime window: 2026-09-13a-selfregion)	o4_enum_variant_return_i64	snapshot:25aa8421-fce1-4a11-8a89-5d2ba5981c88/off/o4_enum_variant_return_i64.logos	-	no id of this program is cited by that round's record or its probe-dir files	-	-	REFUSED	1 error: type of return operand 0 ('!llvm.ptr') doesn't match function result type ('i64') in function @o4_enum_variant_return_i64$g__f__i64	-	unattributed
5450dbb468b3fe95	unattributed (mtime window: 2026-09-13a-selfregion)	o3_enum_unit_variant_into_i64_let	snapshot:25aa8421-fce1-4a11-8a89-5d2ba5981c88/off/o3_enum_unit_variant_into_i64_let.logos	-	no id of this program is cited by that round's record or its probe-dir files	-	-	RUNS	104	-	unattributed
647bbc2eb3e70fa3	unattributed (mtime window: 2026-09-13a-selfregion)	o1_enum_variant_into_i64_let	snapshot:25aa8421-fce1-4a11-8a89-5d2ba5981c88/off/o1_enum_variant_into_i64_let.logos	-	no id of this program is cited by that round's record or its probe-dir files	-	-	RUNS	72	-	unattributed
766c73725ac5f2dd	unattributed (mtime window: 2026-09-13a-selfregion)	t3_sig_self_named	snapshot:25aa8421-fce1-4a11-8a89-5d2ba5981c88/ty/t3_sig_self_named.logos	-	no id of this program is cited by that round's record or its probe-dir files	-	-	REFUSED	1 /home/logos/sandbox/hand-harvest-2026-09-14/25aa8421-fce1-4a11-8a89-5d2ba5981c88/ty/t3_sig_self_named.logos:5: error [fn MyStruct__f]: return type mismatch — 	-	unattributed
1c1de03ec31a4dc0	unattributed (mtime window: 2026-09-13a-selfregion)	t10_enum_self_variant_typemismatch	snapshot:25aa8421-fce1-4a11-8a89-5d2ba5981c88/ty/t10_enum_self_variant_typemismatch.logos	-	no id of this program is cited by that round's record or its probe-dir files	-	-	RUNS	56	-	unattributed
feedc2d52d36a66f	unattributed (mtime window: 2026-09-13a-selfregion)	t6_trait_impl_body_self_anon	snapshot:25aa8421-fce1-4a11-8a89-5d2ba5981c88/ty/t6_trait_impl_body_self_anon.logos	-	no id of this program is cited by that round's record or its probe-dir files	-	-	REFUSED	1 /home/logos/sandbox/hand-harvest-2026-09-14/25aa8421-fce1-4a11-8a89-5d2ba5981c88/ty/t6_trait_impl_body_self_anon.logos:6: error [fn MyStruct__g]: let 's': typ	-	unattributed
9aa67da2b5810cb7	unattributed (mtime window: 2026-09-13a-selfregion)	t4_sig_self_anon	snapshot:25aa8421-fce1-4a11-8a89-5d2ba5981c88/ty/t4_sig_self_anon.logos	-	no id of this program is cited by that round's record or its probe-dir files	-	-	REFUSED	1 /home/logos/sandbox/hand-harvest-2026-09-14/25aa8421-fce1-4a11-8a89-5d2ba5981c88/ty/t4_sig_self_anon.logos:5: error [fn MyStruct__f]: return type mismatch — e	-	unattributed
2d7636bd5263b27d	unattributed (mtime window: 2026-09-13a-selfregion)	t13_legal_path_tuplector	snapshot:25aa8421-fce1-4a11-8a89-5d2ba5981c88/ty/t13_legal_path_tuplector.logos	-	no id of this program is cited by that round's record or its probe-dir files	-	-	RUNS	53	-	unattributed
4851525fb429c8ac	unattributed (mtime window: 2026-09-13a-selfregion)	t12_enum_self_variant_free	snapshot:25aa8421-fce1-4a11-8a89-5d2ba5981c88/ty/t12_enum_self_variant_free.logos	-	no id of this program is cited by that round's record or its probe-dir files	-	-	RUNS	232	-	unattributed
48ddff49201dfc4d	unattributed (mtime window: 2026-09-13a-selfregion)	t1_body_self_named	snapshot:25aa8421-fce1-4a11-8a89-5d2ba5981c88/ty/t1_body_self_named.logos	-	no id of this program is cited by that round's record or its probe-dir files	-	-	REFUSED	1 /home/logos/sandbox/hand-harvest-2026-09-14/25aa8421-fce1-4a11-8a89-5d2ba5981c88/ty/t1_body_self_named.logos:5: error [fn MyStruct__f]: let 's': type mismatch	-	unattributed
2be40f9266310c8b	unattributed (mtime window: 2026-09-13a-selfregion)	t11_enum_path_variant_typemismatch	snapshot:25aa8421-fce1-4a11-8a89-5d2ba5981c88/ty/t11_enum_path_variant_typemismatch.logos	-	no id of this program is cited by that round's record or its probe-dir files	-	-	RUNS	248	-	unattributed
df72eaa7010a1a75	unattributed (mtime window: 2026-09-13a-selfregion)	t2_body_self_anon	snapshot:25aa8421-fce1-4a11-8a89-5d2ba5981c88/ty/t2_body_self_anon.logos	-	no id of this program is cited by that round's record or its probe-dir files	-	-	REFUSED	1 /home/logos/sandbox/hand-harvest-2026-09-14/25aa8421-fce1-4a11-8a89-5d2ba5981c88/ty/t2_body_self_anon.logos:5: error [fn MyStruct__f]: let 's': type mismatch 	-	unattributed
2db62eee948b7d2b	unattributed (mtime window: 2026-09-13a-selfregion)	t7_generic_body_self_anon	snapshot:25aa8421-fce1-4a11-8a89-5d2ba5981c88/ty/t7_generic_body_self_anon.logos	-	no id of this program is cited by that round's record or its probe-dir files	-	-	REFUSED	1 /home/logos/sandbox/hand-harvest-2026-09-14/25aa8421-fce1-4a11-8a89-5d2ba5981c88/ty/t7_generic_body_self_anon.logos:5: error [fn W__g]: let 's': type mismatch	-	unattributed
3b4a8e9bc4a3e7a4	unattributed (mtime window: 2026-09-13b-selfregion-land)	c03_freefn_tuple_variant_rewrap	snapshot:25aa8421-fce1-4a11-8a89-5d2ba5981c88/land/hb3/c03_freefn_tuple_variant_rewrap.logos	-	no id of this program is cited by that round's record or its probe-dir files	-	-	REFUSED	1 /home/logos/sandbox/hand-harvest-2026-09-14/25aa8421-fce1-4a11-8a89-5d2ba5981c88/land/hb3/c03_freefn_tuple_variant_rewrap.logos:5: error [fn keep]: return typ	-	unattributed
0d98e809695d779a	unattributed (mtime window: 2026-09-13b-selfregion-land)	c04_freefn_struct_variant_ref_scrutinee	snapshot:25aa8421-fce1-4a11-8a89-5d2ba5981c88/land/hb3/c04_freefn_struct_variant_ref_scrutinee.logos	-	no id of this program is cited by that round's record or its probe-dir files	-	-	REFUSED	1 /home/logos/sandbox/hand-harvest-2026-09-14/25aa8421-fce1-4a11-8a89-5d2ba5981c88/land/hb3/c04_freefn_struct_variant_ref_scrutinee.logos:5: error [fn again]: E	-	unattributed
e99afed57cade927	unattributed (mtime window: 2026-09-13b-selfregion-land)	c04t_freefn_tuple_variant_ref_scrutinee	snapshot:25aa8421-fce1-4a11-8a89-5d2ba5981c88/land/hb3/c04t_freefn_tuple_variant_ref_scrutinee.logos	-	no id of this program is cited by that round's record or its probe-dir files	-	-	REFUSED	1 /home/logos/sandbox/hand-harvest-2026-09-14/25aa8421-fce1-4a11-8a89-5d2ba5981c88/land/hb3/c04t_freefn_tuple_variant_ref_scrutinee.logos:5: error [fn again]: r	-	unattributed
d53bfe1c2345be93	unattributed (mtime window: 2026-09-13b-selfregion-land)	A23_named_impl_struct_shape_from_param	snapshot:25aa8421-fce1-4a11-8a89-5d2ba5981c88/land/hb/A23_named_impl_struct_shape_from_param.logos	-	no id of this program is cited by that round's record or its probe-dir files	-	-	RUNS	36	-	unattributed
ab44b9a64b8ed9a3	unattributed (mtime window: 2026-09-13b-selfregion-land)	A12_trait_lt_param_anon_self_path	snapshot:25aa8421-fce1-4a11-8a89-5d2ba5981c88/land/hb/A12_trait_lt_param_anon_self_path.logos	-	no id of this program is cited by that round's record or its probe-dir files	-	-	RUNS	22	-	unattributed
55ea9fe092dd8003	unattributed (mtime window: 2026-09-13b-selfregion-land)	A17_assign_unit_variant_through_mut_self	snapshot:25aa8421-fce1-4a11-8a89-5d2ba5981c88/land/hb/A17_assign_unit_variant_through_mut_self.logos	-	no id of this program is cited by that round's record or its probe-dir files	-	-	RUNS	27	-	unattributed
36ba9455b153c9a3	unattributed (mtime window: 2026-09-13b-selfregion-land)	A08_other_self_two_scopes	snapshot:25aa8421-fce1-4a11-8a89-5d2ba5981c88/land/hb/A08_other_self_two_scopes.logos	-	no id of this program is cited by that round's record or its probe-dir files	-	-	RUNS	18	-	unattributed
e2848a99fd795c3e	unattributed (mtime window: 2026-09-13b-selfregion-land)	A18_by_value_self_let_no_annot	snapshot:25aa8421-fce1-4a11-8a89-5d2ba5981c88/land/hb/A18_by_value_self_let_no_annot.logos	-	no id of this program is cited by that round's record or its probe-dir files	-	-	RUNS	28	-	unattributed
920a94ec13da7d8a	unattributed (mtime window: 2026-09-13b-selfregion-land)	A01_amp_self_dup_selflit	snapshot:25aa8421-fce1-4a11-8a89-5d2ba5981c88/land/hb/A01_amp_self_dup_selflit.logos	-	no id of this program is cited by that round's record or its probe-dir files	-	-	RUNS	11	-	unattributed
860eac39fc42233e	unattributed (mtime window: 2026-09-13b-selfregion-land)	B01_anon_selflit_unrelated_param_ampself	snapshot:25aa8421-fce1-4a11-8a89-5d2ba5981c88/land/hb/B01_anon_selflit_unrelated_param_ampself.logos	-	no id of this program is cited by that round's record or its probe-dir files	-	-	REFUSED	1 /home/logos/sandbox/hand-harvest-2026-09-14/25aa8421-fce1-4a11-8a89-5d2ba5981c88/land/hb/B01_anon_selflit_unrelated_param_ampself.logos:5: error [fn Foo__mk]:	-	unattributed
b9f43e0e76309513	unattributed (mtime window: 2026-09-13b-selfregion-land)	A05_drop_on_anon_impl_count	snapshot:25aa8421-fce1-4a11-8a89-5d2ba5981c88/land/hb/A05_drop_on_anon_impl_count.logos	-	no id of this program is cited by that round's record or its probe-dir files	-	-	RUNS	15	-	unattributed
1e68015a13a47cdc	unattributed (mtime window: 2026-09-13b-selfregion-land)	A07_elided_ret_from_field	snapshot:25aa8421-fce1-4a11-8a89-5d2ba5981c88/land/hb/A07_elided_ret_from_field.logos	-	no id of this program is cited by that round's record or its probe-dir files	-	-	RUNS	17	-	unattributed
1d5fe0f37173da51	unattributed (mtime window: 2026-09-13b-selfregion-land)	A19_option_of_self	snapshot:25aa8421-fce1-4a11-8a89-5d2ba5981c88/land/hb/A19_option_of_self.logos	-	no id of this program is cited by that round's record or its probe-dir files	-	-	RUNS	29	-	unattributed
e376801a19a634ac	unattributed (mtime window: 2026-09-13b-selfregion-land)	B07_ref_target_let_self_from_param	snapshot:25aa8421-fce1-4a11-8a89-5d2ba5981c88/land/hb/B07_ref_target_let_self_from_param.logos	-	no id of this program is cited by that round's record or its probe-dir files	-	-	REFUSED	1 /home/logos/sandbox/hand-harvest-2026-09-14/25aa8421-fce1-4a11-8a89-5d2ba5981c88/land/hb/B07_ref_target_let_self_from_param.logos:5: error [fn $ref_&'_ i64__f	-	unattributed
8061b05eff5f050c	unattributed (mtime window: 2026-09-13b-selfregion-land)	A20_named_impl_selflit_param_region	snapshot:25aa8421-fce1-4a11-8a89-5d2ba5981c88/land/hb/A20_named_impl_selflit_param_region.logos	-	no id of this program is cited by that round's record or its probe-dir files	-	-	RUNS	31	-	unattributed
41228c03ae7a931d	unattributed (mtime window: 2026-09-13b-selfregion-land)	A02_branches_selflit_and_path	snapshot:25aa8421-fce1-4a11-8a89-5d2ba5981c88/land/hb/A02_branches_selflit_and_path.logos	-	no id of this program is cited by that round's record or its probe-dir files	-	-	RUNS	12	-	unattributed
be9ae81b39a3824f	unattributed (mtime window: 2026-09-13b-selfregion-land)	A11_closure_then_selflit	snapshot:25aa8421-fce1-4a11-8a89-5d2ba5981c88/land/hb/A11_closure_then_selflit.logos	-	no id of this program is cited by that round's record or its probe-dir files	-	-	RUNS	21	-	unattributed
64897c4ee041360a	unattributed (mtime window: 2026-09-13b-selfregion-land)	A16_generic_anon_selflit	snapshot:25aa8421-fce1-4a11-8a89-5d2ba5981c88/land/hb/A16_generic_anon_selflit.logos	-	no id of this program is cited by that round's record or its probe-dir files	-	-	RUNS	26	-	unattributed
42acc62b3661073c	unattributed (mtime window: 2026-09-13b-selfregion-land)	A13_chain_next	snapshot:25aa8421-fce1-4a11-8a89-5d2ba5981c88/land/hb/A13_chain_next.logos	-	no id of this program is cited by that round's record or its probe-dir files	-	-	RUNS	23	-	unattributed
acb29f1b23910bd2	unattributed (mtime window: 2026-09-13b-selfregion-land)	A06_generic_helper_on_self	snapshot:25aa8421-fce1-4a11-8a89-5d2ba5981c88/land/hb/A06_generic_helper_on_self.logos	-	no id of this program is cited by that round's record or its probe-dir files	-	-	RUNS	16	-	unattributed
2383112e26cf1040	unattributed (mtime window: 2026-09-13b-selfregion-land)	A14_two_anon_same_positions	snapshot:25aa8421-fce1-4a11-8a89-5d2ba5981c88/land/hb/A14_two_anon_same_positions.logos	-	no id of this program is cited by that round's record or its probe-dir files	-	-	RUNS	24	-	unattributed
e8e83c1f29725f1e	unattributed (mtime window: 2026-09-13b-selfregion-land)	A21_zero_arg_static_on_anon	snapshot:25aa8421-fce1-4a11-8a89-5d2ba5981c88/land/hb/A21_zero_arg_static_on_anon.logos	-	no id of this program is cited by that round's record or its probe-dir files	-	-	RUNS	32	-	unattributed
a2a8f5879bb53857	unattributed (mtime window: 2026-09-13b-selfregion-land)	A22_trait_method_other_self_anon	snapshot:25aa8421-fce1-4a11-8a89-5d2ba5981c88/land/hb/A22_trait_method_other_self_anon.logos	-	no id of this program is cited by that round's record or its probe-dir files	-	-	RUNS	33	-	unattributed
5f3b763c98c38b16	unattributed (mtime window: 2026-09-13b-selfregion-land)	A09n_ref_target_method_named	snapshot:25aa8421-fce1-4a11-8a89-5d2ba5981c88/land/hb2/A09n_ref_target_method_named.logos	-	no id of this program is cited by that round's record or its probe-dir files	-	-	REFUSED	1 /home/logos/sandbox/hand-harvest-2026-09-14/25aa8421-fce1-4a11-8a89-5d2ba5981c88/land/hb2/A09n_ref_target_method_named.logos:11: error [fn main]: method call:	-	unattributed
33aea75a08dc052d	unattributed (mtime window: 2026-09-13b-selfregion-land)	bc_selfregion_self_tuple_variant_refuse	snapshot:25aa8421-fce1-4a11-8a89-5d2ba5981c88/land/fx/fail/bc_selfregion_self_tuple_variant_refuse.logos	-	no id of this program is cited by that round's record or its probe-dir files	-	-	REFUSED	1 /home/logos/sandbox/hand-harvest-2026-09-14/25aa8421-fce1-4a11-8a89-5d2ba5981c88/land/fx/fail/bc_selfregion_self_tuple_variant_refuse.logos:8: error [fn E__mk	-	unattributed
49dc52bd44ed27b0	unattributed (mtime window: 2026-09-13b-selfregion-land)	bc_selfregion_anon_header_ret_refuse	snapshot:25aa8421-fce1-4a11-8a89-5d2ba5981c88/land/fx/fail/bc_selfregion_anon_header_ret_refuse.logos	-	no id of this program is cited by that round's record or its probe-dir files	-	-	REFUSED	1 /home/logos/sandbox/hand-harvest-2026-09-14/25aa8421-fce1-4a11-8a89-5d2ba5981c88/land/fx/fail/bc_selfregion_anon_header_ret_refuse.logos:10: error [fn Foo__wr	-	unattributed
321a11806d5b096b	unattributed (mtime window: 2026-09-13b-selfregion-land)	bc_selfregion_let_self_annot_refuse	snapshot:25aa8421-fce1-4a11-8a89-5d2ba5981c88/land/fx/fail/bc_selfregion_let_self_annot_refuse.logos	-	no id of this program is cited by that round's record or its probe-dir files	-	-	REFUSED	1 /home/logos/sandbox/hand-harvest-2026-09-14/25aa8421-fce1-4a11-8a89-5d2ba5981c88/land/fx/fail/bc_selfregion_let_self_annot_refuse.logos:9: error [fn Foo__stas	-	unattributed
019cbf35e3feee11	unattributed (mtime window: 2026-09-13b-selfregion-land)	bc_selfregion_anon_pick_refuse	snapshot:25aa8421-fce1-4a11-8a89-5d2ba5981c88/land/fx/fail/bc_selfregion_anon_pick_refuse.logos	-	no id of this program is cited by that round's record or its probe-dir files	-	-	REFUSED	1 /home/logos/sandbox/hand-harvest-2026-09-14/25aa8421-fce1-4a11-8a89-5d2ba5981c88/land/fx/fail/bc_selfregion_anon_pick_refuse.logos:8: error [fn Foo__pick]: re	-	unattributed
7d89a5be0722f184	unattributed (mtime window: 2026-09-13b-selfregion-land)	bc_selfregion_ref_target_let_self_refuse	snapshot:25aa8421-fce1-4a11-8a89-5d2ba5981c88/land/fx/fail/bc_selfregion_ref_target_let_self_refuse.logos	-	no id of this program is cited by that round's record or its probe-dir files	-	-	REFUSED	1 /home/logos/sandbox/hand-harvest-2026-09-14/25aa8421-fce1-4a11-8a89-5d2ba5981c88/land/fx/fail/bc_selfregion_ref_target_let_self_refuse.logos:7: error [fn $ref	-	unattributed
cbb633937dd9e5b0	unattributed (mtime window: 2026-09-13b-selfregion-land)	bc_selfregion_generic_selflit_refuse	snapshot:25aa8421-fce1-4a11-8a89-5d2ba5981c88/land/fx/fail/bc_selfregion_generic_selflit_refuse.logos	-	no id of this program is cited by that round's record or its probe-dir files	-	-	REFUSED	2 /home/logos/sandbox/hand-harvest-2026-09-14/25aa8421-fce1-4a11-8a89-5d2ba5981c88/land/fx/fail/bc_selfregion_generic_selflit_refuse.logos:8: error [fn W__mk]: 	-	unattributed
1ebe515c750dffcc	unattributed (mtime window: 2026-09-13b-selfregion-land)	bc_selfregion_selflit_fn_binder_refuse	snapshot:25aa8421-fce1-4a11-8a89-5d2ba5981c88/land/fx/fail/bc_selfregion_selflit_fn_binder_refuse.logos	-	no id of this program is cited by that round's record or its probe-dir files	-	-	REFUSED	2 /home/logos/sandbox/hand-harvest-2026-09-14/25aa8421-fce1-4a11-8a89-5d2ba5981c88/land/fx/fail/bc_selfregion_selflit_fn_binder_refuse.logos:8: error [fn MyStru	-	unattributed
09d0fd1cf47e1050	unattributed (mtime window: 2026-09-13b-selfregion-land)	bc_selfregion_two_anon_refuse	snapshot:25aa8421-fce1-4a11-8a89-5d2ba5981c88/land/fx/fail/bc_selfregion_two_anon_refuse.logos	-	no id of this program is cited by that round's record or its probe-dir files	-	-	REFUSED	1 /home/logos/sandbox/hand-harvest-2026-09-14/25aa8421-fce1-4a11-8a89-5d2ba5981c88/land/fx/fail/bc_selfregion_two_anon_refuse.logos:8: error [fn P__same]: struc	-	unattributed
fb1cebb45eb13e76	unattributed (mtime window: 2026-09-13b-selfregion-land)	bc_selfregion_self_struct_variant_refuse	snapshot:25aa8421-fce1-4a11-8a89-5d2ba5981c88/land/fx/fail/bc_selfregion_self_struct_variant_refuse.logos	-	no id of this program is cited by that round's record or its probe-dir files	-	-	REFUSED	1 /home/logos/sandbox/hand-harvest-2026-09-14/25aa8421-fce1-4a11-8a89-5d2ba5981c88/land/fx/fail/bc_selfregion_self_struct_variant_refuse.logos:7: error [fn E__m	-	unattributed
d3efc7793df4d847	unattributed (mtime window: 2026-09-13b-selfregion-land)	bc_selfregion_self_unit_variant_refuse	snapshot:25aa8421-fce1-4a11-8a89-5d2ba5981c88/land/fx/fail/bc_selfregion_self_unit_variant_refuse.logos	-	no id of this program is cited by that round's record or its probe-dir files	-	-	REFUSED	1 /home/logos/sandbox/hand-harvest-2026-09-14/25aa8421-fce1-4a11-8a89-5d2ba5981c88/land/fx/fail/bc_selfregion_self_unit_variant_refuse.logos:8: error [fn E__b]:	-	unattributed
6ce0746f66df1c46	unattributed (mtime window: 2026-09-13b-selfregion-land)	bc_selfregion_typearg_anon_let_self_refuse	snapshot:25aa8421-fce1-4a11-8a89-5d2ba5981c88/land/fx/fail/bc_selfregion_typearg_anon_let_self_refuse.logos	-	no id of this program is cited by that round's record or its probe-dir files	-	-	REFUSED	1 /home/logos/sandbox/hand-harvest-2026-09-14/25aa8421-fce1-4a11-8a89-5d2ba5981c88/land/fx/fail/bc_selfregion_typearg_anon_let_self_refuse.logos:7: error [fn W$	-	unattributed
affd03ca8ddee5d7	unattributed (mtime window: 2026-09-13b-selfregion-land)	bc_selfregion_let_self_annot_admit	snapshot:25aa8421-fce1-4a11-8a89-5d2ba5981c88/land/fx/pass/bc_selfregion_let_self_annot_admit.logos	-	no id of this program is cited by that round's record or its probe-dir files	-	-	RUNS	46	-	unattributed
b792643e96ee0599	unattributed (mtime window: 2026-09-13b-selfregion-land)	bc_selfregion_ref_target_let_self_admit	snapshot:25aa8421-fce1-4a11-8a89-5d2ba5981c88/land/fx/pass/bc_selfregion_ref_target_let_self_admit.logos	-	no id of this program is cited by that round's record or its probe-dir files	-	-	RUNS	19	-	unattributed
5f985f737a296866	unattributed (mtime window: 2026-09-13b-selfregion-land)	bc_selfregion_selflit_fn_binder_admit	snapshot:25aa8421-fce1-4a11-8a89-5d2ba5981c88/land/fx/pass/bc_selfregion_selflit_fn_binder_admit.logos	-	no id of this program is cited by that round's record or its probe-dir files	-	-	RUNS	42	-	unattributed
05550debe17dacaf	unattributed (mtime window: 2026-09-13b-selfregion-land)	bc_selfregion_self_struct_variant_admit	snapshot:25aa8421-fce1-4a11-8a89-5d2ba5981c88/land/fx/pass/bc_selfregion_self_struct_variant_admit.logos	-	no id of this program is cited by that round's record or its probe-dir files	-	-	RUNS	45	-	unattributed
9926dc5b16bffb19	unattributed (mtime window: 2026-09-13b-selfregion-land)	bc_selfregion_typearg_anon_let_self_admit	snapshot:25aa8421-fce1-4a11-8a89-5d2ba5981c88/land/fx/pass/bc_selfregion_typearg_anon_let_self_admit.logos	-	no id of this program is cited by that round's record or its probe-dir files	-	-	RUNS	20	-	unattributed
43fb5aed1da23afa	unattributed (mtime window: 2026-09-13b-selfregion-land)	bc_selfregion_generic_selflit_admit	snapshot:25aa8421-fce1-4a11-8a89-5d2ba5981c88/land/fx/pass/bc_selfregion_generic_selflit_admit.logos	-	no id of this program is cited by that round's record or its probe-dir files	-	-	RUNS	47	-	unattributed
3a251b0f02eda30f	unattributed (mtime window: 2026-09-13b-selfregion-land)	bc_selfregion_self_unit_variant_admit	snapshot:25aa8421-fce1-4a11-8a89-5d2ba5981c88/land/fx/pass/bc_selfregion_self_unit_variant_admit.logos	-	no id of this program is cited by that round's record or its probe-dir files	-	-	RUNS	44	-	unattributed
71fe84214c98a472	unattributed (mtime window: 2026-09-13b-selfregion-land)	bc_selfregion_anon_trait_default_pick_admit	snapshot:25aa8421-fce1-4a11-8a89-5d2ba5981c88/land/fx/pass/bc_selfregion_anon_trait_default_pick_admit.logos	-	no id of this program is cited by that round's record or its probe-dir files	-	-	RUNS	75	-	unattributed
3843006d5291d9f2	unattributed (mtime window: 2026-09-13b-selfregion-land)	bc_selfregion_anon_header_ret_admit	snapshot:25aa8421-fce1-4a11-8a89-5d2ba5981c88/land/fx/pass/bc_selfregion_anon_header_ret_admit.logos	-	no id of this program is cited by that round's record or its probe-dir files	-	-	RUNS	41	-	unattributed
4f9e1e0e3f9c01ac	unattributed (mtime window: 2026-09-13b-selfregion-land)	bc_selfregion_two_anon_admit	snapshot:25aa8421-fce1-4a11-8a89-5d2ba5981c88/land/fx/pass/bc_selfregion_two_anon_admit.logos	-	no id of this program is cited by that round's record or its probe-dir files	-	-	RUNS	48	-	unattributed
170f3a8b8ddec867	unattributed (mtime window: 2026-09-13b-selfregion-land)	bc_selfregion_self_tuple_variant_admit	snapshot:25aa8421-fce1-4a11-8a89-5d2ba5981c88/land/fx/pass/bc_selfregion_self_tuple_variant_admit.logos	-	no id of this program is cited by that round's record or its probe-dir files	-	-	RUNS	43	-	unattributed
39d6ef628b6143ca	unattributed (mtime window: 2026-09-13b-selfregion-land)	bc_selfregion_anon_pick_admit	snapshot:25aa8421-fce1-4a11-8a89-5d2ba5981c88/land/fx/pass/bc_selfregion_anon_pick_admit.logos	-	no id of this program is cited by that round's record or its probe-dir files	-	-	RUNS	61	-	unattributed
b97efbb548a4c061	unattributed (mtime window: 2026-09-13c-staticdemand)	hand3_p6_promoted_static_param p6_promoted_static_param	snapshot:25aa8421-fce1-4a11-8a89-5d2ba5981c88/r0913c.6YX8/hand3/p6_promoted_static_param.logos	-	no id of this program is cited by that round's record or its probe-dir files	-	-	REFUSED	1 error [fn main]: temporary value dropped while borrowed: this reference borrows into a temporary that is dropped at the end of the statement; bind the owning 	-	unattributed
348e13dad9163d36	unattributed (mtime window: 2026-09-13c-staticdemand)	hand3_p5_local_through_call_used p5_local_through_call_used	snapshot:25aa8421-fce1-4a11-8a89-5d2ba5981c88/r0913c.6YX8/hand3/p5_local_through_call_used.logos	-	no id of this program is cited by that round's record or its probe-dir files	-	-	RUNS	5	-	unattributed
de69683561b29eb8	unattributed (mtime window: 2026-09-13c-staticdemand)	hand3_p4_static_through_call_used p4_static_through_call_used	snapshot:25aa8421-fce1-4a11-8a89-5d2ba5981c88/r0913c.6YX8/hand3/p4_static_through_call_used.logos	-	no id of this program is cited by that round's record or its probe-dir files	-	-	RUNS	5	-	unattributed
5f998a893170d2b6	unattributed (mtime window: 2026-09-13c-staticdemand)	hand3_p1_promoted_through_elided_call p1_promoted_through_elided_call	snapshot:25aa8421-fce1-4a11-8a89-5d2ba5981c88/r0913c.6YX8/hand3/p1_promoted_through_elided_call.logos	-	no id of this program is cited by that round's record or its probe-dir files	-	-	REFUSED	1 error [fn main]: temporary value dropped while borrowed: this reference borrows into a temporary that is dropped at the end of the statement; bind the owning 	-	unattributed
3a372ac29853e66b	unattributed (mtime window: 2026-09-13c-staticdemand)	hand3_p2_promoted_let_then_use p2_promoted_let_then_use	snapshot:25aa8421-fce1-4a11-8a89-5d2ba5981c88/r0913c.6YX8/hand3/p2_promoted_let_then_use.logos	-	no id of this program is cited by that round's record or its probe-dir files	-	-	RUNS	5	-	unattributed
3e55de0426ad7bee	unattributed (mtime window: 2026-09-13c-staticdemand)	hand3_p3_promoted_through_call_unused p3_promoted_through_call_unused	snapshot:25aa8421-fce1-4a11-8a89-5d2ba5981c88/r0913c.6YX8/hand3/p3_promoted_through_call_unused.logos	-	no id of this program is cited by that round's record or its probe-dir files	-	-	REFUSED	1 error [fn main]: temporary value dropped while borrowed: this reference borrows into a temporary that is dropped at the end of the statement; bind the owning 	-	unattributed
8b17669f486601ed	unattributed (mtime window: 2026-09-13c-staticdemand)	d18_field_assign_static	snapshot:25aa8421-fce1-4a11-8a89-5d2ba5981c88/r0913c.6YX8/ctl/d18_field_assign_static.logos	-	no id of this program is cited by that round's record or its probe-dir files	-	-	REFUSED	1 /home/logos/sandbox/hand-harvest-2026-09-14/25aa8421-fce1-4a11-8a89-5d2ba5981c88/r0913c.6YX8/ctl/d18_field_assign_static.logos:7: error [fn main]: assignment 	-	unattributed
a889986b9b3b9a29	unattributed (mtime window: 2026-09-13c-staticdemand)	d27_T_static_legal_generic_fwd	snapshot:25aa8421-fce1-4a11-8a89-5d2ba5981c88/r0913c.6YX8/ctl/d27_T_static_legal_generic_fwd.logos	-	no id of this program is cited by that round's record or its probe-dir files	-	-	RUNS	1	-	unattributed
7b17b7f60b639c87	unattributed (mtime window: 2026-09-13c-staticdemand)	t35_elided_call_ret	snapshot:25aa8421-fce1-4a11-8a89-5d2ba5981c88/r0913c.6YX8/ctl/t35_elided_call_ret.logos	-	no id of this program is cited by that round's record or its probe-dir files	-	-	RUNS	1	-	unattributed
17c5fef093facd2d	unattributed (mtime window: 2026-09-13c-staticdemand)	p_row_issue-69114-static-mut-ty row_issue-69114-static-mut-ty	snapshot:25aa8421-fce1-4a11-8a89-5d2ba5981c88/r0913c.6YX8/ctl/row_issue-69114-static-mut-ty.logos	-	no id of this program is cited by that round's record or its probe-dir files	-	-	REFUSED	2 /home/logos/sandbox/hand-harvest-2026-09-14/25aa8421-fce1-4a11-8a89-5d2ba5981c88/r0913c.6YX8/ctl/row_issue-69114-static-mut-ty.logos:16: error [fn set_bar]: a	-	unattributed
3d02f0a76e778fcb	unattributed (mtime window: 2026-09-13c-staticdemand)	d20_closure_static	snapshot:25aa8421-fce1-4a11-8a89-5d2ba5981c88/r0913c.6YX8/ctl/d20_closure_static.logos	-	no id of this program is cited by that round's record or its probe-dir files	-	-	RUNS	1	-	unattributed
ff39d497b9da03d3	unattributed (mtime window: 2026-09-13c-staticdemand)	c03_asst_arr	snapshot:25aa8421-fce1-4a11-8a89-5d2ba5981c88/r0913c.6YX8/ctl/c03_asst_arr.logos	-	no id of this program is cited by that round's record or its probe-dir files	-	-	RUNS	0	-	unattributed
969b5030b45bb86b	unattributed (mtime window: 2026-09-13c-staticdemand)	d25_generic_T_static_in_generic	snapshot:25aa8421-fce1-4a11-8a89-5d2ba5981c88/r0913c.6YX8/ctl/d25_generic_T_static_in_generic.logos	-	no id of this program is cited by that round's record or its probe-dir files	-	-	REFUSED	1 /home/logos/sandbox/hand-harvest-2026-09-14/25aa8421-fce1-4a11-8a89-5d2ba5981c88/r0913c.6YX8/ctl/d25_generic_T_static_in_generic.logos:3: error [fn fwd]: call	-	unattributed
0c83ed7596e5a2bb	unattributed (mtime window: 2026-09-13c-staticdemand)	d22_T_static_legal_owned	snapshot:25aa8421-fce1-4a11-8a89-5d2ba5981c88/r0913c.6YX8/ctl/d22_T_static_legal_owned.logos	-	no id of this program is cited by that round's record or its probe-dir files	-	-	RUNS	15	-	unattributed
5f624cebdeef0764	unattributed (mtime window: 2026-09-13c-staticdemand)	c16_smut_assign_param_elided	snapshot:25aa8421-fce1-4a11-8a89-5d2ba5981c88/r0913c.6YX8/ctl/c16_smut_assign_param_elided.logos	-	no id of this program is cited by that round's record or its probe-dir files	-	-	REFUSED	1 error []: const 'G': initializer must be a literal expression, simple arithmetic over literals, or an explicit `metacall <fn>(...)` (a bare fn call would othe	-	unattributed
c3914646df10c914	unattributed (mtime window: 2026-09-13c-staticdemand)	l08_deferred_init	snapshot:25aa8421-fce1-4a11-8a89-5d2ba5981c88/r0913c.6YX8/ctl/l08_deferred_init.logos	-	no id of this program is cited by that round's record or its probe-dir files	-	-	RUNS	5	-	unattributed
1861cae29be3b095	unattributed (mtime window: 2026-09-13c-staticdemand)	c15_whereab	snapshot:25aa8421-fce1-4a11-8a89-5d2ba5981c88/r0913c.6YX8/ctl/c15_whereab.logos	-	no id of this program is cited by that round's record or its probe-dir files	-	-	REFUSED	1 error [fn outer]: cannot return reference to local variable 'short': dangling reference	-	unattributed
865c5643edb7521e	unattributed (mtime window: 2026-09-13c-staticdemand)	s6_arr_index_infer	snapshot:25aa8421-fce1-4a11-8a89-5d2ba5981c88/r0913c.6YX8/ctl/s6_arr_index_infer.logos	-	no id of this program is cited by that round's record or its probe-dir files	-	-	RUNS	0	-	unattributed
4d87510197e2d830	unattributed (mtime window: 2026-09-13c-staticdemand)	l07_option_ref_reassign	snapshot:25aa8421-fce1-4a11-8a89-5d2ba5981c88/r0913c.6YX8/ctl/l07_option_ref_reassign.logos	-	no id of this program is cited by that round's record or its probe-dir files	-	-	RUNS	5	-	unattributed
7ddca70a693cd3e4	unattributed (mtime window: 2026-09-13c-staticdemand)	d19_deref_assign_static	snapshot:25aa8421-fce1-4a11-8a89-5d2ba5981c88/r0913c.6YX8/ctl/d19_deref_assign_static.logos	-	no id of this program is cited by that round's record or its probe-dir files	-	-	REFUSED	1 /home/logos/sandbox/hand-harvest-2026-09-14/25aa8421-fce1-4a11-8a89-5d2ba5981c88/r0913c.6YX8/ctl/d19_deref_assign_static.logos:4: error [fn put]: deref-write 	-	unattributed
1b55907f6c3fe2b0	unattributed (mtime window: 2026-09-13c-staticdemand)	l03_str_literal	snapshot:25aa8421-fce1-4a11-8a89-5d2ba5981c88/r0913c.6YX8/ctl/l03_str_literal.logos	-	no id of this program is cited by that round's record or its probe-dir files	-	-	RUNS	5	-	unattributed
1057d7db71db8ec3	unattributed (mtime window: 2026-09-13c-staticdemand)	t31_promoted_lit	snapshot:25aa8421-fce1-4a11-8a89-5d2ba5981c88/r0913c.6YX8/ctl/t31_promoted_lit.logos	-	no id of this program is cited by that round's record or its probe-dir files	-	-	RUNS	1	-	unattributed
cd2117b31ef877bd	unattributed (mtime window: 2026-09-13c-staticdemand)	t30_str_lit	snapshot:25aa8421-fce1-4a11-8a89-5d2ba5981c88/r0913c.6YX8/ctl/t30_str_lit.logos	-	no id of this program is cited by that round's record or its probe-dir files	-	-	RUNS	2	-	unattributed
274b98c46af8d215	unattributed (mtime window: 2026-09-13c-staticdemand)	s1_direct_addr	snapshot:25aa8421-fce1-4a11-8a89-5d2ba5981c88/r0913c.6YX8/ctl/s1_direct_addr.logos	-	no id of this program is cited by that round's record or its probe-dir files	-	-	RUNS	0	-	unattributed
e07aabdbcf4a2554	unattributed (mtime window: 2026-09-13c-staticdemand)	l06_static_param_assign	snapshot:25aa8421-fce1-4a11-8a89-5d2ba5981c88/r0913c.6YX8/ctl/l06_static_param_assign.logos	-	no id of this program is cited by that round's record or its probe-dir files	-	-	REFUSED	1 error [/home/logos/sandbox/hand-harvest-2026-09-14/25aa8421-fce1-4a11-8a89-5d2ba5981c88/r0913c.6YX8/ctl/l06_static_param_assign.logos]: syntax error near 'fn'	-	unattributed
4a300233381e2c4e	unattributed (mtime window: 2026-09-13c-staticdemand)	d28_where_ab_legal	snapshot:25aa8421-fce1-4a11-8a89-5d2ba5981c88/r0913c.6YX8/ctl/d28_where_ab_legal.logos	-	no id of this program is cited by that round's record or its probe-dir files	-	-	REFUSED	1 error [/home/logos/sandbox/hand-harvest-2026-09-14/25aa8421-fce1-4a11-8a89-5d2ba5981c88/r0913c.6YX8/ctl/d28_where_ab_legal.logos]: syntax error near 'r' at li	-	unattributed
c76a75deec023434	unattributed (mtime window: 2026-09-13c-staticdemand)	c14_wherestatic_legal p_c14_wherestatic_legal	snapshot:25aa8421-fce1-4a11-8a89-5d2ba5981c88/r0913c.6YX8/ctl/c14_wherestatic_legal.logos	-	no id of this program is cited by that round's record or its probe-dir files	-	-	RUNS	3	-	unattributed
6777a4aad6f67a10	unattributed (mtime window: 2026-09-13c-staticdemand)	t34_static_param_fwd	snapshot:25aa8421-fce1-4a11-8a89-5d2ba5981c88/r0913c.6YX8/ctl/t34_static_param_fwd.logos	-	no id of this program is cited by that round's record or its probe-dir files	-	-	RUNS	2	-	unattributed
4656ea669fce07b8	unattributed (mtime window: 2026-09-13c-staticdemand)	l10_named_lt_reassign	snapshot:25aa8421-fce1-4a11-8a89-5d2ba5981c88/r0913c.6YX8/ctl/l10_named_lt_reassign.logos	-	no id of this program is cited by that round's record or its probe-dir files	-	-	RUNS	2	-	unattributed
27ae655a07d58253	unattributed (mtime window: 2026-09-13c-staticdemand)	t38_vec_str	snapshot:25aa8421-fce1-4a11-8a89-5d2ba5981c88/r0913c.6YX8/ctl/t38_vec_str.logos	-	no id of this program is cited by that round's record or its probe-dir files	-	-	RUNS	1	-	unattributed
3b0108e1f3416c16	unattributed (mtime window: 2026-09-13c-staticdemand)	c08_sparam_param	snapshot:25aa8421-fce1-4a11-8a89-5d2ba5981c88/r0913c.6YX8/ctl/c08_sparam_param.logos	-	no id of this program is cited by that round's record or its probe-dir files	-	-	REFUSED	1 /home/logos/sandbox/hand-harvest-2026-09-14/25aa8421-fce1-4a11-8a89-5d2ba5981c88/r0913c.6YX8/ctl/c08_sparam_param.logos:4: error [fn error]: call to 'sid' arg	-	unattributed
a8e58d1af3601081	unattributed (mtime window: 2026-09-13c-staticdemand)	c02_asst_local	snapshot:25aa8421-fce1-4a11-8a89-5d2ba5981c88/r0913c.6YX8/ctl/c02_asst_local.logos	-	no id of this program is cited by that round's record or its probe-dir files	-	-	RUNS	0	-	unattributed
4e71ed357857704b	unattributed (mtime window: 2026-09-13c-staticdemand)	c12_smut_legal p_c12_smut_legal	snapshot:25aa8421-fce1-4a11-8a89-5d2ba5981c88/r0913c.6YX8/ctl/c12_smut_legal.logos	-	no id of this program is cited by that round's record or its probe-dir files	-	-	RUNS	7	-	unattributed
5befd145623a448d	unattributed (mtime window: 2026-09-13c-staticdemand)	c01_asst_direct	snapshot:25aa8421-fce1-4a11-8a89-5d2ba5981c88/r0913c.6YX8/ctl/c01_asst_direct.logos	-	no id of this program is cited by that round's record or its probe-dir files	-	-	RUNS	0	-	unattributed
12f7a8f7a95c9b1b	unattributed (mtime window: 2026-09-13c-staticdemand)	d21_where_T_static	snapshot:25aa8421-fce1-4a11-8a89-5d2ba5981c88/r0913c.6YX8/ctl/d21_where_T_static.logos	-	no id of this program is cited by that round's record or its probe-dir files	-	-	RUNS	0	-	unattributed
6c2f3d0c1ffebf62	unattributed (mtime window: 2026-09-13c-staticdemand)	t33_static_field_arr	snapshot:25aa8421-fce1-4a11-8a89-5d2ba5981c88/r0913c.6YX8/ctl/t33_static_field_arr.logos	-	no id of this program is cited by that round's record or its probe-dir files	-	-	RUNS	2	-	unattributed
9701f9afb1d881d6	unattributed (mtime window: 2026-09-13c-staticdemand)	t36_elided_call_ret_local	snapshot:25aa8421-fce1-4a11-8a89-5d2ba5981c88/r0913c.6YX8/ctl/t36_elided_call_ret_local.logos	-	no id of this program is cited by that round's record or its probe-dir files	-	-	RUNS	1	-	unattributed
a303c8e81e5f54f5	unattributed (mtime window: 2026-09-13c-staticdemand)	s3_let_infer_ref	snapshot:25aa8421-fce1-4a11-8a89-5d2ba5981c88/r0913c.6YX8/ctl/s3_let_infer_ref.logos	-	no id of this program is cited by that round's record or its probe-dir files	-	-	RUNS	0	-	unattributed
48ccc059d2afbe78	unattributed (mtime window: 2026-09-13c-staticdemand)	row_elided-self-lifetime-in-trait-fn	snapshot:25aa8421-fce1-4a11-8a89-5d2ba5981c88/r0913c.6YX8/ctl/row_elided-self-lifetime-in-trait-fn.logos	-	no id of this program is cited by that round's record or its probe-dir files	-	-	RUNS	0	-	unattributed
729752fbc745b1d3	unattributed (mtime window: 2026-09-13c-staticdemand)	c05_sparam_direct	snapshot:25aa8421-fce1-4a11-8a89-5d2ba5981c88/r0913c.6YX8/ctl/c05_sparam_direct.logos	-	no id of this program is cited by that round's record or its probe-dir files	-	-	REFUSED	1 /home/logos/sandbox/hand-harvest-2026-09-14/25aa8421-fce1-4a11-8a89-5d2ba5981c88/r0913c.6YX8/ctl/c05_sparam_direct.logos:5: error [fn main]: call to 'sid' arg	-	unattributed
dbd3ac5783e25c59	unattributed (mtime window: 2026-09-13c-staticdemand)	row_explicit-static-bound-on-trait	snapshot:25aa8421-fce1-4a11-8a89-5d2ba5981c88/r0913c.6YX8/ctl/row_explicit-static-bound-on-trait.logos	-	no id of this program is cited by that round's record or its probe-dir files	-	-	RUNS	0	-	unattributed
fb12d075e2e2fc61	unattributed (mtime window: 2026-09-13c-staticdemand)	c04_asst_legal	snapshot:25aa8421-fce1-4a11-8a89-5d2ba5981c88/r0913c.6YX8/ctl/c04_asst_legal.logos	-	no id of this program is cited by that round's record or its probe-dir files	-	-	RUNS	0	-	unattributed
28f407386795e17a	unattributed (mtime window: 2026-09-13c-staticdemand)	s7_option_direct	snapshot:25aa8421-fce1-4a11-8a89-5d2ba5981c88/r0913c.6YX8/ctl/s7_option_direct.logos	-	no id of this program is cited by that round's record or its probe-dir files	-	-	RUNS	0	-	unattributed
c43b71d140e18890	unattributed (mtime window: 2026-09-13c-staticdemand)	p_row_regions-static-bound row_regions-static-bound	snapshot:25aa8421-fce1-4a11-8a89-5d2ba5981c88/r0913c.6YX8/ctl/row_regions-static-bound.logos	-	no id of this program is cited by that round's record or its probe-dir files	-	-	REFUSED	1 /home/logos/sandbox/hand-harvest-2026-09-14/25aa8421-fce1-4a11-8a89-5d2ba5981c88/r0913c.6YX8/ctl/row_regions-static-bound.logos:32: error [fn error]: call to 	-	unattributed
b4cf8b55394cb273	unattributed (mtime window: 2026-09-13c-staticdemand)	t37_struct_lit_T_static	snapshot:25aa8421-fce1-4a11-8a89-5d2ba5981c88/r0913c.6YX8/ctl/t37_struct_lit_T_static.logos	-	no id of this program is cited by that round's record or its probe-dir files	-	-	RUNS	11	-	unattributed
7c54b59ee9234941	unattributed (mtime window: 2026-09-13c-staticdemand)	l11_static_str_reassign p_l11_static_str_reassign	snapshot:25aa8421-fce1-4a11-8a89-5d2ba5981c88/r0913c.6YX8/ctl/l11_static_str_reassign.logos	-	no id of this program is cited by that round's record or its probe-dir files	-	-	RUNS	5	-	unattributed
a43e17bd7229bcb4	unattributed (mtime window: 2026-09-13c-staticdemand)	d23_struct_T_static	snapshot:25aa8421-fce1-4a11-8a89-5d2ba5981c88/r0913c.6YX8/ctl/d23_struct_T_static.logos	-	no id of this program is cited by that round's record or its probe-dir files	-	-	RUNS	0	-	unattributed
b2059c9a70acf0bc	unattributed (mtime window: 2026-09-13c-staticdemand)	row_regions-pattern-typing-issue-19552	snapshot:25aa8421-fce1-4a11-8a89-5d2ba5981c88/r0913c.6YX8/ctl/row_regions-pattern-typing-issue-19552.logos	-	no id of this program is cited by that round's record or its probe-dir files	-	-	RUNS	0	-	unattributed
dbea00332fffda7e	unattributed (mtime window: 2026-09-13c-staticdemand)	t32_elided_annot_from_static	snapshot:25aa8421-fce1-4a11-8a89-5d2ba5981c88/r0913c.6YX8/ctl/t32_elided_annot_from_static.logos	-	no id of this program is cited by that round's record or its probe-dir files	-	-	RUNS	2	-	unattributed
c43bb2949b21f31a	unattributed (mtime window: 2026-09-13c-staticdemand)	l05_static_to_local_read p_l05_static_to_local_read	snapshot:25aa8421-fce1-4a11-8a89-5d2ba5981c88/r0913c.6YX8/ctl/l05_static_to_local_read.logos	-	no id of this program is cited by that round's record or its probe-dir files	-	-	RUNS	1	-	unattributed
55a8a9cd7dc2808f	unattributed (mtime window: 2026-09-13c-staticdemand)	t39_closure_noncapture	snapshot:25aa8421-fce1-4a11-8a89-5d2ba5981c88/r0913c.6YX8/ctl/t39_closure_noncapture.logos	-	no id of this program is cited by that round's record or its probe-dir files	-	-	RUNS	4	-	unattributed
a9bc589e8fcff20a	unattributed (mtime window: 2026-09-13c-staticdemand)	c11_let_static	snapshot:25aa8421-fce1-4a11-8a89-5d2ba5981c88/r0913c.6YX8/ctl/c11_let_static.logos	-	no id of this program is cited by that round's record or its probe-dir files	-	-	REFUSED	1 /home/logos/sandbox/hand-harvest-2026-09-14/25aa8421-fce1-4a11-8a89-5d2ba5981c88/r0913c.6YX8/ctl/c11_let_static.logos:4: error [fn main]: let 'r': variance mi	-	unattributed
765be6e01569a2ac	unattributed (mtime window: 2026-09-13c-staticdemand)	l04_param_reassign	snapshot:25aa8421-fce1-4a11-8a89-5d2ba5981c88/r0913c.6YX8/ctl/l04_param_reassign.logos	-	no id of this program is cited by that round's record or its probe-dir files	-	-	REFUSED	1 /home/logos/sandbox/hand-harvest-2026-09-14/25aa8421-fce1-4a11-8a89-5d2ba5981c88/r0913c.6YX8/ctl/l04_param_reassign.logos:5: error [fn longest]: operator '<':	-	unattributed
5ed625c3d7be0225	unattributed (mtime window: 2026-09-13c-staticdemand)	hand2_split_static_struct_field_addr split_static_struct_field_addr	snapshot:25aa8421-fce1-4a11-8a89-5d2ba5981c88/r0913c.6YX8/hand2/split_static_struct_field_addr.logos	-	no id of this program is cited by that round's record or its probe-dir files	-	-	RUNS	4	-	unattributed
958fa1560b0922ce	unattributed (mtime window: 2026-09-13c-staticdemand)	hand2_m2l_method_param_named_ok m2l_method_param_named_ok	snapshot:25aa8421-fce1-4a11-8a89-5d2ba5981c88/r0913c.6YX8/hand2/m2l_method_param_named_ok.logos	-	no id of this program is cited by that round's record or its probe-dir files	-	-	RUNS	5	-	unattributed
076cd126e8c822e0	unattributed (mtime window: 2026-09-13c-staticdemand)	hand2_split_static_arr_addr split_static_arr_addr	snapshot:25aa8421-fce1-4a11-8a89-5d2ba5981c88/r0913c.6YX8/hand2/split_static_arr_addr.logos	-	no id of this program is cited by that round's record or its probe-dir files	-	-	RUNS	2	-	unattributed
3cb4c5d14861b9f4	unattributed (mtime window: 2026-09-13c-staticdemand)	hand2_split_opt_static_init split_opt_static_init	snapshot:25aa8421-fce1-4a11-8a89-5d2ba5981c88/r0913c.6YX8/hand2/split_opt_static_init.logos	-	no id of this program is cited by that round's record or its probe-dir files	-	-	REFUSED	1 error []: const 'OP': initializer must be a literal expression, simple arithmetic over literals, or an explicit `metacall <fn>(...)` (a bare fn call would oth	-	unattributed
9ea7d39fdf4bf169	unattributed (mtime window: 2026-09-13c-staticdemand)	hand2_m2l_method_caller_bound_ok m2l_method_caller_bound_ok	snapshot:25aa8421-fce1-4a11-8a89-5d2ba5981c88/r0913c.6YX8/hand2/m2l_method_caller_bound_ok.logos	-	no id of this program is cited by that round's record or its probe-dir files	-	-	RUNS	5	-	unattributed
6e4f8fbf28eef6e3	unattributed (mtime window: 2026-09-13c-staticdemand)	hand2_split_promoted split_promoted	snapshot:25aa8421-fce1-4a11-8a89-5d2ba5981c88/r0913c.6YX8/hand2/split_promoted.logos	-	no id of this program is cited by that round's record or its probe-dir files	-	-	REFUSED	1 error [fn main]: temporary value dropped while borrowed: this reference borrows into a temporary that is dropped at the end of the statement; bind the owning 	-	unattributed
12fd7b24fe88a5e3	unattributed (mtime window: 2026-09-13c-staticdemand)	hand2_m2l_method_param_static m2l_method_param_static	snapshot:25aa8421-fce1-4a11-8a89-5d2ba5981c88/r0913c.6YX8/hand2/m2l_method_param_static.logos	-	no id of this program is cited by that round's record or its probe-dir files	-	-	RUNS	6	-	unattributed
b6d99e1068ed49a8	unattributed (mtime window: 2026-09-13c-staticdemand)	hand2_m2l_method_recv_bound m2l_method_recv_bound	snapshot:25aa8421-fce1-4a11-8a89-5d2ba5981c88/r0913c.6YX8/hand2/m2l_method_recv_bound.logos	-	no id of this program is cited by that round's record or its probe-dir files	-	-	RUNS	4	-	unattributed
a058c98f66a49495	unattributed (mtime window: 2026-09-13c-staticdemand)	m1l_promoted_literal p_m1l_promoted_literal	snapshot:25aa8421-fce1-4a11-8a89-5d2ba5981c88/r0913c.6YX8/hand/m1l_promoted_literal.logos	-	no id of this program is cited by that round's record or its probe-dir files	-	-	RUNS	5	-	unattributed
70a1791dffd4a168	unattributed (mtime window: 2026-09-13c-staticdemand)	m2l_method_static_ok p_m2l_method_static_ok	snapshot:25aa8421-fce1-4a11-8a89-5d2ba5981c88/r0913c.6YX8/hand/m2l_method_static_ok.logos	-	no id of this program is cited by that round's record or its probe-dir files	-	-	RUNS	5	-	unattributed
c40b5d264748252a	unattributed (mtime window: 2026-09-13c-staticdemand)	m1l_static_fn_ret p_m1l_static_fn_ret	snapshot:25aa8421-fce1-4a11-8a89-5d2ba5981c88/r0913c.6YX8/hand/m1l_static_fn_ret.logos	-	no id of this program is cited by that round's record or its probe-dir files	-	-	RUNS	8	-	unattributed
eda59e60d76dc1bb	unattributed (mtime window: 2026-09-13c-staticdemand)	m2l_promoted_and_field p_m2l_promoted_and_field	snapshot:25aa8421-fce1-4a11-8a89-5d2ba5981c88/r0913c.6YX8/hand/m2l_promoted_and_field.logos	-	no id of this program is cited by that round's record or its probe-dir files	-	-	REFUSED	1 error [fn main]: temporary value dropped while borrowed: this reference borrows into a temporary that is dropped at the end of the statement; bind the owning 	-	unattributed
2f4a9a6a5d09a20d	unattributed (mtime window: 2026-09-13c-staticdemand)	m2l_elided_let_static p_m2l_elided_let_static	snapshot:25aa8421-fce1-4a11-8a89-5d2ba5981c88/r0913c.6YX8/hand/m2l_elided_let_static.logos	-	no id of this program is cited by that round's record or its probe-dir files	-	-	RUNS	5	-	unattributed
81922c89c0aa66bf	unattributed (mtime window: 2026-09-13c-staticdemand)	m2l_static_param_chain p_m2l_static_param_chain	snapshot:25aa8421-fce1-4a11-8a89-5d2ba5981c88/r0913c.6YX8/hand/m2l_static_param_chain.logos	-	no id of this program is cited by that round's record or its probe-dir files	-	-	RUNS	7	-	unattributed
7bbeea323830f171	unattributed (mtime window: 2026-09-13c-staticdemand)	m2l_caller_declares p_m2l_caller_declares	snapshot:25aa8421-fce1-4a11-8a89-5d2ba5981c88/r0913c.6YX8/hand/m2l_caller_declares.logos	-	no id of this program is cited by that round's record or its probe-dir files	-	-	RUNS	7	-	unattributed
327f9c43b71aece6	unattributed (mtime window: 2026-09-13c-staticdemand)	m2l_alpha_rename p_m2l_alpha_rename	snapshot:25aa8421-fce1-4a11-8a89-5d2ba5981c88/r0913c.6YX8/hand/m2l_alpha_rename.logos	-	no id of this program is cited by that round's record or its probe-dir files	-	-	RUNS	14	-	unattributed
8f0acf020c02395c	unattributed (mtime window: 2026-09-13c-staticdemand)	m1l_array_static p_m1l_array_static	snapshot:25aa8421-fce1-4a11-8a89-5d2ba5981c88/r0913c.6YX8/hand/m1l_array_static.logos	-	no id of this program is cited by that round's record or its probe-dir files	-	-	RUNS	3	-	unattributed
b4c02f82adec24a5	unattributed (mtime window: 2026-09-13c-staticdemand)	p_regions-static-bound-ok regions-static-bound-ok	snapshot:25aa8421-fce1-4a11-8a89-5d2ba5981c88/r0913c.6YX8/hand/regions-static-bound-ok.logos	-	no id of this program is cited by that round's record or its probe-dir files	-	-	RUNS	0	-	unattributed
bf4a593d3db18c4d	unattributed (mtime window: 2026-09-13c-staticdemand)	m1l_static_param p_m1l_static_param	snapshot:25aa8421-fce1-4a11-8a89-5d2ba5981c88/r0913c.6YX8/hand/m1l_static_param.logos	-	no id of this program is cited by that round's record or its probe-dir files	-	-	RUNS	9	-	unattributed
ba9be1c98fdde300	unattributed (mtime window: 2026-09-13c-staticdemand)	m1i_tuple_elided p_m1i_tuple_elided	snapshot:25aa8421-fce1-4a11-8a89-5d2ba5981c88/r0913c.6YX8/hand/m1i_tuple_elided.logos	-	no id of this program is cited by that round's record or its probe-dir files	-	-	REFUSED	1 /home/logos/sandbox/hand-harvest-2026-09-14/25aa8421-fce1-4a11-8a89-5d2ba5981c88/r0913c.6YX8/hand/m1i_tuple_elided.logos:6: error [fn set]: assignment to 'TP'	-	unattributed
0744d2b65daccf20	unattributed (mtime window: 2026-09-13c-staticdemand)	m1l_shadow_local p_m1l_shadow_local	snapshot:25aa8421-fce1-4a11-8a89-5d2ba5981c88/r0913c.6YX8/hand/m1l_shadow_local.logos	-	no id of this program is cited by that round's record or its probe-dir files	-	-	RUNS	6	-	unattributed
daa9bd2dfc187eae	unattributed (mtime window: 2026-09-13c-staticdemand)	p_region-where-outlives-static-id-rg region-where-outlives-static-id-rg	snapshot:25aa8421-fce1-4a11-8a89-5d2ba5981c88/r0913c.6YX8/hand/region-where-outlives-static-id-rg.logos	-	no id of this program is cited by that round's record or its probe-dir files	-	-	RUNS	0	-	unattributed
e9fd0257f9b19dde	unattributed (mtime window: 2026-09-13c-staticdemand)	m1i_field_of_static_mut p_m1i_field_of_static_mut	snapshot:25aa8421-fce1-4a11-8a89-5d2ba5981c88/r0913c.6YX8/hand/m1i_field_of_static_mut.logos	-	no id of this program is cited by that round's record or its probe-dir files	-	-	REFUSED	1 /home/logos/sandbox/hand-harvest-2026-09-14/25aa8421-fce1-4a11-8a89-5d2ba5981c88/r0913c.6YX8/hand/m1i_field_of_static_mut.logos:7: error [fn set]: assignment 	-	unattributed
28c3fde0c0f0d1ca	unattributed (mtime window: 2026-09-13c-staticdemand)	p_regions-static-bound-rpass regions-static-bound-rpass	snapshot:25aa8421-fce1-4a11-8a89-5d2ba5981c88/r0913c.6YX8/hand/regions-static-bound-rpass.logos	-	no id of this program is cited by that round's record or its probe-dir files	-	-	RUNS	0	-	unattributed
518b64eaf07f0a00	unattributed (mtime window: 2026-09-13c-staticdemand)	m1i_option_elided p_m1i_option_elided	snapshot:25aa8421-fce1-4a11-8a89-5d2ba5981c88/r0913c.6YX8/hand/m1i_option_elided.logos	-	no id of this program is cited by that round's record or its probe-dir files	-	-	REFUSED	1 error []: const 'OP': initializer must be a literal expression, simple arithmetic over literals, or an explicit `metacall <fn>(...)` (a bare fn call would oth	-	unattributed
94df947a57d48272	unattributed (mtime window: 2026-09-13c-staticdemand)	m2l_string_lit_static p_m2l_string_lit_static	snapshot:25aa8421-fce1-4a11-8a89-5d2ba5981c88/r0913c.6YX8/hand/m2l_string_lit_static.logos	-	no id of this program is cited by that round's record or its probe-dir files	-	-	RUNS	5	-	unattributed
9020bd8922e2ef0e	unattributed (mtime window: 2026-09-13c-staticdemand)	m2l_method_nonstatic_bound p_m2l_method_nonstatic_bound	snapshot:25aa8421-fce1-4a11-8a89-5d2ba5981c88/r0913c.6YX8/hand/m2l_method_nonstatic_bound.logos	-	no id of this program is cited by that round's record or its probe-dir files	-	-	RUNS	3	-	unattributed
53046593b0312bb0	unattributed (mtime window: 2026-09-13c-staticdemand)	m1l_option_static p_m1l_option_static	snapshot:25aa8421-fce1-4a11-8a89-5d2ba5981c88/r0913c.6YX8/hand/m1l_option_static.logos	-	no id of this program is cited by that round's record or its probe-dir files	-	-	REFUSED	1 error []: const 'OP': initializer must be a literal expression, simple arithmetic over literals, or an explicit `metacall <fn>(...)` (a bare fn call would oth	-	unattributed
6b0f27a84ec5b7ed	unattributed (mtime window: 2026-09-13c-staticdemand)	m2l_transitive_ok p_m2l_transitive_ok	snapshot:25aa8421-fce1-4a11-8a89-5d2ba5981c88/r0913c.6YX8/hand/m2l_transitive_ok.logos	-	no id of this program is cited by that round's record or its probe-dir files	-	-	RUNS	5	-	unattributed
f413194be4a5bfa6	unattributed (mtime window: 2026-09-13c-staticdemand)	m2l_implied_bound_method p_m2l_implied_bound_method	snapshot:25aa8421-fce1-4a11-8a89-5d2ba5981c88/r0913c.6YX8/hand/m2l_implied_bound_method.logos	-	no id of this program is cited by that round's record or its probe-dir files	-	-	RUNS	2	-	unattributed
f0eb15eed1ad40b4	unattributed (mtime window: 2026-09-13c-staticdemand)	m2l_nonstatic_bound p_m2l_nonstatic_bound	snapshot:25aa8421-fce1-4a11-8a89-5d2ba5981c88/r0913c.6YX8/hand/m2l_nonstatic_bound.logos	-	no id of this program is cited by that round's record or its probe-dir files	-	-	RUNS	7	-	unattributed
8f85b2b4a463ed2d	unattributed (mtime window: 2026-09-13c-staticdemand)	m1i_array_elided p_m1i_array_elided	snapshot:25aa8421-fce1-4a11-8a89-5d2ba5981c88/r0913c.6YX8/hand/m1i_array_elided.logos	-	no id of this program is cited by that round's record or its probe-dir files	-	-	REFUSED	1 /home/logos/sandbox/hand-harvest-2026-09-14/25aa8421-fce1-4a11-8a89-5d2ba5981c88/r0913c.6YX8/hand/m1i_array_elided.logos:6: error [fn set]: assignment to 'ARR	-	unattributed
c161314a64fdbc7e	unattributed (mtime window: 2026-09-13c-staticdemand)	m1l_str_literal p_m1l_str_literal	snapshot:25aa8421-fce1-4a11-8a89-5d2ba5981c88/r0913c.6YX8/hand/m1l_str_literal.logos	-	no id of this program is cited by that round's record or its probe-dir files	-	-	RUNS	5	-	unattributed
6b23385a649df8d0	unattributed (mtime window: 2026-09-13c-staticdemand)	m1l_read_into_local p_m1l_read_into_local	snapshot:25aa8421-fce1-4a11-8a89-5d2ba5981c88/r0913c.6YX8/hand/m1l_read_into_local.logos	-	no id of this program is cited by that round's record or its probe-dir files	-	-	RUNS	5	-	unattributed
26925443ac494f3e	unattributed (mtime window: 2026-09-13c-staticdemand)	m1l_static_to_static p_m1l_static_to_static	snapshot:25aa8421-fce1-4a11-8a89-5d2ba5981c88/r0913c.6YX8/hand/m1l_static_to_static.logos	-	no id of this program is cited by that round's record or its probe-dir files	-	-	RUNS	7	-	unattributed
212bb7f908d71dea	unattributed (mtime window: 2026-09-13c-staticdemand)	m1l_static_mut_int p_m1l_static_mut_int	snapshot:25aa8421-fce1-4a11-8a89-5d2ba5981c88/r0913c.6YX8/hand/m1l_static_mut_int.logos	-	no id of this program is cited by that round's record or its probe-dir files	-	-	RUNS	5	-	unattributed
894cbde6f8cef7b6	unattributed (mtime window: 2026-09-13d-staticdemand)	bc_staticdemand_static_mut_tuple_refuse	snapshot:25aa8421-fce1-4a11-8a89-5d2ba5981c88/fix0913d.asxv/fail/bc_staticdemand_static_mut_tuple_refuse.logos	-	no id of this program is cited by that round's record or its probe-dir files	-	-	REFUSED	1 /home/logos/sandbox/hand-harvest-2026-09-14/25aa8421-fce1-4a11-8a89-5d2ba5981c88/fix0913d.asxv/fail/bc_staticdemand_static_mut_tuple_refuse.logos:7: error [fn	-	unattributed
a1a3ea3902e9e7f4	unattributed (mtime window: 2026-09-13d-staticdemand)	bc_staticdemand_static_mut_place_refuse	snapshot:25aa8421-fce1-4a11-8a89-5d2ba5981c88/fix0913d.asxv/fail/bc_staticdemand_static_mut_place_refuse.logos	-	no id of this program is cited by that round's record or its probe-dir files	-	-	REFUSED	1 /home/logos/sandbox/hand-harvest-2026-09-14/25aa8421-fce1-4a11-8a89-5d2ba5981c88/fix0913d.asxv/fail/bc_staticdemand_static_mut_place_refuse.logos:7: error [fn	-	unattributed
01aab6ec087b058b	unattributed (mtime window: 2026-09-13d-staticdemand)	bc_staticdemand_where_static_param_refuse	snapshot:25aa8421-fce1-4a11-8a89-5d2ba5981c88/fix0913d.asxv/fail/bc_staticdemand_where_static_param_refuse.logos	-	no id of this program is cited by that round's record or its probe-dir files	-	-	REFUSED	1 /home/logos/sandbox/hand-harvest-2026-09-14/25aa8421-fce1-4a11-8a89-5d2ba5981c88/fix0913d.asxv/fail/bc_staticdemand_where_static_param_refuse.logos:6: error [	-	unattributed
e410a2d81c91f9b2	unattributed (mtime window: 2026-09-13d-staticdemand)	bc_staticdemand_path_call_refuse	snapshot:25aa8421-fce1-4a11-8a89-5d2ba5981c88/fix0913d.asxv/fail/bc_staticdemand_path_call_refuse.logos	-	no id of this program is cited by that round's record or its probe-dir files	-	-	REFUSED	1 /home/logos/sandbox/hand-harvest-2026-09-14/25aa8421-fce1-4a11-8a89-5d2ba5981c88/fix0913d.asxv/fail/bc_staticdemand_path_call_refuse.logos:9: error [fn g]: ca	-	unattributed
c963f9aee854e14b	unattributed (mtime window: 2026-09-13d-staticdemand)	bc_staticdemand_static_mut_elided_refuse	snapshot:25aa8421-fce1-4a11-8a89-5d2ba5981c88/fix0913d.asxv/fail/bc_staticdemand_static_mut_elided_refuse.logos	-	no id of this program is cited by that round's record or its probe-dir files	-	-	REFUSED	1 /home/logos/sandbox/hand-harvest-2026-09-14/25aa8421-fce1-4a11-8a89-5d2ba5981c88/fix0913d.asxv/fail/bc_staticdemand_static_mut_elided_refuse.logos:7: error [f	-	unattributed
04064a4d3d4a1d3d	unattributed (mtime window: 2026-09-13d-staticdemand)	bc_staticdemand_dyn_method_refuse	snapshot:25aa8421-fce1-4a11-8a89-5d2ba5981c88/fix0913d.asxv/fail/bc_staticdemand_dyn_method_refuse.logos	-	no id of this program is cited by that round's record or its probe-dir files	-	-	REFUSED	1 /home/logos/sandbox/hand-harvest-2026-09-14/25aa8421-fce1-4a11-8a89-5d2ba5981c88/fix0913d.asxv/fail/bc_staticdemand_dyn_method_refuse.logos:10: error [fn g]: 	-	unattributed
29e59fc10395cfa3	unattributed (mtime window: 2026-09-13d-staticdemand)	bc_staticdemand_static_mut_param_refuse	snapshot:25aa8421-fce1-4a11-8a89-5d2ba5981c88/fix0913d.asxv/fail/bc_staticdemand_static_mut_param_refuse.logos	-	no id of this program is cited by that round's record or its probe-dir files	-	-	REFUSED	1 /home/logos/sandbox/hand-harvest-2026-09-14/25aa8421-fce1-4a11-8a89-5d2ba5981c88/fix0913d.asxv/fail/bc_staticdemand_static_mut_param_refuse.logos:7: error [fn	-	unattributed
da21844c0fdb1a46	unattributed (mtime window: 2026-09-13d-staticdemand)	bc_staticdemand_deferred_generic_refuse	snapshot:25aa8421-fce1-4a11-8a89-5d2ba5981c88/fix0913d.asxv/fail/bc_staticdemand_deferred_generic_refuse.logos	-	no id of this program is cited by that round's record or its probe-dir files	-	-	REFUSED	1 /home/logos/sandbox/hand-harvest-2026-09-14/25aa8421-fce1-4a11-8a89-5d2ba5981c88/fix0913d.asxv/fail/bc_staticdemand_deferred_generic_refuse.logos:6: error [fn	-	unattributed
418241ad8aa53699	unattributed (mtime window: 2026-09-13d-staticdemand)	bc_staticdemand_generic_fn_refuse	snapshot:25aa8421-fce1-4a11-8a89-5d2ba5981c88/fix0913d.asxv/fail/bc_staticdemand_generic_fn_refuse.logos	-	no id of this program is cited by that round's record or its probe-dir files	-	-	REFUSED	1 /home/logos/sandbox/hand-harvest-2026-09-14/25aa8421-fce1-4a11-8a89-5d2ba5981c88/fix0913d.asxv/fail/bc_staticdemand_generic_fn_refuse.logos:6: error [fn g]: c	-	unattributed
0ed67ac6e29bea08	unattributed (mtime window: 2026-09-13d-staticdemand)	bc_staticdemand_second_arg_refuse	snapshot:25aa8421-fce1-4a11-8a89-5d2ba5981c88/fix0913d.asxv/fail/bc_staticdemand_second_arg_refuse.logos	-	no id of this program is cited by that round's record or its probe-dir files	-	-	REFUSED	1 /home/logos/sandbox/hand-harvest-2026-09-14/25aa8421-fce1-4a11-8a89-5d2ba5981c88/fix0913d.asxv/fail/bc_staticdemand_second_arg_refuse.logos:7: error [fn g]: c	-	unattributed
bb49f0fdbbffc38e	unattributed (mtime window: 2026-09-13d-staticdemand)	bc_staticdemand_bound_tparam_method_refuse	snapshot:25aa8421-fce1-4a11-8a89-5d2ba5981c88/fix0913d.asxv/fail/bc_staticdemand_bound_tparam_method_refuse.logos	-	no id of this program is cited by that round's record or its probe-dir files	-	-	REFUSED	1 /home/logos/sandbox/hand-harvest-2026-09-14/25aa8421-fce1-4a11-8a89-5d2ba5981c88/fix0913d.asxv/fail/bc_staticdemand_bound_tparam_method_refuse.logos:10: error	-	unattributed
b67205f7e83d12a4	unattributed (mtime window: 2026-09-13d-staticdemand)	bc_staticdemand_method_nonstatic_bound_refuse	snapshot:25aa8421-fce1-4a11-8a89-5d2ba5981c88/fix0913d.asxv/fail/bc_staticdemand_method_nonstatic_bound_refuse.logos	-	no id of this program is cited by that round's record or its probe-dir files	-	-	REFUSED	1 /home/logos/sandbox/hand-harvest-2026-09-14/25aa8421-fce1-4a11-8a89-5d2ba5981c88/fix0913d.asxv/fail/bc_staticdemand_method_nonstatic_bound_refuse.logos:9: err	-	unattributed
c3260954b64c2a0f	unattributed (mtime window: 2026-09-13d-staticdemand)	bc_staticdemand_transitive_bound_refuse	snapshot:25aa8421-fce1-4a11-8a89-5d2ba5981c88/fix0913d.asxv/fail/bc_staticdemand_transitive_bound_refuse.logos	-	no id of this program is cited by that round's record or its probe-dir files	-	-	REFUSED	1 /home/logos/sandbox/hand-harvest-2026-09-14/25aa8421-fce1-4a11-8a89-5d2ba5981c88/fix0913d.asxv/fail/bc_staticdemand_transitive_bound_refuse.logos:6: error [fn	-	unattributed
e4843eeb2c74db57	unattributed (mtime window: 2026-09-13d-staticdemand)	bc_staticdemand_method_bound_refuse	snapshot:25aa8421-fce1-4a11-8a89-5d2ba5981c88/fix0913d.asxv/fail/bc_staticdemand_method_bound_refuse.logos	-	no id of this program is cited by that round's record or its probe-dir files	-	-	REFUSED	1 /home/logos/sandbox/hand-harvest-2026-09-14/25aa8421-fce1-4a11-8a89-5d2ba5981c88/fix0913d.asxv/fail/bc_staticdemand_method_bound_refuse.logos:9: error [fn g]:	-	unattributed
f3039230600a3d39	unattributed (mtime window: 2026-09-13d-staticdemand)	bc_staticdemand_static_mut_place_admit	snapshot:25aa8421-fce1-4a11-8a89-5d2ba5981c88/fix0913d.asxv/pass/bc_staticdemand_static_mut_place_admit.logos	-	no id of this program is cited by that round's record or its probe-dir files	-	-	RUNS	8	-	unattributed
b4bebd8ce7762d2a	unattributed (mtime window: 2026-09-13d-staticdemand)	bc_staticdemand_path_call_admit	snapshot:25aa8421-fce1-4a11-8a89-5d2ba5981c88/fix0913d.asxv/pass/bc_staticdemand_path_call_admit.logos	-	no id of this program is cited by that round's record or its probe-dir files	-	-	RUNS	5	-	unattributed
4bff6511e2dc209a	unattributed (mtime window: 2026-09-13d-staticdemand)	bc_staticdemand_static_mut_param_admit	snapshot:25aa8421-fce1-4a11-8a89-5d2ba5981c88/fix0913d.asxv/pass/bc_staticdemand_static_mut_param_admit.logos	-	no id of this program is cited by that round's record or its probe-dir files	-	-	RUNS	4	-	unattributed
09f517a3f5652710	unattributed (mtime window: 2026-09-13d-staticdemand)	bc_staticdemand_static_mut_elided_admit	snapshot:25aa8421-fce1-4a11-8a89-5d2ba5981c88/fix0913d.asxv/pass/bc_staticdemand_static_mut_elided_admit.logos	-	no id of this program is cited by that round's record or its probe-dir files	-	-	RUNS	3	-	unattributed
2bd7178ff94eddf4	unattributed (mtime window: 2026-09-13d-staticdemand)	bc_staticdemand_second_arg_admit	snapshot:25aa8421-fce1-4a11-8a89-5d2ba5981c88/fix0913d.asxv/pass/bc_staticdemand_second_arg_admit.logos	-	no id of this program is cited by that round's record or its probe-dir files	-	-	RUNS	5	-	unattributed
f4fd06a0bbf4f933	unattributed (mtime window: 2026-09-13d-staticdemand)	bc_staticdemand_method_nonstatic_bound_admit	snapshot:25aa8421-fce1-4a11-8a89-5d2ba5981c88/fix0913d.asxv/pass/bc_staticdemand_method_nonstatic_bound_admit.logos	-	no id of this program is cited by that round's record or its probe-dir files	-	-	RUNS	3	-	unattributed
d53217f48ea63ee3	unattributed (mtime window: 2026-09-13d-staticdemand)	bc_staticdemand_where_static_param_admit	snapshot:25aa8421-fce1-4a11-8a89-5d2ba5981c88/fix0913d.asxv/pass/bc_staticdemand_where_static_param_admit.logos	-	no id of this program is cited by that round's record or its probe-dir files	-	-	RUNS	7	-	unattributed
4f72faaff8a6de39	unattributed (mtime window: 2026-09-13d-staticdemand)	bc_staticdemand_dyn_method_admit	snapshot:25aa8421-fce1-4a11-8a89-5d2ba5981c88/fix0913d.asxv/pass/bc_staticdemand_dyn_method_admit.logos	-	no id of this program is cited by that round's record or its probe-dir files	-	-	RUNS	10	-	unattributed
96e79850cad9c7b0	unattributed (mtime window: 2026-09-13d-staticdemand)	bc_staticdemand_static_mut_tuple_admit	snapshot:25aa8421-fce1-4a11-8a89-5d2ba5981c88/fix0913d.asxv/pass/bc_staticdemand_static_mut_tuple_admit.logos	-	no id of this program is cited by that round's record or its probe-dir files	-	-	RUNS	4	-	unattributed
9f61c5757a5c4bc4	unattributed (mtime window: 2026-09-13d-staticdemand)	bc_staticdemand_transitive_bound_admit	snapshot:25aa8421-fce1-4a11-8a89-5d2ba5981c88/fix0913d.asxv/pass/bc_staticdemand_transitive_bound_admit.logos	-	no id of this program is cited by that round's record or its probe-dir files	-	-	RUNS	8	-	unattributed
9382da54bc7901f0	unattributed (mtime window: 2026-09-13d-staticdemand)	bc_staticdemand_bound_tparam_method_admit	snapshot:25aa8421-fce1-4a11-8a89-5d2ba5981c88/fix0913d.asxv/pass/bc_staticdemand_bound_tparam_method_admit.logos	-	no id of this program is cited by that round's record or its probe-dir files	-	-	RUNS	11	-	unattributed
d573780664063974	unattributed (mtime window: 2026-09-13d-staticdemand)	bc_staticdemand_deferred_generic_admit	snapshot:25aa8421-fce1-4a11-8a89-5d2ba5981c88/fix0913d.asxv/pass/bc_staticdemand_deferred_generic_admit.logos	-	no id of this program is cited by that round's record or its probe-dir files	-	-	RUNS	11	-	unattributed
522e7f7fdb9b8e1a	unattributed (mtime window: 2026-09-13d-staticdemand)	bc_staticdemand_generic_fn_admit	snapshot:25aa8421-fce1-4a11-8a89-5d2ba5981c88/fix0913d.asxv/pass/bc_staticdemand_generic_fn_admit.logos	-	no id of this program is cited by that round's record or its probe-dir files	-	-	RUNS	6	-	unattributed
e11290a54813ae9d	unattributed (mtime window: 2026-09-13d-staticdemand)	bc_staticdemand_method_bound_admit	snapshot:25aa8421-fce1-4a11-8a89-5d2ba5981c88/fix0913d.asxv/pass/bc_staticdemand_method_bound_admit.logos	-	no id of this program is cited by that round's record or its probe-dir files	-	-	RUNS	5	-	unattributed
44b86fa0e1bc0a91	unattributed (mtime window: 2026-09-13d-staticdemand)	y01l_struct_static_legal	snapshot:25aa8421-fce1-4a11-8a89-5d2ba5981c88/land0913d.kjFy/extra2/y01l_struct_static_legal.logos	-	no id of this program is cited by that round's record or its probe-dir files	-	-	RUNS	5	-	unattributed
d99963d716fcf84a	unattributed (mtime window: 2026-09-13d-staticdemand)	z02l_dyn_method_bound_static	snapshot:25aa8421-fce1-4a11-8a89-5d2ba5981c88/land0913d.kjFy/extra2/z02l_dyn_method_bound_static.logos	-	no id of this program is cited by that round's record or its probe-dir files	-	-	RUNS	5	-	unattributed
a694f2d4ca9fc79a	unattributed (mtime window: 2026-09-13d-staticdemand)	r10_option_reassign	snapshot:25aa8421-fce1-4a11-8a89-5d2ba5981c88/land0913d.kjFy/hand1/r10_option_reassign.logos	-	no id of this program is cited by that round's record or its probe-dir files	-	-	RUNS	8	-	unattributed
a69ea8892301ba3e	unattributed (mtime window: 2026-09-13d-staticdemand)	r01_vec_push_mixed	snapshot:25aa8421-fce1-4a11-8a89-5d2ba5981c88/land0913d.kjFy/hand1/r01_vec_push_mixed.logos	-	no id of this program is cited by that round's record or its probe-dir files	-	-	CCFAIL	1 logosc: MLIR generation failed	-	unattributed
e1fb23f9cd6802dd	unattributed (mtime window: 2026-09-13d-staticdemand)	y07_compound_static_ref_vec	snapshot:25aa8421-fce1-4a11-8a89-5d2ba5981c88/land0913d.kjFy/hand1/y07_compound_static_ref_vec.logos	-	no id of this program is cited by that round's record or its probe-dir files	-	-	REFUSED	1 /home/logos/sandbox/hand-harvest-2026-09-14/25aa8421-fce1-4a11-8a89-5d2ba5981c88/land0913d.kjFy/hand1/y07_compound_static_ref_vec.logos:5: error [fn set]: ass	-	unattributed
c32234ac1bddc789	unattributed (mtime window: 2026-09-13d-staticdemand)	r07_array_static_read	snapshot:25aa8421-fce1-4a11-8a89-5d2ba5981c88/land0913d.kjFy/hand1/r07_array_static_read.logos	-	no id of this program is cited by that round's record or its probe-dir files	-	-	RUNS	8	-	unattributed
e5b52eee99bec4a2	unattributed (mtime window: 2026-09-13d-staticdemand)	r11_str_static_mixed	snapshot:25aa8421-fce1-4a11-8a89-5d2ba5981c88/land0913d.kjFy/hand1/r11_str_static_mixed.logos	-	no id of this program is cited by that round's record or its probe-dir files	-	-	RUNS	8	-	unattributed
955ac0178069bac6	unattributed (mtime window: 2026-09-13d-staticdemand)	r15_static_mut_arr_elem_write_static	snapshot:25aa8421-fce1-4a11-8a89-5d2ba5981c88/land0913d.kjFy/hand1/r15_static_mut_arr_elem_write_static.logos	-	no id of this program is cited by that round's record or its probe-dir files	-	-	RUNS	13	-	unattributed
83d65f408fcfc648	unattributed (mtime window: 2026-09-13d-staticdemand)	r02_array_lit_mixed	snapshot:25aa8421-fce1-4a11-8a89-5d2ba5981c88/land0913d.kjFy/hand1/r02_array_lit_mixed.logos	-	no id of this program is cited by that round's record or its probe-dir files	-	-	RUNS	6	-	unattributed
ff1a6e6cf4ff87ce	unattributed (mtime window: 2026-09-13d-staticdemand)	r01c_vec_push_mixed_ctl	snapshot:25aa8421-fce1-4a11-8a89-5d2ba5981c88/land0913d.kjFy/hand1/r01c_vec_push_mixed_ctl.logos	-	no id of this program is cited by that round's record or its probe-dir files	-	-	CCFAIL	1 logosc: MLIR generation failed	-	unattributed
8d81dd3fba7f6409	unattributed (mtime window: 2026-09-13d-staticdemand)	r09_match_mixed	snapshot:25aa8421-fce1-4a11-8a89-5d2ba5981c88/land0913d.kjFy/hand1/r09_match_mixed.logos	-	no id of this program is cited by that round's record or its probe-dir files	-	-	RUNS	3	-	unattributed
8d27dad1190aecbe	unattributed (mtime window: 2026-09-13d-staticdemand)	r14_static_mut_write_unwrap	snapshot:25aa8421-fce1-4a11-8a89-5d2ba5981c88/land0913d.kjFy/hand1/r14_static_mut_write_unwrap.logos	-	no id of this program is cited by that round's record or its probe-dir files	-	-	RUNS	9	-	unattributed
c16b6c5c8ed82c6e	unattributed (mtime window: 2026-09-13d-staticdemand)	r08c_struct_set_method_ctl	snapshot:25aa8421-fce1-4a11-8a89-5d2ba5981c88/land0913d.kjFy/hand1/r08c_struct_set_method_ctl.logos	-	no id of this program is cited by that round's record or its probe-dir files	-	-	REFUSED	1 /home/logos/sandbox/hand-harvest-2026-09-14/25aa8421-fce1-4a11-8a89-5d2ba5981c88/land0913d.kjFy/hand1/r08c_struct_set_method_ctl.logos:10: error [fn main]: me	-	unattributed
91fc1a563cc9c773	unattributed (mtime window: 2026-09-13d-staticdemand)	r03_if_mixed	snapshot:25aa8421-fce1-4a11-8a89-5d2ba5981c88/land0913d.kjFy/hand1/r03_if_mixed.logos	-	no id of this program is cited by that round's record or its probe-dir files	-	-	RUNS	4	-	unattributed
460d71cc26b49134	unattributed (mtime window: 2026-09-13d-staticdemand)	r06_tuple_static_read	snapshot:25aa8421-fce1-4a11-8a89-5d2ba5981c88/land0913d.kjFy/hand1/r06_tuple_static_read.logos	-	no id of this program is cited by that round's record or its probe-dir files	-	-	RUNS	8	-	unattributed
4189752f77d81e2d	unattributed (mtime window: 2026-09-13d-staticdemand)	r12_static_mut_write_ifexpr	snapshot:25aa8421-fce1-4a11-8a89-5d2ba5981c88/land0913d.kjFy/hand1/r12_static_mut_write_ifexpr.logos	-	no id of this program is cited by that round's record or its probe-dir files	-	-	RUNS	6	-	unattributed
0a622a56d21d5bf6	unattributed (mtime window: 2026-09-13d-staticdemand)	r13_static_mut_write_pick	snapshot:25aa8421-fce1-4a11-8a89-5d2ba5981c88/land0913d.kjFy/hand1/r13_static_mut_write_pick.logos	-	no id of this program is cited by that round's record or its probe-dir files	-	-	RUNS	6	-	unattributed
cb3a586248f010e2	unattributed (mtime window: 2026-09-13d-staticdemand)	r05_mut_ref_slot	snapshot:25aa8421-fce1-4a11-8a89-5d2ba5981c88/land0913d.kjFy/hand1/r05_mut_ref_slot.logos	-	no id of this program is cited by that round's record or its probe-dir files	-	-	RUNS	6	-	unattributed
101744d8b51f06b0	unattributed (mtime window: 2026-09-13d-staticdemand)	b8_struct_static_param	snapshot:25aa8421-fce1-4a11-8a89-5d2ba5981c88/land0913d.kjFy/min/b8_struct_static_param.logos	-	no id of this program is cited by that round's record or its probe-dir files	-	-	RUNS	9	-	unattributed
ceee96269c3444d4	unattributed (mtime window: 2026-09-13d-staticdemand)	b7_tuple_static_param	snapshot:25aa8421-fce1-4a11-8a89-5d2ba5981c88/land0913d.kjFy/min/b7_tuple_static_param.logos	-	no id of this program is cited by that round's record or its probe-dir files	-	-	RUNS	9	-	unattributed
6cb721c158877558	unattributed (mtime window: 2026-09-13d-staticdemand)	b1_value_static_param	snapshot:25aa8421-fce1-4a11-8a89-5d2ba5981c88/land0913d.kjFy/min/b1_value_static_param.logos	-	no id of this program is cited by that round's record or its probe-dir files	-	-	RUNS	160	-	unattributed
8ce43eb8d21ba4c0	unattributed (mtime window: 2026-09-13d-staticdemand)	c3_vec_local_only	snapshot:25aa8421-fce1-4a11-8a89-5d2ba5981c88/land0913d.kjFy/min/c3_vec_local_only.logos	-	no id of this program is cited by that round's record or its probe-dir files	-	-	CCFAIL	1 logosc: MLIR generation failed	-	unattributed
db37513dd1be818c	unattributed (mtime window: 2026-09-13d-staticdemand)	b10_let_noannot	snapshot:25aa8421-fce1-4a11-8a89-5d2ba5981c88/land0913d.kjFy/min/b10_let_noannot.logos	-	no id of this program is cited by that round's record or its probe-dir files	-	-	RUNS	96	-	unattributed
852d1fa9ed45ce44	unattributed (mtime window: 2026-09-13d-staticdemand)	b3_named_param_nonstatic	snapshot:25aa8421-fce1-4a11-8a89-5d2ba5981c88/land0913d.kjFy/min/b3_named_param_nonstatic.logos	-	no id of this program is cited by that round's record or its probe-dir files	-	-	RUNS	7	-	unattributed
15ca616415284c0b	unattributed (mtime window: 2026-09-13d-staticdemand)	b9_index0	snapshot:25aa8421-fce1-4a11-8a89-5d2ba5981c88/land0913d.kjFy/min/b9_index0.logos	-	no id of this program is cited by that round's record or its probe-dir files	-	-	RUNS	248	-	unattributed
72b634d8b4f02dd0	unattributed (mtime window: 2026-09-13d-staticdemand)	b13_static_direct_index	snapshot:25aa8421-fce1-4a11-8a89-5d2ba5981c88/land0913d.kjFy/min/b13_static_direct_index.logos	-	no id of this program is cited by that round's record or its probe-dir files	-	-	RUNS	7	-	unattributed
3d5809adeb5d3f41	unattributed (mtime window: 2026-09-13d-staticdemand)	c1_vec_annot	snapshot:25aa8421-fce1-4a11-8a89-5d2ba5981c88/land0913d.kjFy/min/c1_vec_annot.logos	-	no id of this program is cited by that round's record or its probe-dir files	-	-	RUNS	5	-	unattributed
5e353cc584391fde	unattributed (mtime window: 2026-09-13d-staticdemand)	b4_static_param_from_static_nonstatic_type	snapshot:25aa8421-fce1-4a11-8a89-5d2ba5981c88/land0913d.kjFy/min/b4_static_param_from_static_nonstatic_type.logos	-	no id of this program is cited by that round's record or its probe-dir files	-	-	RUNS	144	-	unattributed
5862ffec7df1b798	unattributed (mtime window: 2026-09-13d-staticdemand)	b6_static_ref_static	snapshot:25aa8421-fce1-4a11-8a89-5d2ba5981c88/land0913d.kjFy/min/b6_static_ref_static.logos	-	no id of this program is cited by that round's record or its probe-dir files	-	-	RUNS	2	-	unattributed
e8cfa01a69945686	unattributed (mtime window: 2026-09-13d-staticdemand)	b5_local_static_typed	snapshot:25aa8421-fce1-4a11-8a89-5d2ba5981c88/land0913d.kjFy/min/b5_local_static_typed.logos	-	no id of this program is cited by that round's record or its probe-dir files	-	-	RUNS	202	-	unattributed
c9dd7570e27a55d6	unattributed (mtime window: 2026-09-13d-staticdemand)	c5_vec_int_infer	snapshot:25aa8421-fce1-4a11-8a89-5d2ba5981c88/land0913d.kjFy/min/c5_vec_int_infer.logos	-	no id of this program is cited by that round's record or its probe-dir files	-	-	CCFAIL	1 logosc: MLIR generation failed	-	unattributed
3bbd007229184031	unattributed (mtime window: 2026-09-13d-staticdemand)	b12_local_array_ref	snapshot:25aa8421-fce1-4a11-8a89-5d2ba5981c88/land0913d.kjFy/min/b12_local_array_ref.logos	-	no id of this program is cited by that round's record or its probe-dir files	-	-	RUNS	7	-	unattributed
2e91d426db500978	unattributed (mtime window: 2026-09-13d-staticdemand)	c2_vec_noindex	snapshot:25aa8421-fce1-4a11-8a89-5d2ba5981c88/land0913d.kjFy/min/c2_vec_noindex.logos	-	no id of this program is cited by that round's record or its probe-dir files	-	-	CCFAIL	1 logosc: MLIR generation failed	-	unattributed
2b74a904b1241d22	unattributed (mtime window: 2026-09-13d-staticdemand)	b11_deref_copy	snapshot:25aa8421-fce1-4a11-8a89-5d2ba5981c88/land0913d.kjFy/min/b11_deref_copy.logos	-	no id of this program is cited by that round's record or its probe-dir files	-	-	RUNS	224	-	unattributed
e01ad94578bb2755	unattributed (mtime window: 2026-09-13d-staticdemand)	b2_where_static_param	snapshot:25aa8421-fce1-4a11-8a89-5d2ba5981c88/land0913d.kjFy/min/b2_where_static_param.logos	-	no id of this program is cited by that round's record or its probe-dir files	-	-	RUNS	128	-	unattributed
ce19469d426eb146	unattributed (mtime window: 2026-09-13d-staticdemand)	b14_static_mut_ref	snapshot:25aa8421-fce1-4a11-8a89-5d2ba5981c88/land0913d.kjFy/min/b14_static_mut_ref.logos	-	no id of this program is cited by that round's record or its probe-dir files	-	-	RUNS	208	-	unattributed
68a3d9d9132f57fe	unattributed (mtime window: 2026-09-13d-staticdemand)	c4_vec_static_only	snapshot:25aa8421-fce1-4a11-8a89-5d2ba5981c88/land0913d.kjFy/min/c4_vec_static_only.logos	-	no id of this program is cited by that round's record or its probe-dir files	-	-	CCFAIL	1 logosc: MLIR generation failed	-	unattributed
602db8ef67e1e97f	unattributed (mtime window: 2026-09-13d-staticdemand)	a6_id_static_ret	snapshot:25aa8421-fce1-4a11-8a89-5d2ba5981c88/land0913d.kjFy/rt04/a6_id_static_ret.logos	-	no id of this program is cited by that round's record or its probe-dir files	-	-	RUNS	202	-	unattributed
47cc88a6c0a4080f	unattributed (mtime window: 2026-09-13d-staticdemand)	a1_plain	snapshot:25aa8421-fce1-4a11-8a89-5d2ba5981c88/land0913d.kjFy/rt04/a1_plain.logos	-	no id of this program is cited by that round's record or its probe-dir files	-	-	RUNS	32	-	unattributed
f993177020d085fc	unattributed (mtime window: 2026-09-13d-staticdemand)	a2_nonstatic	snapshot:25aa8421-fce1-4a11-8a89-5d2ba5981c88/land0913d.kjFy/rt04/a2_nonstatic.logos	-	no id of this program is cited by that round's record or its probe-dir files	-	-	RUNS	7	-	unattributed
54cd593c04aa093c	unattributed (mtime window: 2026-09-13d-staticdemand)	a5_direct_value	snapshot:25aa8421-fce1-4a11-8a89-5d2ba5981c88/land0913d.kjFy/rt04/a5_direct_value.logos	-	no id of this program is cited by that round's record or its probe-dir files	-	-	RUNS	7	-	unattributed
1a8387a9cd438160	unattributed (mtime window: 2026-09-13d-staticdemand)	a4_static_id_local	snapshot:25aa8421-fce1-4a11-8a89-5d2ba5981c88/land0913d.kjFy/rt04/a4_static_id_local.logos	-	no id of this program is cited by that round's record or its probe-dir files	-	-	RUNS	7	-	unattributed
be890a447482bb48	unattributed (mtime window: 2026-09-13d-staticdemand)	a3_id	snapshot:25aa8421-fce1-4a11-8a89-5d2ba5981c88/land0913d.kjFy/rt04/a3_id.logos	-	no id of this program is cited by that round's record or its probe-dir files	-	-	RUNS	7	-	unattributed
7d032cfaaf4c037b	unattributed (mtime window: 2026-09-13d-staticdemand)	z05l_generic_context_deferred_legal	snapshot:25aa8421-fce1-4a11-8a89-5d2ba5981c88/land0913d.kjFy/extra3/z05l_generic_context_deferred_legal.logos	-	no id of this program is cited by that round's record or its probe-dir files	-	-	RUNS	4	-	unattributed
875344fd53f03f61	unattributed (mtime window: 2026-09-13d-staticdemand)	z04l_overload_where_static_legal	snapshot:25aa8421-fce1-4a11-8a89-5d2ba5981c88/land0913d.kjFy/extra3/z04l_overload_where_static_legal.logos	-	no id of this program is cited by that round's record or its probe-dir files	-	-	RUNS	5	-	unattributed
fff37b904db5c8be	unattributed (mtime window: 2026-09-13d-staticdemand)	e16_generic_ref_static	snapshot:25aa8421-fce1-4a11-8a89-5d2ba5981c88/land0913d.kjFy/hand/e16_generic_ref_static.logos	-	no id of this program is cited by that round's record or its probe-dir files	-	-	RUNS	19	-	unattributed
8815e46f0f337b24	unattributed (mtime window: 2026-09-13d-staticdemand)	e10_struct_lit_static	snapshot:25aa8421-fce1-4a11-8a89-5d2ba5981c88/land0913d.kjFy/hand/e10_struct_lit_static.logos	-	no id of this program is cited by that round's record or its probe-dir files	-	-	RUNS	12	-	unattributed
244c0048678a33ec	unattributed (mtime window: 2026-09-13d-staticdemand)	e07_impl_region_method_bound	snapshot:25aa8421-fce1-4a11-8a89-5d2ba5981c88/land0913d.kjFy/hand/e07_impl_region_method_bound.logos	-	no id of this program is cited by that round's record or its probe-dir files	-	-	REFUSED	1 error [fn W__keep]: lifetime mismatch: return type has lifetime 'static but 'self' has lifetime (elided)	-	unattributed
3ad236fd6778c1e7	unattributed (mtime window: 2026-09-13d-staticdemand)	e15_unwrap_static	snapshot:25aa8421-fce1-4a11-8a89-5d2ba5981c88/land0913d.kjFy/hand/e15_unwrap_static.logos	-	no id of this program is cited by that round's record or its probe-dir files	-	-	RUNS	18	-	unattributed
c7442276e1209be5	unattributed (mtime window: 2026-09-13d-staticdemand)	e11_if_expr_arg	snapshot:25aa8421-fce1-4a11-8a89-5d2ba5981c88/land0913d.kjFy/hand/e11_if_expr_arg.logos	-	no id of this program is cited by that round's record or its probe-dir files	-	-	RUNS	13	-	unattributed
300595b7663e9a44	unattributed (mtime window: 2026-09-13d-staticdemand)	e13_trait_method_bound	snapshot:25aa8421-fce1-4a11-8a89-5d2ba5981c88/land0913d.kjFy/hand/e13_trait_method_bound.logos	-	no id of this program is cited by that round's record or its probe-dir files	-	-	RUNS	18	-	unattributed
31e5d7f32f97caee	unattributed (mtime window: 2026-09-13d-staticdemand)	e12_pick_ret_arg	snapshot:25aa8421-fce1-4a11-8a89-5d2ba5981c88/land0913d.kjFy/hand/e12_pick_ret_arg.logos	-	no id of this program is cited by that round's record or its probe-dir files	-	-	RUNS	16	-	unattributed
62a0f0ef1489a49e	unattributed (mtime window: 2026-09-13d-staticdemand)	e06_match_binding_static	snapshot:25aa8421-fce1-4a11-8a89-5d2ba5981c88/land0913d.kjFy/hand/e06_match_binding_static.logos	-	no id of this program is cited by that round's record or its probe-dir files	-	-	RUNS	8	-	unattributed
ebbe41f1332cc1a2	unattributed (mtime window: 2026-09-13d-staticdemand)	e03_reborrow_static_param	snapshot:25aa8421-fce1-4a11-8a89-5d2ba5981c88/land0913d.kjFy/hand/e03_reborrow_static_param.logos	-	no id of this program is cited by that round's record or its probe-dir files	-	-	RUNS	6	-	unattributed
e3cbbc9daaa6e5cb	unattributed (mtime window: 2026-09-13d-staticdemand)	e09_tuple_field_static	snapshot:25aa8421-fce1-4a11-8a89-5d2ba5981c88/land0913d.kjFy/hand/e09_tuple_field_static.logos	-	no id of this program is cited by that round's record or its probe-dir files	-	-	RUNS	12	-	unattributed
470a110464bb73dd	unattributed (mtime window: 2026-09-13d-staticdemand)	e14_two_args_one_region	snapshot:25aa8421-fce1-4a11-8a89-5d2ba5981c88/land0913d.kjFy/hand/e14_two_args_one_region.logos	-	no id of this program is cited by that round's record or its probe-dir files	-	-	RUNS	4	-	unattributed
e96465db83f4de4e	unattributed (mtime window: 2026-09-13d-staticdemand)	k04_pick_static_borrow_local	snapshot:25aa8421-fce1-4a11-8a89-5d2ba5981c88/land0913d.kjFy/ctlk/k04_pick_static_borrow_local.logos	-	no id of this program is cited by that round's record or its probe-dir files	-	-	REFUSED	1 /home/logos/sandbox/hand-harvest-2026-09-14/25aa8421-fce1-4a11-8a89-5d2ba5981c88/land0913d.kjFy/ctlk/k04_pick_static_borrow_local.logos:6: error [fn main]: ca	-	unattributed
930a4c660b6df134	unattributed (mtime window: 2026-09-13d-staticdemand)	k17b_cmp_static_borrow_local	snapshot:25aa8421-fce1-4a11-8a89-5d2ba5981c88/land0913d.kjFy/ctlk/k17b_cmp_static_borrow_local.logos	-	no id of this program is cited by that round's record or its probe-dir files	-	-	RUNS	1	-	unattributed
d0e07ea75203bedc	unattributed (mtime window: 2026-09-13d-staticdemand)	k17c_param_static_cmp	snapshot:25aa8421-fce1-4a11-8a89-5d2ba5981c88/land0913d.kjFy/ctlk/k17c_param_static_cmp.logos	-	no id of this program is cited by that round's record or its probe-dir files	-	-	REFUSED	1 /home/logos/sandbox/hand-harvest-2026-09-14/25aa8421-fce1-4a11-8a89-5d2ba5981c88/land0913d.kjFy/ctlk/k17c_param_static_cmp.logos:6: error [fn g]: call to 'eqr	-	unattributed
c0b2fa6f61d8856e	unattributed (mtime window: 2026-09-13d-staticdemand)	k17_eqr_static_borrow_local	snapshot:25aa8421-fce1-4a11-8a89-5d2ba5981c88/land0913d.kjFy/ctlk/k17_eqr_static_borrow_local.logos	-	no id of this program is cited by that round's record or its probe-dir files	-	-	REFUSED	1 /home/logos/sandbox/hand-harvest-2026-09-14/25aa8421-fce1-4a11-8a89-5d2ba5981c88/land0913d.kjFy/ctlk/k17_eqr_static_borrow_local.logos:7: error [fn main]: cal	-	unattributed
5e1efe7f16c82d24	unattributed (mtime window: 2026-09-13e-declarrival)	L_m11_trait_impl_generic_method_where_impl_param	snapshot:25aa8421-fce1-4a11-8a89-5d2ba5981c88/round0913e.QpSY/base6.OqVR/L_m11_trait_impl_generic_method_where_impl_param.logos	-	no id of this program is cited by that round's record or its probe-dir files	-	-	RUNS	7	-	unattributed
8706a215fb1638f3	unattributed (mtime window: 2026-09-13e-declarrival)	L_m10_inherent_method_where_self_sized	snapshot:25aa8421-fce1-4a11-8a89-5d2ba5981c88/round0913e.QpSY/base6.OqVR/L_m10_inherent_method_where_self_sized.logos	-	no id of this program is cited by that round's record or its probe-dir files	-	-	RUNS	10	-	unattributed
f717d84b7e090dbf	unattributed (mtime window: 2026-09-13e-declarrival)	L_m12_method_where_alias_declared_later	snapshot:25aa8421-fce1-4a11-8a89-5d2ba5981c88/round0913e.QpSY/base6.OqVR/L_m12_method_where_alias_declared_later.logos	-	no id of this program is cited by that round's record or its probe-dir files	-	-	RUNS	6	-	unattributed
efc51fe5872f759d	unattributed (mtime window: 2026-09-13e-declarrival)	L_m08_method_where_type_declared_later	snapshot:25aa8421-fce1-4a11-8a89-5d2ba5981c88/round0913e.QpSY/base6.OqVR/L_m08_method_where_type_declared_later.logos	-	no id of this program is cited by that round's record or its probe-dir files	-	-	RUNS	4	-	unattributed
deac5376b9dd1e86	unattributed (mtime window: 2026-09-13e-declarrival)	L_m07_method_where_stdlib_type_name	snapshot:25aa8421-fce1-4a11-8a89-5d2ba5981c88/round0913e.QpSY/base6.OqVR/L_m07_method_where_stdlib_type_name.logos	-	no id of this program is cited by that round's record or its probe-dir files	-	-	RUNS	3	-	unattributed
4989b61e785d2a2a	unattributed (mtime window: 2026-09-13e-declarrival)	L_m09_trait_method_where_enum_declared_later	snapshot:25aa8421-fce1-4a11-8a89-5d2ba5981c88/round0913e.QpSY/base6.OqVR/L_m09_trait_method_where_enum_declared_later.logos	-	no id of this program is cited by that round's record or its probe-dir files	-	-	RUNS	2	-	unattributed
faf4a51f4e4413e3	unattributed (mtime window: 2026-09-13e-declarrival)	L_c05_enum_named_lt_in_generic_fn	snapshot:25aa8421-fce1-4a11-8a89-5d2ba5981c88/round0913e.QpSY/arm_whundecl.QfCj/L_c05_enum_named_lt_in_generic_fn.logos	-	no id of this program is cited by that round's record or its probe-dir files	-	-	RUNS	9	-	unattributed
d004a5aaf16bb8e2	unattributed (mtime window: 2026-09-13e-declarrival)	L_k04_const_tuple_static	snapshot:25aa8421-fce1-4a11-8a89-5d2ba5981c88/round0913e.QpSY/arm_whundecl.QfCj/L_k04_const_tuple_static.logos	-	no id of this program is cited by that round's record or its probe-dir files	-	-	RUNS	0	-	unattributed
4afd71754cd1228c	unattributed (mtime window: 2026-09-13e-declarrival)	proj_b_struct_bound_projection	snapshot:25aa8421-fce1-4a11-8a89-5d2ba5981c88/round0913e.QpSY/arm_whundecl.QfCj/proj_b_struct_bound_projection.logos	-	no id of this program is cited by that round's record or its probe-dir files	-	-	RUNS	0	-	unattributed
9ce24b641ed0cee8	unattributed (mtime window: 2026-09-13e-declarrival)	r18_c_method_ret_region	snapshot:25aa8421-fce1-4a11-8a89-5d2ba5981c88/round0913e.QpSY/arm_whundecl.QfCj/r18_c_method_ret_region.logos	-	no id of this program is cited by that round's record or its probe-dir files	-	-	REFUSED	1 error [fn S__ac]: impl Anything for S: method 'ac' does not match the trait declaration: the return type is declared 'Option<&'b [u8]>' and the impl declares 	-	unattributed
b6d371fac9e96330	unattributed (mtime window: 2026-09-13e-declarrival)	L_w03_where_alias_subject	snapshot:25aa8421-fce1-4a11-8a89-5d2ba5981c88/round0913e.QpSY/arm_whundecl.QfCj/L_w03_where_alias_subject.logos	-	no id of this program is cited by that round's record or its probe-dir files	-	-	RUNS	2	-	unattributed
0642b4310ccb4d71	unattributed (mtime window: 2026-09-13e-declarrival)	ct6_legal_struct_lit_turbofish	snapshot:25aa8421-fce1-4a11-8a89-5d2ba5981c88/round0913e.QpSY/arm_whundecl.QfCj/ct6_legal_struct_lit_turbofish.logos	-	no id of this program is cited by that round's record or its probe-dir files	-	-	RUNS	7	-	unattributed
29febfabdc81361e	unattributed (mtime window: 2026-09-13e-declarrival)	n2_b_impl_where_projection	snapshot:25aa8421-fce1-4a11-8a89-5d2ba5981c88/round0913e.QpSY/arm_whundecl.QfCj/n2_b_impl_where_projection.logos	-	no id of this program is cited by that round's record or its probe-dir files	-	-	RUNS	0	-	unattributed
36e985cb649e2df9	unattributed (mtime window: 2026-09-13e-declarrival)	r17_d_bound_undeclared_type_inline	snapshot:25aa8421-fce1-4a11-8a89-5d2ba5981c88/round0913e.QpSY/arm_whundecl.QfCj/r17_d_bound_undeclared_type_inline.logos	-	no id of this program is cited by that round's record or its probe-dir files	-	-	REFUSED	1 error [fn f]: unknown type 'T'	-	unattributed
2249a951cee0c68b	unattributed (mtime window: 2026-09-13e-declarrival)	I_k15_const_tuple_region	snapshot:25aa8421-fce1-4a11-8a89-5d2ba5981c88/round0913e.QpSY/arm_whundecl.QfCj/I_k15_const_tuple_region.logos	-	no id of this program is cited by that round's record or its probe-dir files	-	-	REFUSED	1 error [impl Pairy for S]: impl Pairy for S: associated constant 'P' has type '(&'c [u8], i64)', which is not compatible with the trait's '(&'a [u8], i64)' (li	-	unattributed
10112003d6acaa4f	unattributed (mtime window: 2026-09-13e-declarrival)	cn5_const_generic_trait_type_arg	snapshot:25aa8421-fce1-4a11-8a89-5d2ba5981c88/round0913e.QpSY/arm_whundecl.QfCj/cn5_const_generic_trait_type_arg.logos	-	no id of this program is cited by that round's record or its probe-dir files	-	-	REFUSED	1 error [impl Anything for S]: impl Anything for S: associated constant 'AC' declared as 'Option' but trait requires 'Option'	-	unattributed
1cb80c5386ffb7fe	unattributed (mtime window: 2026-09-13e-declarrival)	r17_a_where_undeclared_free_fn	snapshot:25aa8421-fce1-4a11-8a89-5d2ba5981c88/round0913e.QpSY/arm_whundecl.QfCj/r17_a_where_undeclared_free_fn.logos	-	no id of this program is cited by that round's record or its probe-dir files	-	-	REFUSED	1 error [fn f]: unknown type 'T'	-	unattributed
01f83c66bc1a27c8	unattributed (mtime window: 2026-09-13e-declarrival)	I_w13_generic_impl_trait_where_undecl	snapshot:25aa8421-fce1-4a11-8a89-5d2ba5981c88/round0913e.QpSY/arm_whundecl.QfCj/I_w13_generic_impl_trait_where_undecl.logos	-	no id of this program is cited by that round's record or its probe-dir files	-	-	REFUSED	1 error [impl Sum for P]: unknown type 'T'	-	unattributed
4af0a6fc91b1be37	unattributed (mtime window: 2026-09-13e-declarrival)	n2_a_struct_outlives_wf	snapshot:25aa8421-fce1-4a11-8a89-5d2ba5981c88/round0913e.QpSY/arm_whundecl.QfCj/n2_a_struct_outlives_wf.logos	-	no id of this program is cited by that round's record or its probe-dir files	-	-	RUNS	0	-	unattributed
6820bd2bb2f7ed5b	unattributed (mtime window: 2026-09-13e-declarrival)	L_w09_where_ref_subject	snapshot:25aa8421-fce1-4a11-8a89-5d2ba5981c88/round0913e.QpSY/arm_whundecl.QfCj/L_w09_where_ref_subject.logos	-	no id of this program is cited by that round's record or its probe-dir files	-	-	RUNS	8	-	unattributed
794465ca0ad546bb	unattributed (mtime window: 2026-09-13e-declarrival)	ct10_type_annot_turbofish_path_lt	snapshot:25aa8421-fce1-4a11-8a89-5d2ba5981c88/round0913e.QpSY/arm_whundecl.QfCj/ct10_type_annot_turbofish_path_lt.logos	-	no id of this program is cited by that round's record or its probe-dir files	-	-	REFUSED	1 error [fn take]: 'E': expected 2 lifetime arg(s), got 1	-	unattributed
aade052ac1fd6c9f	unattributed (mtime window: 2026-09-13e-declarrival)	L_c07_self_variant_in_impl	snapshot:25aa8421-fce1-4a11-8a89-5d2ba5981c88/round0913e.QpSY/arm_whundecl.QfCj/L_c07_self_variant_in_impl.logos	-	no id of this program is cited by that round's record or its probe-dir files	-	-	RUNS	3	-	unattributed
4f6a861dd0e38854	unattributed (mtime window: 2026-09-13e-declarrival)	L_w10_where_on_generic_struct_impl_trait	snapshot:25aa8421-fce1-4a11-8a89-5d2ba5981c88/round0913e.QpSY/arm_whundecl.QfCj/L_w10_where_on_generic_struct_impl_trait.logos	-	no id of this program is cited by that round's record or its probe-dir files	-	-	REFUSED	2 /home/logos/sandbox/hand-harvest-2026-09-14/25aa8421-fce1-4a11-8a89-5d2ba5981c88/round0913e.QpSY/arm_whundecl.QfCj/L_w10_where_on_generic_struct_impl_trait.lo	-	unattributed
1aabf500e194254f	unattributed (mtime window: 2026-09-13e-declarrival)	wh6_where_lifetime_undeclared	snapshot:25aa8421-fce1-4a11-8a89-5d2ba5981c88/round0913e.QpSY/arm_whundecl.QfCj/wh6_where_lifetime_undeclared.logos	-	no id of this program is cited by that round's record or its probe-dir files	-	-	REFUSED	1 /home/logos/sandbox/hand-harvest-2026-09-14/25aa8421-fce1-4a11-8a89-5d2ba5981c88/round0913e.QpSY/arm_whundecl.QfCj/wh6_where_lifetime_undeclared.logos:2: erro	-	unattributed
d8ddc666b7df7b12	unattributed (mtime window: 2026-09-13e-declarrival)	L_w01_trait_default_where_self	snapshot:25aa8421-fce1-4a11-8a89-5d2ba5981c88/round0913e.QpSY/arm_whundecl.QfCj/L_w01_trait_default_where_self.logos	-	no id of this program is cited by that round's record or its probe-dir files	-	-	RUNS	5	-	unattributed
94d2b084a03ac16d	unattributed (mtime window: 2026-09-13e-declarrival)	proj_a_struct_bound_param	snapshot:25aa8421-fce1-4a11-8a89-5d2ba5981c88/round0913e.QpSY/arm_whundecl.QfCj/proj_a_struct_bound_param.logos	-	no id of this program is cited by that round's record or its probe-dir files	-	-	RUNS	0	-	unattributed
c0491cb97435afbb	unattributed (mtime window: 2026-09-13e-declarrival)	L_c10_nested_generic_enum_turbofish	snapshot:25aa8421-fce1-4a11-8a89-5d2ba5981c88/round0913e.QpSY/arm_whundecl.QfCj/L_c10_nested_generic_enum_turbofish.logos	-	no id of this program is cited by that round's record or its probe-dir files	-	-	RUNS	2	-	unattributed
defb8c80a751d705	unattributed (mtime window: 2026-09-13e-declarrival)	wh13_legal_where_impl_param	snapshot:25aa8421-fce1-4a11-8a89-5d2ba5981c88/round0913e.QpSY/arm_whundecl.QfCj/wh13_legal_where_impl_param.logos	-	no id of this program is cited by that round's record or its probe-dir files	-	-	RUNS	4	-	unattributed
4979ff521c381a12	unattributed (mtime window: 2026-09-13e-declarrival)	L_c08_generic_enum_turbofish_in_generic_fn	snapshot:25aa8421-fce1-4a11-8a89-5d2ba5981c88/round0913e.QpSY/arm_whundecl.QfCj/L_c08_generic_enum_turbofish_in_generic_fn.logos	-	no id of this program is cited by that round's record or its probe-dir files	-	-	RUNS	7	-	unattributed
e84f9adff5d3e1a4	unattributed (mtime window: 2026-09-13e-declarrival)	I_c11_enum_ctor_lt_nonlt_enum	snapshot:25aa8421-fce1-4a11-8a89-5d2ba5981c88/round0913e.QpSY/arm_whundecl.QfCj/I_c11_enum_ctor_lt_nonlt_enum.logos	-	no id of this program is cited by that round's record or its probe-dir files	-	-	REFUSED	1 /home/logos/sandbox/hand-harvest-2026-09-14/25aa8421-fce1-4a11-8a89-5d2ba5981c88/round0913e.QpSY/arm_whundecl.QfCj/I_c11_enum_ctor_lt_nonlt_enum.logos:4: erro	-	unattributed
82ae74434933944b	unattributed (mtime window: 2026-09-13e-declarrival)	r17_e_where_undeclared_impl_method	snapshot:25aa8421-fce1-4a11-8a89-5d2ba5981c88/round0913e.QpSY/arm_whundecl.QfCj/r17_e_where_undeclared_impl_method.logos	-	no id of this program is cited by that round's record or its probe-dir files	-	-	REFUSED	1 error [fn W__m]: unknown type 'T'	-	unattributed
fea9626b8ff5619b	unattributed (mtime window: 2026-09-13e-declarrival)	L_w06_generic_trait_method_where_trait_param	snapshot:25aa8421-fce1-4a11-8a89-5d2ba5981c88/round0913e.QpSY/arm_whundecl.QfCj/L_w06_generic_trait_method_where_trait_param.logos	-	no id of this program is cited by that round's record or its probe-dir files	-	-	RUNS	3	-	unattributed
96d140d26cc3654e	unattributed (mtime window: 2026-09-13e-declarrival)	cn9_legal_const_used	snapshot:25aa8421-fce1-4a11-8a89-5d2ba5981c88/round0913e.QpSY/arm_whundecl.QfCj/cn9_legal_const_used.logos	-	no id of this program is cited by that round's record or its probe-dir files	-	-	RUNS	4	-	unattributed
16bb7975fb3ac7c0	unattributed (mtime window: 2026-09-13e-declarrival)	r18_d_const_static_vs_b	snapshot:25aa8421-fce1-4a11-8a89-5d2ba5981c88/round0913e.QpSY/arm_whundecl.QfCj/r18_d_const_static_vs_b.logos	-	no id of this program is cited by that round's record or its probe-dir files	-	-	RUNS	0	-	unattributed
46b40a9a0dba44d2	unattributed (mtime window: 2026-09-13e-declarrival)	r17_i_struct_lit_lifetime_arity	snapshot:25aa8421-fce1-4a11-8a89-5d2ba5981c88/round0913e.QpSY/arm_whundecl.QfCj/r17_i_struct_lit_lifetime_arity.logos	-	no id of this program is cited by that round's record or its probe-dir files	-	-	REFUSED	1 /home/logos/sandbox/hand-harvest-2026-09-14/25aa8421-fce1-4a11-8a89-5d2ba5981c88/round0913e.QpSY/arm_whundecl.QfCj/r17_i_struct_lit_lifetime_arity.logos:5: er	-	unattributed
8692c9e7e277d069	unattributed (mtime window: 2026-09-13e-declarrival)	r17_h_ctor_type_arg_arity	snapshot:25aa8421-fce1-4a11-8a89-5d2ba5981c88/round0913e.QpSY/arm_whundecl.QfCj/r17_h_ctor_type_arg_arity.logos	-	no id of this program is cited by that round's record or its probe-dir files	-	-	RUNS	0	-	unattributed
b44508bbda3c0f06	unattributed (mtime window: 2026-09-13e-declarrival)	L_w04_where_primitive_subject	snapshot:25aa8421-fce1-4a11-8a89-5d2ba5981c88/round0913e.QpSY/arm_whundecl.QfCj/L_w04_where_primitive_subject.logos	-	no id of this program is cited by that round's record or its probe-dir files	-	-	RUNS	7	-	unattributed
8cae40eab27b8408	unattributed (mtime window: 2026-09-13e-declarrival)	cn6_const_scalar_mismatch	snapshot:25aa8421-fce1-4a11-8a89-5d2ba5981c88/round0913e.QpSY/arm_whundecl.QfCj/cn6_const_scalar_mismatch.logos	-	no id of this program is cited by that round's record or its probe-dir files	-	-	REFUSED	1 error [impl Anything for S]: impl Anything for S: associated constant 'AC' declared as 'i32' but trait requires 'i64'	-	unattributed
e1a796ca83c8d34c	unattributed (mtime window: 2026-09-13e-declarrival)	wh15_legal_where_self_in_trait	snapshot:25aa8421-fce1-4a11-8a89-5d2ba5981c88/round0913e.QpSY/arm_whundecl.QfCj/wh15_legal_where_self_in_trait.logos	-	no id of this program is cited by that round's record or its probe-dir files	-	-	RUNS	0	-	unattributed
38ec65b7883c1df2	unattributed (mtime window: 2026-09-13e-declarrival)	r17_b_param_undeclared	snapshot:25aa8421-fce1-4a11-8a89-5d2ba5981c88/round0913e.QpSY/arm_whundecl.QfCj/r17_b_param_undeclared.logos	-	no id of this program is cited by that round's record or its probe-dir files	-	-	REFUSED	1 error [fn f]: unknown type 'T'	-	unattributed
151b99604a940f18	unattributed (mtime window: 2026-09-13e-declarrival)	L_k12_method_ret_option_ref_hdr	snapshot:25aa8421-fce1-4a11-8a89-5d2ba5981c88/round0913e.QpSY/arm_whundecl.QfCj/L_k12_method_ret_option_ref_hdr.logos	-	no id of this program is cited by that round's record or its probe-dir files	-	-	RUNS	6	-	unattributed
ea5984694782ac69	unattributed (mtime window: 2026-09-13e-declarrival)	L_w07_where_two_params_cross	snapshot:25aa8421-fce1-4a11-8a89-5d2ba5981c88/round0913e.QpSY/arm_whundecl.QfCj/L_w07_where_two_params_cross.logos	-	no id of this program is cited by that round's record or its probe-dir files	-	-	RUNS	5	-	unattributed
4e6cb9a18adfdbda	unattributed (mtime window: 2026-09-13e-declarrival)	L_c03_result_ok_two_types	snapshot:25aa8421-fce1-4a11-8a89-5d2ba5981c88/round0913e.QpSY/arm_whundecl.QfCj/L_c03_result_ok_two_types.logos	-	no id of this program is cited by that round's record or its probe-dir files	-	-	RUNS	4	-	unattributed
d4e9463f5c19d9ca	unattributed (mtime window: 2026-09-13e-declarrival)	wh14_legal_where_method_generic	snapshot:25aa8421-fce1-4a11-8a89-5d2ba5981c88/round0913e.QpSY/arm_whundecl.QfCj/wh14_legal_where_method_generic.logos	-	no id of this program is cited by that round's record or its probe-dir files	-	-	RUNS	5	-	unattributed
ed04ba12bd97ef8b	unattributed (mtime window: 2026-09-13e-declarrival)	L_k09_method_ret_renamed_binder	snapshot:25aa8421-fce1-4a11-8a89-5d2ba5981c88/round0913e.QpSY/arm_whundecl.QfCj/L_k09_method_ret_renamed_binder.logos	-	no id of this program is cited by that round's record or its probe-dir files	-	-	REFUSED	1 error [fn H__get]: impl Get for H: method 'get' does not match the trait declaration: the return type is declared '&'a i64' and the impl declares '&'z i64'	-	unattributed
c5e75b6907720b5d	unattributed (mtime window: 2026-09-13e-declarrival)	I_w11_trait_default_where_undecl	snapshot:25aa8421-fce1-4a11-8a89-5d2ba5981c88/round0913e.QpSY/arm_whundecl.QfCj/I_w11_trait_default_where_undecl.logos	-	no id of this program is cited by that round's record or its probe-dir files	-	-	REFUSED	1 error [trait Q]: unknown type 'T'	-	unattributed
986cbed75d671d8d	unattributed (mtime window: 2026-09-13e-declarrival)	ct4_legal_ctor_turbofish_type	snapshot:25aa8421-fce1-4a11-8a89-5d2ba5981c88/round0913e.QpSY/arm_whundecl.QfCj/ct4_legal_ctor_turbofish_type.logos	-	no id of this program is cited by that round's record or its probe-dir files	-	-	RUNS	6	-	unattributed
5a403454146558af	unattributed (mtime window: 2026-09-13e-declarrival)	wh12_legal_where_later_declared_type	snapshot:25aa8421-fce1-4a11-8a89-5d2ba5981c88/round0913e.QpSY/arm_whundecl.QfCj/wh12_legal_where_later_declared_type.logos	-	no id of this program is cited by that round's record or its probe-dir files	-	-	RUNS	5	-	unattributed
624b7bbdabfce674	unattributed (mtime window: 2026-09-13e-declarrival)	L_k01_const_alpha_renamed_impl_binder	snapshot:25aa8421-fce1-4a11-8a89-5d2ba5981c88/round0913e.QpSY/arm_whundecl.QfCj/L_k01_const_alpha_renamed_impl_binder.logos	-	no id of this program is cited by that round's record or its probe-dir files	-	-	RUNS	0	-	unattributed
84b2ae104531d021	unattributed (mtime window: 2026-09-13e-declarrival)	L_w02_trait_impl_method_where_impl_param	snapshot:25aa8421-fce1-4a11-8a89-5d2ba5981c88/round0913e.QpSY/arm_whundecl.QfCj/L_w02_trait_impl_method_where_impl_param.logos	-	no id of this program is cited by that round's record or its probe-dir files	-	-	RUNS	6	-	unattributed
6c6883161a3c8425	unattributed (mtime window: 2026-09-13e-declarrival)	L_w08_inherent_generic_impl_where_on_method_param	snapshot:25aa8421-fce1-4a11-8a89-5d2ba5981c88/round0913e.QpSY/arm_whundecl.QfCj/L_w08_inherent_generic_impl_where_on_method_param.logos	-	no id of this program is cited by that round's record or its probe-dir files	-	-	RUNS	5	-	unattributed
1f17e127ca858edd	unattributed (mtime window: 2026-09-13e-declarrival)	L_k11_method_ret_crossed_binders	snapshot:25aa8421-fce1-4a11-8a89-5d2ba5981c88/round0913e.QpSY/arm_whundecl.QfCj/L_k11_method_ret_crossed_binders.logos	-	no id of this program is cited by that round's record or its probe-dir files	-	-	REFUSED	1 error [fn P__first]: impl Pick for P: method 'first' does not match the trait declaration: the return type is declared '&'a i64' and the impl declares '&'y i6	-	unattributed
b136b7588679ab80	unattributed (mtime window: 2026-09-13e-declarrival)	L_k02_const_crossed_binder_names	snapshot:25aa8421-fce1-4a11-8a89-5d2ba5981c88/round0913e.QpSY/arm_whundecl.QfCj/L_k02_const_crossed_binder_names.logos	-	no id of this program is cited by that round's record or its probe-dir files	-	-	RUNS	0	-	unattributed
d7deea32015578ec	unattributed (mtime window: 2026-09-13e-declarrival)	ct1_legal_ctor_turbofish_two	snapshot:25aa8421-fce1-4a11-8a89-5d2ba5981c88/round0913e.QpSY/arm_whundecl.QfCj/ct1_legal_ctor_turbofish_two.logos	-	no id of this program is cited by that round's record or its probe-dir files	-	-	RUNS	3	-	unattributed
d992e52636649884	unattributed (mtime window: 2026-09-13e-declarrival)	L_c09_struct_lit_all_lt_named	snapshot:25aa8421-fce1-4a11-8a89-5d2ba5981c88/round0913e.QpSY/arm_whundecl.QfCj/L_c09_struct_lit_all_lt_named.logos	-	no id of this program is cited by that round's record or its probe-dir files	-	-	RUNS	5	-	unattributed
07411c30414339ae	unattributed (mtime window: 2026-09-13e-declarrival)	wh9_where_outlives_type_undeclared	snapshot:25aa8421-fce1-4a11-8a89-5d2ba5981c88/round0913e.QpSY/arm_whundecl.QfCj/wh9_where_outlives_type_undeclared.logos	-	no id of this program is cited by that round's record or its probe-dir files	-	-	REFUSED	1 error [fn f]: unknown type 'T'	-	unattributed
14922c0088882fcb	unattributed (mtime window: 2026-09-13e-declarrival)	L_k06_const_struct_with_lt_static	snapshot:25aa8421-fce1-4a11-8a89-5d2ba5981c88/round0913e.QpSY/arm_whundecl.QfCj/L_k06_const_struct_with_lt_static.logos	-	no id of this program is cited by that round's record or its probe-dir files	-	-	RUNS	0	-	unattributed
60a177a788c2ba60	unattributed (mtime window: 2026-09-13e-declarrival)	l1_b_trait_method_explicit	snapshot:25aa8421-fce1-4a11-8a89-5d2ba5981c88/round0913e.QpSY/arm_whundecl.QfCj/l1_b_trait_method_explicit.logos	-	no id of this program is cited by that round's record or its probe-dir files	-	-	RUNS	0	-	unattributed
9c8d93b28f461acb	unattributed (mtime window: 2026-09-13e-declarrival)	L_k07_const_fnptr_type	snapshot:25aa8421-fce1-4a11-8a89-5d2ba5981c88/round0913e.QpSY/arm_whundecl.QfCj/L_k07_const_fnptr_type.logos	-	no id of this program is cited by that round's record or its probe-dir files	-	-	RUNS	3	-	unattributed
1d97b61c3f444e51	unattributed (mtime window: 2026-09-13e-declarrival)	L_k10_method_ret_static_for_trait_a	snapshot:25aa8421-fce1-4a11-8a89-5d2ba5981c88/round0913e.QpSY/arm_whundecl.QfCj/L_k10_method_ret_static_for_trait_a.logos	-	no id of this program is cited by that round's record or its probe-dir files	-	-	RUNS	3	-	unattributed
f546263e05d289ed	unattributed (mtime window: 2026-09-13e-declarrival)	L_k03_const_elided_str_vs_static	snapshot:25aa8421-fce1-4a11-8a89-5d2ba5981c88/round0913e.QpSY/arm_whundecl.QfCj/L_k03_const_elided_str_vs_static.logos	-	no id of this program is cited by that round's record or its probe-dir files	-	-	RUNS	1	-	unattributed
5413c4bee7579218	unattributed (mtime window: 2026-09-13e-declarrival)	cn7_const_ref_mut_vs_shared	snapshot:25aa8421-fce1-4a11-8a89-5d2ba5981c88/round0913e.QpSY/arm_whundecl.QfCj/cn7_const_ref_mut_vs_shared.logos	-	no id of this program is cited by that round's record or its probe-dir files	-	-	REFUSED	1 error [impl Anything for S]: impl Anything for S: associated constant 'AC' declared as 'Option' but trait requires 'Option'	-	unattributed
a87dc2eba0bbe86b	unattributed (mtime window: 2026-09-13e-declarrival)	ct9_legal_ctor_turbofish_type_only_on_lt_enum	snapshot:25aa8421-fce1-4a11-8a89-5d2ba5981c88/round0913e.QpSY/arm_whundecl.QfCj/ct9_legal_ctor_turbofish_type_only_on_lt_enum.logos	-	no id of this program is cited by that round's record or its probe-dir files	-	-	RUNS	9	-	unattributed
a31b91e39ecd37f1	unattributed (mtime window: 2026-09-13e-declarrival)	wh7_where_subject_ref_undeclared	snapshot:25aa8421-fce1-4a11-8a89-5d2ba5981c88/round0913e.QpSY/arm_whundecl.QfCj/wh7_where_subject_ref_undeclared.logos	-	no id of this program is cited by that round's record or its probe-dir files	-	-	REFUSED	1 error [/home/logos/sandbox/hand-harvest-2026-09-14/25aa8421-fce1-4a11-8a89-5d2ba5981c88/round0913e.QpSY/arm_whundecl.QfCj/wh7_where_subject_ref_undeclared.log	-	unattributed
b891e58e226faad7	unattributed (mtime window: 2026-09-13e-declarrival)	L_c01_option_some_type	snapshot:25aa8421-fce1-4a11-8a89-5d2ba5981c88/round0913e.QpSY/arm_whundecl.QfCj/L_c01_option_some_type.logos	-	no id of this program is cited by that round's record or its probe-dir files	-	-	RUNS	5	-	unattributed
cb94ce155541c828	unattributed (mtime window: 2026-09-13e-declarrival)	L_k08_const_used_through_trait	snapshot:25aa8421-fce1-4a11-8a89-5d2ba5981c88/round0913e.QpSY/arm_whundecl.QfCj/L_k08_const_used_through_trait.logos	-	no id of this program is cited by that round's record or its probe-dir files	-	-	REFUSED	1 /home/logos/sandbox/hand-harvest-2026-09-14/25aa8421-fce1-4a11-8a89-5d2ba5981c88/round0913e.QpSY/arm_whundecl.QfCj/L_k08_const_used_through_trait.logos:4: err	-	unattributed
1e2bc0687ddbc117	unattributed (mtime window: 2026-09-13e-declarrival)	I_c12_struct_lit_lt_too_few	snapshot:25aa8421-fce1-4a11-8a89-5d2ba5981c88/round0913e.QpSY/arm_whundecl.QfCj/I_c12_struct_lit_lt_too_few.logos	-	no id of this program is cited by that round's record or its probe-dir files	-	-	REFUSED	1 /home/logos/sandbox/hand-harvest-2026-09-14/25aa8421-fce1-4a11-8a89-5d2ba5981c88/round0913e.QpSY/arm_whundecl.QfCj/I_c12_struct_lit_lt_too_few.logos:5: error 	-	unattributed
d170538acd75af38	unattributed (mtime window: 2026-09-13e-declarrival)	L_c06_struct_lit_type_turbofish_on_lt_struct	snapshot:25aa8421-fce1-4a11-8a89-5d2ba5981c88/round0913e.QpSY/arm_whundecl.QfCj/L_c06_struct_lit_type_turbofish_on_lt_struct.logos	-	no id of this program is cited by that round's record or its probe-dir files	-	-	RUNS	7	-	unattributed
40cab62a3d89092f	unattributed (mtime window: 2026-09-13e-declarrival)	ct13_struct_variant_turbofish_arity	snapshot:25aa8421-fce1-4a11-8a89-5d2ba5981c88/round0913e.QpSY/arm_whundecl.QfCj/ct13_struct_variant_turbofish_arity.logos	-	no id of this program is cited by that round's record or its probe-dir files	-	-	REFUSED	1 error [/home/logos/sandbox/hand-harvest-2026-09-14/25aa8421-fce1-4a11-8a89-5d2ba5981c88/round0913e.QpSY/arm_whundecl.QfCj/ct13_struct_variant_turbofish_arity.	-	unattributed
56cf22108c665ee1	unattributed (mtime window: 2026-09-13e-declarrival)	L_c02_option_none_type_prefix	snapshot:25aa8421-fce1-4a11-8a89-5d2ba5981c88/round0913e.QpSY/arm_whundecl.QfCj/L_c02_option_none_type_prefix.logos	-	no id of this program is cited by that round's record or its probe-dir files	-	-	RUNS	3	-	unattributed
ec19cc7bfcd16638	unattributed (mtime window: 2026-09-13e-declarrival)	wh2_where_bound_arg_undeclared	snapshot:25aa8421-fce1-4a11-8a89-5d2ba5981c88/round0913e.QpSY/arm_whundecl.QfCj/wh2_where_bound_arg_undeclared.logos	-	no id of this program is cited by that round's record or its probe-dir files	-	-	REFUSED	1 error [fn f]: unknown type 'T'	-	unattributed
b1fc2267f40f45fb	unattributed (mtime window: 2026-09-13e-declarrival)	L_k13_method_ret_longer_under_bound	snapshot:25aa8421-fce1-4a11-8a89-5d2ba5981c88/round0913e.QpSY/arm_whundecl.QfCj/L_k13_method_ret_longer_under_bound.logos	-	no id of this program is cited by that round's record or its probe-dir files	-	-	REFUSED	1 error [fn H__get]: impl Get for H: method 'get' does not match the trait declaration: the return type is declared '&'b i64' and the impl declares '&'a i64'	-	unattributed
7049c5e19b3745b4	unattributed (mtime window: 2026-09-13e-declarrival)	r17_g_fn_turbofish_lifetime_arity	snapshot:25aa8421-fce1-4a11-8a89-5d2ba5981c88/round0913e.QpSY/arm_whundecl.QfCj/r17_g_fn_turbofish_lifetime_arity.logos	-	no id of this program is cited by that round's record or its probe-dir files	-	-	REFUSED	1 /home/logos/sandbox/hand-harvest-2026-09-14/25aa8421-fce1-4a11-8a89-5d2ba5981c88/round0913e.QpSY/arm_whundecl.QfCj/r17_g_fn_turbofish_lifetime_arity.logos:7: 	-	unattributed
3356dd8b298e9db2	unattributed (mtime window: 2026-09-13e-declarrival)	wh11_legal_where_self_assoc	snapshot:25aa8421-fce1-4a11-8a89-5d2ba5981c88/round0913e.QpSY/arm_whundecl.QfCj/wh11_legal_where_self_assoc.logos	-	no id of this program is cited by that round's record or its probe-dir files	-	-	RUNS	0	-	unattributed
72c299e484026c62	unattributed (mtime window: 2026-09-13e-declarrival)	r17_f_ctor_type_lifetime_arity	snapshot:25aa8421-fce1-4a11-8a89-5d2ba5981c88/round0913e.QpSY/arm_whundecl.QfCj/r17_f_ctor_type_lifetime_arity.logos	-	no id of this program is cited by that round's record or its probe-dir files	-	-	REFUSED	1 /home/logos/sandbox/hand-harvest-2026-09-14/25aa8421-fce1-4a11-8a89-5d2ba5981c88/round0913e.QpSY/arm_whundecl.QfCj/r17_f_ctor_type_lifetime_arity.logos:5: err	-	unattributed
bbb2730f590df715	unattributed (mtime window: 2026-09-13e-declarrival)	L_c04_result_ok_partial_infer	snapshot:25aa8421-fce1-4a11-8a89-5d2ba5981c88/round0913e.QpSY/arm_whundecl.QfCj/L_c04_result_ok_partial_infer.logos	-	no id of this program is cited by that round's record or its probe-dir files	-	-	CCFAIL	1 logosc: MLIR generation failed	-	unattributed
55f46da71ff1984d	unattributed (mtime window: 2026-09-13e-declarrival)	I_c13_enum_ctor_lt_too_many_generic_fn	snapshot:25aa8421-fce1-4a11-8a89-5d2ba5981c88/round0913e.QpSY/arm_whundecl.QfCj/I_c13_enum_ctor_lt_too_many_generic_fn.logos	-	no id of this program is cited by that round's record or its probe-dir files	-	-	REFUSED	1 /home/logos/sandbox/hand-harvest-2026-09-14/25aa8421-fce1-4a11-8a89-5d2ba5981c88/round0913e.QpSY/arm_whundecl.QfCj/I_c13_enum_ctor_lt_too_many_generic_fn.logo	-	unattributed
4ef48d09917d5776	unattributed (mtime window: 2026-09-13e-declarrival)	L_k05_const_generic_struct_impl	snapshot:25aa8421-fce1-4a11-8a89-5d2ba5981c88/round0913e.QpSY/arm_whundecl.QfCj/L_k05_const_generic_struct_impl.logos	-	no id of this program is cited by that round's record or its probe-dir files	-	-	RUNS	0	-	unattributed
634a6a3835828ca5	unattributed (mtime window: 2026-09-13e-declarrival)	I_w12_where_undecl_lifetime_bound	snapshot:25aa8421-fce1-4a11-8a89-5d2ba5981c88/round0913e.QpSY/arm_whundecl.QfCj/I_w12_where_undecl_lifetime_bound.logos	-	no id of this program is cited by that round's record or its probe-dir files	-	-	REFUSED	1 error [fn f]: unknown type 'T'	-	unattributed
eaec3c460fac9a36	unattributed (mtime window: 2026-09-13e-declarrival)	wh1_legal_where_declared	snapshot:25aa8421-fce1-4a11-8a89-5d2ba5981c88/round0913e.QpSY/arm_whundecl.QfCj/wh1_legal_where_declared.logos	-	no id of this program is cited by that round's record or its probe-dir files	-	-	RUNS	3	-	unattributed
84862470ec03a2bd	unattributed (mtime window: 2026-09-13e-declarrival)	r18_a_const_type_mismatch	snapshot:25aa8421-fce1-4a11-8a89-5d2ba5981c88/round0913e.QpSY/arm_whundecl.QfCj/r18_a_const_type_mismatch.logos	-	no id of this program is cited by that round's record or its probe-dir files	-	-	REFUSED	1 error [impl Anything for S]: impl Anything for S: associated constant 'AC' declared as 'Option' but trait requires 'Option'	-	unattributed
1162738025e8f01a	unattributed (mtime window: 2026-09-13e-declarrival)	r17_c_where_undeclared_trait	snapshot:25aa8421-fce1-4a11-8a89-5d2ba5981c88/round0913e.QpSY/arm_whundecl.QfCj/r17_c_where_undeclared_trait.logos	-	no id of this program is cited by that round's record or its probe-dir files	-	-	REFUSED	1 error [fn f]: trait bound 'U: NoSuchTrait': unknown trait	-	unattributed
69856c8ccf60c2e9	unattributed (mtime window: 2026-09-13e-declarrival)	L_w05_where_fn_bound	snapshot:25aa8421-fce1-4a11-8a89-5d2ba5981c88/round0913e.QpSY/arm_whundecl.QfCj/L_w05_where_fn_bound.logos	-	no id of this program is cited by that round's record or its probe-dir files	-	-	RUNS	5	-	unattributed
c954e00cd6494b07	unattributed (mtime window: 2026-09-13e-declarrival)	I_k14_method_ret_shorter_for_longer	snapshot:25aa8421-fce1-4a11-8a89-5d2ba5981c88/round0913e.QpSY/arm_whundecl.QfCj/I_k14_method_ret_shorter_for_longer.logos	-	no id of this program is cited by that round's record or its probe-dir files	-	-	REFUSED	1 error [fn H__get]: impl Get for H: method 'get' does not match the trait declaration: the return type is declared '&'a i64' and the impl declares '&'b i64'	-	unattributed
752b753c672eb892	unattributed (mtime window: 2026-09-13e-declarrival)	l1_a_free_fn_receiver	snapshot:25aa8421-fce1-4a11-8a89-5d2ba5981c88/round0913e.QpSY/arm_whundecl.QfCj/l1_a_free_fn_receiver.logos	-	no id of this program is cited by that round's record or its probe-dir files	-	-	REFUSED	1 /home/logos/sandbox/hand-harvest-2026-09-14/25aa8421-fce1-4a11-8a89-5d2ba5981c88/round0913e.QpSY/arm_whundecl.QfCj/l1_a_free_fn_receiver.logos:8: error [fn b]	-	unattributed
edc60b4ff55949b3	unattributed (mtime window: 2026-09-13e-declarrival)	r18_b_const_plain_ref_region	snapshot:25aa8421-fce1-4a11-8a89-5d2ba5981c88/round0913e.QpSY/arm_whundecl.QfCj/r18_b_const_plain_ref_region.logos	-	no id of this program is cited by that round's record or its probe-dir files	-	-	REFUSED	1 error [impl Anything for S]: impl Anything for S: associated constant 'AC' has type '&'c [u8]', which is not compatible with the trait's '&'b [u8]' (lifetime 	-	unattributed
d0616c399db143df	unattributed (mtime window: 2026-09-13e-declarrival)	wh10_where_on_trait_decl	snapshot:25aa8421-fce1-4a11-8a89-5d2ba5981c88/round0913e.QpSY/arm_whundecl.QfCj/wh10_where_on_trait_decl.logos	-	no id of this program is cited by that round's record or its probe-dir files	-	-	REFUSED	1 error [/home/logos/sandbox/hand-harvest-2026-09-14/25aa8421-fce1-4a11-8a89-5d2ba5981c88/round0913e.QpSY/arm_whundecl.QfCj/wh10_where_on_trait_decl.logos]: syn	-	unattributed
c04c530541272cc8	unattributed (mtime window: 2026-09-13e-declarrival)	L_m03_method_where_alias_no_own	snapshot:25aa8421-fce1-4a11-8a89-5d2ba5981c88/round0913e.QpSY/base116.1odT/L_m03_method_where_alias_no_own.logos	-	no id of this program is cited by that round's record or its probe-dir files	-	-	RUNS	2	-	unattributed
352887c1ff8d2056	unattributed (mtime window: 2026-09-13e-declarrival)	L_m06_trait_generic_param_where_in_method	snapshot:25aa8421-fce1-4a11-8a89-5d2ba5981c88/round0913e.QpSY/base116.1odT/L_m06_trait_generic_param_where_in_method.logos	-	no id of this program is cited by that round's record or its probe-dir files	-	-	RUNS	1	-	unattributed
c9d477cb9badce25	unattributed (mtime window: 2026-09-13e-declarrival)	L_m04_free_fn_no_params_where_concrete	snapshot:25aa8421-fce1-4a11-8a89-5d2ba5981c88/round0913e.QpSY/base116.1odT/L_m04_free_fn_no_params_where_concrete.logos	-	no id of this program is cited by that round's record or its probe-dir files	-	-	RUNS	9	-	unattributed
9c408620a6322d10	unattributed (mtime window: 2026-09-13e-declarrival)	I_m07_inherent_method_where_undecl_no_own	snapshot:25aa8421-fce1-4a11-8a89-5d2ba5981c88/round0913e.QpSY/base116.1odT/I_m07_inherent_method_where_undecl_no_own.logos	-	no id of this program is cited by that round's record or its probe-dir files	-	-	REFUSED	1 error [fn S__m]: unknown type 'Q'	-	unattributed
cd4a78e1927c7274	unattributed (mtime window: 2026-09-13e-declarrival)	L_t01_enum_default_type_param_turbofish	snapshot:25aa8421-fce1-4a11-8a89-5d2ba5981c88/round0913e.QpSY/base116.1odT/L_t01_enum_default_type_param_turbofish.logos	-	no id of this program is cited by that round's record or its probe-dir files	-	-	CCFAIL	1 logosc: MLIR generation failed	-	unattributed
8bcc6dba775cf770	unattributed (mtime window: 2026-09-13e-declarrival)	L_m05_trait_impl_method_where_self_copy	snapshot:25aa8421-fce1-4a11-8a89-5d2ba5981c88/round0913e.QpSY/base116.1odT/L_m05_trait_impl_method_where_self_copy.logos	-	no id of this program is cited by that round's record or its probe-dir files	-	-	RUNS	8	-	unattributed
c86897738992ecf2	unattributed (mtime window: 2026-09-13e-declarrival)	kd6	snapshot:25aa8421-fce1-4a11-8a89-5d2ba5981c88/round0913e.QpSY/base116.1odT/kd6.logos	-	no id of this program is cited by that round's record or its probe-dir files	-	-	REFUSED	1 error [fn S__ac]: impl Anything for S: method 'ac' does not match the trait declaration: the return type is declared '&'b i64' and the impl declares '&'c i64'	-	unattributed
4f1619133a38b742	unattributed (mtime window: 2026-09-13e-declarrival)	L_m01_trait_method_decl_where_self_sized	snapshot:25aa8421-fce1-4a11-8a89-5d2ba5981c88/round0913e.QpSY/base116.1odT/L_m01_trait_method_decl_where_self_sized.logos	-	no id of this program is cited by that round's record or its probe-dir files	-	-	RUNS	9	-	unattributed
af1ecf054054ca28	unattributed (mtime window: 2026-09-13e-declarrival)	L_t03_enum_ctor_lt_only_on_mixed_enum	snapshot:25aa8421-fce1-4a11-8a89-5d2ba5981c88/round0913e.QpSY/base116.1odT/L_t03_enum_ctor_lt_only_on_mixed_enum.logos	-	no id of this program is cited by that round's record or its probe-dir files	-	-	RUNS	5	-	unattributed
e495048f09b66da6	unattributed (mtime window: 2026-09-13e-declarrival)	L_t04_stdlib_vec_ctor_turbofish	snapshot:25aa8421-fce1-4a11-8a89-5d2ba5981c88/round0913e.QpSY/base116.1odT/L_t04_stdlib_vec_ctor_turbofish.logos	-	no id of this program is cited by that round's record or its probe-dir files	-	-	RUNS	1	-	unattributed
2af4d4184be7e3a2	unattributed (mtime window: 2026-09-13e-declarrival)	L_m02_inherent_method_where_impl_param_no_own	snapshot:25aa8421-fce1-4a11-8a89-5d2ba5981c88/round0913e.QpSY/base116.1odT/L_m02_inherent_method_where_impl_param_no_own.logos	-	no id of this program is cited by that round's record or its probe-dir files	-	-	RUNS	6	-	unattributed
7b41c46c174fcade	unattributed (mtime window: 2026-09-13e-declarrival)	L_t02_struct_lit_lt_generic_all	snapshot:25aa8421-fce1-4a11-8a89-5d2ba5981c88/round0913e.QpSY/base116.1odT/L_t02_struct_lit_lt_generic_all.logos	-	no id of this program is cited by that round's record or its probe-dir files	-	-	REFUSED	1 /home/logos/sandbox/hand-harvest-2026-09-14/25aa8421-fce1-4a11-8a89-5d2ba5981c88/round0913e.QpSY/base116.1odT/L_t02_struct_lit_lt_generic_all.logos:5: error [	-	unattributed
3aee1fdd7ffcceb5	unattributed (mtime window: 2026-09-13e-declarrival)	row	snapshot:25aa8421-fce1-4a11-8a89-5d2ba5981c88/round0913e.QpSY/whm.3pvR/row.logos	-	no id of this program is cited by that round's record or its probe-dir files	-	-	REFUSED	1 error [fn HandlerWrapper__set_handler]: unknown type 'T'	-	unattributed
800595731fcf11ce	unattributed (mtime window: 2026-09-13e-declarrival)	row_zzq	snapshot:25aa8421-fce1-4a11-8a89-5d2ba5981c88/round0913e.QpSY/whm.3pvR/row_zzq.logos	-	no id of this program is cited by that round's record or its probe-dir files	-	-	REFUSED	1 error [fn HandlerWrapper__set_handler]: unknown type 'Zzq'	-	unattributed
350211250e80f536	unattributed (mtime window: 2026-09-13e-declarrival)	tparam_in_impl	snapshot:25aa8421-fce1-4a11-8a89-5d2ba5981c88/round0913e.QpSY/whm.3pvR/tparam_in_impl.logos	-	no id of this program is cited by that round's record or its probe-dir files	-	-	REFUSED	1 error [fn HandlerWrapper__set_handler]: unknown type 'T'	-	unattributed
207010ee54146132	unattributed (mtime window: 2026-09-13e-declarrival)	kd5	snapshot:25aa8421-fce1-4a11-8a89-5d2ba5981c88/round0913e.QpSY/kdiag2.uT43/kd5.logos	-	no id of this program is cited by that round's record or its probe-dir files	-	-	REFUSED	1 error [fn f]: lifetime mismatch: return type has lifetime 'b but 'x' has lifetime 'c	-	unattributed
2428131f92cedfe8	unattributed (mtime window: 2026-09-13e-declarrival)	wh_call	snapshot:25aa8421-fce1-4a11-8a89-5d2ba5981c88/round0913e.QpSY/c3/wh_call.logos	-	no id of this program is cited by that round's record or its probe-dir files	-	-	REFUSED	1 error [fn f]: unknown type 'T'	-	unattributed
2d2023974346820a	unattributed (mtime window: 2026-09-13e-declarrival)	wh_call_turbofish	snapshot:25aa8421-fce1-4a11-8a89-5d2ba5981c88/round0913e.QpSY/c3/wh_call_turbofish.logos	-	no id of this program is cited by that round's record or its probe-dir files	-	-	REFUSED	1 error [fn f]: unknown type 'T'	-	unattributed
be753cfb223474a9	unattributed (mtime window: 2026-09-13e-declarrival)	w11_with_impl	snapshot:25aa8421-fce1-4a11-8a89-5d2ba5981c88/round0913e.QpSY/trwhere2.odtS/w11_with_impl.logos	-	no id of this program is cited by that round's record or its probe-dir files	-	-	REFUSED	1 error [trait Q]: unknown type 'T'	-	unattributed
8e81b9a2b73e1aba	unattributed (mtime window: 2026-09-13e-declarrival)	w5_with_impl	snapshot:25aa8421-fce1-4a11-8a89-5d2ba5981c88/round0913e.QpSY/trwhere2.odtS/w5_with_impl.logos	-	no id of this program is cited by that round's record or its probe-dir files	-	-	REFUSED	1 error [trait Q]: unknown type 'T'	-	unattributed
835da670f54d6800	unattributed (mtime window: 2026-09-13f-declarrivalland)	bc_declarrival_where_undecl_impl_header_refuse	snapshot:25aa8421-fce1-4a11-8a89-5d2ba5981c88/land0913f.KArC/fixtures4.mabt/fail/bc_declarrival_where_undecl_impl_header_refuse.logos	-	no id of this program is cited by that round's record or its probe-dir files	-	-	REFUSED	1 error [impl Q for P]: unknown type 'T'	-	unattributed
5092600dd774a16c	unattributed (mtime window: 2026-09-13f-declarrivalland)	bc_declarrival_unit_variant_lt_turbofish_refuse	snapshot:25aa8421-fce1-4a11-8a89-5d2ba5981c88/land0913f.KArC/fixtures4.mabt/fail/bc_declarrival_unit_variant_lt_turbofish_refuse.logos	-	no id of this program is cited by that round's record or its probe-dir files	-	-	REFUSED	1 /home/logos/sandbox/hand-harvest-2026-09-14/25aa8421-fce1-4a11-8a89-5d2ba5981c88/land0913f.KArC/fixtures4.mabt/fail/bc_declarrival_unit_variant_lt_turbofish_r	-	unattributed
d70c4c2426695298	unattributed (mtime window: 2026-09-13f-declarrivalland)	bc_declarrival_method_ret_slice_region_refuse	snapshot:25aa8421-fce1-4a11-8a89-5d2ba5981c88/land0913f.KArC/fixtures4.mabt/fail/bc_declarrival_method_ret_slice_region_refuse.logos	-	no id of this program is cited by that round's record or its probe-dir files	-	-	REFUSED	1 error [fn S__get]: impl Tr for S: method 'get' does not match the trait declaration: the return type is declared '&'b [i64]' and the impl declares '&'c [i64]'	-	unattributed
7003194c6e1ae455	unattributed (mtime window: 2026-09-13f-declarrivalland)	bc_declarrival_struct_lit_lt_turbofish_refuse	snapshot:25aa8421-fce1-4a11-8a89-5d2ba5981c88/land0913f.KArC/fixtures4.mabt/fail/bc_declarrival_struct_lit_lt_turbofish_refuse.logos	-	no id of this program is cited by that round's record or its probe-dir files	-	-	REFUSED	1 /home/logos/sandbox/hand-harvest-2026-09-14/25aa8421-fce1-4a11-8a89-5d2ba5981c88/land0913f.KArC/fixtures4.mabt/fail/bc_declarrival_struct_lit_lt_turbofish_ref	-	unattributed
8a878f31469b8ea9	unattributed (mtime window: 2026-09-13f-declarrivalland)	bc_declarrival_assoc_const_region_refuse	snapshot:25aa8421-fce1-4a11-8a89-5d2ba5981c88/land0913f.KArC/fixtures4.mabt/fail/bc_declarrival_assoc_const_region_refuse.logos	-	no id of this program is cited by that round's record or its probe-dir files	-	-	REFUSED	1 error [impl Anything for S]: impl Anything for S: associated constant 'AC' has type 'Option<&'c [u8]>', which is not compatible with the trait's 'Option<&'b [	-	unattributed
f32cc1f21bddabce	unattributed (mtime window: 2026-09-13f-declarrivalland)	bc_declarrival_ctor_lt_turbofish_refuse	snapshot:25aa8421-fce1-4a11-8a89-5d2ba5981c88/land0913f.KArC/fixtures4.mabt/fail/bc_declarrival_ctor_lt_turbofish_refuse.logos	-	no id of this program is cited by that round's record or its probe-dir files	-	-	REFUSED	1 /home/logos/sandbox/hand-harvest-2026-09-14/25aa8421-fce1-4a11-8a89-5d2ba5981c88/land0913f.KArC/fixtures4.mabt/fail/bc_declarrival_ctor_lt_turbofish_refuse.lo	-	unattributed
182beb496a54ae13	unattributed (mtime window: 2026-09-13f-declarrivalland)	bc_declarrival_where_undecl_second_param_refuse	snapshot:25aa8421-fce1-4a11-8a89-5d2ba5981c88/land0913f.KArC/fixtures4.mabt/fail/bc_declarrival_where_undecl_second_param_refuse.logos	-	no id of this program is cited by that round's record or its probe-dir files	-	-	REFUSED	1 error [fn f]: unknown type 'T'	-	unattributed
288bee2823545b84	unattributed (mtime window: 2026-09-13f-declarrivalland)	bc_declarrival_where_undecl_method_refuse	snapshot:25aa8421-fce1-4a11-8a89-5d2ba5981c88/land0913f.KArC/fixtures4.mabt/fail/bc_declarrival_where_undecl_method_refuse.logos	-	no id of this program is cited by that round's record or its probe-dir files	-	-	REFUSED	1 error [fn W__get]: unknown type 'T'	-	unattributed
d593241065d6e3c8	unattributed (mtime window: 2026-09-13f-declarrivalland)	bc_declarrival_unit_variant_lt_turbofish_admit	snapshot:25aa8421-fce1-4a11-8a89-5d2ba5981c88/land0913f.KArC/fixtures4.mabt/pass/bc_declarrival_unit_variant_lt_turbofish_admit.logos	-	no id of this program is cited by that round's record or its probe-dir files	-	-	RUNS	3	-	unattributed
43434d2f2ad8cb38	unattributed (mtime window: 2026-09-13f-declarrivalland)	bc_declarrival_where_undecl_method_admit	snapshot:25aa8421-fce1-4a11-8a89-5d2ba5981c88/land0913f.KArC/fixtures4.mabt/pass/bc_declarrival_where_undecl_method_admit.logos	-	no id of this program is cited by that round's record or its probe-dir files	-	-	RUNS	4	-	unattributed
3ddfe7090cb26863	unattributed (mtime window: 2026-09-13f-declarrivalland)	bc_declarrival_ctor_lt_turbofish_admit	snapshot:25aa8421-fce1-4a11-8a89-5d2ba5981c88/land0913f.KArC/fixtures4.mabt/pass/bc_declarrival_ctor_lt_turbofish_admit.logos	-	no id of this program is cited by that round's record or its probe-dir files	-	-	RUNS	7	-	unattributed
7ef1b529a902dd42	unattributed (mtime window: 2026-09-13f-declarrivalland)	bc_declarrival_where_undecl_second_param_admit	snapshot:25aa8421-fce1-4a11-8a89-5d2ba5981c88/land0913f.KArC/fixtures4.mabt/pass/bc_declarrival_where_undecl_second_param_admit.logos	-	no id of this program is cited by that round's record or its probe-dir files	-	-	RUNS	3	-	unattributed
a4f055f00350d8a7	unattributed (mtime window: 2026-09-13f-declarrivalland)	bc_declarrival_where_undecl_impl_header_admit	snapshot:25aa8421-fce1-4a11-8a89-5d2ba5981c88/land0913f.KArC/fixtures4.mabt/pass/bc_declarrival_where_undecl_impl_header_admit.logos	-	no id of this program is cited by that round's record or its probe-dir files	-	-	RUNS	6	-	unattributed
c78f8e35a87e1d2b	unattributed (mtime window: 2026-09-13f-declarrivalland)	bc_declarrival_struct_lit_lt_turbofish_admit	snapshot:25aa8421-fce1-4a11-8a89-5d2ba5981c88/land0913f.KArC/fixtures4.mabt/pass/bc_declarrival_struct_lit_lt_turbofish_admit.logos	-	no id of this program is cited by that round's record or its probe-dir files	-	-	RUNS	5	-	unattributed
368cbb3fce612ef6	unattributed (mtime window: 2026-09-13f-declarrivalland)	bc_declarrival_assoc_const_region_admit	snapshot:25aa8421-fce1-4a11-8a89-5d2ba5981c88/land0913f.KArC/fixtures4.mabt/pass/bc_declarrival_assoc_const_region_admit.logos	-	no id of this program is cited by that round's record or its probe-dir files	-	-	RUNS	4	-	unattributed
5f70ca6217ef9ba7	unattributed (mtime window: 2026-09-13f-declarrivalland)	bc_declarrival_method_ret_slice_region_admit	snapshot:25aa8421-fce1-4a11-8a89-5d2ba5981c88/land0913f.KArC/fixtures4.mabt/pass/bc_declarrival_method_ret_slice_region_admit.logos	-	no id of this program is cited by that round's record or its probe-dir files	-	-	RUNS	3	-	unattributed
b2ad68929e49c141	unattributed (mtime window: 2026-09-13f-declarrivalland)	bc_declarrival_method_ret_slice_region_refuse	snapshot:25aa8421-fce1-4a11-8a89-5d2ba5981c88/land0913f.KArC/selfhdr.AOvJ/bc_declarrival_method_ret_slice_region_refuse.logos	-	no id of this program is cited by that round's record or its probe-dir files	-	-	REFUSED	1 error [fn S__get]: impl Tr for S: method 'get' does not match the trait declaration: the return type is declared '&[i64]' and the impl declares '&[i64]'	-	unattributed
f56bf322948bc88e	unattributed (mtime window: 2026-09-13f-declarrivalland)	G_w28_inherent_noparams_impl_where_self	snapshot:25aa8421-fce1-4a11-8a89-5d2ba5981c88/land0913f.KArC/selfhdr.AOvJ/G_w28_inherent_noparams_impl_where_self.logos	-	no id of this program is cited by that round's record or its probe-dir files	-	-	RUNS	10	-	unattributed
05ddf3a660c8d9e4	unattributed (mtime window: 2026-09-13f-declarrivalland)	X_w12_free_fn_where_self	snapshot:25aa8421-fce1-4a11-8a89-5d2ba5981c88/land0913f.KArC/selfhdr.AOvJ/X_w12_free_fn_where_self.logos	-	no id of this program is cited by that round's record or its probe-dir files	-	-	REFUSED	1 error [fn f]: unknown type 'Self'	-	unattributed
764e26560c6f0eee	unattributed (mtime window: 2026-09-13f-declarrivalland)	G_w27_inherent_generic_impl_where_self	snapshot:25aa8421-fce1-4a11-8a89-5d2ba5981c88/land0913f.KArC/selfhdr.AOvJ/G_w27_inherent_generic_impl_where_self.logos	-	no id of this program is cited by that round's record or its probe-dir files	-	-	RUNS	4	-	unattributed
bf968fb29a63940e	unattributed (mtime window: 2026-09-13f-declarrivalland)	G_w29_struct_generic_where_self	snapshot:25aa8421-fce1-4a11-8a89-5d2ba5981c88/land0913f.KArC/selfhdr.AOvJ/G_w29_struct_generic_where_self.logos	-	no id of this program is cited by that round's record or its probe-dir files	-	-	RUNS	4	-	unattributed
a09142271e96d073	unattributed (mtime window: 2026-09-13f-declarrivalland)	G_k26_const_option_elided_no_lifetimes_in_scope	snapshot:25aa8421-fce1-4a11-8a89-5d2ba5981c88/land0913f.KArC/selfhdr.AOvJ/G_k26_const_option_elided_no_lifetimes_in_scope.logos	-	no id of this program is cited by that round's record or its probe-dir files	-	-	RUNS	3	-	unattributed
3b0a61995cbcf06d	unattributed (mtime window: 2026-09-13f-declarrivalland)	bc_declarrival_where_undecl_second_param_refuse	snapshot:25aa8421-fce1-4a11-8a89-5d2ba5981c88/land0913f.KArC/fixtures.ExdI/fail/bc_declarrival_where_undecl_second_param_refuse.logos	-	no id of this program is cited by that round's record or its probe-dir files	-	-	REFUSED	1 error [fn f]: unknown type 'T'	-	unattributed
822eb3f4cad79154	unattributed (mtime window: 2026-09-13f-declarrivalland)	bc_declarrival_where_undecl_method_refuse	snapshot:25aa8421-fce1-4a11-8a89-5d2ba5981c88/land0913f.KArC/fixtures.ExdI/fail/bc_declarrival_where_undecl_method_refuse.logos	-	no id of this program is cited by that round's record or its probe-dir files	-	-	REFUSED	1 error [fn W__get]: unknown type 'T'	-	unattributed
30d25a4bb6359d4d	unattributed (mtime window: 2026-09-13f-declarrivalland)	bc_declarrival_where_undecl_method_admit	snapshot:25aa8421-fce1-4a11-8a89-5d2ba5981c88/land0913f.KArC/fixtures.ExdI/pass/bc_declarrival_where_undecl_method_admit.logos	-	no id of this program is cited by that round's record or its probe-dir files	-	-	RUNS	4	-	unattributed
bd2b05653cff5f03	unattributed (mtime window: 2026-09-13f-declarrivalland)	bc_declarrival_where_undecl_second_param_admit	snapshot:25aa8421-fce1-4a11-8a89-5d2ba5981c88/land0913f.KArC/fixtures.ExdI/pass/bc_declarrival_where_undecl_second_param_admit.logos	-	no id of this program is cited by that round's record or its probe-dir files	-	-	RUNS	3	-	unattributed
831598d90f8fb44d	unattributed (mtime window: 2026-09-13f-declarrivalland)	bc_declarrival_method_ret_slice_region_admit	snapshot:25aa8421-fce1-4a11-8a89-5d2ba5981c88/land0913f.KArC/fixtures.ExdI/pass/bc_declarrival_method_ret_slice_region_admit.logos	-	no id of this program is cited by that round's record or its probe-dir files	-	-	RUNS	2	-	unattributed
078a6c376165e6aa	unattributed (mtime window: 2026-09-13f-declarrivalland)	G_w24_free_fn_noparams_where_ref_concrete	snapshot:25aa8421-fce1-4a11-8a89-5d2ba5981c88/land0913f.KArC/hbbase2.IlbX/G_w24_free_fn_noparams_where_ref_concrete.logos	-	no id of this program is cited by that round's record or its probe-dir files	-	-	RUNS	6	-	unattributed
85bac264b8fe36f1	unattributed (mtime window: 2026-09-13f-declarrivalland)	X_k06_const_option_static_trait_named_impl	snapshot:25aa8421-fce1-4a11-8a89-5d2ba5981c88/land0913f.KArC/hbbase2.IlbX/X_k06_const_option_static_trait_named_impl.logos	-	no id of this program is cited by that round's record or its probe-dir files	-	-	REFUSED	1 error [impl Named for S]: impl Named for S: associated constant 'N' has type 'Option<&'a [u8]>', which is not compatible with the trait's 'Option<&'static [u8	-	unattributed
a8c7238197fc1d3f	unattributed (mtime window: 2026-09-13f-declarrivalland)	G_w25_inherent_generic_impl_where_on_header_and_method	snapshot:25aa8421-fce1-4a11-8a89-5d2ba5981c88/land0913f.KArC/hbbase2.IlbX/G_w25_inherent_generic_impl_where_on_header_and_method.logos	-	no id of this program is cited by that round's record or its probe-dir files	-	-	RUNS	7	-	unattributed
68cf5f91ee6b8d68	unattributed (mtime window: 2026-09-13f-declarrivalland)	G_k23_const_option_elided_for_named	snapshot:25aa8421-fce1-4a11-8a89-5d2ba5981c88/land0913f.KArC/hbbase2.IlbX/G_k23_const_option_elided_for_named.logos	-	no id of this program is cited by that round's record or its probe-dir files	-	-	RUNS	3	-	unattributed
f3514b03131f9b0e	unattributed (mtime window: 2026-09-13f-declarrivalland)	G_w23_generic_trait_impl_header_where_self_and_param	snapshot:25aa8421-fce1-4a11-8a89-5d2ba5981c88/land0913f.KArC/hbbase2.IlbX/G_w23_generic_trait_impl_header_where_self_and_param.logos	-	no id of this program is cited by that round's record or its probe-dir files	-	-	REFUSED	1 /home/logos/sandbox/hand-harvest-2026-09-14/25aa8421-fce1-4a11-8a89-5d2ba5981c88/land0913f.KArC/hbbase2.IlbX/G_w23_generic_trait_impl_header_where_self_and_pa	-	unattributed
7978dd261b9edde8	unattributed (mtime window: 2026-09-13f-declarrivalland)	G_w26_trait_method_decl_noparams_where_self_sized	snapshot:25aa8421-fce1-4a11-8a89-5d2ba5981c88/land0913f.KArC/hbbase2.IlbX/G_w26_trait_method_decl_noparams_where_self_sized.logos	-	no id of this program is cited by that round's record or its probe-dir files	-	-	RUNS	8	-	unattributed
ac060653b4417456	unattributed (mtime window: 2026-09-13f-declarrivalland)	X_w11_generic_trait_impl_header_where_undecl	snapshot:25aa8421-fce1-4a11-8a89-5d2ba5981c88/land0913f.KArC/hbbase2.IlbX/X_w11_generic_trait_impl_header_where_undecl.logos	-	no id of this program is cited by that round's record or its probe-dir files	-	-	REFUSED	1 error [impl Q for W]: unknown type 'Zed'	-	unattributed
d11cd5c4cf003cc8	unattributed (mtime window: 2026-09-13f-declarrivalland)	G_k24_const_trait_zero_lifetimes_static_str	snapshot:25aa8421-fce1-4a11-8a89-5d2ba5981c88/land0913f.KArC/hbbase2.IlbX/G_k24_const_trait_zero_lifetimes_static_str.logos	-	no id of this program is cited by that round's record or its probe-dir files	-	-	RUNS	6	-	unattributed
8ee365c00ea1c37f	unattributed (mtime window: 2026-09-13f-declarrivalland)	G_w22_trait_impl_header_where_self	snapshot:25aa8421-fce1-4a11-8a89-5d2ba5981c88/land0913f.KArC/hbbase2.IlbX/G_w22_trait_impl_header_where_self.logos	-	no id of this program is cited by that round's record or its probe-dir files	-	-	RUNS	6	-	unattributed
3a9f443770be99ea	unattributed (mtime window: 2026-09-13f-declarrivalland)	G_k25_method_ret_generic_trait_param_slice	snapshot:25aa8421-fce1-4a11-8a89-5d2ba5981c88/land0913f.KArC/hbbase2.IlbX/G_k25_method_ret_generic_trait_param_slice.logos	-	no id of this program is cited by that round's record or its probe-dir files	-	-	RUNS	2	-	unattributed
fd3ace9f9462ffc2	unattributed (mtime window: 2026-09-13f-declarrivalland)	X_w07_struct_noparams_where_undecl	snapshot:25aa8421-fce1-4a11-8a89-5d2ba5981c88/land0913f.KArC/hbfix_whtraitdecl.qRvF/X_w07_struct_noparams_where_undecl.logos	-	no id of this program is cited by that round's record or its probe-dir files	-	-	REFUSED	1 error [struct P]: unknown type 'T'	-	unattributed
003a98bbb719b105	unattributed (mtime window: 2026-09-13f-declarrivalland)	G_c09_struct_lit_turbofish_shorthand	snapshot:25aa8421-fce1-4a11-8a89-5d2ba5981c88/land0913f.KArC/hbfix_whtraitdecl.qRvF/G_c09_struct_lit_turbofish_shorthand.logos	-	no id of this program is cited by that round's record or its probe-dir files	-	-	RUNS	7	-	unattributed
ae172654eb6fc35f	unattributed (mtime window: 2026-09-13f-declarrivalland)	X_k05_const_static_trait_elided_impl_named	snapshot:25aa8421-fce1-4a11-8a89-5d2ba5981c88/land0913f.KArC/hbfix_whtraitdecl.qRvF/X_k05_const_static_trait_elided_impl_named.logos	-	no id of this program is cited by that round's record or its probe-dir files	-	-	REFUSED	1 error [impl Named for S]: impl Named for S: associated constant 'N' has type '&'a [u8]', which is not compatible with the trait's '&'static [u8]' (lifetime mi	-	unattributed
309c423fcd6ed2ed	unattributed (mtime window: 2026-09-13f-declarrivalland)	G_k14_method_ret_static_str_for_b	snapshot:25aa8421-fce1-4a11-8a89-5d2ba5981c88/land0913f.KArC/hbfix_whtraitdecl.qRvF/G_k14_method_ret_static_str_for_b.logos	-	no id of this program is cited by that round's record or its probe-dir files	-	-	RUNS	5	-	unattributed
13ce1b415fbea647	unattributed (mtime window: 2026-09-13f-declarrivalland)	G_k19_const_generic_impl_type_params	snapshot:25aa8421-fce1-4a11-8a89-5d2ba5981c88/land0913f.KArC/hbfix_whtraitdecl.qRvF/G_k19_const_generic_impl_type_params.logos	-	no id of this program is cited by that round's record or its probe-dir files	-	-	RUNS	0	-	unattributed
af832ba259ae3c8c	unattributed (mtime window: 2026-09-13f-declarrivalland)	G_c12_type_qualified_ctor_generic_args	snapshot:25aa8421-fce1-4a11-8a89-5d2ba5981c88/land0913f.KArC/hbfix_whtraitdecl.qRvF/G_c12_type_qualified_ctor_generic_args.logos	-	no id of this program is cited by that round's record or its probe-dir files	-	-	RUNS	2	-	unattributed
100d60f62d03bb15	unattributed (mtime window: 2026-09-13f-declarrivalland)	X_k02_const_array_region_c	snapshot:25aa8421-fce1-4a11-8a89-5d2ba5981c88/land0913f.KArC/hbfix_whtraitdecl.qRvF/X_k02_const_array_region_c.logos	-	no id of this program is cited by that round's record or its probe-dir files	-	-	REFUSED	1 error [impl T2 for S]: impl T2 for S: associated constant 'A' has type '[&'c [u8]; 1]', which is not compatible with the trait's '[&'b [u8]; 1]' (lifetime mis	-	unattributed
70e860676d542291	unattributed (mtime window: 2026-09-13f-declarrivalland)	X_c05_ctor_turbofish_too_few_in_impl	snapshot:25aa8421-fce1-4a11-8a89-5d2ba5981c88/land0913f.KArC/hbfix_whtraitdecl.qRvF/X_c05_ctor_turbofish_too_few_in_impl.logos	-	no id of this program is cited by that round's record or its probe-dir files	-	-	REFUSED	1 /home/logos/sandbox/hand-harvest-2026-09-14/25aa8421-fce1-4a11-8a89-5d2ba5981c88/land0913f.KArC/hbfix_whtraitdecl.qRvF/X_c05_ctor_turbofish_too_few_in_impl.lo	-	unattributed
44f0b06bdef3897f	unattributed (mtime window: 2026-09-13f-declarrivalland)	G_c05_ctor_turbofish_enum_declared_later	snapshot:25aa8421-fce1-4a11-8a89-5d2ba5981c88/land0913f.KArC/hbfix_whtraitdecl.qRvF/G_c05_ctor_turbofish_enum_declared_later.logos	-	no id of this program is cited by that round's record or its probe-dir files	-	-	RUNS	4	-	unattributed
010ebdd54767035d	unattributed (mtime window: 2026-09-13f-declarrivalland)	G_w06_inherent_noparams_header_where_self_type	snapshot:25aa8421-fce1-4a11-8a89-5d2ba5981c88/land0913f.KArC/hbfix_whtraitdecl.qRvF/G_w06_inherent_noparams_header_where_self_type.logos	-	no id of this program is cited by that round's record or its probe-dir files	-	-	RUNS	8	-	unattributed
49ca9b45a2281ec0	unattributed (mtime window: 2026-09-13f-declarrivalland)	X_c04_stdlib_option_some_lifetime_turbofish	snapshot:25aa8421-fce1-4a11-8a89-5d2ba5981c88/land0913f.KArC/hbfix_whtraitdecl.qRvF/X_c04_stdlib_option_some_lifetime_turbofish.logos	-	no id of this program is cited by that round's record or its probe-dir files	-	-	REFUSED	2 /home/logos/sandbox/hand-harvest-2026-09-14/25aa8421-fce1-4a11-8a89-5d2ba5981c88/land0913f.KArC/hbfix_whtraitdecl.qRvF/X_c04_stdlib_option_some_lifetime_turbo	-	unattributed
f44086f2b7e0f9c9	unattributed (mtime window: 2026-09-13f-declarrivalland)	G_w19_struct_noparams_where_concrete	snapshot:25aa8421-fce1-4a11-8a89-5d2ba5981c88/land0913f.KArC/hbfix_whtraitdecl.qRvF/G_w19_struct_noparams_where_concrete.logos	-	no id of this program is cited by that round's record or its probe-dir files	-	-	RUNS	6	-	unattributed
3836ec131ff58850	unattributed (mtime window: 2026-09-13f-declarrivalland)	G_k10_const_self_ref_renamed	snapshot:25aa8421-fce1-4a11-8a89-5d2ba5981c88/land0913f.KArC/hbfix_whtraitdecl.qRvF/G_k10_const_self_ref_renamed.logos	-	no id of this program is cited by that round's record or its probe-dir files	-	-	REFUSED	1 error [impl Tr for S]: impl Tr for S: associated constant 'P' declared as 'Option' but trait requires 'Option'	-	unattributed
c3cc0272519668cb	unattributed (mtime window: 2026-09-13f-declarrivalland)	G_w05_trait_impl_header_where_type_form	snapshot:25aa8421-fce1-4a11-8a89-5d2ba5981c88/land0913f.KArC/hbfix_whtraitdecl.qRvF/G_w05_trait_impl_header_where_type_form.logos	-	no id of this program is cited by that round's record or its probe-dir files	-	-	REFUSED	1 error [/home/logos/sandbox/hand-harvest-2026-09-14/25aa8421-fce1-4a11-8a89-5d2ba5981c88/land0913f.KArC/hbfix_whtraitdecl.qRvF/G_w05_trait_impl_header_where_ty	-	unattributed
fbc49e21cbbb25c2	unattributed (mtime window: 2026-09-13f-declarrivalland)	G_w18_noparam_method_where_outlives_static	snapshot:25aa8421-fce1-4a11-8a89-5d2ba5981c88/land0913f.KArC/hbfix_whtraitdecl.qRvF/G_w18_noparam_method_where_outlives_static.logos	-	no id of this program is cited by that round's record or its probe-dir files	-	-	RUNS	9	-	unattributed
049df25f4a4dcf96	unattributed (mtime window: 2026-09-13f-declarrivalland)	G_c10_ctor_turbofish_impl_binders	snapshot:25aa8421-fce1-4a11-8a89-5d2ba5981c88/land0913f.KArC/hbfix_whtraitdecl.qRvF/G_c10_ctor_turbofish_impl_binders.logos	-	no id of this program is cited by that round's record or its probe-dir files	-	-	RUNS	3	-	unattributed
0d707cbe8fe77943	unattributed (mtime window: 2026-09-13f-declarrivalland)	X_w03_assoc_fn_noself_where_undecl	snapshot:25aa8421-fce1-4a11-8a89-5d2ba5981c88/land0913f.KArC/hbfix_whtraitdecl.qRvF/X_w03_assoc_fn_noself_where_undecl.logos	-	no id of this program is cited by that round's record or its probe-dir files	-	-	REFUSED	1 error [fn S__make]: unknown type 'Zed'	-	unattributed
7190eb05bf15165b	unattributed (mtime window: 2026-09-13f-declarrivalland)	G_k06_const_outlives_in_where	snapshot:25aa8421-fce1-4a11-8a89-5d2ba5981c88/land0913f.KArC/hbfix_whtraitdecl.qRvF/G_k06_const_outlives_in_where.logos	-	no id of this program is cited by that round's record or its probe-dir files	-	-	RUNS	0	-	unattributed
36d630639451a035	unattributed (mtime window: 2026-09-13f-declarrivalland)	G_k05_const_ref_to_str_under_bound	snapshot:25aa8421-fce1-4a11-8a89-5d2ba5981c88/land0913f.KArC/hbfix_whtraitdecl.qRvF/G_k05_const_ref_to_str_under_bound.logos	-	no id of this program is cited by that round's record or its probe-dir files	-	-	REFUSED	1 error [fn S__kassoc_R]: cannot return reference to temporary value: dangling reference	-	unattributed
af1cee5ff6ee4627	unattributed (mtime window: 2026-09-13f-declarrivalland)	G_c07_ctor_turbofish_nested_in_option	snapshot:25aa8421-fce1-4a11-8a89-5d2ba5981c88/land0913f.KArC/hbfix_whtraitdecl.qRvF/G_c07_ctor_turbofish_nested_in_option.logos	-	no id of this program is cited by that round's record or its probe-dir files	-	-	RUNS	2	-	unattributed
aab7bb5872a3e563	unattributed (mtime window: 2026-09-13f-declarrivalland)	G_k15_method_ret_struct_with_slice	snapshot:25aa8421-fce1-4a11-8a89-5d2ba5981c88/land0913f.KArC/hbfix_whtraitdecl.qRvF/G_k15_method_ret_struct_with_slice.logos	-	no id of this program is cited by that round's record or its probe-dir files	-	-	RUNS	3	-	unattributed
7a5a6f6e984c7df0	unattributed (mtime window: 2026-09-13f-declarrivalland)	G_w20_enum_generic_where_declared_later	snapshot:25aa8421-fce1-4a11-8a89-5d2ba5981c88/land0913f.KArC/hbfix_whtraitdecl.qRvF/G_w20_enum_generic_where_declared_later.logos	-	no id of this program is cited by that round's record or its probe-dir files	-	-	RUNS	4	-	unattributed
d826f6e3449bd6d9	unattributed (mtime window: 2026-09-13f-declarrivalland)	G_k13_method_ret_tuple_str_slice	snapshot:25aa8421-fce1-4a11-8a89-5d2ba5981c88/land0913f.KArC/hbfix_whtraitdecl.qRvF/G_k13_method_ret_tuple_str_slice.logos	-	no id of this program is cited by that round's record or its probe-dir files	-	-	RUNS	5	-	unattributed
953294ab675f5f18	unattributed (mtime window: 2026-09-13f-declarrivalland)	G_k09_const_fnptr_hr_for_static	snapshot:25aa8421-fce1-4a11-8a89-5d2ba5981c88/land0913f.KArC/hbfix_whtraitdecl.qRvF/G_k09_const_fnptr_hr_for_static.logos	-	no id of this program is cited by that round's record or its probe-dir files	-	-	RUNS	0	-	unattributed
0d1d4fef5d884eb7	unattributed (mtime window: 2026-09-13f-declarrivalland)	X_w10_trait_default_where_undecl_with_impl	snapshot:25aa8421-fce1-4a11-8a89-5d2ba5981c88/land0913f.KArC/hbfix_whtraitdecl.qRvF/X_w10_trait_default_where_undecl_with_impl.logos	-	no id of this program is cited by that round's record or its probe-dir files	-	-	REFUSED	1 error [trait Q]: unknown type 'T'	-	unattributed
3288d8964049001f	unattributed (mtime window: 2026-09-13f-declarrivalland)	X_w06_trait_method_decl_own_param_where_undecl	snapshot:25aa8421-fce1-4a11-8a89-5d2ba5981c88/land0913f.KArC/hbfix_whtraitdecl.qRvF/X_w06_trait_method_decl_own_param_where_undecl.logos	-	no id of this program is cited by that round's record or its probe-dir files	-	-	REFUSED	1 error [trait Q]: unknown type 'T'	-	unattributed
4992ab1e15bcd72a	unattributed (mtime window: 2026-09-13f-declarrivalland)	G_c02_ctor_turbofish_in_pattern	snapshot:25aa8421-fce1-4a11-8a89-5d2ba5981c88/land0913f.KArC/hbfix_whtraitdecl.qRvF/G_c02_ctor_turbofish_in_pattern.logos	-	no id of this program is cited by that round's record or its probe-dir files	-	-	REFUSED	1 error [/home/logos/sandbox/hand-harvest-2026-09-14/25aa8421-fce1-4a11-8a89-5d2ba5981c88/land0913f.KArC/hbfix_whtraitdecl.qRvF/G_c02_ctor_turbofish_in_pattern.	-	unattributed
34b421a7f5a30c25	unattributed (mtime window: 2026-09-13f-declarrivalland)	G_k21_const_struct_arg_contravariant_fn	snapshot:25aa8421-fce1-4a11-8a89-5d2ba5981c88/land0913f.KArC/hbfix_whtraitdecl.qRvF/G_k21_const_struct_arg_contravariant_fn.logos	-	no id of this program is cited by that round's record or its probe-dir files	-	-	RUNS	0	-	unattributed
8ba69d8d7637621a	unattributed (mtime window: 2026-09-13f-declarrivalland)	G_w04_trait_impl_noparams_header_where_concrete	snapshot:25aa8421-fce1-4a11-8a89-5d2ba5981c88/land0913f.KArC/hbfix_whtraitdecl.qRvF/G_w04_trait_impl_noparams_header_where_concrete.logos	-	no id of this program is cited by that round's record or its probe-dir files	-	-	RUNS	3	-	unattributed
583b950bc4f4b087	unattributed (mtime window: 2026-09-13f-declarrivalland)	G_c01_ctor_turbofish_static_str	snapshot:25aa8421-fce1-4a11-8a89-5d2ba5981c88/land0913f.KArC/hbfix_whtraitdecl.qRvF/G_c01_ctor_turbofish_static_str.logos	-	no id of this program is cited by that round's record or its probe-dir files	-	-	RUNS	3	-	unattributed
4634f69d8ec6e420	unattributed (mtime window: 2026-09-13f-declarrivalland)	G_w13_shadowing_struct_named_T	snapshot:25aa8421-fce1-4a11-8a89-5d2ba5981c88/land0913f.KArC/hbfix_whtraitdecl.qRvF/G_w13_shadowing_struct_named_T.logos	-	no id of this program is cited by that round's record or its probe-dir files	-	-	REFUSED	1 error [struct W (specialization)]: unknown generic type 'W'	-	unattributed
e8a49fa801d507f6	unattributed (mtime window: 2026-09-13f-declarrivalland)	X_c06_ctor_turbofish_too_many_in_pattern	snapshot:25aa8421-fce1-4a11-8a89-5d2ba5981c88/land0913f.KArC/hbfix_whtraitdecl.qRvF/X_c06_ctor_turbofish_too_many_in_pattern.logos	-	no id of this program is cited by that round's record or its probe-dir files	-	-	REFUSED	1 error [/home/logos/sandbox/hand-harvest-2026-09-14/25aa8421-fce1-4a11-8a89-5d2ba5981c88/land0913f.KArC/hbfix_whtraitdecl.qRvF/X_c06_ctor_turbofish_too_many_in	-	unattributed
42f7abcee9c95c5e	unattributed (mtime window: 2026-09-13f-declarrivalland)	G_w01_noparam_method_ref_subject	snapshot:25aa8421-fce1-4a11-8a89-5d2ba5981c88/land0913f.KArC/hbfix_whtraitdecl.qRvF/G_w01_noparam_method_ref_subject.logos	-	no id of this program is cited by that round's record or its probe-dir files	-	-	RUNS	5	-	unattributed
dd7ceab67df94118	unattributed (mtime window: 2026-09-13f-declarrivalland)	X_w04_trait_impl_method_own_param_where_undecl	snapshot:25aa8421-fce1-4a11-8a89-5d2ba5981c88/land0913f.KArC/hbfix_whtraitdecl.qRvF/X_w04_trait_impl_method_own_param_where_undecl.logos	-	no id of this program is cited by that round's record or its probe-dir files	-	-	REFUSED	1 error [fn S__q]: unknown type 'T'	-	unattributed
57fa008ff15bd6a6	unattributed (mtime window: 2026-09-13f-declarrivalland)	G_k11_const_both_elided_str	snapshot:25aa8421-fce1-4a11-8a89-5d2ba5981c88/land0913f.KArC/hbfix_whtraitdecl.qRvF/G_k11_const_both_elided_str.logos	-	no id of this program is cited by that round's record or its probe-dir files	-	-	RUNS	5	-	unattributed
5d8aee7e784570f3	unattributed (mtime window: 2026-09-13f-declarrivalland)	X_k03_const_ref_to_str_inner_c	snapshot:25aa8421-fce1-4a11-8a89-5d2ba5981c88/land0913f.KArC/hbfix_whtraitdecl.qRvF/X_k03_const_ref_to_str_inner_c.logos	-	no id of this program is cited by that round's record or its probe-dir files	-	-	REFUSED	1 error [impl T2 for S]: impl T2 for S: associated constant 'R' has type '&'b &'c [u8]', which is not compatible with the trait's '&'b &'b [u8]' (lifetime misma	-	unattributed
696d672356391707	unattributed (mtime window: 2026-09-13f-declarrivalland)	G_w09_noparam_method_where_fn_bound_impl_param	snapshot:25aa8421-fce1-4a11-8a89-5d2ba5981c88/land0913f.KArC/hbfix_whtraitdecl.qRvF/G_w09_noparam_method_where_fn_bound_impl_param.logos	-	no id of this program is cited by that round's record or its probe-dir files	-	-	REFUSED	1 /home/logos/sandbox/hand-harvest-2026-09-14/25aa8421-fce1-4a11-8a89-5d2ba5981c88/land0913f.KArC/hbfix_whtraitdecl.qRvF/G_w09_noparam_method_where_fn_bound_imp	-	unattributed
3cd0115ca1cffbff	unattributed (mtime window: 2026-09-13f-declarrivalland)	G_k02_const_fnptr_renamed_binder	snapshot:25aa8421-fce1-4a11-8a89-5d2ba5981c88/land0913f.KArC/hbfix_whtraitdecl.qRvF/G_k02_const_fnptr_renamed_binder.logos	-	no id of this program is cited by that round's record or its probe-dir files	-	-	RUNS	0	-	unattributed
c1419a17f64ee93d	unattributed (mtime window: 2026-09-13f-declarrivalland)	X_w01_trait_impl_noparams_header_where_undecl	snapshot:25aa8421-fce1-4a11-8a89-5d2ba5981c88/land0913f.KArC/hbfix_whtraitdecl.qRvF/X_w01_trait_impl_noparams_header_where_undecl.logos	-	no id of this program is cited by that round's record or its probe-dir files	-	-	REFUSED	1 error [impl Q for S]: unknown type 'T'	-	unattributed
17a032bf7f948a65	unattributed (mtime window: 2026-09-13f-declarrivalland)	G_k04_const_array_of_str_under_bound	snapshot:25aa8421-fce1-4a11-8a89-5d2ba5981c88/land0913f.KArC/hbfix_whtraitdecl.qRvF/G_k04_const_array_of_str_under_bound.logos	-	no id of this program is cited by that round's record or its probe-dir files	-	-	RUNS	2	-	unattributed
e08520ae2097c054	unattributed (mtime window: 2026-09-13f-declarrivalland)	G_k08_const_anon_impl_lifetime_elided_const	snapshot:25aa8421-fce1-4a11-8a89-5d2ba5981c88/land0913f.KArC/hbfix_whtraitdecl.qRvF/G_k08_const_anon_impl_lifetime_elided_const.logos	-	no id of this program is cited by that round's record or its probe-dir files	-	-	RUNS	0	-	unattributed
e4e6b20e0ce9eb22	unattributed (mtime window: 2026-09-13f-declarrivalland)	X_k04_method_ret_slice_region_c	snapshot:25aa8421-fce1-4a11-8a89-5d2ba5981c88/land0913f.KArC/hbfix_whtraitdecl.qRvF/X_k04_method_ret_slice_region_c.logos	-	no id of this program is cited by that round's record or its probe-dir files	-	-	REFUSED	1 error [fn S__get]: impl Tr for S: method 'get' does not match the trait declaration: the return type is declared '&'b [i64]' and the impl declares '&'c [i64]'	-	unattributed
feaa0cf7da59cbb2	unattributed (mtime window: 2026-09-13f-declarrivalland)	G_k18_method_ret_static_impl_arg	snapshot:25aa8421-fce1-4a11-8a89-5d2ba5981c88/land0913f.KArC/hbfix_whtraitdecl.qRvF/G_k18_method_ret_static_impl_arg.logos	-	no id of this program is cited by that round's record or its probe-dir files	-	-	RUNS	5	-	unattributed
475b66810c6b7a32	unattributed (mtime window: 2026-09-13f-declarrivalland)	G_c08_unit_variant_turbofish_right_count	snapshot:25aa8421-fce1-4a11-8a89-5d2ba5981c88/land0913f.KArC/hbfix_whtraitdecl.qRvF/G_c08_unit_variant_turbofish_right_count.logos	-	no id of this program is cited by that round's record or its probe-dir files	-	-	RUNS	5	-	unattributed
dad23ff327bef437	unattributed (mtime window: 2026-09-13f-declarrivalland)	G_c06_ctor_turbofish_named_in_generic_fn	snapshot:25aa8421-fce1-4a11-8a89-5d2ba5981c88/land0913f.KArC/hbfix_whtraitdecl.qRvF/G_c06_ctor_turbofish_named_in_generic_fn.logos	-	no id of this program is cited by that round's record or its probe-dir files	-	-	RUNS	8	-	unattributed
42edec3681a5bcce	unattributed (mtime window: 2026-09-13f-declarrivalland)	G_k20_const_tuple_crossed_positional	snapshot:25aa8421-fce1-4a11-8a89-5d2ba5981c88/land0913f.KArC/hbfix_whtraitdecl.qRvF/G_k20_const_tuple_crossed_positional.logos	-	no id of this program is cited by that round's record or its probe-dir files	-	-	RUNS	0	-	unattributed
67cec48e6ff47a92	unattributed (mtime window: 2026-09-13f-declarrivalland)	G_k22_method_ret_array_of_str	snapshot:25aa8421-fce1-4a11-8a89-5d2ba5981c88/land0913f.KArC/hbfix_whtraitdecl.qRvF/G_k22_method_ret_array_of_str.logos	-	no id of this program is cited by that round's record or its probe-dir files	-	-	REFUSED	1 error: 'llvm.getelementptr' op operand #0 must be LLVM pointer type or LLVM dialect-compatible vector of LLVM pointer type, but got '!llvm.array<2 x struct<(p	-	unattributed
cf08b784b36aced0	unattributed (mtime window: 2026-09-13f-declarrivalland)	G_w21_trait_impl_method_where_hrtb	snapshot:25aa8421-fce1-4a11-8a89-5d2ba5981c88/land0913f.KArC/hbfix_whtraitdecl.qRvF/G_w21_trait_impl_method_where_hrtb.logos	-	no id of this program is cited by that round's record or its probe-dir files	-	-	RUNS	4	-	unattributed
811c7e917f1c417a	unattributed (mtime window: 2026-09-13f-declarrivalland)	G_k07_const_static_args	snapshot:25aa8421-fce1-4a11-8a89-5d2ba5981c88/land0913f.KArC/hbfix_whtraitdecl.qRvF/G_k07_const_static_args.logos	-	no id of this program is cited by that round's record or its probe-dir files	-	-	RUNS	4	-	unattributed
e939443fc7b21ab2	unattributed (mtime window: 2026-09-13f-declarrivalland)	X_c03_unit_variant_turbofish_on_lifetime_free_enum	snapshot:25aa8421-fce1-4a11-8a89-5d2ba5981c88/land0913f.KArC/hbfix_whtraitdecl.qRvF/X_c03_unit_variant_turbofish_on_lifetime_free_enum.logos	-	no id of this program is cited by that round's record or its probe-dir files	-	-	REFUSED	1 /home/logos/sandbox/hand-harvest-2026-09-14/25aa8421-fce1-4a11-8a89-5d2ba5981c88/land0913f.KArC/hbfix_whtraitdecl.qRvF/X_c03_unit_variant_turbofish_on_lifetim	-	unattributed
8efff54639fbba28	unattributed (mtime window: 2026-09-13f-declarrivalland)	G_c11_ctor_as_fn_value_turbofish	snapshot:25aa8421-fce1-4a11-8a89-5d2ba5981c88/land0913f.KArC/hbfix_whtraitdecl.qRvF/G_c11_ctor_as_fn_value_turbofish.logos	-	no id of this program is cited by that round's record or its probe-dir files	-	-	REFUSED	1 /home/logos/sandbox/hand-harvest-2026-09-14/25aa8421-fce1-4a11-8a89-5d2ba5981c88/land0913f.KArC/hbfix_whtraitdecl.qRvF/G_c11_ctor_as_fn_value_turbofish.logos:	-	unattributed
ae7d7585a10ec2b4	unattributed (mtime window: 2026-09-13f-declarrivalland)	G_w02_trait_default_where_trait_param	snapshot:25aa8421-fce1-4a11-8a89-5d2ba5981c88/land0913f.KArC/hbfix_whtraitdecl.qRvF/G_w02_trait_default_where_trait_param.logos	-	no id of this program is cited by that round's record or its probe-dir files	-	-	RUNS	8	-	unattributed
8339e714b71bc36f	unattributed (mtime window: 2026-09-13f-declarrivalland)	G_k17_method_ret_mut_slice	snapshot:25aa8421-fce1-4a11-8a89-5d2ba5981c88/land0913f.KArC/hbfix_whtraitdecl.qRvF/G_k17_method_ret_mut_slice.logos	-	no id of this program is cited by that round's record or its probe-dir files	-	-	RUNS	9	-	unattributed
74d419dd603ce60a	unattributed (mtime window: 2026-09-13f-declarrivalland)	G_w15_trait_method_decl_own_param_and_trait_param	snapshot:25aa8421-fce1-4a11-8a89-5d2ba5981c88/land0913f.KArC/hbfix_whtraitdecl.qRvF/G_w15_trait_method_decl_own_param_and_trait_param.logos	-	no id of this program is cited by that round's record or its probe-dir files	-	-	RUNS	5	-	unattributed
9352bed67f14b80c	unattributed (mtime window: 2026-09-13f-declarrivalland)	X_w09_where_undecl_becomes_second_param	snapshot:25aa8421-fce1-4a11-8a89-5d2ba5981c88/land0913f.KArC/hbfix_whtraitdecl.qRvF/X_w09_where_undecl_becomes_second_param.logos	-	no id of this program is cited by that round's record or its probe-dir files	-	-	REFUSED	1 error [fn f]: unknown type 'T'	-	unattributed
dd1a1a7fc2f79f93	unattributed (mtime window: 2026-09-13f-declarrivalland)	X_w02_inherent_noparams_header_where_undecl	snapshot:25aa8421-fce1-4a11-8a89-5d2ba5981c88/land0913f.KArC/hbfix_whtraitdecl.qRvF/X_w02_inherent_noparams_header_where_undecl.logos	-	no id of this program is cited by that round's record or its probe-dir files	-	-	REFUSED	1 error [impl S]: unknown type 'Zed'	-	unattributed
815e06dd049a9d26	unattributed (mtime window: 2026-09-13f-declarrivalland)	G_w14_gat_where_self_outlives	snapshot:25aa8421-fce1-4a11-8a89-5d2ba5981c88/land0913f.KArC/hbfix_whtraitdecl.qRvF/G_w14_gat_where_self_outlives.logos	-	no id of this program is cited by that round's record or its probe-dir files	-	-	REFUSED	1 error [/home/logos/sandbox/hand-harvest-2026-09-14/25aa8421-fce1-4a11-8a89-5d2ba5981c88/land0913f.KArC/hbfix_whtraitdecl.qRvF/G_w14_gat_where_self_outlives.lo	-	unattributed
1966851dd3a4a959	unattributed (mtime window: 2026-09-13f-declarrivalland)	G_k01_const_dyn_renamed_binder	snapshot:25aa8421-fce1-4a11-8a89-5d2ba5981c88/land0913f.KArC/hbfix_whtraitdecl.qRvF/G_k01_const_dyn_renamed_binder.logos	-	no id of this program is cited by that round's record or its probe-dir files	-	-	RUNS	0	-	unattributed
e17b429bb449b36f	unattributed (mtime window: 2026-09-13f-declarrivalland)	G_w03_assoc_fn_noself_where_impl_param	snapshot:25aa8421-fce1-4a11-8a89-5d2ba5981c88/land0913f.KArC/hbfix_whtraitdecl.qRvF/G_w03_assoc_fn_noself_where_impl_param.logos	-	no id of this program is cited by that round's record or its probe-dir files	-	-	RUNS	6	-	unattributed
729778640d49226a	unattributed (mtime window: 2026-09-13f-declarrivalland)	X_c02_struct_lit_turbofish_on_lifetime_free_struct	snapshot:25aa8421-fce1-4a11-8a89-5d2ba5981c88/land0913f.KArC/hbfix_whtraitdecl.qRvF/X_c02_struct_lit_turbofish_on_lifetime_free_struct.logos	-	no id of this program is cited by that round's record or its probe-dir files	-	-	REFUSED	1 /home/logos/sandbox/hand-harvest-2026-09-14/25aa8421-fce1-4a11-8a89-5d2ba5981c88/land0913f.KArC/hbfix_whtraitdecl.qRvF/X_c02_struct_lit_turbofish_on_lifetime_	-	unattributed
5974d6cddf93e785	unattributed (mtime window: 2026-09-13f-declarrivalland)	bc_declarrival_method_ret_slice_region_refuse	snapshot:25aa8421-fce1-4a11-8a89-5d2ba5981c88/land0913f.KArC/fixtures2.i9VZ/fail/bc_declarrival_method_ret_slice_region_refuse.logos	-	no id of this program is cited by that round's record or its probe-dir files	-	-	REFUSED	1 error [fn S__get]: impl Tr for S: method 'get' does not match the trait declaration: the return type is declared '&'b [i64]' and the impl declares '&'c [i64]'	-	unattributed
a5cad6f0869d9527	unattributed (mtime window: 2026-09-13f-declarrivalland)	bc_declarrival_method_ret_slice_region_admit	snapshot:25aa8421-fce1-4a11-8a89-5d2ba5981c88/land0913f.KArC/fixtures2.i9VZ/pass/bc_declarrival_method_ret_slice_region_admit.logos	-	no id of this program is cited by that round's record or its probe-dir files	-	-	REFUSED	1 /home/logos/sandbox/hand-harvest-2026-09-14/25aa8421-fce1-4a11-8a89-5d2ba5981c88/land0913f.KArC/fixtures2.i9VZ/pass/bc_declarrival_method_ret_slice_region_adm	-	unattributed
5fd5037b1a0cca75	unattributed (mtime window: 2026-09-13f-declarrivalland)	fe_enum_ctor_as_fn_value	snapshot:25aa8421-fce1-4a11-8a89-5d2ba5981c88/land0913f.KArC/found.k2u6/fe_enum_ctor_as_fn_value.logos	-	no id of this program is cited by that round's record or its probe-dir files	-	-	REFUSED	1 /home/logos/sandbox/hand-harvest-2026-09-14/25aa8421-fce1-4a11-8a89-5d2ba5981c88/land0913f.KArC/found.k2u6/fe_enum_ctor_as_fn_value.logos:5: error [fn main]: 	-	unattributed
60c765afa107f392	unattributed (mtime window: 2026-09-13f-declarrivalland)	fa_ctl_free_const_promoted_ref_to_str	snapshot:25aa8421-fce1-4a11-8a89-5d2ba5981c88/land0913f.KArC/found.k2u6/fa_ctl_free_const_promoted_ref_to_str.logos	-	no id of this program is cited by that round's record or its probe-dir files	-	-	REFUSED	1 /home/logos/sandbox/hand-harvest-2026-09-14/25aa8421-fce1-4a11-8a89-5d2ba5981c88/land0913f.KArC/found.k2u6/fa_ctl_free_const_promoted_ref_to_str.logos:4: erro	-	unattributed
3277c90f82f91c25	unattributed (mtime window: 2026-09-13f-declarrivalland)	fc_ctl_distinct_names	snapshot:25aa8421-fce1-4a11-8a89-5d2ba5981c88/land0913f.KArC/found.k2u6/fc_ctl_distinct_names.logos	-	no id of this program is cited by that round's record or its probe-dir files	-	-	RUNS	6	-	unattributed
97d873393ebf36c2	unattributed (mtime window: 2026-09-13f-declarrivalland)	fb_ctl_header_bound_on_impl_param	snapshot:25aa8421-fce1-4a11-8a89-5d2ba5981c88/land0913f.KArC/found.k2u6/fb_ctl_header_bound_on_impl_param.logos	-	no id of this program is cited by that round's record or its probe-dir files	-	-	RUNS	9	-	unattributed
3a5eed3f28bdcd58	unattributed (mtime window: 2026-09-13f-declarrivalland)	fb2_method_where_trait_bound_on_impl_param	snapshot:25aa8421-fce1-4a11-8a89-5d2ba5981c88/land0913f.KArC/found.k2u6/fb2_method_where_trait_bound_on_impl_param.logos	-	no id of this program is cited by that round's record or its probe-dir files	-	-	RUNS	5	-	unattributed
b9550d50ab3c22d7	unattributed (mtime window: 2026-09-13f-declarrivalland)	fa_assoc_const_promoted_ref_to_str	snapshot:25aa8421-fce1-4a11-8a89-5d2ba5981c88/land0913f.KArC/found.k2u6/fa_assoc_const_promoted_ref_to_str.logos	-	no id of this program is cited by that round's record or its probe-dir files	-	-	REFUSED	1 /home/logos/sandbox/hand-harvest-2026-09-14/25aa8421-fce1-4a11-8a89-5d2ba5981c88/land0913f.KArC/found.k2u6/fa_assoc_const_promoted_ref_to_str.logos:10: error 	-	unattributed
25545cf3b360bda4	unattributed (mtime window: 2026-09-13f-declarrivalland)	fc_struct_named_like_type_param	snapshot:25aa8421-fce1-4a11-8a89-5d2ba5981c88/land0913f.KArC/found.k2u6/fc_struct_named_like_type_param.logos	-	no id of this program is cited by that round's record or its probe-dir files	-	-	REFUSED	2 /home/logos/sandbox/hand-harvest-2026-09-14/25aa8421-fce1-4a11-8a89-5d2ba5981c88/land0913f.KArC/found.k2u6/fc_struct_named_like_type_param.logos:5: error [fn 	-	unattributed
c8e4e97f9d12f094	unattributed (mtime window: 2026-09-13f-declarrivalland)	fd_ctl_fn_returns_array_of_i64	snapshot:25aa8421-fce1-4a11-8a89-5d2ba5981c88/land0913f.KArC/found.k2u6/fd_ctl_fn_returns_array_of_i64.logos	-	no id of this program is cited by that round's record or its probe-dir files	-	-	RUNS	3	-	unattributed
8c59f34f36fdcd93	unattributed (mtime window: 2026-09-13f-declarrivalland)	fd_fn_returns_array_of_str	snapshot:25aa8421-fce1-4a11-8a89-5d2ba5981c88/land0913f.KArC/found.k2u6/fd_fn_returns_array_of_str.logos	-	no id of this program is cited by that round's record or its probe-dir files	-	-	RUNS	3	-	unattributed
51e9a80670f74536	unattributed (mtime window: 2026-09-13f-declarrivalland)	fb_method_where_bound_on_impl_param	snapshot:25aa8421-fce1-4a11-8a89-5d2ba5981c88/land0913f.KArC/found.k2u6/fb_method_where_bound_on_impl_param.logos	-	no id of this program is cited by that round's record or its probe-dir files	-	-	REFUSED	1 /home/logos/sandbox/hand-harvest-2026-09-14/25aa8421-fce1-4a11-8a89-5d2ba5981c88/land0913f.KArC/found.k2u6/fb_method_where_bound_on_impl_param.logos:7: error 	-	unattributed
a59e6f8640e7b23a	unattributed (mtime window: 2026-09-13f-declarrivalland)	t5_enum_variant_in_pattern_turbofish	snapshot:25aa8421-fce1-4a11-8a89-5d2ba5981c88/land0913f.KArC/tfnb.kggI/t5_enum_variant_in_pattern_turbofish.logos	-	no id of this program is cited by that round's record or its probe-dir files	-	-	REFUSED	1 error [/home/logos/sandbox/hand-harvest-2026-09-14/25aa8421-fce1-4a11-8a89-5d2ba5981c88/land0913f.KArC/tfnb.kggI/t5_enum_variant_in_pattern_turbofish.logos]: 	-	unattributed
532d415ca5adc0e5	unattributed (mtime window: 2026-09-13f-declarrivalland)	t4_generic_call_turbofish_type_and_lifetime	snapshot:25aa8421-fce1-4a11-8a89-5d2ba5981c88/land0913f.KArC/tfnb.kggI/t4_generic_call_turbofish_type_and_lifetime.logos	-	no id of this program is cited by that round's record or its probe-dir files	-	-	REFUSED	3 /home/logos/sandbox/hand-harvest-2026-09-14/25aa8421-fce1-4a11-8a89-5d2ba5981c88/land0913f.KArC/tfnb.kggI/t4_generic_call_turbofish_type_and_lifetime.logos:5:	-	unattributed
65670b0bed972c40	unattributed (mtime window: 2026-09-13f-declarrivalland)	t3_fn_ref_turbofish_lifetime	snapshot:25aa8421-fce1-4a11-8a89-5d2ba5981c88/land0913f.KArC/tfnb.kggI/t3_fn_ref_turbofish_lifetime.logos	-	no id of this program is cited by that round's record or its probe-dir files	-	-	REFUSED	3 /home/logos/sandbox/hand-harvest-2026-09-14/25aa8421-fce1-4a11-8a89-5d2ba5981c88/land0913f.KArC/tfnb.kggI/t3_fn_ref_turbofish_lifetime.logos:4: error [fn main	-	unattributed
56bd0001bd45f2be	unattributed (mtime window: 2026-09-13f-declarrivalland)	t1_method_turbofish_lifetime	snapshot:25aa8421-fce1-4a11-8a89-5d2ba5981c88/land0913f.KArC/tfnb.kggI/t1_method_turbofish_lifetime.logos	-	no id of this program is cited by that round's record or its probe-dir files	-	-	REFUSED	1 /home/logos/sandbox/hand-harvest-2026-09-14/25aa8421-fce1-4a11-8a89-5d2ba5981c88/land0913f.KArC/tfnb.kggI/t1_method_turbofish_lifetime.logos:8: error [fn main	-	unattributed
f93f2127ea061106	unattributed (mtime window: 2026-09-13f-declarrivalland)	t2_static_call_turbofish_lifetime	snapshot:25aa8421-fce1-4a11-8a89-5d2ba5981c88/land0913f.KArC/tfnb.kggI/t2_static_call_turbofish_lifetime.logos	-	no id of this program is cited by that round's record or its probe-dir files	-	-	RUNS	4	-	unattributed
b339bcc88943b85a	unattributed (mtime window: 2026-09-14a-ptrcoerce)	borrowck-loan-vec-content	snapshot:25aa8421-fce1-4a11-8a89-5d2ba5981c88/survey14a.MrUR/rows/borrowck-loan-vec-content.logos	-	no id of this program is cited by that round's record or its probe-dir files	-	-	REFUSED	1 error [fn has_mut_vec_but_tries_to_change_it]: cannot borrow 'v' as mutable: 'v' has shared borrows	-	unattributed
2717aef446601f77	unattributed (mtime window: 2026-09-14a-ptrcoerce)	type-check-pointer-coercions	snapshot:25aa8421-fce1-4a11-8a89-5d2ba5981c88/survey14a.MrUR/rows/type-check-pointer-coercions.logos	-	no id of this program is cited by that round's record or its probe-dir files	-	-	REFUSED	4 /home/logos/sandbox/hand-harvest-2026-09-14/25aa8421-fce1-4a11-8a89-5d2ba5981c88/survey14a.MrUR/rows/type-check-pointer-coercions.logos:17: error [fn shared_t	-	unattributed
d2ce1212bfd63c37	unattributed (mtime window: 2026-09-14a-ptrcoerce)	L09_local_addr_to_ptr_call	snapshot:25aa8421-fce1-4a11-8a89-5d2ba5981c88/survey14a.MrUR/bat/L09_local_addr_to_ptr_call.logos	-	no id of this program is cited by that round's record or its probe-dir files	-	-	RUNS	0	-	unattributed
c7cc08b167af2b8b	unattributed (mtime window: 2026-09-14a-ptrcoerce)	L14_self_raw_in_generic_impl	snapshot:25aa8421-fce1-4a11-8a89-5d2ba5981c88/survey14a.MrUR/bat/L14_self_raw_in_generic_impl.logos	-	no id of this program is cited by that round's record or its probe-dir files	-	-	RUNS	0	-	unattributed
f0bf5a72cc41caff	unattributed (mtime window: 2026-09-14a-ptrcoerce)	L07_let_elided_ptr_annot	snapshot:25aa8421-fce1-4a11-8a89-5d2ba5981c88/survey14a.MrUR/bat/L07_let_elided_ptr_annot.logos	-	no id of this program is cited by that round's record or its probe-dir files	-	-	RUNS	0	-	unattributed
5f826cde712ad7a7	unattributed (mtime window: 2026-09-14a-ptrcoerce)	L10_longer_to_shorter_constptr	snapshot:25aa8421-fce1-4a11-8a89-5d2ba5981c88/survey14a.MrUR/bat/L10_longer_to_shorter_constptr.logos	-	no id of this program is cited by that round's record or its probe-dir files	-	-	RUNS	0	-	unattributed
b8a91f5b3e5b3efd	unattributed (mtime window: 2026-09-14a-ptrcoerce)	L13_str_to_ptr_u8_elem	snapshot:25aa8421-fce1-4a11-8a89-5d2ba5981c88/survey14a.MrUR/bat/L13_str_to_ptr_u8_elem.logos	-	no id of this program is cited by that round's record or its probe-dir files	-	-	RUNS	0	-	unattributed
d3d948eaed0f109c	unattributed (mtime window: 2026-09-14a-ptrcoerce)	L16_mutref_to_shared_ptr_static	snapshot:25aa8421-fce1-4a11-8a89-5d2ba5981c88/survey14a.MrUR/bat/L16_mutref_to_shared_ptr_static.logos	-	no id of this program is cited by that round's record or its probe-dir files	-	-	RUNS	0	-	unattributed
eeb2cf56b5a0df0e	unattributed (mtime window: 2026-09-14a-ptrcoerce)	L04_mutref_same_region_to_mutptr	snapshot:25aa8421-fce1-4a11-8a89-5d2ba5981c88/survey14a.MrUR/bat/L04_mutref_same_region_to_mutptr.logos	-	no id of this program is cited by that round's record or its probe-dir files	-	-	RUNS	0	-	unattributed
e390a1325b7a5738	unattributed (mtime window: 2026-09-14a-ptrcoerce)	L05_mutptr_to_constptr_same	snapshot:25aa8421-fce1-4a11-8a89-5d2ba5981c88/survey14a.MrUR/bat/L05_mutptr_to_constptr_same.logos	-	no id of this program is cited by that round's record or its probe-dir files	-	-	RUNS	0	-	unattributed
378ac27811137d24	unattributed (mtime window: 2026-09-14a-ptrcoerce)	L02_mutself_to_mutptr	snapshot:25aa8421-fce1-4a11-8a89-5d2ba5981c88/survey14a.MrUR/bat/L02_mutself_to_mutptr.logos	-	no id of this program is cited by that round's record or its probe-dir files	-	-	RUNS	0	-	unattributed
61dfcba344358549	unattributed (mtime window: 2026-09-14a-ptrcoerce)	L08_arg_ptr_param_elided	snapshot:25aa8421-fce1-4a11-8a89-5d2ba5981c88/survey14a.MrUR/bat/L08_arg_ptr_param_elided.logos	-	no id of this program is cited by that round's record or its probe-dir files	-	-	RUNS	0	-	unattributed
34d3610c5b871c9e	unattributed (mtime window: 2026-09-14a-ptrcoerce)	I03_mutptr_to_constptr	snapshot:25aa8421-fce1-4a11-8a89-5d2ba5981c88/survey14a.MrUR/bat/I03_mutptr_to_constptr.logos	-	no id of this program is cited by that round's record or its probe-dir files	-	-	REFUSED	1 /home/logos/sandbox/hand-harvest-2026-09-14/25aa8421-fce1-4a11-8a89-5d2ba5981c88/survey14a.MrUR/bat/I03_mutptr_to_constptr.logos:3: error [fn f]: return type 	-	unattributed
32c98721677000ba	unattributed (mtime window: 2026-09-14a-ptrcoerce)	L11_field_ptr_store	snapshot:25aa8421-fce1-4a11-8a89-5d2ba5981c88/survey14a.MrUR/bat/L11_field_ptr_store.logos	-	no id of this program is cited by that round's record or its probe-dir files	-	-	RUNS	0	-	unattributed
3e716bbcf9c5bd4d	unattributed (mtime window: 2026-09-14a-ptrcoerce)	L03_static_to_constptr_shorter	snapshot:25aa8421-fce1-4a11-8a89-5d2ba5981c88/survey14a.MrUR/bat/L03_static_to_constptr_shorter.logos	-	no id of this program is cited by that round's record or its probe-dir files	-	-	RUNS	0	-	unattributed
2ee2b445ef3294a5	unattributed (mtime window: 2026-09-14a-ptrcoerce)	L12_generic_mut_slot	snapshot:25aa8421-fce1-4a11-8a89-5d2ba5981c88/survey14a.MrUR/bat/L12_generic_mut_slot.logos	-	no id of this program is cited by that round's record or its probe-dir files	-	-	RUNS	0	-	unattributed
5c0eb316d7433d1d	unattributed (mtime window: 2026-09-14a-ptrcoerce)	L15_assign_ptr_var	snapshot:25aa8421-fce1-4a11-8a89-5d2ba5981c88/survey14a.MrUR/bat/L15_assign_ptr_var.logos	-	no id of this program is cited by that round's record or its probe-dir files	-	-	RUNS	0	-	unattributed
1b5a85c34e6221ca	unattributed (mtime window: 2026-09-14a-ptrcoerce)	L01_generic_ref_to_constptr	snapshot:25aa8421-fce1-4a11-8a89-5d2ba5981c88/survey14a.MrUR/bat/L01_generic_ref_to_constptr.logos	-	no id of this program is cited by that round's record or its probe-dir files	-	-	RUNS	0	-	unattributed
1737316c690147d8	unattributed (mtime window: 2026-09-14a-ptrcoerce)	L06_struct_lt_to_ptr	snapshot:25aa8421-fce1-4a11-8a89-5d2ba5981c88/survey14a.MrUR/bat/L06_struct_lt_to_ptr.logos	-	no id of this program is cited by that round's record or its probe-dir files	-	-	RUNS	0	-	unattributed
75b7748799fd52b3	unattributed (mtime window: 2026-09-14a-ptrcoerce)	n2c1_rename_legal	snapshot:25aa8421-fce1-4a11-8a89-5d2ba5981c88/survey14a.MrUR/ctl/n2c1_rename_legal.logos	-	no id of this program is cited by that round's record or its probe-dir files	-	-	RUNS	0	-	unattributed
4e4de627db13215a	unattributed (mtime window: 2026-09-14a-ptrcoerce)	lv3_closure_scalar	snapshot:25aa8421-fce1-4a11-8a89-5d2ba5981c88/survey14a.MrUR/ctl/lv3_closure_scalar.logos	-	no id of this program is cited by that round's record or its probe-dir files	-	-	REFUSED	1 error [fn main]: cannot assign to 'x' because it is borrowed	-	unattributed
3e0f07543b5769e0	unattributed (mtime window: 2026-09-14a-ptrcoerce)	cr1_explicit	snapshot:25aa8421-fce1-4a11-8a89-5d2ba5981c88/survey14a.MrUR/ctl/cr1_explicit.logos	-	no id of this program is cited by that round's record or its probe-dir files	-	-	RUNS	0	-	unattributed
e8dc6af5998476d2	unattributed (mtime window: 2026-09-14a-ptrcoerce)	va2_static_both	snapshot:25aa8421-fce1-4a11-8a89-5d2ba5981c88/survey14a.MrUR/ctl/va2_static_both.logos	-	no id of this program is cited by that round's record or its probe-dir files	-	-	REFUSED	1 /home/logos/sandbox/hand-harvest-2026-09-14/25aa8421-fce1-4a11-8a89-5d2ba5981c88/survey14a.MrUR/ctl/va2_static_both.logos:6: error [fn main]: let 'x': varianc	-	unattributed
2997b2e7ba4c22cf	unattributed (mtime window: 2026-09-14a-ptrcoerce)	r14c_ptr_same_kind	snapshot:25aa8421-fce1-4a11-8a89-5d2ba5981c88/survey14a.MrUR/ctl/r14c_ptr_same_kind.logos	-	no id of this program is cited by that round's record or its probe-dir files	-	-	REFUSED	1 /home/logos/sandbox/hand-harvest-2026-09-14/25aa8421-fce1-4a11-8a89-5d2ba5981c88/survey14a.MrUR/ctl/r14c_ptr_same_kind.logos:3: error [fn f]: return type mism	-	unattributed
7f2d28884f420517	unattributed (mtime window: 2026-09-14a-ptrcoerce)	e0226_row	snapshot:25aa8421-fce1-4a11-8a89-5d2ba5981c88/survey14a.MrUR/ctl/e0226_row.logos	-	no id of this program is cited by that round's record or its probe-dir files	-	-	RUNS	0	-	unattributed
071247b2123a1de4	unattributed (mtime window: 2026-09-14a-ptrcoerce)	n2b1_plain_T	snapshot:25aa8421-fce1-4a11-8a89-5d2ba5981c88/survey14a.MrUR/ctl/n2b1_plain_T.logos	-	no id of this program is cited by that round's record or its probe-dir files	-	-	REFUSED	1 /home/logos/sandbox/hand-harvest-2026-09-14/25aa8421-fce1-4a11-8a89-5d2ba5981c88/survey14a.MrUR/ctl/n2b1_plain_T.logos:7: error [fn foo]: call to 'bar': the p	-	unattributed
2548b6e086d3387b	unattributed (mtime window: 2026-09-14a-ptrcoerce)	cr4_fn_two_args	snapshot:25aa8421-fce1-4a11-8a89-5d2ba5981c88/survey14a.MrUR/ctl/cr4_fn_two_args.logos	-	no id of this program is cited by that round's record or its probe-dir files	-	-	REFUSED	1 error [fn main]: 'y' does not live long enough: it is borrowed by 'p', which is used here after 'y' goes out of scope (E0597)	-	unattributed
4a9022d2e4f8163d	unattributed (mtime window: 2026-09-14a-ptrcoerce)	b51a_explicit_refmut	snapshot:25aa8421-fce1-4a11-8a89-5d2ba5981c88/survey14a.MrUR/ctl/b51a_explicit_refmut.logos	-	no id of this program is cited by that round's record or its probe-dir files	-	-	REFUSED	1 error [fn main]: cannot borrow 'bar' as mutable: field of 'bar' is already borrowed	-	unattributed
dbc00db6cba4bf44	unattributed (mtime window: 2026-09-14a-ptrcoerce)	lv4_closure_index_write_array	snapshot:25aa8421-fce1-4a11-8a89-5d2ba5981c88/survey14a.MrUR/ctl/lv4_closure_index_write_array.logos	-	no id of this program is cited by that round's record or its probe-dir files	-	-	REFUSED	2 error [fn main]: cannot assign through 'a[..]' because 'a' is borrowed	-	unattributed
78017523a000f19c	unattributed (mtime window: 2026-09-14a-ptrcoerce)	n2c0_nobound	snapshot:25aa8421-fce1-4a11-8a89-5d2ba5981c88/survey14a.MrUR/ctl/n2c0_nobound.logos	-	no id of this program is cited by that round's record or its probe-dir files	-	-	REFUSED	1 /home/logos/sandbox/hand-harvest-2026-09-14/25aa8421-fce1-4a11-8a89-5d2ba5981c88/survey14a.MrUR/ctl/n2c0_nobound.logos:6: error [fn foo]: call to 'bar': the p	-	unattributed
52c39df591b0945c	unattributed (mtime window: 2026-09-14a-ptrcoerce)	mg3_direct_guard_move	snapshot:25aa8421-fce1-4a11-8a89-5d2ba5981c88/survey14a.MrUR/ctl/mg3_direct_guard_move.logos	-	no id of this program is cited by that round's record or its probe-dir files	-	-	RUNS	2	-	unattributed
86b424cab3bf736b	unattributed (mtime window: 2026-09-14a-ptrcoerce)	n2c2_transitive_legal	snapshot:25aa8421-fce1-4a11-8a89-5d2ba5981c88/survey14a.MrUR/ctl/n2c2_transitive_legal.logos	-	no id of this program is cited by that round's record or its probe-dir files	-	-	RUNS	0	-	unattributed
c317a6376d52d7a0	unattributed (mtime window: 2026-09-14a-ptrcoerce)	r14f_ptr_let	snapshot:25aa8421-fce1-4a11-8a89-5d2ba5981c88/survey14a.MrUR/ctl/r14f_ptr_let.logos	-	no id of this program is cited by that round's record or its probe-dir files	-	-	REFUSED	1 /home/logos/sandbox/hand-harvest-2026-09-14/25aa8421-fce1-4a11-8a89-5d2ba5981c88/survey14a.MrUR/ctl/r14f_ptr_let.logos:3: error [fn f]: let 'y': variance mism	-	unattributed
5e83ae3834f9255d	unattributed (mtime window: 2026-09-14a-ptrcoerce)	r14a_ref_ret	snapshot:25aa8421-fce1-4a11-8a89-5d2ba5981c88/survey14a.MrUR/ctl/r14a_ref_ret.logos	-	no id of this program is cited by that round's record or its probe-dir files	-	-	REFUSED	1 /home/logos/sandbox/hand-harvest-2026-09-14/25aa8421-fce1-4a11-8a89-5d2ba5981c88/survey14a.MrUR/ctl/r14a_ref_ret.logos:3: error [fn f]: return type mismatch: 	-	unattributed
4ac84a50cebe721e	unattributed (mtime window: 2026-09-14a-ptrcoerce)	mg1_direct_guard_reborrow	snapshot:25aa8421-fce1-4a11-8a89-5d2ba5981c88/survey14a.MrUR/ctl/mg1_direct_guard_reborrow.logos	-	no id of this program is cited by that round's record or its probe-dir files	-	-	RUNS	2	-	unattributed
d2da54977bb59730	unattributed (mtime window: 2026-09-14a-ptrcoerce)	cr2_direct_write	snapshot:25aa8421-fce1-4a11-8a89-5d2ba5981c88/survey14a.MrUR/ctl/cr2_direct_write.logos	-	no id of this program is cited by that round's record or its probe-dir files	-	-	REFUSED	1 error [fn main]: 'y' does not live long enough: it is borrowed by 'p', which is used here after 'y' goes out of scope (E0597)	-	unattributed
80aab5c7ef8cdbf8	unattributed (mtime window: 2026-09-14a-ptrcoerce)	n2c3_inferred	snapshot:25aa8421-fce1-4a11-8a89-5d2ba5981c88/survey14a.MrUR/ctl/n2c3_inferred.logos	-	no id of this program is cited by that round's record or its probe-dir files	-	-	RUNS	0	-	unattributed
812a413feea38a38	unattributed (mtime window: 2026-09-14a-ptrcoerce)	n2b_row	snapshot:25aa8421-fce1-4a11-8a89-5d2ba5981c88/survey14a.MrUR/ctl/n2b_row.logos	-	no id of this program is cited by that round's record or its probe-dir files	-	-	RUNS	0	-	unattributed
4251573c1ad84d98	unattributed (mtime window: 2026-09-14a-ptrcoerce)	r2a_ptr_eq	snapshot:25aa8421-fce1-4a11-8a89-5d2ba5981c88/survey14a.MrUR/ctl/r2a_ptr_eq.logos	-	no id of this program is cited by that round's record or its probe-dir files	-	-	REFUSED	1 /home/logos/sandbox/hand-harvest-2026-09-14/25aa8421-fce1-4a11-8a89-5d2ba5981c88/survey14a.MrUR/ctl/r2a_ptr_eq.logos:3: error [fn f]: operator '==': lifetime 	-	unattributed
466af6e2c6a5dfa5	unattributed (mtime window: 2026-09-14a-ptrcoerce)	cr3_explicit_write	snapshot:25aa8421-fce1-4a11-8a89-5d2ba5981c88/survey14a.MrUR/ctl/cr3_explicit_write.logos	-	no id of this program is cited by that round's record or its probe-dir files	-	-	RUNS	0	-	unattributed
d2227681e538698f	unattributed (mtime window: 2026-09-14a-ptrcoerce)	r14b_refref_ret	snapshot:25aa8421-fce1-4a11-8a89-5d2ba5981c88/survey14a.MrUR/ctl/r14b_refref_ret.logos	-	no id of this program is cited by that round's record or its probe-dir files	-	-	REFUSED	1 /home/logos/sandbox/hand-harvest-2026-09-14/25aa8421-fce1-4a11-8a89-5d2ba5981c88/survey14a.MrUR/ctl/r14b_refref_ret.logos:2: error [fn f]: missing lifetime sp	-	unattributed
b01bffc5ae7a571f	unattributed (mtime window: 2026-09-14a-ptrcoerce)	n2b0_refarg	snapshot:25aa8421-fce1-4a11-8a89-5d2ba5981c88/survey14a.MrUR/ctl/n2b0_refarg.logos	-	no id of this program is cited by that round's record or its probe-dir files	-	-	RUNS	0	-	unattributed
de2b3100caee1333	unattributed (mtime window: 2026-09-14a-ptrcoerce)	n2c_row	snapshot:25aa8421-fce1-4a11-8a89-5d2ba5981c88/survey14a.MrUR/ctl/n2c_row.logos	-	no id of this program is cited by that round's record or its probe-dir files	-	-	RUNS	0	-	unattributed
b0a53a98f6921228	unattributed (mtime window: 2026-09-14a-ptrcoerce)	lv2_closure_push	snapshot:25aa8421-fce1-4a11-8a89-5d2ba5981c88/survey14a.MrUR/ctl/lv2_closure_push.logos	-	no id of this program is cited by that round's record or its probe-dir files	-	-	REFUSED	2 error [fn main]: cannot borrow 'v' as mutable: 'v' has shared borrows	-	unattributed
b84ff844f557b0c4	unattributed (mtime window: 2026-09-14a-ptrcoerce)	mg2_closure_guard_move	snapshot:25aa8421-fce1-4a11-8a89-5d2ba5981c88/survey14a.MrUR/ctl/mg2_closure_guard_move.logos	-	no id of this program is cited by that round's record or its probe-dir files	-	-	REFUSED	1 error [fn main]: use of moved value 'foo' (moved on line 6)	-	unattributed
889b6489aa26e47e	unattributed (mtime window: 2026-09-14a-ptrcoerce)	va3_generic_same	snapshot:25aa8421-fce1-4a11-8a89-5d2ba5981c88/survey14a.MrUR/ctl/va3_generic_same.logos	-	no id of this program is cited by that round's record or its probe-dir files	-	-	REFUSED	1 /home/logos/sandbox/hand-harvest-2026-09-14/25aa8421-fce1-4a11-8a89-5d2ba5981c88/survey14a.MrUR/ctl/va3_generic_same.logos:7: error [fn main]: call to 'same' 	-	unattributed
4db90dee09c45b80	unattributed (mtime window: 2026-09-14a-ptrcoerce)	r14e_ref_to_ptr_legal	snapshot:25aa8421-fce1-4a11-8a89-5d2ba5981c88/survey14a.MrUR/ctl/r14e_ref_to_ptr_legal.logos	-	no id of this program is cited by that round's record or its probe-dir files	-	-	RUNS	0	-	unattributed
d9326e682a0bef67	unattributed (mtime window: 2026-09-14a-ptrcoerce)	D02_legal_decay_shared_const	snapshot:25aa8421-fce1-4a11-8a89-5d2ba5981c88/survey14a.MrUR/bat6/D02_legal_decay_shared_const.logos	-	no id of this program is cited by that round's record or its probe-dir files	-	-	RUNS	0	-	unattributed
d440f55ec7550d2d	unattributed (mtime window: 2026-09-14a-ptrcoerce)	lv9_vec_field_write	snapshot:25aa8421-fce1-4a11-8a89-5d2ba5981c88/survey14a.MrUR/ctl2/lv9_vec_field_write.logos	-	no id of this program is cited by that round's record or its probe-dir files	-	-	REFUSED	1 error [fn main]: cannot borrow 'v' as mutable: 'v' has shared borrows	-	unattributed
52ac8762908008d5	unattributed (mtime window: 2026-09-14a-ptrcoerce)	cr11_legal_p_dead	snapshot:25aa8421-fce1-4a11-8a89-5d2ba5981c88/survey14a.MrUR/ctl2/cr11_legal_p_dead.logos	-	no id of this program is cited by that round's record or its probe-dir files	-	-	RUNS	0	-	unattributed
c3da629e5f9ed296	unattributed (mtime window: 2026-09-14a-ptrcoerce)	r14i_mut_to_const	snapshot:25aa8421-fce1-4a11-8a89-5d2ba5981c88/survey14a.MrUR/ctl2/r14i_mut_to_const.logos	-	no id of this program is cited by that round's record or its probe-dir files	-	-	REFUSED	1 /home/logos/sandbox/hand-harvest-2026-09-14/25aa8421-fce1-4a11-8a89-5d2ba5981c88/survey14a.MrUR/ctl2/r14i_mut_to_const.logos:3: error [fn f]: return type mism	-	unattributed
d5931d70a711e2d7	unattributed (mtime window: 2026-09-14a-ptrcoerce)	cr9_mk_call	snapshot:25aa8421-fce1-4a11-8a89-5d2ba5981c88/survey14a.MrUR/ctl2/cr9_mk_call.logos	-	no id of this program is cited by that round's record or its probe-dir files	-	-	RUNS	0	-	unattributed
6ffed53c09011993	unattributed (mtime window: 2026-09-14a-ptrcoerce)	cr10_legal_outer_y	snapshot:25aa8421-fce1-4a11-8a89-5d2ba5981c88/survey14a.MrUR/ctl2/cr10_legal_outer_y.logos	-	no id of this program is cited by that round's record or its probe-dir files	-	-	RUNS	0	-	unattributed
f6f03d1d71286d5a	unattributed (mtime window: 2026-09-14a-ptrcoerce)	lv8_array_direct	snapshot:25aa8421-fce1-4a11-8a89-5d2ba5981c88/survey14a.MrUR/ctl2/lv8_array_direct.logos	-	no id of this program is cited by that round's record or its probe-dir files	-	-	REFUSED	2 error [fn main]: cannot assign through 'a[..]' because 'a' is borrowed	-	unattributed
e2e15f99738e4c5a	unattributed (mtime window: 2026-09-14a-ptrcoerce)	lv10_vec_through_mutref	snapshot:25aa8421-fce1-4a11-8a89-5d2ba5981c88/survey14a.MrUR/ctl2/lv10_vec_through_mutref.logos	-	no id of this program is cited by that round's record or its probe-dir files	-	-	REFUSED	2 /home/logos/sandbox/hand-harvest-2026-09-14/25aa8421-fce1-4a11-8a89-5d2ba5981c88/survey14a.MrUR/ctl2/lv10_vec_through_mutref.logos:6: error [fn main]: let 'e'	-	unattributed
0f19ee0fd1b454b9	unattributed (mtime window: 2026-09-14a-ptrcoerce)	lv6_closure_capture_then_read	snapshot:25aa8421-fce1-4a11-8a89-5d2ba5981c88/survey14a.MrUR/ctl2/lv6_closure_capture_then_read.logos	-	no id of this program is cited by that round's record or its probe-dir files	-	-	REFUSED	1 error [fn main]: cannot borrow 'v': 'v' is already mutably borrowed	-	unattributed
5a3e380e856cf2f0	unattributed (mtime window: 2026-09-14a-ptrcoerce)	cr8_enum_ctor	snapshot:25aa8421-fce1-4a11-8a89-5d2ba5981c88/survey14a.MrUR/ctl2/cr8_enum_ctor.logos	-	no id of this program is cited by that round's record or its probe-dir files	-	-	RUNS	0	-	unattributed
261c802c208aed27	unattributed (mtime window: 2026-09-14a-ptrcoerce)	lv7_legal_self_rhs	snapshot:25aa8421-fce1-4a11-8a89-5d2ba5981c88/survey14a.MrUR/ctl2/lv7_legal_self_rhs.logos	-	no id of this program is cited by that round's record or its probe-dir files	-	-	REFUSED	2 /home/logos/sandbox/hand-harvest-2026-09-14/25aa8421-fce1-4a11-8a89-5d2ba5981c88/survey14a.MrUR/ctl2/lv7_legal_self_rhs.logos:6: error [fn main]: operator '-'	-	unattributed
6a9c8ac53df6d0ac	unattributed (mtime window: 2026-09-14a-ptrcoerce)	cr6_upstream_invoke	snapshot:25aa8421-fce1-4a11-8a89-5d2ba5981c88/survey14a.MrUR/ctl2/cr6_upstream_invoke.logos	-	no id of this program is cited by that round's record or its probe-dir files	-	-	RUNS	0	-	unattributed
ee7bcb2fffdd46a1	unattributed (mtime window: 2026-09-14a-ptrcoerce)	cr12_legal_distinct_regions	snapshot:25aa8421-fce1-4a11-8a89-5d2ba5981c88/survey14a.MrUR/ctl2/cr12_legal_distinct_regions.logos	-	no id of this program is cited by that round's record or its probe-dir files	-	-	RUNS	0	-	unattributed
1a4bbd219cac8c0a	unattributed (mtime window: 2026-09-14a-ptrcoerce)	cr7_tuple_struct	snapshot:25aa8421-fce1-4a11-8a89-5d2ba5981c88/survey14a.MrUR/ctl2/cr7_tuple_struct.logos	-	no id of this program is cited by that round's record or its probe-dir files	-	-	RUNS	0	-	unattributed
f136f5d3cce13d74	unattributed (mtime window: 2026-09-14a-ptrcoerce)	cr5_port_noinvoke	snapshot:25aa8421-fce1-4a11-8a89-5d2ba5981c88/survey14a.MrUR/ctl2/cr5_port_noinvoke.logos	-	no id of this program is cited by that round's record or its probe-dir files	-	-	RUNS	0	-	unattributed
329c7ed4a55849b6	unattributed (mtime window: 2026-09-14a-ptrcoerce)	lv5_vec_compound	snapshot:25aa8421-fce1-4a11-8a89-5d2ba5981c88/survey14a.MrUR/ctl2/lv5_vec_compound.logos	-	no id of this program is cited by that round's record or its probe-dir files	-	-	REFUSED	1 error [fn main]: cannot borrow 'v' as mutable: 'v' has shared borrows	-	unattributed
297f53527582c6c4	unattributed (mtime window: 2026-09-14a-ptrcoerce)	B06_legal_loop_store	snapshot:25aa8421-fce1-4a11-8a89-5d2ba5981c88/survey14a.MrUR/batb/B06_legal_loop_store.logos	-	no id of this program is cited by that round's record or its probe-dir files	-	-	RUNS	0	-	unattributed
79630401e80bbe5e	unattributed (mtime window: 2026-09-14a-ptrcoerce)	B03_legal_dead_loan	snapshot:25aa8421-fce1-4a11-8a89-5d2ba5981c88/survey14a.MrUR/batb/B03_legal_dead_loan.logos	-	no id of this program is cited by that round's record or its probe-dir files	-	-	RUNS	0	-	unattributed
b5b0be5e9afa69c4	unattributed (mtime window: 2026-09-14a-ptrcoerce)	B04_legal_closure_store	snapshot:25aa8421-fce1-4a11-8a89-5d2ba5981c88/survey14a.MrUR/batb/B04_legal_closure_store.logos	-	no id of this program is cited by that round's record or its probe-dir files	-	-	RUNS	0	-	unattributed
151d021abfd919cc	unattributed (mtime window: 2026-09-14a-ptrcoerce)	B01_legal_self_rhs	snapshot:25aa8421-fce1-4a11-8a89-5d2ba5981c88/survey14a.MrUR/batb/B01_legal_self_rhs.logos	-	no id of this program is cited by that round's record or its probe-dir files	-	-	RUNS	0	-	unattributed
2822872b39b2fe8c	unattributed (mtime window: 2026-09-14a-ptrcoerce)	B07_legal_user_indexmut	snapshot:25aa8421-fce1-4a11-8a89-5d2ba5981c88/survey14a.MrUR/batb/B07_legal_user_indexmut.logos	-	no id of this program is cited by that round's record or its probe-dir files	-	-	RUNS	0	-	unattributed
9fee2119b440d055	unattributed (mtime window: 2026-09-14a-ptrcoerce)	B09_legal_ref_elsewhere	snapshot:25aa8421-fce1-4a11-8a89-5d2ba5981c88/survey14a.MrUR/batb/B09_legal_ref_elsewhere.logos	-	no id of this program is cited by that round's record or its probe-dir files	-	-	RUNS	0	-	unattributed
4a5e7702b446391d	unattributed (mtime window: 2026-09-14a-ptrcoerce)	B08_legal_vec_of_string	snapshot:25aa8421-fce1-4a11-8a89-5d2ba5981c88/survey14a.MrUR/batb/B08_legal_vec_of_string.logos	-	no id of this program is cited by that round's record or its probe-dir files	-	-	RUNS	0	-	unattributed
22b426859c7056f6	unattributed (mtime window: 2026-09-14a-ptrcoerce)	M03_mutref_to_shared_param	snapshot:25aa8421-fce1-4a11-8a89-5d2ba5981c88/survey14a.MrUR/bat2/M03_mutref_to_shared_param.logos	-	no id of this program is cited by that round's record or its probe-dir files	-	-	RUNS	0	-	unattributed
c374b763b6f738cc	unattributed (mtime window: 2026-09-14a-ptrcoerce)	N07_vec_store_nonmut_binding	snapshot:25aa8421-fce1-4a11-8a89-5d2ba5981c88/survey14a.MrUR/bat2/N07_vec_store_nonmut_binding.logos	-	no id of this program is cited by that round's record or its probe-dir files	-	-	REFUSED	1 /home/logos/sandbox/hand-harvest-2026-09-14/25aa8421-fce1-4a11-8a89-5d2ba5981c88/survey14a.MrUR/bat2/N07_vec_store_nonmut_binding.logos:4: error [fn main]: in	-	unattributed
82c13c8d792d87d5	unattributed (mtime window: 2026-09-14a-ptrcoerce)	M06_static_str_ptr	snapshot:25aa8421-fce1-4a11-8a89-5d2ba5981c88/survey14a.MrUR/bat2/M06_static_str_ptr.logos	-	no id of this program is cited by that round's record or its probe-dir files	-	-	RUNS	0	-	unattributed
0eaa0447f956858f	unattributed (mtime window: 2026-09-14a-ptrcoerce)	M09_ptr_field_struct_literal_elided	snapshot:25aa8421-fce1-4a11-8a89-5d2ba5981c88/survey14a.MrUR/bat2/M09_ptr_field_struct_literal_elided.logos	-	no id of this program is cited by that round's record or its probe-dir files	-	-	RUNS	0	-	unattributed
c6952619a3b0c954	unattributed (mtime window: 2026-09-14a-ptrcoerce)	M01_field_addr_to_mutptr_in_impl	snapshot:25aa8421-fce1-4a11-8a89-5d2ba5981c88/survey14a.MrUR/bat2/M01_field_addr_to_mutptr_in_impl.logos	-	no id of this program is cited by that round's record or its probe-dir files	-	-	RUNS	0	-	unattributed
c170dd90d43eb1b3	unattributed (mtime window: 2026-09-14a-ptrcoerce)	M08_mutptr_const_generic	snapshot:25aa8421-fce1-4a11-8a89-5d2ba5981c88/survey14a.MrUR/bat2/M08_mutptr_const_generic.logos	-	no id of this program is cited by that round's record or its probe-dir files	-	-	RUNS	0	-	unattributed
efecda83579ed5dd	unattributed (mtime window: 2026-09-14a-ptrcoerce)	N06_vec_of_vec_store	snapshot:25aa8421-fce1-4a11-8a89-5d2ba5981c88/survey14a.MrUR/bat2/N06_vec_of_vec_store.logos	-	no id of this program is cited by that round's record or its probe-dir files	-	-	RUNS	0	-	unattributed
263d4067e3d2bde1	unattributed (mtime window: 2026-09-14a-ptrcoerce)	M04_vec_to_slice_arg_refs	snapshot:25aa8421-fce1-4a11-8a89-5d2ba5981c88/survey14a.MrUR/bat2/M04_vec_to_slice_arg_refs.logos	-	no id of this program is cited by that round's record or its probe-dir files	-	-	RUNS	0	-	unattributed
1d12958fc8a8fd57	unattributed (mtime window: 2026-09-14a-ptrcoerce)	M07_generic_struct_ptr_region	snapshot:25aa8421-fce1-4a11-8a89-5d2ba5981c88/survey14a.MrUR/bat2/M07_generic_struct_ptr_region.logos	-	no id of this program is cited by that round's record or its probe-dir files	-	-	RUNS	0	-	unattributed
5a3e73e2f266e614	unattributed (mtime window: 2026-09-14a-ptrcoerce)	B11b_legal_store_in_method_self_typed	snapshot:25aa8421-fce1-4a11-8a89-5d2ba5981c88/survey14a.MrUR/bat5/B11b_legal_store_in_method_self_typed.logos	-	no id of this program is cited by that round's record or its probe-dir files	-	-	RUNS	0	-	unattributed
64146d9b004fe481	unattributed (mtime window: 2026-09-14a-ptrcoerce)	B10_legal_store_after_mut_loan_dead	snapshot:25aa8421-fce1-4a11-8a89-5d2ba5981c88/survey14a.MrUR/bat3/B10_legal_store_after_mut_loan_dead.logos	-	no id of this program is cited by that round's record or its probe-dir files	-	-	RUNS	0	-	unattributed
dfa02765a57c0163	unattributed (mtime window: 2026-09-14a-ptrcoerce)	B12_legal_store_generic	snapshot:25aa8421-fce1-4a11-8a89-5d2ba5981c88/survey14a.MrUR/bat3/B12_legal_store_generic.logos	-	no id of this program is cited by that round's record or its probe-dir files	-	-	RUNS	0	-	unattributed
a7fffc80a9d610e9	unattributed (mtime window: 2026-09-14b-ptrcoerceland)	N07_same_kind_tail_constptr	snapshot:25aa8421-fce1-4a11-8a89-5d2ba5981c88/land14a_nbr.QkCI/N07_same_kind_tail_constptr.logos	-	no id of this program is cited by that round's record or its probe-dir files	-	-	REFUSED	1 /home/logos/sandbox/hand-harvest-2026-09-14/25aa8421-fce1-4a11-8a89-5d2ba5981c88/land14a_nbr.QkCI/N07_same_kind_tail_constptr.logos:3: error [fn f]: return ty	-	unattributed
d724eee7b42986fa	unattributed (mtime window: 2026-09-14b-ptrcoerceland)	N06_same_kind_arg_static_written_constptr	snapshot:25aa8421-fce1-4a11-8a89-5d2ba5981c88/land14a_nbr.QkCI/N06_same_kind_arg_static_written_constptr.logos	-	no id of this program is cited by that round's record or its probe-dir files	-	-	REFUSED	1 /home/logos/sandbox/hand-harvest-2026-09-14/25aa8421-fce1-4a11-8a89-5d2ba5981c88/land14a_nbr.QkCI/N06_same_kind_arg_static_written_constptr.logos:6: error [fn	-	unattributed
ac79f925bcc812bc	unattributed (mtime window: 2026-09-14b-ptrcoerceland)	N08_same_kind_struct_lit_static_written	snapshot:25aa8421-fce1-4a11-8a89-5d2ba5981c88/land14a_nbr.QkCI/N08_same_kind_struct_lit_static_written.logos	-	no id of this program is cited by that round's record or its probe-dir files	-	-	REFUSED	1 /home/logos/sandbox/hand-harvest-2026-09-14/25aa8421-fce1-4a11-8a89-5d2ba5981c88/land14a_nbr.QkCI/N08_same_kind_struct_lit_static_written.logos:4: error [fn f	-	unattributed
510427ad73f2ca6c	unattributed (mtime window: 2026-09-14b-ptrcoerceland)	Q01O_mutref_option_static_to_shorter	snapshot:25aa8421-fce1-4a11-8a89-5d2ba5981c88/land14a_twins.1LQu/Q01O_mutref_option_static_to_shorter.logos	-	no id of this program is cited by that round's record or its probe-dir files	-	-	RUNS	1	-	unattributed
4f1c0163171f1f83	unattributed (mtime window: 2026-09-14b-ptrcoerceland)	Q01T_mutref_tuple_static_to_shorter	snapshot:25aa8421-fce1-4a11-8a89-5d2ba5981c88/land14a_twins.1LQu/Q01T_mutref_tuple_static_to_shorter.logos	-	no id of this program is cited by that round's record or its probe-dir files	-	-	RUNS	2	-	unattributed
fa28e2f281ab8924	unattributed (mtime window: 2026-09-14b-ptrcoerceland)	V02M_store_next_line_after_last_use	snapshot:25aa8421-fce1-4a11-8a89-5d2ba5981c88/land14a_twins.1LQu/V02M_store_next_line_after_last_use.logos	-	no id of this program is cited by that round's record or its probe-dir files	-	-	RUNS	3	-	unattributed
40b26d36d3b4ae80	unattributed (mtime window: 2026-09-14b-ptrcoerceland)	bc_vecstore_loop_loan_refuse	snapshot:25aa8421-fce1-4a11-8a89-5d2ba5981c88/land14a_fix.dP7j/fail/bc_vecstore_loop_loan_refuse.logos	-	no id of this program is cited by that round's record or its probe-dir files	-	-	REFUSED	1 error [fn main]: cannot borrow 'v' as mutable: 'v' has shared borrows	-	unattributed
51b051146be2999f	unattributed (mtime window: 2026-09-14b-ptrcoerceland)	bc_vecstore_value_reads_loan_refuse	snapshot:25aa8421-fce1-4a11-8a89-5d2ba5981c88/land14a_fix.dP7j/fail/bc_vecstore_value_reads_loan_refuse.logos	-	no id of this program is cited by that round's record or its probe-dir files	-	-	REFUSED	1 error [fn main]: cannot borrow 'v' as mutable: 'v' has shared borrows	-	unattributed
f0407b6a7546cc06	unattributed (mtime window: 2026-09-14b-ptrcoerceland)	bc_ptrcoerce_shared_to_const_refuse	snapshot:25aa8421-fce1-4a11-8a89-5d2ba5981c88/land14a_fix.dP7j/fail/bc_ptrcoerce_shared_to_const_refuse.logos	-	no id of this program is cited by that round's record or its probe-dir files	-	-	REFUSED	1 /home/logos/sandbox/hand-harvest-2026-09-14/25aa8421-fce1-4a11-8a89-5d2ba5981c88/land14a_fix.dP7j/fail/bc_ptrcoerce_shared_to_const_refuse.logos:6: error [fn 	-	unattributed
bd656a01aa9e575f	unattributed (mtime window: 2026-09-14b-ptrcoerceland)	bc_vecstore_elem_loan_refuse	snapshot:25aa8421-fce1-4a11-8a89-5d2ba5981c88/land14a_fix.dP7j/fail/bc_vecstore_elem_loan_refuse.logos	-	no id of this program is cited by that round's record or its probe-dir files	-	-	REFUSED	1 error [fn main]: cannot borrow 'v' as mutable: 'v' has shared borrows	-	unattributed
af0b1ce3d2d925e5	unattributed (mtime window: 2026-09-14b-ptrcoerceland)	bc_ptrcoerce_mut_to_const_refuse	snapshot:25aa8421-fce1-4a11-8a89-5d2ba5981c88/land14a_fix.dP7j/fail/bc_ptrcoerce_mut_to_const_refuse.logos	-	no id of this program is cited by that round's record or its probe-dir files	-	-	REFUSED	1 /home/logos/sandbox/hand-harvest-2026-09-14/25aa8421-fce1-4a11-8a89-5d2ba5981c88/land14a_fix.dP7j/fail/bc_ptrcoerce_mut_to_const_refuse.logos:6: error [fn raw	-	unattributed
dfc067d80737da08	unattributed (mtime window: 2026-09-14b-ptrcoerceland)	bc_vecstore_iter_live_refuse	snapshot:25aa8421-fce1-4a11-8a89-5d2ba5981c88/land14a_fix.dP7j/fail/bc_vecstore_iter_live_refuse.logos	-	no id of this program is cited by that round's record or its probe-dir files	-	-	REFUSED	1 error [fn main]: cannot borrow 'v' as mutable: 'v' has shared borrows	-	unattributed
13bdce451af5cfb9	unattributed (mtime window: 2026-09-14b-ptrcoerceland)	bc_vecstore_closure_beside_loan_refuse	snapshot:25aa8421-fce1-4a11-8a89-5d2ba5981c88/land14a_fix.dP7j/fail/bc_vecstore_closure_beside_loan_refuse.logos	-	no id of this program is cited by that round's record or its probe-dir files	-	-	REFUSED	1 error [fn main]: cannot borrow 'v' as mutable: 'v' has shared borrows	-	unattributed
e6ed1ae8470d131f	unattributed (mtime window: 2026-09-14b-ptrcoerceland)	bc_ptrcoerce_array_decay_refuse	snapshot:25aa8421-fce1-4a11-8a89-5d2ba5981c88/land14a_fix.dP7j/fail/bc_ptrcoerce_array_decay_refuse.logos	-	no id of this program is cited by that round's record or its probe-dir files	-	-	REFUSED	1 /home/logos/sandbox/hand-harvest-2026-09-14/25aa8421-fce1-4a11-8a89-5d2ba5981c88/land14a_fix.dP7j/fail/bc_ptrcoerce_array_decay_refuse.logos:6: error [fn firs	-	unattributed
64f7e1933e39a7c9	unattributed (mtime window: 2026-09-14b-ptrcoerceland)	bc_ptrcoerce_mutref_to_ref_refuse	snapshot:25aa8421-fce1-4a11-8a89-5d2ba5981c88/land14a_fix.dP7j/fail/bc_ptrcoerce_mutref_to_ref_refuse.logos	-	no id of this program is cited by that round's record or its probe-dir files	-	-	REFUSED	1 /home/logos/sandbox/hand-harvest-2026-09-14/25aa8421-fce1-4a11-8a89-5d2ba5981c88/land14a_fix.dP7j/fail/bc_ptrcoerce_mutref_to_ref_refuse.logos:6: error [fn do	-	unattributed
fecd7abfe3dec366	unattributed (mtime window: 2026-09-14b-ptrcoerceland)	bc_vecstore_addrof_push_refuse	snapshot:25aa8421-fce1-4a11-8a89-5d2ba5981c88/land14a_fix.dP7j/fail/bc_vecstore_addrof_push_refuse.logos	-	no id of this program is cited by that round's record or its probe-dir files	-	-	REFUSED	1 error [fn main]: cannot borrow 'v' as mutable: 'v' has shared borrows	-	unattributed
8e0efef89407b977	unattributed (mtime window: 2026-09-14b-ptrcoerceland)	bc_ptrcoerce_unique_to_mut_refuse	snapshot:25aa8421-fce1-4a11-8a89-5d2ba5981c88/land14a_fix.dP7j/fail/bc_ptrcoerce_unique_to_mut_refuse.logos	-	no id of this program is cited by that round's record or its probe-dir files	-	-	REFUSED	1 /home/logos/sandbox/hand-harvest-2026-09-14/25aa8421-fce1-4a11-8a89-5d2ba5981c88/land14a_fix.dP7j/fail/bc_ptrcoerce_unique_to_mut_refuse.logos:6: error [fn ra	-	unattributed
aa8d1265a9c6611d	unattributed (mtime window: 2026-09-14b-ptrcoerceland)	bc_ptrcoerce_vec_to_mut_slice_refuse	snapshot:25aa8421-fce1-4a11-8a89-5d2ba5981c88/land14a_fix.dP7j/fail/bc_ptrcoerce_vec_to_mut_slice_refuse.logos	-	no id of this program is cited by that round's record or its probe-dir files	-	-	REFUSED	1 /home/logos/sandbox/hand-harvest-2026-09-14/25aa8421-fce1-4a11-8a89-5d2ba5981c88/land14a_fix.dP7j/fail/bc_ptrcoerce_vec_to_mut_slice_refuse.logos:6: error [fn	-	unattributed
6838beb9c27f8ac3	unattributed (mtime window: 2026-09-14b-ptrcoerceland)	bc_vecstore_addrof_push_admit	snapshot:25aa8421-fce1-4a11-8a89-5d2ba5981c88/land14a_fix.dP7j/pass/bc_vecstore_addrof_push_admit.logos	-	no id of this program is cited by that round's record or its probe-dir files	-	-	RUNS	6 k=6	-	unattributed
bcd0311ccaf41675	unattributed (mtime window: 2026-09-14b-ptrcoerceland)	bc_vecstore_value_reads_loan_admit	snapshot:25aa8421-fce1-4a11-8a89-5d2ba5981c88/land14a_fix.dP7j/pass/bc_vecstore_value_reads_loan_admit.logos	-	no id of this program is cited by that round's record or its probe-dir files	-	-	RUNS	3 k=3	-	unattributed
bb8ee1cb51329627	unattributed (mtime window: 2026-09-14b-ptrcoerceland)	bc_ptrcoerce_array_decay_admit	snapshot:25aa8421-fce1-4a11-8a89-5d2ba5981c88/land14a_fix.dP7j/pass/bc_ptrcoerce_array_decay_admit.logos	-	no id of this program is cited by that round's record or its probe-dir files	-	-	RUNS	7 k=7	-	unattributed
688c40598e5fdc90	unattributed (mtime window: 2026-09-14b-ptrcoerceland)	bc_ptrcoerce_unique_to_mut_admit	snapshot:25aa8421-fce1-4a11-8a89-5d2ba5981c88/land14a_fix.dP7j/pass/bc_ptrcoerce_unique_to_mut_admit.logos	-	no id of this program is cited by that round's record or its probe-dir files	-	-	RUNS	7 k=7	-	unattributed
a3234bd5f737d697	unattributed (mtime window: 2026-09-14b-ptrcoerceland)	bc_ptrcoerce_mutref_to_ref_admit	snapshot:25aa8421-fce1-4a11-8a89-5d2ba5981c88/land14a_fix.dP7j/pass/bc_ptrcoerce_mutref_to_ref_admit.logos	-	no id of this program is cited by that round's record or its probe-dir files	-	-	RUNS	7 k=7	-	unattributed
0ba9b29add4f788d	unattributed (mtime window: 2026-09-14b-ptrcoerceland)	bc_ptrcoerce_shared_to_const_admit	snapshot:25aa8421-fce1-4a11-8a89-5d2ba5981c88/land14a_fix.dP7j/pass/bc_ptrcoerce_shared_to_const_admit.logos	-	no id of this program is cited by that round's record or its probe-dir files	-	-	RUNS	7 k=7	-	unattributed
ae65bd543d297ed0	unattributed (mtime window: 2026-09-14b-ptrcoerceland)	bc_ptrcoerce_vec_to_slice_admit	snapshot:25aa8421-fce1-4a11-8a89-5d2ba5981c88/land14a_fix.dP7j/pass/bc_ptrcoerce_vec_to_slice_admit.logos	-	no id of this program is cited by that round's record or its probe-dir files	-	-	RUNS	2 n=2	-	unattributed
5b37c277e75cc1fe	unattributed (mtime window: 2026-09-14b-ptrcoerceland)	bc_ptrcoerce_vec_to_mut_slice_admit	snapshot:25aa8421-fce1-4a11-8a89-5d2ba5981c88/land14a_fix.dP7j/pass/bc_ptrcoerce_vec_to_mut_slice_admit.logos	-	no id of this program is cited by that round's record or its probe-dir files	-	-	RUNS	7 k=7	-	unattributed
588506c12efec102	unattributed (mtime window: 2026-09-14b-ptrcoerceland)	bc_vecstore_iter_live_admit	snapshot:25aa8421-fce1-4a11-8a89-5d2ba5981c88/land14a_fix.dP7j/pass/bc_vecstore_iter_live_admit.logos	-	no id of this program is cited by that round's record or its probe-dir files	-	-	RUNS	4 k=4	-	unattributed
1a41ce93dc45c822	unattributed (mtime window: 2026-09-14b-ptrcoerceland)	bc_vecstore_closure_beside_loan_admit	snapshot:25aa8421-fce1-4a11-8a89-5d2ba5981c88/land14a_fix.dP7j/pass/bc_vecstore_closure_beside_loan_admit.logos	-	no id of this program is cited by that round's record or its probe-dir files	-	-	RUNS	7 t=7	-	unattributed
197a5af1930f67cf	unattributed (mtime window: 2026-09-14b-ptrcoerceland)	bc_vecstore_elem_loan_admit	snapshot:25aa8421-fce1-4a11-8a89-5d2ba5981c88/land14a_fix.dP7j/pass/bc_vecstore_elem_loan_admit.logos	-	no id of this program is cited by that round's record or its probe-dir files	-	-	RUNS	7 k=7	-	unattributed
898387b735378e28	unattributed (mtime window: 2026-09-14b-ptrcoerceland)	bc_ptrcoerce_mut_to_const_admit	snapshot:25aa8421-fce1-4a11-8a89-5d2ba5981c88/land14a_fix.dP7j/pass/bc_ptrcoerce_mut_to_const_admit.logos	-	no id of this program is cited by that round's record or its probe-dir files	-	-	RUNS	7 k=7	-	unattributed
bce985733a39c083	unattributed (mtime window: 2026-09-14b-ptrcoerceland)	G2_generic_user_indexmut_explicit_call	snapshot:25aa8421-fce1-4a11-8a89-5d2ba5981c88/land14a_gim.OwGq/G2_generic_user_indexmut_explicit_call.logos	-	no id of this program is cited by that round's record or its probe-dir files	-	-	RUNS	5	-	unattributed
1704d169b1dec614	unattributed (mtime window: 2026-09-14b-ptrcoerceland)	M2_static_mutptr_let_to_region_param	snapshot:25aa8421-fce1-4a11-8a89-5d2ba5981c88/land14a_mvar.4EdA/M2_static_mutptr_let_to_region_param.logos	-	no id of this program is cited by that round's record or its probe-dir files	-	-	RUNS	1	-	unattributed
12d340f279b56f23	unattributed (mtime window: 2026-09-14b-ptrcoerceland)	M1_elided_mutptr_let_to_region_param	snapshot:25aa8421-fce1-4a11-8a89-5d2ba5981c88/land14a_mvar.4EdA/M1_elided_mutptr_let_to_region_param.logos	-	no id of this program is cited by that round's record or its probe-dir files	-	-	REFUSED	1 /home/logos/sandbox/hand-harvest-2026-09-14/25aa8421-fce1-4a11-8a89-5d2ba5981c88/land14a_mvar.4EdA/M1_elided_mutptr_let_to_region_param.logos:9: error [fn mai	-	unattributed
0d9823292125f930	unattributed (mtime window: 2026-09-14b-ptrcoerceland)	M3_elided_mutref_let_to_region_param	snapshot:25aa8421-fce1-4a11-8a89-5d2ba5981c88/land14a_mvar.4EdA/M3_elided_mutref_let_to_region_param.logos	-	no id of this program is cited by that round's record or its probe-dir files	-	-	RUNS	1	-	unattributed
f5989d90a4381112	unattributed (mtime window: 2026-09-14b-ptrcoerceland)	Z08_vec_get_is_i64	snapshot:25aa8421-fce1-4a11-8a89-5d2ba5981c88/land14a_patrepro.GPgF/Z08_vec_get_is_i64.logos	-	no id of this program is cited by that round's record or its probe-dir files	-	-	RUNS	7	-	unattributed
e4e8308d9aa86a86	unattributed (mtime window: 2026-09-14b-ptrcoerceland)	Q13_mutref_user_cov_struct_static_to_ref_shorter	snapshot:25aa8421-fce1-4a11-8a89-5d2ba5981c88/land14a_twins2.okas/Q13_mutref_user_cov_struct_static_to_ref_shorter.logos	-	no id of this program is cited by that round's record or its probe-dir files	-	-	RUNS	7	-	unattributed
bb6ec7a0606d0f30	unattributed (mtime window: 2026-09-14b-ptrcoerceland)	Q16_ref_option_static_to_constptr_shorter	snapshot:25aa8421-fce1-4a11-8a89-5d2ba5981c88/land14a_twins2.okas/Q16_ref_option_static_to_constptr_shorter.logos	-	no id of this program is cited by that round's record or its probe-dir files	-	-	RUNS	1	-	unattributed
d09fcf894cd8c0cd	unattributed (mtime window: 2026-09-14b-ptrcoerceland)	V11_store_loop_len_before	snapshot:25aa8421-fce1-4a11-8a89-5d2ba5981c88/land14a_hand.Clf6/V11_store_loop_len_before.logos	-	no id of this program is cited by that round's record or its probe-dir files	-	-	RUNS	4	-	unattributed
2fdcda916d2f5183	unattributed (mtime window: 2026-09-14b-ptrcoerceland)	Q10_mutvec_to_mutslice_same_region_write	snapshot:25aa8421-fce1-4a11-8a89-5d2ba5981c88/land14a_hand.Clf6/Q10_mutvec_to_mutslice_same_region_write.logos	-	no id of this program is cited by that round's record or its probe-dir files	-	-	RUNS	6	-	unattributed
25c0ea2d2d13a64c	unattributed (mtime window: 2026-09-14b-ptrcoerceland)	P16_mutref_struct_invariant_to_constptr	snapshot:25aa8421-fce1-4a11-8a89-5d2ba5981c88/land14a_hand.Clf6/P16_mutref_struct_invariant_to_constptr.logos	-	no id of this program is cited by that round's record or its probe-dir files	-	-	RUNS	2	-	unattributed
34e04e44eca8c1fd	unattributed (mtime window: 2026-09-14b-ptrcoerceland)	Q06_mutref_refstatic_to_refref_shorter	snapshot:25aa8421-fce1-4a11-8a89-5d2ba5981c88/land14a_hand.Clf6/Q06_mutref_refstatic_to_refref_shorter.logos	-	no id of this program is cited by that round's record or its probe-dir files	-	-	RUNS	7	-	unattributed
45660e88ce8fd07d	unattributed (mtime window: 2026-09-14b-ptrcoerceland)	P14_assign_ptr_var_loop	snapshot:25aa8421-fce1-4a11-8a89-5d2ba5981c88/land14a_hand.Clf6/P14_assign_ptr_var_loop.logos	-	no id of this program is cited by that round's record or its probe-dir files	-	-	RUNS	6	-	unattributed
f67b68de84b97900	unattributed (mtime window: 2026-09-14b-ptrcoerceland)	V13_explicit_addrof_len_after_mut_dead	snapshot:25aa8421-fce1-4a11-8a89-5d2ba5981c88/land14a_hand.Clf6/V13_explicit_addrof_len_after_mut_dead.logos	-	no id of this program is cited by that round's record or its probe-dir files	-	-	RUNS	1	-	unattributed
563093f321875ac9	unattributed (mtime window: 2026-09-14b-ptrcoerceland)	V09_index_from_elem	snapshot:25aa8421-fce1-4a11-8a89-5d2ba5981c88/land14a_hand.Clf6/V09_index_from_elem.logos	-	no id of this program is cited by that round's record or its probe-dir files	-	-	RUNS	7	-	unattributed
6c834d7fe9483432	unattributed (mtime window: 2026-09-14b-ptrcoerceland)	P06_struct_lt_mutptr_field_init	snapshot:25aa8421-fce1-4a11-8a89-5d2ba5981c88/land14a_hand.Clf6/P06_struct_lt_mutptr_field_init.logos	-	no id of this program is cited by that round's record or its probe-dir files	-	-	RUNS	5	-	unattributed
658c3dccfb9e6fda	unattributed (mtime window: 2026-09-14b-ptrcoerceland)	V06_match_get_then_store	snapshot:25aa8421-fce1-4a11-8a89-5d2ba5981c88/land14a_hand.Clf6/V06_match_get_then_store.logos	-	no id of this program is cited by that round's record or its probe-dir files	-	-	CCFAIL	1 logosc: MLIR generation failed	-	unattributed
1be95eb3b0fa13ab	unattributed (mtime window: 2026-09-14b-ptrcoerceland)	P15_closure_returning_ptr	snapshot:25aa8421-fce1-4a11-8a89-5d2ba5981c88/land14a_hand.Clf6/P15_closure_returning_ptr.logos	-	no id of this program is cited by that round's record or its probe-dir files	-	-	RUNS	4	-	unattributed
96245da7a938e6dc	unattributed (mtime window: 2026-09-14b-ptrcoerceland)	Q09_mutref_into_struct_lit_ref_field	snapshot:25aa8421-fce1-4a11-8a89-5d2ba5981c88/land14a_hand.Clf6/Q09_mutref_into_struct_lit_ref_field.logos	-	no id of this program is cited by that round's record or its probe-dir files	-	-	RUNS	3	-	unattributed
1f353aea84401861	unattributed (mtime window: 2026-09-14b-ptrcoerceland)	Q03_generic_mutref_to_ref_ret	snapshot:25aa8421-fce1-4a11-8a89-5d2ba5981c88/land14a_hand.Clf6/Q03_generic_mutref_to_ref_ret.logos	-	no id of this program is cited by that round's record or its probe-dir files	-	-	RUNS	5	-	unattributed
039f5cd554bf8eff	unattributed (mtime window: 2026-09-14b-ptrcoerceland)	V01_value_reads_other_elems	snapshot:25aa8421-fce1-4a11-8a89-5d2ba5981c88/land14a_hand.Clf6/V01_value_reads_other_elems.logos	-	no id of this program is cited by that round's record or its probe-dir files	-	-	RUNS	5	-	unattributed
be0e1051d9fb3023	unattributed (mtime window: 2026-09-14b-ptrcoerceland)	Q05_vec_static_str_to_slice_shorter	snapshot:25aa8421-fce1-4a11-8a89-5d2ba5981c88/land14a_hand.Clf6/Q05_vec_static_str_to_slice_shorter.logos	-	no id of this program is cited by that round's record or its probe-dir files	-	-	RUNS	3	-	unattributed
4b1050cec4281627	unattributed (mtime window: 2026-09-14b-ptrcoerceland)	Y05_mutref_invariant_to_mutptr_shorter	snapshot:25aa8421-fce1-4a11-8a89-5d2ba5981c88/land14a_hand.Clf6/Y05_mutref_invariant_to_mutptr_shorter.logos	-	no id of this program is cited by that round's record or its probe-dir files	-	-	REFUSED	1 /home/logos/sandbox/hand-harvest-2026-09-14/25aa8421-fce1-4a11-8a89-5d2ba5981c88/land14a_hand.Clf6/Y05_mutref_invariant_to_mutptr_shorter.logos:3: error [fn f	-	unattributed
7101723df288a826	unattributed (mtime window: 2026-09-14b-ptrcoerceland)	P13_self_mutptr_lifetime_struct	snapshot:25aa8421-fce1-4a11-8a89-5d2ba5981c88/land14a_hand.Clf6/P13_self_mutptr_lifetime_struct.logos	-	no id of this program is cited by that round's record or its probe-dir files	-	-	RUNS	8	-	unattributed
1cae17f2173ef084	unattributed (mtime window: 2026-09-14b-ptrcoerceland)	P04_mutptr_static_to_constptr_shorter	snapshot:25aa8421-fce1-4a11-8a89-5d2ba5981c88/land14a_hand.Clf6/P04_mutptr_static_to_constptr_shorter.logos	-	no id of this program is cited by that round's record or its probe-dir files	-	-	RUNS	7	-	unattributed
c751d85582f0d54b	unattributed (mtime window: 2026-09-14b-ptrcoerceland)	Q04_mutvec_to_slice_arg	snapshot:25aa8421-fce1-4a11-8a89-5d2ba5981c88/land14a_hand.Clf6/Q04_mutvec_to_slice_arg.logos	-	no id of this program is cited by that round's record or its probe-dir files	-	-	RUNS	7	-	unattributed
9817137ce9b5d8b8	unattributed (mtime window: 2026-09-14b-ptrcoerceland)	P12_generic_mutref_to_mutptr_write	snapshot:25aa8421-fce1-4a11-8a89-5d2ba5981c88/land14a_hand.Clf6/P12_generic_mutref_to_mutptr_write.logos	-	no id of this program is cited by that round's record or its probe-dir files	-	-	RUNS	9	-	unattributed
6239f723e3a62ed8	unattributed (mtime window: 2026-09-14b-ptrcoerceland)	V03_shadow_inner_block	snapshot:25aa8421-fce1-4a11-8a89-5d2ba5981c88/land14a_hand.Clf6/V03_shadow_inner_block.logos	-	no id of this program is cited by that round's record or its probe-dir files	-	-	RUNS	4	-	unattributed
f1717244f7e1a841	unattributed (mtime window: 2026-09-14b-ptrcoerceland)	Z01_match_get_bind_only	snapshot:25aa8421-fce1-4a11-8a89-5d2ba5981c88/land14a_hand.Clf6/Z01_match_get_bind_only.logos	-	no id of this program is cited by that round's record or its probe-dir files	-	-	CCFAIL	1 logosc: MLIR generation failed	-	unattributed
dac033aada0bbb97	unattributed (mtime window: 2026-09-14b-ptrcoerceland)	V04_shadow_same_scope	snapshot:25aa8421-fce1-4a11-8a89-5d2ba5981c88/land14a_hand.Clf6/V04_shadow_same_scope.logos	-	no id of this program is cited by that round's record or its probe-dir files	-	-	RUNS	4	-	unattributed
4e3dc7afe79b2a5d	unattributed (mtime window: 2026-09-14b-ptrcoerceland)	V10_mut_loan_scoped_then_store	snapshot:25aa8421-fce1-4a11-8a89-5d2ba5981c88/land14a_hand.Clf6/V10_mut_loan_scoped_then_store.logos	-	no id of this program is cited by that round's record or its probe-dir files	-	-	RUNS	9	-	unattributed
c1ee8557ebeff8be	unattributed (mtime window: 2026-09-14b-ptrcoerceland)	P10_vec_push_ptr_elem	snapshot:25aa8421-fce1-4a11-8a89-5d2ba5981c88/land14a_hand.Clf6/P10_vec_push_ptr_elem.logos	-	no id of this program is cited by that round's record or its probe-dir files	-	-	RUNS	5	-	unattributed
c9c90e617e2d473c	unattributed (mtime window: 2026-09-14b-ptrcoerceland)	P07_tuple_pointee_co	snapshot:25aa8421-fce1-4a11-8a89-5d2ba5981c88/land14a_hand.Clf6/P07_tuple_pointee_co.logos	-	no id of this program is cited by that round's record or its probe-dir files	-	-	RUNS	3	-	unattributed
5d054c59bce410ae	unattributed (mtime window: 2026-09-14b-ptrcoerceland)	W01_addrof_push_nonmut_binding	snapshot:25aa8421-fce1-4a11-8a89-5d2ba5981c88/land14a_hand.Clf6/W01_addrof_push_nonmut_binding.logos	-	no id of this program is cited by that round's record or its probe-dir files	-	-	REFUSED	1 error [fn main]: cannot borrow 'v' as mutable: not declared as mut	-	unattributed
d2a096d53a5a8732	unattributed (mtime window: 2026-09-14b-ptrcoerceland)	P09_dyn_trait_ptr	snapshot:25aa8421-fce1-4a11-8a89-5d2ba5981c88/land14a_hand.Clf6/P09_dyn_trait_ptr.logos	-	no id of this program is cited by that round's record or its probe-dir files	-	-	RUNS	3	-	unattributed
d6084dd46286c0bd	unattributed (mtime window: 2026-09-14b-ptrcoerceland)	P11_if_else_branches_ptr	snapshot:25aa8421-fce1-4a11-8a89-5d2ba5981c88/land14a_hand.Clf6/P11_if_else_branches_ptr.logos	-	no id of this program is cited by that round's record or its probe-dir files	-	-	RUNS	5	-	unattributed
6b0f40f579baf4f5	unattributed (mtime window: 2026-09-14b-ptrcoerceland)	T4_arrayref_region_to_static_ref_decay	snapshot:25aa8421-fce1-4a11-8a89-5d2ba5981c88/land14a_hand.Clf6/T4_arrayref_region_to_static_ref_decay.logos	-	no id of this program is cited by that round's record or its probe-dir files	-	-	REFUSED	1 /home/logos/sandbox/hand-harvest-2026-09-14/25aa8421-fce1-4a11-8a89-5d2ba5981c88/land14a_hand.Clf6/T4_arrayref_region_to_static_ref_decay.logos:3: error [fn f	-	unattributed
20491fdce59744e5	unattributed (mtime window: 2026-09-14b-ptrcoerceland)	P05_decay_static_elems_shorter	snapshot:25aa8421-fce1-4a11-8a89-5d2ba5981c88/land14a_hand.Clf6/P05_decay_static_elems_shorter.logos	-	no id of this program is cited by that round's record or its probe-dir files	-	-	RUNS	7	-	unattributed
554e154264089563	unattributed (mtime window: 2026-09-14b-ptrcoerceland)	Z02_vec_store_value_len	snapshot:25aa8421-fce1-4a11-8a89-5d2ba5981c88/land14a_hand.Clf6/Z02_vec_store_value_len.logos	-	no id of this program is cited by that round's record or its probe-dir files	-	-	RUNS	2	-	unattributed
7c35c3d9d02ae9c7	unattributed (mtime window: 2026-09-14b-ptrcoerceland)	P08_fnptr_pointee	snapshot:25aa8421-fce1-4a11-8a89-5d2ba5981c88/land14a_hand.Clf6/P08_fnptr_pointee.logos	-	no id of this program is cited by that round's record or its probe-dir files	-	-	RUNS	8	-	unattributed
9dd8776662907590	unattributed (mtime window: 2026-09-14b-ptrcoerceland)	Q08_user_deref_one_typearg_to_slice	snapshot:25aa8421-fce1-4a11-8a89-5d2ba5981c88/land14a_hand.Clf6/Q08_user_deref_one_typearg_to_slice.logos	-	no id of this program is cited by that round's record or its probe-dir files	-	-	REFUSED	1 /home/logos/sandbox/hand-harvest-2026-09-14/25aa8421-fce1-4a11-8a89-5d2ba5981c88/land14a_hand.Clf6/Q08_user_deref_one_typearg_to_slice.logos:10: error [fn f]:	-	unattributed
67e2af1585187715	unattributed (mtime window: 2026-09-14b-ptrcoerceland)	V05_closure_store_scoped_then_borrow	snapshot:25aa8421-fce1-4a11-8a89-5d2ba5981c88/land14a_hand.Clf6/V05_closure_store_scoped_then_borrow.logos	-	no id of this program is cited by that round's record or its probe-dir files	-	-	RUNS	9	-	unattributed
e8199467c80b547d	unattributed (mtime window: 2026-09-14b-ptrcoerceland)	V12_explicit_addrof_push_no_loan	snapshot:25aa8421-fce1-4a11-8a89-5d2ba5981c88/land14a_hand.Clf6/V12_explicit_addrof_push_no_loan.logos	-	no id of this program is cited by that round's record or its probe-dir files	-	-	RUNS	2	-	unattributed
5dc13578e4d7774d	unattributed (mtime window: 2026-09-14b-ptrcoerceland)	P01_generic_field_ptr_method	snapshot:25aa8421-fce1-4a11-8a89-5d2ba5981c88/land14a_hand.Clf6/P01_generic_field_ptr_method.logos	-	no id of this program is cited by that round's record or its probe-dir files	-	-	RUNS	5	-	unattributed
33b2f191cd31206e	unattributed (mtime window: 2026-09-14b-ptrcoerceland)	Q07_vec_of_vec_to_slice	snapshot:25aa8421-fce1-4a11-8a89-5d2ba5981c88/land14a_hand.Clf6/Q07_vec_of_vec_to_slice.logos	-	no id of this program is cited by that round's record or its probe-dir files	-	-	RUNS	1	-	unattributed
cb6c7ec0701d405c	unattributed (mtime window: 2026-09-14b-ptrcoerceland)	V07_generic_user_indexmut_dead_loan	snapshot:25aa8421-fce1-4a11-8a89-5d2ba5981c88/land14a_hand.Clf6/V07_generic_user_indexmut_dead_loan.logos	-	no id of this program is cited by that round's record or its probe-dir files	-	-	REFUSED	1 /home/logos/sandbox/hand-harvest-2026-09-14/25aa8421-fce1-4a11-8a89-5d2ba5981c88/land14a_hand.Clf6/V07_generic_user_indexmut_dead_loan.logos:16: error [fn mai	-	unattributed
377d95a8f78f52d9	unattributed (mtime window: 2026-09-14b-ptrcoerceland)	P03_mutref_static_to_constptr_shorter	snapshot:25aa8421-fce1-4a11-8a89-5d2ba5981c88/land14a_hand.Clf6/P03_mutref_static_to_constptr_shorter.logos	-	no id of this program is cited by that round's record or its probe-dir files	-	-	RUNS	7	-	unattributed
329cd27aa1d82a92	unattributed (mtime window: 2026-09-14b-ptrcoerceland)	P02_where_outlives_refref_constptr	snapshot:25aa8421-fce1-4a11-8a89-5d2ba5981c88/land14a_hand.Clf6/P02_where_outlives_refref_constptr.logos	-	no id of this program is cited by that round's record or its probe-dir files	-	-	RUNS	6	-	unattributed
5ca7f77e70549442	unattributed (mtime window: 2026-09-14b-ptrcoerceland)	Q02_mutself_to_shared_helper	snapshot:25aa8421-fce1-4a11-8a89-5d2ba5981c88/land14a_hand.Clf6/Q02_mutself_to_shared_helper.logos	-	no id of this program is cited by that round's record or its probe-dir files	-	-	RUNS	3	-	unattributed
bb5c2d8bda89dd72	unattributed (mtime window: 2026-09-14b-ptrcoerceland)	V28_loop_dead_loan_before_loop	snapshot:25aa8421-fce1-4a11-8a89-5d2ba5981c88/land14a_twins3.L1yE/V28_loop_dead_loan_before_loop.logos	-	no id of this program is cited by that round's record or its probe-dir files	-	-	RUNS	3	-	unattributed
41102a00ba4fff8c	unattributed (mtime window: 2026-09-14b-ptrcoerceland)	V22_dead_before_if	snapshot:25aa8421-fce1-4a11-8a89-5d2ba5981c88/land14a_twins3.L1yE/V22_dead_before_if.logos	-	no id of this program is cited by that round's record or its probe-dir files	-	-	RUNS	2	-	unattributed
1c2fd149d2425bce	unattributed (mtime window: 2026-09-14b-ptrcoerceland)	Z05_match_get_expr_arm	snapshot:25aa8421-fce1-4a11-8a89-5d2ba5981c88/land14a_iso.wKkm/Z05_match_get_expr_arm.logos	-	no id of this program is cited by that round's record or its probe-dir files	-	-	RUNS	0	-	unattributed
d1f1a64c04ae4c87	unattributed (mtime window: 2026-09-14b-ptrcoerceland)	Z06_match_get_let_block_local	snapshot:25aa8421-fce1-4a11-8a89-5d2ba5981c88/land14a_iso.wKkm/Z06_match_get_let_block_local.logos	-	no id of this program is cited by that round's record or its probe-dir files	-	-	REFUSED	1 /home/logos/sandbox/hand-harvest-2026-09-14/25aa8421-fce1-4a11-8a89-5d2ba5981c88/land14a_iso.wKkm/Z06_match_get_let_block_local.logos:5: error [fn main]: let 	-	unattributed
34560c5c8177c219	unattributed (mtime window: 2026-09-14b-ptrcoerceland)	Z04_match_opt_ref_param_deref_let	snapshot:25aa8421-fce1-4a11-8a89-5d2ba5981c88/land14a_iso.wKkm/Z04_match_opt_ref_param_deref_let.logos	-	no id of this program is cited by that round's record or its probe-dir files	-	-	RUNS	5	-	unattributed
bf02a2e879c1ed7e	unattributed (mtime window: 2026-09-14b-ptrcoerceland)	V08B_store_value_fn_borrows_vec_ref	snapshot:25aa8421-fce1-4a11-8a89-5d2ba5981c88/land14a_iso.wKkm/V08B_store_value_fn_borrows_vec_ref.logos	-	no id of this program is cited by that round's record or its probe-dir files	-	-	REFUSED	1 error [fn main]: cannot borrow 'v' as shared: mutable borrow still in scope here (first borrowed at line 8, conflicting use at line 8)	-	unattributed
e7760ca85d14f274	unattributed (mtime window: 2026-09-14b-ptrcoerceland)	Z03_iflet_get_deref_let	snapshot:25aa8421-fce1-4a11-8a89-5d2ba5981c88/land14a_iso.wKkm/Z03_iflet_get_deref_let.logos	-	no id of this program is cited by that round's record or its probe-dir files	-	-	CCFAIL	1 logosc: MLIR generation failed	-	unattributed
d787600c2624c23d	unattributed (mtime window: 2026-09-14b-ptrcoerceland)	E08_mutref_ptr_pointee_to_mutptr	snapshot:25aa8421-fce1-4a11-8a89-5d2ba5981c88/land14a_twins5.F7Ma/E08_mutref_ptr_pointee_to_mutptr.logos	-	no id of this program is cited by that round's record or its probe-dir files	-	-	RUNS	9	-	unattributed
ea13f9c21b8e039c	unattributed (mtime window: 2026-09-14b-ptrcoerceland)	E04_mutvec_to_elided_mutslice_arg	snapshot:25aa8421-fce1-4a11-8a89-5d2ba5981c88/land14a_twins5.F7Ma/E04_mutvec_to_elided_mutslice_arg.logos	-	no id of this program is cited by that round's record or its probe-dir files	-	-	REFUSED	1 /home/logos/sandbox/hand-harvest-2026-09-14/25aa8421-fce1-4a11-8a89-5d2ba5981c88/land14a_twins5.F7Ma/E04_mutvec_to_elided_mutslice_arg.logos:3: error [fn set]	-	unattributed
9161940fa0ab5199	unattributed (mtime window: 2026-09-14b-ptrcoerceland)	E01_tuple_mutref_static_to_elided_mutptr	snapshot:25aa8421-fce1-4a11-8a89-5d2ba5981c88/land14a_twins5.F7Ma/E01_tuple_mutref_static_to_elided_mutptr.logos	-	no id of this program is cited by that round's record or its probe-dir files	-	-	RUNS	1	-	unattributed
de2f3b32f55ba699	unattributed (mtime window: 2026-09-14b-ptrcoerceland)	E07_named_region_mutref_to_mutptr_same	snapshot:25aa8421-fce1-4a11-8a89-5d2ba5981c88/land14a_twins5.F7Ma/E07_named_region_mutref_to_mutptr_same.logos	-	no id of this program is cited by that round's record or its probe-dir files	-	-	RUNS	2	-	unattributed
07cea740fc9c427f	unattributed (mtime window: 2026-09-14b-ptrcoerceland)	E06_static_mut_addr_to_mutptr	snapshot:25aa8421-fce1-4a11-8a89-5d2ba5981c88/land14a_twins5.F7Ma/E06_static_mut_addr_to_mutptr.logos	-	no id of this program is cited by that round's record or its probe-dir files	-	-	RUNS	4	-	unattributed
62ca04624f5158f2	unattributed (mtime window: 2026-09-14b-ptrcoerceland)	E05_closure_param_mutptr_from_mutref	snapshot:25aa8421-fce1-4a11-8a89-5d2ba5981c88/land14a_twins5.F7Ma/E05_closure_param_mutptr_from_mutref.logos	-	no id of this program is cited by that round's record or its probe-dir files	-	-	RUNS	6	-	unattributed
cdd5ad5998ca877d	unattributed (mtime window: 2026-09-14b-ptrcoerceland)	E03_mutvec_static_str_to_elided_mutslice_let	snapshot:25aa8421-fce1-4a11-8a89-5d2ba5981c88/land14a_twins5.F7Ma/E03_mutvec_static_str_to_elided_mutslice_let.logos	-	no id of this program is cited by that round's record or its probe-dir files	-	-	RUNS	3	-	unattributed
bdffc8a1cca1d563	unattributed (mtime window: 2026-09-14b-ptrcoerceland)	E09N_renamed_callee_region	snapshot:25aa8421-fce1-4a11-8a89-5d2ba5981c88/land14a_twins6.NtgP/E09N_renamed_callee_region.logos	-	no id of this program is cited by that round's record or its probe-dir files	-	-	RUNS	8	-	unattributed
2c313e8820ff454b	unattributed (mtime window: 2026-09-14b-ptrcoerceland)	E02L_struct_lit_mutptr_field_from_mutref_local	snapshot:25aa8421-fce1-4a11-8a89-5d2ba5981c88/land14a_twins6.NtgP/E02L_struct_lit_mutptr_field_from_mutref_local.logos	-	no id of this program is cited by that round's record or its probe-dir files	-	-	RUNS	5	-	unattributed
d42216c57ebf72b0	unattributed (mtime window: 2026-09-14b-ptrcoerceland)	E09R_ref_arg_same_kind	snapshot:25aa8421-fce1-4a11-8a89-5d2ba5981c88/land14a_twins6.NtgP/E09R_ref_arg_same_kind.logos	-	no id of this program is cited by that round's record or its probe-dir files	-	-	RUNS	8	-	unattributed
5d0cf272328ba29a	unattributed (mtime window: 2026-09-14b-ptrcoerceland)	M12_ret_mutptr_from_mutref_static_fn_elided	snapshot:25aa8421-fce1-4a11-8a89-5d2ba5981c88/land14a_twins4.YY4f/M12_ret_mutptr_from_mutref_static_fn_elided.logos	-	no id of this program is cited by that round's record or its probe-dir files	-	-	REFUSED	1 /home/logos/sandbox/hand-harvest-2026-09-14/25aa8421-fce1-4a11-8a89-5d2ba5981c88/land14a_twins4.YY4f/M12_ret_mutptr_from_mutref_static_fn_elided.logos:3: erro	-	unattributed
e69fa1e2642e6fc9	unattributed (mtime window: 2026-09-14b-ptrcoerceland)	M9_let_elided_mutptr_from_mutref_local	snapshot:25aa8421-fce1-4a11-8a89-5d2ba5981c88/land14a_twins4.YY4f/M9_let_elided_mutptr_from_mutref_local.logos	-	no id of this program is cited by that round's record or its probe-dir files	-	-	RUNS	4	-	unattributed
ddff6470467e6b89	unattributed (mtime window: 2026-09-14b-ptrcoerceland)	M8_let_elided_constptr_from_ref_static	snapshot:25aa8421-fce1-4a11-8a89-5d2ba5981c88/land14a_twins4.YY4f/M8_let_elided_constptr_from_ref_static.logos	-	no id of this program is cited by that round's record or its probe-dir files	-	-	RUNS	7	-	unattributed
2d6c8584964c2a52	unattributed (mtime window: 2026-09-14b-ptrcoerceland)	M7_let_elided_mutref_from_mutref_static_same_kind	snapshot:25aa8421-fce1-4a11-8a89-5d2ba5981c88/land14a_twins4.YY4f/M7_let_elided_mutref_from_mutref_static_same_kind.logos	-	no id of this program is cited by that round's record or its probe-dir files	-	-	RUNS	7	-	unattributed
90e27888c43fe0f9	unattributed (mtime window: 2026-09-14b-ptrcoerceland)	M6_let_elided_mutptr_from_mutptr_static_same_kind	snapshot:25aa8421-fce1-4a11-8a89-5d2ba5981c88/land14a_twins4.YY4f/M6_let_elided_mutptr_from_mutptr_static_same_kind.logos	-	no id of this program is cited by that round's record or its probe-dir files	-	-	RUNS	7	-	unattributed
b525b1927ce01e4e	unattributed (mtime window: 2026-09-14c-meetobl)	g05_meet_local_legal	snapshot:25aa8421-fce1-4a11-8a89-5d2ba5981c88/ctlglb.8gt6/g05_meet_local_legal.logos	-	no id of this program is cited by that round's record or its probe-dir files	-	-	RUNS	7	-	unattributed
dccfeefbd279a656	unattributed (mtime window: 2026-09-14c-meetobl)	g04_meet_let_annot	snapshot:25aa8421-fce1-4a11-8a89-5d2ba5981c88/ctlglb.8gt6/g04_meet_let_annot.logos	-	no id of this program is cited by that round's record or its probe-dir files	-	-	REFUSED	1 /home/logos/sandbox/hand-harvest-2026-09-14/25aa8421-fce1-4a11-8a89-5d2ba5981c88/ctlglb.8gt6/g04_meet_let_annot.logos:4: error [fn set_desc]: let 'f': lifetim	-	unattributed
0c8cfeb17db2794f	unattributed (mtime window: 2026-09-14c-meetobl)	g06_meet_both_params_ret_meet_legal	snapshot:25aa8421-fce1-4a11-8a89-5d2ba5981c88/ctlglb.8gt6/g06_meet_both_params_ret_meet_legal.logos	-	no id of this program is cited by that round's record or its probe-dir files	-	-	RUNS	7	-	unattributed
b6ed859e38c79b9a	unattributed (mtime window: 2026-09-14c-meetobl)	g03_named_b_no_bound	snapshot:25aa8421-fce1-4a11-8a89-5d2ba5981c88/ctlglb.8gt6/g03_named_b_no_bound.logos	-	no id of this program is cited by that round's record or its probe-dir files	-	-	REFUSED	1 /home/logos/sandbox/hand-harvest-2026-09-14/25aa8421-fce1-4a11-8a89-5d2ba5981c88/ctlglb.8gt6/g03_named_b_no_bound.logos:4: error [fn set_desc]: return type mi	-	unattributed
8aab9e531148cb63	unattributed (mtime window: 2026-09-14c-meetobl)	X06_local_escape	snapshot:25aa8421-fce1-4a11-8a89-5d2ba5981c88/battery.WM5P/X06_local_escape.logos	-	no id of this program is cited by that round's record or its probe-dir files	-	-	REFUSED	1 error [fn mk]: cannot return reference to local variable 'n': dangling reference	-	unattributed
da178ddde0d79369	unattributed (mtime window: 2026-09-14c-meetobl)	L_T2_tuplestruct_bound_legal	snapshot:25aa8421-fce1-4a11-8a89-5d2ba5981c88/tsctor.rVN1/L_T2_tuplestruct_bound_legal.logos	-	no id of this program is cited by that round's record or its probe-dir files	-	-	REFUSED	2 /home/logos/sandbox/hand-harvest-2026-09-14/25aa8421-fce1-4a11-8a89-5d2ba5981c88/tsctor.rVN1/L_T2_tuplestruct_bound_legal.logos:4: error [fn mk]: tuple-struct	-	unattributed
8d8c0238b7672889	unattributed (mtime window: 2026-09-14c-meetobl)	L_T3_tuplestruct_same_name_bound_legal	snapshot:25aa8421-fce1-4a11-8a89-5d2ba5981c88/tsctor.rVN1/L_T3_tuplestruct_same_name_bound_legal.logos	-	no id of this program is cited by that round's record or its probe-dir files	-	-	RUNS	7	-	unattributed
eee260e8d014c38a	unattributed (mtime window: 2026-09-14c-meetobl)	p3_struct_field_b_ret_a	snapshot:25aa8421-fce1-4a11-8a89-5d2ba5981c88/payload.DIHB/p3_struct_field_b_ret_a.logos	-	no id of this program is cited by that round's record or its probe-dir files	-	-	REFUSED	1 /home/logos/sandbox/hand-harvest-2026-09-14/25aa8421-fce1-4a11-8a89-5d2ba5981c88/payload.DIHB/p3_struct_field_b_ret_a.logos:4: error [fn second]: return type 	-	unattributed
15062067861c7fdf	unattributed (mtime window: 2026-09-14c-meetobl)	v1_let_then_annot	snapshot:25aa8421-fce1-4a11-8a89-5d2ba5981c88/x01var.mch8/v1_let_then_annot.logos	-	no id of this program is cited by that round's record or its probe-dir files	-	-	REFUSED	1 /home/logos/sandbox/hand-harvest-2026-09-14/25aa8421-fce1-4a11-8a89-5d2ba5981c88/x01var.mch8/v1_let_then_annot.logos:5: error [fn mk]: let 'q': lifetime may n	-	unattributed
35c495edb74de9fb	unattributed (mtime window: 2026-09-14c-meetobl)	v2_call_arg_strict	snapshot:25aa8421-fce1-4a11-8a89-5d2ba5981c88/x01var.mch8/v2_call_arg_strict.logos	-	no id of this program is cited by that round's record or its probe-dir files	-	-	REFUSED	1 /home/logos/sandbox/hand-harvest-2026-09-14/25aa8421-fce1-4a11-8a89-5d2ba5981c88/x01var.mch8/v2_call_arg_strict.logos:6: error [fn mk]: return type mismatch: 	-	unattributed
a03e7db89ac6deb8	unattributed (mtime window: 2026-09-14c-meetobl)	v4_ret_ref_field	snapshot:25aa8421-fce1-4a11-8a89-5d2ba5981c88/x01var.mch8/v4_ret_ref_field.logos	-	no id of this program is cited by that round's record or its probe-dir files	-	-	REFUSED	1 /home/logos/sandbox/hand-harvest-2026-09-14/25aa8421-fce1-4a11-8a89-5d2ba5981c88/x01var.mch8/v4_ret_ref_field.logos:5: error [fn mk]: return type mismatch: li	-	unattributed
1da084d2a2690ec4	unattributed (mtime window: 2026-09-14c-meetobl)	v3_one_field_struct_two_lits	snapshot:25aa8421-fce1-4a11-8a89-5d2ba5981c88/x01var.mch8/v3_one_field_struct_two_lits.logos	-	no id of this program is cited by that round's record or its probe-dir files	-	-	REFUSED	1 /home/logos/sandbox/hand-harvest-2026-09-14/25aa8421-fce1-4a11-8a89-5d2ba5981c88/x01var.mch8/v3_one_field_struct_two_lits.logos:5: error [fn mk]: return type 	-	unattributed
be7b5074b2d0df2e	unattributed (mtime window: 2026-09-14c-meetobl)	c09_struct_lit_nested	snapshot:25aa8421-fce1-4a11-8a89-5d2ba5981c88/ctl.oFGu/c09_struct_lit_nested.logos	-	no id of this program is cited by that round's record or its probe-dir files	-	-	REFUSED	1 /home/logos/sandbox/hand-harvest-2026-09-14/25aa8421-fce1-4a11-8a89-5d2ba5981c88/ctl.oFGu/c09_struct_lit_nested.logos:4: error [fn mk]: return type mismatch: 	-	unattributed
056517893b3ab8d1	unattributed (mtime window: 2026-09-14c-meetobl)	c02_enum_ctor_bound_legal	snapshot:25aa8421-fce1-4a11-8a89-5d2ba5981c88/ctl.oFGu/c02_enum_ctor_bound_legal.logos	-	no id of this program is cited by that round's record or its probe-dir files	-	-	RUNS	7	-	unattributed
3da62d9c5e31b5fb	unattributed (mtime window: 2026-09-14c-meetobl)	c10_tuple_struct	snapshot:25aa8421-fce1-4a11-8a89-5d2ba5981c88/ctl.oFGu/c10_tuple_struct.logos	-	no id of this program is cited by that round's record or its probe-dir files	-	-	REFUSED	1 /home/logos/sandbox/hand-harvest-2026-09-14/25aa8421-fce1-4a11-8a89-5d2ba5981c88/ctl.oFGu/c10_tuple_struct.logos:4: error [fn mk]: tuple-struct 'P' field 1: v	-	unattributed
73ea998a7f2d4002	unattributed (mtime window: 2026-09-14d-meetoblland)	X402_struct_inv_binder_second_first	snapshot:25aa8421-fce1-4a11-8a89-5d2ba5981c88/invnb.tuCq/X402_struct_inv_binder_second_first.logos	-	no id of this program is cited by that round's record or its probe-dir files	-	-	REFUSED	2 /home/logos/sandbox/hand-harvest-2026-09-14/25aa8421-fce1-4a11-8a89-5d2ba5981c88/invnb.tuCq/X402_struct_inv_binder_second_first.logos:4: error [fn mk]: struct	-	unattributed
f856aeb26fe93d19	unattributed (mtime window: 2026-09-14d-meetoblland)	L402_struct_mutref_mutref_and_cov_bound	snapshot:25aa8421-fce1-4a11-8a89-5d2ba5981c88/invnb.tuCq/L402_struct_mutref_mutref_and_cov_bound.logos	-	no id of this program is cited by that round's record or its probe-dir files	-	-	RUNS	4	-	unattributed
d874be8a9e1f366a	unattributed (mtime window: 2026-09-14d-meetoblland)	X403_call_inv_binder_nobound	snapshot:25aa8421-fce1-4a11-8a89-5d2ba5981c88/invnb.tuCq/X403_call_inv_binder_nobound.logos	-	no id of this program is cited by that round's record or its probe-dir files	-	-	REFUSED	1 /home/logos/sandbox/hand-harvest-2026-09-14/25aa8421-fce1-4a11-8a89-5d2ba5981c88/invnb.tuCq/X403_call_inv_binder_nobound.logos:4: error [fn mk]: call to 'put'	-	unattributed
0b19b746b5386589	unattributed (mtime window: 2026-09-14d-meetoblland)	X409_call_inv_cov_first_nobound	snapshot:25aa8421-fce1-4a11-8a89-5d2ba5981c88/invnb.tuCq/X409_call_inv_cov_first_nobound.logos	-	no id of this program is cited by that round's record or its probe-dir files	-	-	REFUSED	2 /home/logos/sandbox/hand-harvest-2026-09-14/25aa8421-fce1-4a11-8a89-5d2ba5981c88/invnb.tuCq/X409_call_inv_cov_first_nobound.logos:4: error [fn go]: call to 'k	-	unattributed
1dde34c15743126e	unattributed (mtime window: 2026-09-14d-meetoblland)	L403_call_inv_binder_bound	snapshot:25aa8421-fce1-4a11-8a89-5d2ba5981c88/invnb.tuCq/L403_call_inv_binder_bound.logos	-	no id of this program is cited by that round's record or its probe-dir files	-	-	REFUSED	2 /home/logos/sandbox/hand-harvest-2026-09-14/25aa8421-fce1-4a11-8a89-5d2ba5981c88/invnb.tuCq/L403_call_inv_binder_bound.logos:4: error [fn mk]: call to 'put' a	-	unattributed
816386e7e6201cba	unattributed (mtime window: 2026-09-14d-meetoblland)	L406_call_mutref_mutref_bound	snapshot:25aa8421-fce1-4a11-8a89-5d2ba5981c88/invnb.tuCq/L406_call_mutref_mutref_bound.logos	-	no id of this program is cited by that round's record or its probe-dir files	-	-	RUNS	8	-	unattributed
7e13e1338f621c6e	unattributed (mtime window: 2026-09-14d-meetoblland)	L409_enum_ptr_payload_bound	snapshot:25aa8421-fce1-4a11-8a89-5d2ba5981c88/invnb.tuCq/L409_enum_ptr_payload_bound.logos	-	no id of this program is cited by that round's record or its probe-dir files	-	-	RUNS	2	-	unattributed
21656b41772fd8c0	unattributed (mtime window: 2026-09-14d-meetoblland)	X407_call_two_mutptr_one_bound	snapshot:25aa8421-fce1-4a11-8a89-5d2ba5981c88/invnb.tuCq/X407_call_two_mutptr_one_bound.logos	-	no id of this program is cited by that round's record or its probe-dir files	-	-	REFUSED	1 /home/logos/sandbox/hand-harvest-2026-09-14/25aa8421-fce1-4a11-8a89-5d2ba5981c88/invnb.tuCq/X407_call_two_mutptr_one_bound.logos:4: error [fn go]: call to 'sa	-	unattributed
c63d640aedc58e69	unattributed (mtime window: 2026-09-14d-meetoblland)	L405_struct_inv_mutual_bounds	snapshot:25aa8421-fce1-4a11-8a89-5d2ba5981c88/invnb.tuCq/L405_struct_inv_mutual_bounds.logos	-	no id of this program is cited by that round's record or its probe-dir files	-	-	RUNS	6	-	unattributed
4d975084b0f69893	unattributed (mtime window: 2026-09-14d-meetoblland)	X404_call_inv_binder_second_first	snapshot:25aa8421-fce1-4a11-8a89-5d2ba5981c88/invnb.tuCq/X404_call_inv_binder_second_first.logos	-	no id of this program is cited by that round's record or its probe-dir files	-	-	REFUSED	2 /home/logos/sandbox/hand-harvest-2026-09-14/25aa8421-fce1-4a11-8a89-5d2ba5981c88/invnb.tuCq/X404_call_inv_binder_second_first.logos:4: error [fn mk]: call to 	-	unattributed
c81324fdb7135c37	unattributed (mtime window: 2026-09-14d-meetoblland)	X405_struct_mutref_mutref_nobound	snapshot:25aa8421-fce1-4a11-8a89-5d2ba5981c88/invnb.tuCq/X405_struct_mutref_mutref_nobound.logos	-	no id of this program is cited by that round's record or its probe-dir files	-	-	REFUSED	1 /home/logos/sandbox/hand-harvest-2026-09-14/25aa8421-fce1-4a11-8a89-5d2ba5981c88/invnb.tuCq/X405_struct_mutref_mutref_nobound.logos:4: error [fn mk]: struct l	-	unattributed
0f43da9d62b1011d	unattributed (mtime window: 2026-09-14d-meetoblland)	X401_struct_inv_binder_nobound	snapshot:25aa8421-fce1-4a11-8a89-5d2ba5981c88/invnb.tuCq/X401_struct_inv_binder_nobound.logos	-	no id of this program is cited by that round's record or its probe-dir files	-	-	REFUSED	1 /home/logos/sandbox/hand-harvest-2026-09-14/25aa8421-fce1-4a11-8a89-5d2ba5981c88/invnb.tuCq/X401_struct_inv_binder_nobound.logos:4: error [fn mk]: struct lite	-	unattributed
c870b909c875c8c8	unattributed (mtime window: 2026-09-14d-meetoblland)	X408_struct_inv_cov_first_nobound	snapshot:25aa8421-fce1-4a11-8a89-5d2ba5981c88/invnb.tuCq/X408_struct_inv_cov_first_nobound.logos	-	no id of this program is cited by that round's record or its probe-dir files	-	-	REFUSED	2 /home/logos/sandbox/hand-harvest-2026-09-14/25aa8421-fce1-4a11-8a89-5d2ba5981c88/invnb.tuCq/X408_struct_inv_cov_first_nobound.logos:4: error [fn mk]: struct l	-	unattributed
161be20f7df3fe9b	unattributed (mtime window: 2026-09-14d-meetoblland)	X406_struct_inv_two_mutptr_one_bound	snapshot:25aa8421-fce1-4a11-8a89-5d2ba5981c88/invnb.tuCq/X406_struct_inv_two_mutptr_one_bound.logos	-	no id of this program is cited by that round's record or its probe-dir files	-	-	REFUSED	1 /home/logos/sandbox/hand-harvest-2026-09-14/25aa8421-fce1-4a11-8a89-5d2ba5981c88/invnb.tuCq/X406_struct_inv_two_mutptr_one_bound.logos:4: error [fn mk]: struc	-	unattributed
dd3bef3c812aeab1	unattributed (mtime window: 2026-09-14d-meetoblland)	bc_meet_struct_ptr_field_refuse	snapshot:25aa8421-fce1-4a11-8a89-5d2ba5981c88/landfxptr.Myhn/bc_meet_struct_ptr_field_refuse.logos	-	no id of this program is cited by that round's record or its probe-dir files	-	-	REFUSED	1 /home/logos/sandbox/hand-harvest-2026-09-14/25aa8421-fce1-4a11-8a89-5d2ba5981c88/landfxptr.Myhn/bc_meet_struct_ptr_field_refuse.logos:7: error [fn mk]: return	-	unattributed
f022ff882397f0d9	unattributed (mtime window: 2026-09-14d-meetoblland)	bc_meet_struct_ptr_invariant_refuse	snapshot:25aa8421-fce1-4a11-8a89-5d2ba5981c88/landfxptr.Myhn/bc_meet_struct_ptr_invariant_refuse.logos	-	no id of this program is cited by that round's record or its probe-dir files	-	-	REFUSED	1 /home/logos/sandbox/hand-harvest-2026-09-14/25aa8421-fce1-4a11-8a89-5d2ba5981c88/landfxptr.Myhn/bc_meet_struct_ptr_invariant_refuse.logos:6: error [fn mk]: st	-	unattributed
c173c2d9a520eceb	unattributed (mtime window: 2026-09-14d-meetoblland)	bc_meet_struct_ptr_invariant_admit	snapshot:25aa8421-fce1-4a11-8a89-5d2ba5981c88/landfxptr.Myhn/bc_meet_struct_ptr_invariant_admit.logos	-	no id of this program is cited by that round's record or its probe-dir files	-	-	RUNS	5 k=5	-	unattributed
dee7eadd5abe9efd	unattributed (mtime window: 2026-09-14d-meetoblland)	bc_meet_struct_ptr_field_admit	snapshot:25aa8421-fce1-4a11-8a89-5d2ba5981c88/landfxptr.Myhn/bc_meet_struct_ptr_field_admit.logos	-	no id of this program is cited by that round's record or its probe-dir files	-	-	RUNS	7 k=7	-	unattributed
fe4b38b15d006df6	unattributed (mtime window: 2026-09-14d-meetoblland)	bc_meet_closure_ret_admit	snapshot:25aa8421-fce1-4a11-8a89-5d2ba5981c88/landfx.4wG7/bc_meet_closure_ret_admit.logos	-	no id of this program is cited by that round's record or its probe-dir files	-	-	RUNS	9 sum=9	-	unattributed
c2203ccd2ca1cff0	unattributed (mtime window: 2026-09-14d-meetoblland)	bc_meet_structlit_nongeneric_refuse	snapshot:25aa8421-fce1-4a11-8a89-5d2ba5981c88/landfx.4wG7/bc_meet_structlit_nongeneric_refuse.logos	-	no id of this program is cited by that round's record or its probe-dir files	-	-	REFUSED	1 /home/logos/sandbox/hand-harvest-2026-09-14/25aa8421-fce1-4a11-8a89-5d2ba5981c88/landfx.4wG7/bc_meet_structlit_nongeneric_refuse.logos:6: error [fn mk]: retur	-	unattributed
40deb983a5522fd5	unattributed (mtime window: 2026-09-14d-meetoblland)	bc_meet_structlit_generic_admit	snapshot:25aa8421-fce1-4a11-8a89-5d2ba5981c88/landfx.4wG7/bc_meet_structlit_generic_admit.logos	-	no id of this program is cited by that round's record or its probe-dir files	-	-	RUNS	9 sum=9	-	unattributed
0cdc83ada3af1b03	unattributed (mtime window: 2026-09-14d-meetoblland)	bc_meet_enumlit_admit	snapshot:25aa8421-fce1-4a11-8a89-5d2ba5981c88/landfx.4wG7/bc_meet_enumlit_admit.logos	-	no id of this program is cited by that round's record or its probe-dir files	-	-	RUNS	8 sum=8	-	unattributed
092bd4f6714680de	unattributed (mtime window: 2026-09-14d-meetoblland)	bc_meet_closure_ret_refuse	snapshot:25aa8421-fce1-4a11-8a89-5d2ba5981c88/landfx.4wG7/bc_meet_closure_ret_refuse.logos	-	no id of this program is cited by that round's record or its probe-dir files	-	-	RUNS	9 sum=9	-	unattributed
5e612ce671fa41b5	unattributed (mtime window: 2026-09-14d-meetoblland)	bc_meet_structlit_nongeneric_admit	snapshot:25aa8421-fce1-4a11-8a89-5d2ba5981c88/landfx.4wG7/bc_meet_structlit_nongeneric_admit.logos	-	no id of this program is cited by that round's record or its probe-dir files	-	-	RUNS	7 sum=7	-	unattributed
12f5cd9169d4c73f	unattributed (mtime window: 2026-09-14d-meetoblland)	bc_meet_self_field_store_refuse	snapshot:25aa8421-fce1-4a11-8a89-5d2ba5981c88/landfx.4wG7/bc_meet_self_field_store_refuse.logos	-	no id of this program is cited by that round's record or its probe-dir files	-	-	REFUSED	1 /home/logos/sandbox/hand-harvest-2026-09-14/25aa8421-fce1-4a11-8a89-5d2ba5981c88/landfx.4wG7/bc_meet_self_field_store_refuse.logos:8: error [fn H__set]: assig	-	unattributed
d93fd31a1f095c86	unattributed (mtime window: 2026-09-14d-meetoblland)	bc_meet_structlit_generic_refuse	snapshot:25aa8421-fce1-4a11-8a89-5d2ba5981c88/landfx.4wG7/bc_meet_structlit_generic_refuse.logos	-	no id of this program is cited by that round's record or its probe-dir files	-	-	REFUSED	1 /home/logos/sandbox/hand-harvest-2026-09-14/25aa8421-fce1-4a11-8a89-5d2ba5981c88/landfx.4wG7/bc_meet_structlit_generic_refuse.logos:6: error [fn mk]: return t	-	unattributed
342bb7015eaad1d4	unattributed (mtime window: 2026-09-14d-meetoblland)	bc_meet_method_ret_admit	snapshot:25aa8421-fce1-4a11-8a89-5d2ba5981c88/landfx.4wG7/bc_meet_method_ret_admit.logos	-	no id of this program is cited by that round's record or its probe-dir files	-	-	RUNS	6 second=6	-	unattributed
11178cb995124bb8	unattributed (mtime window: 2026-09-14d-meetoblland)	bc_meet_enumlit_refuse	snapshot:25aa8421-fce1-4a11-8a89-5d2ba5981c88/landfx.4wG7/bc_meet_enumlit_refuse.logos	-	no id of this program is cited by that round's record or its probe-dir files	-	-	REFUSED	1 /home/logos/sandbox/hand-harvest-2026-09-14/25aa8421-fce1-4a11-8a89-5d2ba5981c88/landfx.4wG7/bc_meet_enumlit_refuse.logos:6: error [fn mk]: return type mismat	-	unattributed
159a3686d4e3bf92	unattributed (mtime window: 2026-09-14d-meetoblland)	bc_meet_call_refuse	snapshot:25aa8421-fce1-4a11-8a89-5d2ba5981c88/landfx.4wG7/bc_meet_call_refuse.logos	-	no id of this program is cited by that round's record or its probe-dir files	-	-	REFUSED	1 /home/logos/sandbox/hand-harvest-2026-09-14/25aa8421-fce1-4a11-8a89-5d2ba5981c88/landfx.4wG7/bc_meet_call_refuse.logos:6: error [fn go]: return type mismatch:	-	unattributed
abcd8ae2de2bb112	unattributed (mtime window: 2026-09-14d-meetoblland)	bc_meet_call_admit	snapshot:25aa8421-fce1-4a11-8a89-5d2ba5981c88/landfx.4wG7/bc_meet_call_admit.logos	-	no id of this program is cited by that round's record or its probe-dir files	-	-	RUNS	2 first=2	-	unattributed
307118340ef4e0b2	unattributed (mtime window: 2026-09-14d-meetoblland)	bc_meet_self_field_store_admit	snapshot:25aa8421-fce1-4a11-8a89-5d2ba5981c88/landfx.4wG7/bc_meet_self_field_store_admit.logos	-	no id of this program is cited by that round's record or its probe-dir files	-	-	RUNS	6 sum=6	-	unattributed
2205cf42918f2d82	unattributed (mtime window: 2026-09-14d-meetoblland)	bc_meet_method_ret_refuse	snapshot:25aa8421-fce1-4a11-8a89-5d2ba5981c88/landfx.4wG7/bc_meet_method_ret_refuse.logos	-	no id of this program is cited by that round's record or its probe-dir files	-	-	REFUSED	1 /home/logos/sandbox/hand-harvest-2026-09-14/25aa8421-fce1-4a11-8a89-5d2ba5981c88/landfx.4wG7/bc_meet_method_ret_refuse.logos:10: error [fn go]: return type mi	-	unattributed
d0f1c3f62fd1d9df	unattributed (mtime window: 2026-09-14d-meetoblland)	bc_meet_enumlit_one_str_refuse	snapshot:25aa8421-fce1-4a11-8a89-5d2ba5981c88/b5fx.8Lm7/bc_meet_enumlit_one_str_refuse.logos	-	no id of this program is cited by that round's record or its probe-dir files	-	-	REFUSED	1 /home/logos/sandbox/hand-harvest-2026-09-14/25aa8421-fce1-4a11-8a89-5d2ba5981c88/b5fx.8Lm7/bc_meet_enumlit_one_str_refuse.logos:6: error [fn mk]: return type 	-	unattributed
9e6c782995c89608	unattributed (mtime window: 2026-09-14d-meetoblland)	bc_meet_enumlit_str_payload_admit	snapshot:25aa8421-fce1-4a11-8a89-5d2ba5981c88/b5fx.8Lm7/bc_meet_enumlit_str_payload_admit.logos	-	no id of this program is cited by that round's record or its probe-dir files	-	-	RUNS	5 len=5	-	unattributed
47f09c155b52b5bc	unattributed (mtime window: 2026-09-14d-meetoblland)	bc_meet_enumlit_one_str_admit	snapshot:25aa8421-fce1-4a11-8a89-5d2ba5981c88/b5fx.8Lm7/bc_meet_enumlit_one_str_admit.logos	-	no id of this program is cited by that round's record or its probe-dir files	-	-	RUNS	3 len=3	-	unattributed
ca05e374cbe87d3a	unattributed (mtime window: 2026-09-14d-meetoblland)	bc_meet_invariant_elided_arg_admit	snapshot:25aa8421-fce1-4a11-8a89-5d2ba5981c88/b5fx.8Lm7/bc_meet_invariant_elided_arg_admit.logos	-	no id of this program is cited by that round's record or its probe-dir files	-	-	RUNS	7 k=7	-	unattributed
573136f5354a20eb	unattributed (mtime window: 2026-09-14d-meetoblland)	bc_meet_enumlit_aggregate_payload_refuse	snapshot:25aa8421-fce1-4a11-8a89-5d2ba5981c88/b5fx.8Lm7/bc_meet_enumlit_aggregate_payload_refuse.logos	-	no id of this program is cited by that round's record or its probe-dir files	-	-	REFUSED	1 /home/logos/sandbox/hand-harvest-2026-09-14/25aa8421-fce1-4a11-8a89-5d2ba5981c88/b5fx.8Lm7/bc_meet_enumlit_aggregate_payload_refuse.logos:7: error [fn mk]: re	-	unattributed
e64b54c61e1a8973	unattributed (mtime window: 2026-09-14d-meetoblland)	bc_meet_enumlit_str_payload_refuse	snapshot:25aa8421-fce1-4a11-8a89-5d2ba5981c88/b5fx.8Lm7/bc_meet_enumlit_str_payload_refuse.logos	-	no id of this program is cited by that round's record or its probe-dir files	-	-	REFUSED	1 /home/logos/sandbox/hand-harvest-2026-09-14/25aa8421-fce1-4a11-8a89-5d2ba5981c88/b5fx.8Lm7/bc_meet_enumlit_str_payload_refuse.logos:6: error [fn mk]: return t	-	unattributed
6a8761d4d8a1319a	unattributed (mtime window: 2026-09-14d-meetoblland)	bc_meet_enumlit_aggregate_payload_admit	snapshot:25aa8421-fce1-4a11-8a89-5d2ba5981c88/b5fx.8Lm7/bc_meet_enumlit_aggregate_payload_admit.logos	-	no id of this program is cited by that round's record or its probe-dir files	-	-	RUNS	7 sum=7	-	unattributed
ec47bd6874216405	unattributed (mtime window: 2026-09-14d-meetoblland)	bc_meet_invariant_elided_arg_refuse	snapshot:25aa8421-fce1-4a11-8a89-5d2ba5981c88/b5fx.8Lm7/bc_meet_invariant_elided_arg_refuse.logos	-	no id of this program is cited by that round's record or its probe-dir files	-	-	REFUSED	1 /home/logos/sandbox/hand-harvest-2026-09-14/25aa8421-fce1-4a11-8a89-5d2ba5981c88/b5fx.8Lm7/bc_meet_invariant_elided_arg_refuse.logos:9: error [fn put]: call t	-	unattributed
83c82cc9c57de800	unattributed (mtime window: 2026-09-14d-meetoblland)	L505_ptr_field_struct_in_vec	snapshot:25aa8421-fce1-4a11-8a89-5d2ba5981c88/ptrattack.poIQ/L505_ptr_field_struct_in_vec.logos	-	no id of this program is cited by that round's record or its probe-dir files	-	-	RUNS	9	-	unattributed
7e122f992b07ad8b	unattributed (mtime window: 2026-09-14d-meetoblland)	L502_ptr_to_static_and_local_region	snapshot:25aa8421-fce1-4a11-8a89-5d2ba5981c88/ptrattack.poIQ/L502_ptr_to_static_and_local_region.logos	-	no id of this program is cited by that round's record or its probe-dir files	-	-	RUNS	5	-	unattributed
65d0ee42abe658c3	unattributed (mtime window: 2026-09-14d-meetoblland)	L506_method_ptr_self_field	snapshot:25aa8421-fce1-4a11-8a89-5d2ba5981c88/ptrattack.poIQ/L506_method_ptr_self_field.logos	-	no id of this program is cited by that round's record or its probe-dir files	-	-	RUNS	7	-	unattributed
610ba496d2eacdef	unattributed (mtime window: 2026-09-14d-meetoblland)	L503_call_ptr_param_elided_args	snapshot:25aa8421-fce1-4a11-8a89-5d2ba5981c88/ptrattack.poIQ/L503_call_ptr_param_elided_args.logos	-	no id of this program is cited by that round's record or its probe-dir files	-	-	RUNS	6	-	unattributed
996c6094b3dd15f5	unattributed (mtime window: 2026-09-14d-meetoblland)	L501_generic_ptr_struct_T	snapshot:25aa8421-fce1-4a11-8a89-5d2ba5981c88/ptrattack.poIQ/L501_generic_ptr_struct_T.logos	-	no id of this program is cited by that round's record or its probe-dir files	-	-	RUNS	4	-	unattributed
c88a598f363d0bd1	unattributed (mtime window: 2026-09-14d-meetoblland)	L302_enum_slice_payload_bound	snapshot:25aa8421-fce1-4a11-8a89-5d2ba5981c88/landbatf.Dk2p/L302_enum_slice_payload_bound.logos	-	no id of this program is cited by that round's record or its probe-dir files	-	-	RUNS	4	-	unattributed
189725f84c366ac6	unattributed (mtime window: 2026-09-14d-meetoblland)	L303_enum_dyn_payload	snapshot:25aa8421-fce1-4a11-8a89-5d2ba5981c88/landbatf.Dk2p/L303_enum_dyn_payload.logos	-	no id of this program is cited by that round's record or its probe-dir files	-	-	RUNS	6	-	unattributed
8aa46a77576d5cbb	unattributed (mtime window: 2026-09-14d-meetoblland)	L309_enum_two_struct_args_same_region	snapshot:25aa8421-fce1-4a11-8a89-5d2ba5981c88/landbatf.Dk2p/L309_enum_two_struct_args_same_region.logos	-	no id of this program is cited by that round's record or its probe-dir files	-	-	RUNS	6	-	unattributed
b37898811700dd6e	unattributed (mtime window: 2026-09-14d-meetoblland)	L301_enum_str_static_literal_into_named	snapshot:25aa8421-fce1-4a11-8a89-5d2ba5981c88/landbatf.Dk2p/L301_enum_str_static_literal_into_named.logos	-	no id of this program is cited by that round's record or its probe-dir files	-	-	RUNS	6	-	unattributed
d0675e9460413a15	unattributed (mtime window: 2026-09-14d-meetoblland)	L310_enum_struct_arg_elided_params_local	snapshot:25aa8421-fce1-4a11-8a89-5d2ba5981c88/landbatf.Dk2p/L310_enum_struct_arg_elided_params_local.logos	-	no id of this program is cited by that round's record or its probe-dir files	-	-	RUNS	7	-	unattributed
ce6483d75473f7a1	unattributed (mtime window: 2026-09-14d-meetoblland)	L307_enum_str_let_annot_elided	snapshot:25aa8421-fce1-4a11-8a89-5d2ba5981c88/landbatf.Dk2p/L307_enum_str_let_annot_elided.logos	-	no id of this program is cited by that round's record or its probe-dir files	-	-	RUNS	4	-	unattributed
177f0e8fa21d07fa	unattributed (mtime window: 2026-09-14d-meetoblland)	L304_enum_str_elided_fn_local	snapshot:25aa8421-fce1-4a11-8a89-5d2ba5981c88/landbatf.Dk2p/L304_enum_str_elided_fn_local.logos	-	no id of this program is cited by that round's record or its probe-dir files	-	-	RUNS	5	-	unattributed
5bfabb3dbc292603	unattributed (mtime window: 2026-09-14d-meetoblland)	L306_enum_str_method_self_elided	snapshot:25aa8421-fce1-4a11-8a89-5d2ba5981c88/landbatf.Dk2p/L306_enum_str_method_self_elided.logos	-	no id of this program is cited by that round's record or its probe-dir files	-	-	RUNS	5	-	unattributed
3f90e895a7718630	unattributed (mtime window: 2026-09-14d-meetoblland)	L308_enum_str_vec_push	snapshot:25aa8421-fce1-4a11-8a89-5d2ba5981c88/landbatf.Dk2p/L308_enum_str_vec_push.logos	-	no id of this program is cited by that round's record or its probe-dir files	-	-	RUNS	2	-	unattributed
ff7f8d612aef4c8a	unattributed (mtime window: 2026-09-14d-meetoblland)	L305_enum_str_in_struct_field	snapshot:25aa8421-fce1-4a11-8a89-5d2ba5981c88/landbatf.Dk2p/L305_enum_str_in_struct_field.logos	-	no id of this program is cited by that round's record or its probe-dir files	-	-	RUNS	5	-	unattributed
e64890398dea435d	unattributed (mtime window: 2026-09-14d-meetoblland)	L127_let_annot_struct_meet_elided	snapshot:25aa8421-fce1-4a11-8a89-5d2ba5981c88/landbat.gPIU/L127_let_annot_struct_meet_elided.logos	-	no id of this program is cited by that round's record or its probe-dir files	-	-	RUNS	6	-	unattributed
e9267405624fa288	unattributed (mtime window: 2026-09-14d-meetoblland)	L112_generic_struct_T_meet_bound	snapshot:25aa8421-fce1-4a11-8a89-5d2ba5981c88/landbat.gPIU/L112_generic_struct_T_meet_bound.logos	-	no id of this program is cited by that round's record or its probe-dir files	-	-	RUNS	9	-	unattributed
b34d7c2b9c819d52	unattributed (mtime window: 2026-09-14d-meetoblland)	L109_self_field_and_static	snapshot:25aa8421-fce1-4a11-8a89-5d2ba5981c88/landbat.gPIU/L109_self_field_and_static.logos	-	no id of this program is cited by that round's record or its probe-dir files	-	-	RUNS	8	-	unattributed
da4bbb7f2c801ff1	unattributed (mtime window: 2026-09-14d-meetoblland)	L108_str_lit_and_param_fat_struct	snapshot:25aa8421-fce1-4a11-8a89-5d2ba5981c88/landbat.gPIU/L108_str_lit_and_param_fat_struct.logos	-	no id of this program is cited by that round's record or its probe-dir files	-	-	RUNS	5	-	unattributed
feb9eaa39ffa2aae	unattributed (mtime window: 2026-09-14d-meetoblland)	L123_option_meet_unwrap_bound	snapshot:25aa8421-fce1-4a11-8a89-5d2ba5981c88/landbat.gPIU/L123_option_meet_unwrap_bound.logos	-	no id of this program is cited by that round's record or its probe-dir files	-	-	RUNS	43	-	unattributed
04aba8e17afb9864	unattributed (mtime window: 2026-09-14d-meetoblland)	L125_meet_passed_to_inv_vec_param	snapshot:25aa8421-fce1-4a11-8a89-5d2ba5981c88/landbat.gPIU/L125_meet_passed_to_inv_vec_param.logos	-	no id of this program is cited by that round's record or its probe-dir files	-	-	RUNS	7	-	unattributed
d741c7d4766d5804	unattributed (mtime window: 2026-09-14d-meetoblland)	L113_meet_to_mutref_param_call	snapshot:25aa8421-fce1-4a11-8a89-5d2ba5981c88/landbat.gPIU/L113_meet_to_mutref_param_call.logos	-	no id of this program is cited by that round's record or its probe-dir files	-	-	RUNS	21	-	unattributed
caa4df897ba658ba	unattributed (mtime window: 2026-09-14d-meetoblland)	X102_struct_over_inv_enum_nobound	snapshot:25aa8421-fce1-4a11-8a89-5d2ba5981c88/landbat.gPIU/X102_struct_over_inv_enum_nobound.logos	-	no id of this program is cited by that round's record or its probe-dir files	-	-	REFUSED	1 /home/logos/sandbox/hand-harvest-2026-09-14/25aa8421-fce1-4a11-8a89-5d2ba5981c88/landbat.gPIU/X102_struct_over_inv_enum_nobound.logos:6: error [fn mk]: return	-	unattributed
8cd20258a2e52006	unattributed (mtime window: 2026-09-14d-meetoblland)	L114_method_ret_ref_from_meet	snapshot:25aa8421-fce1-4a11-8a89-5d2ba5981c88/landbat.gPIU/L114_method_ret_ref_from_meet.logos	-	no id of this program is cited by that round's record or its probe-dir files	-	-	RUNS	6	-	unattributed
f1db790c2a4691cd	unattributed (mtime window: 2026-09-14d-meetoblland)	L106_method_set_field_bound	snapshot:25aa8421-fce1-4a11-8a89-5d2ba5981c88/landbat.gPIU/L106_method_set_field_bound.logos	-	no id of this program is cited by that round's record or its probe-dir files	-	-	RUNS	6	-	unattributed
45278453f5b4d737	unattributed (mtime window: 2026-09-14d-meetoblland)	L124_elided_params_meet_local_sum	snapshot:25aa8421-fce1-4a11-8a89-5d2ba5981c88/landbat.gPIU/L124_elided_params_meet_local_sum.logos	-	no id of this program is cited by that round's record or its probe-dir files	-	-	RUNS	7	-	unattributed
e687c2ff6ff1253d	unattributed (mtime window: 2026-09-14d-meetoblland)	L119_enum_two_str_bound	snapshot:25aa8421-fce1-4a11-8a89-5d2ba5981c88/landbat.gPIU/L119_enum_two_str_bound.logos	-	no id of this program is cited by that round's record or its probe-dir files	-	-	RUNS	5	-	unattributed
37dbc0e2c3ab600c	unattributed (mtime window: 2026-09-14d-meetoblland)	L111_array_of_two_meets	snapshot:25aa8421-fce1-4a11-8a89-5d2ba5981c88/landbat.gPIU/L111_array_of_two_meets.logos	-	no id of this program is cited by that round's record or its probe-dir files	-	-	RUNS	11	-	unattributed
de2a5d966a28e466	unattributed (mtime window: 2026-09-14d-meetoblland)	L105_closure_returns_meet_sum	snapshot:25aa8421-fce1-4a11-8a89-5d2ba5981c88/landbat.gPIU/L105_closure_returns_meet_sum.logos	-	no id of this program is cited by that round's record or its probe-dir files	-	-	RUNS	12	-	unattributed
86d3705fa6b463ba	unattributed (mtime window: 2026-09-14d-meetoblland)	L118_enum_struct_payload_and_ref_bound	snapshot:25aa8421-fce1-4a11-8a89-5d2ba5981c88/landbat.gPIU/L118_enum_struct_payload_and_ref_bound.logos	-	no id of this program is cited by that round's record or its probe-dir files	-	-	RUNS	7	-	unattributed
0d2c836a926cb5be	unattributed (mtime window: 2026-09-14d-meetoblland)	L128_enum_meet_into_option_let	snapshot:25aa8421-fce1-4a11-8a89-5d2ba5981c88/landbat.gPIU/L128_enum_meet_into_option_let.logos	-	no id of this program is cited by that round's record or its probe-dir files	-	-	RUNS	8	-	unattributed
1eb2bb310da4908c	unattributed (mtime window: 2026-09-14d-meetoblland)	L110_loop_reassign_meet	snapshot:25aa8421-fce1-4a11-8a89-5d2ba5981c88/landbat.gPIU/L110_loop_reassign_meet.logos	-	no id of this program is cited by that round's record or its probe-dir files	-	-	RUNS	81	-	unattributed
af76906b814fd51d	unattributed (mtime window: 2026-09-14d-meetoblland)	L126_meet_elided_self_param_and_static	snapshot:25aa8421-fce1-4a11-8a89-5d2ba5981c88/landbat.gPIU/L126_meet_elided_self_param_and_static.logos	-	no id of this program is cited by that round's record or its probe-dir files	-	-	RUNS	7	-	unattributed
4e5488a8439952ed	unattributed (mtime window: 2026-09-14d-meetoblland)	L121_nested_call_meet_bound	snapshot:25aa8421-fce1-4a11-8a89-5d2ba5981c88/landbat.gPIU/L121_nested_call_meet_bound.logos	-	no id of this program is cited by that round's record or its probe-dir files	-	-	RUNS	7	-	unattributed
702dcb72c980ca49	unattributed (mtime window: 2026-09-14d-meetoblland)	L107_match_on_enum_meet_scrutinee	snapshot:25aa8421-fce1-4a11-8a89-5d2ba5981c88/landbat.gPIU/L107_match_on_enum_meet_scrutinee.logos	-	no id of this program is cited by that round's record or its probe-dir files	-	-	RUNS	11	-	unattributed
72de76338c20802d	unattributed (mtime window: 2026-09-14d-meetoblland)	L205_named_mutref_meet_static	snapshot:25aa8421-fce1-4a11-8a89-5d2ba5981c88/landbatm2.th4p/L205_named_mutref_meet_static.logos	-	no id of this program is cited by that round's record or its probe-dir files	-	-	RUNS	3	-	unattributed
a44bf63c2bcfa339	unattributed (mtime window: 2026-09-14d-meetoblland)	regions-glb-free-free--glb-free-free	snapshot:25aa8421-fce1-4a11-8a89-5d2ba5981c88/b6fx.LPM4/regions-glb-free-free--glb-free-free.logos	-	no id of this program is cited by that round's record or its probe-dir files	-	-	REFUSED	1 /home/logos/sandbox/hand-harvest-2026-09-14/25aa8421-fce1-4a11-8a89-5d2ba5981c88/b6fx.LPM4/regions-glb-free-free--glb-free-free.logos:8: error [fn Flag__set_d	-	unattributed
d969e42f27cd913f	unattributed (mtime window: 2026-09-14d-meetoblland)	regions-creating-enums3	snapshot:25aa8421-fce1-4a11-8a89-5d2ba5981c88/b6fx.LPM4/regions-creating-enums3.logos	-	no id of this program is cited by that round's record or its probe-dir files	-	-	REFUSED	1 /home/logos/sandbox/hand-harvest-2026-09-14/25aa8421-fce1-4a11-8a89-5d2ba5981c88/b6fx.LPM4/regions-creating-enums3.logos:19: error [fn mk_add_bad1]: return ty	-	unattributed
3202b09d176a7023	unattributed (mtime window: 2026-09-14d-meetoblland)	L202_mutref_slot_meet_static_member	snapshot:25aa8421-fce1-4a11-8a89-5d2ba5981c88/landbatm.XXh6/L202_mutref_slot_meet_static_member.logos	-	no id of this program is cited by that round's record or its probe-dir files	-	-	RUNS	7	-	unattributed
185392d9f0bd58ab	unattributed (mtime window: 2026-09-14d-meetoblland)	L204_meet_arg_to_generic_T_twice_mut	snapshot:25aa8421-fce1-4a11-8a89-5d2ba5981c88/landbatm.XXh6/L204_meet_arg_to_generic_T_twice_mut.logos	-	no id of this program is cited by that round's record or its probe-dir files	-	-	RUNS	21	-	unattributed
