logos_06_diagnostics_fail_42701-one-named-and-one-anonymous	1	a34335edd771fde1	1	tests/imported/fail/lifetimes/42701-one-named-and-one-anonymous.logos
logos_06_diagnostics_fail_access-mode-in-closures	1	3b0786989a2eac26	1	tests/imported/fail/borrowck/access-mode-in-closures.logos
logos_06_diagnostics_fail_accidentally-cloning-ref-borrow-error	1	2a67625c4d671b99	1	tests/imported/fail/borrowck/accidentally-cloning-ref-borrow-error.logos
logos_06_diagnostics_fail_account-for-lifetimes-in-closure-suggestion	1	f632ea5e87e51ce7	1	tests/imported/fail/regions/account-for-lifetimes-in-closure-suggestion.logos
logos_06_diagnostics_fail_adt-brace-enums	1	5d3cdb02d6fa2d6e	1	tests/imported/fail/nll/adt-brace-enums.logos
logos_06_diagnostics_fail_adt-brace-structs	1	77bbe49ddf15d001	1	tests/imported/fail/nll/adt-brace-structs.logos
logos_06_diagnostics_fail_adt-tuple-enums--ctl	1	ec9eaa62b6b88963	1	tests/imported/fail/nll/adt-tuple-enums--ctl.logos
logos_06_diagnostics_fail_adt-tuple-struct	1	99b93a774c53f308	1	tests/imported/fail/nll/adt-tuple-struct.logos
logos_06_diagnostics_fail_adt-tuple-struct-calls	1	84d9750acf6e6480	1	tests/imported/fail/nll/adt-tuple-struct-calls.logos
logos_06_diagnostics_fail_already-borrowed-as-mutable-if-let-133941	1	b67eb1c414d4e9a5	1	tests/imported/fail/borrowck/already-borrowed-as-mutable-if-let-133941.logos
logos_06_diagnostics_fail_anonymous-region-in-apit--ctl-return-channel	1	d98a2035eaf0bc17	1	tests/imported/fail/borrowck/anonymous-region-in-apit--ctl-return-channel.logos
logos_06_diagnostics_fail_apit-not-targeted-by-lifetime-suggestion--apit	1	82b4bf9b227be78f	1	tests/imported/fail/lifetimes/apit-not-targeted-by-lifetime-suggestion--apit.logos
logos_06_diagnostics_fail_apit-not-targeted-by-lifetime-suggestion--d-min	1	d0ca140c7693874b	1	tests/imported/fail/lifetimes/apit-not-targeted-by-lifetime-suggestion--d-min.logos
logos_06_diagnostics_fail_arc-consumed-in-looped-closure	1	7436574344d6a6fc	1	tests/imported/fail/moves/arc-consumed-in-looped-closure.logos
logos_06_diagnostics_fail_argument-number-mismatch-ice	1	5a440c94ec6cf69a	1	tests/imported/fail/borrowck/argument-number-mismatch-ice.logos
logos_06_diagnostics_fail_array-elem-move-out-drop	1	a0c68449390f9be0	1	tests/imported/fail/move/array-elem-move-out-drop.logos
logos_06_diagnostics_fail_array-of-mut-refs-inv	1	14f5537a4f2364c2	1	tests/imported/fail/regions/array-of-mut-refs-inv.logos
logos_06_diagnostics_fail_array-slice-coercion-mismatch-15783	1	e0f705128de69f3d	1	tests/imported/fail/borrowck/array-slice-coercion-mismatch-15783.logos
logos_06_diagnostics_fail_assign-imm-local-twice	1	d73cbef82b998d55	1	tests/imported/fail/borrowck/assign-imm-local-twice.logos
logos_06_diagnostics_fail_assign-mutable-fields	1	a71528c8160dfca4	1	tests/imported/fail/borrowck/assign-mutable-fields.logos
logos_06_diagnostics_fail_assign-op-invariance-lifetime	1	81bd4e4727697695	1	tests/imported/fail/borrowck/assign-op-invariance-lifetime.logos
logos_06_diagnostics_fail_assign-twice-immut	1	5fa40cf0186c286a	1	tests/imported/fail/nll/assign-twice-immut.logos
logos_06_diagnostics_fail_assign-while-shared-borrow	1	67c0908bbf3e19ee	1	tests/imported/fail/nll/assign-while-shared-borrow.logos
logos_06_diagnostics_fail_assignment-to-differing-field--assign-differing-field	1	036d9f3d8a90e6e3	1	tests/imported/fail/nll/assignment-to-differing-field--assign-differing-field.logos
logos_06_diagnostics_fail_assignment-to-differing-field--f-assign-over-field-loan	1	bf85d6627873b0d9	1	tests/imported/fail/nll/assignment-to-differing-field--f-assign-over-field-loan.logos
logos_06_diagnostics_fail_assignment-to-immutable-ref--assign-imm-ref	1	f4491a42c184288d	1	tests/imported/fail/borrowck/assignment-to-immutable-ref--assign-imm-ref.logos
logos_06_diagnostics_fail_assignment-to-immutable-ref--b-assign-imm-ref-alias	1	bcdc0452fb29b772	1	tests/imported/fail/borrowck/assignment-to-immutable-ref--b-assign-imm-ref-alias.logos
logos_06_diagnostics_fail_bad-drop-side-effects	1	e80258b1d1c34a2a	1	tests/imported/fail/borrowck/bad-drop-side-effects.logos
logos_06_diagnostics_fail_bc_aggscrutpair_temp_scrut_receiver_reuse	1	7c0e96dc0275d074	1	tests/logos/fail/bc_aggscrutpair_temp_scrut_receiver_reuse.logos
logos_06_diagnostics_fail_bc_aggscrutpair_tuple_literal_scrut	1	460571f47628386f	1	tests/logos/fail/bc_aggscrutpair_tuple_literal_scrut.logos
logos_06_diagnostics_fail_bc_argcomp_aggr_enum_dangle	1	9a453f2505aac3e4	1	tests/logos/fail/bc_argcomp_aggr_enum_dangle.logos
logos_06_diagnostics_fail_bc_argcomp_aggr_tuple_dangle	1	9a453f2505aac3e4	1	tests/logos/fail/bc_argcomp_aggr_tuple_dangle.logos
logos_06_diagnostics_fail_bc_argcomp_nested_call_dangle	1	cccf3192dc9cd928	1	tests/logos/fail/bc_argcomp_nested_call_dangle.logos
logos_06_diagnostics_fail_bc_argcomp_use_after_move_fail	1	38c7d4fba35c10c2	1	tests/logos/fail/bc_argcomp_use_after_move_fail.logos
logos_06_diagnostics_fail_bc_argretlet_call_arg_live_fail	1	460571f47628386f	1	tests/logos/fail/bc_argretlet_call_arg_live_fail.logos
logos_06_diagnostics_fail_bc_argretlet_mask_reaching_fail	1	340ce817c3bf6b52	1	tests/logos/fail/bc_argretlet_mask_reaching_fail.logos
logos_06_diagnostics_fail_bc_argretlet_recv_plain_self_fail	1	254e0fdf88acb166	1	tests/logos/fail/bc_argretlet_recv_plain_self_fail.logos
logos_06_diagnostics_fail_bc_b6clo_param_escape	1	ad4f671d82a763e0	1	tests/logos/fail/bc_b6clo_param_escape.logos
logos_06_diagnostics_fail_bc_b6clo_store_outer	1	a0eac7a19fe86e38	1	tests/logos/fail/bc_b6clo_store_outer.logos
logos_06_diagnostics_fail_bc_b6ptr_param_escape	1	58eace6e54c5100e	1	tests/logos/fail/bc_b6ptr_param_escape.logos
logos_06_diagnostics_fail_bc_b6ptr_param_field_escape	1	06fd3ba78d6a8ce5	1	tests/logos/fail/bc_b6ptr_param_field_escape.logos
logos_06_diagnostics_fail_bc_b6ptr_reborrow_root	1	2f2e3d34863f4421	1	tests/logos/fail/bc_b6ptr_reborrow_root.logos
logos_06_diagnostics_fail_bc_bindmut_at_payload_nomut_addrmut_fail	1	563ef21261c75f4f	1	tests/logos/fail/bc_bindmut_at_payload_nomut_addrmut_fail.logos
logos_06_diagnostics_fail_bc_bindmut_at_payload_nomut_assign_fail	1	b0664f50de666d6e	1	tests/logos/fail/bc_bindmut_at_payload_nomut_assign_fail.logos
logos_06_diagnostics_fail_bc_bindmut_ergo_amp_at_mut_fail	1	9d2dae0ef852ece7	1	tests/logos/fail/bc_bindmut_ergo_amp_at_mut_fail.logos
logos_06_diagnostics_fail_bc_bindmut_ergo_amp_some_mut_fail	1	bd8d93b262e6a201	1	tests/logos/fail/bc_bindmut_ergo_amp_some_mut_fail.logos
logos_06_diagnostics_fail_bc_bindmut_ergo_closure_param_mut_fail	1	93e5fb1172e32907	1	tests/logos/fail/bc_bindmut_ergo_closure_param_mut_fail.logos
logos_06_diagnostics_fail_bc_bindmut_ergo_double_ref_mut_fail	1	c3c931a6f64cfe45	1	tests/logos/fail/bc_bindmut_ergo_double_ref_mut_fail.logos
logos_06_diagnostics_fail_bc_bindmut_ergo_iflet_amp_mut_fail	1	94587f52480e8b2b	1	tests/logos/fail/bc_bindmut_ergo_iflet_amp_mut_fail.logos
logos_06_diagnostics_fail_bc_bindmut_ergo_iflet_ampmut_mut_fail	1	76259f080c640d70	1	tests/logos/fail/bc_bindmut_ergo_iflet_ampmut_mut_fail.logos
logos_06_diagnostics_fail_bc_bindmut_ergo_letelse_mut_fail	1	e2a403ec4631843b	1	tests/logos/fail/bc_bindmut_ergo_letelse_mut_fail.logos
logos_06_diagnostics_fail_bc_bindmut_ergo_moving_payload_mut_fail	1	da15a2bdfd0a2c2e	1	tests/logos/fail/bc_bindmut_ergo_moving_payload_mut_fail.logos
logos_06_diagnostics_fail_bc_bindmut_ergo_param_ref_scrut_mut_fail	1	6f1e608421321d3a	1	tests/logos/fail/bc_bindmut_ergo_param_ref_scrut_mut_fail.logos
logos_06_diagnostics_fail_bc_bindmut_ergo_struct_door_mut_fail	1	1360731c3c6f11fd	1	tests/logos/fail/bc_bindmut_ergo_struct_door_mut_fail.logos
logos_06_diagnostics_fail_bc_bindmut_ergo_tuple_door_mut_fail	1	fc7d08e2505d3fd1	1	tests/logos/fail/bc_bindmut_ergo_tuple_door_mut_fail.logos
logos_06_diagnostics_fail_bc_bindmut_ergo_tuple_of_ref_mut_fail	1	7350bef85b2b5d38	1	tests/logos/fail/bc_bindmut_ergo_tuple_of_ref_mut_fail.logos
logos_06_diagnostics_fail_bc_bindmut_for_range_nomut_addrmut_fail	1	c901b6d4117df1f4	1	tests/logos/fail/bc_bindmut_for_range_nomut_addrmut_fail.logos
logos_06_diagnostics_fail_bc_bindmut_for_range_nomut_addrmut_generic_fail	1	b765bcd43e4476fa	1	tests/logos/fail/bc_bindmut_for_range_nomut_addrmut_generic_fail.logos
logos_06_diagnostics_fail_bc_bindmut_for_range_nomut_assign_fail	1	d0020be2b8d959c3	1	tests/logos/fail/bc_bindmut_for_range_nomut_assign_fail.logos
logos_06_diagnostics_fail_bc_bindmut_for_range_nomut_compound_fail	1	845317ca31cb39ba	1	tests/logos/fail/bc_bindmut_for_range_nomut_compound_fail.logos
logos_06_diagnostics_fail_bc_bindmut_letelse_nomut_fail	1	ac95f2dbbee93b46	1	tests/logos/fail/bc_bindmut_letelse_nomut_fail.logos
logos_06_diagnostics_fail_bc_bindmut_match_struct_nomut_fail	1	684303aab1305fb0	1	tests/logos/fail/bc_bindmut_match_struct_nomut_fail.logos
logos_06_diagnostics_fail_bc_bindmut_match_tuple_nomut_fail	1	91c56bf5aad43b41	1	tests/logos/fail/bc_bindmut_match_tuple_nomut_fail.logos
logos_06_diagnostics_fail_bc_bindmut_paren_deref_immut_box_fail	1	b05b5574d39417d5	1	tests/logos/fail/bc_bindmut_paren_deref_immut_box_fail.logos
logos_06_diagnostics_fail_bc_bindmut_paren_deref_moved_box_fail	1	19298046bcf1fd05	1	tests/logos/fail/bc_bindmut_paren_deref_moved_box_fail.logos
logos_06_diagnostics_fail_bc_bindmut_paren_deref_shared_ref_fail	1	123d333a7a1c22f1	1	tests/logos/fail/bc_bindmut_paren_deref_shared_ref_fail.logos
logos_06_diagnostics_fail_bc_block_tail_borrow_local_fail	1	d6fda6162ae27961	1	tests/logos/fail/bc_block_tail_borrow_local_fail.logos
logos_06_diagnostics_fail_bc_break_outparam_deposit	1	cffe180fe79c5e31	1	tests/logos/fail/bc_break_outparam_deposit.logos
logos_06_diagnostics_fail_bc_byvalmutref_mutref_to_byval_formal	1	96c72a0b66fbe2a3	1	tests/logos/fail/bc_byvalmutref_mutref_to_byval_formal.logos
logos_06_diagnostics_fail_bc_capaddrmut_shared_use_conflict	1	9f84d9ae78de7aa9	1	tests/logos/fail/bc_capaddrmut_shared_use_conflict.logos
logos_06_diagnostics_fail_bc_capbody_enclosing_return_refuse	1	91f5a962887a27ca	1	tests/logos/fail/bc_capbody_enclosing_return_refuse.logos
logos_06_diagnostics_fail_bc_capbody_intra_body_conflict_refuse	1	69e2ba1c807dc295	1	tests/logos/fail/bc_capbody_intra_body_conflict_refuse.logos
logos_06_diagnostics_fail_bc_capmovemut_mutref_capture_fail	1	47df88753605820c	1	tests/logos/fail/bc_capmovemut_mutref_capture_fail.logos
logos_06_diagnostics_fail_bc_capmovemut_sibling_closures_fail	1	47df88753605820c	1	tests/logos/fail/bc_capmovemut_sibling_closures_fail.logos
logos_06_diagnostics_fail_bc_capmovewalk_move_body_ret_capture_fail	1	528a7ad1013a0e35	1	tests/logos/fail/bc_capmovewalk_move_body_ret_capture_fail.logos
logos_06_diagnostics_fail_bc_capretsc_closure_returns_body_local	1	c0eeb619739da8dc	1	tests/logos/fail/bc_capretsc_closure_returns_body_local.logos
logos_06_diagnostics_fail_bc_capretsc_closure_static_contract	1	314f6331a18eec25	1	tests/logos/fail/bc_capretsc_closure_static_contract.logos
logos_06_diagnostics_fail_bc_capsharedloan_assign_under_capture_fail	1	2afba8cc49505f5f	1	tests/logos/fail/bc_capsharedloan_assign_under_capture_fail.logos
logos_06_diagnostics_fail_bc_captuple_elem_conflict	1	1f866a0571b0d099	1	tests/logos/fail/bc_captuple_elem_conflict.logos
logos_06_diagnostics_fail_bc_closbnd_elided_capture_fail	1	721640aaa330d9f3	1	tests/logos/fail/bc_closbnd_elided_capture_fail.logos
logos_06_diagnostics_fail_bc_closbnd_ret_wrong_region_fail	1	5ac5d71bef3df9ab	1	tests/logos/fail/bc_closbnd_ret_wrong_region_fail.logos
logos_06_diagnostics_fail_bc_closmint_ret_from_capture_fail	1	398453ec0665460f	1	tests/logos/fail/bc_closmint_ret_from_capture_fail.logos
logos_06_diagnostics_fail_bc_closmint_struct_arg_untied_fail	1	39b7b6c51b1307fc	1	tests/logos/fail/bc_closmint_struct_arg_untied_fail.logos
logos_06_diagnostics_fail_bc_closmint_two_params_untied_fail	1	7befc49c4703c2c5	1	tests/logos/fail/bc_closmint_two_params_untied_fail.logos
logos_06_diagnostics_fail_bc_clsC_b1_closure_arg_conflict	1	5c531ae2b83a6ff7	1	tests/logos/fail/bc_clsC_b1_closure_arg_conflict.logos
logos_06_diagnostics_fail_bc_const_item_projection_return_fail	1	4080d578d27314ec	1	tests/logos/fail/bc_const_item_projection_return_fail.logos
logos_06_diagnostics_fail_bc_const_item_return_ref_fail	1	7005619f89c7592c	1	tests/logos/fail/bc_const_item_return_ref_fail.logos
logos_06_diagnostics_fail_bc_d1_byvalue_fn_held	1	399ef6131d446faa	1	tests/logos/fail/bc_d1_byvalue_fn_held.logos
logos_06_diagnostics_fail_bc_d1_container_push_held	1	399ef6131d446faa	1	tests/logos/fail/bc_d1_container_push_held.logos
logos_06_diagnostics_fail_bc_d1_enum_lit_held	1	399ef6131d446faa	1	tests/logos/fail/bc_d1_enum_lit_held.logos
logos_06_diagnostics_fail_bc_d1_field_read_held	1	399ef6131d446faa	1	tests/logos/fail/bc_d1_field_read_held.logos
logos_06_diagnostics_fail_bc_d1_holder_chain_held	1	399ef6131d446faa	1	tests/logos/fail/bc_d1_holder_chain_held.logos
logos_06_diagnostics_fail_bc_d1_match_binding_escapes	1	399ef6131d446faa	1	tests/logos/fail/bc_d1_match_binding_escapes.logos
logos_06_diagnostics_fail_bc_d1_scope_escape_field_read	1	a814651bb8c6fdab	1	tests/logos/fail/bc_d1_scope_escape_field_read.logos
logos_06_diagnostics_fail_bc_d1_unwrap_held	1	399ef6131d446faa	1	tests/logos/fail/bc_d1_unwrap_held.logos
logos_06_diagnostics_fail_bc_d1hop_reslice_assign_conflict	1	f6808f14c195a30a	1	tests/logos/fail/bc_d1hop_reslice_assign_conflict.logos
logos_06_diagnostics_fail_bc_d1r10_e0_root_rebind_strands_alias	1	938f6a1d60062128	1	tests/logos/fail/bc_d1r10_e0_root_rebind_strands_alias.logos
logos_06_diagnostics_fail_bc_d1r10_j0_for_call_summary	1	399ef6131d446faa	1	tests/logos/fail/bc_d1r10_j0_for_call_summary.logos
logos_06_diagnostics_fail_bc_d1r10_j0_if_empty_else	1	399ef6131d446faa	1	tests/logos/fail/bc_d1r10_j0_if_empty_else.logos
logos_06_diagnostics_fail_bc_d1r10_j0_ifexpr_then_arm	1	399ef6131d446faa	1	tests/logos/fail/bc_d1r10_j0_ifexpr_then_arm.logos
logos_06_diagnostics_fail_bc_d1r10_j0_match_second_arm	1	399ef6131d446faa	1	tests/logos/fail/bc_d1r10_j0_match_second_arm.logos
logos_06_diagnostics_fail_bc_d1r10_j0_matchexpr_second_arm	1	399ef6131d446faa	1	tests/logos/fail/bc_d1r10_j0_matchexpr_second_arm.logos
logos_06_diagnostics_fail_bc_d1r10_j0_while_call_summary	1	399ef6131d446faa	1	tests/logos/fail/bc_d1r10_j0_while_call_summary.logos
logos_06_diagnostics_fail_bc_d1r10_sp0_aggregate_composed_in	1	399ef6131d446faa	1	tests/logos/fail/bc_d1r10_sp0_aggregate_composed_in.logos
logos_06_diagnostics_fail_bc_d1r10_sp1_aggregate_copied_out	1	399ef6131d446faa	1	tests/logos/fail/bc_d1r10_sp1_aggregate_copied_out.logos
logos_06_diagnostics_fail_bc_d1r10_sp2_field_retarget	1	399ef6131d446faa	1	tests/logos/fail/bc_d1r10_sp2_field_retarget.logos
logos_06_diagnostics_fail_bc_d1r11_x0_backedge_continue	1	399ef6131d446faa	1	tests/logos/fail/bc_d1r11_x0_backedge_continue.logos
logos_06_diagnostics_fail_bc_d1r11_x0_nested_if_break	1	399ef6131d446faa	1	tests/logos/fail/bc_d1r11_x0_nested_if_break.logos
logos_06_diagnostics_fail_bc_d1r11_x0_nested_if_break_nocallee	1	399ef6131d446faa	1	tests/logos/fail/bc_d1r11_x0_nested_if_break_nocallee.logos
logos_06_diagnostics_fail_bc_d1r11_x0_nested_if_continue	1	399ef6131d446faa	1	tests/logos/fail/bc_d1r11_x0_nested_if_continue.logos
logos_06_diagnostics_fail_bc_d1r11_x1_prospective_alias	1	399ef6131d446faa	1	tests/logos/fail/bc_d1r11_x1_prospective_alias.logos
logos_06_diagnostics_fail_bc_d1r11_x1_result_subplace	1	399ef6131d446faa	1	tests/logos/fail/bc_d1r11_x1_result_subplace.logos
logos_06_diagnostics_fail_bc_d1r11_x2_byvalue_result	1	399ef6131d446faa	1	tests/logos/fail/bc_d1r11_x2_byvalue_result.logos
logos_06_diagnostics_fail_bc_d1r12_a0_if_twin	1	399ef6131d446faa	1	tests/logos/fail/bc_d1r12_a0_if_twin.logos
logos_06_diagnostics_fail_bc_d1r12_a0_match_source	1	399ef6131d446faa	1	tests/logos/fail/bc_d1r12_a0_match_source.logos
logos_06_diagnostics_fail_bc_d1r12_a1_direct_twin	1	399ef6131d446faa	1	tests/logos/fail/bc_d1r12_a1_direct_twin.logos
logos_06_diagnostics_fail_bc_d1r12_a1_loop_break_source	1	399ef6131d446faa	1	tests/logos/fail/bc_d1r12_a1_loop_break_source.logos
logos_06_diagnostics_fail_bc_d1r12_a2_direct_twin	1	399ef6131d446faa	1	tests/logos/fail/bc_d1r12_a2_direct_twin.logos
logos_06_diagnostics_fail_bc_d1r12_a2_loan_before_twin	1	399ef6131d446faa	1	tests/logos/fail/bc_d1r12_a2_loan_before_twin.logos
logos_06_diagnostics_fail_bc_d1r12_a2_outparam_prospective	1	399ef6131d446faa	1	tests/logos/fail/bc_d1r12_a2_outparam_prospective.logos
logos_06_diagnostics_fail_bc_d1r13_p0a_field_read_twin	1	399ef6131d446faa	1	tests/logos/fail/bc_d1r13_p0a_field_read_twin.logos
logos_06_diagnostics_fail_bc_d1r13_p0a_struct_destructure	1	399ef6131d446faa	1	tests/logos/fail/bc_d1r13_p0a_struct_destructure.logos
logos_06_diagnostics_fail_bc_d1r13_p0b_enum_payload	1	399ef6131d446faa	1	tests/logos/fail/bc_d1r13_p0b_enum_payload.logos
logos_06_diagnostics_fail_bc_d1r13_p0c_direct_twin	1	f2e45e489825af1c	1	tests/logos/fail/bc_d1r13_p0c_direct_twin.logos
logos_06_diagnostics_fail_bc_d1r13_p0c_try	1	f2e45e489825af1c	1	tests/logos/fail/bc_d1r13_p0c_try.logos
logos_06_diagnostics_fail_bc_d1r13_p1_array_source	1	399ef6131d446faa	1	tests/logos/fail/bc_d1r13_p1_array_source.logos
logos_06_diagnostics_fail_bc_d1r13_p1_struct_twin	1	399ef6131d446faa	1	tests/logos/fail/bc_d1r13_p1_struct_twin.logos
logos_06_diagnostics_fail_bc_d1r13_p1_tuple_source	1	399ef6131d446faa	1	tests/logos/fail/bc_d1r13_p1_tuple_source.logos
logos_06_diagnostics_fail_bc_d1r13_p2_directparam_twin	1	399ef6131d446faa	1	tests/logos/fail/bc_d1r13_p2_directparam_twin.logos
logos_06_diagnostics_fail_bc_d1r13_p2_outparam_deposit	1	cffe180fe79c5e31	1	tests/logos/fail/bc_d1r13_p2_outparam_deposit.logos
logos_06_diagnostics_fail_bc_d1r13_p3_byvalue_outparam	1	cffe180fe79c5e31	1	tests/logos/fail/bc_d1r13_p3_byvalue_outparam.logos
logos_06_diagnostics_fail_bc_d1r14_q1_if_twin	1	64b6550072367a48	1	tests/logos/fail/bc_d1r14_q1_if_twin.logos
logos_06_diagnostics_fail_bc_d1r14_q1_match	1	64b6550072367a48	1	tests/logos/fail/bc_d1r14_q1_match.logos
logos_06_diagnostics_fail_bc_d1r14_q3_deref	1	9e5b398b597ee6d7	1	tests/logos/fail/bc_d1r14_q3_deref.logos
logos_06_diagnostics_fail_bc_d1r14_q3_varref_twin	1	64b6550072367a48	1	tests/logos/fail/bc_d1r14_q3_varref_twin.logos
logos_06_diagnostics_fail_bc_d1r14_q4_call_twin	1	64b6550072367a48	1	tests/logos/fail/bc_d1r14_q4_call_twin.logos
logos_06_diagnostics_fail_bc_d1r14_q4_closure	1	64b6550072367a48	1	tests/logos/fail/bc_d1r14_q4_closure.logos
logos_06_diagnostics_fail_bc_d1r14_q5_fnptr	1	64b6550072367a48	1	tests/logos/fail/bc_d1r14_q5_fnptr.logos
logos_06_diagnostics_fail_bc_d1r14_q6_optcall	1	64b6550072367a48	1	tests/logos/fail/bc_d1r14_q6_optcall.logos
logos_06_diagnostics_fail_bc_d1r14_q7_direct_twin	1	2b61d8be90ec2f6c	1	tests/logos/fail/bc_d1r14_q7_direct_twin.logos
logos_06_diagnostics_fail_bc_d1r14_q7_try	1	2b61d8be90ec2f6c	1	tests/logos/fail/bc_d1r14_q7_try.logos
logos_06_diagnostics_fail_bc_d1r14_q8_structlit_field	1	64b6550072367a48	1	tests/logos/fail/bc_d1r14_q8_structlit_field.logos
logos_06_diagnostics_fail_bc_d1r14_q8_tuplelit_twin	1	64b6550072367a48	1	tests/logos/fail/bc_d1r14_q8_tuplelit_twin.logos
logos_06_diagnostics_fail_bc_d1r2_call_out_param_held	1	399ef6131d446faa	1	tests/logos/fail/bc_d1r2_call_out_param_held.logos
logos_06_diagnostics_fail_bc_d1r2_closure_capture_held	1	399ef6131d446faa	1	tests/logos/fail/bc_d1r2_closure_capture_held.logos
logos_06_diagnostics_fail_bc_d1r2_destructuring_let_held	1	399ef6131d446faa	1	tests/logos/fail/bc_d1r2_destructuring_let_held.logos
logos_06_diagnostics_fail_bc_d1r2_dyn_erasure_held	1	399ef6131d446faa	1	tests/logos/fail/bc_d1r2_dyn_erasure_held.logos
logos_06_diagnostics_fail_bc_d1r2_let_else_held	1	399ef6131d446faa	1	tests/logos/fail/bc_d1r2_let_else_held.logos
logos_06_diagnostics_fail_bc_d1r2_place_write_field_held	1	399ef6131d446faa	1	tests/logos/fail/bc_d1r2_place_write_field_held.logos
logos_06_diagnostics_fail_bc_d1r2_ref_arg_hop_held	1	399ef6131d446faa	1	tests/logos/fail/bc_d1r2_ref_arg_hop_held.logos
logos_06_diagnostics_fail_bc_d1r2_value_block_held	1	399ef6131d446faa	1	tests/logos/fail/bc_d1r2_value_block_held.logos
logos_06_diagnostics_fail_bc_d1r3_f0_call_byval_return	1	ba99a828b03e292d	1	tests/logos/fail/bc_d1r3_f0_call_byval_return.logos
logos_06_diagnostics_fail_bc_d1r3_f1_method_arg_return	1	ba99a828b03e292d	1	tests/logos/fail/bc_d1r3_f1_method_arg_return.logos
logos_06_diagnostics_fail_bc_d1r3_f3_outparam_stash	1	399ef6131d446faa	1	tests/logos/fail/bc_d1r3_f3_outparam_stash.logos
logos_06_diagnostics_fail_bc_d1r3_f4_closure_local	1	9764f62db372ea9c	1	tests/logos/fail/bc_d1r3_f4_closure_local.logos
logos_06_diagnostics_fail_bc_d1r3_f5_shadow_held	1	399ef6131d446faa	1	tests/logos/fail/bc_d1r3_f5_shadow_held.logos
logos_06_diagnostics_fail_bc_d1r3_f6_place_write_source_escapes	1	890939b271ffd661	1	tests/logos/fail/bc_d1r3_f6_place_write_source_escapes.logos
logos_06_diagnostics_fail_bc_d1r3_f6_place_write_use_after_mut	1	399ef6131d446faa	1	tests/logos/fail/bc_d1r3_f6_place_write_use_after_mut.logos
logos_06_diagnostics_fail_bc_d1r4_n0_field_recv_summary_held	1	399ef6131d446faa	1	tests/logos/fail/bc_d1r4_n0_field_recv_summary_held.logos
logos_06_diagnostics_fail_bc_d1r4_n1_field_container_push_held	1	399ef6131d446faa	1	tests/logos/fail/bc_d1r4_n1_field_container_push_held.logos
logos_06_diagnostics_fail_bc_d1r4_n1_field_ref_elem_outlives	1	73c017b598e8de5f	1	tests/logos/fail/bc_d1r4_n1_field_ref_elem_outlives.logos
logos_06_diagnostics_fail_bc_d1r4_n1_nested_field_push_held	1	399ef6131d446faa	1	tests/logos/fail/bc_d1r4_n1_nested_field_push_held.logos
logos_06_diagnostics_fail_bc_d1r4_n2_bare_closure_plain_ref_held	1	0a2701a23a50c9c8	1	tests/logos/fail/bc_d1r4_n2_bare_closure_plain_ref_held.logos
logos_06_diagnostics_fail_bc_d1r4_n2_bare_closure_return_held	1	0a2701a23a50c9c8	1	tests/logos/fail/bc_d1r4_n2_bare_closure_return_held.logos
logos_06_diagnostics_fail_bc_d1r4_n3_closure_struct_field_held	1	0a2701a23a50c9c8	1	tests/logos/fail/bc_d1r4_n3_closure_struct_field_held.logos
logos_06_diagnostics_fail_bc_d1r5_h0_alias_out_param	1	399ef6131d446faa	1	tests/logos/fail/bc_d1r5_h0_alias_out_param.logos
logos_06_diagnostics_fail_bc_d1r5_h0_noalias_twin	1	399ef6131d446faa	1	tests/logos/fail/bc_d1r5_h0_noalias_twin.logos
logos_06_diagnostics_fail_bc_d1r5_h0b_field_alias	1	399ef6131d446faa	1	tests/logos/fail/bc_d1r5_h0b_field_alias.logos
logos_06_diagnostics_fail_bc_d1r5_h1_noreborrow_twin	1	399ef6131d446faa	1	tests/logos/fail/bc_d1r5_h1_noreborrow_twin.logos
logos_06_diagnostics_fail_bc_d1r5_h1_reborrow_callsite	1	399ef6131d446faa	1	tests/logos/fail/bc_d1r5_h1_reborrow_callsite.logos
logos_06_diagnostics_fail_bc_d1r5_h1b_reborrow_struct	1	399ef6131d446faa	1	tests/logos/fail/bc_d1r5_h1b_reborrow_struct.logos
logos_06_diagnostics_fail_bc_d1r5_h2_chain_callee_first	1	399ef6131d446faa	1	tests/logos/fail/bc_d1r5_h2_chain_callee_first.logos
logos_06_diagnostics_fail_bc_d1r5_h2_chain_caller_first	1	399ef6131d446faa	1	tests/logos/fail/bc_d1r5_h2_chain_caller_first.logos
logos_06_diagnostics_fail_bc_d1r5_h3_stmt_order_chain	1	399ef6131d446faa	1	tests/logos/fail/bc_d1r5_h3_stmt_order_chain.logos
logos_06_diagnostics_fail_bc_d1r5_h3_stmt_order_forward	1	399ef6131d446faa	1	tests/logos/fail/bc_d1r5_h3_stmt_order_forward.logos
logos_06_diagnostics_fail_bc_d1r5_h4_closure_out	1	399ef6131d446faa	1	tests/logos/fail/bc_d1r5_h4_closure_out.logos
logos_06_diagnostics_fail_bc_d1r5_h4_closure_ret	1	694ffbcbe7109c6f	1	tests/logos/fail/bc_d1r5_h4_closure_ret.logos
logos_06_diagnostics_fail_bc_d1r5_h5_struct_pat	1	399ef6131d446faa	1	tests/logos/fail/bc_d1r5_h5_struct_pat.logos
logos_06_diagnostics_fail_bc_d1r5_h5_tuple_pat	1	399ef6131d446faa	1	tests/logos/fail/bc_d1r5_h5_tuple_pat.logos
logos_06_diagnostics_fail_bc_d1r5_h5_wild_pat_control	1	399ef6131d446faa	1	tests/logos/fail/bc_d1r5_h5_wild_pat_control.logos
logos_06_diagnostics_fail_bc_d1r5_h6_local_body_twin	1	399ef6131d446faa	1	tests/logos/fail/bc_d1r5_h6_local_body_twin.logos
logos_06_diagnostics_fail_bc_d1r5_h7_declared_bc_struct_held	1	ebce32cadf3af461	1	tests/logos/fail/bc_d1r5_h7_declared_bc_struct_held.logos
logos_06_diagnostics_fail_bc_d1r5_h8_match_named_twin	1	399ef6131d446faa	1	tests/logos/fail/bc_d1r5_h8_match_named_twin.logos
logos_06_diagnostics_fail_bc_d1r5_h8_match_tmp_scrutinee	1	399ef6131d446faa	1	tests/logos/fail/bc_d1r5_h8_match_tmp_scrutinee.logos
logos_06_diagnostics_fail_bc_d1r5_h8_matchexpr_tmp	1	399ef6131d446faa	1	tests/logos/fail/bc_d1r5_h8_matchexpr_tmp.logos
logos_06_diagnostics_fail_bc_d1r6_g0_field_reborrow	1	399ef6131d446faa	1	tests/logos/fail/bc_d1r6_g0_field_reborrow.logos
logos_06_diagnostics_fail_bc_d1r6_g0_reborrow_use_after_mut	1	399ef6131d446faa	1	tests/logos/fail/bc_d1r6_g0_reborrow_use_after_mut.logos
logos_06_diagnostics_fail_bc_d1r6_g1_fnptr_opaque	1	399ef6131d446faa	1	tests/logos/fail/bc_d1r6_g1_fnptr_opaque.logos
logos_06_diagnostics_fail_bc_d1r6_g1_fnptr_outparam	1	399ef6131d446faa	1	tests/logos/fail/bc_d1r6_g1_fnptr_outparam.logos
logos_06_diagnostics_fail_bc_d1r6_g1_fnptr_reassigned	1	399ef6131d446faa	1	tests/logos/fail/bc_d1r6_g1_fnptr_reassigned.logos
logos_06_diagnostics_fail_bc_d1r6_g1_fnptr_result	1	399ef6131d446faa	1	tests/logos/fail/bc_d1r6_g1_fnptr_result.logos
logos_06_diagnostics_fail_bc_d1r7_a1_family_next_batch_reborrow	1	b0594e43c46f41f5	1	tests/logos/fail/bc_d1r7_a1_family_next_batch_reborrow.logos
logos_06_diagnostics_fail_bc_d1r7_a1_pull_through_reborrow	1	399ef6131d446faa	1	tests/logos/fail/bc_d1r7_a1_pull_through_reborrow.logos
logos_06_diagnostics_fail_bc_d1r7_a2_shared_reborrow	1	399ef6131d446faa	1	tests/logos/fail/bc_d1r7_a2_shared_reborrow.logos
logos_06_diagnostics_fail_bc_d1r7_b1_destructure_name_mismatch	1	538bacb610cc6b01	1	tests/logos/fail/bc_d1r7_b1_destructure_name_mismatch.logos
logos_06_diagnostics_fail_bc_d1r7_b2_destructure_private_field	1	2b7c45d77aaf7fe2	1	tests/logos/fail/bc_d1r7_b2_destructure_private_field.logos
logos_06_diagnostics_fail_bc_d1r8_u0_twohop_arg	1	399ef6131d446faa	1	tests/logos/fail/bc_d1r8_u0_twohop_arg.logos
logos_06_diagnostics_fail_bc_d1r8_u1_field_rhs_bind	1	399ef6131d446faa	1	tests/logos/fail/bc_d1r8_u1_field_rhs_bind.logos
logos_06_diagnostics_fail_bc_d1r8_u3_pattern_bind	1	399ef6131d446faa	1	tests/logos/fail/bc_d1r8_u3_pattern_bind.logos
logos_06_diagnostics_fail_bc_d1r9_f0_retarget_held	1	54a1c39c0f8538b1	1	tests/logos/fail/bc_d1r9_f0_retarget_held.logos
logos_06_diagnostics_fail_bc_d1r9_f0_retarget_leak	1	399ef6131d446faa	1	tests/logos/fail/bc_d1r9_f0_retarget_leak.logos
logos_06_diagnostics_fail_bc_d1r9_n0_aggregate_copy_out	1	399ef6131d446faa	1	tests/logos/fail/bc_d1r9_n0_aggregate_copy_out.logos
logos_06_diagnostics_fail_bc_d1r9_n0_inner_binding_nested	1	399ef6131d446faa	1	tests/logos/fail/bc_d1r9_n0_inner_binding_nested.logos
logos_06_diagnostics_fail_bc_d1r9_n0_nested_structlit	1	399ef6131d446faa	1	tests/logos/fail/bc_d1r9_n0_nested_structlit.logos
logos_06_diagnostics_fail_bc_d1r9_p12_enum_payload_addrof	1	399ef6131d446faa	1	tests/logos/fail/bc_d1r9_p12_enum_payload_addrof.logos
logos_06_diagnostics_fail_bc_d1r9_p12_twohop_structlit_addrof	1	399ef6131d446faa	1	tests/logos/fail/bc_d1r9_p12_twohop_structlit_addrof.logos
logos_06_diagnostics_fail_bc_d1r9_s1_summary_field_store	1	399ef6131d446faa	1	tests/logos/fail/bc_d1r9_s1_summary_field_store.logos
logos_06_diagnostics_fail_bc_d1res_r1_sliceindex_dangle	1	cccf3192dc9cd928	1	tests/logos/fail/bc_d1res_r1_sliceindex_dangle.logos
logos_06_diagnostics_fail_bc_d1res_r2_sliceform_dangle	1	cccf3192dc9cd928	1	tests/logos/fail/bc_d1res_r2_sliceform_dangle.logos
logos_06_diagnostics_fail_bc_d3_holder_used_after_block_refuse	1	d5ad731f38224c36	1	tests/logos/fail/bc_d3_holder_used_after_block_refuse.logos
logos_06_diagnostics_fail_bc_d3_loop_holder_used_after_block_refuse	1	4fc816954c93c929	1	tests/logos/fail/bc_d3_loop_holder_used_after_block_refuse.logos
logos_06_diagnostics_fail_bc_d3_outer_loan_inner_conflict_refuse	1	c4116ce2c15c581a	1	tests/logos/fail/bc_d3_outer_loan_inner_conflict_refuse.logos
logos_06_diagnostics_fail_bc_d3_overlapping_frames_refuse	1	84c782e0f026caad	1	tests/logos/fail/bc_d3_overlapping_frames_refuse.logos
logos_06_diagnostics_fail_bc_d6_mut_field_capture_conflict_refuse	1	1075d5e49dd6cb5b	1	tests/logos/fail/bc_d6_mut_field_capture_conflict_refuse.logos
logos_06_diagnostics_fail_bc_d6_mut_field_capture_read_refuse	1	09b2336270e4e8c2	1	tests/logos/fail/bc_d6_mut_field_capture_read_refuse.logos
logos_06_diagnostics_fail_bc_d8_match_scrutinee_field_loan_fail	1	e6a4556f329119aa	1	tests/logos/fail/bc_d8_match_scrutinee_field_loan_fail.logos
logos_06_diagnostics_fail_bc_d8_quote_whole_self_conflict_fail	1	b001a33f568a5c68	1	tests/logos/fail/bc_d8_quote_whole_self_conflict_fail.logos
logos_06_diagnostics_fail_bc_d8_shared_use_while_field_mut_fail	1	ffa7659ce7de96be	1	tests/logos/fail/bc_d8_shared_use_while_field_mut_fail.logos
logos_06_diagnostics_fail_bc_dclalias_missing_lifetime_arg_fail	1	1671822460865d06	1	tests/logos/fail/bc_dclalias_missing_lifetime_arg_fail.logos
logos_06_diagnostics_fail_bc_dclassoc_elided_ref_fail	1	bfe46d400ae87821	1	tests/logos/fail/bc_dclassoc_elided_ref_fail.logos
logos_06_diagnostics_fail_bc_dclfnbnd_no_input_ret_fail	1	6381989782102eb7	1	tests/logos/fail/bc_dclfnbnd_no_input_ret_fail.logos
logos_06_diagnostics_fail_bc_dclfnptr_ambiguous_ret_fail	1	5f5938de6b34bed4	1	tests/logos/fail/bc_dclfnptr_ambiguous_ret_fail.logos
logos_06_diagnostics_fail_bc_dclimplbnd_extra_bound_fail	1	881c2654ac2a5ffd	1	tests/logos/fail/bc_dclimplbnd_extra_bound_fail.logos
logos_06_diagnostics_fail_bc_dclimplhdr_undeclared_trait_arg_fail	1	5ce127011d487d4f	1	tests/logos/fail/bc_dclimplhdr_undeclared_trait_arg_fail.logos
logos_06_diagnostics_fail_bc_dclltdistinct_two_lifetimes_fail	1	000897eba6b618b0	1	tests/logos/fail/bc_dclltdistinct_two_lifetimes_fail.logos
logos_06_diagnostics_fail_bc_dclltpos_struct_arity_counts_fail	1	3fb35745630e8433	1	tests/logos/fail/bc_dclltpos_struct_arity_counts_fail.logos
logos_06_diagnostics_fail_bc_dclretargs_nested_ref_two_inputs_fail	1	9b667bc0c8c1ad63	1	tests/logos/fail/bc_dclretargs_nested_ref_two_inputs_fail.logos
logos_06_diagnostics_fail_bc_dclshadow_method_redeclares_impl_binder_fail	1	655eb836c7127577	1	tests/logos/fail/bc_dclshadow_method_redeclares_impl_binder_fail.logos
logos_06_diagnostics_fail_bc_dcltraitlt_reserved_trait_binder_fail	1	dcc596a1ca148b0e	1	tests/logos/fail/bc_dcltraitlt_reserved_trait_binder_fail.logos
logos_06_diagnostics_fail_bc_deref_move_block_tail_fail	1	b3a68dfab03e7458	1	tests/logos/fail/bc_deref_move_block_tail_fail.logos
logos_06_diagnostics_fail_bc_deref_move_double_deref_fail	1	acc65d5aae2e656a	1	tests/logos/fail/bc_deref_move_double_deref_fail.logos
logos_06_diagnostics_fail_bc_derefwrite_field_ptr_shared_fail	1	99ed591a1f25cc76	1	tests/logos/fail/bc_derefwrite_field_ptr_shared_fail.logos
logos_06_diagnostics_fail_bc_derefwrite_shared_borrow_fail	1	ad31cb5562c5feb5	1	tests/logos/fail/bc_derefwrite_shared_borrow_fail.logos
logos_06_diagnostics_fail_bc_derefwrite_tuple_ptr_shared_fail	1	ed010b2cb75234ab	1	tests/logos/fail/bc_derefwrite_tuple_ptr_shared_fail.logos
logos_06_diagnostics_fail_bc_destrpat_deref_binds_by_value_fail	1	44e567bdde992cb9	1	tests/logos/fail/bc_destrpat_deref_binds_by_value_fail.logos
logos_06_diagnostics_fail_bc_drfmut_deref_immutable_local_fail	1	b05b5574d39417d5	1	tests/logos/fail/bc_drfmut_deref_immutable_local_fail.logos
logos_06_diagnostics_fail_bc_drfmut_deref_owning_root_fail	1	be88b4a12e10b18a	1	tests/logos/fail/bc_drfmut_deref_owning_root_fail.logos
logos_06_diagnostics_fail_bc_dropcall_method_fail	1	ed2b13988d23b60f	1	tests/logos/fail/bc_dropcall_method_fail.logos
logos_06_diagnostics_fail_bc_dropcall_path_fail	1	de792c13577993b4	1	tests/logos/fail/bc_dropcall_path_fail.logos
logos_06_diagnostics_fail_bc_dropcall_type_path_fail	1	00c0102156dfbcb5	1	tests/logos/fail/bc_dropcall_type_path_fail.logos
logos_06_diagnostics_fail_bc_dropck_field_two_paths_fail	1	634b0af1b1935025	1	tests/logos/fail/bc_dropck_field_two_paths_fail.logos
logos_06_diagnostics_fail_bc_dropck_field_two_paths_swapped_fail	1	634b0af1b1935025	1	tests/logos/fail/bc_dropck_field_two_paths_swapped_fail.logos
logos_06_diagnostics_fail_bc_dropck_loan_drop_ref_field_fail	1	460571f47628386f	1	tests/logos/fail/bc_dropck_loan_drop_ref_field_fail.logos
logos_06_diagnostics_fail_bc_dropck_loan_ref_field_fail	1	da656f42f23ebf77	1	tests/logos/fail/bc_dropck_loan_ref_field_fail.logos
logos_06_diagnostics_fail_bc_dropck_reverse_order_fail	1	428d8670b900567a	1	tests/logos/fail/bc_dropck_reverse_order_fail.logos
logos_06_diagnostics_fail_bc_dropck_source_dies_first_fail	1	5c76a011409ec866	1	tests/logos/fail/bc_dropck_source_dies_first_fail.logos
logos_06_diagnostics_fail_bc_dropwf_foreign_adt_fail	1	fc1e66b49bc09719	1	tests/logos/fail/bc_dropwf_foreign_adt_fail.logos
logos_06_diagnostics_fail_bc_dropwf_missing_struct_bound_fail	1	839a107e5cbcd23c	1	tests/logos/fail/bc_dropwf_missing_struct_bound_fail.logos
logos_06_diagnostics_fail_bc_dropwf_ref_target_fail	1	7018e029f385e14c	1	tests/logos/fail/bc_dropwf_ref_target_fail.logos
logos_06_diagnostics_fail_bc_dropwf_repeated_param_fail	1	fda38d40fbe3d029	1	tests/logos/fail/bc_dropwf_repeated_param_fail.logos
logos_06_diagnostics_fail_bc_dropwf_sized_stricter_fail	1	3a28c7fb22fbc82d	1	tests/logos/fail/bc_dropwf_sized_stricter_fail.logos
logos_06_diagnostics_fail_bc_dropwf_stricter_bound_fail	1	05f67a67c2c480e2	1	tests/logos/fail/bc_dropwf_stricter_bound_fail.logos
logos_06_diagnostics_fail_bc_dropwf_where_bound_fail	1	05f67a67c2c480e2	1	tests/logos/fail/bc_dropwf_where_bound_fail.logos
logos_06_diagnostics_fail_bc_e716argtemp_field_hop_fail	1	a17481679b5a69c0	1	tests/logos/fail/bc_e716argtemp_field_hop_fail.logos
logos_06_diagnostics_fail_bc_e716argtemp_rtmp_drop_fail	1	a17481679b5a69c0	1	tests/logos/fail/bc_e716argtemp_rtmp_drop_fail.logos
logos_06_diagnostics_fail_bc_e716recvrefbase_dangle_fail	1	a17481679b5a69c0	1	tests/logos/fail/bc_e716recvrefbase_dangle_fail.logos
logos_06_diagnostics_fail_bc_e716recvtemp_nodrop_fail	1	a17481679b5a69c0	1	tests/logos/fail/bc_e716recvtemp_nodrop_fail.logos
logos_06_diagnostics_fail_bc_enumdefkey_gen_enum_move_borrowed_fail	1	7f20ab386680183d	1	tests/logos/fail/bc_enumdefkey_gen_enum_move_borrowed_fail.logos
logos_06_diagnostics_fail_bc_enumdefkey_option_move_borrowed_fail	1	7f20ab386680183d	1	tests/logos/fail/bc_enumdefkey_option_move_borrowed_fail.logos
logos_06_diagnostics_fail_bc_enumpldlt_undeclared_payload_lifetime	1	9fbe8c857487f535	1	tests/logos/fail/bc_enumpldlt_undeclared_payload_lifetime.logos
logos_06_diagnostics_fail_bc_esc_fnptr_dangle	1	1cd2b1c9599e5851	1	tests/logos/fail/bc_esc_fnptr_dangle.logos
logos_06_diagnostics_fail_bc_esc_fnptr_param_dangle	1	ee690ffc21188f8f	1	tests/logos/fail/bc_esc_fnptr_param_dangle.logos
logos_06_diagnostics_fail_bc_esc_generic_monokey_dangle	1	b341eb295f421735	1	tests/logos/fail/bc_esc_generic_monokey_dangle.logos
logos_06_diagnostics_fail_bc_esc_generic_outparam_dangle	1	5d3e10db5cb0dff8	1	tests/logos/fail/bc_esc_generic_outparam_dangle.logos
logos_06_diagnostics_fail_bc_esc_generic_recv_dangle	1	b341eb295f421735	1	tests/logos/fail/bc_esc_generic_recv_dangle.logos
logos_06_diagnostics_fail_bc_esc_generic_uninst_dangle	1	b341eb295f421735	1	tests/logos/fail/bc_esc_generic_uninst_dangle.logos
logos_06_diagnostics_fail_bc_esc_holder_assign_field_dangle	1	b341eb295f421735	1	tests/logos/fail/bc_esc_holder_assign_field_dangle.logos
logos_06_diagnostics_fail_bc_esc_holder_assign_option_dangle	1	b341eb295f421735	1	tests/logos/fail/bc_esc_holder_assign_option_dangle.logos
logos_06_diagnostics_fail_bc_esc_holder_assign_tuple_dangle	1	b341eb295f421735	1	tests/logos/fail/bc_esc_holder_assign_tuple_dangle.logos
logos_06_diagnostics_fail_bc_esc_holder_assign_whole_dangle	1	b341eb295f421735	1	tests/logos/fail/bc_esc_holder_assign_whole_dangle.logos
logos_06_diagnostics_fail_bc_esc_holder_container_outparam_dangle	1	b341eb295f421735	1	tests/logos/fail/bc_esc_holder_container_outparam_dangle.logos
logos_06_diagnostics_fail_bc_esc_holder_container_vec_str_dangle	1	b341eb295f421735	1	tests/logos/fail/bc_esc_holder_container_vec_str_dangle.logos
logos_06_diagnostics_fail_bc_esc_holder_container_vec_struct_dangle	1	b341eb295f421735	1	tests/logos/fail/bc_esc_holder_container_vec_struct_dangle.logos
logos_06_diagnostics_fail_bc_esc_holder_index_assign_dangle	1	b341eb295f421735	1	tests/logos/fail/bc_esc_holder_index_assign_dangle.logos
logos_06_diagnostics_fail_bc_esc_holder_reborrow_container_dangle	1	b341eb295f421735	1	tests/logos/fail/bc_esc_holder_reborrow_container_dangle.logos
logos_06_diagnostics_fail_bc_esc_holder_reborrow_field_dangle	1	b341eb295f421735	1	tests/logos/fail/bc_esc_holder_reborrow_field_dangle.logos
logos_06_diagnostics_fail_bc_esc_holder_residency_abuse_dangle	1	b341eb295f421735	1	tests/logos/fail/bc_esc_holder_residency_abuse_dangle.logos
logos_06_diagnostics_fail_bc_esc_holder_residency_pershare_dangle	1	9026ded3909e5444	1	tests/logos/fail/bc_esc_holder_residency_pershare_dangle.logos
logos_06_diagnostics_fail_bc_esc_holder_return_chained_dangle	1	b341eb295f421735	1	tests/logos/fail/bc_esc_holder_return_chained_dangle.logos
logos_06_diagnostics_fail_bc_esc_holder_return_dyn_dangle	1	b341eb295f421735	1	tests/logos/fail/bc_esc_holder_return_dyn_dangle.logos
logos_06_diagnostics_fail_bc_esc_holder_return_field_dangle	1	b341eb295f421735	1	tests/logos/fail/bc_esc_holder_return_field_dangle.logos
logos_06_diagnostics_fail_bc_esc_holder_return_generic_dangle	1	b341eb295f421735	1	tests/logos/fail/bc_esc_holder_return_generic_dangle.logos
logos_06_diagnostics_fail_bc_esc_holder_return_method_dangle	1	3b1eef38c84a357b	1	tests/logos/fail/bc_esc_holder_return_method_dangle.logos
logos_06_diagnostics_fail_bc_esc_holder_return_option_dangle	1	b341eb295f421735	1	tests/logos/fail/bc_esc_holder_return_option_dangle.logos
logos_06_diagnostics_fail_bc_esc_holder_return_struct_dangle	1	b341eb295f421735	1	tests/logos/fail/bc_esc_holder_return_struct_dangle.logos
logos_06_diagnostics_fail_bc_esc_holder_return_tuple_dangle	1	b341eb295f421735	1	tests/logos/fail/bc_esc_holder_return_tuple_dangle.logos
logos_06_diagnostics_fail_bc_esc_method_retain_dangle	1	b341eb295f421735	1	tests/logos/fail/bc_esc_method_retain_dangle.logos
logos_06_diagnostics_fail_bc_esc_outparam_scope_dangle	1	3b0b8c5c4d203351	1	tests/logos/fail/bc_esc_outparam_scope_dangle.logos
logos_06_diagnostics_fail_bc_esc_ret_temp_name	1	b341eb295f421735	1	tests/logos/fail/bc_esc_ret_temp_name.logos
logos_06_diagnostics_fail_bc_esc_return_summary_dangle	1	b955130c41a80bcf	1	tests/logos/fail/bc_esc_return_summary_dangle.logos
logos_06_diagnostics_fail_bc_esc_summary_seed_field_dangle	1	7a671cd8c2ebc484	1	tests/logos/fail/bc_esc_summary_seed_field_dangle.logos
logos_06_diagnostics_fail_bc_f1_closure_param_escape	1	f9261c4fe3801262	1	tests/logos/fail/bc_f1_closure_param_escape.logos
logos_06_diagnostics_fail_bc_f1_closure_param_shadow_inner_block	1	f9261c4fe3801262	1	tests/logos/fail/bc_f1_closure_param_shadow_inner_block.logos
logos_06_diagnostics_fail_bc_fatret_methodarg_dangle	1	1cd2b1c9599e5851	1	tests/logos/fail/bc_fatret_methodarg_dangle.logos
logos_06_diagnostics_fail_bc_fatret_nested_call_dangle	1	1cd2b1c9599e5851	1	tests/logos/fail/bc_fatret_nested_call_dangle.logos
logos_06_diagnostics_fail_bc_fatret_struct_field_dangle	1	9a453f2505aac3e4	1	tests/logos/fail/bc_fatret_struct_field_dangle.logos
logos_06_diagnostics_fail_bc_field_borrow_vs_whole_assign_fail	1	a0be84d64d26390a	1	tests/logos/fail/bc_field_borrow_vs_whole_assign_fail.logos
logos_06_diagnostics_fail_bc_field_deref_mut_not_mut	1	b05b5574d39417d5	1	tests/logos/fail/bc_field_deref_mut_not_mut.logos
logos_06_diagnostics_fail_bc_field_deref_no_deref_mut	1	61c56a89f4bab964	1	tests/logos/fail/bc_field_deref_no_deref_mut.logos
logos_06_diagnostics_fail_bc_fieldassign_variance_elided_holder_fail	1	d90dca22dd47117c	1	tests/logos/fail/bc_fieldassign_variance_elided_holder_fail.logos
logos_06_diagnostics_fail_bc_fieldassign_variance_no_bound_fail	1	fa86958bdd1a7aa8	1	tests/logos/fail/bc_fieldassign_variance_no_bound_fail.logos
logos_06_diagnostics_fail_bc_fieldassign_variance_wrong_bound_fail	1	d9228ae74a4ada78	1	tests/logos/fail/bc_fieldassign_variance_wrong_bound_fail.logos
logos_06_diagnostics_fail_bc_fldrootbits_root_loan_field_move	1	c07a6b37c196e098	1	tests/logos/fail/bc_fldrootbits_root_loan_field_move.logos
logos_06_diagnostics_fail_bc_flowsum_rawtrip_outparam_dangle	1	6b09a51c70b92925	1	tests/logos/fail/bc_flowsum_rawtrip_outparam_dangle.logos
logos_06_diagnostics_fail_bc_foreachit_mutate_while_iterating_fail	1	0413392921e32717	1	tests/logos/fail/bc_foreachit_mutate_while_iterating_fail.logos
logos_06_diagnostics_fail_bc_genrecv_field_write_while_held_fail	1	6d9749ff8d3a74ea	1	tests/logos/fail/bc_genrecv_field_write_while_held_fail.logos
logos_06_diagnostics_fail_bc_genrecv_generic_then_plain_conflict_fail	1	f816323f2dce9f7b	1	tests/logos/fail/bc_genrecv_generic_then_plain_conflict_fail.logos
logos_06_diagnostics_fail_bc_genrecv_shared_then_mut_fail	1	c81739487375442c	1	tests/logos/fail/bc_genrecv_shared_then_mut_fail.logos
logos_06_diagnostics_fail_bc_genrecv_two_mut_conflict_fail	1	f2599859e8d578fe	1	tests/logos/fail/bc_genrecv_two_mut_conflict_fail.logos
logos_06_diagnostics_fail_bc_guard_assign_scrut_fail	1	67c0908bbf3e19ee	1	tests/logos/fail/bc_guard_assign_scrut_fail.logos
logos_06_diagnostics_fail_bc_guard_tested_field_write_fail	1	e5c404f56e16e2d6	1	tests/logos/fail/bc_guard_tested_field_write_fail.logos
logos_06_diagnostics_fail_bc_guardmovearm_expr_guard_moved	1	fd403285a99ca0ce	1	tests/logos/fail/bc_guardmovearm_expr_guard_moved.logos
logos_06_diagnostics_fail_bc_h4e_closure_arg_tie_dangle	1	ffac5862e2b4b6cd	1	tests/logos/fail/bc_h4e_closure_arg_tie_dangle.logos
logos_06_diagnostics_fail_bc_hop_through_slice_elem	1	ccfb45b00a3ec4ca	1	tests/logos/fail/bc_hop_through_slice_elem.logos
logos_06_diagnostics_fail_bc_idxbase_elem_write_in_index_fail	1	f6808f14c195a30a	1	tests/logos/fail/bc_idxbase_elem_write_in_index_fail.logos
logos_06_diagnostics_fail_bc_if_tail_borrow_local_fail	1	d6fda6162ae27961	1	tests/logos/fail/bc_if_tail_borrow_local_fail.logos
logos_06_diagnostics_fail_bc_ifexpr_arms_alias_write_fail	1	46427c8a4315689c	1	tests/logos/fail/bc_ifexpr_arms_alias_write_fail.logos
logos_06_diagnostics_fail_bc_indexnomut_index_only_write	1	2d97104e85ab4ce3	1	tests/logos/fail/bc_indexnomut_index_only_write.logos
logos_06_diagnostics_fail_bc_let_borrow_temp_through_call_fail	1	a17481679b5a69c0	1	tests/logos/fail/bc_let_borrow_temp_through_call_fail.logos
logos_06_diagnostics_fail_bc_letann_lt_static_fail	1	71c2250887599256	1	tests/logos/fail/bc_letann_lt_static_fail.logos
logos_06_diagnostics_fail_bc_letelide_lt_carry_fail	1	66d09473d98b663e	1	tests/logos/fail/bc_letelide_lt_carry_fail.logos
logos_06_diagnostics_fail_bc_line_ordinal_emitted_oneline_fail	1	734d9aa0831fc1f5	1	tests/logos/fail/bc_line_ordinal_emitted_oneline_fail.logos
logos_06_diagnostics_fail_bc_line_ordinal_oneline_fail	1	c548995f10a06cea	1	tests/logos/fail/bc_line_ordinal_oneline_fail.logos
logos_06_diagnostics_fail_bc_loop_bot_divergent_no_reinit_refuse	1	e7e3a19e54b5b316	1	tests/logos/fail/bc_loop_bot_divergent_no_reinit_refuse.logos
logos_06_diagnostics_fail_bc_loop_bot_plain_call_refuse	1	e85f456e697a755a	1	tests/logos/fail/bc_loop_bot_plain_call_refuse.logos
logos_06_diagnostics_fail_bc_ltargdecl_lifetime_arg_arity	1	eccca0eb7fbb6c67	1	tests/logos/fail/bc_ltargdecl_lifetime_arg_arity.logos
logos_06_diagnostics_fail_bc_ltbindresv_reserved_binder_name	1	c60535f70139a33f	1	tests/logos/fail/bc_ltbindresv_reserved_binder_name.logos
logos_06_diagnostics_fail_bc_ltbndenv_byval_no_bound_fail	1	9d57292cc07cc6ba	1	tests/logos/fail/bc_ltbndenv_byval_no_bound_fail.logos
logos_06_diagnostics_fail_bc_ltbndenv_static_needed_fail	1	006679ee8ec4e022	1	tests/logos/fail/bc_ltbndenv_static_needed_fail.logos
logos_06_diagnostics_fail_bc_ltbndread_undeclared_lifetime_fail	1	be06c9ba83801840	1	tests/logos/fail/bc_ltbndread_undeclared_lifetime_fail.logos
logos_06_diagnostics_fail_bc_ltbndstat_named_lifetime_arg_fail	1	6af000eac7b378d2	1	tests/logos/fail/bc_ltbndstat_named_lifetime_arg_fail.logos
logos_06_diagnostics_fail_bc_ltbndstat_struct_lit_arg_fail	1	7217eed59ffdafa2	1	tests/logos/fail/bc_ltbndstat_struct_lit_arg_fail.logos
logos_06_diagnostics_fail_bc_ltcallmeet_invariant_binder_no_meet	1	0c819de6a0305de2	1	tests/logos/fail/bc_ltcallmeet_invariant_binder_no_meet.logos
logos_06_diagnostics_fail_bc_ltrigid_local_both_rebound_fail	1	1d91a965282201e4	1	tests/logos/fail/bc_ltrigid_local_both_rebound_fail.logos
logos_06_diagnostics_fail_bc_ltrigid_local_rebind_value_fail	1	994da5edd1cc20dc	1	tests/logos/fail/bc_ltrigid_local_rebind_value_fail.logos
logos_06_diagnostics_fail_bc_ltrigid_local_vs_param_swap_fail	1	2ac8e346f0a71104	1	tests/logos/fail/bc_ltrigid_local_vs_param_swap_fail.logos
logos_06_diagnostics_fail_bc_ltrigid_two_anon_push_fail	1	27556a13a6615060	1	tests/logos/fail/bc_ltrigid_two_anon_push_fail.logos
logos_06_diagnostics_fail_bc_ltscope_hrtb_binder_escape_fail	1	e8fc8e3aae70a081	1	tests/logos/fail/bc_ltscope_hrtb_binder_escape_fail.logos
logos_06_diagnostics_fail_bc_ltscope_undeclared_name_fail	1	1a0e86db1b3c5f06	1	tests/logos/fail/bc_ltscope_undeclared_name_fail.logos
logos_06_diagnostics_fail_bc_ltscope_wrong_direction_callsite_fail	1	3139450c6df225d4	1	tests/logos/fail/bc_ltscope_wrong_direction_callsite_fail.logos
logos_06_diagnostics_fail_bc_ltscope_wrong_direction_fail	1	a25ea5349ab506d8	1	tests/logos/fail/bc_ltscope_wrong_direction_fail.logos
logos_06_diagnostics_fail_bc_ltunmentbind_renamed_binder_hole	1	76ea02fb4ce808b4	1	tests/logos/fail/bc_ltunmentbind_renamed_binder_hole.logos
logos_06_diagnostics_fail_bc_ltunmentbind_two_unrelated_binders	1	9b4a25b86228b3ff	1	tests/logos/fail/bc_ltunmentbind_two_unrelated_binders.logos
logos_06_diagnostics_fail_bc_match_deref_mut_not_mut	1	e23f0e9e3de8df31	1	tests/logos/fail/bc_match_deref_mut_not_mut.logos
logos_06_diagnostics_fail_bc_match_expr_slice_elem_moved	1	31282b326e5955e2	1	tests/logos/fail/bc_match_expr_slice_elem_moved.logos
logos_06_diagnostics_fail_bc_match_slice_elem_moved	1	5bb84c1e9df29051	1	tests/logos/fail/bc_match_slice_elem_moved.logos
logos_06_diagnostics_fail_bc_match_stmt_outparam_deposit	1	cffe180fe79c5e31	1	tests/logos/fail/bc_match_stmt_outparam_deposit.logos
logos_06_diagnostics_fail_bc_matchexpr_arms_alias_write_fail	1	46427c8a4315689c	1	tests/logos/fail/bc_matchexpr_arms_alias_write_fail.logos
logos_06_diagnostics_fail_bc_mbparamval_byvalue_param_fail	1	3eba03e76bf8dc16	1	tests/logos/fail/bc_mbparamval_byvalue_param_fail.logos
logos_06_diagnostics_fail_bc_mexprpat_binding_carried_fail	1	47f7fa6a8112fd54	1	tests/logos/fail/bc_mexprpat_binding_carried_fail.logos
logos_06_diagnostics_fail_bc_mexprpat_refmut_loan_fail	1	47f7fa6a8112fd54	1	tests/logos/fail/bc_mexprpat_refmut_loan_fail.logos
logos_06_diagnostics_fail_bc_mfjoin_loop_second_iteration_fail	1	3b7c4daae8eadff5	1	tests/logos/fail/bc_mfjoin_loop_second_iteration_fail.logos
logos_06_diagnostics_fail_bc_move_out_of_static_fail	1	36fe72ebd83ccf7b	1	tests/logos/fail/bc_move_out_of_static_fail.logos
logos_06_diagnostics_fail_bc_movedvalue_borrow_carries_move_line_fail	1	c432ed7287cda605	1	tests/logos/fail/bc_movedvalue_borrow_carries_move_line_fail.logos
logos_06_diagnostics_fail_bc_mutplace_box_compound_immut_fail	1	b05b5574d39417d5	1	tests/logos/fail/bc_mutplace_box_compound_immut_fail.logos
logos_06_diagnostics_fail_bc_mutplace_box_deref_assign_immut_fail	1	b05b5574d39417d5	1	tests/logos/fail/bc_mutplace_box_deref_assign_immut_fail.logos
logos_06_diagnostics_fail_bc_mutplace_box_in_vec_deref_write_immut_fail	1	b4ac482fe83392f3	1	tests/logos/fail/bc_mutplace_box_in_vec_deref_write_immut_fail.logos
logos_06_diagnostics_fail_bc_mutplace_box_mutref_write_while_reborrowed_fail	1	e67f9c7c3fe66202	1	tests/logos/fail/bc_mutplace_box_mutref_write_while_reborrowed_fail.logos
logos_06_diagnostics_fail_bc_mutplace_box_vec_index_write_immut_fail	1	6f9353c52791d85a	1	tests/logos/fail/bc_mutplace_box_vec_index_write_immut_fail.logos
logos_06_diagnostics_fail_bc_mutplace_box_write_while_reborrow_via_sharedref_fail	1	e67f9c7c3fe66202	1	tests/logos/fail/bc_mutplace_box_write_while_reborrow_via_sharedref_fail.logos
logos_06_diagnostics_fail_bc_mutplace_boxbox_addrof_immut_fail	1	faf4f44f9dd9864a	1	tests/logos/fail/bc_mutplace_boxbox_addrof_immut_fail.logos
logos_06_diagnostics_fail_bc_mutplace_derefonly_addrof_mut_fail	1	5369600bda21a544	1	tests/logos/fail/bc_mutplace_derefonly_addrof_mut_fail.logos
logos_06_diagnostics_fail_bc_mutplace_derefonly_addrof_mut_untyped_fail	1	787335002bae5b9f	1	tests/logos/fail/bc_mutplace_derefonly_addrof_mut_untyped_fail.logos
logos_06_diagnostics_fail_bc_mutplace_derefonly_autoderef_field_write_fail	1	5e513f6247fe0878	1	tests/logos/fail/bc_mutplace_derefonly_autoderef_field_write_fail.logos
logos_06_diagnostics_fail_bc_mutplace_derefonly_compound_fail	1	ed5045b3d1a90a59	1	tests/logos/fail/bc_mutplace_derefonly_compound_fail.logos
logos_06_diagnostics_fail_bc_mutplace_derefonly_field_compound_fail	1	d393c2e066b050a6	1	tests/logos/fail/bc_mutplace_derefonly_field_compound_fail.logos
logos_06_diagnostics_fail_bc_mutplace_derefonly_index_through_deref_write_fail	1	3a4ec0486838408f	1	tests/logos/fail/bc_mutplace_derefonly_index_through_deref_write_fail.logos
logos_06_diagnostics_fail_bc_mutplace_derefonly_paren_field_write_fail	1	3cddf5a956f95cbc	1	tests/logos/fail/bc_mutplace_derefonly_paren_field_write_fail.logos
logos_06_diagnostics_fail_bc_mutplace_derefonly_self_field_write_fail	1	21f9aaa58bdc3bae	1	tests/logos/fail/bc_mutplace_derefonly_self_field_write_fail.logos
logos_06_diagnostics_fail_bc_mutplace_indexonly_through_field_write_fail	1	526f428a61bf3813	1	tests/logos/fail/bc_mutplace_indexonly_through_field_write_fail.logos
logos_06_diagnostics_fail_bc_mutplace_shared_ref_box_param_write_fail	1	976df60bfde2149f	1	tests/logos/fail/bc_mutplace_shared_ref_box_param_write_fail.logos
logos_06_diagnostics_fail_bc_mutplace_user_derefmut_write_immut_fail	1	5011212b7c5d228d	1	tests/logos/fail/bc_mutplace_user_derefmut_write_immut_fail.logos
logos_06_diagnostics_fail_bc_mutplace_vec_push_byval_param_immut_fail	1	b4ac482fe83392f3	1	tests/logos/fail/bc_mutplace_vec_push_byval_param_immut_fail.logos
logos_06_diagnostics_fail_bc_mutplace_vec_push_immut_binding_fail	1	dddb2689d8deebf8	1	tests/logos/fail/bc_mutplace_vec_push_immut_binding_fail.logos
logos_06_diagnostics_fail_bc_mutstaticborrow_immutable_static	1	4005ec9eb2411ad6	1	tests/logos/fail/bc_mutstaticborrow_immutable_static.logos
logos_06_diagnostics_fail_bc_mutstaticunsafe_mut_borrow	1	28a519ced308439d	1	tests/logos/fail/bc_mutstaticunsafe_mut_borrow.logos
logos_06_diagnostics_fail_bc_mutstaticunsafe_shared_borrow	1	ed28d7bcac1fa8df	1	tests/logos/fail/bc_mutstaticunsafe_shared_borrow.logos
logos_06_diagnostics_fail_bc_mutvecfor_mut_vec_looped_twice	1	edf33453315c2f4b	1	tests/logos/fail/bc_mutvecfor_mut_vec_looped_twice.logos
logos_06_diagnostics_fail_bc_mvchain_box_field_ref_fail	1	bc27f4f29fc04090	1	tests/logos/fail/bc_mvchain_box_field_ref_fail.logos
logos_06_diagnostics_fail_bc_mvchain_nested_field_ref_fail	1	df546ea3f38b2d2d	1	tests/logos/fail/bc_mvchain_nested_field_ref_fail.logos
logos_06_diagnostics_fail_bc_nll_d1_loop_live_refuse	1	d5ad731f38224c36	1	tests/logos/fail/bc_nll_d1_loop_live_refuse.logos
logos_06_diagnostics_fail_bc_nll_d1_loop_overlap_refuse	1	cfccc40d9c2856fd	1	tests/logos/fail/bc_nll_d1_loop_overlap_refuse.logos
logos_06_diagnostics_fail_bc_nll_d2_field_live_mut_refuse	1	69e2ba1c807dc295	1	tests/logos/fail/bc_nll_d2_field_live_mut_refuse.logos
logos_06_diagnostics_fail_bc_nll_d2_field_live_refuse	1	b039831e980c5bdc	1	tests/logos/fail/bc_nll_d2_field_live_refuse.logos
logos_06_diagnostics_fail_bc_objlt_assoc_proj_fail	1	bd49fd438571d401	1	tests/logos/fail/bc_objlt_assoc_proj_fail.logos
logos_06_diagnostics_fail_bc_objlt_closure_byref_local_fail	1	b5702fa02b32eb63	1	tests/logos/fail/bc_objlt_closure_byref_local_fail.logos
logos_06_diagnostics_fail_bc_objlt_closure_move_ref_fail	1	81481949bcb9dec7	1	tests/logos/fail/bc_objlt_closure_move_ref_fail.logos
logos_06_diagnostics_fail_bc_objlt_closure_owned_dyn_fail	1	e0bfc348ba0d6930	1	tests/logos/fail/bc_objlt_closure_owned_dyn_fail.logos
logos_06_diagnostics_fail_bc_objlt_closure_reborrow_fail	1	c59b9fc8964f2489	1	tests/logos/fail/bc_objlt_closure_reborrow_fail.logos
logos_06_diagnostics_fail_bc_objlt_enum_lt_fail	1	826e8c4a3b068c87	1	tests/logos/fail/bc_objlt_enum_lt_fail.logos
logos_06_diagnostics_fail_bc_objlt_generic_struct_fail	1	7401dced15d086f3	1	tests/logos/fail/bc_objlt_generic_struct_fail.logos
logos_06_diagnostics_fail_bc_objlt_impl_bound_fail	1	d6bb77654adfcef3	1	tests/logos/fail/bc_objlt_impl_bound_fail.logos
logos_06_diagnostics_fail_bc_objlt_impl_self_fail	1	0617741e29c36d5e	1	tests/logos/fail/bc_objlt_impl_self_fail.logos
logos_06_diagnostics_fail_bc_objlt_placewrite_fail	1	4bfa9dcb478039c0	1	tests/logos/fail/bc_objlt_placewrite_fail.logos
logos_06_diagnostics_fail_bc_objlt_same_sig_twins_fail	1	65c1f617c4a19687	1	tests/logos/fail/bc_objlt_same_sig_twins_fail.logos
logos_06_diagnostics_fail_bc_objlt_str_literal_fail	1	eb3e74f16631e613	1	tests/logos/fail/bc_objlt_str_literal_fail.logos
logos_06_diagnostics_fail_bc_objlt_struct_lt_fail	1	9c4b75e4773ba133	1	tests/logos/fail/bc_objlt_struct_lt_fail.logos
logos_06_diagnostics_fail_bc_objlt_struct_where_fail	1	5cc0bce6d9ce0a1d	1	tests/logos/fail/bc_objlt_struct_where_fail.logos
logos_06_diagnostics_fail_bc_objlt_tparam_static_fail	1	4165867a5097313b	1	tests/logos/fail/bc_objlt_tparam_static_fail.logos
logos_06_diagnostics_fail_bc_objlt_tparam_transitive_fail	1	33a6a3fd0ef0c4e9	1	tests/logos/fail/bc_objlt_tparam_transitive_fail.logos
logos_06_diagnostics_fail_bc_opeq_immut_local_write_fail	1	4baa3acf06c949aa	1	tests/logos/fail/bc_opeq_immut_local_write_fail.logos
logos_06_diagnostics_fail_bc_opeq_shared_ref_write_fail	1	ea31cef16e794b97	1	tests/logos/fail/bc_opeq_shared_ref_write_fail.logos
logos_06_diagnostics_fail_bc_opeq_uninit_read_fail	1	c1a28f9e961d5572	1	tests/logos/fail/bc_opeq_uninit_read_fail.logos
logos_06_diagnostics_fail_bc_param_byvalue_escape_fail	1	ec46833a54e65b17	1	tests/logos/fail/bc_param_byvalue_escape_fail.logos
logos_06_diagnostics_fail_bc_partpair_struct_shorthand_field_moved	1	fa19153c9ef762f7	1	tests/logos/fail/bc_partpair_struct_shorthand_field_moved.logos
logos_06_diagnostics_fail_bc_patdeclrefbmut_scrutinee_used_in_arm_fail	1	acc1e5f765181333	1	tests/logos/fail/bc_patdeclrefbmut_scrutinee_used_in_arm_fail.logos
logos_06_diagnostics_fail_bc_patdeclrefbmut_two_live_mut_reborrows_fail	1	55ca31353593c330	1	tests/logos/fail/bc_patdeclrefbmut_two_live_mut_reborrows_fail.logos
logos_06_diagnostics_fail_bc_patloan_ref_assign_fail	1	6b135eeb51e80763	1	tests/logos/fail/bc_patloan_ref_assign_fail.logos
logos_06_diagnostics_fail_bc_patloan_refmut_of_imm_fail	1	b7e0b8497212462f	1	tests/logos/fail/bc_patloan_refmut_of_imm_fail.logos
logos_06_diagnostics_fail_bc_patmovebind_byvalue_arm	1	3c9a949d35470cbf	1	tests/logos/fail/bc_patmovebind_byvalue_arm.logos
logos_06_diagnostics_fail_bc_patmut_closure_body_no_mut_fieldwrite_fail	1	3914410ad8cbb0e3	1	tests/logos/fail/bc_patmut_closure_body_no_mut_fieldwrite_fail.logos
logos_06_diagnostics_fail_bc_patmut_for_arr_no_mut_recv_fail	1	4d5feb0ad628e5fb	1	tests/logos/fail/bc_patmut_for_arr_no_mut_recv_fail.logos
logos_06_diagnostics_fail_bc_patmut_for_tuple_pat_no_mut_reassign_fail	1	e37fe41185438045	1	tests/logos/fail/bc_patmut_for_tuple_pat_no_mut_reassign_fail.logos
logos_06_diagnostics_fail_bc_patmut_for_vec_no_mut_recv_fail	1	4d5feb0ad628e5fb	1	tests/logos/fail/bc_patmut_for_vec_no_mut_recv_fail.logos
logos_06_diagnostics_fail_bc_patmut_generic_no_mut_recv_fail	1	7813d2e824f383a1	1	tests/logos/fail/bc_patmut_generic_no_mut_recv_fail.logos
logos_06_diagnostics_fail_bc_patmut_iflet_box_deref_no_mut_fail	1	faf4f44f9dd9864a	1	tests/logos/fail/bc_patmut_iflet_box_deref_no_mut_fail.logos
logos_06_diagnostics_fail_bc_patmut_iflet_no_mut_recv_fail	1	4d5feb0ad628e5fb	1	tests/logos/fail/bc_patmut_iflet_no_mut_recv_fail.logos
logos_06_diagnostics_fail_bc_patmut_match_box_deref_no_mut_fail	1	faf4f44f9dd9864a	1	tests/logos/fail/bc_patmut_match_box_deref_no_mut_fail.logos
logos_06_diagnostics_fail_bc_patmut_match_no_mut_reassign_fail	1	88d7b937d773141f	1	tests/logos/fail/bc_patmut_match_no_mut_reassign_fail.logos
logos_06_diagnostics_fail_bc_patmut_match_variant_no_mut_recv_fail	1	4d5feb0ad628e5fb	1	tests/logos/fail/bc_patmut_match_variant_no_mut_recv_fail.logos
logos_06_diagnostics_fail_bc_patmut_nested_struct_no_mut_box_deref_fail	1	faf4f44f9dd9864a	1	tests/logos/fail/bc_patmut_nested_struct_no_mut_box_deref_fail.logos
logos_06_diagnostics_fail_bc_patmut_nested_tuple_no_mut_recv_fail	1	4d5feb0ad628e5fb	1	tests/logos/fail/bc_patmut_nested_tuple_no_mut_recv_fail.logos
logos_06_diagnostics_fail_bc_patmut_nested_variant_no_mut_reassign_fail	1	f19e5e8d0cdd6a58	1	tests/logos/fail/bc_patmut_nested_variant_no_mut_reassign_fail.logos
logos_06_diagnostics_fail_bc_patmut_or_pattern_no_mut_recv_fail	1	4d5feb0ad628e5fb	1	tests/logos/fail/bc_patmut_or_pattern_no_mut_recv_fail.logos
logos_06_diagnostics_fail_bc_patmut_struct_destructure_box_deref_fail	1	faf4f44f9dd9864a	1	tests/logos/fail/bc_patmut_struct_destructure_box_deref_fail.logos
logos_06_diagnostics_fail_bc_patmut_struct_destructure_no_mut_fail	1	3623f50afaafb3c5	1	tests/logos/fail/bc_patmut_struct_destructure_no_mut_fail.logos
logos_06_diagnostics_fail_bc_patmut_struct_shorthand_no_mut_fail	1	10cdcb7f8c625bd5	1	tests/logos/fail/bc_patmut_struct_shorthand_no_mut_fail.logos
logos_06_diagnostics_fail_bc_patmut_tuple_let_no_mut_fail	1	10cdcb7f8c625bd5	1	tests/logos/fail/bc_patmut_tuple_let_no_mut_fail.logos
logos_06_diagnostics_fail_bc_patmut_whilelet_no_mut_reassign_fail	1	a945301261ef43e1	1	tests/logos/fail/bc_patmut_whilelet_no_mut_reassign_fail.logos
logos_06_diagnostics_fail_bc_patmut_wild_var_no_mut_addrof_fail	1	4d5feb0ad628e5fb	1	tests/logos/fail/bc_patmut_wild_var_no_mut_addrof_fail.logos
logos_06_diagnostics_fail_bc_patown_chain_byval_then_reuse_fail	1	ca4b4296add2cf68	1	tests/logos/fail/bc_patown_chain_byval_then_reuse_fail.logos
logos_06_diagnostics_fail_bc_patown_iflet_moveout_twice_fail	1	9791bbdf0342ce28	1	tests/logos/fail/bc_patown_iflet_moveout_twice_fail.logos
logos_06_diagnostics_fail_bc_patown_iflet_scrut_reused_fail	1	f40a965fb077611c	1	tests/logos/fail/bc_patown_iflet_scrut_reused_fail.logos
logos_06_diagnostics_fail_bc_patown_labeled_continue_unknown_fail	1	7bb5e2263a98bd7c	1	tests/logos/fail/bc_patown_labeled_continue_unknown_fail.logos
logos_06_diagnostics_fail_bc_patown_whilelet_place_scrut_loop_fail	1	fa534151e1a44978	1	tests/logos/fail/bc_patown_whilelet_place_scrut_loop_fail.logos
logos_06_diagnostics_fail_bc_patown_whilelet_reassign_no_mut_fail	1	ef54d5bd0155db9a	1	tests/logos/fail/bc_patown_whilelet_reassign_no_mut_fail.logos
logos_06_diagnostics_fail_bc_patref_amp_binds_by_value_fail	1	40222ccd8663fe24	1	tests/logos/fail/bc_patref_amp_binds_by_value_fail.logos
logos_06_diagnostics_fail_bc_patref_variant_binds_by_value_fail	1	7c4920a77c54fd58	1	tests/logos/fail/bc_patref_variant_binds_by_value_fail.logos
logos_06_diagnostics_fail_bc_patsubmove_second_use_fail	1	0ccae7be349dd487	1	tests/logos/fail/bc_patsubmove_second_use_fail.logos
logos_06_diagnostics_fail_bc_range_view_holds_loan	1	f6808f14c195a30a	1	tests/logos/fail/bc_range_view_holds_loan.logos
logos_06_diagnostics_fail_bc_reassign_holder_coholder_fail	1	46427c8a4315689c	1	tests/logos/fail/bc_reassign_holder_coholder_fail.logos
logos_06_diagnostics_fail_bc_reborrow_deref_call_arg	1	37df4437285e09c5	1	tests/logos/fail/bc_reborrow_deref_call_arg.logos
logos_06_diagnostics_fail_bc_reborrow_deref_chain	1	37df4437285e09c5	1	tests/logos/fail/bc_reborrow_deref_chain.logos
logos_06_diagnostics_fail_bc_reborrow_dyn_held	1	399ef6131d446faa	1	tests/logos/fail/bc_reborrow_dyn_held.logos
logos_06_diagnostics_fail_bc_reborrow_slice_held	1	399ef6131d446faa	1	tests/logos/fail/bc_reborrow_slice_held.logos
logos_06_diagnostics_fail_bc_reborrow_tuple_value_elem_fail	1	dd54fffbfb97c3e8	1	tests/logos/fail/bc_reborrow_tuple_value_elem_fail.logos
logos_06_diagnostics_fail_bc_recv_addroftemp_resv_fail	1	ef18886a4bed0161	1	tests/logos/fail/bc_recv_addroftemp_resv_fail.logos
logos_06_diagnostics_fail_bc_recv_reservation_conflict_fail	1	93955d435cec11ae	1	tests/logos/fail/bc_recv_reservation_conflict_fail.logos
logos_06_diagnostics_fail_bc_recv_self_lt_invariant_fail	1	c6a13679a2f927c7	1	tests/logos/fail/bc_recv_self_lt_invariant_fail.logos
logos_06_diagnostics_fail_bc_recv_trait_bound_lt_fail	1	d7d1167638e41a1f	1	tests/logos/fail/bc_recv_trait_bound_lt_fail.logos
logos_06_diagnostics_fail_bc_recvaot_owned_immut_recv_fail	1	4d5feb0ad628e5fb	1	tests/logos/fail/bc_recvaot_owned_immut_recv_fail.logos
logos_06_diagnostics_fail_bc_recvaot_ref_to_mutref_local_fail	1	957fefae7045d387	1	tests/logos/fail/bc_recvaot_ref_to_mutref_local_fail.logos
logos_06_diagnostics_fail_bc_recvaot_two_live_reborrows_fail	1	1c25d46234165705	1	tests/logos/fail/bc_recvaot_two_live_reborrows_fail.logos
logos_06_diagnostics_fail_bc_recvfieldpath_same_field_call	1	f5e77527b46b8bd5	1	tests/logos/fail/bc_recvfieldpath_same_field_call.logos
logos_06_diagnostics_fail_bc_recvnestshared_index_by_len_fail	1	a87991da279f2009	1	tests/logos/fail/bc_recvnestshared_index_by_len_fail.logos
logos_06_diagnostics_fail_bc_recvpartial_byval_recv_fail	1	8c17ca137ad0261e	1	tests/logos/fail/bc_recvpartial_byval_recv_fail.logos
logos_06_diagnostics_fail_bc_recvpartial_shared_recv_fail	1	8ab65ca1b324d16b	1	tests/logos/fail/bc_recvpartial_shared_recv_fail.logos
logos_06_diagnostics_fail_bc_recvresv_shared_recv_mut_arg_fail	1	595a8dc5a1d823ab	1	tests/logos/fail/bc_recvresv_shared_recv_mut_arg_fail.logos
logos_06_diagnostics_fail_bc_recvselfderef_byval_self_through_ref	1	9680323bdcd19275	1	tests/logos/fail/bc_recvselfderef_byval_self_through_ref.logos
logos_06_diagnostics_fail_bc_return_borrow_of_operator_temp_fail	1	4080d578d27314ec	1	tests/logos/fail/bc_return_borrow_of_operator_temp_fail.logos
logos_06_diagnostics_fail_bc_return_borrow_of_temp_projection_fail	1	bb6636cc5a6b1eac	1	tests/logos/fail/bc_return_borrow_of_temp_projection_fail.logos
logos_06_diagnostics_fail_bc_scinitcond_and_rhs_init	1	1487da7776ce83c6	1	tests/logos/fail/bc_scinitcond_and_rhs_init.logos
logos_06_diagnostics_fail_bc_self_type_enum_lt_mismatch_fail	1	5654dfcb9d1f5464	1	tests/logos/fail/bc_self_type_enum_lt_mismatch_fail.logos
logos_06_diagnostics_fail_bc_self_type_lt_args_mismatch_fail	1	31027dbe5a05d2c0	1	tests/logos/fail/bc_self_type_lt_args_mismatch_fail.logos
logos_06_diagnostics_fail_bc_selflt_binder_shared_mut_fail	1	37ba5ed7b6a8c55f	1	tests/logos/fail/bc_selflt_binder_shared_mut_fail.logos
logos_06_diagnostics_fail_bc_selflt_generic_two_live_muts_fail	1	f816323f2dce9f7b	1	tests/logos/fail/bc_selflt_generic_two_live_muts_fail.logos
logos_06_diagnostics_fail_bc_sigdefuniq_default_selfparam_fail	1	8cf7fe47b33131bd	1	tests/logos/fail/bc_sigdefuniq_default_selfparam_fail.logos
logos_06_diagnostics_fail_bc_sigdefuniq_default_wrongparam_fail	1	ddea2a5557822e0c	1	tests/logos/fail/bc_sigdefuniq_default_wrongparam_fail.logos
logos_06_diagnostics_fail_bc_sigdefuniq_default_wrongparam_var_fail	1	ddea2a5557822e0c	1	tests/logos/fail/bc_sigdefuniq_default_wrongparam_var_fail.logos
logos_06_diagnostics_fail_bc_sigselfsub_param_self_byvalue_fail	1	53506e89384d9c37	1	tests/logos/fail/bc_sigselfsub_param_self_byvalue_fail.logos
logos_06_diagnostics_fail_bc_sigselfsub_param_self_mismatch_fail	1	8cf7fe47b33131bd	1	tests/logos/fail/bc_sigselfsub_param_self_mismatch_fail.logos
logos_06_diagnostics_fail_bc_slice_coercion_holds_loan	1	a05ad6e1483cfa56	1	tests/logos/fail/bc_slice_coercion_holds_loan.logos
logos_06_diagnostics_fail_bc_slice_index_return_local_fail	1	30eefa4ab35bba6f	1	tests/logos/fail/bc_slice_index_return_local_fail.logos
logos_06_diagnostics_fail_bc_slice_move_nested_in_struct_lit	1	3da2420742cb1b05	1	tests/logos/fail/bc_slice_move_nested_in_struct_lit.logos
logos_06_diagnostics_fail_bc_slice_range_return_local_fail	1	e01c550342be91aa	1	tests/logos/fail/bc_slice_range_return_local_fail.logos
logos_06_diagnostics_fail_bc_slice_return_local_array_fail	1	e01c550342be91aa	1	tests/logos/fail/bc_slice_return_local_array_fail.logos
logos_06_diagnostics_fail_bc_slice_return_temp_array_fail	1	30eefa4ab35bba6f	1	tests/logos/fail/bc_slice_return_temp_array_fail.logos
logos_06_diagnostics_fail_bc_slicearr_elem_moved_twice	1	90d5a5a32376bc90	1	tests/logos/fail/bc_slicearr_elem_moved_twice.logos
logos_06_diagnostics_fail_bc_slicearr_suffix_moved_twice	1	769c9d97a49ed259	1	tests/logos/fail/bc_slicearr_suffix_moved_twice.logos
logos_06_diagnostics_fail_bc_slitfat_dst_field_fail	1	b906d8164eb9cc1d	1	tests/logos/fail/bc_slitfat_dst_field_fail.logos
logos_06_diagnostics_fail_bc_slitfat_dyn_field_fail	1	e8e66b5fb6ace657	1	tests/logos/fail/bc_slitfat_dyn_field_fail.logos
logos_06_diagnostics_fail_bc_slitfat_push_arg_fail	1	2ca2980263603b9e	1	tests/logos/fail/bc_slitfat_push_arg_fail.logos
logos_06_diagnostics_fail_bc_slitfat_slice_field_fail	1	64ced94da15c5178	1	tests/logos/fail/bc_slitfat_slice_field_fail.logos
logos_06_diagnostics_fail_bc_slitfat_str_field_fail	1	770615699fb6dcaa	1	tests/logos/fail/bc_slitfat_str_field_fail.logos
logos_06_diagnostics_fail_bc_slitfat_str_let_fail	1	d3f6e2866d8ce856	1	tests/logos/fail/bc_slitfat_str_let_fail.logos
logos_06_diagnostics_fail_bc_slitgen_outlives_fail	1	eb74632179bfc8f1	1	tests/logos/fail/bc_slitgen_outlives_fail.logos
logos_06_diagnostics_fail_bc_slitgen_ref_field_fail	1	192fae156f8e59e6	1	tests/logos/fail/bc_slitgen_ref_field_fail.logos
logos_06_diagnostics_fail_bc_slitmint_slice_local_fail	1	30cac725c83b2c39	1	tests/logos/fail/bc_slitmint_slice_local_fail.logos
logos_06_diagnostics_fail_bc_stcallelide_local_arg_elided_ret_fail	1	791179f850cc09be	1	tests/logos/fail/bc_stcallelide_local_arg_elided_ret_fail.logos
logos_06_diagnostics_fail_bc_stfacts_field_via_param_static_fail	1	6b0fdd2d9baf736e	1	tests/logos/fail/bc_stfacts_field_via_param_static_fail.logos
logos_06_diagnostics_fail_bc_stfnptr_static_param_into_elided_fail	1	09bd2bec9404d846	1	tests/logos/fail/bc_stfnptr_static_param_into_elided_fail.logos
logos_06_diagnostics_fail_bc_stplace_under_local_array_fail	1	b88ae2aed508e7a0	1	tests/logos/fail/bc_stplace_under_local_array_fail.logos
logos_06_diagnostics_fail_bc_stpromote_local_into_static_arg_fail	1	afabca41ce5015b7	1	tests/logos/fail/bc_stpromote_local_into_static_arg_fail.logos
logos_06_diagnostics_fail_bc_streborrow_local_mut_into_static_fail	1	b397c34fb5450df3	1	tests/logos/fail/bc_streborrow_local_mut_into_static_fail.logos
logos_06_diagnostics_fail_bc_strecv_local_receiver_elided_ret_fail	1	545d98c4fb028900	1	tests/logos/fail/bc_strecv_local_receiver_elided_ret_fail.logos
logos_06_diagnostics_fail_bc_structfldlt_undeclared_field_lifetime	1	30c37f757152c0fd	1	tests/logos/fail/bc_structfldlt_undeclared_field_lifetime.logos
logos_06_diagnostics_fail_bc_structlit_field_lt_static_fail	1	693789dad0cca91c	1	tests/logos/fail/bc_structlit_field_lt_static_fail.logos
logos_06_diagnostics_fail_bc_stslot_local_into_static_let_fail	1	e607e0e53f109bca	1	tests/logos/fail/bc_stslot_local_into_static_let_fail.logos
logos_06_diagnostics_fail_bc_thru_ref_field_mut_reborrow_fail	1	3e7272a094bfba9d	1	tests/logos/fail/bc_thru_ref_field_mut_reborrow_fail.logos
logos_06_diagnostics_fail_bc_thru_ref_param_double_deref_fail	1	ccb057846cf72fff	1	tests/logos/fail/bc_thru_ref_param_double_deref_fail.logos
logos_06_diagnostics_fail_bc_thru_ref_var_mut_reborrow_fail	1	2324d520a27cbe1a	1	tests/logos/fail/bc_thru_ref_var_mut_reborrow_fail.logos
logos_06_diagnostics_fail_bc_thrumutref_borrow_of_the_field_fail	1	02a6ff23d5ed25fe	1	tests/logos/fail/bc_thrumutref_borrow_of_the_field_fail.logos
logos_06_diagnostics_fail_bc_tmcb_erased_call_local	1	d974ddd280ccd21f	1	tests/logos/fail/bc_tmcb_erased_call_local.logos
logos_06_diagnostics_fail_bc_tmcb_erased_closure_local	1	5d43a596b6f23e80	1	tests/logos/fail/bc_tmcb_erased_closure_local.logos
logos_06_diagnostics_fail_bc_tmcb_erased_method_local	1	75c0c0aba930d083	1	tests/logos/fail/bc_tmcb_erased_method_local.logos
logos_06_diagnostics_fail_bc_tmpassign_mut_used_after_fail	1	f5d48d070c28b1fd	1	tests/logos/fail/bc_tmpassign_mut_used_after_fail.logos
logos_06_diagnostics_fail_bc_tmpassign_used_after_fail	1	8327353e14d8bb81	1	tests/logos/fail/bc_tmpassign_used_after_fail.logos
logos_06_diagnostics_fail_bc_tmpfresh_ret_cast_fail	1	4080d578d27314ec	1	tests/logos/fail/bc_tmpfresh_ret_cast_fail.logos
logos_06_diagnostics_fail_bc_tmpfresh_ret_fresh_agg_fail	1	ffa223405e2c6a59	1	tests/logos/fail/bc_tmpfresh_ret_fresh_agg_fail.logos
logos_06_diagnostics_fail_bc_tpmixbnd_mixed_bound_undeclared_fail	1	6738cba64c8fbcaf	1	tests/logos/fail/bc_tpmixbnd_mixed_bound_undeclared_fail.logos
logos_06_diagnostics_fail_bc_tupidxmove_same_element	1	ecab1b3318c6fb5b	1	tests/logos/fail/bc_tupidxmove_same_element.logos
logos_06_diagnostics_fail_bc_tuple_elem_exclusivity_fail	1	b0772695baf8eef9	1	tests/logos/fail/bc_tuple_elem_exclusivity_fail.logos
logos_06_diagnostics_fail_bc_tuple_move_out_of_ref	1	8755257934b1ff72	1	tests/logos/fail/bc_tuple_move_out_of_ref.logos
logos_06_diagnostics_fail_bc_tuple_reborrow_mut_alias	1	c715a63867315dfb	1	tests/logos/fail/bc_tuple_reborrow_mut_alias.logos
logos_06_diagnostics_fail_bc_wf_alias_fail	1	bb15db9faa898fc3	1	tests/logos/fail/bc_wf_alias_fail.logos
logos_06_diagnostics_fail_bc_wf_enum_payload_fail	1	e360b3ec04eb3d4f	1	tests/logos/fail/bc_wf_enum_payload_fail.logos
logos_06_diagnostics_fail_bc_wf_field_scope_fail	1	c4e7430c0778da1d	1	tests/logos/fail/bc_wf_field_scope_fail.logos
logos_06_diagnostics_fail_bc_wf_impl_header_fail	1	e19417729cb52618	1	tests/logos/fail/bc_wf_impl_header_fail.logos
logos_06_diagnostics_fail_bc_wf_impl_scope_fail	1	67d104ee5505b649	1	tests/logos/fail/bc_wf_impl_scope_fail.logos
logos_06_diagnostics_fail_bc_wf_method_turbofish_fail	1	b9473876d919d3f7	1	tests/logos/fail/bc_wf_method_turbofish_fail.logos
logos_06_diagnostics_fail_bc_wf_param_mention_fail	1	9535068ed6480c8f	1	tests/logos/fail/bc_wf_param_mention_fail.logos
logos_06_diagnostics_fail_bc_wf_tuple_in_vec_fail	1	6627037a0ac191a2	1	tests/logos/fail/bc_wf_tuple_in_vec_fail.logos
logos_06_diagnostics_fail_bc_write_thru_shared_ref_fail	1	b15a8ee63beda823	1	tests/logos/fail/bc_write_thru_shared_ref_fail.logos
logos_06_diagnostics_fail_bindings-after-at-or-patterns-slice-patterns-box-patterns	1	a7e1cd24c8902e5e	1	tests/imported/fail/borrowck/bindings-after-at-or-patterns-slice-patterns-box-patterns.logos
logos_06_diagnostics_fail_borrow-checker-lifetime-error-46471--r02	1	36909ae7a36eec4c	1	tests/imported/fail/borrowck/borrow-checker-lifetime-error-46471--r02.logos
logos_06_diagnostics_fail_borrow-checker-lifetime-error-46471--t02	1	36909ae7a36eec4c	1	tests/imported/fail/borrowck/borrow-checker-lifetime-error-46471--t02.logos
logos_06_diagnostics_fail_borrow-conflict-in-loop	1	bfc47d51253218dc	1	tests/imported/fail/nll/borrow-conflict-in-loop.logos
logos_06_diagnostics_fail_borrow-during-mut-borrow	1	9e448698925037c3	1	tests/imported/fail/nll/borrow-during-mut-borrow.logos
logos_06_diagnostics_fail_borrow-immutable-deref-box	1	4786b5b9fee297ab	1	tests/imported/fail/borrowck/borrow-immutable-deref-box.logos
logos_06_diagnostics_fail_borrow-immutable-upvar-mutation	1	37fdef81f18cbef2	1	tests/imported/fail/borrowck/borrow-immutable-upvar-mutation.logos
logos_06_diagnostics_fail_borrow-in-loop-with-outer	1	96bed77a32472665	1	tests/imported/fail/nll/borrow-in-loop-with-outer.logos
logos_06_diagnostics_fail_borrow-in-then-then-mut	1	67c0908bbf3e19ee	1	tests/imported/fail/nll/borrow-in-then-then-mut.logos
logos_06_diagnostics_fail_borrow-of-moved-value-in-for-loop-61108	1	2e9f8b9e137f05af	1	tests/imported/fail/borrowck/borrow-of-moved-value-in-for-loop-61108.logos
logos_06_diagnostics_fail_borrow-of-mut-base-ptr	1	8ff7c22d3c2b9e2b	1	tests/imported/fail/nll/borrow-of-mut-base-ptr.logos
logos_06_diagnostics_fail_borrow-raw-address-of-borrowed	1	5f67bc12e4976d09	1	tests/imported/fail/borrowck/borrow-raw-address-of-borrowed.logos
logos_06_diagnostics_fail_borrow-raw-address-of-deref-mutability	1	c230e83045697591	1	tests/imported/fail/borrowck/borrow-raw-address-of-deref-mutability.logos
logos_06_diagnostics_fail_borrow-raw-address-of-mutability	1	4786b5b9fee297ab	1	tests/imported/fail/borrowck/borrow-raw-address-of-mutability.logos
logos_06_diagnostics_fail_borrow-spans-arms	1	33c9c8e52c4cd2f7	1	tests/imported/fail/nll/borrow-spans-arms.logos
logos_06_diagnostics_fail_borrow-then-move-by-value	1	9f3367884e9eab99	1	tests/imported/fail/nll/borrow-then-move-by-value.logos
logos_06_diagnostics_fail_borrow-tuple-fields--b	1	d500646b0981bf3d	1	tests/imported/fail/borrowck/borrow-tuple-fields--b.logos
logos_06_diagnostics_fail_borrow-tuple-fields--t03	1	b0772695baf8eef9	1	tests/imported/fail/borrowck/borrow-tuple-fields--t03.logos
logos_06_diagnostics_fail_borrowck-access-permissions--b-mut-borrow-of-static	1	5f292f04b54b717a	1	tests/imported/fail/borrowck/borrowck-access-permissions--b-mut-borrow-of-static.logos
logos_06_diagnostics_fail_borrowck-access-permissions--c-mut-borrow-deref-box	1	6037d95fdcac5bad	1	tests/imported/fail/borrowck/borrowck-access-permissions--c-mut-borrow-deref-box.logos
logos_06_diagnostics_fail_borrowck-access-permissions--d-mut-borrow-deref-shared-ref	1	2324d520a27cbe1a	1	tests/imported/fail/borrowck/borrowck-access-permissions--d-mut-borrow-deref-shared-ref.logos
logos_06_diagnostics_fail_borrowck-aliasing-mut-field	1	ceeb3da41e744f28	1	tests/imported/fail/nll/borrowck-aliasing-mut-field.logos
logos_06_diagnostics_fail_borrowck-and-init--r03	1	c343dcdf53402e5c	1	tests/imported/fail/borrowck/borrowck-and-init--r03.logos
logos_06_diagnostics_fail_borrowck-and-init--t03	1	72693f9ad2b2f054	1	tests/imported/fail/borrowck/borrowck-and-init--t03.logos
logos_06_diagnostics_fail_borrowck-anon-fields-struct	1	310c1657e6bbf632	1	tests/imported/fail/borrowck/borrowck-anon-fields-struct.logos
logos_06_diagnostics_fail_borrowck-anon-fields-tuple	1	cd592f0e9468d000	1	tests/imported/fail/borrowck/borrowck-anon-fields-tuple.logos
logos_06_diagnostics_fail_borrowck-anon-fields-variant	1	93a4118c7f268a76	1	tests/imported/fail/borrowck/borrowck-anon-fields-variant.logos
logos_06_diagnostics_fail_borrowck-argument	1	bd2a6a6280909a7b	1	tests/imported/fail/borrowck/borrowck-argument.logos
logos_06_diagnostics_fail_borrowck-assign-comp	1	5f78642c354613d6	1	tests/imported/fail/borrowck/borrowck-assign-comp.logos
logos_06_diagnostics_fail_borrowck-assign-comp-idx	1	034f639541d08c54	1	tests/imported/fail/borrowck/borrowck-assign-comp-idx.logos
logos_06_diagnostics_fail_borrowck-assign-to-andmut-in-aliasable-loc	1	1c874f20894d7ac3	1	tests/imported/fail/borrowck/borrowck-assign-to-andmut-in-aliasable-loc.logos
logos_06_diagnostics_fail_borrowck-assign-to-andmut-in-borrowed-loc	1	5eb07c62e1e7c52e	1	tests/imported/fail/borrowck/borrowck-assign-to-andmut-in-borrowed-loc.logos
logos_06_diagnostics_fail_borrowck-assign-while-mut-borrowed	1	460571f47628386f	1	tests/imported/fail/nll/borrowck-assign-while-mut-borrowed.logos
logos_06_diagnostics_fail_borrowck-auto-mut-ref-to-immut-var	1	4786b5b9fee297ab	1	tests/imported/fail/borrowck/borrowck-auto-mut-ref-to-immut-var.logos
logos_06_diagnostics_fail_borrowck-autoref-3261	1	460571f47628386f	1	tests/imported/fail/borrowck/borrowck-autoref-3261.logos
logos_06_diagnostics_fail_borrowck-bad-nested-calls-free	1	0136edab18c7e0ed	1	tests/imported/fail/borrowck/borrowck-bad-nested-calls-free.logos
logos_06_diagnostics_fail_borrowck-bad-nested-calls-move	1	1722733669631394	1	tests/imported/fail/borrowck/borrowck-bad-nested-calls-move.logos
logos_06_diagnostics_fail_borrowck-block-uninit	1	55d59030b80bbc06	1	tests/imported/fail/borrowck/borrowck-block-uninit.logos
logos_06_diagnostics_fail_borrowck-borrow-from-owned-ptr--a-field-mut-mut	1	acff729a27abf9df	1	tests/imported/fail/borrowck/borrowck-borrow-from-owned-ptr--a-field-mut-mut.logos
logos_06_diagnostics_fail_borrowck-borrow-from-owned-ptr--b-field-mut-imm	1	acff729a27abf9df	1	tests/imported/fail/borrowck/borrowck-borrow-from-owned-ptr--b-field-mut-imm.logos
logos_06_diagnostics_fail_borrowck-borrow-from-owned-ptr--c-field-imm-mut	1	5c99017eafe9ad88	1	tests/imported/fail/borrowck/borrowck-borrow-from-owned-ptr--c-field-imm-mut.logos
logos_06_diagnostics_fail_borrowck-borrow-from-owned-ptr--d-subfield-mut-then-base-imm	1	56e2ac2ff0448670	1	tests/imported/fail/borrowck/borrowck-borrow-from-owned-ptr--d-subfield-mut-then-base-imm.logos
logos_06_diagnostics_fail_borrowck-borrow-from-owned-ptr--e-subfield-mut-then-whole-imm	1	2d2253fc6ad906eb	1	tests/imported/fail/borrowck/borrowck-borrow-from-owned-ptr--e-subfield-mut-then-whole-imm.logos
logos_06_diagnostics_fail_borrowck-borrow-from-owned-ptr--f-subfield-imm-then-base-mut	1	baadc94a12e0388a	1	tests/imported/fail/borrowck/borrowck-borrow-from-owned-ptr--f-subfield-imm-then-base-mut.logos
logos_06_diagnostics_fail_borrowck-borrow-from-owned-ptr--g-mut-borrow-of-imm-binding	1	66f69882c8dab2b6	1	tests/imported/fail/borrowck/borrowck-borrow-from-owned-ptr--g-mut-borrow-of-imm-binding.logos
logos_06_diagnostics_fail_borrowck-borrow-from-stack-variable--base-imm	1	56e2ac2ff0448670	1	tests/imported/fail/borrowck/borrowck-borrow-from-stack-variable--base-imm.logos
logos_06_diagnostics_fail_borrowck-borrow-from-stack-variable--base-whole	1	bcc4f1f177a59d6d	1	tests/imported/fail/borrowck/borrowck-borrow-from-stack-variable--base-whole.logos
logos_06_diagnostics_fail_borrowck-borrow-from-stack-variable--from-imm	1	66f69882c8dab2b6	1	tests/imported/fail/borrowck/borrowck-borrow-from-stack-variable--from-imm.logos
logos_06_diagnostics_fail_borrowck-borrow-from-stack-variable--im	1	5c99017eafe9ad88	1	tests/imported/fail/borrowck/borrowck-borrow-from-stack-variable--im.logos
logos_06_diagnostics_fail_borrowck-borrow-from-stack-variable--imm-base-mut	1	baadc94a12e0388a	1	tests/imported/fail/borrowck/borrowck-borrow-from-stack-variable--imm-base-mut.logos
logos_06_diagnostics_fail_borrowck-borrow-from-stack-variable--imm-base-mut2	1	bcc4f1f177a59d6d	1	tests/imported/fail/borrowck/borrowck-borrow-from-stack-variable--imm-base-mut2.logos
logos_06_diagnostics_fail_borrowck-borrow-from-stack-variable--mi	1	acff729a27abf9df	1	tests/imported/fail/borrowck/borrowck-borrow-from-stack-variable--mi.logos
logos_06_diagnostics_fail_borrowck-borrow-from-stack-variable--mm	1	acff729a27abf9df	1	tests/imported/fail/borrowck/borrowck-borrow-from-stack-variable--mm.logos
logos_06_diagnostics_fail_borrowck-borrow-from-stack-variable--pat	1	265b9d9261c36f33	1	tests/imported/fail/borrowck/borrowck-borrow-from-stack-variable--pat.logos
logos_06_diagnostics_fail_borrowck-borrow-from-temporary	1	5ee14382c5396e5c	1	tests/imported/fail/borrowck/borrowck-borrow-from-temporary.logos
logos_06_diagnostics_fail_borrowck-borrow-immut-deref-of-box-as-mut	1	10cdcb7f8c625bd5	1	tests/imported/fail/borrowck/borrowck-borrow-immut-deref-of-box-as-mut.logos
logos_06_diagnostics_fail_borrowck-borrow-mut-base-ptr-in-aliasable-loc--a-assign-through-shared-to-mut	1	ab8632325f1e97a8	1	tests/imported/fail/borrowck/borrowck-borrow-mut-base-ptr-in-aliasable-loc--a-assign-through-shared-to-mut.logos
logos_06_diagnostics_fail_borrowck-borrow-mut-base-ptr-in-aliasable-loc--c-mut-reborrow-from-shared	1	ccb057846cf72fff	1	tests/imported/fail/borrowck/borrowck-borrow-mut-base-ptr-in-aliasable-loc--c-mut-reborrow-from-shared.logos
logos_06_diagnostics_fail_borrowck-borrow-mut-object-twice	1	debc273428f03c1a	1	tests/imported/fail/borrowck/borrowck-borrow-mut-object-twice.logos
logos_06_diagnostics_fail_borrowck-borrow-overloaded-auto-deref	1	0e726a7a68329c3a	1	tests/imported/fail/borrowck/borrowck-borrow-overloaded-auto-deref.logos
logos_06_diagnostics_fail_borrowck-borrow-overloaded-deref	1	6d16c807b124c80a	1	tests/imported/fail/borrowck/borrowck-borrow-overloaded-deref.logos
logos_06_diagnostics_fail_borrowck-break-uninit	1	bfd03312f9ec9e43	1	tests/imported/fail/borrowck/borrowck-break-uninit.logos
logos_06_diagnostics_fail_borrowck-break-uninit-2	1	120ff3d9dabdfe46	1	tests/imported/fail/borrowck/borrowck-break-uninit-2.logos
logos_06_diagnostics_fail_borrowck-closures-mut-and-imm	1	67c0908bbf3e19ee	1	tests/imported/fail/borrowck/borrowck-closures-mut-and-imm.logos
logos_06_diagnostics_fail_borrowck-closures-mut-of-imm--ctl	1	d3c58bb596a2bf3a	1	tests/imported/fail/borrowck/borrowck-closures-mut-of-imm--ctl.logos
logos_06_diagnostics_fail_borrowck-closures-mut-of-imm--t06	1	ec4558c61d5f5943	1	tests/imported/fail/borrowck/borrowck-closures-mut-of-imm--t06.logos
logos_06_diagnostics_fail_borrowck-closures-mut-of-mut	1	f8c49fe1dcf21a34	1	tests/imported/fail/borrowck/borrowck-closures-mut-of-mut.logos
logos_06_diagnostics_fail_borrowck-closures-two-mut	1	460571f47628386f	1	tests/imported/fail/borrowck/borrowck-closures-two-mut.logos
logos_06_diagnostics_fail_borrowck-closures-two-mut-fail	1	460571f47628386f	1	tests/imported/fail/borrowck/borrowck-closures-two-mut-fail.logos
logos_06_diagnostics_fail_borrowck-closures-unique	1	33dcf4d6f67a72de	1	tests/imported/fail/borrowck/borrowck-closures-unique.logos
logos_06_diagnostics_fail_borrowck-closures-unique-imm	1	11adb051758b27b2	1	tests/imported/fail/borrowck/borrowck-closures-unique-imm.logos
logos_06_diagnostics_fail_borrowck-closures-use-after-free	1	6da35e719c057727	1	tests/imported/fail/borrowck/borrowck-closures-use-after-free.logos
logos_06_diagnostics_fail_borrowck-consume-unsize-vec	1	586c80480bfd2727	1	tests/imported/fail/borrowck/borrowck-consume-unsize-vec.logos
logos_06_diagnostics_fail_borrowck-consume-upcast-box	1	0417849c63d9bd11	1	tests/imported/fail/borrowck/borrowck-consume-upcast-box.logos
logos_06_diagnostics_fail_borrowck-dangling-from-call	1	efe867d0b6e457f9	1	tests/imported/fail/nll/borrowck-dangling-from-call.logos
logos_06_diagnostics_fail_borrowck-deref-pattern-assignment	1	4ae2ea3d21c131f8	1	tests/imported/fail/borrowck/borrowck-deref-pattern-assignment.logos
logos_06_diagnostics_fail_borrowck-describe-lvalue	1	ba7625d348cc9320	1	tests/imported/fail/borrowck/borrowck-describe-lvalue.logos
logos_06_diagnostics_fail_borrowck-drop-from-guard	1	7cc1ea36316bc915	1	tests/imported/fail/borrowck/borrowck-drop-from-guard.logos
logos_06_diagnostics_fail_borrowck-escaping-closure-error-1	1	37b3bbbaf418c2d3	1	tests/imported/fail/borrowck/borrowck-escaping-closure-error-1.logos
logos_06_diagnostics_fail_borrowck-field-sensitivity--a-deref-after-move	1	c5154d1e7bb22ef1	1	tests/imported/fail/borrowck/borrowck-field-sensitivity--a-deref-after-move.logos
logos_06_diagnostics_fail_borrowck-field-sensitivity--b-move-after-borrow	1	b7680085389e30aa	1	tests/imported/fail/borrowck/borrowck-field-sensitivity--b-move-after-borrow.logos
logos_06_diagnostics_fail_borrowck-field-sensitivity--c-two-mut-borrows-same-field	1	d270feaa10fa6979	1	tests/imported/fail/borrowck/borrowck-field-sensitivity--c-two-mut-borrows-same-field.logos
logos_06_diagnostics_fail_borrowck-fn-in-const-a	1	2899acd08cf28c10	1	tests/imported/fail/borrowck/borrowck-fn-in-const-a.logos
logos_06_diagnostics_fail_borrowck-fn-in-const-c	1	a573e53291e1a9c6	1	tests/imported/fail/borrowck/borrowck-fn-in-const-c.logos
logos_06_diagnostics_fail_borrowck-for-loop-correct-cmt-for-pattern	1	fd344b3e1c3f6b4c	1	tests/imported/fail/borrowck/borrowck-for-loop-correct-cmt-for-pattern.logos
logos_06_diagnostics_fail_borrowck-for-loop-head-linkage	1	ab43491aff9ea0c5	1	tests/imported/fail/borrowck/borrowck-for-loop-head-linkage.logos
logos_06_diagnostics_fail_borrowck-for-loop-pattern-assignment	1	116fd6bb82f09c11	1	tests/imported/fail/borrowck/borrowck-for-loop-pattern-assignment.logos
logos_06_diagnostics_fail_borrowck-for-loop-uninitialized-binding	1	145baa534c4233ea	1	tests/imported/fail/borrowck/borrowck-for-loop-uninitialized-binding.logos
logos_06_diagnostics_fail_borrowck-if-else-uninitialized	1	9d14f77f84f10853	1	tests/imported/fail/borrowck/borrowck-if-else-uninitialized.logos
logos_06_diagnostics_fail_borrowck-if-elseif-else-uninitialezed	1	561ea7f65385cf4c	1	tests/imported/fail/borrowck/borrowck-if-elseif-else-uninitialezed.logos
logos_06_diagnostics_fail_borrowck-if-no-else	1	1a979c5b400fc388	1	tests/imported/fail/borrowck/borrowck-if-no-else.logos
logos_06_diagnostics_fail_borrowck-if-with-else	1	e6ff50e9c3491606	1	tests/imported/fail/borrowck/borrowck-if-with-else.logos
logos_06_diagnostics_fail_borrowck-imm-ref-to-mut-rec-field-issue-3162-c	1	340ce817c3bf6b52	1	tests/imported/fail/borrowck/borrowck-imm-ref-to-mut-rec-field-issue-3162-c.logos
logos_06_diagnostics_fail_borrowck-in-static--move-captured-out-of-fn-closure	1	f8d1859c294a9e86	1	tests/imported/fail/borrowck/borrowck-in-static--move-captured-out-of-fn-closure.logos
logos_06_diagnostics_fail_borrowck-in-static--r-runtime	1	5ea6ad0f7b2e49a2	1	tests/imported/fail/borrowck/borrowck-in-static--r-runtime.logos
logos_06_diagnostics_fail_borrowck-init-in-called-fn-expr	1	e157f7503d763b7a	1	tests/imported/fail/borrowck/borrowck-init-in-called-fn-expr.logos
logos_06_diagnostics_fail_borrowck-init-in-fn-expr	1	b4e9ae3a10cada96	1	tests/imported/fail/borrowck/borrowck-init-in-fn-expr.logos
logos_06_diagnostics_fail_borrowck-init-in-fru	1	9ba2f4eb06adc0a7	1	tests/imported/fail/borrowck/borrowck-init-in-fru.logos
logos_06_diagnostics_fail_borrowck-init-op-equal	1	5134e98f3c09be14	1	tests/imported/fail/borrowck/borrowck-init-op-equal.logos
logos_06_diagnostics_fail_borrowck-init-plus-equal	1	97ec2238d041a11d	1	tests/imported/fail/borrowck/borrowck-init-plus-equal.logos
logos_06_diagnostics_fail_borrowck-insert-during-each	1	d7ce94d1d5c11280	1	tests/imported/fail/borrowck/borrowck-insert-during-each.logos
logos_06_diagnostics_fail_borrowck-issue-14498--b-write-through-shared	1	a6311318406f95f9	1	tests/imported/fail/borrowck/borrowck-issue-14498--b-write-through-shared.logos
logos_06_diagnostics_fail_borrowck-issue-14498--box-mut-ref	1	e67f9c7c3fe66202	1	tests/imported/fail/borrowck/borrowck-issue-14498--box-mut-ref.logos
logos_06_diagnostics_fail_borrowck-issue-2657-1	1	8db1e0665cfe26b3	1	tests/imported/fail/borrowck/borrowck-issue-2657-1.logos
logos_06_diagnostics_fail_borrowck-issue-2657-2	1	7a49bdfb11e3ea5f	1	tests/imported/fail/borrowck/borrowck-issue-2657-2.logos
logos_06_diagnostics_fail_borrowck-issue-48962--a-move-of-mut-ref-then-use	1	361b70886e45e99f	1	tests/imported/fail/borrowck/borrowck-issue-48962--a-move-of-mut-ref-then-use.logos
logos_06_diagnostics_fail_borrowck-issue-48962--b-move-of-mut-ref-tuple-field	1	d48252a51328a27d	1	tests/imported/fail/borrowck/borrowck-issue-48962--b-move-of-mut-ref-tuple-field.logos
logos_06_diagnostics_fail_borrowck-lend-flow	1	c02f7ea38289894e	1	tests/imported/fail/borrowck/borrowck-lend-flow.logos
logos_06_diagnostics_fail_borrowck-lend-flow-if	1	c02f7ea38289894e	1	tests/imported/fail/borrowck/borrowck-lend-flow-if.logos
logos_06_diagnostics_fail_borrowck-lend-flow-match	1	33160c2596eab07f	1	tests/imported/fail/borrowck/borrowck-lend-flow-match.logos
logos_06_diagnostics_fail_borrowck-loan-blocks-move	1	e6af27acfd3fe9b4	1	tests/imported/fail/borrowck/borrowck-loan-blocks-move.logos
logos_06_diagnostics_fail_borrowck-loan-blocks-mut-uniq	1	42c7c98cdf640c63	1	tests/imported/fail/borrowck/borrowck-loan-blocks-mut-uniq.logos
logos_06_diagnostics_fail_borrowck-loan-in-overloaded-op	1	d9561124bea6db10	1	tests/imported/fail/borrowck/borrowck-loan-in-overloaded-op.logos
logos_06_diagnostics_fail_borrowck-loan-of-static-data-issue-27616	1	c46a4137eccdb74e	1	tests/imported/fail/borrowck/borrowck-loan-of-static-data-issue-27616.logos
logos_06_diagnostics_fail_borrowck-loan-rcvr	1	99edffad0a33b2b5	1	tests/imported/fail/borrowck/borrowck-loan-rcvr.logos
logos_06_diagnostics_fail_borrowck-loan-rcvr-overloaded-op	1	f0b273854c28857d	1	tests/imported/fail/borrowck/borrowck-loan-rcvr-overloaded-op.logos
logos_06_diagnostics_fail_borrowck-local-borrow-outlives-fn	1	eb8ee50f02a04ae7	1	tests/imported/fail/borrowck/borrowck-local-borrow-outlives-fn.logos
logos_06_diagnostics_fail_borrowck-local-borrow-with-panic-outlives-fn	1	ee178b11b20a5ac0	1	tests/imported/fail/borrowck/borrowck-local-borrow-with-panic-outlives-fn.logos
logos_06_diagnostics_fail_borrowck-many-shared-then-mut	1	555cddfd97a12b25	1	tests/imported/fail/nll/borrowck-many-shared-then-mut.logos
logos_06_diagnostics_fail_borrowck-match-already-borrowed	1	363206dad2e9ed53	1	tests/imported/fail/borrowck/borrowck-match-already-borrowed.logos
logos_06_diagnostics_fail_borrowck-match-binding-is-assignment	1	c15b4d1aacee7c0e	1	tests/imported/fail/borrowck/borrowck-match-binding-is-assignment.logos
logos_06_diagnostics_fail_borrowck-match-multiple-uninitialized	1	3192f312eac32b44	1	tests/imported/fail/borrowck/borrowck-match-multiple-uninitialized.logos
logos_06_diagnostics_fail_borrowck-match-uninitialized	1	719b5156d077d560	1	tests/imported/fail/borrowck/borrowck-match-uninitialized.logos
logos_06_diagnostics_fail_borrowck-move-error-many-places--move-out-of-ref-in-match	1	de537a68a59688bb	1	tests/imported/fail/borrowck/borrowck-move-error-many-places--move-out-of-ref-in-match.logos
logos_06_diagnostics_fail_borrowck-move-error-many-places--r-runtime	1	c094bd1bb5f6a30c	1	tests/imported/fail/borrowck/borrowck-move-error-many-places--r-runtime.logos
logos_06_diagnostics_fail_borrowck-move-error-with-note--a	1	d17c0c65469ab7a0	1	tests/imported/fail/borrowck/borrowck-move-error-with-note--a.logos
logos_06_diagnostics_fail_borrowck-move-from-subpath-of-borrowed-path	1	c07a6b37c196e098	1	tests/imported/fail/borrowck/borrowck-move-from-subpath-of-borrowed-path.logos
logos_06_diagnostics_fail_borrowck-move-in-irrefut-pat	1	b1b9e32d0b5115f6	1	tests/imported/fail/borrowck/borrowck-move-in-irrefut-pat.logos
logos_06_diagnostics_fail_borrowck-move-moved-value-into-closure	1	d281e6be2895c912	1	tests/imported/fail/borrowck/borrowck-move-moved-value-into-closure.logos
logos_06_diagnostics_fail_borrowck-move-mut-base-ptr	1	d8adf08cbd808c65	1	tests/imported/fail/borrowck/borrowck-move-mut-base-ptr.logos
logos_06_diagnostics_fail_borrowck-move-out-from-array--a-array-double-move	1	aa95050d8360a7a3	1	tests/imported/fail/borrowck/borrowck-move-out-from-array--a-array-double-move.logos
logos_06_diagnostics_fail_borrowck-move-out-from-array--b-array-subslice-double-move	1	4fe6680b0e4656bd	1	tests/imported/fail/borrowck/borrowck-move-out-from-array--b-array-subslice-double-move.logos
logos_06_diagnostics_fail_borrowck-move-out-from-array-match	1	d25e30d353967950	1	tests/imported/fail/borrowck/borrowck-move-out-from-array-match.logos
logos_06_diagnostics_fail_borrowck-move-out-from-array-use	1	4791255ec547d057	1	tests/imported/fail/borrowck/borrowck-move-out-from-array-use.logos
logos_06_diagnostics_fail_borrowck-move-out-from-array-use-match--b	1	84b084ba3389c32e	1	tests/imported/fail/borrowck/borrowck-move-out-from-array-use-match--b.logos
logos_06_diagnostics_fail_borrowck-move-out-of-overloaded-deref	1	3696510c7aee3a12	1	tests/imported/fail/borrowck/borrowck-move-out-of-overloaded-deref.logos
logos_06_diagnostics_fail_borrowck-move-out-of-static-item	1	497e32ae15cb5c9a	1	tests/imported/fail/borrowck/borrowck-move-out-of-static-item.logos
logos_06_diagnostics_fail_borrowck-move-out-of-vec-tail	1	24a11dd3daf2f47c	1	tests/imported/fail/borrowck/borrowck-move-out-of-vec-tail.logos
logos_06_diagnostics_fail_borrowck-move-subcomponent	1	1722733669631394	1	tests/imported/fail/borrowck/borrowck-move-subcomponent.logos
logos_06_diagnostics_fail_borrowck-multiple-captures	1	a5a1a7f4bfd9c208	1	tests/imported/fail/borrowck/borrowck-multiple-captures.logos
logos_06_diagnostics_fail_borrowck-mut-addr-of-imm-var	1	4786b5b9fee297ab	1	tests/imported/fail/borrowck/borrowck-mut-addr-of-imm-var.logos
logos_06_diagnostics_fail_borrowck-mut-borrow-imm-binding	1	4786b5b9fee297ab	1	tests/imported/fail/nll/borrowck-mut-borrow-imm-binding.logos
logos_06_diagnostics_fail_borrowck-mut-borrow-linear-errors	1	96bed77a32472665	1	tests/imported/fail/borrowck/borrowck-mut-borrow-linear-errors.logos
logos_06_diagnostics_fail_borrowck-mut-borrow-of-mut-base-ptr--a	1	d8adf08cbd808c65	1	tests/imported/fail/borrowck/borrowck-mut-borrow-of-mut-base-ptr--a.logos
logos_06_diagnostics_fail_borrowck-mut-borrow-of-mut-base-ptr--b	1	49e137432b1ae704	1	tests/imported/fail/borrowck/borrowck-mut-borrow-of-mut-base-ptr--b.logos
logos_06_diagnostics_fail_borrowck-mut-borrow-via-reborrow	1	b105491a7ed2d18e	1	tests/imported/fail/nll/borrowck-mut-borrow-via-reborrow.logos
logos_06_diagnostics_fail_borrowck-mut-during-shared-in-loop	1	14128e76126e6148	1	tests/imported/fail/nll/borrowck-mut-during-shared-in-loop.logos
logos_06_diagnostics_fail_borrowck-mut-slice-of-imm-vec	1	dddb2689d8deebf8	1	tests/imported/fail/borrowck/borrowck-mut-slice-of-imm-vec.logos
logos_06_diagnostics_fail_borrowck-mut-then-shared-overlap	1	c055a500be728458	1	tests/imported/fail/nll/borrowck-mut-then-shared-overlap.logos
logos_06_diagnostics_fail_borrowck-mutate-in-guard	1	52977215a072519b	1	tests/imported/fail/borrowck/borrowck-mutate-in-guard.logos
logos_06_diagnostics_fail_borrowck-no-cycle-in-exchange-heap--move-while-refmut-borrowed	1	e23f0e9e3de8df31	1	tests/imported/fail/borrowck/borrowck-no-cycle-in-exchange-heap--move-while-refmut-borrowed.logos
logos_06_diagnostics_fail_borrowck-object-lifetime	1	52fa8310d2815386	1	tests/imported/fail/borrowck/borrowck-object-lifetime.logos
logos_06_diagnostics_fail_borrowck-or-init	1	643c9bd06bed75d4	1	tests/imported/fail/borrowck/borrowck-or-init.logos
logos_06_diagnostics_fail_borrowck-overloaded-index-and-overloaded-deref--b	1	e1327e26c17aae55	1	tests/imported/fail/borrowck/borrowck-overloaded-index-and-overloaded-deref--b.logos
logos_06_diagnostics_fail_borrowck-overloaded-index-and-overloaded-deref--t15	1	42c7c98cdf640c63	1	tests/imported/fail/borrowck/borrowck-overloaded-index-and-overloaded-deref--t15.logos
logos_06_diagnostics_fail_borrowck-overloaded-index-autoderef	1	90e84f698a4bd0d3	1	tests/imported/fail/borrowck/borrowck-overloaded-index-autoderef.logos
logos_06_diagnostics_fail_borrowck-overloaded-index-move-from-vec	1	72e926248820b28b	1	tests/imported/fail/borrowck/borrowck-overloaded-index-move-from-vec.logos
logos_06_diagnostics_fail_borrowck-overloaded-index-move-index	1	9f3367884e9eab99	1	tests/imported/fail/borrowck/borrowck-overloaded-index-move-index.logos
logos_06_diagnostics_fail_borrowck-overloaded-index-ref-index	1	4128c1c87a5694d7	1	tests/imported/fail/borrowck/borrowck-overloaded-index-ref-index.logos
logos_06_diagnostics_fail_borrowck-partial-field-move	1	98f2c25e44e15148	1	tests/imported/fail/nll/borrowck-partial-field-move.logos
logos_06_diagnostics_fail_borrowck-partial-reinit-1	1	125df3495211d1b5	1	tests/imported/fail/borrowck/borrowck-partial-reinit-1.logos
logos_06_diagnostics_fail_borrowck-partial-reinit-2	1	6bd86ee79c67d0fc	1	tests/imported/fail/borrowck/borrowck-partial-reinit-2.logos
logos_06_diagnostics_fail_borrowck-partial-reinit-3	1	0a64252a0612c8e7	1	tests/imported/fail/borrowck/borrowck-partial-reinit-3.logos
logos_06_diagnostics_fail_borrowck-partial-reinit-4	1	89b91310c455c576	1	tests/imported/fail/borrowck/borrowck-partial-reinit-4.logos
logos_06_diagnostics_fail_borrowck-pat-reassign-binding	1	6b135eeb51e80763	1	tests/imported/fail/borrowck/borrowck-pat-reassign-binding.logos
logos_06_diagnostics_fail_borrowck-reborrow-from-mut	1	2827a3857adbe621	1	tests/imported/fail/borrowck/borrowck-reborrow-from-mut.logos
logos_06_diagnostics_fail_borrowck-ref-mut-of-imm--d-control-ref-mut-on-local	1	b7e0b8497212462f	1	tests/imported/fail/borrowck/borrowck-ref-mut-of-imm--d-control-ref-mut-on-local.logos
logos_06_diagnostics_fail_borrowck-ref-mut-of-imm--ref-mut-of-imm	1	657ce8e19a1ca393	1	tests/imported/fail/borrowck/borrowck-ref-mut-of-imm--ref-mut-of-imm.logos
logos_06_diagnostics_fail_borrowck-reinit	1	2200f1c13b947548	1	tests/imported/fail/borrowck/borrowck-reinit.logos
logos_06_diagnostics_fail_borrowck-report-with-custom-diagnostic	1	b0c959ffc71b0bfa	1	tests/imported/fail/borrowck/borrowck-report-with-custom-diagnostic.logos
logos_06_diagnostics_fail_borrowck-return	1	b71efd0e3a25a3cb	1	tests/imported/fail/borrowck/borrowck-return.logos
logos_06_diagnostics_fail_borrowck-return-ref-to-local-aux	1	ba30ab9e59e791de	1	tests/imported/fail/nll/borrowck-return-ref-to-local-aux.logos
logos_06_diagnostics_fail_borrowck-return-variable-on-stack-via-clone	1	0a2701a23a50c9c8	1	tests/imported/fail/borrowck/borrowck-return-variable-on-stack-via-clone.logos
logos_06_diagnostics_fail_borrowck-slice-pattern-element-loan-slice	1	98d2ee2b8fe0ded5	1	tests/imported/fail/borrowck/borrowck-slice-pattern-element-loan-slice.logos
logos_06_diagnostics_fail_borrowck-storage-dead	1	7a103431e9876abf	1	tests/imported/fail/borrowck/borrowck-storage-dead.logos
logos_06_diagnostics_fail_borrowck-swap-mut-base-ptr	1	d8adf08cbd808c65	1	tests/imported/fail/borrowck/borrowck-swap-mut-base-ptr.logos
logos_06_diagnostics_fail_borrowck-unary-move	1	8be00214d3b4cbff	1	tests/imported/fail/borrowck/borrowck-unary-move.logos
logos_06_diagnostics_fail_borrowck-uninit	1	ca8990e2913ed44d	1	tests/imported/fail/borrowck/borrowck-uninit.logos
logos_06_diagnostics_fail_borrowck-uninit-after-item	1	7cb1471452969504	1	tests/imported/fail/borrowck/borrowck-uninit-after-item.logos
logos_06_diagnostics_fail_borrowck-uninit-field-access	1	8e5d270e3314e865	1	tests/imported/fail/borrowck/borrowck-uninit-field-access.logos
logos_06_diagnostics_fail_borrowck-uninit-in-assignop	1	21569c5494f328a6	1	tests/imported/fail/borrowck/borrowck-uninit-in-assignop.logos
logos_06_diagnostics_fail_borrowck-uninit-ref-chain	1	6d5453e7cabc4a30	1	tests/imported/fail/borrowck/borrowck-uninit-ref-chain.logos
logos_06_diagnostics_fail_borrowck-union-borrow	1	f66e148d0b9f62c5	1	tests/imported/fail/borrowck/borrowck-union-borrow.logos
logos_06_diagnostics_fail_borrowck-union-borrow-nested	1	380f7e7b57fce3ea	1	tests/imported/fail/borrowck/borrowck-union-borrow-nested.logos
logos_06_diagnostics_fail_borrowck-union-uninitialized	1	b8d5833021db54d4	1	tests/imported/fail/borrowck/borrowck-union-uninitialized.logos
logos_06_diagnostics_fail_borrowck-uniq-via-lend--b	1	66ff69674e369d85	1	tests/imported/fail/borrowck/borrowck-uniq-via-lend--b.logos
logos_06_diagnostics_fail_borrowck-uniq-via-lend--t18	1	d9bb1b340d3a0b89	1	tests/imported/fail/borrowck/borrowck-uniq-via-lend--t18.logos
logos_06_diagnostics_fail_borrowck-use-in-index-lvalue	1	dac1f310c53827f9	1	tests/imported/fail/borrowck/borrowck-use-in-index-lvalue.logos
logos_06_diagnostics_fail_borrowck-use-mut-borrow	1	3b311c8ccfa17b25	1	tests/imported/fail/borrowck/borrowck-use-mut-borrow.logos
logos_06_diagnostics_fail_borrowck-use-uninitialized-in-cast	1	13cbd8a70c81c3f8	1	tests/imported/fail/borrowck/borrowck-use-uninitialized-in-cast.logos
logos_06_diagnostics_fail_borrowck-use-uninitialized-in-cast-trait	1	99ea059d40441707	1	tests/imported/fail/borrowck/borrowck-use-uninitialized-in-cast-trait.logos
logos_06_diagnostics_fail_borrowck-vec-pattern-element-loan	1	dbca1aa13b047d7f	1	tests/imported/fail/borrowck/borrowck-vec-pattern-element-loan.logos
logos_06_diagnostics_fail_borrowck-vec-pattern-loan-from-mut	1	c9c03ee4ac4cb643	1	tests/imported/fail/borrowck/borrowck-vec-pattern-loan-from-mut.logos
logos_06_diagnostics_fail_borrowck-vec-pattern-move-tail	1	7f584076ced3fd57	1	tests/imported/fail/borrowck/borrowck-vec-pattern-move-tail.logos
logos_06_diagnostics_fail_borrowck-vec-pattern-nesting	1	7907275717eb8607	1	tests/imported/fail/borrowck/borrowck-vec-pattern-nesting.logos
logos_06_diagnostics_fail_borrowck-vec-pattern-tail-element-loan	1	f6191f6704dff527	1	tests/imported/fail/borrowck/borrowck-vec-pattern-tail-element-loan.logos
logos_06_diagnostics_fail_borrowck-while	1	f6361caec63e6c85	1	tests/imported/fail/borrowck/borrowck-while.logos
logos_06_diagnostics_fail_borrowck-while-break	1	5b8a29acce468196	1	tests/imported/fail/borrowck/borrowck-while-break.logos
logos_06_diagnostics_fail_borrowck-while-cond	1	e9fabaefd18ef2c9	1	tests/imported/fail/borrowck/borrowck-while-cond.logos
logos_06_diagnostics_fail_borrowed-local-error	1	d7e0572d409a73a2	1	tests/imported/fail/nll/borrowed-local-error.logos
logos_06_diagnostics_fail_borrowed-match-issue-45045	1	8ce1ea5b4fd77e9b	1	tests/imported/fail/nll/borrowed-match-issue-45045.logos
logos_06_diagnostics_fail_borrowed-mut-pointer-assign-overflow-off	1	5eb07c62e1e7c52e	1	tests/imported/fail/borrowck/borrowed-mut-pointer-assign-overflow-off.logos
logos_06_diagnostics_fail_borrowed-referent-issue-38899	1	757edc21cdfb202d	1	tests/imported/fail/nll/borrowed-referent-issue-38899.logos
logos_06_diagnostics_fail_borrowed-temporary-error--ctl	1	abbe4dedc9d7cc1d	1	tests/imported/fail/nll/borrowed-temporary-error--ctl.logos
logos_06_diagnostics_fail_borrowed-universal-error	1	5ee14382c5396e5c	1	tests/imported/fail/nll/borrowed-universal-error.logos
logos_06_diagnostics_fail_borrowed-universal-error-2	1	0ec92e9add54bee3	1	tests/imported/fail/nll/borrowed-universal-error-2.logos
logos_06_diagnostics_fail_branch-condition-flow-issue-156494--a-uninit-across-branch	1	36109a07f763cc23	1	tests/imported/fail/borrowck/branch-condition-flow-issue-156494--a-uninit-across-branch.logos
logos_06_diagnostics_fail_branch-condition-flow-issue-156494--b-uninit-loop-carry	1	8b41dcb9bb7b0e06	1	tests/imported/fail/borrowck/branch-condition-flow-issue-156494--b-uninit-loop-carry.logos
logos_06_diagnostics_fail_cannot-assign-borrowed-ref-in-slice	1	9eeda84a34665612	1	tests/imported/fail/borrowck/cannot-assign-borrowed-ref-in-slice.logos
logos_06_diagnostics_fail_cannot-borrow-index-of-hashmap-in-for	1	a03ec18c94444f89	1	tests/imported/fail/borrowck/cannot-borrow-index-of-hashmap-in-for.logos
logos_06_diagnostics_fail_cannot-move-block-spans	1	64868c3ab90b77d0	1	tests/imported/fail/nll/cannot-move-block-spans.logos
logos_06_diagnostics_fail_cannot-move-out-of-borrowed-ref-closure	1	ec99b6417424fb06	1	tests/imported/fail/borrowck/cannot-move-out-of-borrowed-ref-closure.logos
logos_06_diagnostics_fail_cannot-return-ref-to-fn-param-in-filter-map	1	f68594322d39ad23	1	tests/imported/fail/borrowck/cannot-return-ref-to-fn-param-in-filter-map.logos
logos_06_diagnostics_fail_capture-ref-in-struct--ctl	1	2f2e3d34863f4421	1	tests/imported/fail/nll/capture-ref-in-struct--ctl.logos
logos_06_diagnostics_fail_cast-static-lifetime	1	8e8d2bf387563b07	1	tests/imported/fail/nll/cast-static-lifetime.logos
logos_06_diagnostics_fail_check-normalized-sig-for-wf	1	fda2388d11cad2c6	1	tests/imported/fail/nll/check-normalized-sig-for-wf.logos
logos_06_diagnostics_fail_clone-on-ref	1	3e868fc29d62eea7	1	tests/imported/fail/borrowck/clone-on-ref.logos
logos_06_diagnostics_fail_clone-span-on-try-operator	1	9680323bdcd19275	1	tests/imported/fail/borrowck/clone-span-on-try-operator.logos
logos_06_diagnostics_fail_closure-access-spans--a-closure-imm-capture-conflict	1	5c531ae2b83a6ff7	1	tests/imported/fail/nll/closure-access-spans--a-closure-imm-capture-conflict.logos
logos_06_diagnostics_fail_closure-access-spans--ac-direct-read-conflict	1	5c531ae2b83a6ff7	1	tests/imported/fail/nll/closure-access-spans--ac-direct-read-conflict.logos
logos_06_diagnostics_fail_closure-access-spans--b-closure-mut-capture-conflict	1	460571f47628386f	1	tests/imported/fail/nll/closure-access-spans--b-closure-mut-capture-conflict.logos
logos_06_diagnostics_fail_closure-access-spans--e-closure-capture-moved	1	795db498ce724d2f	1	tests/imported/fail/nll/closure-access-spans--e-closure-capture-moved.logos
logos_06_diagnostics_fail_closure-access-spans--ec-direct-use-moved	1	a462d731fa1494f8	1	tests/imported/fail/nll/closure-access-spans--ec-direct-use-moved.logos
logos_06_diagnostics_fail_closure-borrow-conflict-11192	1	6da35e719c057727	1	tests/imported/fail/borrowck/closure-borrow-conflict-11192.logos
logos_06_diagnostics_fail_closure-borrow-spans--a	1	14128e76126e6148	1	tests/imported/fail/nll/closure-borrow-spans--a.logos
logos_06_diagnostics_fail_closure-borrow-spans--b	1	67c0908bbf3e19ee	1	tests/imported/fail/nll/closure-borrow-spans--b.logos
logos_06_diagnostics_fail_closure-borrow-then-move	1	9f3367884e9eab99	1	tests/imported/fail/closures/closure-borrow-then-move.logos
logos_06_diagnostics_fail_closure-double-move-into	1	0ee8b6a6245bc8dd	1	tests/imported/fail/closures/closure-double-move-into.logos
logos_06_diagnostics_fail_closure-move-spans	1	802e3f1ef4c9e85f	1	tests/imported/fail/nll/closure-move-spans.logos
logos_06_diagnostics_fail_closure-mut-borrow-shared-ref	1	3688ccb00f52dd60	1	tests/imported/fail/closures/closure-mut-borrow-shared-ref.logos
logos_06_diagnostics_fail_closure-mut-of-immut-binding	1	4786b5b9fee297ab	1	tests/imported/fail/closures/closure-mut-of-immut-binding.logos
logos_06_diagnostics_fail_closure-substs	1	ca6a24ba53039527	1	tests/imported/fail/nll/closure-substs.logos
logos_06_diagnostics_fail_closure-use-spans	1	67c0908bbf3e19ee	1	tests/imported/fail/nll/closure-use-spans.logos
logos_06_diagnostics_fail_closures-in-loops	1	a6e3ed3cd38bb34c	1	tests/imported/fail/nll/closures-in-loops.logos
logos_06_diagnostics_fail_coh-same-trait-target-pkg	1	78ff8fd04bb145fb	1	tests/imported/fail/closures/coh-same-trait-target-pkg.logos
logos_06_diagnostics_fail_coherence-duplicate-default	1	25bd76e9633a05fe	1	tests/imported/fail/closures/coherence-duplicate-default.logos
logos_06_diagnostics_fail_coherence-duplicate-impl	1	935a78a6c7cff157	1	tests/imported/fail/closures/coherence-duplicate-impl.logos
logos_06_diagnostics_fail_coherence-overlap-blanket	1	c2f14baeb462f76b	1	tests/imported/fail/closures/coherence-overlap-blanket.logos
logos_06_diagnostics_fail_coherence-three-same	1	935a78a6c7cff157	1	tests/imported/fail/closures/coherence-three-same.logos
logos_06_diagnostics_fail_constant-in-expr-inherent-1	1	0ae928c8a288b34a	1	tests/imported/fail/nll/constant-in-expr-inherent-1.logos
logos_06_diagnostics_fail_constant-in-expr-inherent-2--static-param	1	d803d0e0b6d73faf	1	tests/imported/fail/nll/constant-in-expr-inherent-2--static-param.logos
logos_06_diagnostics_fail_constant-in-expr-normalize	1	c30909790c79fdc7	1	tests/imported/fail/nll/constant-in-expr-normalize.logos
logos_06_diagnostics_fail_constant-in-expr-trait-item-1	1	a4d1439de90fa9b7	1	tests/imported/fail/nll/constant-in-expr-trait-item-1.logos
logos_06_diagnostics_fail_constant-in-expr-trait-item-2	1	44172f2f5864cb6e	1	tests/imported/fail/nll/constant-in-expr-trait-item-2.logos
logos_06_diagnostics_fail_constrained-by-assoc-type-equality-and-self-ty	1	c2351c73d73a61e3	1	tests/imported/fail/dropck/constrained-by-assoc-type-equality-and-self-ty.logos
logos_06_diagnostics_fail_copy-overflow	1	352eff632f2c2f8f	1	tests/imported/fail/borrowck/copy-overflow.logos
logos_06_diagnostics_fail_copy-suggestion-region-vid	1	68b11f6422f12d99	1	tests/imported/fail/borrowck/copy-suggestion-region-vid.logos
logos_06_diagnostics_fail_dbg-issue-120327	1	39b3d1e8416c3342	1	tests/imported/fail/borrowck/dbg-issue-120327.logos
logos_06_diagnostics_fail_decl-macro-illegal-copy	1	42c62cbe5fd95bc4	1	tests/imported/fail/nll/decl-macro-illegal-copy.logos
logos_06_diagnostics_fail_deref-field-pattern-ref-suggestion-issue-146995	1	676dbb44b6463a26	1	tests/imported/fail/borrowck/deref-field-pattern-ref-suggestion-issue-146995.logos
logos_06_diagnostics_fail_deref-index-pattern-ref-suggestion	1	c29affac7c8ffcdc	1	tests/imported/fail/borrowck/deref-index-pattern-ref-suggestion.logos
logos_06_diagnostics_fail_derive-clone-implicit-bound--b-generic-param-moved-twice-generic	1	101e937406e69553	1	tests/imported/fail/borrowck/derive-clone-implicit-bound--b-generic-param-moved-twice-generic.logos
logos_06_diagnostics_fail_derive-clone-implicit-bound--generic-param-moved-twice	1	99c96d31695a3b7f	1	tests/imported/fail/borrowck/derive-clone-implicit-bound--generic-param-moved-twice.logos
logos_06_diagnostics_fail_df-field-then-whole	1	879387a984841d85	1	tests/imported/fail/nll/df-field-then-whole.logos
logos_06_diagnostics_fail_df-grandchild-prefix	1	0e73a3a169369733	1	tests/imported/fail/nll/df-grandchild-prefix.logos
logos_06_diagnostics_fail_df-method-vs-field-borrow	1	f8f57d653f6dbc57	1	tests/imported/fail/nll/df-method-vs-field-borrow.logos
logos_06_diagnostics_fail_df-overlap-via-prefix	1	74cf4ac152527039	1	tests/imported/fail/nll/df-overlap-via-prefix.logos
logos_06_diagnostics_fail_df-prefix-conflict	1	675b5477568db6c2	1	tests/imported/fail/nll/df-prefix-conflict.logos
logos_06_diagnostics_fail_df-same-deep-path	1	d5b02f48e97df11c	1	tests/imported/fail/nll/df-same-deep-path.logos
logos_06_diagnostics_fail_df-same-field-twice-mut	1	3ba26f24e9d4dd77	1	tests/imported/fail/nll/df-same-field-twice-mut.logos
logos_06_diagnostics_fail_df-shared-mut-same-field	1	a75189dc50a23b89	1	tests/imported/fail/nll/df-shared-mut-same-field.logos
logos_06_diagnostics_fail_df-whole-then-field	1	b4e6ec2c2a89f7c8	1	tests/imported/fail/nll/df-whole-then-field.logos
logos_06_diagnostics_fail_disallow-possibly-uninitialized--b	1	a537e9b013c59236	1	tests/imported/fail/borrowck/disallow-possibly-uninitialized--b.logos
logos_06_diagnostics_fail_disallow-possibly-uninitialized--t22	1	c225f9bb43d2c1b3	1	tests/imported/fail/borrowck/disallow-possibly-uninitialized--t22.logos
logos_06_diagnostics_fail_do-not-ignore-lifetime-bounds-in-copy-proj--b	1	69a21c387a4ecd87	1	tests/imported/fail/nll/do-not-ignore-lifetime-bounds-in-copy-proj--b.logos
logos_06_diagnostics_fail_do-not-ignore-lifetime-bounds-in-copy-proj--ctl	1	1aa05d3b16d071aa	1	tests/imported/fail/nll/do-not-ignore-lifetime-bounds-in-copy-proj--ctl.logos
logos_06_diagnostics_fail_do-not-suggest-adding-bound-to-opaque-type	1	077796fa3ee6217c	1	tests/imported/fail/regions/do-not-suggest-adding-bound-to-opaque-type.logos
logos_06_diagnostics_fail_do-not-suggest-adding-move-move	1	f61215da64badf71	1	tests/imported/fail/borrowck/do-not-suggest-adding-move-move.logos
logos_06_diagnostics_fail_do-not-suggest-removing-wrong-ref-pattern-issue-132806	1	d703419777d3bc93	1	tests/imported/fail/moves/do-not-suggest-removing-wrong-ref-pattern-issue-132806.logos
logos_06_diagnostics_fail_dont-print-desugared	1	38e849ba25f6cc72	1	tests/imported/fail/nll/dont-print-desugared.logos
logos_06_diagnostics_fail_drop-foreign-fundamental	1	db355f3bd346a92a	1	tests/imported/fail/drop/drop-foreign-fundamental.logos
logos_06_diagnostics_fail_drop-impl-for-type-param-with-trait-bound	1	5cfc3dd3507d337a	1	tests/imported/fail/dropck/drop-impl-for-type-param-with-trait-bound.logos
logos_06_diagnostics_fail_drop-impl-sized-bound-mismatch	1	3a28c7fb22fbc82d	1	tests/imported/fail/dropck/drop-impl-sized-bound-mismatch.logos
logos_06_diagnostics_fail_drop-in-loop	1	bc598b6f4c77d545	1	tests/imported/fail/borrowck/drop-in-loop.logos
logos_06_diagnostics_fail_drop-no-may-dangle	1	4e3fcf83250bf335	1	tests/imported/fail/nll/drop-no-may-dangle.logos
logos_06_diagnostics_fail_drop-on-non-struct	1	71d062dbb6c8f64e	1	tests/imported/fail/dropck/drop-on-non-struct.logos
logos_06_diagnostics_fail_drop-with-active-borrows-2	1	54faef85c83401eb	1	tests/imported/fail/dropck/drop-with-active-borrows-2.logos
logos_06_diagnostics_fail_dropck-eyepatch-extern-crate	1	fe8847b2af4ff24f	1	tests/imported/fail/dropck/dropck-eyepatch-extern-crate.logos
logos_06_diagnostics_fail_dropck-eyepatch-reorder	1	2f4123569751202c	1	tests/imported/fail/dropck/dropck-eyepatch-reorder.logos
logos_06_diagnostics_fail_dropck-loop-borrow-of-iter-local	1	a6db8237d616610b	1	tests/imported/fail/regions/dropck-loop-borrow-of-iter-local.logos
logos_06_diagnostics_fail_dropck-multi-source	1	da74de8c35340d7a	1	tests/imported/fail/regions/dropck-multi-source.logos
logos_06_diagnostics_fail_dropck-nested-three-deep	1	af7a3bbcd7a5d39c	1	tests/imported/fail/regions/dropck-nested-three-deep.logos
logos_06_diagnostics_fail_dropck-reassign-from-inner	1	d00c0742c5e428c6	1	tests/imported/fail/regions/dropck-reassign-from-inner.logos
logos_06_diagnostics_fail_dropck-reassign-in-inner	1	d00c0742c5e428c6	1	tests/imported/fail/regions/dropck-reassign-in-inner.logos
logos_06_diagnostics_fail_dropck-scope-outlives	1	af7a3bbcd7a5d39c	1	tests/imported/fail/regions/dropck-scope-outlives.logos
logos_06_diagnostics_fail_dropck-three-scope-levels	1	86053e9c415a7f72	1	tests/imported/fail/regions/dropck-three-scope-levels.logos
logos_06_diagnostics_fail_dropck-trait-cycle-checked	1	428d8670b900567a	1	tests/imported/fail/dropck/dropck-trait-cycle-checked.logos
logos_06_diagnostics_fail_dyn-fn-outlives-fail	1	ba30ab9e59e791de	1	tests/imported/fail/closures/dyn-fn-outlives-fail.logos
logos_06_diagnostics_fail_dyn-fn-with-mut-of-immut	1	4786b5b9fee297ab	1	tests/imported/fail/closures/dyn-fn-with-mut-of-immut.logos
logos_06_diagnostics_fail_e0106-trailing-comma-in-lifetime-suggestion--b-bar-uarg	1	1ee761b0967ce601	1	tests/imported/fail/lifetimes/e0106-trailing-comma-in-lifetime-suggestion--b-bar-uarg.logos
logos_06_diagnostics_fail_e0106-trailing-comma-in-lifetime-suggestion--missing-lifetime-spec	1	9a89d714729a3c6e	1	tests/imported/fail/lifetimes/e0106-trailing-comma-in-lifetime-suggestion--missing-lifetime-spec.logos
logos_06_diagnostics_fail_e0621-mut-ref-aliases-pointee-lifetime-distinct	1	4ca73a5822f6ed42	1	tests/imported/fail/lifetimes/e0621-mut-ref-aliases-pointee-lifetime-distinct.logos
logos_06_diagnostics_fail_eager-by-ref-binding-for-guards	1	de87cb6e3789eaf9	1	tests/imported/fail/dropck/eager-by-ref-binding-for-guards.logos
logos_06_diagnostics_fail_elided-lifetime-mismatch-in-self-type	1	451a7e8c5eccb517	1	tests/imported/fail/lifetimes/elided-lifetime-mismatch-in-self-type.logos
logos_06_diagnostics_fail_elision-error-omits-lifetimeless-params	1	ef6aacecfb8d51db	1	tests/imported/fail/lifetimes/elision-error-omits-lifetimeless-params.logos
logos_06_diagnostics_fail_enum-lt-cant-lengthen	1	0d2e784922e6eef6	1	tests/imported/fail/regions/enum-lt-cant-lengthen.logos
logos_06_diagnostics_fail_enum-lt-mix	1	a58af6683b6c409d	1	tests/imported/fail/regions/enum-lt-mix.logos
logos_06_diagnostics_fail_escape-argument--b	1	2f2e3d34863f4421	1	tests/imported/fail/nll/escape-argument--b.logos
logos_06_diagnostics_fail_escape-argument--t09	1	377c95d097128f43	1	tests/imported/fail/nll/escape-argument--t09.logos
logos_06_diagnostics_fail_escape-upvar-nested	1	2f2e3d34863f4421	1	tests/imported/fail/nll/escape-upvar-nested.logos
logos_06_diagnostics_fail_escape-upvar-ref	1	2f2e3d34863f4421	1	tests/imported/fail/nll/escape-upvar-ref.logos
logos_06_diagnostics_fail_ex1-return-one-existing-name-early-bound-in-struct	1	9097608003aa0f02	1	tests/imported/fail/lifetimes/ex1-return-one-existing-name-early-bound-in-struct.logos
logos_06_diagnostics_fail_ex1-return-one-existing-name-if-else	1	af68bf233de86cf5	1	tests/imported/fail/lifetimes/ex1-return-one-existing-name-if-else.logos
logos_06_diagnostics_fail_ex1-return-one-existing-name-if-else-2	1	648802738211d98b	1	tests/imported/fail/lifetimes/ex1-return-one-existing-name-if-else-2.logos
logos_06_diagnostics_fail_ex1-return-one-existing-name-if-else-3	1	608ba67df42f498c	1	tests/imported/fail/lifetimes/ex1-return-one-existing-name-if-else-3.logos
logos_06_diagnostics_fail_ex1-return-one-existing-name-if-else-using-impl	1	568ae1f0cffc03ee	1	tests/imported/fail/lifetimes/ex1-return-one-existing-name-if-else-using-impl.logos
logos_06_diagnostics_fail_ex1-return-one-existing-name-if-else-using-impl-2	1	87b78c0046fd9f53	1	tests/imported/fail/lifetimes/ex1-return-one-existing-name-if-else-using-impl-2.logos
logos_06_diagnostics_fail_ex1-return-one-existing-name-if-else-using-impl-3	1	9d0241867f5ad683	1	tests/imported/fail/lifetimes/ex1-return-one-existing-name-if-else-using-impl-3.logos
logos_06_diagnostics_fail_ex1-return-one-existing-name-return-type-is-anon	1	e5555a2b9e24fc62	1	tests/imported/fail/lifetimes/ex1-return-one-existing-name-return-type-is-anon.logos
logos_06_diagnostics_fail_ex1-return-one-existing-name-self-is-anon--c14b-elided-plain-param	1	e1696fafd1fc9e67	1	tests/imported/fail/lifetimes/ex1-return-one-existing-name-self-is-anon--c14b-elided-plain-param.logos
logos_06_diagnostics_fail_ex1-return-one-existing-name-self-is-anon--self-is-anon	1	93cab16fc0125941	1	tests/imported/fail/lifetimes/ex1-return-one-existing-name-self-is-anon--self-is-anon.logos
logos_06_diagnostics_fail_ex1b-return-no-names-if-else	1	e1aac4d14f62405d	1	tests/imported/fail/lifetimes/ex1b-return-no-names-if-else.logos
logos_06_diagnostics_fail_ex2a-push-one-existing-name	1	a4ac2e76d6887e27	1	tests/imported/fail/lifetimes/ex2a-push-one-existing-name.logos
logos_06_diagnostics_fail_ex2a-push-one-existing-name-2	1	a8671ba2fd727857	1	tests/imported/fail/lifetimes/ex2a-push-one-existing-name-2.logos
logos_06_diagnostics_fail_ex2a-push-one-existing-name-early-bound	1	90fc31b688a436b5	1	tests/imported/fail/lifetimes/ex2a-push-one-existing-name-early-bound.logos
logos_06_diagnostics_fail_ex2b-push-no-existing-names	1	fdbac877c66a39e0	1	tests/imported/fail/lifetimes/ex2b-push-no-existing-names.logos
logos_06_diagnostics_fail_ex2c-push-inference-variable	1	8555a5c36ce0dc34	1	tests/imported/fail/lifetimes/ex2c-push-inference-variable.logos
logos_06_diagnostics_fail_ex2d-push-inference-variable-2	1	2b89fe6d8d04c038	1	tests/imported/fail/lifetimes/ex2d-push-inference-variable-2.logos
logos_06_diagnostics_fail_ex2e-push-inference-variable-3	1	208a413f0acc2423	1	tests/imported/fail/lifetimes/ex2e-push-inference-variable-3.logos
logos_06_diagnostics_fail_ex3-both-anon-regions	1	616ad9a1573bee61	1	tests/imported/fail/lifetimes/ex3-both-anon-regions.logos
logos_06_diagnostics_fail_ex3-both-anon-regions-2	1	e14201c374c41ed2	1	tests/imported/fail/lifetimes/ex3-both-anon-regions-2.logos
logos_06_diagnostics_fail_ex3-both-anon-regions-3	1	f485bed899a64c3a	1	tests/imported/fail/lifetimes/ex3-both-anon-regions-3.logos
logos_06_diagnostics_fail_ex3-both-anon-regions-both-are-structs	1	d47d7909cce37517	1	tests/imported/fail/lifetimes/ex3-both-anon-regions-both-are-structs.logos
logos_06_diagnostics_fail_ex3-both-anon-regions-both-are-structs-2	1	c37ac9b171b5cb87	1	tests/imported/fail/lifetimes/ex3-both-anon-regions-both-are-structs-2.logos
logos_06_diagnostics_fail_ex3-both-anon-regions-both-are-structs-3	1	71e0695f25dee119	1	tests/imported/fail/lifetimes/ex3-both-anon-regions-both-are-structs-3.logos
logos_06_diagnostics_fail_ex3-both-anon-regions-both-are-structs-earlybound-regions	1	4b1abb8c152be0c3	1	tests/imported/fail/lifetimes/ex3-both-anon-regions-both-are-structs-earlybound-regions.logos
logos_06_diagnostics_fail_ex3-both-anon-regions-both-are-structs-latebound-regions	1	096180c926769349	1	tests/imported/fail/lifetimes/ex3-both-anon-regions-both-are-structs-latebound-regions.logos
logos_06_diagnostics_fail_ex3-both-anon-regions-latebound-regions	1	9f313c5d471ecefa	1	tests/imported/fail/lifetimes/ex3-both-anon-regions-latebound-regions.logos
logos_06_diagnostics_fail_ex3-both-anon-regions-one-is-struct	1	c8b932e31afa6f86	1	tests/imported/fail/lifetimes/ex3-both-anon-regions-one-is-struct.logos
logos_06_diagnostics_fail_ex3-both-anon-regions-one-is-struct-2	1	e9efc8a62f0bfec0	1	tests/imported/fail/lifetimes/ex3-both-anon-regions-one-is-struct-2.logos
logos_06_diagnostics_fail_ex3-both-anon-regions-one-is-struct-3	1	7ed065b121aa0993	1	tests/imported/fail/lifetimes/ex3-both-anon-regions-one-is-struct-3.logos
logos_06_diagnostics_fail_ex3-both-anon-regions-one-is-struct-4	1	e549d65dca573830	1	tests/imported/fail/lifetimes/ex3-both-anon-regions-one-is-struct-4.logos
logos_06_diagnostics_fail_ex3-both-anon-regions-one-is-struct-5	1	f47dcf802ef30429	1	tests/imported/fail/lifetimes/ex3-both-anon-regions-one-is-struct-5.logos
logos_06_diagnostics_fail_ex3-both-anon-regions-return-type-is-anon	1	7019d0b09bca55ce	1	tests/imported/fail/lifetimes/ex3-both-anon-regions-return-type-is-anon.logos
logos_06_diagnostics_fail_ex3-both-anon-regions-self-is-anon	1	a1d66a852ca2c893	1	tests/imported/fail/lifetimes/ex3-both-anon-regions-self-is-anon.logos
logos_06_diagnostics_fail_ex3-both-anon-regions-using-fn-items	1	688fe18c07ca90df	1	tests/imported/fail/lifetimes/ex3-both-anon-regions-using-fn-items.logos
logos_06_diagnostics_fail_ex3-both-anon-regions-using-impl-items	1	b775aed1cc493f00	1	tests/imported/fail/lifetimes/ex3-both-anon-regions-using-impl-items.logos
logos_06_diagnostics_fail_ex3-both-anon-regions-using-trait-objects	1	1f0b1c6c46e35c6d	1	tests/imported/fail/lifetimes/ex3-both-anon-regions-using-trait-objects.logos
logos_06_diagnostics_fail_explicit-call-to-dtor	1	4d84f2a36cdf9dc6	1	tests/imported/fail/drop/explicit-call-to-dtor.logos
logos_06_diagnostics_fail_explicit-drop-call-error	1	985e4a055fdf0c77	1	tests/imported/fail/drop/explicit-drop-call-error.logos
logos_06_diagnostics_fail_explicit-drop-call-named-ref	1	d8bd97b7bfeb0170	1	tests/imported/fail/drop/explicit-drop-call-named-ref.logos
logos_06_diagnostics_fail_explicit-lifetime-required-14285	1	29a8b2f6da548b1b	1	tests/imported/fail/lifetimes/explicit-lifetime-required-14285.logos
logos_06_diagnostics_fail_explicit-self-lifetime-mismatch	1	691576ca80662daf	1	tests/imported/fail/lifetimes/explicit-self-lifetime-mismatch.logos
logos_06_diagnostics_fail_fn-closure-move-capture-no-reborrow-sugg	1	6fcecfa902cfdbb2	1	tests/imported/fail/borrowck/fn-closure-move-capture-no-reborrow-sugg.logos
logos_06_diagnostics_fail_fn-item-check-type-params	1	2bee4b7202f51c76	1	tests/imported/fail/borrowck/fn-item-check-type-params.logos
logos_06_diagnostics_fail_fn-subtype	1	41b4ac1bfd7550c1	1	tests/imported/fail/nll/fn-subtype.logos
logos_06_diagnostics_fail_fnmut-borrow-error-in-closure-match	1	335e39c78c95aad3	1	tests/imported/fail/borrowck/fnmut-borrow-error-in-closure-match.logos
logos_06_diagnostics_fail_fns	1	0729f574db5c2007	1	tests/imported/fail/nll/fns.logos
logos_06_diagnostics_fail_fullwidth-ampersand	4	c59f8b21ee35aca3	1	tests/imported/fail/lifetimes/fullwidth-ampersand.logos
logos_06_diagnostics_fail_gat-lt-arg-mismatch	1	952dad0444145696	1	tests/imported/fail/regions/gat-lt-arg-mismatch.logos
logos_06_diagnostics_fail_gat-lt-divergent	1	9f1b6bc391109fee	1	tests/imported/fail/regions/gat-lt-divergent.logos
logos_06_diagnostics_fail_gat-lt-propagation	1	5f442c2b93b9a784	1	tests/imported/fail/regions/gat-lt-propagation.logos
logos_06_diagnostics_fail_generic-const-early-param	1	2ca063fdbd0e1537	1	tests/imported/fail/borrowck/generic-const-early-param.logos
logos_06_diagnostics_fail_get-default	1	c9a696b3b7a8d751	1	tests/imported/fail/nll/get-default.logos
logos_06_diagnostics_fail_guarantor-issue-46974	1	a098e7f2fecc9497	1	tests/imported/fail/nll/guarantor-issue-46974.logos
logos_06_diagnostics_fail_hr-fn-aaa-as-aba	1	392cf25b48545a1d	1	tests/imported/fail/nll/hr-fn-aaa-as-aba.logos
logos_06_diagnostics_fail_hrtb-bound-not-implemented	1	368f4166f9b31fff	1	tests/imported/fail/closures/hrtb-bound-not-implemented.logos
logos_06_diagnostics_fail_hrtb-impl-fixed-region-tri	1	fb97e849c88d0359	1	tests/imported/fail/closures/hrtb-impl-fixed-region-tri.logos
logos_06_diagnostics_fail_hrtb-impl-tied-region	1	363ad9378a482de2	1	tests/imported/fail/closures/hrtb-impl-tied-region.logos
logos_06_diagnostics_fail_hrtb-impl-where-clause-skolem	1	b51dbb5e1f0ba25e	1	tests/imported/fail/closures/hrtb-impl-where-clause-skolem.logos
logos_06_diagnostics_fail_hrtb-just-for-static-static	1	9b08c297a2343ba0	1	tests/imported/fail/closures/hrtb-just-for-static-static.logos
logos_06_diagnostics_fail_hrtb-method-bound-unsat	1	d5218e84aa553121	1	tests/imported/fail/closures/hrtb-method-bound-unsat.logos
logos_06_diagnostics_fail_hrtb-non-fn-static-impl	1	0fa155da6883898e	1	tests/imported/fail/closures/hrtb-non-fn-static-impl.logos
logos_06_diagnostics_fail_hrtb-not-implemented	1	f8ace80a1ed6e7e3	1	tests/imported/fail/closures/hrtb-not-implemented.logos
logos_06_diagnostics_fail_hrtb-pinned-impl-rejected	1	5127d8fa4d8526c8	1	tests/imported/fail/closures/hrtb-pinned-impl-rejected.logos
logos_06_diagnostics_fail_hrtb-pinned-multi-arg	1	884512f3f7a5b15c	1	tests/imported/fail/closures/hrtb-pinned-multi-arg.logos
logos_06_diagnostics_fail_hrtb-pinned-shared-region	1	14b541d3a604d0c7	1	tests/imported/fail/closures/hrtb-pinned-shared-region.logos
logos_06_diagnostics_fail_hrtb-pinned-shared-region-2	1	2a02f1f47fedbbab	1	tests/imported/fail/closures/hrtb-pinned-shared-region-2.logos
logos_06_diagnostics_fail_hrtb-static-impl-rejected	1	93e1aa5ce7dbb282	1	tests/imported/fail/closures/hrtb-static-impl-rejected.logos
logos_06_diagnostics_fail_hrtb-where-impossible	1	2a511575caf8c15d	1	tests/imported/fail/closures/hrtb-where-impossible.logos
logos_06_diagnostics_fail_if-let-rescope-borrowck-suggestions	1	a17481679b5a69c0	1	tests/imported/fail/drop/if-let-rescope-borrowck-suggestions.logos
logos_06_diagnostics_fail_immutable-arg	1	00cb79c5d4d4e8ef	1	tests/imported/fail/borrowck/immutable-arg.logos
logos_06_diagnostics_fail_immutable-borrow-prevents-mut-method	1	ac13a87c42483633	1	tests/imported/fail/borrowck/immutable-borrow-prevents-mut-method.logos
logos_06_diagnostics_fail_impl-trait-lifetime-conflict-hashmap-keys	1	cc0fb9257e6ce30a	1	tests/imported/fail/regions/impl-trait-lifetime-conflict-hashmap-keys.logos
logos_06_diagnostics_fail_index-mut-help	1	7cb315e016382ab9	1	tests/imported/fail/borrowck/index-mut-help.logos
logos_06_diagnostics_fail_issue-101119	1	2154a7cabfc0fe06	1	tests/imported/fail/borrowck/issue-101119.logos
logos_06_diagnostics_fail_issue-102374	1	5850285f5f6d5035	1	tests/imported/fail/regions/issue-102374.logos
logos_06_diagnostics_fail_issue-102392	1	afce4ca692dba644	1	tests/imported/fail/regions/issue-102392.logos
logos_06_diagnostics_fail_issue-103250	1	03a1018e729b084c	1	tests/imported/fail/borrowck/issue-103250.logos
logos_06_diagnostics_fail_issue-103582-hint-type-alias	1	434d6b3d77b2bc51	1	tests/imported/fail/lifetimes/issue-103582-hint-type-alias.logos
logos_06_diagnostics_fail_issue-107492-default-value-for-lifetime	4	cf75d174e418815a	1	tests/imported/fail/lifetimes/issue-107492-default-value-for-lifetime.logos
logos_06_diagnostics_fail_issue-107988	1	08f965c7d8e7e106	1	tests/imported/fail/lifetimes/issue-107988.logos
logos_06_diagnostics_fail_issue-111554--b	1	c9f428b7ab111435	1	tests/imported/fail/borrowck/issue-111554--b.logos
logos_06_diagnostics_fail_issue-111554--c	1	3eba03e76bf8dc16	1	tests/imported/fail/borrowck/issue-111554--c.logos
logos_06_diagnostics_fail_issue-11493	1	a17481679b5a69c0	1	tests/imported/fail/borrowck/issue-11493.logos
logos_06_diagnostics_fail_issue-119915-bad-clone-suggestion	1	a77f658f08ee06c1	1	tests/imported/fail/borrowck/issue-119915-bad-clone-suggestion.logos
logos_06_diagnostics_fail_issue-12470	1	dad0ff52bbe10262	1	tests/imported/fail/regions/issue-12470.logos
logos_06_diagnostics_fail_issue-17545	1	a17481679b5a69c0	1	tests/imported/fail/borrowck/issue-17545.logos
logos_06_diagnostics_fail_issue-17718-static-move	1	ebf6bc9716c40ee2	1	tests/imported/fail/borrowck/issue-17718-static-move.logos
logos_06_diagnostics_fail_issue-17728	1	8d774fa9af547fbf	1	tests/imported/fail/lifetimes/issue-17728.logos
logos_06_diagnostics_fail_issue-19707--b-bound	1	65fbd5bd64362695	1	tests/imported/fail/lifetimes/issue-19707--b-bound.logos
logos_06_diagnostics_fail_issue-19707--fn-type-elision	1	5f5938de6b34bed4	1	tests/imported/fail/lifetimes/issue-19707--fn-type-elision.logos
logos_06_diagnostics_fail_issue-20801	1	ec0307207d86ce75	1	tests/imported/fail/borrowck/issue-20801.logos
logos_06_diagnostics_fail_issue-21232-partial-init-and-erroneous-use--a	1	c7dc7a90c4ee08b0	1	tests/imported/fail/nll/issue-21232-partial-init-and-erroneous-use--a.logos
logos_06_diagnostics_fail_issue-21232-partial-init-and-erroneous-use--b	1	bccf2e069cfc7dc9	1	tests/imported/fail/nll/issue-21232-partial-init-and-erroneous-use--b.logos
logos_06_diagnostics_fail_issue-21232-partial-init-and-erroneous-use--c	1	72a35a842c9efc2d	1	tests/imported/fail/nll/issue-21232-partial-init-and-erroneous-use--c.logos
logos_06_diagnostics_fail_issue-21232-partial-init-and-erroneous-use--d	1	5b4b5f4f2549f255	1	tests/imported/fail/nll/issue-21232-partial-init-and-erroneous-use--d.logos
logos_06_diagnostics_fail_issue-21232-partial-init-and-use--a-use-uninit-field-assign	1	c1f853159a9aecb1	1	tests/imported/fail/nll/issue-21232-partial-init-and-use--a-use-uninit-field-assign.logos
logos_06_diagnostics_fail_issue-21232-partial-init-and-use--b-assign-to-part-of-moved	1	19ac4f6f497c7f03	1	tests/imported/fail/nll/issue-21232-partial-init-and-use--b-assign-to-part-of-moved.logos
logos_06_diagnostics_fail_issue-24267-flow-exit--a-break-assign-uninit	1	eba14fb23a189250	1	tests/imported/fail/borrowck/issue-24267-flow-exit--a-break-assign-uninit.logos
logos_06_diagnostics_fail_issue-24267-flow-exit--b-continue-assign-uninit	1	a4f1e30010bb8145	1	tests/imported/fail/borrowck/issue-24267-flow-exit--b-continue-assign-uninit.logos
logos_06_diagnostics_fail_issue-25793	1	8004b18085f512d2	1	tests/imported/fail/borrowck/issue-25793.logos
logos_06_diagnostics_fail_issue-26638	1	e2878459169410e0	1	tests/imported/fail/lifetimes/issue-26638.logos
logos_06_diagnostics_fail_issue-27282-move-ref-mut-into-guard	1	c3dbd43f82e6fedd	1	tests/imported/fail/nll/issue-27282-move-ref-mut-into-guard.logos
logos_06_diagnostics_fail_issue-27282-mutate-before-diverging-arm-1	1	67c0908bbf3e19ee	1	tests/imported/fail/nll/issue-27282-mutate-before-diverging-arm-1.logos
logos_06_diagnostics_fail_issue-27282-mutate-before-diverging-arm-2--c-guard-mutate-noclosure	1	67c0908bbf3e19ee	1	tests/imported/fail/nll/issue-27282-mutate-before-diverging-arm-2--c-guard-mutate-noclosure.logos
logos_06_diagnostics_fail_issue-27282-mutate-before-diverging-arm-2--guard-mutate	1	67c0908bbf3e19ee	1	tests/imported/fail/nll/issue-27282-mutate-before-diverging-arm-2--guard-mutate.logos
logos_06_diagnostics_fail_issue-27282-mutate-before-diverging-arm-3	1	67c0908bbf3e19ee	1	tests/imported/fail/nll/issue-27282-mutate-before-diverging-arm-3.logos
logos_06_diagnostics_fail_issue-27282-mutation-in-guard	1	55ca31353593c330	1	tests/imported/fail/nll/issue-27282-mutation-in-guard.logos
logos_06_diagnostics_fail_issue-27282-reborrow-ref-mut-in-guard	1	4cb51cf43a30fb64	1	tests/imported/fail/nll/issue-27282-reborrow-ref-mut-in-guard.logos
logos_06_diagnostics_fail_issue-30438-a	1	59a2c011f5206f6d	1	tests/imported/fail/nll/issue-30438-a.logos
logos_06_diagnostics_fail_issue-30438-b	1	023d9ea8775506ba	1	tests/imported/fail/nll/issue-30438-b.logos
logos_06_diagnostics_fail_issue-30438-c	1	a12c1532ecf0e6d9	1	tests/imported/fail/nll/issue-30438-c.logos
logos_06_diagnostics_fail_issue-31287-drop-in-guard	1	1722733669631394	1	tests/imported/fail/borrowck/issue-31287-drop-in-guard.logos
logos_06_diagnostics_fail_issue-33819	1	dddb2689d8deebf8	1	tests/imported/fail/borrowck/issue-33819.logos
logos_06_diagnostics_fail_issue-34721	1	80920e6f640e090c	1	tests/imported/fail/moves/issue-34721.logos
logos_06_diagnostics_fail_issue-38868	1	7ee253f3300c54ed	1	tests/imported/fail/dropck/issue-38868.logos
logos_06_diagnostics_fail_issue-41962--r25	1	d64188c1d8c29707	1	tests/imported/fail/borrowck/issue-41962--r25.logos
logos_06_diagnostics_fail_issue-41962--t25	1	543fb63fca5dbf18	1	tests/imported/fail/borrowck/issue-41962--t25.logos
logos_06_diagnostics_fail_issue-42344	1	c1c0c0f1a25ea22a	1	tests/imported/fail/borrowck/issue-42344.logos
logos_06_diagnostics_fail_issue-45157	1	0160cc5ac1a01fdc	1	tests/imported/fail/nll/issue-45157.logos
logos_06_diagnostics_fail_issue-45199--assign-imm-arg	1	0fb54be80487a8ee	1	tests/imported/fail/borrowck/issue-45199--assign-imm-arg.logos
logos_06_diagnostics_fail_issue-45199--b-assign-imm-after-init	1	0e908d32aa243f2e	1	tests/imported/fail/borrowck/issue-45199--b-assign-imm-after-init.logos
logos_06_diagnostics_fail_issue-45983	1	f9261c4fe3801262	1	tests/imported/fail/borrowck/issue-45983.logos
logos_06_diagnostics_fail_issue-46036	1	162f14147d1f79db	1	tests/imported/fail/nll/issue-46036.logos
logos_06_diagnostics_fail_issue-46099-move-in-macro	1	cb245be50dd300ad	1	tests/imported/fail/moves/issue-46099-move-in-macro.logos
logos_06_diagnostics_fail_issue-46471	1	9ea985f17f9a4d88	1	tests/imported/fail/borrowck/issue-46471.logos
logos_06_diagnostics_fail_issue-47215-ice-from-drop-elab--b-move-out-of-static-twice	1	aa2c271965996a06	1	tests/imported/fail/borrowck/issue-47215-ice-from-drop-elab--b-move-out-of-static-twice.logos
logos_06_diagnostics_fail_issue-47215-ice-from-drop-elab--move-out-of-static	1	36fe72ebd83ccf7b	1	tests/imported/fail/borrowck/issue-47215-ice-from-drop-elab--move-out-of-static.logos
logos_06_diagnostics_fail_issue-47215-ice-from-drop-elab--r-runtime	1	36fe72ebd83ccf7b	1	tests/imported/fail/borrowck/issue-47215-ice-from-drop-elab--r-runtime.logos
logos_06_diagnostics_fail_issue-47388	1	9398f3b8f5418044	1	tests/imported/fail/nll/issue-47388.logos
logos_06_diagnostics_fail_issue-47470	1	fa4be77b4b5515d4	1	tests/imported/fail/nll/issue-47470.logos
logos_06_diagnostics_fail_issue-47646	1	263b37de1f527d17	1	tests/imported/fail/borrowck/issue-47646.logos
logos_06_diagnostics_fail_issue-48238	1	528a7ad1013a0e35	1	tests/imported/fail/nll/issue-48238.logos
logos_06_diagnostics_fail_issue-48697--b	1	91f5a962887a27ca	1	tests/imported/fail/nll/issue-48697--b.logos
logos_06_diagnostics_fail_issue-48803	1	67c0908bbf3e19ee	1	tests/imported/fail/nll/issue-48803.logos
logos_06_diagnostics_fail_issue-51191	1	19aae2d7ad215c8c	1	tests/imported/fail/nll/issue-51191.logos
logos_06_diagnostics_fail_issue-51244	1	90face5c2363597f	1	tests/imported/fail/nll/issue-51244.logos
logos_06_diagnostics_fail_issue-51415	1	413bea2a7a8cd8c5	1	tests/imported/fail/borrowck/issue-51415.logos
logos_06_diagnostics_fail_issue-51512	1	20a73f69dab1c2f2	1	tests/imported/fail/nll/issue-51512.logos
logos_06_diagnostics_fail_issue-52086	1	0ea6e13bc5b1d339	1	tests/imported/fail/nll/issue-52086.logos
logos_06_diagnostics_fail_issue-52113	1	20d1c8d92cede787	1	tests/imported/fail/nll/issue-52113.logos
logos_06_diagnostics_fail_issue-52534-1	1	06a54eb049288bbc	1	tests/imported/fail/nll/issue-52534-1.logos
logos_06_diagnostics_fail_issue-52534-2	1	ae27183513cb2d4e	1	tests/imported/fail/nll/issue-52534-2.logos
logos_06_diagnostics_fail_issue-52663-trait-object--ctl	1	5d9940ced5f5d8f6	1	tests/imported/fail/nll/issue-52663-trait-object--ctl.logos
logos_06_diagnostics_fail_issue-52663-trait-object--t18	1	5d9940ced5f5d8f6	1	tests/imported/fail/nll/issue-52663-trait-object--t18.logos
logos_06_diagnostics_fail_issue-52669	1	3504dc91b7d77925	1	tests/imported/fail/nll/issue-52669.logos
logos_06_diagnostics_fail_issue-52713-bug	1	08fc40bf5099d79c	1	tests/imported/fail/borrowck/issue-52713-bug.logos
logos_06_diagnostics_fail_issue-52742	1	9794790d4d9c7313	1	tests/imported/fail/nll/issue-52742.logos
logos_06_diagnostics_fail_issue-53040	1	352472136ba7ff06	1	tests/imported/fail/nll/issue-53040.logos
logos_06_diagnostics_fail_issue-53432-nested-closure-outlives-borrowed-value	1	c0eeb619739da8dc	1	tests/imported/fail/borrowck/issue-53432-nested-closure-outlives-borrowed-value.logos
logos_06_diagnostics_fail_issue-53807--c-iflet-noloop	1	a16a97b885ea67f5	1	tests/imported/fail/nll/issue-53807--c-iflet-noloop.logos
logos_06_diagnostics_fail_issue-53807--move-in-loop	1	543fb63fca5dbf18	1	tests/imported/fail/nll/issue-53807--move-in-loop.logos
logos_06_diagnostics_fail_issue-54499-field-mutation-marks-mut-as-used--a-uninit-tuple-field	1	5ee86f11e5618fbc	1	tests/imported/fail/borrowck/issue-54499-field-mutation-marks-mut-as-used--a-uninit-tuple-field.logos
logos_06_diagnostics_fail_issue-54499-field-mutation-marks-mut-as-used--b-uninit-struct-field	1	ab3b6ef3e1169c2a	1	tests/imported/fail/borrowck/issue-54499-field-mutation-marks-mut-as-used--b-uninit-struct-field.logos
logos_06_diagnostics_fail_issue-54499-field-mutation-of-moved-out	1	c47747a82e8340a6	1	tests/imported/fail/borrowck/issue-54499-field-mutation-of-moved-out.logos
logos_06_diagnostics_fail_issue-54499-field-mutation-of-moved-out-with-mut	1	77c85dd44327f0aa	1	tests/imported/fail/borrowck/issue-54499-field-mutation-of-moved-out-with-mut.logos
logos_06_diagnostics_fail_issue-54499-field-mutation-of-never-init--a-field-assign-of-uninit-tuple	1	01f4cdd218bb6a29	1	tests/imported/fail/borrowck/issue-54499-field-mutation-of-never-init--a-field-assign-of-uninit-tuple.logos
logos_06_diagnostics_fail_issue-54499-field-mutation-of-never-init--b-field-assign-of-uninit-struct	1	a250a0ad3fcc3751	1	tests/imported/fail/borrowck/issue-54499-field-mutation-of-never-init--b-field-assign-of-uninit-struct.logos
logos_06_diagnostics_fail_issue-54556-used-vs-unused-tails	1	8ddb7983618959d4	1	tests/imported/fail/nll/issue-54556-used-vs-unused-tails.logos
logos_06_diagnostics_fail_issue-54556-wrap-it-up	1	460571f47628386f	1	tests/imported/fail/nll/issue-54556-wrap-it-up.logos
logos_06_diagnostics_fail_issue-54597-reject-move-out-of-borrow-via-pat	1	0bffefc8501518ea	1	tests/imported/fail/borrowck/issue-54597-reject-move-out-of-borrow-via-pat.logos
logos_06_diagnostics_fail_issue-54943	1	a0a69a1bfa230679	1	tests/imported/fail/nll/issue-54943.logos
logos_06_diagnostics_fail_issue-55394--ctl2	1	6f20a32ca7cd1536	1	tests/imported/fail/nll/issue-55394--ctl2.logos
logos_06_diagnostics_fail_issue-55492-borrowck-migrate-scans-parents	1	c7ce9884680b6eb4	1	tests/imported/fail/borrowck/issue-55492-borrowck-migrate-scans-parents.logos
logos_06_diagnostics_fail_issue-55748-pat-types-constrain-bindings	1	c5f6953f15bf93d0	1	tests/imported/fail/nll/issue-55748-pat-types-constrain-bindings.logos
logos_06_diagnostics_fail_issue-55796--r09b	1	50648218e4102219	1	tests/imported/fail/lifetimes/issue-55796--r09b.logos
logos_06_diagnostics_fail_issue-55796--t09	1	91080a015b1cdecc	1	tests/imported/fail/lifetimes/issue-55796--t09.logos
logos_06_diagnostics_fail_issue-57100	1	e2519cd0994afab0	1	tests/imported/fail/nll/issue-57100.logos
logos_06_diagnostics_fail_issue-57731-ascibed-coupled-types	1	df85099f5da1a3aa	1	tests/imported/fail/nll/issue-57731-ascibed-coupled-types.logos
logos_06_diagnostics_fail_issue-57989	1	c3cdcc2b9f0ade41	1	tests/imported/fail/nll/issue-57989.logos
logos_06_diagnostics_fail_issue-58053	1	314f6331a18eec25	1	tests/imported/fail/nll/issue-58053.logos
logos_06_diagnostics_fail_issue-62007-assign-const-index	1	15a81a9fa4c80dd7	1	tests/imported/fail/nll/issue-62007-assign-const-index.logos
logos_06_diagnostics_fail_issue-62007-assign-differing-fields--t22	1	c1db3746c0da66c3	1	tests/imported/fail/nll/issue-62007-assign-differing-fields--t22.logos
logos_06_diagnostics_fail_issue-62107-match-arm-scopes	1	6288cf428dbf4f23	1	tests/imported/fail/borrowck/issue-62107-match-arm-scopes.logos
logos_06_diagnostics_fail_issue-67007-escaping-data	1	1b8660a02c8085dc	1	tests/imported/fail/nll/issue-67007-escaping-data.logos
logos_06_diagnostics_fail_issue-68550	1	7671e52b417ebb25	1	tests/imported/fail/nll/issue-68550.logos
logos_06_diagnostics_fail_issue-69789-iterator-mut-suggestion	1	fc9f115eff13e457	1	tests/imported/fail/borrowck/issue-69789-iterator-mut-suggestion.logos
logos_06_diagnostics_fail_issue-72649-uninit-in-loop--a-moved-here-1	1	d536bd81a3b9a119	1	tests/imported/fail/moves/issue-72649-uninit-in-loop--a-moved-here-1.logos
logos_06_diagnostics_fail_issue-72649-uninit-in-loop--b-moved-loop-1	1	066bcebd3c09d749	1	tests/imported/fail/moves/issue-72649-uninit-in-loop--b-moved-loop-1.logos
logos_06_diagnostics_fail_issue-72649-uninit-in-loop--c-moved-loop-2	1	7c3d60ce5a4722b7	1	tests/imported/fail/moves/issue-72649-uninit-in-loop--c-moved-loop-2.logos
logos_06_diagnostics_fail_issue-72649-uninit-in-loop--d-uninit-1	1	601ca5240d7b0028	1	tests/imported/fail/moves/issue-72649-uninit-in-loop--d-uninit-1.logos
logos_06_diagnostics_fail_issue-72649-uninit-in-loop--e-uninit-2	1	e0f00bd0aeeecbad	1	tests/imported/fail/moves/issue-72649-uninit-in-loop--e-uninit-2.logos
logos_06_diagnostics_fail_issue-7573	1	93e9a0d14f3b1e83	1	tests/imported/fail/borrowck/issue-7573.logos
logos_06_diagnostics_fail_issue-81365-10	1	a08866cd22d9764e	1	tests/imported/fail/borrowck/issue-81365-10.logos
logos_06_diagnostics_fail_issue-81365-11	1	6c08f3acc90fa150	1	tests/imported/fail/borrowck/issue-81365-11.logos
logos_06_diagnostics_fail_issue-81365-2	1	e4b480517c290b83	1	tests/imported/fail/borrowck/issue-81365-2.logos
logos_06_diagnostics_fail_issue-81365-3	1	e4b480517c290b83	1	tests/imported/fail/borrowck/issue-81365-3.logos
logos_06_diagnostics_fail_issue-81365-4--d2	1	d94377e67e934bd3	1	tests/imported/fail/borrowck/issue-81365-4--d2.logos
logos_06_diagnostics_fail_issue-81365-4--rd2	1	d94377e67e934bd3	1	tests/imported/fail/borrowck/issue-81365-4--rd2.logos
logos_06_diagnostics_fail_issue-81365-5	1	a08866cd22d9764e	1	tests/imported/fail/borrowck/issue-81365-5.logos
logos_06_diagnostics_fail_issue-81365-6	1	ed8130d43eb792de	1	tests/imported/fail/borrowck/issue-81365-6.logos
logos_06_diagnostics_fail_issue-81365-8	1	a08866cd22d9764e	1	tests/imported/fail/borrowck/issue-81365-8.logos
logos_06_diagnostics_fail_issue-81365-9--e-finding-call-returns-borrow-of-self	1	a08866cd22d9764e	1	tests/imported/fail/borrowck/issue-81365-9--e-finding-call-returns-borrow-of-self.logos
logos_06_diagnostics_fail_issue-81365-9--explicit-deref-call-borrow-then-write	1	a08866cd22d9764e	1	tests/imported/fail/borrowck/issue-81365-9--explicit-deref-call-borrow-then-write.logos
logos_06_diagnostics_fail_issue-81365-9--g-method-call-deref	1	a08866cd22d9764e	1	tests/imported/fail/borrowck/issue-81365-9--g-method-call-deref.logos
logos_06_diagnostics_fail_issue-82032	1	b516a902a14ad293	1	tests/imported/fail/borrowck/issue-82032.logos
logos_06_diagnostics_fail_issue-82462	1	42c7c98cdf640c63	1	tests/imported/fail/borrowck/issue-82462.logos
logos_06_diagnostics_fail_issue-83309-ice-immut-in-for-loop	1	27fe15df8e06f3f3	1	tests/imported/fail/borrowck/issue-83309-ice-immut-in-for-loop.logos
logos_06_diagnostics_fail_issue-83760	1	2800e364e90f68e8	1	tests/imported/fail/borrowck/issue-83760.logos
logos_06_diagnostics_fail_issue-83907-invalid-fn-like-path--c-static-badty	1	55a90adde2b623e5	1	tests/imported/fail/lifetimes/issue-83907-invalid-fn-like-path--c-static-badty.logos
logos_06_diagnostics_fail_issue-83907-invalid-fn-like-path--d-static-nobody	4	558d4c5d6c7819c4	1	tests/imported/fail/lifetimes/issue-83907-invalid-fn-like-path--d-static-nobody.logos
logos_06_diagnostics_fail_issue-83924	1	13a4c10a6b81bd81	1	tests/imported/fail/borrowck/issue-83924.logos
logos_06_diagnostics_fail_issue-85581	1	7c0e96dc0275d074	1	tests/imported/fail/borrowck/issue-85581.logos
logos_06_diagnostics_fail_issue-85765	1	1a04f77db0c509d8	1	tests/imported/fail/borrowck/issue-85765.logos
logos_06_diagnostics_fail_issue-85765-closure	1	97222b90e5364cc9	1	tests/imported/fail/borrowck/issue-85765-closure.logos
logos_06_diagnostics_fail_issue-87456-point-to-closure	1	7f51a2059e90e98f	1	tests/imported/fail/borrowck/issue-87456-point-to-closure.logos
logos_06_diagnostics_fail_issue-90170-elision-mismatch	1	93eee6724aed4a96	1	tests/imported/fail/lifetimes/issue-90170-elision-mismatch.logos
logos_06_diagnostics_fail_issue-92015	1	ac2f8abc6548c36e	1	tests/imported/fail/borrowck/issue-92015.logos
logos_06_diagnostics_fail_issue-93093	1	283cfca9f99ae3a9	1	tests/imported/fail/borrowck/issue-93093.logos
logos_06_diagnostics_fail_issue-95272	1	455c2ea04e52db8d	1	tests/imported/fail/nll/issue-95272.logos
logos_06_diagnostics_fail_issue-97193	4	98a8a94405d49078	1	tests/imported/fail/lifetimes/issue-97193.logos
logos_06_diagnostics_fail_issue-97194	4	2b7978aa6770edc6	1	tests/imported/fail/lifetimes/issue-97194.logos
logos_06_diagnostics_fail_issue-99470-move-out-of-some	1	dffd02cf2d0078e7	1	tests/imported/fail/moves/issue-99470-move-out-of-some.logos
logos_06_diagnostics_fail_iterator-trait-lifetime-error-13058	1	d171f73fdf9fdff5	1	tests/imported/fail/lifetimes/iterator-trait-lifetime-error-13058.logos
logos_06_diagnostics_fail_keyword-self-lifetime-error-10412	1	f68ae1b71f80df61	1	tests/imported/fail/lifetimes/keyword-self-lifetime-error-10412.logos
logos_06_diagnostics_fail_lending-iterator-sanity-checks	1	09e9d7ce6964f5fe	1	tests/imported/fail/nll/lending-iterator-sanity-checks.logos
logos_06_diagnostics_fail_let-else-more-permissive	1	de87cb6e3789eaf9	1	tests/imported/fail/dropck/let-else-more-permissive.logos
logos_06_diagnostics_fail_let-underscore-temporary	1	a4d6e6bcc30821c3	1	tests/imported/fail/borrowck/let-underscore-temporary.logos
logos_06_diagnostics_fail_lifetime-doesnt-live-long-enough	1	8be4728c2769c440	1	tests/imported/fail/lifetimes/lifetime-doesnt-live-long-enough.logos
logos_06_diagnostics_fail_lifetime-elision-return-type-requires-explicit-lifetime	1	c1148a72ee5eed7f	1	tests/imported/fail/lifetimes/lifetime-elision-return-type-requires-explicit-lifetime.logos
logos_06_diagnostics_fail_lifetime-no-keyword	1	b503d2dfd708bd5a	1	tests/imported/fail/lifetimes/lifetime-no-keyword.logos
logos_06_diagnostics_fail_liveness-assign-imm-local-notes	1	15b4be431ac383d8	1	tests/imported/fail/lifetimes/liveness-assign-imm-local-notes.logos
logos_06_diagnostics_fail_loan-ends-mid-block-pair	1	1e155d9b8a01e394	1	tests/imported/fail/nll/loan-ends-mid-block-pair.logos
logos_06_diagnostics_fail_loan-ends-mid-block-vec	1	0fff725b1da56989	1	tests/imported/fail/nll/loan-ends-mid-block-vec.logos
logos_06_diagnostics_fail_loop-aliasing-mut-each-iter	1	06035e976cd64c0c	1	tests/imported/fail/nll/loop-aliasing-mut-each-iter.logos
logos_06_diagnostics_fail_loop-borrow-outer-then-mutate	1	67c0908bbf3e19ee	1	tests/imported/fail/nll/loop-borrow-outer-then-mutate.logos
logos_06_diagnostics_fail_loop-mut-then-shared-across	1	9f84d9ae78de7aa9	1	tests/imported/fail/nll/loop-mut-then-shared-across.logos
logos_06_diagnostics_fail_lub-if	1	acb24f354d4547f5	1	tests/imported/fail/nll/lub-if.logos
logos_06_diagnostics_fail_lub-match	1	22df0598f8fd541f	1	tests/imported/fail/nll/lub-match.logos
logos_06_diagnostics_fail_many-mutable-borrows	1	92b6764abd755a0f	1	tests/imported/fail/borrowck/many-mutable-borrows.logos
logos_06_diagnostics_fail_match-borrow-spans-arm-mutate	1	67c0908bbf3e19ee	1	tests/imported/fail/nll/match-borrow-spans-arm-mutate.logos
logos_06_diagnostics_fail_match-cfg-fake-edges--a-move-in-unreachable-arm	1	800b5699123dc643	1	tests/imported/fail/nll/match-cfg-fake-edges--a-move-in-unreachable-arm.logos
logos_06_diagnostics_fail_match-cfg-fake-edges--b-or-pattern-both-halves	1	7e912d817cd96539	1	tests/imported/fail/nll/match-cfg-fake-edges--b-or-pattern-both-halves.logos
logos_06_diagnostics_fail_match-cfg-fake-edges--c-guard-may-be-skipped	1	44aab7461211f9be	1	tests/imported/fail/nll/match-cfg-fake-edges--c-guard-may-be-skipped.logos
logos_06_diagnostics_fail_match-cfg-fake-edges--d-guard-may-be-taken	1	5ea6ad0f7b2e49a2	1	tests/imported/fail/nll/match-cfg-fake-edges--d-guard-may-be-taken.logos
logos_06_diagnostics_fail_match-cfg-fake-edges2	1	129a56c1cd0bf9d8	1	tests/imported/fail/nll/match-cfg-fake-edges2.logos
logos_06_diagnostics_fail_match-guards-partially-borrow--b	1	300ec8ebf2f0ba23	1	tests/imported/fail/nll/match-guards-partially-borrow--b.logos
logos_06_diagnostics_fail_match-guards-partially-borrow--t25	1	c3c06a3e94f3a58d	1	tests/imported/fail/nll/match-guards-partially-borrow--t25.logos
logos_06_diagnostics_fail_match-move-in-arm-then-use	1	cfafe03d866bd95b	1	tests/imported/fail/nll/match-move-in-arm-then-use.logos
logos_06_diagnostics_fail_match-mut-borrow-across	1	d4caa3c0b0c7c45a	1	tests/imported/fail/nll/match-mut-borrow-across.logos
logos_06_diagnostics_fail_match-on-borrowed	1	53dde70726783877	1	tests/imported/fail/nll/match-on-borrowed.logos
logos_06_diagnostics_fail_matching-partially-moved-value-17385	1	c1d2af7ff40e7b32	1	tests/imported/fail/moves/matching-partially-moved-value-17385.logos
logos_06_diagnostics_fail_maybe-initialized-drop	1	460571f47628386f	1	tests/imported/fail/nll/maybe-initialized-drop.logos
logos_06_diagnostics_fail_maybe-initialized-drop-implicit-fragment-drop--drop-holds-borrow	1	460571f47628386f	1	tests/imported/fail/nll/maybe-initialized-drop-implicit-fragment-drop--drop-holds-borrow.logos
logos_06_diagnostics_fail_maybe-initialized-drop-implicit-fragment-drop--f-nested-holder	1	460571f47628386f	1	tests/imported/fail/nll/maybe-initialized-drop-implicit-fragment-drop--f-nested-holder.logos
logos_06_diagnostics_fail_maybe-initialized-drop-with-fragment	1	460571f47628386f	1	tests/imported/fail/nll/maybe-initialized-drop-with-fragment.logos
logos_06_diagnostics_fail_maybe-initialized-drop-with-uninitialized-fragments	1	460571f47628386f	1	tests/imported/fail/nll/maybe-initialized-drop-with-uninitialized-fragments.logos
logos_06_diagnostics_fail_method-chain-dangling	1	d5ec6294ce66725d	1	tests/imported/fail/regions/method-chain-dangling.logos
logos_06_diagnostics_fail_method-ufcs-3	1	d72b10638ea9c822	1	tests/imported/fail/nll/method-ufcs-3.logos
logos_06_diagnostics_fail_mir-check-cast-unsafe-fn	1	2ba0b6d35bfd440f	1	tests/imported/fail/nll/mir-check-cast-unsafe-fn.logos
logos_06_diagnostics_fail_mir-check-cast-unsize	1	7b18a1bf85f63743	1	tests/imported/fail/nll/mir-check-cast-unsize.logos
logos_06_diagnostics_fail_mismatched-pointer-type-in-self-7061	1	d3ee4e9c369b6947	1	tests/imported/fail/borrowck/mismatched-pointer-type-in-self-7061.logos
logos_06_diagnostics_fail_missing-drop-method	1	c50009018a846ff3	1	tests/imported/fail/drop/missing-drop-method.logos
logos_06_diagnostics_fail_missing-lifetime-in-assoc-type-2	1	e88533040fa0043d	1	tests/imported/fail/lifetimes/missing-lifetime-in-assoc-type-2.logos
logos_06_diagnostics_fail_missing-lifetime-in-assoc-type-3	1	f15e522ab25b715a	1	tests/imported/fail/lifetimes/missing-lifetime-in-assoc-type-3.logos
logos_06_diagnostics_fail_missing-lifetime-in-return	1	ffea477c8755b3d2	1	tests/imported/fail/lifetimes/missing-lifetime-in-return.logos
logos_06_diagnostics_fail_missing-lifetime-specifier-13497	1	363803f8e45cb584	1	tests/imported/fail/lifetimes/missing-lifetime-specifier-13497.logos
logos_06_diagnostics_fail_move-deref-coercion	1	7646158082494b04	1	tests/imported/fail/moves/move-deref-coercion.logos
logos_06_diagnostics_fail_move-error-in-promoted	1	8646e437bb7a1eb7	1	tests/imported/fail/borrowck/move-error-in-promoted.logos
logos_06_diagnostics_fail_move-error-in-promoted-2	1	04ca53b5ac8ad8c2	1	tests/imported/fail/borrowck/move-error-in-promoted-2.logos
logos_06_diagnostics_fail_move-error-snippets--r31	1	2a630170dc44c8f2	1	tests/imported/fail/borrowck/move-error-snippets--r31.logos
logos_06_diagnostics_fail_move-error-snippets--t31	1	338b626158f44d63	1	tests/imported/fail/borrowck/move-error-snippets--t31.logos
logos_06_diagnostics_fail_move-error-suggest-clone-panic-issue-127915	1	0e86505ab596cd06	1	tests/imported/fail/borrowck/move-error-suggest-clone-panic-issue-127915.logos
logos_06_diagnostics_fail_move-errors--c	1	ec0307207d86ce75	1	tests/imported/fail/nll/move-errors--c.logos
logos_06_diagnostics_fail_move-field-out-of-shared-self	1	be55d9f01e61c97f	1	tests/imported/fail/moves/move-field-out-of-shared-self.logos
logos_06_diagnostics_fail_move-fn-self-receiver--a	1	43a5265a1e7bd0f6	1	tests/imported/fail/moves/move-fn-self-receiver--a.logos
logos_06_diagnostics_fail_move-fn-self-receiver--b	1	e0ce7443acb26901	1	tests/imported/fail/moves/move-fn-self-receiver--b.logos
logos_06_diagnostics_fail_move-fn-self-receiver--c	1	91d4be54f0a85241	1	tests/imported/fail/moves/move-fn-self-receiver--c.logos
logos_06_diagnostics_fail_move-from-borrowed-local	1	9f3367884e9eab99	1	tests/imported/fail/nll/move-from-borrowed-local.logos
logos_06_diagnostics_fail_move-from-union-field-issue-66500	1	6b2e40edc97ce224	1	tests/imported/fail/borrowck/move-from-union-field-issue-66500.logos
logos_06_diagnostics_fail_move-guard-same-consts	1	d9561124bea6db10	1	tests/imported/fail/moves/move-guard-same-consts.logos
logos_06_diagnostics_fail_move-in-guard-1	1	d9561124bea6db10	1	tests/imported/fail/moves/move-in-guard-1.logos
logos_06_diagnostics_fail_move-in-guard-2	1	c4d93a9e59a539fe	1	tests/imported/fail/moves/move-in-guard-2.logos
logos_06_diagnostics_fail_move-in-pattern--a-partial-move-then-use-whole	1	e6a79fb834ecc7f3	1	tests/imported/fail/borrowck/move-in-pattern--a-partial-move-then-use-whole.logos
logos_06_diagnostics_fail_move-in-pattern--b-partial-move-enum-struct-variant	1	a8d3757e0d5ec8b3	1	tests/imported/fail/borrowck/move-in-pattern--b-partial-move-enum-struct-variant.logos
logos_06_diagnostics_fail_move-in-pattern-mut	1	67b105b67c150171	1	tests/imported/fail/borrowck/move-in-pattern-mut.logos
logos_06_diagnostics_fail_move-in-pattern-mut-in-loop	1	b7be0d5e9fdc8a1d	1	tests/imported/fail/borrowck/move-in-pattern-mut-in-loop.logos
logos_06_diagnostics_fail_move-in-static-initializer-issue-38520	1	9195bc468172e0cc	1	tests/imported/fail/borrowck/move-in-static-initializer-issue-38520.logos
logos_06_diagnostics_fail_move-into-dead-array-1	1	50399df2973082b0	1	tests/imported/fail/moves/move-into-dead-array-1.logos
logos_06_diagnostics_fail_move-into-dead-array-2	1	e35c4a3ee3651f11	1	tests/imported/fail/moves/move-into-dead-array-2.logos
logos_06_diagnostics_fail_move-out-of-array-1	1	65b389a57055990d	1	tests/imported/fail/moves/move-out-of-array-1.logos
logos_06_diagnostics_fail_move-out-of-array-ref	1	17a0558b3b662989	1	tests/imported/fail/moves/move-out-of-array-ref.logos
logos_06_diagnostics_fail_move-out-of-shared-ref-deref	1	156c0e6f83f9229d	1	tests/imported/fail/moves/move-out-of-shared-ref-deref.logos
logos_06_diagnostics_fail_move-out-of-slice-1	1	c6272aec14d8474b	1	tests/imported/fail/moves/move-out-of-slice-1.logos
logos_06_diagnostics_fail_move-out-of-tuple-field	1	52aeab6375b29c8d	1	tests/imported/fail/moves/move-out-of-tuple-field.logos
logos_06_diagnostics_fail_move-subpaths-moves-root	1	0965e9470a84748c	1	tests/imported/fail/nll/move-subpaths-moves-root.logos
logos_06_diagnostics_fail_moved-value-in-closure-suggestion-64559	1	404124a6fb40ddf1	1	tests/imported/fail/borrowck/moved-value-in-closure-suggestion-64559.logos
logos_06_diagnostics_fail_moved-value-in-thread-loop-12041	1	584dd6ff2ad12c5a	1	tests/imported/fail/borrowck/moved-value-in-thread-loop-12041.logos
logos_06_diagnostics_fail_moved-value-on-as-ref-arg	1	3207a76f3d506e81	1	tests/imported/fail/moves/moved-value-on-as-ref-arg.logos
logos_06_diagnostics_fail_moved-value-suggest-reborrow-issue-127285--r32	1	fe582627c3731777	1	tests/imported/fail/borrowck/moved-value-suggest-reborrow-issue-127285--r32.logos
logos_06_diagnostics_fail_moved-value-suggest-reborrow-issue-127285--t32	1	df2b4148f23d4ee0	1	tests/imported/fail/borrowck/moved-value-suggest-reborrow-issue-127285--t32.logos
logos_06_diagnostics_fail_moves-based-on-type-access-to-field	1	e5184ddb7c9e4469	1	tests/imported/fail/moves/moves-based-on-type-access-to-field.logos
logos_06_diagnostics_fail_moves-based-on-type-block-bad	1	c358c5986f650e73	1	tests/imported/fail/moves/moves-based-on-type-block-bad.logos
logos_06_diagnostics_fail_moves-based-on-type-capture-clause-bad	1	56a5977246894339	1	tests/imported/fail/moves/moves-based-on-type-capture-clause-bad.logos
logos_06_diagnostics_fail_moves-based-on-type-cyclic-types-issue-4821	1	c36468fd6a0ca64b	1	tests/imported/fail/moves/moves-based-on-type-cyclic-types-issue-4821.logos
logos_06_diagnostics_fail_moves-based-on-type-distribute-copy-over-paren--move-into-struct-lit-then-borrow	1	d1f84bfc53a776eb	1	tests/imported/fail/moves/moves-based-on-type-distribute-copy-over-paren--move-into-struct-lit-then-borrow.logos
logos_06_diagnostics_fail_moves-based-on-type-distribute-copy-over-paren--p-move-into-struct-lit-paren	1	d1f84bfc53a776eb	1	tests/imported/fail/moves/moves-based-on-type-distribute-copy-over-paren--p-move-into-struct-lit-paren.logos
logos_06_diagnostics_fail_moves-based-on-type-exprs	1	1e59eed0204c7f74	1	tests/imported/fail/moves/moves-based-on-type-exprs.logos
logos_06_diagnostics_fail_moves-based-on-type-match-bindings	1	6bdcfd9c5aaaff28	1	tests/imported/fail/moves/moves-based-on-type-match-bindings.logos
logos_06_diagnostics_fail_moves-based-on-type-move-out-of-closure-env-issue-1965	1	52278d775f3bd54d	1	tests/imported/fail/moves/moves-based-on-type-move-out-of-closure-env-issue-1965.logos
logos_06_diagnostics_fail_moves-based-on-type-no-recursive-stack-closure	1	db04f5f48b344ca4	1	tests/imported/fail/moves/moves-based-on-type-no-recursive-stack-closure.logos
logos_06_diagnostics_fail_moves-based-on-type-tuple	1	9c33da1ad9f57158	1	tests/imported/fail/moves/moves-based-on-type-tuple.logos
logos_06_diagnostics_fail_moves-sru-moved-field	1	75451eb48c96282a	1	tests/imported/fail/moves/moves-sru-moved-field.logos
logos_06_diagnostics_fail_multiple-mutable-borrows-error-65131	1	ba8de7bdb970ebec	1	tests/imported/fail/borrowck/multiple-mutable-borrows-error-65131.logos
logos_06_diagnostics_fail_multiple-prefixes	4	ea7d8c677ba76740	1	tests/imported/fail/lifetimes/multiple-prefixes.logos
logos_06_diagnostics_fail_mut-binding-method-call	1	864ce5f056c6303d	1	tests/imported/fail/nll/mut-binding-method-call.logos
logos_06_diagnostics_fail_mut-binding-missing-in-cond	1	4786b5b9fee297ab	1	tests/imported/fail/nll/mut-binding-missing-in-cond.logos
logos_06_diagnostics_fail_mut-binding-missing-in-loop	1	4786b5b9fee297ab	1	tests/imported/fail/nll/mut-binding-missing-in-loop.logos
logos_06_diagnostics_fail_mut-binding-missing-on-let	1	4786b5b9fee297ab	1	tests/imported/fail/nll/mut-binding-missing-on-let.logos
logos_06_diagnostics_fail_mut-binding-missing-struct	1	4d5feb0ad628e5fb	1	tests/imported/fail/nll/mut-binding-missing-struct.logos
logos_06_diagnostics_fail_mut-borrow-conflict-in-closures-vec	1	ed70b89295980d65	1	tests/imported/fail/borrowck/mut-borrow-conflict-in-closures-vec.logos
logos_06_diagnostics_fail_mut-borrow-during-shared-in-cond	1	2fd1d56390adc2c5	1	tests/imported/fail/nll/mut-borrow-during-shared-in-cond.logos
logos_06_diagnostics_fail_mut-borrow-outside-loop--b	1	20101fc6ba0bf7c1	1	tests/imported/fail/borrowck/mut-borrow-outside-loop--b.logos
logos_06_diagnostics_fail_mut-borrow-outside-loop--t33	1	c9c5d283f6fd3777	1	tests/imported/fail/borrowck/mut-borrow-outside-loop--t33.logos
logos_06_diagnostics_fail_mut-borrow-then-mut-overlapping	1	afa3f4a031549774	1	tests/imported/fail/nll/mut-borrow-then-mut-overlapping.logos
logos_06_diagnostics_fail_mut-borrow-vs-shared-overlap	1	9e448698925037c3	1	tests/imported/fail/nll/mut-borrow-vs-shared-overlap.logos
logos_06_diagnostics_fail_mut-ref-owned-suggestion	1	992e93cc6178f074	1	tests/imported/fail/lifetimes/mut-ref-owned-suggestion.logos
logos_06_diagnostics_fail_mut-then-shared	1	b0c959ffc71b0bfa	1	tests/imported/fail/nll/mut-then-shared.logos
logos_06_diagnostics_fail_mut-while-shared	1	f783300bfcbc78c2	1	tests/imported/fail/nll/mut-while-shared.logos
logos_06_diagnostics_fail_mutability-errors	1	a7d928dfdffdac2c	1	tests/imported/fail/borrowck/mutability-errors.logos
logos_06_diagnostics_fail_mutable-borrow-behind-reference-61623	1	6ac6bba3c9479c60	1	tests/imported/fail/borrowck/mutable-borrow-behind-reference-61623.logos
logos_06_diagnostics_fail_mutate-vec-while-iterating--a-push-while-iterating	1	85f95223e6f32d9e	1	tests/imported/fail/borrowck/mutate-vec-while-iterating--a-push-while-iterating.logos
logos_06_diagnostics_fail_mutate-vec-while-iterating--b-push-while-iterating-mut	1	c6b5b75f1524d24f	1	tests/imported/fail/borrowck/mutate-vec-while-iterating--b-push-while-iterating-mut.logos
logos_06_diagnostics_fail_needs-clone-through-deref	1	14fe8c6b2bd9cfdd	1	tests/imported/fail/moves/needs-clone-through-deref.logos
logos_06_diagnostics_fail_nested-binder-print	1	a318f436f23da1ee	1	tests/imported/fail/lifetimes/nested-binder-print.logos
logos_06_diagnostics_fail_nested-bodies-in-dead-code	1	8e49ff00a76c6ad4	1	tests/imported/fail/nll/nested-bodies-in-dead-code.logos
logos_06_diagnostics_fail_nested-loop-moved-value-wrong-continue	1	9948df3a91ac9baa	1	tests/imported/fail/moves/nested-loop-moved-value-wrong-continue.logos
logos_06_diagnostics_fail_nll-anon-to-static	1	437acd09c07c7657	1	tests/imported/fail/nll/nll-anon-to-static.logos
logos_06_diagnostics_fail_nll-borrow-spans-call	1	14128e76126e6148	1	tests/imported/fail/nll/nll-borrow-spans-call.logos
logos_06_diagnostics_fail_nll-mut-borrow-overlap-in-fn-call	1	481647b971941d4a	1	tests/imported/fail/nll/nll-mut-borrow-overlap-in-fn-call.logos
logos_06_diagnostics_fail_nll-mut-of-mut-rebind	1	8ff7c22d3c2b9e2b	1	tests/imported/fail/nll/nll-mut-of-mut-rebind.logos
logos_06_diagnostics_fail_nll-shared-and-mut-overlap	1	67c0908bbf3e19ee	1	tests/imported/fail/nll/nll-shared-and-mut-overlap.logos
logos_06_diagnostics_fail_nll-three-mut-overlap	1	6f9e3906fb692939	1	tests/imported/fail/nll/nll-three-mut-overlap.logos
logos_06_diagnostics_fail_nll-three-shared-then-mut	1	555cddfd97a12b25	1	tests/imported/fail/nll/nll-three-shared-then-mut.logos
logos_06_diagnostics_fail_nll_call_ref_outlives_scope	1	64b6550072367a48	1	tests/logos/fail/nll_call_ref_outlives_scope.logos
logos_06_diagnostics_fail_nll_field_write_outlives_scope	1	3c88b35f404420da	1	tests/logos/fail/nll_field_write_outlives_scope.logos
logos_06_diagnostics_fail_nll_match_arm_ref_outlives_scope	1	64b6550072367a48	1	tests/logos/fail/nll_match_arm_ref_outlives_scope.logos
logos_06_diagnostics_fail_nll_method_borrow_outlives_scope	1	70a026fd6f660991	1	tests/logos/fail/nll_method_borrow_outlives_scope.logos
logos_06_diagnostics_fail_nll_stored_borrow_outlives_scope	1	3c88b35f404420da	1	tests/logos/fail/nll_stored_borrow_outlives_scope.logos
logos_06_diagnostics_fail_nll_struct_ref_outlives_scope	1	3c88b35f404420da	1	tests/logos/fail/nll_struct_ref_outlives_scope.logos
logos_06_diagnostics_fail_nll_vec_ref_outlives_scope	1	d9aebaaf89b4b7fa	1	tests/logos/fail/nll_vec_ref_outlives_scope.logos
logos_06_diagnostics_fail_no-capture-arc	1	9b87972575e40e0f	1	tests/imported/fail/moves/no-capture-arc.logos
logos_06_diagnostics_fail_no-invalid-mut-suggestion-for-raw-pointer-issue-127562	1	6e520b71cfb4e61f	1	tests/imported/fail/borrowck/no-invalid-mut-suggestion-for-raw-pointer-issue-127562.logos
logos_06_diagnostics_fail_no-lending-iterators	1	6ae2aed1e94be878	1	tests/imported/fail/lifetimes/no-lending-iterators.logos
logos_06_diagnostics_fail_no-mut-via-shared	1	6ff1efd7b629370e	1	tests/imported/fail/nll/no-mut-via-shared.logos
logos_06_diagnostics_fail_no-reuse-move-arc	1	f6a4302c9ad5e4fc	1	tests/imported/fail/moves/no-reuse-move-arc.logos
logos_06_diagnostics_fail_noisy-follow-up-erro	1	fe27766eb47deb94	1	tests/imported/fail/lifetimes/noisy-follow-up-erro.logos
logos_06_diagnostics_fail_non-adt-struct-pattern-box-pattern-ice-121463	1	71ab628187924be8	1	tests/imported/fail/borrowck/non-adt-struct-pattern-box-pattern-ice-121463.logos
logos_06_diagnostics_fail_nondeterministic-lifetime-errors-15034	1	f33850b9a69894a3	1	tests/imported/fail/lifetimes/nondeterministic-lifetime-errors-15034.logos
logos_06_diagnostics_fail_nonsense-drop-impl-issue-139278	1	2bb809675c83789d	1	tests/imported/fail/drop/nonsense-drop-impl-issue-139278.logos
logos_06_diagnostics_fail_normalization	1	db0648f22aa19379	1	tests/imported/fail/nll/normalization.logos
logos_06_diagnostics_fail_normalization-self	1	bccca2595bd22126	1	tests/imported/fail/nll/normalization-self.logos
logos_06_diagnostics_fail_opaque-multiple-defining-uses-160669	1	18b4337747ef3bde	1	tests/imported/fail/nll/opaque-multiple-defining-uses-160669.logos
logos_06_diagnostics_fail_option-inspect-mutation	1	e683715e7ed3686d	1	tests/imported/fail/borrowck/option-inspect-mutation.logos
logos_06_diagnostics_fail_or-patterns--b-or-pattern-borrows-all	1	88cdfbac6fc166a0	1	tests/imported/fail/borrowck/or-patterns--b-or-pattern-borrows-all.logos
logos_06_diagnostics_fail_or-patterns--c-or-pattern-true-orpat	1	88cdfbac6fc166a0	1	tests/imported/fail/borrowck/or-patterns--c-or-pattern-true-orpat.logos
logos_06_diagnostics_fail_outlives-suggestion-more	1	afe396b8844281b8	1	tests/imported/fail/nll/outlives-suggestion-more.logos
logos_06_diagnostics_fail_outlives-suggestion-simple	1	e60784d1f95a0e5e	1	tests/imported/fail/nll/outlives-suggestion-simple.logos
logos_06_diagnostics_fail_partial-move-borrow-after-move	1	e6053dae52f94803	1	tests/imported/fail/nll/partial-move-borrow-after-move.logos
logos_06_diagnostics_fail_partial-move-field-then-whole	1	ffbe745386b90684	1	tests/imported/fail/nll/partial-move-field-then-whole.logos
logos_06_diagnostics_fail_partial-move-return-whole	1	5b67782cb47a873d	1	tests/imported/fail/nll/partial-move-return-whole.logos
logos_06_diagnostics_fail_partial-move-same-field-twice	1	e6053dae52f94803	1	tests/imported/fail/nll/partial-move-same-field-twice.logos
logos_06_diagnostics_fail_partial-move-whole-then-field	1	6c2ea8957ded03b1	1	tests/imported/fail/nll/partial-move-whole-then-field.logos
logos_06_diagnostics_fail_pattern-substs-on-brace-enum-variant	1	79d7cdc7528de0fd	1	tests/imported/fail/nll/pattern-substs-on-brace-enum-variant.logos
logos_06_diagnostics_fail_pattern-substs-on-brace-struct	1	c780a3a0fba8391d	1	tests/imported/fail/nll/pattern-substs-on-brace-struct.logos
logos_06_diagnostics_fail_patterns	1	2cb0e49c429ed351	1	tests/imported/fail/nll/patterns.logos
logos_06_diagnostics_fail_pin-mut-reborrow	1	4ba2026be9808f40	1	tests/imported/fail/moves/pin-mut-reborrow.logos
logos_06_diagnostics_fail_place_write_immutable_deep	1	aa2fa2696fb91d31	1	tests/logos/fail/place_write_immutable_deep.logos
logos_06_diagnostics_fail_placeholder-outlives-existential	1	f59848fd7668adc0	1	tests/imported/fail/nll/placeholder-outlives-existential.logos
logos_06_diagnostics_fail_polonius-smoke-test	1	30205eff30ffe288	1	tests/imported/fail/nll/polonius-smoke-test.logos
logos_06_diagnostics_fail_projection-implied-bounds	1	4486c068d048956c	1	tests/imported/fail/nll/projection-implied-bounds.logos
logos_06_diagnostics_fail_projection-no-regions-closure--c30-direct-call	1	3e6de85a1eb62ec5	1	tests/imported/fail/nll/projection-no-regions-closure--c30-direct-call.logos
logos_06_diagnostics_fail_projection-no-regions-closure--projection-no-regions-closure	1	721743d35de24d7a	1	tests/imported/fail/nll/projection-no-regions-closure--projection-no-regions-closure.logos
logos_06_diagnostics_fail_promote-ref-mut-in-let-issue-46557--b	1	fe5dc07cad53125b	1	tests/imported/fail/borrowck/promote-ref-mut-in-let-issue-46557--b.logos
logos_06_diagnostics_fail_promote-ref-mut-in-let-issue-46557--t34	1	a254dd9ce3d06da4	1	tests/imported/fail/borrowck/promote-ref-mut-in-let-issue-46557--t34.logos
logos_06_diagnostics_fail_promoted-annotation	1	1876d95a7f55ea8a	1	tests/imported/fail/nll/promoted-annotation.logos
logos_06_diagnostics_fail_promoted-bounds	1	fa08265ec6a27ade	1	tests/imported/fail/nll/promoted-bounds.logos
logos_06_diagnostics_fail_promoted-closure-pair	1	91f5a962887a27ca	1	tests/imported/fail/nll/promoted-closure-pair.logos
logos_06_diagnostics_fail_propagate-multiple-requirements	1	ad4f671d82a763e0	1	tests/imported/fail/nll/propagate-multiple-requirements.logos
logos_06_diagnostics_fail_reassignment-immutable-fields	1	7304a9409325c4de	1	tests/imported/fail/borrowck/reassignment-immutable-fields.logos
logos_06_diagnostics_fail_reassignment-immutable-fields-overlapping	1	5915a015cf271f68	1	tests/imported/fail/borrowck/reassignment-immutable-fields-overlapping.logos
logos_06_diagnostics_fail_reassignment-immutable-fields-twice	1	f48ec918e6e4945e	1	tests/imported/fail/borrowck/reassignment-immutable-fields-twice.logos
logos_06_diagnostics_fail_reborrow-in-match-suggest-deref	1	8e244f9de2da0ed0	1	tests/imported/fail/borrowck/reborrow-in-match-suggest-deref.logos
logos_06_diagnostics_fail_reborrow-mut-then-mut-overlapping	1	b105491a7ed2d18e	1	tests/imported/fail/nll/reborrow-mut-then-mut-overlapping.logos
logos_06_diagnostics_fail_reborrow-shared-during-mut	1	c055a500be728458	1	tests/imported/fail/nll/reborrow-shared-during-mut.logos
logos_06_diagnostics_fail_recover-infer-ret-ty-issue-135845	1	697c3e177c88601e	1	tests/imported/fail/lifetimes/recover-infer-ret-ty-issue-135845.logos
logos_06_diagnostics_fail_recreating-value-in-loop-condition	1	be9eeb94bad0d594	1	tests/imported/fail/moves/recreating-value-in-loop-condition.logos
logos_06_diagnostics_fail_recursion-check-on-erroneous-impl	1	c2c73f06ddc9aa49	1	tests/imported/fail/drop/recursion-check-on-erroneous-impl.logos
logos_06_diagnostics_fail_ref-suggestion	1	ca6f65e75abbe363	1	tests/imported/fail/nll/ref-suggestion.logos
logos_06_diagnostics_fail_reference-carried-through-struct-field	1	1fff7bc3db4cc2e8	1	tests/imported/fail/nll/reference-carried-through-struct-field.logos
logos_06_diagnostics_fail_region-borrow-params-issue-29793-big	1	280e29abca37a185	1	tests/imported/fail/regions/region-borrow-params-issue-29793-big.logos
logos_06_diagnostics_fail_region-borrow-params-issue-29793-small	1	8a35e7bcb0019c2b	1	tests/imported/fail/regions/region-borrow-params-issue-29793-small.logos
logos_06_diagnostics_fail_region-bound-on-closure-outlives-call	1	5acda51f1aa567fe	1	tests/imported/fail/regions/region-bound-on-closure-outlives-call.logos
logos_06_diagnostics_fail_region-ends-after-if-condition	1	5a60829897dc06bb	1	tests/imported/fail/nll/region-ends-after-if-condition.logos
logos_06_diagnostics_fail_region-error-ice-109072	1	c62964d319676de0	1	tests/imported/fail/nll/region-error-ice-109072.logos
logos_06_diagnostics_fail_region-incompatible-lt-return	1	bc3c5781500fb74b	1	tests/imported/fail/regions/region-incompatible-lt-return.logos
logos_06_diagnostics_fail_region-invariant-static-error-reporting	1	9b7f5a9f5edb4ca7	1	tests/imported/fail/regions/region-invariant-static-error-reporting.logos
logos_06_diagnostics_fail_region-lbr-anon-does-not-outlive-static	1	97275bf9dab51c7c	1	tests/imported/fail/nll/region-lbr-anon-does-not-outlive-static.logos
logos_06_diagnostics_fail_region-lbr-named-does-not-outlive-static	1	583cc0f840064332	1	tests/imported/fail/nll/region-lbr-named-does-not-outlive-static.logos
logos_06_diagnostics_fail_region-lbr1-does-not-outlive-ebr2	1	5dfb4947992ed1cd	1	tests/imported/fail/nll/region-lbr1-does-not-outlive-ebr2.logos
logos_06_diagnostics_fail_region-lifetime-bounds-on-fns-where-clause	1	d2544bfc74028ae5	1	tests/imported/fail/regions/region-lifetime-bounds-on-fns-where-clause.logos
logos_06_diagnostics_fail_region-multiple-lifetime-bounds-on-fns-where-clause--b	1	412f5d36f7315348	1	tests/imported/fail/regions/region-multiple-lifetime-bounds-on-fns-where-clause--b.logos
logos_06_diagnostics_fail_region-multiple-lifetime-bounds-on-fns-where-clause--t25	1	1f7bb35a26eaa9fe	1	tests/imported/fail/regions/region-multiple-lifetime-bounds-on-fns-where-clause--t25.logos
logos_06_diagnostics_fail_region-mut-ref-inner-inv	1	a409703c31faef55	1	tests/imported/fail/regions/region-mut-ref-inner-inv.logos
logos_06_diagnostics_fail_region-object-lifetime-2	1	5142789e7ba82c8e	1	tests/imported/fail/regions/region-object-lifetime-2.logos
logos_06_diagnostics_fail_region-object-lifetime-4	1	549ac6e6789513a7	1	tests/imported/fail/regions/region-object-lifetime-4.logos
logos_06_diagnostics_fail_region-object-lifetime-in-coercion	1	75c71c3e1f29e3bc	1	tests/imported/fail/regions/region-object-lifetime-in-coercion.logos
logos_06_diagnostics_fail_region-return-static-from-anon	1	7ec262b9aa5eeacb	1	tests/imported/fail/regions/region-return-static-from-anon.logos
logos_06_diagnostics_fail_region-struct-where-violation	1	a5253e355bd622da	1	tests/imported/fail/regions/region-struct-where-violation.logos
logos_06_diagnostics_fail_region-var-in-moved-ty-issue-133118	1	a6cd0f41b0b7ff82	1	tests/imported/fail/moves/region-var-in-moved-ty-issue-133118.logos
logos_06_diagnostics_fail_region-where-bound-wrong-dir	1	882e8686b7632b86	1	tests/imported/fail/regions/region-where-bound-wrong-dir.logos
logos_06_diagnostics_fail_regions-addr-of-arg	1	e3aa94654e52e6a2	1	tests/imported/fail/regions/regions-addr-of-arg.logos
logos_06_diagnostics_fail_regions-addr-of-self	1	87369eb2dd682616	1	tests/imported/fail/regions/regions-addr-of-self.logos
logos_06_diagnostics_fail_regions-addr-of-upvar-self--c-control-noclosure	1	cd1179f22ced1ac5	1	tests/imported/fail/regions/regions-addr-of-upvar-self--c-control-noclosure.logos
logos_06_diagnostics_fail_regions-addr-of-upvar-self--d-static-local	1	a8c95fc154a7a311	1	tests/imported/fail/regions/regions-addr-of-upvar-self--d-static-local.logos
logos_06_diagnostics_fail_regions-addr-of-upvar-self--upvar-self	1	9da80cd96b218339	1	tests/imported/fail/regions/regions-addr-of-upvar-self--upvar-self.logos
logos_06_diagnostics_fail_regions-anon-to-static	1	f7460316f903c611	1	tests/imported/fail/regions/regions-anon-to-static.logos
logos_06_diagnostics_fail_regions-bound-missing-bound-in-impl	1	881c2654ac2a5ffd	1	tests/imported/fail/borrowck/regions-bound-missing-bound-in-impl.logos
logos_06_diagnostics_fail_regions-bounded-by-trait-requiring-static--b-used	1	b386f304e6a4f0a1	1	tests/imported/fail/regions/regions-bounded-by-trait-requiring-static--b-used.logos
logos_06_diagnostics_fail_regions-bounded-by-trait-requiring-static--requiring-static	1	bae175bf1ea58c16	1	tests/imported/fail/regions/regions-bounded-by-trait-requiring-static--requiring-static.logos
logos_06_diagnostics_fail_regions-bounded-method-type-parameters	1	7da6af9467fcaec6	1	tests/imported/fail/regions/regions-bounded-method-type-parameters.logos
logos_06_diagnostics_fail_regions-bounded-method-type-parameters-trait-bound	1	4e9f123e29655048	1	tests/imported/fail/regions/regions-bounded-method-type-parameters-trait-bound.logos
logos_06_diagnostics_fail_regions-bounds	1	cfdae27e96ac9b95	1	tests/imported/fail/regions/regions-bounds.logos
logos_06_diagnostics_fail_regions-close-associated-type-into-object	1	acab3b8f540f2b29	1	tests/imported/fail/regions/regions-close-associated-type-into-object.logos
logos_06_diagnostics_fail_regions-close-object-into-object-1	1	dd480f461b33967a	1	tests/imported/fail/regions/regions-close-object-into-object-1.logos
logos_06_diagnostics_fail_regions-close-object-into-object-3	1	5bb35750d1a00b1d	1	tests/imported/fail/regions/regions-close-object-into-object-3.logos
logos_06_diagnostics_fail_regions-close-object-into-object-4	1	ec7e06947f4632d5	1	tests/imported/fail/regions/regions-close-object-into-object-4.logos
logos_06_diagnostics_fail_regions-close-over-type-parameter-1	1	b8f71cc20ebce110	1	tests/imported/fail/regions/regions-close-over-type-parameter-1.logos
logos_06_diagnostics_fail_regions-close-over-type-parameter-multiple	1	49a683f7af378a2a	1	tests/imported/fail/regions/regions-close-over-type-parameter-multiple.logos
logos_06_diagnostics_fail_regions-close-param-into-object--b-object-dangles	1	3f0b193e3c824faf	1	tests/imported/fail/regions/regions-close-param-into-object--b-object-dangles.logos
logos_06_diagnostics_fail_regions-close-param-into-object--close-param-into-object	1	de10aec2b2d86095	1	tests/imported/fail/regions/regions-close-param-into-object--close-param-into-object.logos
logos_06_diagnostics_fail_regions-creating-enums	1	4080d578d27314ec	1	tests/imported/fail/regions/regions-creating-enums.logos
logos_06_diagnostics_fail_regions-creating-enums4	1	22eae46e45f8f5a3	1	tests/imported/fail/regions/regions-creating-enums4.logos
logos_06_diagnostics_fail_regions-double-where-mismatch	1	59d201b84a0581d9	1	tests/imported/fail/regions/regions-double-where-mismatch.logos
logos_06_diagnostics_fail_regions-early-bound-error	1	0e76cb11b6ccee2b	1	tests/imported/fail/regions/regions-early-bound-error.logos
logos_06_diagnostics_fail_regions-escape-bound-fn	1	a0eac7a19fe86e38	1	tests/imported/fail/borrowck/regions-escape-bound-fn.logos
logos_06_diagnostics_fail_regions-escape-bound-fn-2	1	b3e6ec7c3d535059	1	tests/imported/fail/borrowck/regions-escape-bound-fn-2.logos
logos_06_diagnostics_fail_regions-fn-return-via-let-mismatch	1	4c9df06b675d48ec	1	tests/imported/fail/regions/regions-fn-return-via-let-mismatch.logos
logos_06_diagnostics_fail_regions-free-region-ordering-callee	1	68dd07a23b293c0c	1	tests/imported/fail/regions/regions-free-region-ordering-callee.logos
logos_06_diagnostics_fail_regions-free-region-ordering-callee-4	1	054f4abdfc64449e	1	tests/imported/fail/regions/regions-free-region-ordering-callee-4.logos
logos_06_diagnostics_fail_regions-free-region-ordering-caller	1	91a8f50b43a15fe8	1	tests/imported/fail/regions/regions-free-region-ordering-caller.logos
logos_06_diagnostics_fail_regions-free-region-ordering-incorrect	1	56f73611f219d588	1	tests/imported/fail/regions/regions-free-region-ordering-incorrect.logos
logos_06_diagnostics_fail_regions-glb-free-free--e-field-lifetime	1	0247e6eb81e9e18a	1	tests/imported/fail/regions/regions-glb-free-free--e-field-lifetime.logos
logos_06_diagnostics_fail_regions-glb-free-free--f-control-whole	1	ac4d2e7b09a0a0c1	1	tests/imported/fail/regions/regions-glb-free-free--f-control-whole.logos
logos_06_diagnostics_fail_regions-implied-bounds-projection-gap-1	1	369fe21b59832b41	1	tests/imported/fail/regions/regions-implied-bounds-projection-gap-1.logos
logos_06_diagnostics_fail_regions-in-enums	1	720dfe0768aa1f8f	1	tests/imported/fail/regions/regions-in-enums.logos
logos_06_diagnostics_fail_regions-in-structs	1	894ff60f81d7054e	1	tests/imported/fail/regions/regions-in-structs.logos
logos_06_diagnostics_fail_regions-infer-at-fn-not-param	1	0a26ae2717be0021	1	tests/imported/fail/regions/regions-infer-at-fn-not-param.logos
logos_06_diagnostics_fail_regions-infer-borrow-scope-too-big	1	5f10a2c042ad3959	1	tests/imported/fail/regions/regions-infer-borrow-scope-too-big.logos
logos_06_diagnostics_fail_regions-infer-bound-from-trait	1	023b85c2703d97d9	1	tests/imported/fail/regions/regions-infer-bound-from-trait.logos
logos_06_diagnostics_fail_regions-infer-call-3	1	398453ec0665460f	1	tests/imported/fail/regions/regions-infer-call-3.logos
logos_06_diagnostics_fail_regions-infer-contravariance-due-to-decl	1	6e4a95a9b4e2fd39	1	tests/imported/fail/regions/regions-infer-contravariance-due-to-decl.logos
logos_06_diagnostics_fail_regions-infer-covariance-due-to-decl	1	92d04ce6cde26fc8	1	tests/imported/fail/regions/regions-infer-covariance-due-to-decl.logos
logos_06_diagnostics_fail_regions-infer-invariance-due-to-decl	1	761f08e8f190b61c	1	tests/imported/fail/regions/regions-infer-invariance-due-to-decl.logos
logos_06_diagnostics_fail_regions-infer-invariance-due-to-mutability-3	1	5894ba30d9bf2389	1	tests/imported/fail/regions/regions-infer-invariance-due-to-mutability-3.logos
logos_06_diagnostics_fail_regions-infer-invariance-due-to-mutability-4	1	65c495773c5a1858	1	tests/imported/fail/regions/regions-infer-invariance-due-to-mutability-4.logos
logos_06_diagnostics_fail_regions-infer-not-param	1	c73384719fc3e9d1	1	tests/imported/fail/regions/regions-infer-not-param.logos
logos_06_diagnostics_fail_regions-infer-paramd-indirect	1	bf7dcf4eade6efaa	1	tests/imported/fail/regions/regions-infer-paramd-indirect.logos
logos_06_diagnostics_fail_regions-let-mismatch	1	3e61562022e2ca26	1	tests/imported/fail/regions/regions-let-mismatch.logos
logos_06_diagnostics_fail_regions-lifetime-bounds-fn-b	1	9d3dcf59bf58f8c3	1	tests/imported/fail/regions/regions-lifetime-bounds-fn-b.logos
logos_06_diagnostics_fail_regions-lifetime-bounds-fn-c	1	3e8a4c1e95d18c61	1	tests/imported/fail/regions/regions-lifetime-bounds-fn-c.logos
logos_06_diagnostics_fail_regions-lifetime-bounds-on-fns	1	4c6523733c90b9e4	1	tests/imported/fail/regions/regions-lifetime-bounds-on-fns.logos
logos_06_diagnostics_fail_regions-lifetime-of-struct-or-enum-variant	1	dc32a846f0269b34	1	tests/imported/fail/regions/regions-lifetime-of-struct-or-enum-variant.logos
logos_06_diagnostics_fail_regions-mut-borrow-then-use	1	73aecb0b6feb2731	1	tests/imported/fail/regions/regions-mut-borrow-then-use.logos
logos_06_diagnostics_fail_regions-name-static	1	c60535f70139a33f	1	tests/imported/fail/regions/regions-name-static.logos
logos_06_diagnostics_fail_regions-name-undeclared	1	dfd12587f451de7b	1	tests/imported/fail/regions/regions-name-undeclared.logos
logos_06_diagnostics_fail_regions-nested-fns	1	b21a79d0bb0b49a0	1	tests/imported/fail/regions/regions-nested-fns.logos
logos_06_diagnostics_fail_regions-pattern-typing-issue-19997	1	f3f3a211c125a416	1	tests/imported/fail/regions/regions-pattern-typing-issue-19997.logos
logos_06_diagnostics_fail_regions-proc-bound-capture	1	01e598415c531d27	1	tests/imported/fail/regions/regions-proc-bound-capture.logos
logos_06_diagnostics_fail_regions-reborrow-from-shorter-mut-ref	1	58027dbfecee16ca	1	tests/imported/fail/regions/regions-reborrow-from-shorter-mut-ref.logos
logos_06_diagnostics_fail_regions-reborrow-from-shorter-mut-ref-mut-ref	1	930caf05b2a4f19b	1	tests/imported/fail/regions/regions-reborrow-from-shorter-mut-ref-mut-ref.logos
logos_06_diagnostics_fail_regions-ret	1	4080d578d27314ec	1	tests/imported/fail/regions/regions-ret.logos
logos_06_diagnostics_fail_regions-ret-borrowed	1	5621c0ea1194902f	1	tests/imported/fail/regions/regions-ret-borrowed.logos
logos_06_diagnostics_fail_regions-ret-borrowed-1	1	5c614bffaee3a449	1	tests/imported/fail/regions/regions-ret-borrowed-1.logos
logos_06_diagnostics_fail_regions-return-ref-to-upvar-issue-17403	1	bc390f882dbd7006	1	tests/imported/fail/regions/regions-return-ref-to-upvar-issue-17403.logos
logos_06_diagnostics_fail_regions-return-stack-allocated-vec--r35	1	30eefa4ab35bba6f	1	tests/imported/fail/regions/regions-return-stack-allocated-vec--r35.logos
logos_06_diagnostics_fail_regions-return-stack-allocated-vec--t35	1	30eefa4ab35bba6f	1	tests/imported/fail/regions/regions-return-stack-allocated-vec--t35.logos
logos_06_diagnostics_fail_regions-return-unrelated-lt	1	81c2aaee4736e469	1	tests/imported/fail/regions/regions-return-unrelated-lt.logos
logos_06_diagnostics_fail_regions-shorten-mut-ref-of-static	1	7bdb4b0a69dbc14f	1	tests/imported/fail/regions/regions-shorten-mut-ref-of-static.logos
logos_06_diagnostics_fail_regions-shorter-cant-extend	1	fba69d745acdfd33	1	tests/imported/fail/regions/regions-shorter-cant-extend.logos
logos_06_diagnostics_fail_regions-static-into-borrowed	1	4812763dc6174f7c	1	tests/imported/fail/regions/regions-static-into-borrowed.logos
logos_06_diagnostics_fail_regions-steal-closure	1	d09027b515db7180	1	tests/imported/fail/regions/regions-steal-closure.logos
logos_06_diagnostics_fail_regions-struct-where-bound	1	a7fd0b4221a18c11	1	tests/imported/fail/regions/regions-struct-where-bound.logos
logos_06_diagnostics_fail_regions-three-lt-mix	1	2314fdc0ef8d0b94	1	tests/imported/fail/regions/regions-three-lt-mix.logos
logos_06_diagnostics_fail_regions-trait-object-subtyping	1	dd01eaa1a412bf7e	1	tests/imported/fail/regions/regions-trait-object-subtyping.logos
logos_06_diagnostics_fail_regions-trait-variance	1	dad0ff52bbe10262	1	tests/imported/fail/regions/regions-trait-variance.logos
logos_06_diagnostics_fail_regions-undeclared	1	6ab255d6fb46ca06	1	tests/imported/fail/regions/regions-undeclared.logos
logos_06_diagnostics_fail_regions-var-type-out-of-scope	1	5e880bf8a335c032	1	tests/imported/fail/regions/regions-var-type-out-of-scope.logos
logos_06_diagnostics_fail_regions-variance-contravariant-use-covariant	1	718183500dde92c7	1	tests/imported/fail/regions/regions-variance-contravariant-use-covariant.logos
logos_06_diagnostics_fail_regions-variance-contravariant-use-covariant-in-second-position	1	f5466c7e72bfb326	1	tests/imported/fail/regions/regions-variance-contravariant-use-covariant-in-second-position.logos
logos_06_diagnostics_fail_regions-variance-covariant-use-contravariant	1	3afe4ef185a50a5a	1	tests/imported/fail/regions/regions-variance-covariant-use-contravariant.logos
logos_06_diagnostics_fail_regions-variance-invariant-use-contravariant	1	1a406d15dbbadabc	1	tests/imported/fail/regions/regions-variance-invariant-use-contravariant.logos
logos_06_diagnostics_fail_regions-variance-invariant-use-covariant	1	bb55d2bf945f3896	1	tests/imported/fail/regions/regions-variance-invariant-use-covariant.logos
logos_06_diagnostics_fail_reject-specialized-drops-8142	1	cc3ffabd6743b4da	1	tests/imported/fail/dropck/reject-specialized-drops-8142.logos
logos_06_diagnostics_fail_repeat-drop-2--a-repeatdrop-move	1	bd7a5314945ada40	1	tests/imported/fail/drop/repeat-drop-2--a-repeatdrop-move.logos
logos_06_diagnostics_fail_repeat-drop-2--b-repeatdrop-uninit	1	18f59c18b73b88ca	1	tests/imported/fail/drop/repeat-drop-2--b-repeatdrop-uninit.logos
logos_06_diagnostics_fail_return-from-loop	1	ea8c08800e92bc63	1	tests/imported/fail/nll/return-from-loop.logos
logos_06_diagnostics_fail_return-local-binding-from-desugaring	1	0aac540e8ad3759c	1	tests/imported/fail/borrowck/return-local-binding-from-desugaring.logos
logos_06_diagnostics_fail_return-ref-borrow-in-inner-block	1	1d2667f3a9cd0af4	1	tests/imported/fail/nll/return-ref-borrow-in-inner-block.logos
logos_06_diagnostics_fail_return-ref-mut-issue-46557	1	53c199cf680c28dd	1	tests/imported/fail/nll/return-ref-mut-issue-46557.logos
logos_06_diagnostics_fail_return-ref-to-local	1	1d2667f3a9cd0af4	1	tests/imported/fail/nll/return-ref-to-local.logos
logos_06_diagnostics_fail_return-ref-to-temporary	1	f6466af814574bae	1	tests/imported/fail/borrowck/return-ref-to-temporary.logos
logos_06_diagnostics_fail_return-reference-local-variable-13497	1	440be74943462d45	1	tests/imported/fail/lifetimes/return-reference-local-variable-13497.logos
logos_06_diagnostics_fail_return-wrong-bound-region	1	7e2278bd7b5cc56b	1	tests/imported/fail/nll/return-wrong-bound-region.logos
logos_06_diagnostics_fail_rvalue-borrow-scope-error	1	a17481679b5a69c0	1	tests/imported/fail/borrowck/rvalue-borrow-scope-error.logos
logos_06_diagnostics_fail_shadow	1	4cc22845b451951f	1	tests/imported/fail/lifetimes/shadow.logos
logos_06_diagnostics_fail_shared-then-mut	1	f783300bfcbc78c2	1	tests/imported/fail/nll/shared-then-mut.logos
logos_06_diagnostics_fail_slice-index-bounds-check-invalidation--min	1	4dcd4e43f803ffa3	1	tests/imported/fail/borrowck/slice-index-bounds-check-invalidation--min.logos
logos_06_diagnostics_fail_static-typos	1	75767d48b9a28274	1	tests/imported/fail/lifetimes/static-typos.logos
logos_06_diagnostics_fail_sugg-mut-for-binding-issue-137486	1	a73a4bbeb5ee5516	1	tests/imported/fail/nll/sugg-mut-for-binding-issue-137486.logos
logos_06_diagnostics_fail_suggest-as-ref-on-mut-closure	1	c180e8d8daed4dd4	1	tests/imported/fail/borrowck/suggest-as-ref-on-mut-closure.logos
logos_06_diagnostics_fail_suggest-assign-rvalue	1	fa5faf158c6d4a0e	1	tests/imported/fail/borrowck/suggest-assign-rvalue.logos
logos_06_diagnostics_fail_suggest-borrow-for-generic-arg	1	cadf94f4e3ecd444	1	tests/imported/fail/moves/suggest-borrow-for-generic-arg.logos
logos_06_diagnostics_fail_suggest-clone	1	9680323bdcd19275	1	tests/imported/fail/moves/suggest-clone.logos
logos_06_diagnostics_fail_suggest-introducing-and-adding-missing-lifetime--param-may-not-live	1	bb13cc3cac9897b6	1	tests/imported/fail/lifetimes/suggest-introducing-and-adding-missing-lifetime--param-may-not-live.logos
logos_06_diagnostics_fail_suggest-local-var-double-mut--d-double-mut-on-local-receiver	1	90e84f698a4bd0d3	1	tests/imported/fail/borrowck/suggest-local-var-double-mut--d-double-mut-on-local-receiver.logos
logos_06_diagnostics_fail_suggest-local-var-double-mut--two-mut-borrows-in-call-args	1	464b29dd3df9122a	1	tests/imported/fail/borrowck/suggest-local-var-double-mut--two-mut-borrows-in-call-args.logos
logos_06_diagnostics_fail_suggest-local-var-for-vector	1	4e01a1eaffc8f38f	1	tests/imported/fail/borrowck/suggest-local-var-for-vector.logos
logos_06_diagnostics_fail_suggest-local-var-imm-and-mut	1	595a8dc5a1d823ab	1	tests/imported/fail/borrowck/suggest-local-var-imm-and-mut.logos
logos_06_diagnostics_fail_suggest-lt-on-ty-alias-w-generics	1	2bb289a4bc3edcb6	1	tests/imported/fail/borrowck/suggest-lt-on-ty-alias-w-generics.logos
logos_06_diagnostics_fail_suggest-ref-mut-issue-118596	1	9584fda3efd43c4e	1	tests/imported/fail/borrowck/suggest-ref-mut-issue-118596.logos
logos_06_diagnostics_fail_suggest-storing-local-var-for-vector	1	a87991da279f2009	1	tests/imported/fail/borrowck/suggest-storing-local-var-for-vector.logos
logos_06_diagnostics_fail_tail-expr-in-nested-expr	1	2c610dab98a76639	1	tests/imported/fail/lifetimes/tail-expr-in-nested-expr.logos
logos_06_diagnostics_fail_tainted-promoteds	1	059d99814ccc2b80	1	tests/imported/fail/borrowck/tainted-promoteds.logos
logos_06_diagnostics_fail_three-mut-borrows	1	83533de0d570614f	1	tests/imported/fail/nll/three-mut-borrows.logos
logos_06_diagnostics_fail_tpb-move-during-reservation	1	9f3367884e9eab99	1	tests/imported/fail/nll/tpb-move-during-reservation.logos
logos_06_diagnostics_fail_tpb-outer-shared-deref-with-mut	1	14128e76126e6148	1	tests/imported/fail/nll/tpb-outer-shared-deref-with-mut.logos
logos_06_diagnostics_fail_tpb-three-mut-args	1	66fb7428b24383a1	1	tests/imported/fail/nll/tpb-three-mut-args.logos
logos_06_diagnostics_fail_tpb-two-mut-borrows-rejected	1	66fb7428b24383a1	1	tests/imported/fail/nll/tpb-two-mut-borrows-rejected.logos
logos_06_diagnostics_fail_tuple-of-refs-cant-lengthen	1	9b27865143078d0b	1	tests/imported/fail/regions/tuple-of-refs-cant-lengthen.logos
logos_06_diagnostics_fail_two-mut-borrows	1	44c759fd91e810ca	1	tests/imported/fail/nll/two-mut-borrows.logos
logos_06_diagnostics_fail_two-mut-borrows-outside-loop	1	8ff7c22d3c2b9e2b	1	tests/imported/fail/nll/two-mut-borrows-outside-loop.logos
logos_06_diagnostics_fail_two-mut-borrows-sequential-use	1	8ff7c22d3c2b9e2b	1	tests/imported/fail/nll/two-mut-borrows-sequential-use.logos
logos_06_diagnostics_fail_two-phase-cannot-nest-mut-self-calls	1	f5c855f902d6feda	1	tests/imported/fail/borrowck/two-phase-cannot-nest-mut-self-calls.logos
logos_06_diagnostics_fail_two-phase-multi-mut	1	55ca31353593c330	1	tests/imported/fail/borrowck/two-phase-multi-mut.logos
logos_06_diagnostics_fail_two-phase-reservation-sharing-interference-2	1	ae9e8532512de28a	1	tests/imported/fail/borrowck/two-phase-reservation-sharing-interference-2.logos
logos_06_diagnostics_fail_two-phase-sneaky	1	93955d435cec11ae	1	tests/imported/fail/borrowck/two-phase-sneaky.logos
logos_06_diagnostics_fail_two-phase-surprise-no-conflict	1	11c35994e5bc40de	1	tests/imported/fail/borrowck/two-phase-surprise-no-conflict.logos
logos_06_diagnostics_fail_two-shared-and-mut	1	518c50538f67598a	1	tests/imported/fail/nll/two-shared-and-mut.logos
logos_06_diagnostics_fail_ty-param-closure-approximate-lower-bound	1	409de2ea21d8f539	1	tests/imported/fail/nll/ty-param-closure-approximate-lower-bound.logos
logos_06_diagnostics_fail_ty-param-fn	1	b304ca872ee0108b	1	tests/imported/fail/nll/ty-param-fn.logos
logos_06_diagnostics_fail_ty-param-fn-body	1	c8bd8b6397f0e6b4	1	tests/imported/fail/nll/ty-param-fn-body.logos
logos_06_diagnostics_fail_type-ascription-static-lifetime	1	86a7e05d450cf65b	1	tests/imported/fail/nll/type-ascription-static-lifetime.logos
logos_06_diagnostics_fail_unboxed-closures-move-upvar-from-non-once-ref-closure	1	2312ff3dcd205745	1	tests/imported/fail/borrowck/unboxed-closures-move-upvar-from-non-once-ref-closure.logos
logos_06_diagnostics_fail_unconstrained-closure-lifetime-generic--control-escape-to-outer-local	1	7e0ea5e37ff2dba4	1	tests/imported/fail/borrowck/unconstrained-closure-lifetime-generic--control-escape-to-outer-local.logos
logos_06_diagnostics_fail_unconstrained-closure-lifetime-generic--min-capture-escapes-to-field	1	09ed464e62d294d1	1	tests/imported/fail/borrowck/unconstrained-closure-lifetime-generic--min-capture-escapes-to-field.logos
logos_06_diagnostics_fail_unconstrained-const-param-on-drop	1	2bb809675c83789d	1	tests/imported/fail/dropck/unconstrained-const-param-on-drop.logos
logos_06_diagnostics_fail_unconstrained-impl-param-clone-suggestion	1	0550d3cdbd862f4d	1	tests/imported/fail/moves/unconstrained-impl-param-clone-suggestion.logos
logos_06_diagnostics_fail_undeclared-lifetime-used-in-debug-macro-issue-70152	1	f981a7787fdc380c	1	tests/imported/fail/lifetimes/undeclared-lifetime-used-in-debug-macro-issue-70152.logos
logos_06_diagnostics_fail_uninitalized-in-match-arm-issue-126133	1	da94283e6c9e5d06	1	tests/imported/fail/borrowck/uninitalized-in-match-arm-issue-126133.logos
logos_06_diagnostics_fail_unit-struct-as-rvalue	1	a4a91633fa4262d0	1	tests/imported/fail/lifetimes/unit-struct-as-rvalue.logos
logos_06_diagnostics_fail_universe-violation	1	32e00fef42e43148	1	tests/imported/fail/nll/universe-violation.logos
logos_06_diagnostics_fail_unmatched-arg-and-hir-arg-issue-126385	1	77fe2828950c3bf5	1	tests/imported/fail/borrowck/unmatched-arg-and-hir-arg-issue-126385.logos
logos_06_diagnostics_fail_unnamed-closure-doesnt-life-long-enough-issue-67634	1	b4af0310e3de9804	1	tests/imported/fail/lifetimes/unnamed-closure-doesnt-life-long-enough-issue-67634.logos
logos_06_diagnostics_fail_unusual-rib-combinations	4	c173aa79d23133ad	1	tests/imported/fail/lifetimes/unusual-rib-combinations.logos
logos_06_diagnostics_fail_use-correct-generic-args-in-borrow-suggest	1	9b5f1f5f92ccc2ff	1	tests/imported/fail/moves/use-correct-generic-args-in-borrow-suggest.logos
logos_06_diagnostics_fail_use-moved-value-in-match-guard-drop	1	43280be9eeb03f9e	1	tests/imported/fail/borrowck/use-moved-value-in-match-guard-drop.logos
logos_06_diagnostics_fail_use-of-moved-then-borrow	1	01d51e545fb93b08	1	tests/imported/fail/nll/use-of-moved-then-borrow.logos
logos_06_diagnostics_fail_use-of-moved-value-clone-suggestions	1	446fc517fcd997e9	1	tests/imported/fail/moves/use-of-moved-value-clone-suggestions.logos
logos_06_diagnostics_fail_variance-anon-into-static-wrapper	1	d8cec647a9c25831	1	tests/imported/fail/variance/variance-anon-into-static-wrapper.logos
logos_06_diagnostics_fail_variance-anon-to-static	1	cf866389e062e6d6	1	tests/imported/fail/variance/variance-anon-to-static.logos
logos_06_diagnostics_fail_variance-cell-is-invariant	1	b3e6e91e3419b730	1	tests/imported/fail/variance/variance-cell-is-invariant.logos
logos_06_diagnostics_fail_variance-cell-of-cell	1	8563d6ed2d666883	1	tests/imported/fail/variance/variance-cell-of-cell.logos
logos_06_diagnostics_fail_variance-co-enum-cant-lengthen	1	77b6980f010c1365	1	tests/imported/fail/variance/variance-co-enum-cant-lengthen.logos
logos_06_diagnostics_fail_variance-co-fnptr-return	1	b84e4d1881e3d00b	1	tests/imported/fail/variance/variance-co-fnptr-return.logos
logos_06_diagnostics_fail_variance-co-multi-args-lengthen	1	c7dab602ad7d1b2e	1	tests/imported/fail/variance/variance-co-multi-args-lengthen.logos
logos_06_diagnostics_fail_variance-co-plus-contra-is-inv	1	28347f673958e989	1	tests/imported/fail/variance/variance-co-plus-contra-is-inv.logos
logos_06_diagnostics_fail_variance-co-plus-inv-is-inv	1	ed729aa0ad06bb0c	1	tests/imported/fail/variance/variance-co-plus-inv-is-inv.logos
logos_06_diagnostics_fail_variance-co-ref-direct-lengthen	1	4c5184c2adb83a7b	1	tests/imported/fail/variance/variance-co-ref-direct-lengthen.logos
logos_06_diagnostics_fail_variance-co-ref-lengthen	1	25fe8c5620d0ec47	1	tests/imported/fail/variance/variance-co-ref-lengthen.logos
logos_06_diagnostics_fail_variance-co-result-cant-lengthen	1	cb8dec7dfc71e4bb	1	tests/imported/fail/variance/variance-co-result-cant-lengthen.logos
logos_06_diagnostics_fail_variance-co-tuple-cant-lengthen	1	abdff0c7dfaf1bc4	1	tests/imported/fail/variance/variance-co-tuple-cant-lengthen.logos
logos_06_diagnostics_fail_variance-const-ptr-cant-lengthen	1	92135fbb6994b1a2	1	tests/imported/fail/variance/variance-const-ptr-cant-lengthen.logos
logos_06_diagnostics_fail_variance-contra-fnptr-arg	1	b01ddd9e0c02d0f1	1	tests/imported/fail/variance/variance-contra-fnptr-arg.logos
logos_06_diagnostics_fail_variance-contra-struct-cant-shorten	1	29ee829a0b883dc4	1	tests/imported/fail/variance/variance-contra-struct-cant-shorten.logos
logos_06_diagnostics_fail_variance-deep-co-cant-lengthen	1	bb218ee68ff8d82e	1	tests/imported/fail/variance/variance-deep-co-cant-lengthen.logos
logos_06_diagnostics_fail_variance-deep-inv	1	126d53053e651321	1	tests/imported/fail/variance/variance-deep-inv.logos
logos_06_diagnostics_fail_variance-fn-ptr-contra-cant-shorten	1	8e06623f93b23382	1	tests/imported/fail/variance/variance-fn-ptr-contra-cant-shorten.logos
logos_06_diagnostics_fail_variance-multi-generic-cant-lengthen	1	792c4810d6b047df	1	tests/imported/fail/variance/variance-multi-generic-cant-lengthen.logos
logos_06_diagnostics_fail_variance-mut-mixed-cant-shorten	1	7df173c527a23658	1	tests/imported/fail/variance/variance-mut-mixed-cant-shorten.logos
logos_06_diagnostics_fail_variance-mut-pointer-inv	1	9c0cb9dc08fdce06	1	tests/imported/fail/variance/variance-mut-pointer-inv.logos
logos_06_diagnostics_fail_variance-mut-ptr-still-inv	1	fcb643ce1b3acce6	1	tests/imported/fail/variance/variance-mut-ptr-still-inv.logos
logos_06_diagnostics_fail_variance-mut-ref-inner-inv	1	fc7e792aa7bfcd79	1	tests/imported/fail/variance/variance-mut-ref-inner-inv.logos
logos_06_diagnostics_fail_variance-mut-ref-outer-cant-lengthen	1	d40f3b8cdbd03ac2	1	tests/imported/fail/variance/variance-mut-ref-outer-cant-lengthen.logos
logos_06_diagnostics_fail_variance-pair-cant-lengthen	1	a931ed1ad306b129	1	tests/imported/fail/variance/variance-pair-cant-lengthen.logos
logos_06_diagnostics_fail_variance-raw-mut-ptr-inv	1	4efdfbf5c3a7e85f	1	tests/imported/fail/variance/variance-raw-mut-ptr-inv.logos
logos_06_diagnostics_fail_variance-three-field-inv	1	bc402b33620710a5	1	tests/imported/fail/variance/variance-three-field-inv.logos
logos_06_diagnostics_fail_variance-use-contravariant-struct-1	1	6818ad79e86738b2	1	tests/imported/fail/variance/variance-use-contravariant-struct-1.logos
logos_06_diagnostics_fail_variance-use-covariant-struct-1	1	009e79a5db2b0b85	1	tests/imported/fail/variance/variance-use-covariant-struct-1.logos
logos_06_diagnostics_fail_variance-use-invariant-struct-1	1	4eee726e92c11397	1	tests/imported/fail/variance/variance-use-invariant-struct-1.logos
logos_06_diagnostics_fail_wf-bound-region-in-local-issue-115175--b-static-bound-call	1	1db2ce0b40cab745	1	tests/imported/fail/regions/wf-bound-region-in-local-issue-115175--b-static-bound-call.logos
logos_06_diagnostics_fail_wf-bound-region-in-local-issue-115175--wf-bound-local	1	f978e61dd8d3df9d	1	tests/imported/fail/regions/wf-bound-region-in-local-issue-115175--wf-bound-local.logos
logos_06_diagnostics_fail_wf-self-type	1	d58278d1f2a32006	1	tests/imported/fail/nll/wf-self-type.logos
logos_06_diagnostics_fail_wf-unreachable	1	8ea70e0e613258e4	1	tests/imported/fail/nll/wf-unreachable.logos
logos_06_diagnostics_fail_where-bound-inverted-pair	1	df5996d90c1cd803	1	tests/imported/fail/regions/where-bound-inverted-pair.logos
logos_06_diagnostics_fail_where-bound-missing-where	1	2e5a1313fd641923	1	tests/imported/fail/regions/where-bound-missing-where.logos
logos_06_diagnostics_fail_where-bound-reverse-direction	1	f52de0757e751f72	1	tests/imported/fail/regions/where-bound-reverse-direction.logos
logos_06_diagnostics_fail_where-bound-static-fail	1	debdef738b3079ad	1	tests/imported/fail/regions/where-bound-static-fail.logos
logos_06_diagnostics_fail_where-bound-three-params	1	88a17deb5856ba61	1	tests/imported/fail/regions/where-bound-three-params.logos
logos_06_diagnostics_fail_where-clauses-in-functions	1	2e28956b00ea8d39	1	tests/imported/fail/nll/where-clauses-in-functions.logos
logos_06_diagnostics_fail_where-clauses-in-structs	1	2bd571e4048ee7c9	1	tests/imported/fail/nll/where-clauses-in-structs.logos
logos_06_diagnostics_fail_zone_mut_thin_source_array	1	75093aeff543c859	1	tests/logos/fail/zone_mut_thin_source_array.logos
logos_06_diagnostics_fail_zone_mut_thin_source_box_safe	1	465f457a56a023e5	1	tests/logos/fail/zone_mut_thin_source_box_safe.logos
logos_06_diagnostics_fail_zone_mut_thin_source_generic	1	a2fa6b1078985c33	1	tests/logos/fail/zone_mut_thin_source_generic.logos
logos_06_diagnostics_fail_zone_mut_thin_source_generic_place	1	2fec5d0ab67313c9	1	tests/logos/fail/zone_mut_thin_source_generic_place.logos
logos_06_diagnostics_fail_zone_mut_thin_source_place	1	3dc5e62428a13282	1	tests/logos/fail/zone_mut_thin_source_place.logos
logos_06_diagnostics_fail_zone_mut_thin_source_ref	1	3874bdd60a29253b	1	tests/logos/fail/zone_mut_thin_source_ref.logos
logos_06_diagnostics_fail_zone_mut_thin_source_tuple	1	858b795cbba1f7a4	1	tests/logos/fail/zone_mut_thin_source_tuple.logos
logos_06_diagnostics_fail_zone_mut_thin_source_tuple_ret	1	7fe256d812089c9b	1	tests/logos/fail/zone_mut_thin_source_tuple_ret.logos
logos_06_diagnostics_fail_zone_mut_thin_source_wmap	1	96093f463ea2b485	1	tests/logos/fail/zone_mut_thin_source_wmap.logos
