logos_01_smoke_pass_arith_precedence	0	42	e3b0c44298fc1c14
logos_01_smoke_pass_closure_with_capture	0	42	e3b0c44298fc1c14
logos_01_smoke_pass_enum_match	0	3	e3b0c44298fc1c14
logos_01_smoke_pass_fn_default_ret	0	42	e3b0c44298fc1c14
logos_01_smoke_pass_for_sum	0	30	e3b0c44298fc1c14
logos_01_smoke_pass_g1_trait_impl	0	42	e3b0c44298fc1c14
logos_01_smoke_pass_g6_struct_impl	0	42	e3b0c44298fc1c14
logos_01_smoke_pass_generic_identity	0	43	e3b0c44298fc1c14
logos_01_smoke_pass_if_expr	0	8	e3b0c44298fc1c14
logos_01_smoke_pass_loop_continue	0	25	e3b0c44298fc1c14
logos_01_smoke_pass_while_test	0	10	e3b0c44298fc1c14
logos_02_semantic_core_pass_abs-signum-pow-na	0	0	e3b0c44298fc1c14
logos_02_semantic_core_pass_add-assoc-output-diff-b167	0	0	e3b0c44298fc1c14
logos_02_semantic_core_pass_addr_of_int_literal_widen	0	0	e3b0c44298fc1c14
logos_02_semantic_core_pass_addr_of_ptr_param	0	0	e3b0c44298fc1c14
logos_02_semantic_core_pass_adv1_capture_drop_order	0	0	17f89ff7eeab8108
logos_02_semantic_core_pass_adv1_deref_bound_autoderef	0	0	e3b0c44298fc1c14
logos_02_semantic_core_pass_adv1_enum_ref_payload_field	0	0	e3b0c44298fc1c14
logos_02_semantic_core_pass_adv1_int_cast_edges	0	0	e3b0c44298fc1c14
logos_02_semantic_core_pass_adv1_iter_copied_bound_infer	0	0	e3b0c44298fc1c14
logos_02_semantic_core_pass_adv1_label_break_value	0	0	e3b0c44298fc1c14
logos_02_semantic_core_pass_adv1_multi_impl_shape	0	0	e3b0c44298fc1c14
logos_02_semantic_core_pass_adv1_pin_conditional_copy	0	0	e3b0c44298fc1c14
logos_02_semantic_core_pass_adv1_slice_reborrow_pattern	0	0	e3b0c44298fc1c14
logos_02_semantic_core_pass_adv2_borrowck_green_matrix	0	0	e3b0c44298fc1c14
logos_02_semantic_core_pass_adv2_derefmut_compound_write	0	0	40a32f5d4fedcddc
logos_02_semantic_core_pass_adv2_index_autoderef_wrapper	0	0	e3b0c44298fc1c14
logos_02_semantic_core_pass_adv2_reborrow_through_mutref_binding	0	0	e3b0c44298fc1c14
logos_02_semantic_core_pass_adv3_field_borrow_nll_release	0	0	e3b0c44298fc1c14
logos_02_semantic_core_pass_adv3_generic_field_method_call	0	0	e3b0c44298fc1c14
logos_02_semantic_core_pass_adv_edge_trav_fuzz_vs	0	0	e3b0c44298fc1c14
logos_02_semantic_core_pass_adv_rec_tc	0	0	e3b0c44298fc1c14
logos_02_semantic_core_pass_aggregate_unsize_boxdyn_literal_admit	0	42	e3b0c44298fc1c14
logos_02_semantic_core_pass_aggregate_unsize_deep_nesting_admit	0	42	e3b0c44298fc1c14
logos_02_semantic_core_pass_aggregate_unsize_enum_literal_admit	0	42	e3b0c44298fc1c14
logos_02_semantic_core_pass_aggregate_unsize_literal_and_cast_admit	0	42	e3b0c44298fc1c14
logos_02_semantic_core_pass_alias-fnptr-and-tuple-b163	0	0	e3b0c44298fc1c14
logos_02_semantic_core_pass_alignment-gep-tup-like-1-b151	0	0	e3b0c44298fc1c14
logos_02_semantic_core_pass_annotation_declare_and_apply	0	42	e3b0c44298fc1c14
logos_02_semantic_core_pass_annotation_has_get	0	42	e3b0c44298fc1c14
logos_02_semantic_core_pass_anon-lt-return-type	0	0	e3b0c44298fc1c14
logos_02_semantic_core_pass_anon-static-method	0	0	e3b0c44298fc1c14
logos_02_semantic_core_pass_anon-static-method-b136	0	0	e3b0c44298fc1c14
logos_02_semantic_core_pass_anon-static-method-b151	0	0	e3b0c44298fc1c14
logos_02_semantic_core_pass_any_owning_writ	0	0	e3b0c44298fc1c14
logos_02_semantic_core_pass_anyval_basic	0	42	e3b0c44298fc1c14
logos_02_semantic_core_pass_anyval_homonym_repr	0	20	71b1d920a3ec52e8
logos_02_semantic_core_pass_anyval_homonym_repr_ctl	0	20	71b1d920a3ec52e8
logos_02_semantic_core_pass_arc_deref_unified	0	18	e3b0c44298fc1c14
logos_02_semantic_core_pass_arc_dyn_param_trait	0	0	e3b0c44298fc1c14
logos_02_semantic_core_pass_arc_weak_upgrade	0	20	e3b0c44298fc1c14
logos_02_semantic_core_pass_arith-unsigned	0	0	e3b0c44298fc1c14
logos_02_semantic_core_pass_arith-unsigned-b136	0	0	e3b0c44298fc1c14
logos_02_semantic_core_pass_arith-unsigned-b152	0	0	e3b0c44298fc1c14
logos_02_semantic_core_pass_arith-unsigned-b160	0	0	e3b0c44298fc1c14
logos_02_semantic_core_pass_arith_div_mod	0	42	e3b0c44298fc1c14
logos_02_semantic_core_pass_arith_i64	0	42	e3b0c44298fc1c14
logos_02_semantic_core_pass_arith_mixed	0	42	e3b0c44298fc1c14
logos_02_semantic_core_pass_arith_mixed_edge	0	42	e3b0c44298fc1c14
logos_02_semantic_core_pass_arith_unary	0	42	e3b0c44298fc1c14
logos_02_semantic_core_pass_arithmetic-expr-in-array-len	0	0	e3b0c44298fc1c14
logos_02_semantic_core_pass_arr-decl-1	0	0	e3b0c44298fc1c14
logos_02_semantic_core_pass_arr-decl-2	0	0	e3b0c44298fc1c14
logos_02_semantic_core_pass_arr-decl-3	0	0	e3b0c44298fc1c14
logos_02_semantic_core_pass_arr-decl-4	0	0	e3b0c44298fc1c14
logos_02_semantic_core_pass_arr-decl-5	0	0	e3b0c44298fc1c14
logos_02_semantic_core_pass_arr-elem-borrow	0	0	e3b0c44298fc1c14
logos_02_semantic_core_pass_arr-elem-mut-borrow	0	0	e3b0c44298fc1c14
logos_02_semantic_core_pass_arr-index-1	0	0	e3b0c44298fc1c14
logos_02_semantic_core_pass_arr-index-10	0	0	e3b0c44298fc1c14
logos_02_semantic_core_pass_arr-index-2	0	0	e3b0c44298fc1c14
logos_02_semantic_core_pass_arr-index-3	0	0	e3b0c44298fc1c14
logos_02_semantic_core_pass_arr-index-4	0	0	e3b0c44298fc1c14
logos_02_semantic_core_pass_arr-index-5	0	0	e3b0c44298fc1c14
logos_02_semantic_core_pass_arr-index-6	0	0	e3b0c44298fc1c14
logos_02_semantic_core_pass_arr-index-7	0	0	e3b0c44298fc1c14
logos_02_semantic_core_pass_arr-index-8	0	0	e3b0c44298fc1c14
logos_02_semantic_core_pass_arr-index-9	0	0	e3b0c44298fc1c14
logos_02_semantic_core_pass_arr-sum-1	0	0	e3b0c44298fc1c14
logos_02_semantic_core_pass_arr-sum-2	0	0	e3b0c44298fc1c14
logos_02_semantic_core_pass_arr-sum-3	0	0	e3b0c44298fc1c14
logos_02_semantic_core_pass_arr-sum-4	0	0	e3b0c44298fc1c14
logos_02_semantic_core_pass_arr-sum-5	0	0	e3b0c44298fc1c14
logos_02_semantic_core_pass_arr_i64_annotation	0	0	e3b0c44298fc1c14
logos_02_semantic_core_pass_arr_if_branch_value	0	42	e3b0c44298fc1c14
logos_02_semantic_core_pass_arr_intlit_i64	0	0	e3b0c44298fc1c14
logos_02_semantic_core_pass_arr_match_arm_value	0	42	e3b0c44298fc1c14
logos_02_semantic_core_pass_arr_match_arm_value_tuple_ctl	0	42	e3b0c44298fc1c14
logos_02_semantic_core_pass_arr_trailing_comma	0	42	e3b0c44298fc1c14
logos_02_semantic_core_pass_arr_u8_index	0	0	e3b0c44298fc1c14
logos_02_semantic_core_pass_array-2d-place-write-b165	0	0	e3b0c44298fc1c14
logos_02_semantic_core_pass_array-alias-default-return-b172	0	0	e3b0c44298fc1c14
logos_02_semantic_core_pass_array-as-arg	0	0	e3b0c44298fc1c14
logos_02_semantic_core_pass_array-fixed-pattern-pat	0	0	e3b0c44298fc1c14
logos_02_semantic_core_pass_array-index-swap-b166	0	0	e3b0c44298fc1c14
logos_02_semantic_core_pass_array-mut-inherit-b139	0	0	e3b0c44298fc1c14
logos_02_semantic_core_pass_array-mut-ref-write-b165	0	0	e3b0c44298fc1c14
logos_02_semantic_core_pass_array-mut-write	0	0	e3b0c44298fc1c14
logos_02_semantic_core_pass_array-of-arrays-b163	0	0	e3b0c44298fc1c14
logos_02_semantic_core_pass_array-of-dyn-dispatch	0	0	e3b0c44298fc1c14
logos_02_semantic_core_pass_array-of-refs-read-lt	0	0	e3b0c44298fc1c14
logos_02_semantic_core_pass_array-of-refs-shorten	0	0	e3b0c44298fc1c14
logos_02_semantic_core_pass_array-of-structs-av	0	0	e3b0c44298fc1c14
logos_02_semantic_core_pass_array-range-sum-helper-av	0	0	e3b0c44298fc1c14
logos_02_semantic_core_pass_array-reassign-from-elements-b172	0	0	e3b0c44298fc1c14
logos_02_semantic_core_pass_array-repeat-sum-av	0	0	e3b0c44298fc1c14
logos_02_semantic_core_pass_array-struct-field-av	0	0	e3b0c44298fc1c14
logos_02_semantic_core_pass_array-to-slice-arg-b162	0	0	e3b0c44298fc1c14
logos_02_semantic_core_pass_array-to-slice-coerce-b164	0	0	e3b0c44298fc1c14
logos_02_semantic_core_pass_array-wrapper-struct-ctor-b140	0	0	e3b0c44298fc1c14
logos_02_semantic_core_pass_array_and_nested_drop	0	0	e3b0c44298fc1c14
logos_02_semantic_core_pass_array_borrow_is_array_ref	0	0	e3b0c44298fc1c14
logos_02_semantic_core_pass_array_const_index-2	0	0	e3b0c44298fc1c14
logos_02_semantic_core_pass_array_dyn_element_implicit	0	42	e3b0c44298fc1c14
logos_02_semantic_core_pass_array_from_index_subscript	0	42	e3b0c44298fc1c14
logos_02_semantic_core_pass_array_i32_polymorphic	0	0	e3b0c44298fc1c14
logos_02_semantic_core_pass_array_into_iter	0	0	e3b0c44298fc1c14
logos_02_semantic_core_pass_array_len_assoc_const	0	0	e3b0c44298fc1c14
logos_02_semantic_core_pass_array_len_const_expr	0	0	e3b0c44298fc1c14
logos_02_semantic_core_pass_array_len_module_const	0	0	e3b0c44298fc1c14
logos_02_semantic_core_pass_array_loop_sum	0	42	e3b0c44298fc1c14
logos_02_semantic_core_pass_array_pattern_match_expr	0	0	e3b0c44298fc1c14
logos_02_semantic_core_pass_array_prefix_pattern	0	0	e3b0c44298fc1c14
logos_02_semantic_core_pass_array_ref	0	42	e3b0c44298fc1c14
logos_02_semantic_core_pass_array_relptr_strings	0	0	e3b0c44298fc1c14
logos_02_semantic_core_pass_array_slice_element_inline	0	42	e3b0c44298fc1c14
logos_02_semantic_core_pass_array_write	0	42	e3b0c44298fc1c14
logos_02_semantic_core_pass_artificial-block-b154	0	0	e3b0c44298fc1c14
logos_02_semantic_core_pass_artificial-block-return-bnever	0	0	e3b0c44298fc1c14
logos_02_semantic_core_pass_as-precedence	0	0	e3b0c44298fc1c14
logos_02_semantic_core_pass_ascii_char_basic	0	0	e3b0c44298fc1c14
logos_02_semantic_core_pass_assembler_last_wins	0	0	e3b0c44298fc1c14
logos_02_semantic_core_pass_assembler_method_set	0	0	e3b0c44298fc1c14
logos_02_semantic_core_pass_assert_eq_tuple	0	0	e3b0c44298fc1c14
logos_02_semantic_core_pass_assign_drop_before_replace	0	42	e3b0c44298fc1c14
logos_02_semantic_core_pass_assign_uninit_reassign_drop	0	42	e3b0c44298fc1c14
logos_02_semantic_core_pass_assignability-trait-b156	0	0	e3b0c44298fc1c14
logos_02_semantic_core_pass_assoc-const-impl-b165	0	0	e3b0c44298fc1c14
logos_02_semantic_core_pass_assoc-const-in-trait-b162	0	0	e3b0c44298fc1c14
logos_02_semantic_core_pass_assoc-const-in-trait-tr2	0	0	e3b0c44298fc1c14
logos_02_semantic_core_pass_assoc-const-per-impl-b163	0	0	e3b0c44298fc1c14
logos_02_semantic_core_pass_assoc-const-read-in-method-body-tr3	0	0	e3b0c44298fc1c14
logos_02_semantic_core_pass_assoc-type-in-signature-b149	0	0	e3b0c44298fc1c14
logos_02_semantic_core_pass_assoc-type-in-struct-constructor-at	0	0	e3b0c44298fc1c14
logos_02_semantic_core_pass_assoc-type-iterator-pair-b162	0	0	e3b0c44298fc1c14
logos_02_semantic_core_pass_assoc-type-method-call-via-blanket-impl-at	0	0	e3b0c44298fc1c14
logos_02_semantic_core_pass_assoc-type-method-tr2	0	0	e3b0c44298fc1c14
logos_02_semantic_core_pass_assoc-type-projection-b138	0	0	e3b0c44298fc1c14
logos_02_semantic_core_pass_assoc-type-return-b166	0	0	e3b0c44298fc1c14
logos_02_semantic_core_pass_associated-const-access-31267-b146	0	0	e3b0c44298fc1c14
logos_02_semantic_core_pass_associated-const-trait-b146	0	0	e3b0c44298fc1c14
logos_02_semantic_core_pass_associated-types-basic-b139	0	0	e3b0c44298fc1c14
logos_02_semantic_core_pass_associated-types-binding-in-where-clause-at	0	0	e3b0c44298fc1c14
logos_02_semantic_core_pass_associated-types-bound-b149	0	0	e3b0c44298fc1c14
logos_02_semantic_core_pass_associated-types-constant-type-at	0	0	e3b0c44298fc1c14
logos_02_semantic_core_pass_associated-types-enum-field-named-at	0	0	e3b0c44298fc1c14
logos_02_semantic_core_pass_associated-types-in-default-method-at	0	0	e3b0c44298fc1c14
logos_02_semantic_core_pass_associated-types-in-fn-at	0	0	e3b0c44298fc1c14
logos_02_semantic_core_pass_associated-types-in-impl-generics-at	0	0	e3b0c44298fc1c14
logos_02_semantic_core_pass_associated-types-in-inherent-method-at	0	0	e3b0c44298fc1c14
logos_02_semantic_core_pass_associated-types-issue-21212-b156	0	0	e3b0c44298fc1c14
logos_02_semantic_core_pass_associated-types-method-at	0	0	e3b0c44298fc1c14
logos_02_semantic_core_pass_associated-types-normalize-unifield-struct-at	0	0	e3b0c44298fc1c14
logos_02_semantic_core_pass_associated-types-project-from-type-param-via-bound-in-where-at	0	0	e3b0c44298fc1c14
logos_02_semantic_core_pass_associated-types-projection-in-supertrait-at	0	0	e3b0c44298fc1c14
logos_02_semantic_core_pass_associated-types-ref-from-struct-b144	0	0	e3b0c44298fc1c14
logos_02_semantic_core_pass_associated-types-return-at	0	0	e3b0c44298fc1c14
logos_02_semantic_core_pass_associated-types-simple-at	0	0	e3b0c44298fc1c14
logos_02_semantic_core_pass_associated-types-simple-ref-at	0	0	e3b0c44298fc1c14
logos_02_semantic_core_pass_associated-types-stream-at	0	0	e3b0c44298fc1c14
logos_02_semantic_core_pass_associated-types-struct-field-named-at	0	0	e3b0c44298fc1c14
logos_02_semantic_core_pass_associated-types-struct-field-numbered-at	0	0	e3b0c44298fc1c14
logos_02_semantic_core_pass_associated-types-sugar-path-at	0	0	e3b0c44298fc1c14
logos_02_semantic_core_pass_at-binding-paren-or	0	0	e3b0c44298fc1c14
logos_02_semantic_core_pass_at-binding-range-pat	0	0	e3b0c44298fc1c14
logos_02_semantic_core_pass_at-range-pattern-b166	0	0	e3b0c44298fc1c14
logos_02_semantic_core_pass_atomic_narrow	0	0	e3b0c44298fc1c14
logos_02_semantic_core_pass_atomic_ordering	0	42	e3b0c44298fc1c14
logos_02_semantic_core_pass_atomic_usize_isize	0	0	e3b0c44298fc1c14
logos_02_semantic_core_pass_augmented-assign-struct-b133	0	0	e3b0c44298fc1c14
logos_02_semantic_core_pass_augmented-assignment-b148	0	0	e3b0c44298fc1c14
logos_02_semantic_core_pass_auto-deref-method	0	0	e3b0c44298fc1c14
logos_02_semantic_core_pass_auto-instantiate	0	0	e3b0c44298fc1c14
logos_02_semantic_core_pass_auto-instantiate-45-b146	0	0	e3b0c44298fc1c14
logos_02_semantic_core_pass_auto-loop	0	0	e3b0c44298fc1c14
logos_02_semantic_core_pass_auto-ref	0	0	e3b0c44298fc1c14
logos_02_semantic_core_pass_auto-ref-b136	0	0	e3b0c44298fc1c14
logos_02_semantic_core_pass_auto-ref-b157	0	0	e3b0c44298fc1c14
logos_02_semantic_core_pass_auto-ref-bounded-ty-param	0	0	e3b0c44298fc1c14
logos_02_semantic_core_pass_auto-ref-bounded-ty-param-b140	0	0	e3b0c44298fc1c14
logos_02_semantic_core_pass_auto-ref-bounded-ty-param-b157	0	0	e3b0c44298fc1c14
logos_02_semantic_core_pass_auto-ref-printme-b161	0	0	e3b0c44298fc1c14
logos_02_semantic_core_pass_auto-ref-trait-method-b146	0	0	e3b0c44298fc1c14
logos_02_semantic_core_pass_auto_trait_fst	0	0	e3b0c44298fc1c14
logos_02_semantic_core_pass_autobind-g2	90	-	-
logos_02_semantic_core_pass_autoderef-and-borrow-method-receiver	0	0	e3b0c44298fc1c14
logos_02_semantic_core_pass_autoderef-method	0	0	e3b0c44298fc1c14
logos_02_semantic_core_pass_autoderef-method-twice-b140	0	0	e3b0c44298fc1c14
logos_02_semantic_core_pass_autoderef-nested-field-method-co	0	0	e3b0c44298fc1c14
logos_02_semantic_core_pass_autoderef-ref-recv-byvalue-self-b158	0	0	e3b0c44298fc1c14
logos_02_semantic_core_pass_autoderef_through_ref_binding	0	0	e3b0c44298fc1c14
logos_02_semantic_core_pass_autoref-mut-method-on-place-co	0	0	e3b0c44298fc1c14
logos_02_semantic_core_pass_b8_uninit_drop_matrix	0	42	e3b0c44298fc1c14
logos_02_semantic_core_pass_bare-fn-implements-fn-mut-b136	0	0	e3b0c44298fc1c14
logos_02_semantic_core_pass_bare_variant_pattern	0	0	e3b0c44298fc1c14
logos_02_semantic_core_pass_basic-closure-syntax	0	0	e3b0c44298fc1c14
logos_02_semantic_core_pass_basic-closure-syntax-b139	0	0	e3b0c44298fc1c14
logos_02_semantic_core_pass_basic-newtype-pattern	0	0	e3b0c44298fc1c14
logos_02_semantic_core_pass_basic-newtype-pattern-b139	0	0	e3b0c44298fc1c14
logos_02_semantic_core_pass_basic-newtype-pattern-b161	0	0	e3b0c44298fc1c14
logos_02_semantic_core_pass_basic-operations	0	0	e3b0c44298fc1c14
logos_02_semantic_core_pass_basic-ptr-coercions	0	0	e3b0c44298fc1c14
logos_02_semantic_core_pass_basic-switch-b139	0	0	e3b0c44298fc1c14
logos_02_semantic_core_pass_basic-switch-b154	0	0	e3b0c44298fc1c14
logos_02_semantic_core_pass_basic-switchint-b154	0	0	e3b0c44298fc1c14
logos_02_semantic_core_pass_basic-underscore-lifetime-elision	0	0	e3b0c44298fc1c14
logos_02_semantic_core_pass_bc_aggscrutpair_tuple_literal_scrut_twin	0	0	e3b0c44298fc1c14
logos_02_semantic_core_pass_bc_aggscrutpair_use_after_match_twin	0	0	e3b0c44298fc1c14
logos_02_semantic_core_pass_bc_argcomp_aggr_lit_admit	0	0	e3b0c44298fc1c14
logos_02_semantic_core_pass_bc_argcomp_nested_call_admit	0	0	e3b0c44298fc1c14
logos_02_semantic_core_pass_bc_argcomp_replace_admit	0	0	e3b0c44298fc1c14
logos_02_semantic_core_pass_bc_argcomp_tvbuild_byvalue_fat_admit	0	0	e3b0c44298fc1c14
logos_02_semantic_core_pass_bc_argretlet_call_arg_dead_admit	0	0	e3b0c44298fc1c14
logos_02_semantic_core_pass_bc_argretlet_mask_scratch_admit	0	0	e3b0c44298fc1c14
logos_02_semantic_core_pass_bc_argretlet_recv_borrowing_self_admit	0	0	e3b0c44298fc1c14
logos_02_semantic_core_pass_bc_b6clo_param_pointee_copy	0	0	e3b0c44298fc1c14
logos_02_semantic_core_pass_bc_b6clo_store_outer_local	0	0	e3b0c44298fc1c14
logos_02_semantic_core_pass_bc_b6ptr_param_holder_field	0	0	e3b0c44298fc1c14
logos_02_semantic_core_pass_bc_b6ptr_param_static	0	0	e3b0c44298fc1c14
logos_02_semantic_core_pass_bc_b6ptr_reborrow_root_outlives	0	0	e3b0c44298fc1c14
logos_02_semantic_core_pass_bc_bindmut_at_iflet_top_mut	0	0	e3b0c44298fc1c14
logos_02_semantic_core_pass_bc_bindmut_at_mut_or_sub_payload	0	0	e3b0c44298fc1c14
logos_02_semantic_core_pass_bc_bindmut_at_mut_variant_sub	0	0	e3b0c44298fc1c14
logos_02_semantic_core_pass_bc_bindmut_at_nomut_under_ref	0	0	e3b0c44298fc1c14
logos_02_semantic_core_pass_bc_bindmut_at_payload_mut_addrmut	0	0	e3b0c44298fc1c14
logos_02_semantic_core_pass_bc_bindmut_at_payload_mut_assign	0	0	e3b0c44298fc1c14
logos_02_semantic_core_pass_bc_bindmut_at_payload_mut_wild	0	0	e3b0c44298fc1c14
logos_02_semantic_core_pass_bc_bindmut_at_payload_ref_drop_count	0	0	e3b0c44298fc1c14
logos_02_semantic_core_pass_bc_bindmut_at_payload_ref_range	0	0	e3b0c44298fc1c14
logos_02_semantic_core_pass_bc_bindmut_at_top_mut_addrmut	0	0	e3b0c44298fc1c14
logos_02_semantic_core_pass_bc_bindmut_at_top_mut_addrmut_bump	0	0	e3b0c44298fc1c14
logos_02_semantic_core_pass_bc_bindmut_at_top_mut_assign	0	0	e3b0c44298fc1c14
logos_02_semantic_core_pass_bc_bindmut_ergo_amp_at_nomod	0	0	e3b0c44298fc1c14
logos_02_semantic_core_pass_bc_bindmut_ergo_deref_param_mut	0	0	e3b0c44298fc1c14
logos_02_semantic_core_pass_bc_bindmut_ergo_deref_scrut_ref	0	0	e3b0c44298fc1c14
logos_02_semantic_core_pass_bc_bindmut_ergo_explicit_amp_mut	0	0	e3b0c44298fc1c14
logos_02_semantic_core_pass_bc_bindmut_ergo_move_some_mut	0	0	e3b0c44298fc1c14
logos_02_semantic_core_pass_bc_bindmut_ergo_self_place_ref	0	0	e3b0c44298fc1c14
logos_02_semantic_core_pass_bc_bindmut_ergo_tuple_door_nomod	0	0	e3b0c44298fc1c14
logos_02_semantic_core_pass_bc_bindmut_for_range_inner_mut_outer_not	0	0	e3b0c44298fc1c14
logos_02_semantic_core_pass_bc_bindmut_for_range_mut_addrmut_write	0	0	e3b0c44298fc1c14
logos_02_semantic_core_pass_bc_bindmut_for_range_mut_assign	0	0	e3b0c44298fc1c14
logos_02_semantic_core_pass_bc_bindmut_for_range_mut_call_bound	0	0	e3b0c44298fc1c14
logos_02_semantic_core_pass_bc_bindmut_for_range_mut_closure_capture	0	0	e3b0c44298fc1c14
logos_02_semantic_core_pass_bc_bindmut_for_range_mut_continue	0	0	e3b0c44298fc1c14
logos_02_semantic_core_pass_bc_bindmut_for_range_mut_generic_bound	0	0	e3b0c44298fc1c14
logos_02_semantic_core_pass_bc_bindmut_for_range_mut_in_generic	0	0	e3b0c44298fc1c14
logos_02_semantic_core_pass_bc_bindmut_for_range_mut_labeled_break	0	0	e3b0c44298fc1c14
logos_02_semantic_core_pass_bc_bindmut_for_range_mut_labeled_nested	0	0	e3b0c44298fc1c14
logos_02_semantic_core_pass_bc_bindmut_for_range_mut_nested_same_name	0	0	e3b0c44298fc1c14
logos_02_semantic_core_pass_bc_bindmut_for_range_mut_shadow_nested	0	0	e3b0c44298fc1c14
logos_02_semantic_core_pass_bc_bindmut_for_range_mut_steer_control	0	0	e3b0c44298fc1c14
logos_02_semantic_core_pass_bc_bindmut_for_range_mut_u8_inclusive	0	0	e3b0c44298fc1c14
logos_02_semantic_core_pass_bc_bindmut_iflet_payload_mut_at	0	0	e3b0c44298fc1c14
logos_02_semantic_core_pass_bc_bindmut_iflet_tuple_mut	0	0	e3b0c44298fc1c14
logos_02_semantic_core_pass_bc_bindmut_letelse_mut	0	0	e3b0c44298fc1c14
logos_02_semantic_core_pass_bc_bindmut_match_expr_top_mut_at	0	0	e3b0c44298fc1c14
logos_02_semantic_core_pass_bc_bindmut_match_slice_mut	0	0	e3b0c44298fc1c14
logos_02_semantic_core_pass_bc_bindmut_match_struct_mut	0	0	e3b0c44298fc1c14
logos_02_semantic_core_pass_bc_bindmut_match_tuple_lit_mut	0	0	e3b0c44298fc1c14
logos_02_semantic_core_pass_bc_bindmut_match_tuple_mut	0	0	e3b0c44298fc1c14
logos_02_semantic_core_pass_bc_bindmut_nested_payload_tuple_mut	0	0	e3b0c44298fc1c14
logos_02_semantic_core_pass_bc_bindmut_paren_deref_assign	0	0	e3b0c44298fc1c14
logos_02_semantic_core_pass_bc_bindmut_paren_deref_box_tuple_field_assign	0	0	e3b0c44298fc1c14
logos_02_semantic_core_pass_bc_bindmut_paren_deref_param_mutref_assign	0	0	e3b0c44298fc1c14
logos_02_semantic_core_pass_bc_bindmut_paren_deref_ref_assign	0	0	e3b0c44298fc1c14
logos_02_semantic_core_pass_bc_bindmut_paren_double_deref_box_assign	0	0	e3b0c44298fc1c14
logos_02_semantic_core_pass_bc_bindmut_paren_field_assign	0	0	e3b0c44298fc1c14
logos_02_semantic_core_pass_bc_bindmut_paren_index_assign	0	0	e3b0c44298fc1c14
logos_02_semantic_core_pass_bc_bindmut_paren_tuple_field_assign	0	0	e3b0c44298fc1c14
logos_02_semantic_core_pass_bc_bindmut_whilelet_payload_mut_at	0	0	e3b0c44298fc1c14
logos_02_semantic_core_pass_bc_block_tail_borrow_outer_admit	0	21	e3b0c44298fc1c14
logos_02_semantic_core_pass_bc_block_tail_shadowed_name_admit	0	14	e3b0c44298fc1c14
logos_02_semantic_core_pass_bc_byvalmutref_mutref_to_ref_formal	0	1	e3b0c44298fc1c14
logos_02_semantic_core_pass_bc_call_hop_disjoint_ok	0	0	e3b0c44298fc1c14
logos_02_semantic_core_pass_bc_capaddrmut_call_and_use	0	0	7b519d327803fabd
logos_02_semantic_core_pass_bc_capaddrmut_fnmut_bound	0	0	64da2c80fec019f6
logos_02_semantic_core_pass_bc_capaddrmut_shared_not_marked	0	0	c6938fb9bf762a1c
logos_02_semantic_core_pass_bc_capaddrmut_two_sequential	0	0	0bb2ec708612ad2d
logos_02_semantic_core_pass_bc_capbody_closure_return_admit	0	0	95d4ef9665330b75
logos_02_semantic_core_pass_bc_capbody_intra_body_disjoint_admit	0	0	753ff5aec642d65b
logos_02_semantic_core_pass_bc_capbody_move_body_not_walked_admit	0	0	43fc20f2b8e8c35a
logos_02_semantic_core_pass_bc_capmovemut_nested_closures_admit	0	0	e3b0c44298fc1c14
logos_02_semantic_core_pass_bc_capmovemut_sharedref_capture_admit	0	0	e3b0c44298fc1c14
logos_02_semantic_core_pass_bc_capmovewalk_move_body_legal_shapes	0	0	e3b0c44298fc1c14
logos_02_semantic_core_pass_bc_capmovewalk_nonmove_body_admit	0	0	e3b0c44298fc1c14
logos_02_semantic_core_pass_bc_capretsc_closure_elided_contract	0	0	e3b0c44298fc1c14
logos_02_semantic_core_pass_bc_capretsc_closure_returns_capture	0	0	e3b0c44298fc1c14
logos_02_semantic_core_pass_bc_capsharedloan_legal_shapes	0	0	e3b0c44298fc1c14
logos_02_semantic_core_pass_bc_captuple_elem_disjoint	0	0	361876060961d11d
logos_02_semantic_core_pass_bc_closbnd_elided_param_ok	0	0	e3b0c44298fc1c14
logos_02_semantic_core_pass_bc_closbnd_ret_own_region_ok	0	0	e3b0c44298fc1c14
logos_02_semantic_core_pass_bc_closmint_ret_from_param	0	0	e3b0c44298fc1c14
logos_02_semantic_core_pass_bc_closmint_struct_arg_tied	0	0	e3b0c44298fc1c14
logos_02_semantic_core_pass_bc_closmint_two_params_tied	0	0	e3b0c44298fc1c14
logos_02_semantic_core_pass_bc_clsC_b1_closure_arg_disjoint_admit	0	7	e3b0c44298fc1c14
logos_02_semantic_core_pass_bc_clsC_b1_closure_arg_move_admit	0	3	e3b0c44298fc1c14
logos_02_semantic_core_pass_bc_clsC_b1_closure_arg_shared_admit	0	7	e3b0c44298fc1c14
logos_02_semantic_core_pass_bc_const_promotion_admit	0	59	e3b0c44298fc1c14
logos_02_semantic_core_pass_bc_d1_consumed_to_scalar_admits	0	0	e3b0c44298fc1c14
logos_02_semantic_core_pass_bc_d1_container_last_use_admits	0	0	e3b0c44298fc1c14
logos_02_semantic_core_pass_bc_d1_match_scalar_admits	0	0	e3b0c44298fc1c14
logos_02_semantic_core_pass_bc_d1_residency_exempt_return_admits	0	0	e3b0c44298fc1c14
logos_02_semantic_core_pass_bc_d1_unrelated_local_admits	0	0	e3b0c44298fc1c14
logos_02_semantic_core_pass_bc_d1hop_reslice_disjoint_admit	0	4	e3b0c44298fc1c14
logos_02_semantic_core_pass_bc_d1hop_reslice_nll_admit	0	1	e3b0c44298fc1c14
logos_02_semantic_core_pass_bc_d1hop_reslice_onehop_admit	0	1	e3b0c44298fc1c14
logos_02_semantic_core_pass_bc_d1r10_e0_rebind_alias_dead_admit	0	0	e3b0c44298fc1c14
logos_02_semantic_core_pass_bc_d1r10_j0_region_scoped_admit	0	2	e3b0c44298fc1c14
logos_02_semantic_core_pass_bc_d1r10_sp_scalar_payload_admit	0	2	e3b0c44298fc1c14
logos_02_semantic_core_pass_bc_d1r11_x0_backedge_local_admit	0	9	e3b0c44298fc1c14
logos_02_semantic_core_pass_bc_d1r11_x0_break_noloan_admit	0	13	e3b0c44298fc1c14
logos_02_semantic_core_pass_bc_d1r11_x0_break_region_local_admit	0	1	e3b0c44298fc1c14
logos_02_semantic_core_pass_bc_d1r11_x1_nosummary_admit	0	2	e3b0c44298fc1c14
logos_02_semantic_core_pass_bc_d1r11_x1_result_dead_admit	0	2	e3b0c44298fc1c14
logos_02_semantic_core_pass_bc_d1r11_x2_byvalue_scalar_admit	0	10	e3b0c44298fc1c14
logos_02_semantic_core_pass_bc_d1r12_a0_match_dead_admit	0	2	e3b0c44298fc1c14
logos_02_semantic_core_pass_bc_d1r12_a1_loop_break_dead_admit	0	2	e3b0c44298fc1c14
logos_02_semantic_core_pass_bc_d1r12_a2_outparam_dead_admit	0	2	e3b0c44298fc1c14
logos_02_semantic_core_pass_bc_d1r13_p0a_dead_admit	0	2	e3b0c44298fc1c14
logos_02_semantic_core_pass_bc_d1r13_p0b_dead_admit	0	2	e3b0c44298fc1c14
logos_02_semantic_core_pass_bc_d1r13_p0c_dead_admit	0	2	e3b0c44298fc1c14
logos_02_semantic_core_pass_bc_d1r13_p1_array_dead_admit	0	2	e3b0c44298fc1c14
logos_02_semantic_core_pass_bc_d1r13_p1_tuple_dead_admit	0	2	e3b0c44298fc1c14
logos_02_semantic_core_pass_bc_d1r13_p2_read_before_mut_admit	0	2	e3b0c44298fc1c14
logos_02_semantic_core_pass_bc_d1r13_p3_byvalue_dead_admit	0	2	e3b0c44298fc1c14
logos_02_semantic_core_pass_bc_d1r14_q1_match_admit	0	0	e3b0c44298fc1c14
logos_02_semantic_core_pass_bc_d1r14_q3_scalar_deref_admit	0	0	e3b0c44298fc1c14
logos_02_semantic_core_pass_bc_d1r14_q4_closure_admit	0	0	e3b0c44298fc1c14
logos_02_semantic_core_pass_bc_d1r14_q4_closure_scalar_admit	0	0	e3b0c44298fc1c14
logos_02_semantic_core_pass_bc_d1r14_q6_optcall_admit	0	0	e3b0c44298fc1c14
logos_02_semantic_core_pass_bc_d1r14_q6_optcall_scalar_admit	0	0	e3b0c44298fc1c14
logos_02_semantic_core_pass_bc_d1r14_q8_structlit_field_admit	0	0	e3b0c44298fc1c14
logos_02_semantic_core_pass_bc_d1r2_call_out_param_admits	0	0	e3b0c44298fc1c14
logos_02_semantic_core_pass_bc_d1r2_closure_capture_admits	0	0	e3b0c44298fc1c14
logos_02_semantic_core_pass_bc_d1r2_destructuring_let_admits	0	0	e3b0c44298fc1c14
logos_02_semantic_core_pass_bc_d1r2_dyn_erasure_admits	0	0	e3b0c44298fc1c14
logos_02_semantic_core_pass_bc_d1r2_let_else_admits	0	0	e3b0c44298fc1c14
logos_02_semantic_core_pass_bc_d1r2_place_write_field_admits	0	0	e3b0c44298fc1c14
logos_02_semantic_core_pass_bc_d1r2_ref_arg_hop_admits	0	0	e3b0c44298fc1c14
logos_02_semantic_core_pass_bc_d1r2_value_block_admits	0	0	e3b0c44298fc1c14
logos_02_semantic_core_pass_bc_d1r3_f0_param_root_admits	0	0	e3b0c44298fc1c14
logos_02_semantic_core_pass_bc_d1r3_f1_method_arg_admits	0	0	e3b0c44298fc1c14
logos_02_semantic_core_pass_bc_d1r3_f2_recv_local_admits	0	0	e3b0c44298fc1c14
logos_02_semantic_core_pass_bc_d1r3_f3_read_before_mut_admits	0	0	e3b0c44298fc1c14
logos_02_semantic_core_pass_bc_d1r3_f3_scalar_admits	0	0	e3b0c44298fc1c14
logos_02_semantic_core_pass_bc_d1r3_f4_closure_param_admits	0	0	e3b0c44298fc1c14
logos_02_semantic_core_pass_bc_d1r3_f5_shadow_admits	0	0	e3b0c44298fc1c14
logos_02_semantic_core_pass_bc_d1r4_n0_field_recv_admits	0	0	e3b0c44298fc1c14
logos_02_semantic_core_pass_bc_d1r4_n1_field_container_admits	0	0	e3b0c44298fc1c14
logos_02_semantic_core_pass_bc_d1r4_n2_bare_closure_admits	0	0	e3b0c44298fc1c14
logos_02_semantic_core_pass_bc_d1r4_n3_closure_struct_field_admits	0	0	e3b0c44298fc1c14
logos_02_semantic_core_pass_bc_d1r5_h0_alias_admits	0	1	e3b0c44298fc1c14
logos_02_semantic_core_pass_bc_d1r5_h1_reborrow_admits	0	1	e3b0c44298fc1c14
logos_02_semantic_core_pass_bc_d1r5_h4_closure_out_admits	0	1	e3b0c44298fc1c14
logos_02_semantic_core_pass_bc_d1r5_h4_closure_scalar_admits	0	1	e3b0c44298fc1c14
logos_02_semantic_core_pass_bc_d1r5_h5_struct_pat_admits	0	1	e3b0c44298fc1c14
logos_02_semantic_core_pass_bc_d1r5_h6_cross_archive_admits	0	LINK	-
logos_02_semantic_core_pass_bc_d1r5_h7_param_root_admits	0	7	e3b0c44298fc1c14
logos_02_semantic_core_pass_bc_d1r5_h8_match_scalar_admits	0	1	e3b0c44298fc1c14
logos_02_semantic_core_pass_bc_d1r5_h8_match_tmp_admits	0	1	e3b0c44298fc1c14
logos_02_semantic_core_pass_bc_d1r6_d2_generic_param_admit	0	0	e3b0c44298fc1c14
logos_02_semantic_core_pass_bc_d1r6_g0_field_admit	0	0	e3b0c44298fc1c14
logos_02_semantic_core_pass_bc_d1r6_g1_fnptr_scalar_admit	0	0	e3b0c44298fc1c14
logos_02_semantic_core_pass_bc_d1r7_a1_no_loan_admit	0	0	e3b0c44298fc1c14
logos_02_semantic_core_pass_bc_d1r7_a1_scope_release_admit	0	0	e3b0c44298fc1c14
logos_02_semantic_core_pass_bc_d1r7_a2_shared_read_then_mut_admit	0	0	e3b0c44298fc1c14
logos_02_semantic_core_pass_bc_d1r7_b1_destructure_deferred	0	0	e3b0c44298fc1c14
logos_02_semantic_core_pass_bc_d1r7_b2_destructure_same_package_admit	0	0	e3b0c44298fc1c14
logos_02_semantic_core_pass_bc_d1r8_m0_closure_captured_ref	0	0	e3b0c44298fc1c14
logos_02_semantic_core_pass_bc_d1r8_u0_twohop_read_before_mut_admit	0	0	e3b0c44298fc1c14
logos_02_semantic_core_pass_bc_d1r8_u1_field_rhs_read_before_mut_admit	0	0	e3b0c44298fc1c14
logos_02_semantic_core_pass_bc_d1r9_f0_retarget_overlap_admit	0	0	e3b0c44298fc1c14
logos_02_semantic_core_pass_bc_d1r9_f0_retarget_then_use_admit	0	1	e3b0c44298fc1c14
logos_02_semantic_core_pass_bc_d1r9_n0_read_before_mut_admit	0	15	e3b0c44298fc1c14
logos_02_semantic_core_pass_bc_d1r9_p12_enum_read_before_mut_admit	0	3	e3b0c44298fc1c14
logos_02_semantic_core_pass_bc_d1r9_p12_read_before_mut_admit	0	3	e3b0c44298fc1c14
logos_02_semantic_core_pass_bc_d1r9_s1_read_before_mut_admit	0	3	e3b0c44298fc1c14
logos_02_semantic_core_pass_bc_d1res_r1_sliceindex_admit	0	7	e3b0c44298fc1c14
logos_02_semantic_core_pass_bc_d1res_r2_sliceform_admit	0	1	e3b0c44298fc1c14
logos_02_semantic_core_pass_bc_d3_loop_bare_block_release_admit	0	0	03396c1f4d5ed5c6
logos_02_semantic_core_pass_bc_d3_nested_block_release_admit	0	0	aefb28bc3bb931c1
logos_02_semantic_core_pass_bc_d3_struct_pat_fat_mut_recv	0	1	e3b0c44298fc1c14
logos_02_semantic_core_pass_bc_d3_thin_ref_binding_class	0	0	e3b0c44298fc1c14
logos_02_semantic_core_pass_bc_d6_multifield_closure_admit	0	0	1dc008d228c479a1
logos_02_semantic_core_pass_bc_d6_mut_field_capture_disjoint_admit	0	0	13d85fb41e0fb082
logos_02_semantic_core_pass_bc_d6_mut_field_capture_nll_admit	0	0	081c0ccf894a5e40
logos_02_semantic_core_pass_bc_d6_mut_field_capture_through_mutref_admit	0	0	32d8609e6a11424a
logos_02_semantic_core_pass_bc_d8_disjoint_field_use_admit	0	0	e3b0c44298fc1c14
logos_02_semantic_core_pass_bc_d8_match_scrutinee_disjoint_admit	0	0	e3b0c44298fc1c14
logos_02_semantic_core_pass_bc_d8_quote_field_split_admit	0	0	e3b0c44298fc1c14
logos_02_semantic_core_pass_bc_dclalias_written_lifetime_arg	0	0	e3b0c44298fc1c14
logos_02_semantic_core_pass_bc_dclassoc_named_ref	0	0	e3b0c44298fc1c14
logos_02_semantic_core_pass_bc_dclfnbnd_static_ret	0	0	e3b0c44298fc1c14
logos_02_semantic_core_pass_bc_dclfnptr_one_input_ret	0	0	e3b0c44298fc1c14
logos_02_semantic_core_pass_bc_dclimplbnd_matching_bound	0	0	e3b0c44298fc1c14
logos_02_semantic_core_pass_bc_dclimplhdr_declared_trait_arg	0	0	e3b0c44298fc1c14
logos_02_semantic_core_pass_bc_dclltdistinct_one_lifetime_twice	0	0	e3b0c44298fc1c14
logos_02_semantic_core_pass_bc_dclltpos_struct_arity_named	0	0	e3b0c44298fc1c14
logos_02_semantic_core_pass_bc_dclretargs_nested_ref_one_input	0	0	e3b0c44298fc1c14
logos_02_semantic_core_pass_bc_dclshadow_method_own_binder	0	0	e3b0c44298fc1c14
logos_02_semantic_core_pass_bc_dcltraitlt_ordinary_trait_binder	0	0	e3b0c44298fc1c14
logos_02_semantic_core_pass_bc_deref_move_exempt_admit	0	0	1a62e878f3342918
logos_02_semantic_core_pass_bc_derefwrite_field_ptr_dead_admit	0	0	e3b0c44298fc1c14
logos_02_semantic_core_pass_bc_derefwrite_field_ptr_disjoint_admit	0	2	e3b0c44298fc1c14
logos_02_semantic_core_pass_bc_derefwrite_field_rawptr_admit	0	0	e3b0c44298fc1c14
logos_02_semantic_core_pass_bc_derefwrite_shared_dead_admit	0	0	e3b0c44298fc1c14
logos_02_semantic_core_pass_bc_destrpat_owned_binds_by_value	0	7	e3b0c44298fc1c14
logos_02_semantic_core_pass_bc_drfmut_deref_mut_local_admit	0	0	e3b0c44298fc1c14
logos_02_semantic_core_pass_bc_drfmut_deref_thru_mut_ref_admit	0	0	e3b0c44298fc1c14
logos_02_semantic_core_pass_bc_drfmut_destructure_pat_mut_admit	0	0	e3b0c44298fc1c14
logos_02_semantic_core_pass_bc_drfmut_nested_pat_mut_admit	0	0	e3b0c44298fc1c14
logos_02_semantic_core_pass_bc_dropcall_inherent_drop	0	0	e3b0c44298fc1c14
logos_02_semantic_core_pass_bc_dropcall_other_trait_named_drop	0	0	e3b0c44298fc1c14
logos_02_semantic_core_pass_bc_dropcall_user_trait_method	0	0	e3b0c44298fc1c14
logos_02_semantic_core_pass_bc_dropcall_user_trait_path	0	0	e3b0c44298fc1c14
logos_02_semantic_core_pass_bc_dropck_field_same_path_rewrite_admit	0	0	917df3320d778ddb
logos_02_semantic_core_pass_bc_dropck_field_whole_reowns_admit	0	0	917df3320d778ddb
logos_02_semantic_core_pass_bc_dropck_loan_nodrop_admit	0	0	4355a46b19d348dc
logos_02_semantic_core_pass_bc_dropck_loan_raw_field_admit	0	0	53c234e5e8472b6a
logos_02_semantic_core_pass_bc_dropck_reverse_order_nodrop_admit	0	0	25d4f2a86deb5e25
logos_02_semantic_core_pass_bc_dropck_shadowed_name_admit	0	0	10159baf262b43a9
logos_02_semantic_core_pass_bc_dropident_array_three	0	0	f9deeb69fea49ca0
logos_02_semantic_core_pass_bc_dropident_consumed_by_callee	0	0	9c774df23cb73032
logos_02_semantic_core_pass_bc_dropident_generic_struct	0	0	65604282c6af3cb8
logos_02_semantic_core_pass_bc_dropident_heap_free	0	0	65604282c6af3cb8
logos_02_semantic_core_pass_bc_dropident_impl_first	0	0	65604282c6af3cb8
logos_02_semantic_core_pass_bc_dropident_inherent_first	0	0	65604282c6af3cb8
logos_02_semantic_core_pass_bc_dropident_inherent_only	0	0	82b20747472a4846
logos_02_semantic_core_pass_bc_dropident_move_once	0	0	65604282c6af3cb8
logos_02_semantic_core_pass_bc_dropident_nested_field	0	0	65604282c6af3cb8
logos_02_semantic_core_pass_bc_dropident_two_structs	0	0	561f912ea2877e6c
logos_02_semantic_core_pass_bc_dropwf_adt_target	0	0	e3b0c44298fc1c14
logos_02_semantic_core_pass_bc_dropwf_distinct_params	0	0	e3b0c44298fc1c14
logos_02_semantic_core_pass_bc_dropwf_local_adt	0	0	e3b0c44298fc1c14
logos_02_semantic_core_pass_bc_dropwf_renamed_param	0	0	e3b0c44298fc1c14
logos_02_semantic_core_pass_bc_dropwf_same_bound	0	0	e3b0c44298fc1c14
logos_02_semantic_core_pass_bc_dropwf_sized_where_relaxed	0	0	e3b0c44298fc1c14
logos_02_semantic_core_pass_bc_dropwf_supertrait_implied	0	0	e3b0c44298fc1c14
logos_02_semantic_core_pass_bc_dropwf_where_bound_matches	0	0	e3b0c44298fc1c14
logos_02_semantic_core_pass_bc_e716argtemp_legal_shapes	0	0	e3b0c44298fc1c14
logos_02_semantic_core_pass_bc_e716recvtemp_legal_shapes	0	0	e3b0c44298fc1c14
logos_02_semantic_core_pass_bc_enumdefkey_legal_shapes	0	0	e3b0c44298fc1c14
logos_02_semantic_core_pass_bc_enumpldlt_declared_payload_lifetime	0	0	e3b0c44298fc1c14
logos_02_semantic_core_pass_bc_enumpldlt_placeholder_payload_lifetime	0	0	e3b0c44298fc1c14
logos_02_semantic_core_pass_bc_esc_fnptr_admit	0	0	e3b0c44298fc1c14
logos_02_semantic_core_pass_bc_esc_fnptr_param_admit	0	0	e3b0c44298fc1c14
logos_02_semantic_core_pass_bc_esc_generic_monokey_admit	0	0	e3b0c44298fc1c14
logos_02_semantic_core_pass_bc_esc_generic_recv_admit	0	0	e3b0c44298fc1c14
logos_02_semantic_core_pass_bc_esc_generic_uninst_admit	0	0	e3b0c44298fc1c14
logos_02_semantic_core_pass_bc_esc_holder_assign_field_admit	0	0	e3b0c44298fc1c14
logos_02_semantic_core_pass_bc_esc_holder_assign_option_admit	0	0	e3b0c44298fc1c14
logos_02_semantic_core_pass_bc_esc_holder_assign_tuple_admit	0	0	e3b0c44298fc1c14
logos_02_semantic_core_pass_bc_esc_holder_assign_whole_admit	0	0	e3b0c44298fc1c14
logos_02_semantic_core_pass_bc_esc_holder_container_outparam_admit	0	0	e3b0c44298fc1c14
logos_02_semantic_core_pass_bc_esc_holder_container_vec_str_admit	0	0	e3b0c44298fc1c14
logos_02_semantic_core_pass_bc_esc_holder_container_vec_struct_admit	0	0	e3b0c44298fc1c14
logos_02_semantic_core_pass_bc_esc_holder_index_assign_admit	0	0	e3b0c44298fc1c14
logos_02_semantic_core_pass_bc_esc_holder_outparam_param_borrow_admit	0	0	e3b0c44298fc1c14
logos_02_semantic_core_pass_bc_esc_holder_reborrow_container_admit	0	0	e3b0c44298fc1c14
logos_02_semantic_core_pass_bc_esc_holder_reborrow_field_admit	0	0	e3b0c44298fc1c14
logos_02_semantic_core_pass_bc_esc_holder_residency_backed_admit	0	0	e3b0c44298fc1c14
logos_02_semantic_core_pass_bc_esc_holder_residency_pershare_admit	0	0	e3b0c44298fc1c14
logos_02_semantic_core_pass_bc_esc_holder_return_chained_admit	0	0	e3b0c44298fc1c14
logos_02_semantic_core_pass_bc_esc_holder_return_dyn_admit	0	0	e3b0c44298fc1c14
logos_02_semantic_core_pass_bc_esc_holder_return_field_admit	0	0	e3b0c44298fc1c14
logos_02_semantic_core_pass_bc_esc_holder_return_generic_admit	0	0	e3b0c44298fc1c14
logos_02_semantic_core_pass_bc_esc_holder_return_method_admit	0	0	e3b0c44298fc1c14
logos_02_semantic_core_pass_bc_esc_holder_return_option_admit	0	0	e3b0c44298fc1c14
logos_02_semantic_core_pass_bc_esc_holder_return_struct_admit	0	0	e3b0c44298fc1c14
logos_02_semantic_core_pass_bc_esc_holder_return_tuple_admit	0	0	e3b0c44298fc1c14
logos_02_semantic_core_pass_bc_esc_method_retain_admit	0	0	e3b0c44298fc1c14
logos_02_semantic_core_pass_bc_esc_outparam_scope_admit	0	0	e3b0c44298fc1c14
logos_02_semantic_core_pass_bc_esc_return_summary_admit	0	0	e3b0c44298fc1c14
logos_02_semantic_core_pass_bc_esc_summary_seed_field_admit	0	0	e3b0c44298fc1c14
logos_02_semantic_core_pass_bc_f1_closure_param_escape_twin	0	0	e3b0c44298fc1c14
logos_02_semantic_core_pass_bc_f1_closure_param_legal_shapes	0	0	e3b0c44298fc1c14
logos_02_semantic_core_pass_bc_f1_closure_param_shadow_legal	0	0	e3b0c44298fc1c14
logos_02_semantic_core_pass_bc_fatret_methodarg_admit	0	0	e3b0c44298fc1c14
logos_02_semantic_core_pass_bc_fatret_nested_call_admit	0	0	e3b0c44298fc1c14
logos_02_semantic_core_pass_bc_fatret_struct_field_admit	0	0	e3b0c44298fc1c14
logos_02_semantic_core_pass_bc_fatval_deferred_init_len	0	0	e3b0c44298fc1c14
logos_02_semantic_core_pass_bc_field_borrow_disjoint_assign	0	0	fb02f7b44819d2eb
logos_02_semantic_core_pass_bc_field_deref_mut_borrow	0	0	e3b0c44298fc1c14
logos_02_semantic_core_pass_bc_fieldassign_variance_legal_shapes	0	0	2e6d31a5983a9125
logos_02_semantic_core_pass_bc_fldrootbits_sibling_loan_field_move_twin	0	0	e3b0c44298fc1c14
logos_02_semantic_core_pass_bc_flowsum_rawtrip_outparam_admit	0	0	e3b0c44298fc1c14
logos_02_semantic_core_pass_bc_foreachit_legal_shapes	0	0	e3b0c44298fc1c14
logos_02_semantic_core_pass_bc_genrecv_constructed_legals_admit	0	42	e3b0c44298fc1c14
logos_02_semantic_core_pass_bc_genrecv_field_write_after_admit	0	42	e3b0c44298fc1c14
logos_02_semantic_core_pass_bc_genrecv_generic_then_plain_admit	0	42	e3b0c44298fc1c14
logos_02_semantic_core_pass_bc_genrecv_shared_then_mut_admit	0	42	e3b0c44298fc1c14
logos_02_semantic_core_pass_bc_genrecv_two_mut_sequential_admit	0	42	e3b0c44298fc1c14
logos_02_semantic_core_pass_bc_guard_indexed_scrut_admit	0	0	e3b0c44298fc1c14
logos_02_semantic_core_pass_bc_guard_loan_released_admit	0	0	e3b0c44298fc1c14
logos_02_semantic_core_pass_bc_guard_no_test_admit	0	0	e3b0c44298fc1c14
logos_02_semantic_core_pass_bc_guard_refmut_arm_admit	0	0	e3b0c44298fc1c14
logos_02_semantic_core_pass_bc_guard_sibling_field_admit	0	0	e3b0c44298fc1c14
logos_02_semantic_core_pass_bc_guard_sibling_tuple_elem_admit	0	0	e3b0c44298fc1c14
logos_02_semantic_core_pass_bc_guardmovearm_expr_guard_borrows_twin	0	0	e3b0c44298fc1c14
logos_02_semantic_core_pass_bc_h4e_closure_arg_tie_legal_shapes	0	0	e3b0c44298fc1c14
logos_02_semantic_core_pass_bc_h4e_closure_arg_tie_param	0	0	e3b0c44298fc1c14
logos_02_semantic_core_pass_bc_idxbase_disjoint_field	0	0	e3b0c44298fc1c14
logos_02_semantic_core_pass_bc_idxbase_read_in_index	0	0	e3b0c44298fc1c14
logos_02_semantic_core_pass_bc_ifexpr_arms_alternatives_admit	0	0	e3b0c44298fc1c14
logos_02_semantic_core_pass_bc_indexnomut_indexmut_twin	0	0	e3b0c44298fc1c14
logos_02_semantic_core_pass_bc_let_borrow_temp_extended_admit	0	21	e3b0c44298fc1c14
logos_02_semantic_core_pass_bc_letann_lt_static_ok	0	0	e3b0c44298fc1c14
logos_02_semantic_core_pass_bc_letelide_lt_carry_ok	0	0	e3b0c44298fc1c14
logos_02_semantic_core_pass_bc_line_ordinal_admit	0	0	e3b0c44298fc1c14
logos_02_semantic_core_pass_bc_line_ordinal_emitted_admit	0	0	e3b0c44298fc1c14
logos_02_semantic_core_pass_bc_loop_bot_divergent_call_admit	0	0	e3b0c44298fc1c14
logos_02_semantic_core_pass_bc_ltargdecl_lifetime_arg_arity_match	0	0	e3b0c44298fc1c14
logos_02_semantic_core_pass_bc_ltargdecl_selfref_enum_prepass	0	0	e3b0c44298fc1c14
logos_02_semantic_core_pass_bc_ltbindresv_ordinary_binder_name	0	0	e3b0c44298fc1c14
logos_02_semantic_core_pass_bc_ltbndenv_legal_shapes	0	0	e3b0c44298fc1c14
logos_02_semantic_core_pass_bc_ltbndread_declared_lifetime_pass	0	0	e3b0c44298fc1c14
logos_02_semantic_core_pass_bc_ltbndstat_legal_shapes	0	0	e3b0c44298fc1c14
logos_02_semantic_core_pass_bc_ltcallmeet_callee_binder_meet	0	0	e3b0c44298fc1c14
logos_02_semantic_core_pass_bc_ltcallmeet_expected_loss_twins	0	0	e3b0c44298fc1c14
logos_02_semantic_core_pass_bc_ltimplhdr_self_lifetime_args_from_the_header	0	0	e3b0c44298fc1c14
logos_02_semantic_core_pass_bc_ltmintgen_two_minted_regions_one_typaram	0	0	e3b0c44298fc1c14
logos_02_semantic_core_pass_bc_ltmintiv_minted_regions_unify_at_a_call	0	0	e3b0c44298fc1c14
logos_02_semantic_core_pass_bc_ltregslot_dyn_field_coerced_arg	0	0	e3b0c44298fc1c14
logos_02_semantic_core_pass_bc_ltrigid_callee_binder_from_local	0	0	e3b0c44298fc1c14
logos_02_semantic_core_pass_bc_ltrigid_local_both_rebound_named	0	0	e3b0c44298fc1c14
logos_02_semantic_core_pass_bc_ltrigid_local_reassigned_from_second	0	0	e3b0c44298fc1c14
logos_02_semantic_core_pass_bc_ltrigid_local_rebind_value_named	0	0	e3b0c44298fc1c14
logos_02_semantic_core_pass_bc_ltrigid_local_vs_local_swap	0	0	e3b0c44298fc1c14
logos_02_semantic_core_pass_bc_ltrigid_two_anon_push_named	0	0	e3b0c44298fc1c14
logos_02_semantic_core_pass_bc_ltscope_impl_legal_shapes	0	0	e3b0c44298fc1c14
logos_02_semantic_core_pass_bc_ltunmentbind_legal_shapes	0	0	e3b0c44298fc1c14
logos_02_semantic_core_pass_bc_match_deref_mut_refmut_arm	0	0	e3b0c44298fc1c14
logos_02_semantic_core_pass_bc_matchexpr_arms_alternatives_admit	0	0	e3b0c44298fc1c14
logos_02_semantic_core_pass_bc_mbparamval_legal_shapes	0	0	e3b0c44298fc1c14
logos_02_semantic_core_pass_bc_mbparamval_mut_param_admit	0	0	e3b0c44298fc1c14
logos_02_semantic_core_pass_bc_mcallvar_legal_twins	0	0	e3b0c44298fc1c14
logos_02_semantic_core_pass_bc_mexprpat_binding_discarded_admit	0	0	4c82a221b575ce7f
logos_02_semantic_core_pass_bc_mexprpat_refmut_loan_admit	0	0	f0b5c2c2211c8d67
logos_02_semantic_core_pass_bc_mfjoin_loop_partial_move_legal	0	0	e3b0c44298fc1c14
logos_02_semantic_core_pass_bc_movedvalue_borrow_not_moved_admit	0	0	e3b0c44298fc1c14
logos_02_semantic_core_pass_bc_mutplace_box_compound	0	0	e3b0c44298fc1c14
logos_02_semantic_core_pass_bc_mutplace_box_deref_assign	0	0	e3b0c44298fc1c14
logos_02_semantic_core_pass_bc_mutplace_box_in_tuple_write	0	0	e3b0c44298fc1c14
logos_02_semantic_core_pass_bc_mutplace_box_in_vec_deref_write	0	0	e3b0c44298fc1c14
logos_02_semantic_core_pass_bc_mutplace_box_vec_index_write	0	0	e3b0c44298fc1c14
logos_02_semantic_core_pass_bc_mutplace_box_vec_sized_assign	0	0	e3b0c44298fc1c14
logos_02_semantic_core_pass_bc_mutplace_box_write_reads_self	0	0	e3b0c44298fc1c14
logos_02_semantic_core_pass_bc_mutplace_boxbox_addrof_mut	0	0	e3b0c44298fc1c14
logos_02_semantic_core_pass_bc_mutplace_boxbox_field_write_both	0	0	e3b0c44298fc1c14
logos_02_semantic_core_pass_bc_mutplace_boxbox_inner_replaced_drops_old	0	0	e3b0c44298fc1c14
logos_02_semantic_core_pass_bc_mutplace_byval_mut_box_param_write	0	0	e3b0c44298fc1c14
logos_02_semantic_core_pass_bc_mutplace_closure_box_write	0	0	e3b0c44298fc1c14
logos_02_semantic_core_pass_bc_mutplace_deref_field_compound_box	0	0	e3b0c44298fc1c14
logos_02_semantic_core_pass_bc_mutplace_derefmut_autoderef_field_write	0	0	e3b0c44298fc1c14
logos_02_semantic_core_pass_bc_mutplace_derefmut_compound	0	0	e3b0c44298fc1c14
logos_02_semantic_core_pass_bc_mutplace_derefmut_field_compound	0	0	e3b0c44298fc1c14
logos_02_semantic_core_pass_bc_mutplace_derefmut_paren_field_write	0	0	e3b0c44298fc1c14
logos_02_semantic_core_pass_bc_mutplace_derefonly_read_still_fine	0	0	e3b0c44298fc1c14
logos_02_semantic_core_pass_bc_mutplace_field_vec_index_write	0	0	e3b0c44298fc1c14
logos_02_semantic_core_pass_bc_mutplace_generic_boxref_write	0	0	e3b0c44298fc1c14
logos_02_semantic_core_pass_bc_mutplace_iflet_mutref_option_box	0	0	e3b0c44298fc1c14
logos_02_semantic_core_pass_bc_mutplace_index_read_in_rhs_of_deref_write	0	0	e3b0c44298fc1c14
logos_02_semantic_core_pass_bc_mutplace_indexmut_through_field_write	0	0	e3b0c44298fc1c14
logos_02_semantic_core_pass_bc_mutplace_loop_box_compound	0	0	e3b0c44298fc1c14
logos_02_semantic_core_pass_bc_mutplace_mutref_local_to_box_write	0	0	e3b0c44298fc1c14
logos_02_semantic_core_pass_bc_mutplace_static_mut_deref_write	0	0	e3b0c44298fc1c14
logos_02_semantic_core_pass_bc_mutplace_user_derefmut_nested_write	0	0	e3b0c44298fc1c14
logos_02_semantic_core_pass_bc_mutplace_user_derefmut_write_drops_old	0	0	e3b0c44298fc1c14
logos_02_semantic_core_pass_bc_mutplace_vec_push_byval_param_mut	0	0	e3b0c44298fc1c14
logos_02_semantic_core_pass_bc_mutplace_vec_push_closure_param_mut	0	0	e3b0c44298fc1c14
logos_02_semantic_core_pass_bc_mutplace_vec_push_destructure_mut	0	0	e3b0c44298fc1c14
logos_02_semantic_core_pass_bc_mutplace_vec_push_for_mut_binding	0	0	e3b0c44298fc1c14
logos_02_semantic_core_pass_bc_mutplace_vec_push_self_field	0	0	e3b0c44298fc1c14
logos_02_semantic_core_pass_bc_mutplace_while_cond_box_write	0	0	e3b0c44298fc1c14
logos_02_semantic_core_pass_bc_mutplace_write_through_mutref_immut_binding	0	0	e3b0c44298fc1c14
logos_02_semantic_core_pass_bc_mutstaticborrow_mut_static_twin	0	0	e3b0c44298fc1c14
logos_02_semantic_core_pass_bc_mutstaticunsafe_mut_borrow_twin	0	0	e3b0c44298fc1c14
logos_02_semantic_core_pass_bc_mutstaticunsafe_shadowed_local_twin	0	0	e3b0c44298fc1c14
logos_02_semantic_core_pass_bc_mutvecfor_shared_vec_looped_twice	0	6	e3b0c44298fc1c14
logos_02_semantic_core_pass_bc_mvchain_box_field_owned_admit	0	0	e3b0c44298fc1c14
logos_02_semantic_core_pass_bc_mvchain_nested_field_owned_admit	0	0	e3b0c44298fc1c14
logos_02_semantic_core_pass_bc_nll_d1_for_ref_admit	0	6	e3b0c44298fc1c14
logos_02_semantic_core_pass_bc_nll_d1_loop_closure_admit	0	6	e3b0c44298fc1c14
logos_02_semantic_core_pass_bc_nll_d1_loop_ref_admit	0	6	e3b0c44298fc1c14
logos_02_semantic_core_pass_bc_nll_d2_field_holder_admit	0	8	e3b0c44298fc1c14
logos_02_semantic_core_pass_bc_nll_d2_field_holder_mut_admit	0	7	e3b0c44298fc1c14
logos_02_semantic_core_pass_bc_nll_d2_field_sibling_admit	0	10	e3b0c44298fc1c14
logos_02_semantic_core_pass_bc_objlt_assoc_proj	0	0	e3b0c44298fc1c14
logos_02_semantic_core_pass_bc_objlt_closure_byref_local	0	0	e3b0c44298fc1c14
logos_02_semantic_core_pass_bc_objlt_closure_move_ref	0	0	e3b0c44298fc1c14
logos_02_semantic_core_pass_bc_objlt_closure_reborrow	0	0	e3b0c44298fc1c14
logos_02_semantic_core_pass_bc_objlt_deferred_box_let	0	0	e3b0c44298fc1c14
logos_02_semantic_core_pass_bc_objlt_deferred_called_runs	0	0	e3b0c44298fc1c14
logos_02_semantic_core_pass_bc_objlt_deferred_free_fn	0	0	e3b0c44298fc1c14
logos_02_semantic_core_pass_bc_objlt_enum_lt	0	0	e3b0c44298fc1c14
logos_02_semantic_core_pass_bc_objlt_generic_struct	0	0	e3b0c44298fc1c14
logos_02_semantic_core_pass_bc_objlt_impl_bound	0	0	e3b0c44298fc1c14
logos_02_semantic_core_pass_bc_objlt_impl_self	0	0	e3b0c44298fc1c14
logos_02_semantic_core_pass_bc_objlt_placewrite	0	0	e3b0c44298fc1c14
logos_02_semantic_core_pass_bc_objlt_same_sig_twins	0	0	e3b0c44298fc1c14
logos_02_semantic_core_pass_bc_objlt_str_literal	0	0	e3b0c44298fc1c14
logos_02_semantic_core_pass_bc_objlt_struct_lt	0	0	e3b0c44298fc1c14
logos_02_semantic_core_pass_bc_objlt_struct_where	0	0	e3b0c44298fc1c14
logos_02_semantic_core_pass_bc_objlt_tparam_static	0	0	e3b0c44298fc1c14
logos_02_semantic_core_pass_bc_objlt_tparam_transitive	0	0	e3b0c44298fc1c14
logos_02_semantic_core_pass_bc_opeq_init_before_use	0	0	e3b0c44298fc1c14
logos_02_semantic_core_pass_bc_opeq_place_writable_ok	0	0	e3b0c44298fc1c14
logos_02_semantic_core_pass_bc_param_ref_escape_ok	0	0	10159baf262b43a9
logos_02_semantic_core_pass_bc_partpair_generic_lookup_miss_twin	0	0	e3b0c44298fc1c14
logos_02_semantic_core_pass_bc_partpair_struct_ref_field_twin	0	0	e3b0c44298fc1c14
logos_02_semantic_core_pass_bc_patdeclrefbmut_legal_shapes_pass	0	0	e3b0c44298fc1c14
logos_02_semantic_core_pass_bc_patdeclrefbmut_sequenced_reborrows_pass	0	0	e3b0c44298fc1c14
logos_02_semantic_core_pass_bc_patloan_byvalue_ref_payload_admit	0	0	1121cfccd5913f0a
logos_02_semantic_core_pass_bc_patloan_ergonomic_ref_local_reassign_admit	0	0	1121cfccd5913f0a
logos_02_semantic_core_pass_bc_patloan_ref_assign_admit	0	0	10159baf262b43a9
logos_02_semantic_core_pass_bc_patloan_refmut_of_imm_admit	0	0	f0b5c2c2211c8d67
logos_02_semantic_core_pass_bc_patmovebind_at_ref_binding_twin	0	0	e3b0c44298fc1c14
logos_02_semantic_core_pass_bc_patmovebind_ref_arm_twin	0	0	e3b0c44298fc1c14
logos_02_semantic_core_pass_bc_patmovebind_tuple_ref_element_twin	0	0	e3b0c44298fc1c14
logos_02_semantic_core_pass_bc_patmut_closure_body_fieldwrite	0	0	e3b0c44298fc1c14
logos_02_semantic_core_pass_bc_patmut_for_arr_recv	0	0	e3b0c44298fc1c14
logos_02_semantic_core_pass_bc_patmut_for_tuple_pat_reassign	0	0	e3b0c44298fc1c14
logos_02_semantic_core_pass_bc_patmut_for_vec_mut_drop_count	0	0	e3b0c44298fc1c14
logos_02_semantic_core_pass_bc_patmut_for_vec_recv	0	0	e3b0c44298fc1c14
logos_02_semantic_core_pass_bc_patmut_generic_two_insts_recv	0	0	e3b0c44298fc1c14
logos_02_semantic_core_pass_bc_patmut_iflet_box_deref	0	0	e3b0c44298fc1c14
logos_02_semantic_core_pass_bc_patmut_iflet_recv	0	0	e3b0c44298fc1c14
logos_02_semantic_core_pass_bc_patmut_match_box_deref	0	0	e3b0c44298fc1c14
logos_02_semantic_core_pass_bc_patmut_match_mut_drop_count	0	0	e3b0c44298fc1c14
logos_02_semantic_core_pass_bc_patmut_match_mut_move_closure	0	0	e3b0c44298fc1c14
logos_02_semantic_core_pass_bc_patmut_match_mut_reassign_drop_count	0	0	e3b0c44298fc1c14
logos_02_semantic_core_pass_bc_patmut_match_reassign	0	0	e3b0c44298fc1c14
logos_02_semantic_core_pass_bc_patmut_match_variant_recv	0	0	e3b0c44298fc1c14
logos_02_semantic_core_pass_bc_patmut_nested_tuple_recv	0	0	e3b0c44298fc1c14
logos_02_semantic_core_pass_bc_patmut_nested_variant_reassign	0	0	e3b0c44298fc1c14
logos_02_semantic_core_pass_bc_patmut_or_pattern_recv	0	0	e3b0c44298fc1c14
logos_02_semantic_core_pass_bc_patmut_slice_let_reassign	0	0	e3b0c44298fc1c14
logos_02_semantic_core_pass_bc_patmut_struct_destructure_box_deref	0	0	e3b0c44298fc1c14
logos_02_semantic_core_pass_bc_patmut_struct_destructure_reassign	0	0	e3b0c44298fc1c14
logos_02_semantic_core_pass_bc_patmut_struct_destructure_recv	0	0	e3b0c44298fc1c14
logos_02_semantic_core_pass_bc_patmut_struct_shorthand	0	0	e3b0c44298fc1c14
logos_02_semantic_core_pass_bc_patmut_trait_default_iflet_recv	0	0	e3b0c44298fc1c14
logos_02_semantic_core_pass_bc_patmut_tuple_let_box_deref	0	0	e3b0c44298fc1c14
logos_02_semantic_core_pass_bc_patmut_tuple_struct_let	0	0	e3b0c44298fc1c14
logos_02_semantic_core_pass_bc_patmut_variant_struct_let	0	0	e3b0c44298fc1c14
logos_02_semantic_core_pass_bc_patmut_whilelet_reassign	0	0	e3b0c44298fc1c14
logos_02_semantic_core_pass_bc_patmut_wild_var_addrof	0	0	e3b0c44298fc1c14
logos_02_semantic_core_pass_bc_patown_chain_guard_moves	0	61	e3b0c44298fc1c14
logos_02_semantic_core_pass_bc_patown_chain_ref_then_reuse	0	12	e3b0c44298fc1c14
logos_02_semantic_core_pass_bc_patown_chain_three_segs	0	33	e3b0c44298fc1c14
logos_02_semantic_core_pass_bc_patown_closure_body_iflet	0	1	e3b0c44298fc1c14
logos_02_semantic_core_pass_bc_patown_copy_scrut_reused	0	6	e3b0c44298fc1c14
logos_02_semantic_core_pass_bc_patown_definite_assignment	0	4	e3b0c44298fc1c14
logos_02_semantic_core_pass_bc_patown_elseif_chain_drops	0	3	e3b0c44298fc1c14
logos_02_semantic_core_pass_bc_patown_field_place_readonly	0	15	e3b0c44298fc1c14
logos_02_semantic_core_pass_bc_patown_iflet_break_in_for	0	2	e3b0c44298fc1c14
logos_02_semantic_core_pass_bc_patown_iflet_closure_body	0	1	e3b0c44298fc1c14
logos_02_semantic_core_pass_bc_patown_iflet_else_if_chain	0	3	e3b0c44298fc1c14
logos_02_semantic_core_pass_bc_patown_iflet_else_moveout	0	1	e3b0c44298fc1c14
logos_02_semantic_core_pass_bc_patown_iflet_in_loop_break	0	3	e3b0c44298fc1c14
logos_02_semantic_core_pass_bc_patown_iflet_literal_in_match_in_loop	0	3	e3b0c44298fc1c14
logos_02_semantic_core_pass_bc_patown_iflet_moveout	0	0	e3b0c44298fc1c14
logos_02_semantic_core_pass_bc_patown_iflet_mut_fieldwrite	0	6	e3b0c44298fc1c14
logos_02_semantic_core_pass_bc_patown_iflet_mut_reassign	0	3	e3b0c44298fc1c14
logos_02_semantic_core_pass_bc_patown_iflet_nested_iflet	0	1	e3b0c44298fc1c14
logos_02_semantic_core_pass_bc_patown_iflet_nested_struct_sub	0	1	e3b0c44298fc1c14
logos_02_semantic_core_pass_bc_patown_iflet_nested_struct_sub_mut_box	0	5	e3b0c44298fc1c14
logos_02_semantic_core_pass_bc_patown_iflet_nested_tuple_moveout	0	1	e3b0c44298fc1c14
logos_02_semantic_core_pass_bc_patown_iflet_other_variant	0	2	e3b0c44298fc1c14
logos_02_semantic_core_pass_bc_patown_iflet_place_field_moveout	0	1	e3b0c44298fc1c14
logos_02_semantic_core_pass_bc_patown_iflet_readonly_return	0	1	e3b0c44298fc1c14
logos_02_semantic_core_pass_bc_patown_iflet_return_binding	0	1	e3b0c44298fc1c14
logos_02_semantic_core_pass_bc_patown_iflet_runtime_cond_moveout	0	3	e3b0c44298fc1c14
logos_02_semantic_core_pass_bc_patown_iflet_temp_readonly	0	1	e3b0c44298fc1c14
logos_02_semantic_core_pass_bc_patown_iflet_tuple_scrut_moveout	0	1	e3b0c44298fc1c14
logos_02_semantic_core_pass_bc_patown_ifletchain_at	0	0	e3b0c44298fc1c14
logos_02_semantic_core_pass_bc_patown_ifletchain_exclrange	0	0	e3b0c44298fc1c14
logos_02_semantic_core_pass_bc_patown_ifletchain_moveout	0	1	e3b0c44298fc1c14
logos_02_semantic_core_pass_bc_patown_ifletchain_mut	0	0	e3b0c44298fc1c14
logos_02_semantic_core_pass_bc_patown_ifletchain_negint	0	0	e3b0c44298fc1c14
logos_02_semantic_core_pass_bc_patown_ifletchain_slice	0	0	e3b0c44298fc1c14
logos_02_semantic_core_pass_bc_patown_ifletchain_struct_ref	0	1	e3b0c44298fc1c14
logos_02_semantic_core_pass_bc_patown_ifletexpr_moveout	0	1	e3b0c44298fc1c14
logos_02_semantic_core_pass_bc_patown_ifletexpr_value_drop	0	11	e3b0c44298fc1c14
logos_02_semantic_core_pass_bc_patown_labeled_continue_leak	0	4	e3b0c44298fc1c14
logos_02_semantic_core_pass_bc_patown_labeled_whilelet_continue	0	62	e3b0c44298fc1c14
logos_02_semantic_core_pass_bc_patown_letelse_moveout	0	1	e3b0c44298fc1c14
logos_02_semantic_core_pass_bc_patown_letelse_readonly	0	1	e3b0c44298fc1c14
logos_02_semantic_core_pass_bc_patown_match_nested_struct_sub_ctl	0	1	e3b0c44298fc1c14
logos_02_semantic_core_pass_bc_patown_match_nested_struct_sub_moveout_ctl	0	1	e3b0c44298fc1c14
logos_02_semantic_core_pass_bc_patown_match_tuple_scrut_nested_variant_moveout	0	1	e3b0c44298fc1c14
logos_02_semantic_core_pass_bc_patown_match_wild_other_variant	0	2	e3b0c44298fc1c14
logos_02_semantic_core_pass_bc_patown_mutref_scrutinee	0	6	e3b0c44298fc1c14
logos_02_semantic_core_pass_bc_patown_nested_variant_moveout	0	1	e3b0c44298fc1c14
logos_02_semantic_core_pass_bc_patown_ref_binding_self_field	0	44	e3b0c44298fc1c14
logos_02_semantic_core_pass_bc_patown_tail_ifletexpr	0	5	e3b0c44298fc1c14
logos_02_semantic_core_pass_bc_patown_temp_scrut_readonly	0	11	e3b0c44298fc1c14
logos_02_semantic_core_pass_bc_patown_then_returns_scrut_reused	0	1	e3b0c44298fc1c14
logos_02_semantic_core_pass_bc_patown_whilelet_break_readonly	0	3	e3b0c44298fc1c14
logos_02_semantic_core_pass_bc_patown_whilelet_chain_guard_fails	0	60	e3b0c44298fc1c14
logos_02_semantic_core_pass_bc_patown_whilelet_continue_readonly	0	3	e3b0c44298fc1c14
logos_02_semantic_core_pass_bc_patown_whilelet_mut_reassign	0	0	e3b0c44298fc1c14
logos_02_semantic_core_pass_bc_patown_whilelet_place_reassigned	0	66	e3b0c44298fc1c14
logos_02_semantic_core_pass_bc_patown_whilelet_place_reinit_break	0	1	e3b0c44298fc1c14
logos_02_semantic_core_pass_bc_patown_whilelet_readonly	0	3	e3b0c44298fc1c14
logos_02_semantic_core_pass_bc_patown_whilelet_temp_receiver	0	2	e3b0c44298fc1c14
logos_02_semantic_core_pass_bc_patown_whileletchain_mut	0	0	e3b0c44298fc1c14
logos_02_semantic_core_pass_bc_patref_amp_binds_nothing	0	0	e3b0c44298fc1c14
logos_02_semantic_core_pass_bc_patref_variant_binds_by_ref	0	3	e3b0c44298fc1c14
logos_02_semantic_core_pass_bc_patsubmove_legal_shapes	0	0	e3b0c44298fc1c14
logos_02_semantic_core_pass_bc_place_kind_admit_half	0	0	e3b0c44298fc1c14
logos_02_semantic_core_pass_bc_range_view_nll_admit	0	1	e3b0c44298fc1c14
logos_02_semantic_core_pass_bc_reassign_holder_releases_loan_admit	0	0	e3b0c44298fc1c14
logos_02_semantic_core_pass_bc_reborrow_through_array_elem_admit	0	0	e3b0c44298fc1c14
logos_02_semantic_core_pass_bc_reborrow_through_field_admit	0	0	e3b0c44298fc1c14
logos_02_semantic_core_pass_bc_reborrow_through_tuple_elem_admit	0	0	e3b0c44298fc1c14
logos_02_semantic_core_pass_bc_recv_addroftemp_resv_admit	0	0	e3b0c44298fc1c14
logos_02_semantic_core_pass_bc_recv_reservation_disjoint_admit	0	19	e3b0c44298fc1c14
logos_02_semantic_core_pass_bc_recv_self_lt_generic_admit	0	0	e3b0c44298fc1c14
logos_02_semantic_core_pass_bc_recv_self_lt_invariant_ok	0	0	e3b0c44298fc1c14
logos_02_semantic_core_pass_bc_recv_trait_bound_lt_ok	0	0	e3b0c44298fc1c14
logos_02_semantic_core_pass_bc_recvaot_mutref_iflet_option	0	0	e3b0c44298fc1c14
logos_02_semantic_core_pass_bc_recvaot_mutref_local_immut	0	0	e3b0c44298fc1c14
logos_02_semantic_core_pass_bc_recvaot_mutref_sequential_reborrow	0	0	e3b0c44298fc1c14
logos_02_semantic_core_pass_bc_recvaot_owned_mut_recv	0	0	e3b0c44298fc1c14
logos_02_semantic_core_pass_bc_recvfieldpath_sibling_field_call_twin	0	0	e3b0c44298fc1c14
logos_02_semantic_core_pass_bc_recvmutbind_pattern_mut_binding	0	0	e3b0c44298fc1c14
logos_02_semantic_core_pass_bc_recvnestshared_legal_shapes	0	0	e3b0c44298fc1c14
logos_02_semantic_core_pass_bc_recvpartial_disjoint_admit	0	0	e3b0c44298fc1c14
logos_02_semantic_core_pass_bc_recvpartial_reinit_admit	0	0	e3b0c44298fc1c14
logos_02_semantic_core_pass_bc_recvresv_two_phase_legal	0	0	e3b0c44298fc1c14
logos_02_semantic_core_pass_bc_recvselfderef_ref_self_twin	0	0	e3b0c44298fc1c14
logos_02_semantic_core_pass_bc_recvselfderef_unresolved_callee_twin	0	0	e3b0c44298fc1c14
logos_02_semantic_core_pass_bc_return_borrow_of_literal_admit	0	0	f0b5c2c2211c8d67
logos_02_semantic_core_pass_bc_return_borrow_through_ref_call_admit	0	10	e3b0c44298fc1c14
logos_02_semantic_core_pass_bc_scinitcond_lhs_init_twin	0	0	e3b0c44298fc1c14
logos_02_semantic_core_pass_bc_self_type_elided_lt_admit	0	0	e3b0c44298fc1c14
logos_02_semantic_core_pass_bc_self_type_enum_lt_match	0	0	e3b0c44298fc1c14
logos_02_semantic_core_pass_bc_self_type_lt_args_match	0	0	e3b0c44298fc1c14
logos_02_semantic_core_pass_bc_selflt_binder_other_param_admit	0	0	e3b0c44298fc1c14
logos_02_semantic_core_pass_bc_selflt_binder_shared_shared_admit	0	0	e3b0c44298fc1c14
logos_02_semantic_core_pass_bc_selflt_generic_dead_first_admit	0	0	e3b0c44298fc1c14
logos_02_semantic_core_pass_bc_sigdefuniq_default_notprovided_pass	0	0	e3b0c44298fc1c14
logos_02_semantic_core_pass_bc_sigdefuniq_default_rightparam_pass	0	0	e3b0c44298fc1c14
logos_02_semantic_core_pass_bc_sigdefuniq_default_selfparam_pass	0	0	e3b0c44298fc1c14
logos_02_semantic_core_pass_bc_sigdefuniq_overload_sametypearity_pass	0	0	e3b0c44298fc1c14
logos_02_semantic_core_pass_bc_sigselfsub_param_self_byvalue_pass	0	0	e3b0c44298fc1c14
logos_02_semantic_core_pass_bc_sigselfsub_param_self_match_pass	0	0	e3b0c44298fc1c14
logos_02_semantic_core_pass_bc_slice_borrow_param_admit	0	15	e3b0c44298fc1c14
logos_02_semantic_core_pass_bc_slice_return_param_admit	0	18	e3b0c44298fc1c14
logos_02_semantic_core_pass_bc_slicearr_elem_ref_twin	0	0	e3b0c44298fc1c14
logos_02_semantic_core_pass_bc_slicearr_owned_destructure_legal	0	0	e3b0c44298fc1c14
logos_02_semantic_core_pass_bc_slicearr_ref_slice_scrutinee_legal	0	0	e3b0c44298fc1c14
logos_02_semantic_core_pass_bc_slicearr_suffix_prefix_twin	0	0	e3b0c44298fc1c14
logos_02_semantic_core_pass_bc_slitfat_dst_field	0	0	e3b0c44298fc1c14
logos_02_semantic_core_pass_bc_slitfat_dyn_field	0	0	e3b0c44298fc1c14
logos_02_semantic_core_pass_bc_slitfat_push_arg	0	0	e3b0c44298fc1c14
logos_02_semantic_core_pass_bc_slitfat_slice_field	0	0	e3b0c44298fc1c14
logos_02_semantic_core_pass_bc_slitfat_str_field	0	0	e3b0c44298fc1c14
logos_02_semantic_core_pass_bc_slitfat_str_let	0	0	e3b0c44298fc1c14
logos_02_semantic_core_pass_bc_slitgen_outlives	0	0	e3b0c44298fc1c14
logos_02_semantic_core_pass_bc_slitgen_ref_field	0	0	e3b0c44298fc1c14
logos_02_semantic_core_pass_bc_slitmint_slice_local	0	0	e3b0c44298fc1c14
logos_02_semantic_core_pass_bc_slitmint_slice_local_elided	0	0	e3b0c44298fc1c14
logos_02_semantic_core_pass_bc_static_item_return_ref_admit	0	0	e3b0c44298fc1c14
logos_02_semantic_core_pass_bc_stcallelide_static_arg_elided_ret	0	0	e3b0c44298fc1c14
logos_02_semantic_core_pass_bc_stfacts_legal_twins	0	0	e3b0c44298fc1c14
logos_02_semantic_core_pass_bc_stfnptr_elided_output_is_binder	0	0	e3b0c44298fc1c14
logos_02_semantic_core_pass_bc_stplace_under_static_is_static	0	0	e3b0c44298fc1c14
logos_02_semantic_core_pass_bc_stpromote_literal_into_static_arg	0	0	e3b0c44298fc1c14
logos_02_semantic_core_pass_bc_streborrow_static_mut_keeps_region	0	0	e3b0c44298fc1c14
logos_02_semantic_core_pass_bc_strecv_static_receiver_elided_ret	0	0	e3b0c44298fc1c14
logos_02_semantic_core_pass_bc_structfldlt_declared_field_lifetime	0	7	e3b0c44298fc1c14
logos_02_semantic_core_pass_bc_structfldlt_placeholder_field_lifetime	0	0	e3b0c44298fc1c14
logos_02_semantic_core_pass_bc_structlit_field_lt_static_ok	0	0	e3b0c44298fc1c14
logos_02_semantic_core_pass_bc_stslot_static_item_into_static_let	0	0	e3b0c44298fc1c14
logos_02_semantic_core_pass_bc_thru_ref_field_mut_reborrow_admit	0	0	f0b5c2c2211c8d67
logos_02_semantic_core_pass_bc_thru_ref_param_double_deref_admit	0	0	53c234e5e8472b6a
logos_02_semantic_core_pass_bc_thru_ref_var_mut_reborrow_admit	0	0	53c234e5e8472b6a
logos_02_semantic_core_pass_bc_thrumutref_legal_shapes	0	0	e3b0c44298fc1c14
logos_02_semantic_core_pass_bc_tmcb_erased_call_param_twin	0	0	e3b0c44298fc1c14
logos_02_semantic_core_pass_bc_tmcb_erased_closure_param_twin	0	0	e3b0c44298fc1c14
logos_02_semantic_core_pass_bc_tmcb_erased_method_outlives_twin	0	0	e3b0c44298fc1c14
logos_02_semantic_core_pass_bc_tmpassign_mut_local	0	0	e3b0c44298fc1c14
logos_02_semantic_core_pass_bc_tmpassign_never_used	0	0	e3b0c44298fc1c14
logos_02_semantic_core_pass_bc_tmpassign_promoted	0	0	e3b0c44298fc1c14
logos_02_semantic_core_pass_bc_tmpfresh_let_cast	0	0	e3b0c44298fc1c14
logos_02_semantic_core_pass_bc_tmpfresh_ret_self	0	0	e3b0c44298fc1c14
logos_02_semantic_core_pass_bc_tpmixbnd_mixed_bound_list_pass	0	0	e3b0c44298fc1c14
logos_02_semantic_core_pass_bc_tupidxmove_sibling_element_twin	0	0	e3b0c44298fc1c14
logos_02_semantic_core_pass_bc_tuple_elem_disjoint	0	0	ad09582791adc3a3
logos_02_semantic_core_pass_bc_wf_alias	0	0	e3b0c44298fc1c14
logos_02_semantic_core_pass_bc_wf_enum_mention	0	0	e3b0c44298fc1c14
logos_02_semantic_core_pass_bc_wf_enum_payload	0	0	e3b0c44298fc1c14
logos_02_semantic_core_pass_bc_wf_field_where	0	0	e3b0c44298fc1c14
logos_02_semantic_core_pass_bc_wf_generic_instance	0	0	e3b0c44298fc1c14
logos_02_semantic_core_pass_bc_wf_impl_header	0	0	e3b0c44298fc1c14
logos_02_semantic_core_pass_bc_wf_impl_header_return	0	0	e3b0c44298fc1c14
logos_02_semantic_core_pass_bc_wf_impl_scope	0	0	e3b0c44298fc1c14
logos_02_semantic_core_pass_bc_wf_impl_tparam_bound	0	0	e3b0c44298fc1c14
logos_02_semantic_core_pass_bc_wf_impl_where	0	0	e3b0c44298fc1c14
logos_02_semantic_core_pass_bc_wf_method_turbofish	0	0	e3b0c44298fc1c14
logos_02_semantic_core_pass_bc_wf_nested_pred	0	0	e3b0c44298fc1c14
logos_02_semantic_core_pass_bc_wf_param_mention	0	0	e3b0c44298fc1c14
logos_02_semantic_core_pass_bc_wf_trait_impl_header	0	0	e3b0c44298fc1c14
logos_02_semantic_core_pass_bc_wf_tuple_in_vec	0	0	e3b0c44298fc1c14
logos_02_semantic_core_pass_bc_write_thru_shared_raw_ptr_admit	0	0	10159baf262b43a9
logos_02_semantic_core_pass_big-repeat-array-av	0	0	e3b0c44298fc1c14
logos_02_semantic_core_pass_binary-minus-without-space	0	0	e3b0c44298fc1c14
logos_02_semantic_core_pass_binary-minus-without-space-b135	0	0	e3b0c44298fc1c14
logos_02_semantic_core_pass_binary-minus-without-space-b150	0	0	e3b0c44298fc1c14
logos_02_semantic_core_pass_binary-op-on-fn-ptr-eq	0	0	e3b0c44298fc1c14
logos_02_semantic_core_pass_bind-field-short-with-modifiers	0	0	e3b0c44298fc1c14
logos_02_semantic_core_pass_binding-at-pattern-b162	0	0	e3b0c44298fc1c14
logos_02_semantic_core_pass_bindings-after-at-enum-pat	0	0	e3b0c44298fc1c14
logos_02_semantic_core_pass_bindings-after-at-struct-pat	0	0	e3b0c44298fc1c14
logos_02_semantic_core_pass_bindings-runpass-1-b144	0	0	e3b0c44298fc1c14
logos_02_semantic_core_pass_bindings-runpass-1-b154	0	0	e3b0c44298fc1c14
logos_02_semantic_core_pass_bindings-runpass-2-b144	0	0	e3b0c44298fc1c14
logos_02_semantic_core_pass_binop-bool-bitwise-b138	0	0	e3b0c44298fc1c14
logos_02_semantic_core_pass_binop-precedence-b164	0	0	e3b0c44298fc1c14
logos_02_semantic_core_pass_binop-precedence-bool-b165	0	0	e3b0c44298fc1c14
logos_02_semantic_core_pass_binops-bool	0	0	e3b0c44298fc1c14
logos_02_semantic_core_pass_binops-bool-b151	0	0	e3b0c44298fc1c14
logos_02_semantic_core_pass_binops-bool-corner-cases	0	0	e3b0c44298fc1c14
logos_02_semantic_core_pass_binops-corner-b139	0	0	e3b0c44298fc1c14
logos_02_semantic_core_pass_binops-corner-cases-b159	0	0	e3b0c44298fc1c14
logos_02_semantic_core_pass_bit-manip-popcount-b162	0	0	e3b0c44298fc1c14
logos_02_semantic_core_pass_bit-methods-na	0	0	e3b0c44298fc1c14
logos_02_semantic_core_pass_bitops-shifts-b166	0	0	e3b0c44298fc1c14
logos_02_semantic_core_pass_bitwise-mix	0	0	e3b0c44298fc1c14
logos_02_semantic_core_pass_bitwise-ops-platform	0	0	e3b0c44298fc1c14
logos_02_semantic_core_pass_bitwise_not	0	42	e3b0c44298fc1c14
logos_02_semantic_core_pass_bitwise_ops	0	0	aace8e95edb15324
logos_02_semantic_core_pass_bitwise_ops_u56_u128	0	42	e3b0c44298fc1c14
logos_02_semantic_core_pass_blanket-impl-all-T-via-generic-fn-tr3	0	0	e3b0c44298fc1c14
logos_02_semantic_core_pass_blanket-impl-box-to-dyn-b172	1	-	-
logos_02_semantic_core_pass_blanket-impl-default-b166	0	0	e3b0c44298fc1c14
logos_02_semantic_core_pass_blanket-impl-generic-struct-dyn	1	-	-
logos_02_semantic_core_pass_blanket-impl-primitive-dyn	0	0	e3b0c44298fc1c14
logos_02_semantic_core_pass_blanket-self-dispatch-in-vec-dyn	0	0	e3b0c44298fc1c14
logos_02_semantic_core_pass_blanket-three-supertraits-tr2	0	0	e3b0c44298fc1c14
logos_02_semantic_core_pass_blanket-via-supertrait-bound-5988-tr3	0	0	e3b0c44298fc1c14
logos_02_semantic_core_pass_blanket-via-supertrait-tr2	0	0	e3b0c44298fc1c14
logos_02_semantic_core_pass_blanket_chain_assoc_eq	0	0	e3b0c44298fc1c14
logos_02_semantic_core_pass_blanket_chain_subst	0	0	e3b0c44298fc1c14
logos_02_semantic_core_pass_blanket_chain_two_hops	0	0	e3b0c44298fc1c14
logos_02_semantic_core_pass_blanket_default_method	0	62	e3b0c44298fc1c14
logos_02_semantic_core_pass_blanket_impl_concrete_ref_i32	0	0	e3b0c44298fc1c14
logos_02_semantic_core_pass_blanket_impl_concrete_ref_struct	0	0	e3b0c44298fc1c14
logos_02_semantic_core_pass_blanket_impl_generic_ref_i32	0	0	e3b0c44298fc1c14
logos_02_semantic_core_pass_blanket_impl_generic_ref_relaxed_sized	0	0	e3b0c44298fc1c14
logos_02_semantic_core_pass_blanket_impl_sibling_bound_resolution	0	0	e3b0c44298fc1c14
logos_02_semantic_core_pass_block	0	0	e3b0c44298fc1c14
logos_02_semantic_core_pass_block-as-expr	0	0	e3b0c44298fc1c14
logos_02_semantic_core_pass_block-b152	0	0	e3b0c44298fc1c14
logos_02_semantic_core_pass_block-expr-shadow-n3-b166	0	0	e3b0c44298fc1c14
logos_02_semantic_core_pass_block-expr-xpr4	0	0	e3b0c44298fc1c14
logos_02_semantic_core_pass_block-fn	0	0	e3b0c44298fc1c14
logos_02_semantic_core_pass_block-fn-b135	0	0	e3b0c44298fc1c14
logos_02_semantic_core_pass_block-fn-b150	0	0	e3b0c44298fc1c14
logos_02_semantic_core_pass_block-fn-b152	0	0	e3b0c44298fc1c14
logos_02_semantic_core_pass_block-generic	0	0	e3b0c44298fc1c14
logos_02_semantic_core_pass_block-generic-b136	0	0	e3b0c44298fc1c14
logos_02_semantic_core_pass_block-generic-b141	0	0	e3b0c44298fc1c14
logos_02_semantic_core_pass_block-return	0	0	e3b0c44298fc1c14
logos_02_semantic_core_pass_block-scope-shadow-ex	0	0	e3b0c44298fc1c14
logos_02_semantic_core_pass_block_shadow_does_not_leak	0	5	e3b0c44298fc1c14
logos_02_semantic_core_pass_blocks-without-results-11709-b147	0	0	e3b0c44298fc1c14
logos_02_semantic_core_pass_blocks-without-results-11709-b154	0	0	e3b0c44298fc1c14
logos_02_semantic_core_pass_bool-and-lazy	0	0	e3b0c44298fc1c14
logos_02_semantic_core_pass_bool-bitops-b164	0	0	e3b0c44298fc1c14
logos_02_semantic_core_pass_bool-ops-truth-table-b163	0	0	e3b0c44298fc1c14
logos_02_semantic_core_pass_bool-or-lazy	0	0	e3b0c44298fc1c14
logos_02_semantic_core_pass_bool_as_f32	0	42	e3b0c44298fc1c14
logos_02_semantic_core_pass_boolean-negation-in-unreachable-code-7344	0	0	e3b0c44298fc1c14
logos_02_semantic_core_pass_boolean-negation-in-unreachable-code-7344-b154	0	0	e3b0c44298fc1c14
logos_02_semantic_core_pass_borrow-fn-returns	0	0	e3b0c44298fc1c14
logos_02_semantic_core_pass_borrow-from-cloned-temp-bc	0	0	e3b0c44298fc1c14
logos_02_semantic_core_pass_borrow-interior-box-elem-bc	0	0	e3b0c44298fc1c14
logos_02_semantic_core_pass_borrow-into-struct	0	0	e3b0c44298fc1c14
logos_02_semantic_core_pass_borrow-of-const	0	0	e3b0c44298fc1c14
logos_02_semantic_core_pass_borrow-of-imm-base-ptr-safe	0	0	e3b0c44298fc1c14
logos_02_semantic_core_pass_borrow-tuple-fields	0	0	e3b0c44298fc1c14
logos_02_semantic_core_pass_borrow-tuple-fields-b135	0	0	e3b0c44298fc1c14
logos_02_semantic_core_pass_borrow-tuple-fields-b148	0	0	e3b0c44298fc1c14
logos_02_semantic_core_pass_borrow-use-issue-46875	0	0	e3b0c44298fc1c14
logos_02_semantic_core_pass_borrowck-assign-to-subfield	0	0	e3b0c44298fc1c14
logos_02_semantic_core_pass_borrowck-assign-to-subfield-b153	0	0	e3b0c44298fc1c14
logos_02_semantic_core_pass_borrowck-binding-mutbl	0	0	e3b0c44298fc1c14
logos_02_semantic_core_pass_borrowck-borrow-of-mut-base-ptr-safe	0	0	e3b0c44298fc1c14
logos_02_semantic_core_pass_borrowck-borrow-of-mut-base-ptr-safe-b153	0	0	e3b0c44298fc1c14
logos_02_semantic_core_pass_borrowck-closures-two-imm	0	0	e3b0c44298fc1c14
logos_02_semantic_core_pass_borrowck-fixed-length-vecs	0	0	e3b0c44298fc1c14
logos_02_semantic_core_pass_borrowck-fixed-length-vecs-b153	0	0	e3b0c44298fc1c14
logos_02_semantic_core_pass_borrowck-lend-args	0	0	e3b0c44298fc1c14
logos_02_semantic_core_pass_borrowck-move-by-capture-ok	0	0	e3b0c44298fc1c14
logos_02_semantic_core_pass_borrowck-mut-vec-as-imm-slice	0	0	e3b0c44298fc1c14
logos_02_semantic_core_pass_borrowck-mut-vec-as-imm-slice-b153	0	0	e3b0c44298fc1c14
logos_02_semantic_core_pass_borrowck-pat-enum	0	0	e3b0c44298fc1c14
logos_02_semantic_core_pass_borrowck-pat-reassign-no-binding	0	0	e3b0c44298fc1c14
logos_02_semantic_core_pass_borrowck-pat-reassign-no-binding-b153	0	0	e3b0c44298fc1c14
logos_02_semantic_core_pass_borrowck-rvalues-mutable	0	0	e3b0c44298fc1c14
logos_02_semantic_core_pass_borrowck-scope-of-deref-issue-4666	0	0	e3b0c44298fc1c14
logos_02_semantic_core_pass_borrowck-uniq-via-ref	0	0	e3b0c44298fc1c14
logos_02_semantic_core_pass_borrowck-univariant-enum	0	0	e3b0c44298fc1c14
logos_02_semantic_core_pass_borrowck-unused-mut-locals	0	0	e3b0c44298fc1c14
logos_02_semantic_core_pass_borrowed-dyn-dispatch-b168	0	0	e3b0c44298fc1c14
logos_02_semantic_core_pass_borrowed-ptr-pattern	0	0	e3b0c44298fc1c14
logos_02_semantic_core_pass_borrowed-ptr-pattern-3	0	0	e3b0c44298fc1c14
logos_02_semantic_core_pass_borrowed-ptr-pattern-b139	0	0	e3b0c44298fc1c14
logos_02_semantic_core_pass_borrowed-ptr-pattern-b152	0	0	e3b0c44298fc1c14
logos_02_semantic_core_pass_borrowed-ptr-pattern-option-b160	0	0	e3b0c44298fc1c14
logos_02_semantic_core_pass_borrowed-traitobject-method-5008	0	0	e3b0c44298fc1c14
logos_02_semantic_core_pass_bound-multiple	0	0	e3b0c44298fc1c14
logos_02_semantic_core_pass_bound-multiple-b142	0	0	e3b0c44298fc1c14
logos_02_semantic_core_pass_bound-subst-default-method-b161	0	0	e3b0c44298fc1c14
logos_02_semantic_core_pass_box-concrete-as-box-dyn-return	1	-	-
logos_02_semantic_core_pass_box-dyn-fnmut	0	0	e3b0c44298fc1c14
logos_02_semantic_core_pass_box-gen-gap	0	0	e3b0c44298fc1c14
logos_02_semantic_core_pass_box-trait-obj	0	0	e3b0c44298fc1c14
logos_02_semantic_core_pass_box_deref_copy_and_use	0	0	e3b0c44298fc1c14
logos_02_semantic_core_pass_box_deref_move	0	0	e3b0c44298fc1c14
logos_02_semantic_core_pass_box_dst_owning	0	60	e3b0c44298fc1c14
logos_02_semantic_core_pass_box_dst_owning_drop	0	2	e3b0c44298fc1c14
logos_02_semantic_core_pass_box_dyn_owning_field	0	7	e3b0c44298fc1c14
logos_02_semantic_core_pass_box_dyn_owning_param	0	3	e3b0c44298fc1c14
logos_02_semantic_core_pass_box_dyn_owning_return	0	42	e3b0c44298fc1c14
logos_02_semantic_core_pass_box_dyn_owning_vec	0	7	e3b0c44298fc1c14
logos_02_semantic_core_pass_box_into_raw	0	42	e3b0c44298fc1c14
logos_02_semantic_core_pass_box_slice_deref	0	14	e3b0c44298fc1c14
logos_02_semantic_core_pass_box_slice_elem_drop	0	3	e3b0c44298fc1c14
logos_02_semantic_core_pass_box_slice_move	0	7	e3b0c44298fc1c14
logos_02_semantic_core_pass_boxed-capturing-closure-factory-b167	0	0	e3b0c44298fc1c14
logos_02_semantic_core_pass_boxed-cl-call	0	0	e3b0c44298fc1c14
logos_02_semantic_core_pass_boxed-noncapturing-closure-return-b167	0	0	e3b0c44298fc1c14
logos_02_semantic_core_pass_boxed-struct-gap	0	0	e3b0c44298fc1c14
logos_02_semantic_core_pass_branch_merge_expected_type	0	0	e3b0c44298fc1c14
logos_02_semantic_core_pass_break	0	0	e3b0c44298fc1c14
logos_02_semantic_core_pass_break-b148	0	0	e3b0c44298fc1c14
logos_02_semantic_core_pass_break-continue-all-b139	0	0	e3b0c44298fc1c14
logos_02_semantic_core_pass_break-in-arg-position-it	0	0	e3b0c44298fc1c14
logos_02_semantic_core_pass_break-value	0	0	e3b0c44298fc1c14
logos_02_semantic_core_pass_break-value-loop-bnever	0	0	e3b0c44298fc1c14
logos_02_semantic_core_pass_break_as_expr	0	0	e3b0c44298fc1c14
logos_02_semantic_core_pass_bug-7295	0	0	e3b0c44298fc1c14
logos_02_semantic_core_pass_bug-7295-b150	0	0	e3b0c44298fc1c14
logos_02_semantic_core_pass_builtin-superkinds-phantom-typaram-b147	0	0	e3b0c44298fc1c14
logos_02_semantic_core_pass_by-value-self-in-mut-slot	0	0	e3b0c44298fc1c14
logos_02_semantic_core_pass_by-value-self-in-mut-slot-b135	0	0	e3b0c44298fc1c14
logos_02_semantic_core_pass_by-value-self-mut-slf4	0	0	e3b0c44298fc1c14
logos_02_semantic_core_pass_by_value_enum_param_eq	0	0	e3b0c44298fc1c14
logos_02_semantic_core_pass_byte-array-patterns-b160	0	0	e3b0c44298fc1c14
logos_02_semantic_core_pass_byte-pack-unpack-b163	0	0	e3b0c44298fc1c14
logos_02_semantic_core_pass_byte-string-literal-index	0	0	e3b0c44298fc1c14
logos_02_semantic_core_pass_byte_string_expr	0	0	e3b0c44298fc1c14
logos_02_semantic_core_pass_byte_string_pattern	0	0	e3b0c44298fc1c14
logos_02_semantic_core_pass_call-closure-from-overloaded-op	0	0	e3b0c44298fc1c14
logos_02_semantic_core_pass_call-fn-ref-autoderef	0	0	e3b0c44298fc1c14
logos_02_semantic_core_pass_canon_container_facts	0	0	e3b0c44298fc1c14
logos_02_semantic_core_pass_canon_split_policy	0	0	e3b0c44298fc1c14
logos_02_semantic_core_pass_canon_verdicts_basic	0	0	e3b0c44298fc1c14
logos_02_semantic_core_pass_capture-clauses-boxed-closures-b151	0	0	e3b0c44298fc1c14
logos_02_semantic_core_pass_capture-clauses-unboxed-closures	0	0	e3b0c44298fc1c14
logos_02_semantic_core_pass_capture-disjoint-field-struct-b156	0	0	e3b0c44298fc1c14
logos_02_semantic_core_pass_capture-disjoint-field-tuple-b156	0	0	e3b0c44298fc1c14
logos_02_semantic_core_pass_cast	0	42	e3b0c44298fc1c14
logos_02_semantic_core_pass_cast-bool-i32	0	0	e3b0c44298fc1c14
logos_02_semantic_core_pass_cast-bool-to-int-ca	0	0	e3b0c44298fc1c14
logos_02_semantic_core_pass_cast-chained-ca	0	0	e3b0c44298fc1c14
logos_02_semantic_core_pass_cast-char-and-int	0	0	e3b0c44298fc1c14
logos_02_semantic_core_pass_cast-char-int-chains-b160	0	0	e3b0c44298fc1c14
logos_02_semantic_core_pass_cast-char-int-roundtrip-b135	0	0	e3b0c44298fc1c14
logos_02_semantic_core_pass_cast-char-to-int-ca	0	0	e3b0c44298fc1c14
logos_02_semantic_core_pass_cast-coercion-trivial-ca	0	0	e3b0c44298fc1c14
logos_02_semantic_core_pass_cast-does-fallback	0	0	e3b0c44298fc1c14
logos_02_semantic_core_pass_cast-enum-and-char-b159	0	0	e3b0c44298fc1c14
logos_02_semantic_core_pass_cast-enum-as-int-ca	0	0	e3b0c44298fc1c14
logos_02_semantic_core_pass_cast-enum-const	0	0	e3b0c44298fc1c14
logos_02_semantic_core_pass_cast-enum-signed-disc-ca	0	0	e3b0c44298fc1c14
logos_02_semantic_core_pass_cast-f32-f64-ca	0	0	e3b0c44298fc1c14
logos_02_semantic_core_pass_cast-float-saturate-ca	0	0	e3b0c44298fc1c14
logos_02_semantic_core_pass_cast-i32-to-i64	0	0	e3b0c44298fc1c14
logos_02_semantic_core_pass_cast-i32-to-u16	0	0	e3b0c44298fc1c14
logos_02_semantic_core_pass_cast-i32-to-u32	0	0	e3b0c44298fc1c14
logos_02_semantic_core_pass_cast-i32-to-u8	0	0	e3b0c44298fc1c14
logos_02_semantic_core_pass_cast-i64-to-i32	0	0	e3b0c44298fc1c14
logos_02_semantic_core_pass_cast-i64-to-u16	0	0	e3b0c44298fc1c14
logos_02_semantic_core_pass_cast-i64-to-u32	0	0	e3b0c44298fc1c14
logos_02_semantic_core_pass_cast-i64-to-u8	0	0	e3b0c44298fc1c14
logos_02_semantic_core_pass_cast-in-array-size	0	0	e3b0c44298fc1c14
logos_02_semantic_core_pass_cast-int-float-roundtrip-b138	0	0	e3b0c44298fc1c14
logos_02_semantic_core_pass_cast-int-float-roundtrip-ca	0	0	e3b0c44298fc1c14
logos_02_semantic_core_pass_cast-int-to-char-ca	0	0	e3b0c44298fc1c14
logos_02_semantic_core_pass_cast-int-widen-signext-ca	0	0	e3b0c44298fc1c14
logos_02_semantic_core_pass_cast-numeric-chain-b165	0	0	e3b0c44298fc1c14
logos_02_semantic_core_pass_cast-ptr-addr-roundtrip-ca	0	0	e3b0c44298fc1c14
logos_02_semantic_core_pass_cast-ref-to-ptr-ca	0	0	e3b0c44298fc1c14
logos_02_semantic_core_pass_cast-region-to-uint	0	0	b9428f830ec5bfeb
logos_02_semantic_core_pass_cast-region-to-uint-b152	0	0	e3b0c44298fc1c14
logos_02_semantic_core_pass_cast-rfc0401	0	0	e3b0c44298fc1c14
logos_02_semantic_core_pass_cast-to-char-compare-cst4	0	0	e3b0c44298fc1c14
logos_02_semantic_core_pass_cast-to-infer-ty	0	0	e3b0c44298fc1c14
logos_02_semantic_core_pass_cast-u16-to-i32	0	0	e3b0c44298fc1c14
logos_02_semantic_core_pass_cast-u16-to-i64	0	0	e3b0c44298fc1c14
logos_02_semantic_core_pass_cast-u16-to-u32	0	0	e3b0c44298fc1c14
logos_02_semantic_core_pass_cast-u16-to-u8	0	0	e3b0c44298fc1c14
logos_02_semantic_core_pass_cast-u32-to-i32	0	0	e3b0c44298fc1c14
logos_02_semantic_core_pass_cast-u32-to-i64	0	0	e3b0c44298fc1c14
logos_02_semantic_core_pass_cast-u32-to-u16	0	0	e3b0c44298fc1c14
logos_02_semantic_core_pass_cast-u32-to-u8	0	0	e3b0c44298fc1c14
logos_02_semantic_core_pass_cast-u64-narrow-signed-ca	0	0	e3b0c44298fc1c14
logos_02_semantic_core_pass_cast-u8-to-i32	0	0	e3b0c44298fc1c14
logos_02_semantic_core_pass_cast-u8-to-i64	0	0	e3b0c44298fc1c14
logos_02_semantic_core_pass_cast-u8-to-u16	0	0	e3b0c44298fc1c14
logos_02_semantic_core_pass_cast-u8-to-u32	0	0	e3b0c44298fc1c14
logos_02_semantic_core_pass_cast_bool	0	42	e3b0c44298fc1c14
logos_02_semantic_core_pass_cast_chain	0	42	e3b0c44298fc1c14
logos_02_semantic_core_pass_cast_ptr	0	42	e3b0c44298fc1c14
logos_02_semantic_core_pass_cast_u8_i8	0	42	e3b0c44298fc1c14
logos_02_semantic_core_pass_cast_unsigned_to_float	0	42	e3b0c44298fc1c14
logos_02_semantic_core_pass_cast_widening	0	42	e3b0c44298fc1c14
logos_02_semantic_core_pass_cell_basic	0	42	e3b0c44298fc1c14
logos_02_semantic_core_pass_cell_unsafe_basic	0	42	e3b0c44298fc1c14
logos_02_semantic_core_pass_cell_unsafe_methods	0	22	e3b0c44298fc1c14
logos_02_semantic_core_pass_cell_unsafe_shared_mut	0	13	e3b0c44298fc1c14
logos_02_semantic_core_pass_cfg_attribute_drop	0	0	e3b0c44298fc1c14
logos_02_semantic_core_pass_cfg_expression_builtins	0	0	e3b0c44298fc1c14
logos_02_semantic_core_pass_cfg_feature_flag_attr	0	0	e3b0c44298fc1c14
logos_02_semantic_core_pass_cfg_platform_switch	0	0	e3b0c44298fc1c14
logos_02_semantic_core_pass_chain-count-itx	0	0	e3b0c44298fc1c14
logos_02_semantic_core_pass_chain-field-array-field-read-b166	0	0	e3b0c44298fc1c14
logos_02_semantic_core_pass_chain_field_write	0	42	e3b0c44298fc1c14
logos_02_semantic_core_pass_chain_field_write_deep	0	42	e3b0c44298fc1c14
logos_02_semantic_core_pass_chain_field_write_scalar_named	0	42	e3b0c44298fc1c14
logos_02_semantic_core_pass_chained-borrow-fns-lt	0	0	e3b0c44298fc1c14
logos_02_semantic_core_pass_char-classify-b165	0	0	e3b0c44298fc1c14
logos_02_semantic_core_pass_char-escape-equivalence-b160	0	0	e3b0c44298fc1c14
logos_02_semantic_core_pass_char-methods-b164	0	0	e3b0c44298fc1c14
logos_02_semantic_core_pass_char-methods-classify-b162	0	0	e3b0c44298fc1c14
logos_02_semantic_core_pass_char-range-classify-b163	0	0	e3b0c44298fc1c14
logos_02_semantic_core_pass_char-range-guard-b137	0	0	e3b0c44298fc1c14
logos_02_semantic_core_pass_char-range-pat	0	0	e3b0c44298fc1c14
logos_02_semantic_core_pass_char_as_f64_unsigned	0	7	e3b0c44298fc1c14
logos_02_semantic_core_pass_char_copy_bound	0	0	e3b0c44298fc1c14
logos_02_semantic_core_pass_char_lit_unicode	0	0	e3b0c44298fc1c14
logos_02_semantic_core_pass_char_literal	0	22	e3b0c44298fc1c14
logos_02_semantic_core_pass_checked-arith-na	0	0	e3b0c44298fc1c14
logos_02_semantic_core_pass_cl-2arg-1	0	0	e3b0c44298fc1c14
logos_02_semantic_core_pass_cl-2arg-10	0	0	e3b0c44298fc1c14
logos_02_semantic_core_pass_cl-2arg-2	0	0	e3b0c44298fc1c14
logos_02_semantic_core_pass_cl-2arg-3	0	0	e3b0c44298fc1c14
logos_02_semantic_core_pass_cl-2arg-4	0	0	e3b0c44298fc1c14
logos_02_semantic_core_pass_cl-2arg-5	0	0	e3b0c44298fc1c14
logos_02_semantic_core_pass_cl-2arg-6	0	0	e3b0c44298fc1c14
logos_02_semantic_core_pass_cl-2arg-7	0	0	e3b0c44298fc1c14
logos_02_semantic_core_pass_cl-2arg-8	0	0	e3b0c44298fc1c14
logos_02_semantic_core_pass_cl-2arg-9	0	0	e3b0c44298fc1c14
logos_02_semantic_core_pass_cl-arg-mut-ref	0	0	e3b0c44298fc1c14
logos_02_semantic_core_pass_cl-borrows-local	0	0	e3b0c44298fc1c14
logos_02_semantic_core_pass_cl-call-many-times	0	0	e3b0c44298fc1c14
logos_02_semantic_core_pass_cl-capture-1	0	0	e3b0c44298fc1c14
logos_02_semantic_core_pass_cl-capture-10	0	0	e3b0c44298fc1c14
logos_02_semantic_core_pass_cl-capture-2	0	0	e3b0c44298fc1c14
logos_02_semantic_core_pass_cl-capture-3	0	0	e3b0c44298fc1c14
logos_02_semantic_core_pass_cl-capture-4	0	0	e3b0c44298fc1c14
logos_02_semantic_core_pass_cl-capture-5	0	0	e3b0c44298fc1c14
logos_02_semantic_core_pass_cl-capture-6	0	0	e3b0c44298fc1c14
logos_02_semantic_core_pass_cl-capture-7	0	0	e3b0c44298fc1c14
logos_02_semantic_core_pass_cl-capture-8	0	0	e3b0c44298fc1c14
logos_02_semantic_core_pass_cl-capture-9	0	0	e3b0c44298fc1c14
logos_02_semantic_core_pass_cl-capture-fnptr-gap	0	0	e3b0c44298fc1c14
logos_02_semantic_core_pass_cl-deep-capture	0	0	e3b0c44298fc1c14
logos_02_semantic_core_pass_cl-deeper-1	0	0	e3b0c44298fc1c14
logos_02_semantic_core_pass_cl-deeper-10	0	0	e3b0c44298fc1c14
logos_02_semantic_core_pass_cl-deeper-2	0	0	e3b0c44298fc1c14
logos_02_semantic_core_pass_cl-deeper-3	0	0	e3b0c44298fc1c14
logos_02_semantic_core_pass_cl-deeper-4	0	0	e3b0c44298fc1c14
logos_02_semantic_core_pass_cl-deeper-5	0	0	e3b0c44298fc1c14
logos_02_semantic_core_pass_cl-deeper-6	0	0	e3b0c44298fc1c14
logos_02_semantic_core_pass_cl-deeper-7	0	0	e3b0c44298fc1c14
logos_02_semantic_core_pass_cl-deeper-8	0	0	e3b0c44298fc1c14
logos_02_semantic_core_pass_cl-deeper-9	0	0	e3b0c44298fc1c14
logos_02_semantic_core_pass_cl-explicit-ret	0	0	e3b0c44298fc1c14
logos_02_semantic_core_pass_cl-fnmut-stateful	0	0	e3b0c44298fc1c14
logos_02_semantic_core_pass_cl-higher-1	0	0	e3b0c44298fc1c14
logos_02_semantic_core_pass_cl-higher-10	0	0	e3b0c44298fc1c14
logos_02_semantic_core_pass_cl-higher-2	0	0	e3b0c44298fc1c14
logos_02_semantic_core_pass_cl-higher-3	0	0	e3b0c44298fc1c14
logos_02_semantic_core_pass_cl-higher-4	0	0	e3b0c44298fc1c14
logos_02_semantic_core_pass_cl-higher-5	0	0	e3b0c44298fc1c14
logos_02_semantic_core_pass_cl-higher-6	0	0	e3b0c44298fc1c14
logos_02_semantic_core_pass_cl-higher-7	0	0	e3b0c44298fc1c14
logos_02_semantic_core_pass_cl-higher-8	0	0	e3b0c44298fc1c14
logos_02_semantic_core_pass_cl-higher-9	0	0	e3b0c44298fc1c14
logos_02_semantic_core_pass_cl-id-1	0	0	e3b0c44298fc1c14
logos_02_semantic_core_pass_cl-id-10	0	0	e3b0c44298fc1c14
logos_02_semantic_core_pass_cl-id-2	0	0	e3b0c44298fc1c14
logos_02_semantic_core_pass_cl-id-3	0	0	e3b0c44298fc1c14
logos_02_semantic_core_pass_cl-id-4	0	0	e3b0c44298fc1c14
logos_02_semantic_core_pass_cl-id-5	0	0	e3b0c44298fc1c14
logos_02_semantic_core_pass_cl-id-6	0	0	e3b0c44298fc1c14
logos_02_semantic_core_pass_cl-id-7	0	0	e3b0c44298fc1c14
logos_02_semantic_core_pass_cl-id-8	0	0	e3b0c44298fc1c14
logos_02_semantic_core_pass_cl-id-9	0	0	e3b0c44298fc1c14
logos_02_semantic_core_pass_cl-modify-capture	0	0	e3b0c44298fc1c14
logos_02_semantic_core_pass_cl-multi-capture-1	0	0	e3b0c44298fc1c14
logos_02_semantic_core_pass_cl-multi-capture-2	0	0	e3b0c44298fc1c14
logos_02_semantic_core_pass_cl-multi-capture-3	0	0	e3b0c44298fc1c14
logos_02_semantic_core_pass_cl-multi-capture-4	0	0	e3b0c44298fc1c14
logos_02_semantic_core_pass_cl-multi-capture-5	0	0	e3b0c44298fc1c14
logos_02_semantic_core_pass_cl-mut-capture	0	0	e3b0c44298fc1c14
logos_02_semantic_core_pass_cl-mut-no-leak	0	0	e3b0c44298fc1c14
logos_02_semantic_core_pass_cl-no-recursion-ok	0	0	e3b0c44298fc1c14
logos_02_semantic_core_pass_cl-of-cl	0	0	e3b0c44298fc1c14
logos_02_semantic_core_pass_cl-ret-ref-capture	0	0	e3b0c44298fc1c14
logos_02_semantic_core_pass_cl-returning-cl	0	0	e3b0c44298fc1c14
logos_02_semantic_core_pass_cl-stack-1	0	0	e3b0c44298fc1c14
logos_02_semantic_core_pass_cl-stack-2	0	0	e3b0c44298fc1c14
logos_02_semantic_core_pass_cl-stack-3	0	0	e3b0c44298fc1c14
logos_02_semantic_core_pass_cl-stack-4	0	0	e3b0c44298fc1c14
logos_02_semantic_core_pass_cl-stack-5	0	0	e3b0c44298fc1c14
logos_02_semantic_core_pass_class-impl-very-parameterized-trait-b149	0	0	e3b0c44298fc1c14
logos_02_semantic_core_pass_class-many-methods-se	0	0	e3b0c44298fc1c14
logos_02_semantic_core_pass_class-poly-methods	0	0	e3b0c44298fc1c14
logos_02_semantic_core_pass_class-poly-methods-b133	0	0	e3b0c44298fc1c14
logos_02_semantic_core_pass_class-poly-methods-b139	0	0	e3b0c44298fc1c14
logos_02_semantic_core_pass_class-poly-methods-b156	0	0	e3b0c44298fc1c14
logos_02_semantic_core_pass_class-poly-methods-b159	0	0	e3b0c44298fc1c14
logos_02_semantic_core_pass_class-typarams	0	0	e3b0c44298fc1c14
logos_02_semantic_core_pass_class-typarams-b156	0	0	e3b0c44298fc1c14
logos_02_semantic_core_pass_class-very-parameterized-b156	0	0	e3b0c44298fc1c14
logos_02_semantic_core_pass_clike-as-int-en	0	0	e3b0c44298fc1c14
logos_02_semantic_core_pass_clike-discr-from-enum-en	0	0	e3b0c44298fc1c14
logos_02_semantic_core_pass_clike-eq-compare-en	0	0	e3b0c44298fc1c14
logos_02_semantic_core_pass_closure	0	42	e3b0c44298fc1c14
logos_02_semantic_core_pass_closure-array-param-b172	0	0	e3b0c44298fc1c14
logos_02_semantic_core_pass_closure-block-wrapping-fnptr-cl3	0	0	e3b0c44298fc1c14
logos_02_semantic_core_pass_closure-calls-fn-fc4	0	0	e3b0c44298fc1c14
logos_02_semantic_core_pass_closure-capture-by-move-sum-b162	0	0	e3b0c44298fc1c14
logos_02_semantic_core_pass_closure-capture-clone-then-move-cl2	0	0	e3b0c44298fc1c14
logos_02_semantic_core_pass_closure-capture-mut-b138	0	0	e3b0c44298fc1c14
logos_02_semantic_core_pass_closure-capture-two-disjoint-mut-cl2	0	0	e3b0c44298fc1c14
logos_02_semantic_core_pass_closure-captured-struct-mut-method	0	0	e3b0c44298fc1c14
logos_02_semantic_core_pass_closure-captures-by-ref	0	0	e3b0c44298fc1c14
logos_02_semantic_core_pass_closure-captures-i32-by-copy	0	0	e3b0c44298fc1c14
logos_02_semantic_core_pass_closure-captures-ref	0	0	e3b0c44298fc1c14
logos_02_semantic_core_pass_closure-explicit-param-ret-types-cl3	0	0	e3b0c44298fc1c14
logos_02_semantic_core_pass_closure-fn-bound-twice-cl2	0	0	e3b0c44298fc1c14
logos_02_semantic_core_pass_closure-fn-mut-incr	0	0	e3b0c44298fc1c14
logos_02_semantic_core_pass_closure-fnmut-accumulate-cl2	0	0	e3b0c44298fc1c14
logos_02_semantic_core_pass_closure-fnmut-counter-b162	0	0	e3b0c44298fc1c14
logos_02_semantic_core_pass_closure-fnmut-counter-b165	0	0	e3b0c44298fc1c14
logos_02_semantic_core_pass_closure-fnmut-return-move-cl2	0	0	e3b0c44298fc1c14
logos_02_semantic_core_pass_closure-fnonce-move-b164	0	0	e3b0c44298fc1c14
logos_02_semantic_core_pass_closure-fnptr-array-cl2	0	0	e3b0c44298fc1c14
logos_02_semantic_core_pass_closure-generic-fnonce-unit-ret-cl3	0	0	e3b0c44298fc1c14
logos_02_semantic_core_pass_closure-generic-over-fn-and-closure-cl2	0	0	e3b0c44298fc1c14
logos_02_semantic_core_pass_closure-higher-order-fn	0	0	e3b0c44298fc1c14
logos_02_semantic_core_pass_closure-higher-order-returns-fnptr-cl2	0	0	e3b0c44298fc1c14
logos_02_semantic_core_pass_closure-immediate	0	0	e3b0c44298fc1c14
logos_02_semantic_core_pass_closure-immediate-b133	0	0	e3b0c44298fc1c14
logos_02_semantic_core_pass_closure-immediate-b150	0	0	e3b0c44298fc1c14
logos_02_semantic_core_pass_closure-immediate-b161	0	0	e3b0c44298fc1c14
logos_02_semantic_core_pass_closure-immediate-call-b138	0	0	e3b0c44298fc1c14
logos_02_semantic_core_pass_closure-immediately-invoked-cl2	0	0	e3b0c44298fc1c14
logos_02_semantic_core_pass_closure-in-match-arm-cl2	0	0	e3b0c44298fc1c14
logos_02_semantic_core_pass_closure-in-match-guard	0	0	e3b0c44298fc1c14
logos_02_semantic_core_pass_closure-in-struct-field-fn-bound-b167	0	0	e3b0c44298fc1c14
logos_02_semantic_core_pass_closure-in-tuple-struct-destructure-cl3	0	0	e3b0c44298fc1c14
logos_02_semantic_core_pass_closure-inference	0	0	e3b0c44298fc1c14
logos_02_semantic_core_pass_closure-inference-b155	0	0	e3b0c44298fc1c14
logos_02_semantic_core_pass_closure-inference-b161	0	0	e3b0c44298fc1c14
logos_02_semantic_core_pass_closure-inference2	0	0	e3b0c44298fc1c14
logos_02_semantic_core_pass_closure-inference2-b150	0	0	e3b0c44298fc1c14
logos_02_semantic_core_pass_closure-inference2-b151	0	0	e3b0c44298fc1c14
logos_02_semantic_core_pass_closure-last-use-move-b158	0	0	e3b0c44298fc1c14
logos_02_semantic_core_pass_closure-move-mutate-no-read-cl2	0	0	e3b0c44298fc1c14
logos_02_semantic_core_pass_closure-mut-argument-6153	0	0	e3b0c44298fc1c14
logos_02_semantic_core_pass_closure-mut-capture-b166	0	0	e3b0c44298fc1c14
logos_02_semantic_core_pass_closure-nested-move-owned-cl2	0	0	e3b0c44298fc1c14
logos_02_semantic_core_pass_closure-noparam-block-and-expr-cl3	0	0	e3b0c44298fc1c14
logos_02_semantic_core_pass_closure-passed-to-method-cl2	0	0	e3b0c44298fc1c14
logos_02_semantic_core_pass_closure-recursive-via-fnptr-cl2	0	0	e3b0c44298fc1c14
logos_02_semantic_core_pass_closure-ref-param-pattern-cl3	0	0	e3b0c44298fc1c14
logos_02_semantic_core_pass_closure-reform	0	0	e3b0c44298fc1c14
logos_02_semantic_core_pass_closure-return-boxed-fnmut-cl3	0	0	e3b0c44298fc1c14
logos_02_semantic_core_pass_closure-returning-closure	0	0	e3b0c44298fc1c14
logos_02_semantic_core_pass_closure-returning-closure-b136	0	0	e3b0c44298fc1c14
logos_02_semantic_core_pass_closure-returning-closure-b155	0	0	e3b0c44298fc1c14
logos_02_semantic_core_pass_closure-returning-closure-b161	0	0	e3b0c44298fc1c14
logos_02_semantic_core_pass_closure-returning-struct-b166	0	0	e3b0c44298fc1c14
logos_02_semantic_core_pass_closure-returns-boxed-dyn-cl2	0	0	e3b0c44298fc1c14
logos_02_semantic_core_pass_closure-returns-struct-cl2	0	0	e3b0c44298fc1c14
logos_02_semantic_core_pass_closure-semistatement-body-cl2	0	0	e3b0c44298fc1c14
logos_02_semantic_core_pass_closure-struct-field-call-cl2	0	0	e3b0c44298fc1c14
logos_02_semantic_core_pass_closure-to-fn-coercion-b151	0	0	e3b0c44298fc1c14
logos_02_semantic_core_pass_closure-two-disjoint-captures	0	0	e3b0c44298fc1c14
logos_02_semantic_core_pass_closure-type-inference-in-context-9129	0	0	e3b0c44298fc1c14
logos_02_semantic_core_pass_closure-vec-of-fnptr-cl2	0	0	e3b0c44298fc1c14
logos_02_semantic_core_pass_cmp-bit-precedence-na	0	0	e3b0c44298fc1c14
logos_02_semantic_core_pass_cmp-chain	0	0	e3b0c44298fc1c14
logos_02_semantic_core_pass_cmp-eq-0-5	0	0	e3b0c44298fc1c14
logos_02_semantic_core_pass_cmp-eq-1-2	0	0	e3b0c44298fc1c14
logos_02_semantic_core_pass_cmp-eq-2-2	0	0	e3b0c44298fc1c14
logos_02_semantic_core_pass_cmp-eq-3-2	0	0	e3b0c44298fc1c14
logos_02_semantic_core_pass_cmp-eq-5-0	0	0	e3b0c44298fc1c14
logos_02_semantic_core_pass_cmp-ge-0-5	0	0	e3b0c44298fc1c14
logos_02_semantic_core_pass_cmp-ge-1-2	0	0	e3b0c44298fc1c14
logos_02_semantic_core_pass_cmp-ge-2-2	0	0	e3b0c44298fc1c14
logos_02_semantic_core_pass_cmp-ge-3-2	0	0	e3b0c44298fc1c14
logos_02_semantic_core_pass_cmp-ge-5-0	0	0	e3b0c44298fc1c14
logos_02_semantic_core_pass_cmp-gt-0-5	0	0	e3b0c44298fc1c14
logos_02_semantic_core_pass_cmp-gt-1-2	0	0	e3b0c44298fc1c14
logos_02_semantic_core_pass_cmp-gt-2-2	0	0	e3b0c44298fc1c14
logos_02_semantic_core_pass_cmp-gt-3-2	0	0	e3b0c44298fc1c14
logos_02_semantic_core_pass_cmp-gt-5-0	0	0	e3b0c44298fc1c14
logos_02_semantic_core_pass_cmp-le-0-5	0	0	e3b0c44298fc1c14
logos_02_semantic_core_pass_cmp-le-1-2	0	0	e3b0c44298fc1c14
logos_02_semantic_core_pass_cmp-le-2-2	0	0	e3b0c44298fc1c14
logos_02_semantic_core_pass_cmp-le-3-2	0	0	e3b0c44298fc1c14
logos_02_semantic_core_pass_cmp-le-5-0	0	0	e3b0c44298fc1c14
logos_02_semantic_core_pass_cmp-lt-0-5	0	0	e3b0c44298fc1c14
logos_02_semantic_core_pass_cmp-lt-1-2	0	0	e3b0c44298fc1c14
logos_02_semantic_core_pass_cmp-lt-2-2	0	0	e3b0c44298fc1c14
logos_02_semantic_core_pass_cmp-lt-3-2	0	0	e3b0c44298fc1c14
logos_02_semantic_core_pass_cmp-lt-5-0	0	0	e3b0c44298fc1c14
logos_02_semantic_core_pass_cmp-ne-0-5	0	0	e3b0c44298fc1c14
logos_02_semantic_core_pass_cmp-ne-1-2	0	0	e3b0c44298fc1c14
logos_02_semantic_core_pass_cmp-ne-2-2	0	0	e3b0c44298fc1c14
logos_02_semantic_core_pass_cmp-ne-3-2	0	0	e3b0c44298fc1c14
logos_02_semantic_core_pass_cmp-ne-5-0	0	0	e3b0c44298fc1c14
logos_02_semantic_core_pass_cmp-ord-min-max-b164	0	0	e3b0c44298fc1c14
logos_02_semantic_core_pass_cmp-partialeq-struct-b165	0	0	e3b0c44298fc1c14
logos_02_semantic_core_pass_cmp_all_ops	0	42	e3b0c44298fc1c14
logos_02_semantic_core_pass_cmp_bool_var	0	42	e3b0c44298fc1c14
logos_02_semantic_core_pass_cmp_boundary	0	42	e3b0c44298fc1c14
logos_02_semantic_core_pass_cmp_chains	0	42	e3b0c44298fc1c14
logos_02_semantic_core_pass_cmp_min_max_by	0	0	e3b0c44298fc1c14
logos_02_semantic_core_pass_cmp_negative	0	42	e3b0c44298fc1c14
logos_02_semantic_core_pass_coerce-array-ref-to-slice-b163	0	0	e3b0c44298fc1c14
logos_02_semantic_core_pass_coerce-bare-fn-returning-zst-to-closure	0	0	e3b0c44298fc1c14
logos_02_semantic_core_pass_coerce-bare-fn-to-closure-zst-b158	0	0	e3b0c44298fc1c14
logos_02_semantic_core_pass_coerce-block-tail-to-trait-object-co	0	0	e3b0c44298fc1c14
logos_02_semantic_core_pass_coerce-block-to-slice-ref-b138	0	0	e3b0c44298fc1c14
logos_02_semantic_core_pass_coerce-fn-if-else-coe4	0	0	e3b0c44298fc1c14
logos_02_semantic_core_pass_coerce-fn-if-else-unify-co	0	0	e3b0c44298fc1c14
logos_02_semantic_core_pass_coerce-fn-to-fnptr-array-co	0	0	e3b0c44298fc1c14
logos_02_semantic_core_pass_coerce-fnptr-struct-field-co	0	0	e3b0c44298fc1c14
logos_02_semantic_core_pass_coerce-int-literal-suffix-infer-co	0	0	e3b0c44298fc1c14
logos_02_semantic_core_pass_coerce-many-fn-items-lub-b158	0	0	e3b0c44298fc1c14
logos_02_semantic_core_pass_coerce-many-with-ty-var	0	0	e3b0c44298fc1c14
logos_02_semantic_core_pass_coerce-many-with-ty-var-co	0	0	e3b0c44298fc1c14
logos_02_semantic_core_pass_coerce-mut-trait-object-8248	0	0	e3b0c44298fc1c14
logos_02_semantic_core_pass_coerce-mut-vec-to-slice-reverse-co	0	0	e3b0c44298fc1c14
logos_02_semantic_core_pass_coerce-reborrow-imm-ptr-arg	0	0	e3b0c44298fc1c14
logos_02_semantic_core_pass_coerce-reborrow-imm-ptr-arg-b136	0	0	e3b0c44298fc1c14
logos_02_semantic_core_pass_coerce-reborrow-imm-ptr-arg-b148	0	0	e3b0c44298fc1c14
logos_02_semantic_core_pass_coerce-reborrow-imm-ptr-arg-b150	0	0	e3b0c44298fc1c14
logos_02_semantic_core_pass_coerce-reborrow-imm-ptr-rcvr	0	0	e3b0c44298fc1c14
logos_02_semantic_core_pass_coerce-reborrow-imm-ptr-rcvr-b148	0	0	e3b0c44298fc1c14
logos_02_semantic_core_pass_coerce-reborrow-imm-ptr-rcvr-co	0	0	e3b0c44298fc1c14
logos_02_semantic_core_pass_coerce-reborrow-imm-vec-arg	0	0	e3b0c44298fc1c14
logos_02_semantic_core_pass_coerce-reborrow-mut-ptr-arg	0	0	e3b0c44298fc1c14
logos_02_semantic_core_pass_coerce-reborrow-mut-ptr-arg-b158	0	0	e3b0c44298fc1c14
logos_02_semantic_core_pass_coerce-reborrow-mut-ptr-arg-co	0	0	e3b0c44298fc1c14
logos_02_semantic_core_pass_coerce-reborrow-mut-ptr-rcvr-b135	0	0	e3b0c44298fc1c14
logos_02_semantic_core_pass_coerce-reborrow-mut-ptr-rcvr-co	0	0	e3b0c44298fc1c14
logos_02_semantic_core_pass_coerce-reborrow-mut-vec-rcvr-co	0	0	e3b0c44298fc1c14
logos_02_semantic_core_pass_coerce-ref-generic-to-dyn-b158	0	0	e3b0c44298fc1c14
logos_02_semantic_core_pass_coerce-ref-to-ref-arg-co	0	0	e3b0c44298fc1c14
logos_02_semantic_core_pass_coerce-ref-trait-object	0	0	e3b0c44298fc1c14
logos_02_semantic_core_pass_coerce-unify-return	0	0	e3b0c44298fc1c14
logos_02_semantic_core_pass_coerce-unify-return-b155	0	0	e3b0c44298fc1c14
logos_02_semantic_core_pass_coerce-unify-return-b158	0	0	e3b0c44298fc1c14
logos_02_semantic_core_pass_coerce-unify-return-co	0	0	e3b0c44298fc1c14
logos_02_semantic_core_pass_coerce-unify-return-coe4	0	0	e3b0c44298fc1c14
logos_02_semantic_core_pass_coerce-vec-to-slice-arg-co	0	0	e3b0c44298fc1c14
logos_02_semantic_core_pass_coercion-as-explicit-cast	0	0	e3b0c44298fc1c14
logos_02_semantic_core_pass_coercion-generic-b143	0	0	e3b0c44298fc1c14
logos_02_semantic_core_pass_coercion-generic-b148	0	0	e3b0c44298fc1c14
logos_02_semantic_core_pass_coercion-generic-dyn-coe4	0	0	e3b0c44298fc1c14
logos_02_semantic_core_pass_coercion-generic-dyn-param-b139	0	0	e3b0c44298fc1c14
logos_02_semantic_core_pass_coercion-generic-trait-arg-tr3	0	0	e3b0c44298fc1c14
logos_02_semantic_core_pass_coex_from_a	0	LINK	-
logos_02_semantic_core_pass_coex_from_b	0	LINK	-
logos_02_semantic_core_pass_coh-distinct-targets	0	0	e3b0c44298fc1c14
logos_02_semantic_core_pass_coh-generic-different-args	0	0	e3b0c44298fc1c14
logos_02_semantic_core_pass_coherence-different-traits	0	0	e3b0c44298fc1c14
logos_02_semantic_core_pass_coherence-generic-allowed	0	0	e3b0c44298fc1c14
logos_02_semantic_core_pass_coherence-generic-instances	0	0	e3b0c44298fc1c14
logos_02_semantic_core_pass_coherence-negative-allowed	0	0	e3b0c44298fc1c14
logos_02_semantic_core_pass_collections_element_drop	0	42	e3b0c44298fc1c14
logos_02_semantic_core_pass_combo-st-1	0	0	e3b0c44298fc1c14
logos_02_semantic_core_pass_combo-st-2	0	0	e3b0c44298fc1c14
logos_02_semantic_core_pass_combo-st-3	0	0	e3b0c44298fc1c14
logos_02_semantic_core_pass_combo-st-4	0	0	e3b0c44298fc1c14
logos_02_semantic_core_pass_combo-st-5	0	0	e3b0c44298fc1c14
logos_02_semantic_core_pass_compare-generic-enums	0	0	e3b0c44298fc1c14
logos_02_semantic_core_pass_compare-generic-enums-b157	0	0	e3b0c44298fc1c14
logos_02_semantic_core_pass_composition-trivial	0	0	e3b0c44298fc1c14
logos_02_semantic_core_pass_compound-assign-by-ref-b159	0	0	e3b0c44298fc1c14
logos_02_semantic_core_pass_compound-assign-collapse-gconf	0	0	e3b0c44298fc1c14
logos_02_semantic_core_pass_compound_assign	0	0	a720da503907cb3c
logos_02_semantic_core_pass_compound_assign_deref_field	0	42	e3b0c44298fc1c14
logos_02_semantic_core_pass_compound_assign_field_index	0	42	e3b0c44298fc1c14
logos_02_semantic_core_pass_compound_assign_tuple_field	0	42	e3b0c44298fc1c14
logos_02_semantic_core_pass_concrete-const-impl-method-b140	0	0	e3b0c44298fc1c14
logos_02_semantic_core_pass_cond-rebind	0	0	e3b0c44298fc1c14
logos_02_semantic_core_pass_cond_move_dest_field_and_uninit	0	0	b12fd1c9fd4f528b
logos_02_semantic_core_pass_cond_move_dest_field_and_uninit_ctl	0	0	b8d71d760b0f39f8
logos_02_semantic_core_pass_cond_move_field_overlap	0	0	45b85600d3570160
logos_02_semantic_core_pass_cond_move_field_source	0	0	de940f5176669842
logos_02_semantic_core_pass_cond_move_field_source_ctl	0	0	db4c1083a9dd28cd
logos_02_semantic_core_pass_cond_move_glue_name_admit	0	0	2e3fbcdbabfe717f
logos_02_semantic_core_pass_cond_move_if_assign	0	0	632b28f8c57d593d
logos_02_semantic_core_pass_cond_move_if_assign_ctl	0	0	90b1f21cadb2c6b9
logos_02_semantic_core_pass_cond_move_if_expr	0	0	021bc51730da9d48
logos_02_semantic_core_pass_cond_move_if_expr_ctl	0	0	5b5d0c032f2d580e
logos_02_semantic_core_pass_cond_move_lazy_and_guard	0	0	4d159eda3c36002b
logos_02_semantic_core_pass_cond_move_lazy_and_guard_ctl	0	0	5e0611130fe79ef0
logos_02_semantic_core_pass_cond_move_loop_exit	0	0	12bbb28fea428782
logos_02_semantic_core_pass_cond_move_loop_exit_ctl	0	0	e47ea84d8c7867be
logos_02_semantic_core_pass_cond_move_match	0	0	d9eff39d3bcf6592
logos_02_semantic_core_pass_cond_move_match_ctl	0	0	99a86b3e9f2e50f3
logos_02_semantic_core_pass_cond_move_reinit_and_param	0	0	231b23310d483f68
logos_02_semantic_core_pass_cond_move_reinit_and_param_ctl	0	0	3842013f15b2737c
logos_02_semantic_core_pass_cond_no_struct_lit	0	19	e3b0c44298fc1c14
logos_02_semantic_core_pass_conditional-dispatch	0	0	e3b0c44298fc1c14
logos_02_semantic_core_pass_conditional-dispatch-b144	0	0	e3b0c44298fc1c14
logos_02_semantic_core_pass_conditional-dispatch-b159	0	0	e3b0c44298fc1c14
logos_02_semantic_core_pass_conditional-drop-10734	0	0	e3b0c44298fc1c14
logos_02_semantic_core_pass_conditional-drop-10734-b136	0	0	e3b0c44298fc1c14
logos_02_semantic_core_pass_conditional-impl-on-wrapper-tr2	0	0	e3b0c44298fc1c14
logos_02_semantic_core_pass_conditional-mut-then-shared	0	0	e3b0c44298fc1c14
logos_02_semantic_core_pass_const-array-len-b164	0	0	e3b0c44298fc1c14
logos_02_semantic_core_pass_const-decl	0	0	e3b0c44298fc1c14
logos_02_semantic_core_pass_const-expr	0	0	e3b0c44298fc1c14
logos_02_semantic_core_pass_const-fields-and-indexing-b154	0	0	e3b0c44298fc1c14
logos_02_semantic_core_pass_const-gen-arr	0	0	e3b0c44298fc1c14
logos_02_semantic_core_pass_const-gen-struct-gap	0	0	e3b0c44298fc1c14
logos_02_semantic_core_pass_const-generics-gat-in-trait-return-type-1	0	0	e3b0c44298fc1c14
logos_02_semantic_core_pass_const-generics-gat-in-trait-return-type-2	0	0	e3b0c44298fc1c14
logos_02_semantic_core_pass_const-in-expr-b165	0	0	e3b0c44298fc1c14
logos_02_semantic_core_pass_const-item-array-len-b163	0	0	e3b0c44298fc1c14
logos_02_semantic_core_pass_const-multidim-array-b166	0	0	e3b0c44298fc1c14
logos_02_semantic_core_pass_const-pattern-str-match-lifetime	0	0	e3b0c44298fc1c14
logos_02_semantic_core_pass_const_arg_expr	0	0	e3b0c44298fc1c14
logos_02_semantic_core_pass_const_array_string	0	0	e3b0c44298fc1c14
logos_02_semantic_core_pass_const_assoc_proj_arg	0	0	e3b0c44298fc1c14
logos_02_semantic_core_pass_const_assoc_proj_length	0	0	e3b0c44298fc1c14
logos_02_semantic_core_pass_const_def	0	42	e3b0c44298fc1c14
logos_02_semantic_core_pass_const_generic_arr_inference	0	43	e3b0c44298fc1c14
logos_02_semantic_core_pass_const_generic_numeric	0	43	e3b0c44298fc1c14
logos_02_semantic_core_pass_const_in_expr	0	42	e3b0c44298fc1c14
logos_02_semantic_core_pass_const_in_pattern	0	0	e3b0c44298fc1c14
logos_02_semantic_core_pass_const_metacall_fn	0	56	e3b0c44298fc1c14
logos_02_semantic_core_pass_const_multi	0	42	e3b0c44298fc1c14
logos_02_semantic_core_pass_constant-expression-cast-9942	0	0	e3b0c44298fc1c14
logos_02_semantic_core_pass_consts-in-patterns	0	0	e3b0c44298fc1c14
logos_02_semantic_core_pass_container_item_e2e	0	0	e3b0c44298fc1c14
logos_02_semantic_core_pass_container_item_from_module	0	0	e3b0c44298fc1c14
logos_02_semantic_core_pass_container_item_parse	0	0	e3b0c44298fc1c14
logos_02_semantic_core_pass_container_stream_parse	0	0	e3b0c44298fc1c14
logos_02_semantic_core_pass_continue-in-expr-bnever	0	0	e3b0c44298fc1c14
logos_02_semantic_core_pass_control-else-if-chain-b165	0	0	e3b0c44298fc1c14
logos_02_semantic_core_pass_control-nested-if-b164	0	0	e3b0c44298fc1c14
logos_02_semantic_core_pass_control_flow_basic	0	42	e3b0c44298fc1c14
logos_02_semantic_core_pass_control_flow_extras	0	42	e3b0c44298fc1c14
logos_02_semantic_core_pass_convert-into-method-b164	0	0	e3b0c44298fc1c14
logos_02_semantic_core_pass_copy	0	0	e3b0c44298fc1c14
logos_02_semantic_core_pass_copy-b141	0	0	e3b0c44298fc1c14
logos_02_semantic_core_pass_copy-b157	0	0	e3b0c44298fc1c14
logos_02_semantic_core_pass_copy-closure	0	0	e3b0c44298fc1c14
logos_02_semantic_core_pass_copy-closure-b161	0	0	e3b0c44298fc1c14
logos_02_semantic_core_pass_copy-for-ref-and-dyn	0	0	e3b0c44298fc1c14
logos_02_semantic_core_pass_copy-out-of-array-1	0	0	e3b0c44298fc1c14
logos_02_semantic_core_pass_copy-out-of-array-1-b161	0	0	e3b0c44298fc1c14
logos_02_semantic_core_pass_copy-struct-mutref-xpr4	0	0	e3b0c44298fc1c14
logos_02_semantic_core_pass_copy-trait-implicit-copy-b139	0	0	e3b0c44298fc1c14
logos_02_semantic_core_pass_copy-trait-implicit-copy-b150	0	0	e3b0c44298fc1c14
logos_02_semantic_core_pass_copy-trait-implicit-copy-tr3	0	0	e3b0c44298fc1c14
logos_02_semantic_core_pass_core_1_1_never_diverge	0	0	e3b0c44298fc1c14
logos_02_semantic_core_pass_core_1_1_never_fallback	0	0	e3b0c44298fc1c14
logos_02_semantic_core_pass_core_1_2_cast_float_int	0	0	e3b0c44298fc1c14
logos_02_semantic_core_pass_core_1_2_cast_signed_unsigned	0	0	e3b0c44298fc1c14
logos_02_semantic_core_pass_core_1_2_cast_truncate	0	0	e3b0c44298fc1c14
logos_02_semantic_core_pass_core_1_2_cast_widen	0	0	e3b0c44298fc1c14
logos_02_semantic_core_pass_core_1_3_inferred_let	0	0	e3b0c44298fc1c14
logos_02_semantic_core_pass_core_1_3_inferred_nested	0	0	e3b0c44298fc1c14
logos_02_semantic_core_pass_core_1_3_underscore_type	0	0	e3b0c44298fc1c14
logos_02_semantic_core_pass_core_1_4_fnitem_to_fnptr	0	0	e3b0c44298fc1c14
logos_02_semantic_core_pass_core_1_5_repr_transparent	0	0	e3b0c44298fc1c14
logos_02_semantic_core_pass_core_1_5_repr_transparent_layout	0	0	e3b0c44298fc1c14
logos_02_semantic_core_pass_core_1_5_repr_uN_enum	0	0	e3b0c44298fc1c14
logos_02_semantic_core_pass_core_1_adv_array_len	0	0	e3b0c44298fc1c14
logos_02_semantic_core_pass_core_1_adv_generic_zst	0	0	e3b0c44298fc1c14
logos_02_semantic_core_pass_core_1_adv_ptr_to_usize	0	0	e3b0c44298fc1c14
logos_02_semantic_core_pass_core_1_adv_triple_ref	0	0	e3b0c44298fc1c14
logos_02_semantic_core_pass_core_1_adv_unit_field	0	0	e3b0c44298fc1c14
logos_02_semantic_core_pass_core_2_1_field_borrow_distinct	0	0	e3b0c44298fc1c14
logos_02_semantic_core_pass_core_2_1_move_semantics	0	0	e3b0c44298fc1c14
logos_02_semantic_core_pass_core_2_1_mut_ref_via_fn	0	0	e3b0c44298fc1c14
logos_02_semantic_core_pass_core_2_1_nll_release	0	0	e3b0c44298fc1c14
logos_02_semantic_core_pass_core_2_1_static_lifetime_borrow	0	0	e3b0c44298fc1c14
logos_02_semantic_core_pass_core_2_1_struct_move_to_fn	0	0	e3b0c44298fc1c14
logos_02_semantic_core_pass_core_2_1_two_shared_borrows	0	0	e3b0c44298fc1c14
logos_02_semantic_core_pass_core_2_2_unsafecell_write	0	0	e3b0c44298fc1c14
logos_02_semantic_core_pass_core_2_3_dyn_variance	0	0	e3b0c44298fc1c14
logos_02_semantic_core_pass_core_2_adv_borrow_through_index	0	0	e3b0c44298fc1c14
logos_02_semantic_core_pass_core_2_adv_closure_capture	0	0	e3b0c44298fc1c14
logos_02_semantic_core_pass_core_2_adv_lifetime_bound	0	0	e3b0c44298fc1c14
logos_02_semantic_core_pass_core_2_adv_match_wildcard_no_move	0	0	e3b0c44298fc1c14
logos_02_semantic_core_pass_core_2_adv_move_in_if_branch	0	0	e3b0c44298fc1c14
logos_02_semantic_core_pass_core_2_adv_reinit_moved_field	0	0	e3b0c44298fc1c14
logos_02_semantic_core_pass_core_2_adv_vec_len	0	0	e3b0c44298fc1c14
logos_02_semantic_core_pass_core_2_adv_vec_methods	0	0	e3b0c44298fc1c14
logos_02_semantic_core_pass_core_2_adv_vec_swap	0	0	e3b0c44298fc1c14
logos_02_semantic_core_pass_core_3_1_copy_bound	0	0	e3b0c44298fc1c14
logos_02_semantic_core_pass_core_3_1_generic_enum	0	0	e3b0c44298fc1c14
logos_02_semantic_core_pass_core_3_1_generic_fn	0	0	e3b0c44298fc1c14
logos_02_semantic_core_pass_core_3_1_generic_impl	0	0	e3b0c44298fc1c14
logos_02_semantic_core_pass_core_3_1_generic_nested	0	0	e3b0c44298fc1c14
logos_02_semantic_core_pass_core_3_1_generic_struct	0	0	e3b0c44298fc1c14
logos_02_semantic_core_pass_core_3_1_hrtb_closure_arg	0	0	e3b0c44298fc1c14
logos_02_semantic_core_pass_core_3_1_inferred_type_arg	0	0	e3b0c44298fc1c14
logos_02_semantic_core_pass_core_3_1_multi_bound	0	0	e3b0c44298fc1c14
logos_02_semantic_core_pass_core_3_1_two_type_params	0	0	e3b0c44298fc1c14
logos_02_semantic_core_pass_core_3_1_where_clause	0	0	e3b0c44298fc1c14
logos_02_semantic_core_pass_core_3_2_qsized_box_dyn	0	0	e3b0c44298fc1c14
logos_02_semantic_core_pass_core_3_adv_assoc_type_default	0	0	e3b0c44298fc1c14
logos_02_semantic_core_pass_core_3_adv_assoc_type_proj	0	0	e3b0c44298fc1c14
logos_02_semantic_core_pass_core_3_adv_blanket_specific	0	0	e3b0c44298fc1c14
logos_02_semantic_core_pass_core_3_adv_bound_propagation	0	0	e3b0c44298fc1c14
logos_02_semantic_core_pass_core_3_adv_const_generic_fn	0	0	e3b0c44298fc1c14
logos_02_semantic_core_pass_core_3_adv_default_type_param	0	0	e3b0c44298fc1c14
logos_02_semantic_core_pass_core_3_adv_hrtb	0	0	e3b0c44298fc1c14
logos_02_semantic_core_pass_core_3_adv_lifetime_struct	0	0	e3b0c44298fc1c14
logos_02_semantic_core_pass_core_3_adv_self_in_assoc	0	0	e3b0c44298fc1c14
logos_02_semantic_core_pass_core_3_adv_supertrait	0	0	e3b0c44298fc1c14
logos_02_semantic_core_pass_core_4_1_at_binding	0	0	e3b0c44298fc1c14
logos_02_semantic_core_pass_core_4_1_irrefutable_predicate_foundation	0	0	e3b0c44298fc1c14
logos_02_semantic_core_pass_core_4_1_match_guard	0	0	e3b0c44298fc1c14
logos_02_semantic_core_pass_core_4_1_nested_tuple_in_struct	0	0	e3b0c44298fc1c14
logos_02_semantic_core_pass_core_4_1_or_pattern_match	0	0	e3b0c44298fc1c14
logos_02_semantic_core_pass_core_4_1_range_exclusive	0	0	e3b0c44298fc1c14
logos_02_semantic_core_pass_core_4_1_range_inclusive	0	0	e3b0c44298fc1c14
logos_02_semantic_core_pass_core_4_1_slice_with_rest	0	0	e3b0c44298fc1c14
logos_02_semantic_core_pass_core_4_1_tuple_struct_pat	0	0	e3b0c44298fc1c14
logos_02_semantic_core_pass_core_4_1_variant_record_payload	0	0	e3b0c44298fc1c14
logos_02_semantic_core_pass_core_4_2_match_exhaustiveness	0	0	e3b0c44298fc1c14
logos_02_semantic_core_pass_core_4_3_match_double_ref	0	0	e3b0c44298fc1c14
logos_02_semantic_core_pass_core_4_4_pat_path_const	0	0	e3b0c44298fc1c14
logos_02_semantic_core_pass_core_4_5_fn_param_struct_pat	0	0	e3b0c44298fc1c14
logos_02_semantic_core_pass_core_4_adv_at_with_or	0	0	e3b0c44298fc1c14
logos_02_semantic_core_pass_core_4_adv_match_on_ref	0	0	e3b0c44298fc1c14
logos_02_semantic_core_pass_core_4_adv_match_uninhabited	0	0	e3b0c44298fc1c14
logos_02_semantic_core_pass_core_4_adv_or_pat_with_bind	0	0	e3b0c44298fc1c14
logos_02_semantic_core_pass_core_4_adv_pattern_in_for	0	0	e3b0c44298fc1c14
logos_02_semantic_core_pass_core_4_adv_range_char	0	0	e3b0c44298fc1c14
logos_02_semantic_core_pass_core_4_adv_slice_pat_let	0	0	e3b0c44298fc1c14
logos_02_semantic_core_pass_core_4_adv_variant_or_share_binding	0	0	e3b0c44298fc1c14
logos_02_semantic_core_pass_core_5_1_atomic_bool	0	0	e3b0c44298fc1c14
logos_02_semantic_core_pass_core_5_1_atomic_bool_swap_true	0	0	e3b0c44298fc1c14
logos_02_semantic_core_pass_core_5_1_atomic_cas_fail	0	0	e3b0c44298fc1c14
logos_02_semantic_core_pass_core_5_1_atomic_cas_success	0	0	e3b0c44298fc1c14
logos_02_semantic_core_pass_core_5_1_atomic_fetch_add	0	0	e3b0c44298fc1c14
logos_02_semantic_core_pass_core_5_1_atomic_fetch_sub	0	0	e3b0c44298fc1c14
logos_02_semantic_core_pass_core_5_1_atomic_i32_basic	0	0	e3b0c44298fc1c14
logos_02_semantic_core_pass_core_5_1_atomic_i64_basic	0	0	e3b0c44298fc1c14
logos_02_semantic_core_pass_core_5_1_atomic_relaxed	0	0	e3b0c44298fc1c14
logos_02_semantic_core_pass_core_5_1_atomic_release_acquire	0	0	e3b0c44298fc1c14
logos_02_semantic_core_pass_core_5_1_atomic_u32_basic	0	0	e3b0c44298fc1c14
logos_02_semantic_core_pass_core_5_1_atomic_u64_basic	0	0	e3b0c44298fc1c14
logos_02_semantic_core_pass_core_5_adv_acqrel	0	0	e3b0c44298fc1c14
logos_02_semantic_core_pass_core_5_adv_atomic_i8_present	0	0	e3b0c44298fc1c14
logos_02_semantic_core_pass_core_5_adv_atomic_in_static	0	0	e3b0c44298fc1c14
logos_02_semantic_core_pass_core_5_adv_cas_ordered	0	0	e3b0c44298fc1c14
logos_02_semantic_core_pass_core_5_adv_cas_retry_loop	0	0	e3b0c44298fc1c14
logos_02_semantic_core_pass_core_5_adv_cas_weak	0	0	e3b0c44298fc1c14
logos_02_semantic_core_pass_core_5_adv_fetch_add_wrap	0	0	e3b0c44298fc1c14
logos_02_semantic_core_pass_core_5_adv_fetch_or	0	0	e3b0c44298fc1c14
logos_02_semantic_core_pass_core_5_adv_struct_atomic_field	0	0	e3b0c44298fc1c14
logos_02_semantic_core_pass_core_5_adv_swap	0	0	e3b0c44298fc1c14
logos_02_semantic_core_pass_core_6_10_derive_copy	0	0	e3b0c44298fc1c14
logos_02_semantic_core_pass_core_6_10_derive_debug	0	0	48c1d15ab6bce04e
logos_02_semantic_core_pass_core_6_10_derive_default	0	0	e3b0c44298fc1c14
logos_02_semantic_core_pass_core_6_10_derive_eq	0	0	e3b0c44298fc1c14
logos_02_semantic_core_pass_core_6_10_derive_hash	0	0	e3b0c44298fc1c14
logos_02_semantic_core_pass_core_6_10_derive_ord	0	0	e3b0c44298fc1c14
logos_02_semantic_core_pass_core_6_10_derive_partial_eq	0	0	e3b0c44298fc1c14
logos_02_semantic_core_pass_core_6_10_derive_partial_ord	0	0	e3b0c44298fc1c14
logos_02_semantic_core_pass_core_6_11_never_macros	0	0	e3b0c44298fc1c14
logos_02_semantic_core_pass_core_6_11_never_match_arm	0	0	e3b0c44298fc1c14
logos_02_semantic_core_pass_core_6_12_range_generic	0	0	e3b0c44298fc1c14
logos_02_semantic_core_pass_core_6_13_derefmut_autoderef	0	0	e3b0c44298fc1c14
logos_02_semantic_core_pass_core_6_14_atomics_per_variant_ordering	0	0	e3b0c44298fc1c14
logos_02_semantic_core_pass_core_6_1_union_const_init	0	0	e3b0c44298fc1c14
logos_02_semantic_core_pass_core_6_1_union_generic	0	0	e3b0c44298fc1c14
logos_02_semantic_core_pass_core_6_1_union_impl_drop	0	0	e3b0c44298fc1c14
logos_02_semantic_core_pass_core_6_1_union_in_union_field	0	0	e3b0c44298fc1c14
logos_02_semantic_core_pass_core_6_1_union_layout_align	0	0	e3b0c44298fc1c14
logos_02_semantic_core_pass_core_6_1_union_nested_struct_pattern	0	0	e3b0c44298fc1c14
logos_02_semantic_core_pass_core_6_1_union_nll_borrow_release	0	0	e3b0c44298fc1c14
logos_02_semantic_core_pass_core_6_1_union_parse	0	0	e3b0c44298fc1c14
logos_02_semantic_core_pass_core_6_1_union_pattern	0	0	e3b0c44298fc1c14
logos_02_semantic_core_pass_core_6_1_union_ref_bind_pattern	0	0	e3b0c44298fc1c14
logos_02_semantic_core_pass_core_6_1_union_static_init	0	0	e3b0c44298fc1c14
logos_02_semantic_core_pass_core_6_1_union_type_alias	0	0	e3b0c44298fc1c14
logos_02_semantic_core_pass_core_6_1_union_where_clause	0	0	e3b0c44298fc1c14
logos_02_semantic_core_pass_core_6_2_static_aggregate	0	0	e3b0c44298fc1c14
logos_02_semantic_core_pass_core_6_2_static_lifetime	0	0	e3b0c44298fc1c14
logos_02_semantic_core_pass_core_6_2_static_mut	0	0	e3b0c44298fc1c14
logos_02_semantic_core_pass_core_6_2_static_mut_name_no_pollution	0	0	e3b0c44298fc1c14
logos_02_semantic_core_pass_core_6_2_static_ref_init	0	0	e3b0c44298fc1c14
logos_02_semantic_core_pass_core_6_2_static_refs_static	0	0	e3b0c44298fc1c14
logos_02_semantic_core_pass_core_6_2_static_storage_class	0	0	e3b0c44298fc1c14
logos_02_semantic_core_pass_core_6_3_let_else_diverges	0	0	e3b0c44298fc1c14
logos_02_semantic_core_pass_core_6_4_let_chain	0	0	e3b0c44298fc1c14
logos_02_semantic_core_pass_core_6_4_while_let_chain	0	0	e3b0c44298fc1c14
logos_02_semantic_core_pass_core_6_5_try_on_user_type	0	0	e3b0c44298fc1c14
logos_02_semantic_core_pass_core_6_7_extern_abi_block	0	0	e3b0c44298fc1c14
logos_02_semantic_core_pass_core_6_8_cfg_combinators	0	0	e3b0c44298fc1c14
logos_02_semantic_core_pass_core_6_9_const_resolver_metacall	0	0	e3b0c44298fc1c14
logos_02_semantic_core_pass_core_6_adv_box_new	0	0	e3b0c44298fc1c14
logos_02_semantic_core_pass_core_6_adv_const_in_impl	0	0	e3b0c44298fc1c14
logos_02_semantic_core_pass_core_6_adv_doc_comment	0	0	e3b0c44298fc1c14
logos_02_semantic_core_pass_core_6_adv_extern_static	0	0	e3b0c44298fc1c14
logos_02_semantic_core_pass_core_6_adv_let_chain_letpat	0	0	e3b0c44298fc1c14
logos_02_semantic_core_pass_core_6_adv_let_else_pattern	0	0	e3b0c44298fc1c14
logos_02_semantic_core_pass_core_6_adv_match_as_arg	0	0	e3b0c44298fc1c14
logos_02_semantic_core_pass_core_6_adv_question_op_str	0	0	e3b0c44298fc1c14
logos_02_semantic_core_pass_core_6_adv_str_as_bytes	0	0	e3b0c44298fc1c14
logos_02_semantic_core_pass_core_6_adv_str_literal_ref	0	0	e3b0c44298fc1c14
logos_02_semantic_core_pass_core_6_adv_str_method_forwards	0	0	e3b0c44298fc1c14
logos_02_semantic_core_pass_core_6_adv_str_starts_with	0	0	e3b0c44298fc1c14
logos_02_semantic_core_pass_core_6_adv_trait_const_default	0	0	e3b0c44298fc1c14
logos_02_semantic_core_pass_core_7_adv_double_call	0	0	e3b0c44298fc1c14
logos_02_semantic_core_pass_core_7_adv_explicit_type	0	0	e3b0c44298fc1c14
logos_02_semantic_core_pass_core_7_adv_fn_ptr_no_capture	0	0	e3b0c44298fc1c14
logos_02_semantic_core_pass_core_7_adv_fn_trait_arg	0	0	e3b0c44298fc1c14
logos_02_semantic_core_pass_core_7_adv_fnmut_trait_arg	0	0	e3b0c44298fc1c14
logos_02_semantic_core_pass_core_7_adv_mut_capture	0	0	e3b0c44298fc1c14
logos_02_semantic_core_pass_core_7_extern_c_fnptr	0	42	e3b0c44298fc1c14
logos_02_semantic_core_pass_core_8_adv_iter_chain	0	0	e3b0c44298fc1c14
logos_02_semantic_core_pass_core_8_adv_iter_collect	0	0	e3b0c44298fc1c14
logos_02_semantic_core_pass_core_8_adv_iter_count	0	0	e3b0c44298fc1c14
logos_02_semantic_core_pass_core_8_adv_iter_enumerate	0	0	e3b0c44298fc1c14
logos_02_semantic_core_pass_core_8_adv_iter_filter	0	0	e3b0c44298fc1c14
logos_02_semantic_core_pass_core_8_adv_iter_map	0	0	e3b0c44298fc1c14
logos_02_semantic_core_pass_core_8_adv_iter_max_min	0	0	e3b0c44298fc1c14
logos_02_semantic_core_pass_core_8_adv_iter_max_min_method	0	0	e3b0c44298fc1c14
logos_02_semantic_core_pass_core_8_adv_iter_next	0	0	e3b0c44298fc1c14
logos_02_semantic_core_pass_core_8_adv_iter_peekable	0	0	e3b0c44298fc1c14
logos_02_semantic_core_pass_core_8_adv_iter_skip	0	0	e3b0c44298fc1c14
logos_02_semantic_core_pass_core_8_adv_iter_sum	0	0	e3b0c44298fc1c14
logos_02_semantic_core_pass_core_8_adv_iter_take	0	0	e3b0c44298fc1c14
logos_02_semantic_core_pass_core_8_adv_iter_zip	0	0	e3b0c44298fc1c14
logos_02_semantic_core_pass_cross_pkg_coexistence	0	LINK	-
logos_02_semantic_core_pass_cross_pkg_const_scoped	0	LINK	-
logos_02_semantic_core_pass_cross_pkg_dual_box_layout	0	42	e3b0c44298fc1c14
logos_02_semantic_core_pass_cross_pkg_type_coexistence	0	LINK	-
logos_02_semantic_core_pass_cross_pkg_type_id_distinct	0	LINK	-
logos_02_semantic_core_pass_ctfe_const_path_fold	0	0	e3b0c44298fc1c14
logos_02_semantic_core_pass_ctr_family_batch_then_mut	0	0	e3b0c44298fc1c14
logos_02_semantic_core_pass_ctr_family_cursor_then_mut	0	0	e3b0c44298fc1c14
logos_02_semantic_core_pass_ctr_family_leaf_batches	0	0	e3b0c44298fc1c14
logos_02_semantic_core_pass_ctr_family_match_next_batch	0	0	e3b0c44298fc1c14
logos_02_semantic_core_pass_ctr_family_next_batch_then_mut	0	0	e3b0c44298fc1c14
logos_02_semantic_core_pass_ctr_leaf_descent_count	0	0	e3b0c44298fc1c14
logos_02_semantic_core_pass_ctr_leaf_family_spelling	90	-	-
logos_02_semantic_core_pass_ctr_vec_batch_then_mut	0	0	e3b0c44298fc1c14
logos_02_semantic_core_pass_ctr_vec_leaf_batches	0	0	e3b0c44298fc1c14
logos_02_semantic_core_pass_ctr_vec_leaf_descent_count	0	0	e3b0c44298fc1c14
logos_02_semantic_core_pass_ctr_vec_leaf_family_spelling	90	-	-
logos_02_semantic_core_pass_ctr_vec_next_batch_then_mut	0	0	e3b0c44298fc1c14
logos_02_semantic_core_pass_custom_dst_decl_and_prefix_access	0	0	e3b0c44298fc1c14
logos_02_semantic_core_pass_custom_dst_dyn_tail_foundation	0	42	e3b0c44298fc1c14
logos_02_semantic_core_pass_custom_dst_generic_passthrough	0	0	e3b0c44298fc1c14
logos_02_semantic_core_pass_custom_dst_smartptr_generic_methods	0	42	e3b0c44298fc1c14
logos_02_semantic_core_pass_custom_dst_smartptr_owning_drop	0	42	e3b0c44298fc1c14
logos_02_semantic_core_pass_custom_dst_smartptr_tail_dispatch	0	42	e3b0c44298fc1c14
logos_02_semantic_core_pass_custom_dst_tail_roundtrip	0	110	e3b0c44298fc1c14
logos_02_semantic_core_pass_cycle-type-trait	0	0	e3b0c44298fc1c14
logos_02_semantic_core_pass_data_bounds	0	0	e3b0c44298fc1c14
logos_02_semantic_core_pass_data_clear	0	0	e3b0c44298fc1c14
logos_02_semantic_core_pass_data_dag_topology	0	0	e3b0c44298fc1c14
logos_02_semantic_core_pass_data_dir_multilevel	0	0	e3b0c44298fc1c14
logos_02_semantic_core_pass_data_dir_ref_stable	0	0	e3b0c44298fc1c14
logos_02_semantic_core_pass_data_dview_map	0	0	e3b0c44298fc1c14
logos_02_semantic_core_pass_data_dview_str	0	0	e3b0c44298fc1c14
logos_02_semantic_core_pass_data_for_each_block	0	0	e3b0c44298fc1c14
logos_02_semantic_core_pass_data_fork_chain	0	0	e3b0c44298fc1c14
logos_02_semantic_core_pass_data_fork_smoke	0	0	e3b0c44298fc1c14
logos_02_semantic_core_pass_data_get_at	0	0	e3b0c44298fc1c14
logos_02_semantic_core_pass_data_handle_smoke	0	0	e3b0c44298fc1c14
logos_02_semantic_core_pass_data_insert_replace	0	0	e3b0c44298fc1c14
logos_02_semantic_core_pass_data_iter	0	0	e3b0c44298fc1c14
logos_02_semantic_core_pass_data_iter_back	0	0	e3b0c44298fc1c14
logos_02_semantic_core_pass_data_iter_from	0	0	e3b0c44298fc1c14
logos_02_semantic_core_pass_data_iter_rev	0	0	e3b0c44298fc1c14
logos_02_semantic_core_pass_data_merge_heads	0	0	e3b0c44298fc1c14
logos_02_semantic_core_pass_data_multi_container	0	0	e3b0c44298fc1c14
logos_02_semantic_core_pass_data_plain_check	0	0	e3b0c44298fc1c14
logos_02_semantic_core_pass_data_release	0	0	e3b0c44298fc1c14
logos_02_semantic_core_pass_data_remove_merge_borrow	0	0	e3b0c44298fc1c14
logos_02_semantic_core_pass_data_remove_patterns	0	0	e3b0c44298fc1c14
logos_02_semantic_core_pass_data_revive_dyn	0	0	e3b0c44298fc1c14
logos_02_semantic_core_pass_data_small_fanout	0	0	e3b0c44298fc1c14
logos_02_semantic_core_pass_data_smoke	0	0	e3b0c44298fc1c14
logos_02_semantic_core_pass_datatag_typecode	0	0	e3b0c44298fc1c14
logos_02_semantic_core_pass_datatype_basic	0	3	e3b0c44298fc1c14
logos_02_semantic_core_pass_datatype_inst_decl	0	42	e3b0c44298fc1c14
logos_02_semantic_core_pass_datatype_primitives	0	79	e3b0c44298fc1c14
logos_02_semantic_core_pass_debug_primitives	0	42	3d71fdfbf0201b3f
logos_02_semantic_core_pass_dec_arithmetic	0	0	e3b0c44298fc1c14
logos_02_semantic_core_pass_dec_boundary	0	0	e3b0c44298fc1c14
logos_02_semantic_core_pass_dec_deep	0	0	e3b0c44298fc1c14
logos_02_semantic_core_pass_dec_edge_cases	0	0	e3b0c44298fc1c14
logos_02_semantic_core_pass_deem_batch_build_side_join	0	0	e3b0c44298fc1c14
logos_02_semantic_core_pass_deem_batch_scan_drain	0	0	e3b0c44298fc1c14
logos_02_semantic_core_pass_deem_bound_covers_equality	0	0	e3b0c44298fc1c14
logos_02_semantic_core_pass_deem_btreemap_source	0	0	e3b0c44298fc1c14
logos_02_semantic_core_pass_deem_class_source_plan	0	0	e3b0c44298fc1c14
logos_02_semantic_core_pass_deem_cross_domain_join	0	0	e3b0c44298fc1c14
logos_02_semantic_core_pass_deem_ctr_family_streams	0	0	e3b0c44298fc1c14
logos_02_semantic_core_pass_deem_direct_fallible_buffered	0	0	e3b0c44298fc1c14
logos_02_semantic_core_pass_deem_direct_stream_pull	0	0	e3b0c44298fc1c14
logos_02_semantic_core_pass_deem_drain_buffer_empty	0	0	e3b0c44298fc1c14
logos_02_semantic_core_pass_deem_dred_od_rw_split	0	0	e3b0c44298fc1c14
logos_02_semantic_core_pass_deem_emitted_struct_field_layout	0	0	e3b0c44298fc1c14
logos_02_semantic_core_pass_deem_generic_mapping_and_item	0	0	e3b0c44298fc1c14
logos_02_semantic_core_pass_deem_hashmap_source	0	0	e3b0c44298fc1c14
logos_02_semantic_core_pass_deem_incr_diff_harness	0	0	45e0ccf0cffcb64d
logos_02_semantic_core_pass_deem_incr_fp_key_multiplicity	0	0	94a1db133d2034d4
logos_02_semantic_core_pass_deem_incr_join_e2e	0	0	14b55d66f320292a
logos_02_semantic_core_pass_deem_incr_static_minmax_u64_e2e	0	0	e3b0c44298fc1c14
logos_02_semantic_core_pass_deem_incr_static_retract_e2e	0	0	b451bcead7855109
logos_02_semantic_core_pass_deem_join_base_streams	0	0	e3b0c44298fc1c14
logos_02_semantic_core_pass_deem_join_step_reread	0	0	e3b0c44298fc1c14
logos_02_semantic_core_pass_deem_join_step_streams	0	0	e3b0c44298fc1c14
logos_02_semantic_core_pass_deem_mat_ground_witness	0	0	e3b0c44298fc1c14
logos_02_semantic_core_pass_deem_narrow_on_parameter	0	0	e3b0c44298fc1c14
logos_02_semantic_core_pass_deem_order_desc_elision	0	0	e3b0c44298fc1c14
logos_02_semantic_core_pass_deem_order_desc_forward_only	0	0	e3b0c44298fc1c14
logos_02_semantic_core_pass_deem_order_elision	0	0	e3b0c44298fc1c14
logos_02_semantic_core_pass_deem_pipeline_chain	0	0	e3b0c44298fc1c14
logos_02_semantic_core_pass_deem_pipeline_handle_seam	0	0	e3b0c44298fc1c14
logos_02_semantic_core_pass_deem_pushdown_all_shapes	0	0	e3b0c44298fc1c14
logos_02_semantic_core_pass_deem_rel_col_derived	0	0	e3b0c44298fc1c14
logos_02_semantic_core_pass_deem_rel_col_from_impl	0	0	e3b0c44298fc1c14
logos_02_semantic_core_pass_deem_rel_col_hashable	0	0	e3b0c44298fc1c14
logos_02_semantic_core_pass_deem_rowmajor_batch_source	0	0	e3b0c44298fc1c14
logos_02_semantic_core_pass_deem_slice_param_batch_e2e	0	0	e3b0c44298fc1c14
logos_02_semantic_core_pass_deem_source_ops_declared	0	0	e3b0c44298fc1c14
logos_02_semantic_core_pass_deem_source_ops_travel	0	0	e3b0c44298fc1c14
logos_02_semantic_core_pass_deem_source_override	0	0	e3b0c44298fc1c14
logos_02_semantic_core_pass_deem_source_size	0	0	e3b0c44298fc1c14
logos_02_semantic_core_pass_deem_source_streams	0	0	e3b0c44298fc1c14
logos_02_semantic_core_pass_deem_stream_return_surface	0	0	e3b0c44298fc1c14
logos_02_semantic_core_pass_deem_three_domain_join	0	0	e3b0c44298fc1c14
logos_02_semantic_core_pass_deep-method-1	0	0	e3b0c44298fc1c14
logos_02_semantic_core_pass_deep-method-2	0	0	e3b0c44298fc1c14
logos_02_semantic_core_pass_deep-method-3	0	0	e3b0c44298fc1c14
logos_02_semantic_core_pass_deep-method-4	0	0	e3b0c44298fc1c14
logos_02_semantic_core_pass_deep-method-5	0	0	e3b0c44298fc1c14
logos_02_semantic_core_pass_deep-nested-struct	0	0	e3b0c44298fc1c14
logos_02_semantic_core_pass_deep-recursion	0	0	e3b0c44298fc1c14
logos_02_semantic_core_pass_default-method-arg-required-9123-tr3	0	0	e3b0c44298fc1c14
logos_02_semantic_core_pass_default-method-bound	0	0	e3b0c44298fc1c14
logos_02_semantic_core_pass_default-method-bound-b151	0	0	e3b0c44298fc1c14
logos_02_semantic_core_pass_default-method-bound-subst	0	0	e3b0c44298fc1c14
logos_02_semantic_core_pass_default-method-bound-subst-b149	0	0	e3b0c44298fc1c14
logos_02_semantic_core_pass_default-method-bound-subst2	0	0	e3b0c44298fc1c14
logos_02_semantic_core_pass_default-method-bound-subst3	0	0	e3b0c44298fc1c14
logos_02_semantic_core_pass_default-method-bound-subst4-tr2	0	0	e3b0c44298fc1c14
logos_02_semantic_core_pass_default-method-calls-supertrait-bounded-fn-tr3	0	0	e3b0c44298fc1c14
logos_02_semantic_core_pass_default-method-chain-3level-tr3	0	0	e3b0c44298fc1c14
logos_02_semantic_core_pass_default-method-mutual-recursion-tr2	0	0	e3b0c44298fc1c14
logos_02_semantic_core_pass_default-method-on-primitive-b159	0	0	e3b0c44298fc1c14
logos_02_semantic_core_pass_default-method-overridden-tr2	0	0	e3b0c44298fc1c14
logos_02_semantic_core_pass_default-method-self	0	0	e3b0c44298fc1c14
logos_02_semantic_core_pass_default-method-simple-b141	0	0	e3b0c44298fc1c14
logos_02_semantic_core_pass_default-method-simple-tr4	0	0	e3b0c44298fc1c14
logos_02_semantic_core_pass_default-method-supervtable	0	0	e3b0c44298fc1c14
logos_02_semantic_core_pass_default-method-supervtable-b149	0	0	e3b0c44298fc1c14
logos_02_semantic_core_pass_default-method-trivial	0	0	e3b0c44298fc1c14
logos_02_semantic_core_pass_default-method-trivial-b149	0	0	e3b0c44298fc1c14
logos_02_semantic_core_pass_default-method-with-args-tr2	0	0	e3b0c44298fc1c14
logos_02_semantic_core_pass_default-methods-multi-inherited-primitive-b160	0	0	e3b0c44298fc1c14
logos_02_semantic_core_pass_default-type-param-concrete-impls-g3	0	0	e3b0c44298fc1c14
logos_02_semantic_core_pass_default-type-params-gconf	0	0	e3b0c44298fc1c14
logos_02_semantic_core_pass_deferred_init_non_mut	0	0	e3b0c44298fc1c14
logos_02_semantic_core_pass_deref-chain-method-calls-b161	0	0	e3b0c44298fc1c14
logos_02_semantic_core_pass_deref-field-index-write-b166	0	0	e3b0c44298fc1c14
logos_02_semantic_core_pass_deref-impl-method-b164	0	0	e3b0c44298fc1c14
logos_02_semantic_core_pass_deref-newtype-method-call	0	0	e3b0c44298fc1c14
logos_02_semantic_core_pass_deref-newtype-method-call-b148	0	0	e3b0c44298fc1c14
logos_02_semantic_core_pass_deref-newtype-method-call-b153	0	0	e3b0c44298fc1c14
logos_02_semantic_core_pass_deref-target-field-b165	0	0	e3b0c44298fc1c14
logos_02_semantic_core_pass_dereferenceable-type-behavior-22992	0	0	e3b0c44298fc1c14
logos_02_semantic_core_pass_derive_branch_node_op_list	0	0	e3b0c44298fc1c14
logos_02_semantic_core_pass_derive_branch_node_shuttle	0	0	e3b0c44298fc1c14
logos_02_semantic_core_pass_derive_clone_quote	0	0	e3b0c44298fc1c14
logos_02_semantic_core_pass_derive_clone_stdlib	0	0	e3b0c44298fc1c14
logos_02_semantic_core_pass_derive_graph_source_field_classes_e2e	0	0	e3b0c44298fc1c14
logos_02_semantic_core_pass_derive_graph_source_root_row	0	0	e3b0c44298fc1c14
logos_02_semantic_core_pass_destruct_field_nested_owned	0	0	f069c8d397595f7f
logos_02_semantic_core_pass_destruct_field_nested_ref	0	0	f069c8d397595f7f
logos_02_semantic_core_pass_destruct_field_ref_binds_a_reference	0	0	e3b0c44298fc1c14
logos_02_semantic_core_pass_destruct_field_ref_through_deref	0	0	f069c8d397595f7f
logos_02_semantic_core_pass_destruct_field_rest_owned	0	0	f069c8d397595f7f
logos_02_semantic_core_pass_destruct_field_rest_through_deref	0	0	f069c8d397595f7f
logos_02_semantic_core_pass_destruct_field_wild_through_deref	0	0	f069c8d397595f7f
logos_02_semantic_core_pass_destructor-run-for-expression-4734-b140	0	0	e3b0c44298fc1c14
logos_02_semantic_core_pass_destructor-run-for-let-ignore-6892	0	0	e3b0c44298fc1c14
logos_02_semantic_core_pass_destructure-array-1	0	0	e3b0c44298fc1c14
logos_02_semantic_core_pass_destructure-array-1-b144	0	0	e3b0c44298fc1c14
logos_02_semantic_core_pass_destructure-assign-swap-b164	0	0	e3b0c44298fc1c14
logos_02_semantic_core_pass_destructure-struct-variant-b149	0	0	e3b0c44298fc1c14
logos_02_semantic_core_pass_destructure_assign	0	0	e3b0c44298fc1c14
logos_02_semantic_core_pass_destructure_let_shadow	0	0	e3b0c44298fc1c14
logos_02_semantic_core_pass_destructuring-struct-with-dtor-6344	0	0	e3b0c44298fc1c14
logos_02_semantic_core_pass_df-borrow-released-on-block-exit	0	0	e3b0c44298fc1c14
logos_02_semantic_core_pass_df-borrows-released-on-scope	0	0	e3b0c44298fc1c14
logos_02_semantic_core_pass_df-cross-nested-mut	0	0	e3b0c44298fc1c14
logos_02_semantic_core_pass_df-deep-then-shallow	0	0	e3b0c44298fc1c14
logos_02_semantic_core_pass_df-disjoint-deep-nesting	0	0	e3b0c44298fc1c14
logos_02_semantic_core_pass_df-disjoint-flat	0	0	e3b0c44298fc1c14
logos_02_semantic_core_pass_df-disjoint-nested	0	0	e3b0c44298fc1c14
logos_02_semantic_core_pass_df-disjoint-shared-fields	0	0	e3b0c44298fc1c14
logos_02_semantic_core_pass_df-method-on-other-field	0	0	e3b0c44298fc1c14
logos_02_semantic_core_pass_df-mixed-shared-mut-fields	0	0	e3b0c44298fc1c14
logos_02_semantic_core_pass_df-sibling-shared-mut	0	0	e3b0c44298fc1c14
logos_02_semantic_core_pass_df-three-fields-mut	0	0	e3b0c44298fc1c14
logos_02_semantic_core_pass_df-tuple-disjoint	0	0	e3b0c44298fc1c14
logos_02_semantic_core_pass_discrim-explicit-23030	0	0	e3b0c44298fc1c14
logos_02_semantic_core_pass_disjoint-capture-in-same-closure-b156	0	0	e3b0c44298fc1c14
logos_02_semantic_core_pass_disjoint-field-borrow-b163	0	0	e3b0c44298fc1c14
logos_02_semantic_core_pass_disjoint-field-borrows-bc	0	0	e3b0c44298fc1c14
logos_02_semantic_core_pass_div-mod	0	0	e3b0c44298fc1c14
logos_02_semantic_core_pass_div-mod-b135	0	0	e3b0c44298fc1c14
logos_02_semantic_core_pass_div-mod-b152	0	0	e3b0c44298fc1c14
logos_02_semantic_core_pass_div-mod-b160	0	0	e3b0c44298fc1c14
logos_02_semantic_core_pass_div-mod-signs-na	0	0	e3b0c44298fc1c14
logos_02_semantic_core_pass_divergent_arm_unwind	0	0	8dd43eb0c963dd7c
logos_02_semantic_core_pass_divergent_arm_unwind_ctl	0	0	a53a265de5eededd
logos_02_semantic_core_pass_diverging-call-arg-bnever	0	0	e3b0c44298fc1c14
logos_02_semantic_core_pass_diverging-expressions-unreachable-code-b158	0	0	e3b0c44298fc1c14
logos_02_semantic_core_pass_doc-comment-parsing	0	0	e3b0c44298fc1c14
logos_02_semantic_core_pass_doc_comment_a3	0	0	e3b0c44298fc1c14
logos_02_semantic_core_pass_doc_comment_a4	0	0	e3b0c44298fc1c14
logos_02_semantic_core_pass_doc_comment_inner	0	0	e3b0c44298fc1c14
logos_02_semantic_core_pass_doc_comment_outer	0	0	e3b0c44298fc1c14
logos_02_semantic_core_pass_double-deref-ref	0	0	e3b0c44298fc1c14
logos_02_semantic_core_pass_double-ref-deref-b166	0	0	e3b0c44298fc1c14
logos_02_semantic_core_pass_double_ref_type	0	0	e3b0c44298fc1c14
logos_02_semantic_core_pass_drop-each-loop-iteration	0	0	e3b0c44298fc1c14
logos_02_semantic_core_pass_drop-early-return-nested-b167	0	0	e3b0c44298fc1c14
logos_02_semantic_core_pass_drop-in-loop-break-g167	0	0	e3b0c44298fc1c14
logos_02_semantic_core_pass_drop-in-loop-iterations-dr	0	0	e3b0c44298fc1c14
logos_02_semantic_core_pass_drop-move-into-fn-once-dr	0	0	e3b0c44298fc1c14
logos_02_semantic_core_pass_drop-nested-field-dr	0	0	e3b0c44298fc1c14
logos_02_semantic_core_pass_drop-nested-scope-order-dr	0	0	e3b0c44298fc1c14
logos_02_semantic_core_pass_drop-on-early-return-dr	0	0	e3b0c44298fc1c14
logos_02_semantic_core_pass_drop-on-empty-block-exit-b143	0	0	e3b0c44298fc1c14
logos_02_semantic_core_pass_drop-on-ret	0	0	e3b0c44298fc1c14
logos_02_semantic_core_pass_drop-on-ret-b136	0	0	e3b0c44298fc1c14
logos_02_semantic_core_pass_drop-once-on-move-b154	0	0	e3b0c44298fc1c14
logos_02_semantic_core_pass_drop-order-locals-b162	0	0	e3b0c44298fc1c14
logos_02_semantic_core_pass_drop-order-locals-dr	0	0	e3b0c44298fc1c14
logos_02_semantic_core_pass_drop-returned-value-not-in-fn-dr	0	0	e3b0c44298fc1c14
logos_02_semantic_core_pass_drop-scope-exit	0	0	e3b0c44298fc1c14
logos_02_semantic_core_pass_drop-temporary-method-receiver-9446	0	0	e3b0c44298fc1c14
logos_02_semantic_core_pass_drop-through-option-b161	0	0	e3b0c44298fc1c14
logos_02_semantic_core_pass_drop-trait	0	0	e3b0c44298fc1c14
logos_02_semantic_core_pass_drop-trait-enum-b154	0	0	e3b0c44298fc1c14
logos_02_semantic_core_pass_drop-trait-generic	0	0	e3b0c44298fc1c14
logos_02_semantic_core_pass_drop-trait-generic-b147	0	0	e3b0c44298fc1c14
logos_02_semantic_core_pass_drop-uninhabited-enum-b154	0	0	e3b0c44298fc1c14
logos_02_semantic_core_pass_dropck-binding-and-source-both-inner	0	0	e3b0c44298fc1c14
logos_02_semantic_core_pass_dropck-borrow-fn-result	0	0	e3b0c44298fc1c14
logos_02_semantic_core_pass_dropck-conditional-fresh-borrow	0	0	e3b0c44298fc1c14
logos_02_semantic_core_pass_dropck-fn-param-source	0	0	e3b0c44298fc1c14
logos_02_semantic_core_pass_dropck-many-fields-same-scope	0	0	e3b0c44298fc1c14
logos_02_semantic_core_pass_dropck-no-drop-no-check	0	0	e3b0c44298fc1c14
logos_02_semantic_core_pass_dropck-no-lt-no-check	0	0	e3b0c44298fc1c14
logos_02_semantic_core_pass_dropck-outer-source	0	0	e3b0c44298fc1c14
logos_02_semantic_core_pass_dropck-same-scope	0	0	e3b0c44298fc1c14
logos_02_semantic_core_pass_dropck-static-ok	0	0	e3b0c44298fc1c14
logos_02_semantic_core_pass_dropflag-reinit-loop-b172	0	0	e3b0c44298fc1c14
logos_02_semantic_core_pass_dst-raw-trait-object-b158	0	0	e3b0c44298fc1c14
logos_02_semantic_core_pass_dst_box_roundtrip	0	0	e3b0c44298fc1c14
logos_02_semantic_core_pass_dst_construct_and_read_prefix	0	0	e3b0c44298fc1c14
logos_02_semantic_core_pass_dst_generic_inherit	0	0	e3b0c44298fc1c14
logos_02_semantic_core_pass_dst_method_dispatch	0	0	e3b0c44298fc1c14
logos_02_semantic_core_pass_dst_prefix_struct_field	0	0	e3b0c44298fc1c14
logos_02_semantic_core_pass_dst_ref_field_reassign	0	52	e3b0c44298fc1c14
logos_02_semantic_core_pass_dst_self_ptr_receiver	0	0	e3b0c44298fc1c14
logos_02_semantic_core_pass_dst_tail_field_access	0	0	e3b0c44298fc1c14
logos_02_semantic_core_pass_dst_write_prefix_tail	0	42	e3b0c44298fc1c14
logos_02_semantic_core_pass_dual-trait-impl-assoc-type-g156	0	0	e3b0c44298fc1c14
logos_02_semantic_core_pass_dupown_array_into_iter_copy_ctl	0	0	ed52eefbeaf4c103
logos_02_semantic_core_pass_dupown_array_into_iter_drop_once	0	0	fcb6563ddc6cad1f
logos_02_semantic_core_pass_dupown_cmp_minmax_by_copy_ctl	0	0	57a7ee8a6e932aaa
logos_02_semantic_core_pass_dupown_cmp_minmax_by_drop_once	0	0	482392c1bff210f3
logos_02_semantic_core_pass_dupown_generic_indirect_call_copy_ctl	0	0	2c03bd0daa812a18
logos_02_semantic_core_pass_dupown_generic_indirect_call_drop_once	0	0	686f05dcba827649
logos_02_semantic_core_pass_dupown_iter_consuming_pred_copy_ctl	0	0	b624f0542cabd1e0
logos_02_semantic_core_pass_dupown_iter_consuming_pred_drop_once	0	0	0fc45fe56688409d
logos_02_semantic_core_pass_dupown_lazycell_force_copy_ctl	0	0	d373ce7804c87a1f
logos_02_semantic_core_pass_dupown_lazycell_force_drop_once	0	0	0ae28215d66bd86f
logos_02_semantic_core_pass_dupown_oncecell_get_or_init_copy_ctl	0	0	38cffe2bcd316cc7
logos_02_semantic_core_pass_dupown_oncecell_get_or_init_drop_once	0	0	8cb75bcd2d6e4b81
logos_02_semantic_core_pass_dupown_oncecell_into_inner_copy_ctl	0	0	1a0342d402760102
logos_02_semantic_core_pass_dupown_oncecell_into_inner_drop_once	0	0	a8d9499e7e6ca4a6
logos_02_semantic_core_pass_dupown_oncecell_set_copy_ctl	0	0	d0e74e3ff64539ef
logos_02_semantic_core_pass_dupown_oncecell_set_drop_once	0	0	5f17595d611da521
logos_02_semantic_core_pass_dupown_oncecell_unset_seed_copy_ctl	0	0	63385abdf8488b93
logos_02_semantic_core_pass_dupown_oncecell_unset_seed_drop_once	0	0	10f965a9731b2c62
logos_02_semantic_core_pass_dview_read	0	0	e3b0c44298fc1c14
logos_02_semantic_core_pass_dview_try_insert	0	0	e3b0c44298fc1c14
logos_02_semantic_core_pass_dyn-arg-and-local-handle-dyn	0	0	e3b0c44298fc1c14
logos_02_semantic_core_pass_dyn-arg-call	0	0	e3b0c44298fc1c14
logos_02_semantic_core_pass_dyn-arg-dispatch-b165	0	0	e3b0c44298fc1c14
logos_02_semantic_core_pass_dyn-array-indexed-dispatch-dyn	0	0	e3b0c44298fc1c14
logos_02_semantic_core_pass_dyn-box-fn-call	0	0	e3b0c44298fc1c14
logos_02_semantic_core_pass_dyn-compatibility-sized-self-return-Self-b158	0	0	e3b0c44298fc1c14
logos_02_semantic_core_pass_dyn-default-method-dispatch-b166	0	0	e3b0c44298fc1c14
logos_02_semantic_core_pass_dyn-default-method-only-dyn	0	0	e3b0c44298fc1c14
logos_02_semantic_core_pass_dyn-fn-with-lt-ref	0	0	e3b0c44298fc1c14
logos_02_semantic_core_pass_dyn-fnmut-basic	0	0	e3b0c44298fc1c14
logos_02_semantic_core_pass_dyn-in-struct-gap	0	0	e3b0c44298fc1c14
logos_02_semantic_core_pass_dyn-let-init-gap	0	0	e3b0c44298fc1c14
logos_02_semantic_core_pass_dyn-lt-fn-param	0	0	e3b0c44298fc1c14
logos_02_semantic_core_pass_dyn-lt-mixed-bound	0	0	e3b0c44298fc1c14
logos_02_semantic_core_pass_dyn-lt-mut-method	0	0	e3b0c44298fc1c14
logos_02_semantic_core_pass_dyn-lt-passed-twice	0	0	e3b0c44298fc1c14
logos_02_semantic_core_pass_dyn-lt-with-method-call	0	0	e3b0c44298fc1c14
logos_02_semantic_core_pass_dyn-method-result-in-match-dyn	0	0	e3b0c44298fc1c14
logos_02_semantic_core_pass_dyn-multi-method-tr2	0	0	e3b0c44298fc1c14
logos_02_semantic_core_pass_dyn-mut-self-method-dyn	0	0	e3b0c44298fc1c14
logos_02_semantic_core_pass_dyn-ref-array-dispatch-b166	0	0	e3b0c44298fc1c14
logos_02_semantic_core_pass_dyn-ref-array-heterogeneous-b166	0	0	e3b0c44298fc1c14
logos_02_semantic_core_pass_dyn-returned-from-fn-dyn	0	0	e3b0c44298fc1c14
logos_02_semantic_core_pass_dyn-slice-param-b166	0	0	e3b0c44298fc1c14
logos_02_semantic_core_pass_dyn-stored-in-field-tr2	0	0	e3b0c44298fc1c14
logos_02_semantic_core_pass_dyn-trait-array-n4-b166	0	0	e3b0c44298fc1c14
logos_02_semantic_core_pass_dyn-trait-lt-plus-bound	0	0	e3b0c44298fc1c14
logos_02_semantic_core_pass_dyn-trait-object-coercion-3794-b146	0	0	e3b0c44298fc1c14
logos_02_semantic_core_pass_dyn-trait-object-dispatch-b138	0	0	e3b0c44298fc1c14
logos_02_semantic_core_pass_dyn-trait-object-vec-dispatch-b162	0	0	e3b0c44298fc1c14
logos_02_semantic_core_pass_dyn-trait-with-lt	0	0	e3b0c44298fc1c14
logos_02_semantic_core_pass_dyn-trait-with-lt-anon	0	0	e3b0c44298fc1c14
logos_02_semantic_core_pass_dyn-trait-with-lt-mut	0	0	e3b0c44298fc1c14
logos_02_semantic_core_pass_dyn-two-fields-struct-dyn	0	0	e3b0c44298fc1c14
logos_02_semantic_core_pass_dynamic_slice_match_named_rest	0	0	e3b0c44298fc1c14
logos_02_semantic_core_pass_early-return-binop-ex	0	0	e3b0c44298fc1c14
logos_02_semantic_core_pass_early-return-in-binop	0	0	e3b0c44298fc1c14
logos_02_semantic_core_pass_early-return-in-binop-xpr4	0	0	e3b0c44298fc1c14
logos_02_semantic_core_pass_early-return-nested-b163	0	0	e3b0c44298fc1c14
logos_02_semantic_core_pass_early-return-with-unreachable-code-24353	0	0	e3b0c44298fc1c14
logos_02_semantic_core_pass_early-vtbl-resolution	0	0	e3b0c44298fc1c14
logos_02_semantic_core_pass_either-construct-match-b133	0	0	e3b0c44298fc1c14
logos_02_semantic_core_pass_either-generic-match-b137	0	0	e3b0c44298fc1c14
logos_02_semantic_core_pass_elision-fn-ptr-input	0	0	e3b0c44298fc1c14
logos_02_semantic_core_pass_empty-gen-enum	0	0	e3b0c44298fc1c14
logos_02_semantic_core_pass_empty-mutable-vec	0	0	e3b0c44298fc1c14
logos_02_semantic_core_pass_empty-slice-return-b172	0	0	e3b0c44298fc1c14
logos_02_semantic_core_pass_empty-struct-braces-b151	0	0	e3b0c44298fc1c14
logos_02_semantic_core_pass_empty-tag	0	0	e3b0c44298fc1c14
logos_02_semantic_core_pass_empty-tag-b141	0	0	e3b0c44298fc1c14
logos_02_semantic_core_pass_empty_struct_enum_variant	0	0	e3b0c44298fc1c14
logos_02_semantic_core_pass_enum-3-variants-1	0	0	e3b0c44298fc1c14
logos_02_semantic_core_pass_enum-3-variants-2	0	0	e3b0c44298fc1c14
logos_02_semantic_core_pass_enum-3-variants-3	0	0	e3b0c44298fc1c14
logos_02_semantic_core_pass_enum-3-variants-4	0	0	e3b0c44298fc1c14
logos_02_semantic_core_pass_enum-3-variants-5	0	0	e3b0c44298fc1c14
logos_02_semantic_core_pass_enum-c-style-1	0	0	e3b0c44298fc1c14
logos_02_semantic_core_pass_enum-c-style-2	0	0	e3b0c44298fc1c14
logos_02_semantic_core_pass_enum-c-style-3	0	0	e3b0c44298fc1c14
logos_02_semantic_core_pass_enum-c-style-4	0	0	e3b0c44298fc1c14
logos_02_semantic_core_pass_enum-c-style-5	0	0	e3b0c44298fc1c14
logos_02_semantic_core_pass_enum-clike-ffi-as-int	0	0	e3b0c44298fc1c14
logos_02_semantic_core_pass_enum-data-1	0	0	e3b0c44298fc1c14
logos_02_semantic_core_pass_enum-data-2	0	0	e3b0c44298fc1c14
logos_02_semantic_core_pass_enum-data-3	0	0	e3b0c44298fc1c14
logos_02_semantic_core_pass_enum-data-4	0	0	e3b0c44298fc1c14
logos_02_semantic_core_pass_enum-data-5	0	0	e3b0c44298fc1c14
logos_02_semantic_core_pass_enum-data-i64-1	0	0	e3b0c44298fc1c14
logos_02_semantic_core_pass_enum-data-i64-10	0	0	e3b0c44298fc1c14
logos_02_semantic_core_pass_enum-data-i64-2	0	0	e3b0c44298fc1c14
logos_02_semantic_core_pass_enum-data-i64-3	0	0	e3b0c44298fc1c14
logos_02_semantic_core_pass_enum-data-i64-4	0	0	e3b0c44298fc1c14
logos_02_semantic_core_pass_enum-data-i64-5	0	0	e3b0c44298fc1c14
logos_02_semantic_core_pass_enum-data-i64-6	0	0	e3b0c44298fc1c14
logos_02_semantic_core_pass_enum-data-i64-7	0	0	e3b0c44298fc1c14
logos_02_semantic_core_pass_enum-data-i64-8	0	0	e3b0c44298fc1c14
logos_02_semantic_core_pass_enum-data-i64-9	0	0	e3b0c44298fc1c14
logos_02_semantic_core_pass_enum-disc-match-b166	0	0	e3b0c44298fc1c14
logos_02_semantic_core_pass_enum-discr	0	0	e3b0c44298fc1c14
logos_02_semantic_core_pass_enum-discr-b135	0	0	e3b0c44298fc1c14
logos_02_semantic_core_pass_enum-discr-b148	0	0	e3b0c44298fc1c14
logos_02_semantic_core_pass_enum-discr-derived-b135	0	0	e3b0c44298fc1c14
logos_02_semantic_core_pass_enum-discrim-as-int-b145	0	0	e3b0c44298fc1c14
logos_02_semantic_core_pass_enum-discrim-autosizing-b143	0	0	e3b0c44298fc1c14
logos_02_semantic_core_pass_enum-discrim-chained-b161	0	0	e3b0c44298fc1c14
logos_02_semantic_core_pass_enum-discrim-large-b149	0	0	e3b0c44298fc1c14
logos_02_semantic_core_pass_enum-discriminant-cast-b164	0	0	e3b0c44298fc1c14
logos_02_semantic_core_pass_enum-disr-val	0	0	e3b0c44298fc1c14
logos_02_semantic_core_pass_enum-disr-val-pretty	0	0	e3b0c44298fc1c14
logos_02_semantic_core_pass_enum-drop-impl-15063	0	0	e3b0c44298fc1c14
logos_02_semantic_core_pass_enum-drop-impl-15063-b147	0	0	e3b0c44298fc1c14
logos_02_semantic_core_pass_enum-explicit-disc	0	0	e3b0c44298fc1c14
logos_02_semantic_core_pass_enum-fnptr-variant	0	0	e3b0c44298fc1c14
logos_02_semantic_core_pass_enum-gen-1	0	0	e3b0c44298fc1c14
logos_02_semantic_core_pass_enum-gen-2	0	0	e3b0c44298fc1c14
logos_02_semantic_core_pass_enum-gen-3	0	0	e3b0c44298fc1c14
logos_02_semantic_core_pass_enum-gen-4	0	0	e3b0c44298fc1c14
logos_02_semantic_core_pass_enum-gen-5	0	0	e3b0c44298fc1c14
logos_02_semantic_core_pass_enum-impls-trait-tr2	0	0	e3b0c44298fc1c14
logos_02_semantic_core_pass_enum-lifetime-container-10228	0	0	e3b0c44298fc1c14
logos_02_semantic_core_pass_enum-lit-field-construction-b167	0	0	e3b0c44298fc1c14
logos_02_semantic_core_pass_enum-lt-construct	0	0	e3b0c44298fc1c14
logos_02_semantic_core_pass_enum-match-wildcard-passthrough-b172	0	0	e3b0c44298fc1c14
logos_02_semantic_core_pass_enum-method-area-en	0	0	e3b0c44298fc1c14
logos_02_semantic_core_pass_enum-method-returns-self-en	0	0	e3b0c44298fc1c14
logos_02_semantic_core_pass_enum-methods-payload-b164	0	0	e3b0c44298fc1c14
logos_02_semantic_core_pass_enum-multi-payload	0	0	e3b0c44298fc1c14
logos_02_semantic_core_pass_enum-nested-discriminant	0	0	e3b0c44298fc1c14
logos_02_semantic_core_pass_enum-nullable-simplifycfg-misopt-b142	0	0	e3b0c44298fc1c14
logos_02_semantic_core_pass_enum-option-payload-byval-b165	0	0	e3b0c44298fc1c14
logos_02_semantic_core_pass_enum-payload-method-area-b165	0	0	e3b0c44298fc1c14
logos_02_semantic_core_pass_enum-payload-wildcard-match-b137	0	0	e3b0c44298fc1c14
logos_02_semantic_core_pass_enum-range-at-binding-b165	0	0	e3b0c44298fc1c14
logos_02_semantic_core_pass_enum-recursive-list-b138	0	0	e3b0c44298fc1c14
logos_02_semantic_core_pass_enum-ref-variant-match-lt	0	0	e3b0c44298fc1c14
logos_02_semantic_core_pass_enum-size-variance	0	0	e3b0c44298fc1c14
logos_02_semantic_core_pass_enum-state-machine-b163	0	0	e3b0c44298fc1c14
logos_02_semantic_core_pass_enum-struct-variant-b164	0	0	e3b0c44298fc1c14
logos_02_semantic_core_pass_enum-struct-variant-match-b138	0	0	e3b0c44298fc1c14
logos_02_semantic_core_pass_enum-struct-variant-pat	0	0	e3b0c44298fc1c14
logos_02_semantic_core_pass_enum-to-numeric-cast-b136	0	0	e3b0c44298fc1c14
logos_02_semantic_core_pass_enum-tuple-payload-pat	0	0	e3b0c44298fc1c14
logos_02_semantic_core_pass_enum-u8-variant-b141	0	0	e3b0c44298fc1c14
logos_02_semantic_core_pass_enum-u8-variant-b150	0	0	e3b0c44298fc1c14
logos_02_semantic_core_pass_enum-univariant-repr	0	0	e3b0c44298fc1c14
logos_02_semantic_core_pass_enum-univariant-repr-b136	0	0	e3b0c44298fc1c14
logos_02_semantic_core_pass_enum-variant-self-and-paths-b160	0	0	e3b0c44298fc1c14
logos_02_semantic_core_pass_enum-variants	0	0	e3b0c44298fc1c14
logos_02_semantic_core_pass_enum-variants-b135	0	0	e3b0c44298fc1c14
logos_02_semantic_core_pass_enum-with-generic-parameter-5997	0	0	e3b0c44298fc1c14
logos_02_semantic_core_pass_enum-with-generic-parameter-5997-b150	0	0	e3b0c44298fc1c14
logos_02_semantic_core_pass_enum-with-lt-variant	0	0	e3b0c44298fc1c14
logos_02_semantic_core_pass_enum-with-uninhabited-variant	0	0	e3b0c44298fc1c14
logos_02_semantic_core_pass_enum-wrap-dispatch-b166	0	0	e3b0c44298fc1c14
logos_02_semantic_core_pass_enum_all_variants	0	42	e3b0c44298fc1c14
logos_02_semantic_core_pass_enum_backing_type	0	0	e3b0c44298fc1c14
logos_02_semantic_core_pass_enum_eq_impl_operator	0	0	e3b0c44298fc1c14
logos_02_semantic_core_pass_enum_field_alignment	0	42	e3b0c44298fc1c14
logos_02_semantic_core_pass_enum_in_struct	0	42	e3b0c44298fc1c14
logos_02_semantic_core_pass_enum_int_pattern	0	42	e3b0c44298fc1c14
logos_02_semantic_core_pass_enum_lit_call_arg	0	0	e3b0c44298fc1c14
logos_02_semantic_core_pass_enum_niche_option_ref	0	0	e3b0c44298fc1c14
logos_02_semantic_core_pass_enum_payload_drop	0	0	e3b0c44298fc1c14
logos_02_semantic_core_pass_enum_reassign_generic_variant	0	0	e3b0c44298fc1c14
logos_02_semantic_core_pass_enum_struct_field	0	42	e3b0c44298fc1c14
logos_02_semantic_core_pass_enum_struct_payload_offset	0	0	e3b0c44298fc1c14
logos_02_semantic_core_pass_enum_struct_shape	0	0	e3b0c44298fc1c14
logos_02_semantic_core_pass_enum_tail_return_multiparam	0	0	e3b0c44298fc1c14
logos_02_semantic_core_pass_enum_type_arg_legit	0	0	e3b0c44298fc1c14
logos_02_semantic_core_pass_enum_type_code	0	0	e3b0c44298fc1c14
logos_02_semantic_core_pass_enum_u8_variant	0	0	e3b0c44298fc1c14
logos_02_semantic_core_pass_enum_wildcard	0	42	e3b0c44298fc1c14
logos_02_semantic_core_pass_enumerate-fold-itx	0	0	e3b0c44298fc1c14
logos_02_semantic_core_pass_eq-i32-tup	0	0	e3b0c44298fc1c14
logos_02_semantic_core_pass_error_trait_chain	0	42	e3b0c44298fc1c14
logos_02_semantic_core_pass_estr-slice	0	0	e3b0c44298fc1c14
logos_02_semantic_core_pass_estr-slice-cmp-b161	0	0	e3b0c44298fc1c14
logos_02_semantic_core_pass_eval-order-block-in-operand-b172	0	0	e3b0c44298fc1c14
logos_02_semantic_core_pass_evec-slice	0	0	e3b0c44298fc1c14
logos_02_semantic_core_pass_exhaustive-bool-match-b139	0	0	e3b0c44298fc1c14
logos_02_semantic_core_pass_exhaustive-bool-match-b161	0	0	e3b0c44298fc1c14
logos_02_semantic_core_pass_exhaustive-bool-match-sanity	0	0	e3b0c44298fc1c14
logos_02_semantic_core_pass_explicit-and-elided-same-header	0	0	e3b0c44298fc1c14
logos_02_semantic_core_pass_explicit-discr-as-int-b163	0	0	e3b0c44298fc1c14
logos_02_semantic_core_pass_explicit-discr-cast-roundtrip-b162	0	0	e3b0c44298fc1c14
logos_02_semantic_core_pass_explicit-self	0	0	e3b0c44298fc1c14
logos_02_semantic_core_pass_explicit-self-b157	0	0	e3b0c44298fc1c14
logos_02_semantic_core_pass_explicit-self-closures-b144	0	0	e3b0c44298fc1c14
logos_02_semantic_core_pass_explicit-self-generic	0	0	e3b0c44298fc1c14
logos_02_semantic_core_pass_explicit-self-generic-b141	0	0	e3b0c44298fc1c14
logos_02_semantic_core_pass_explicit-self-generic-b151	0	0	e3b0c44298fc1c14
logos_02_semantic_core_pass_explicit-self-objects-uniq-b143	0	0	e3b0c44298fc1c14
logos_02_semantic_core_pass_expr-fn	0	0	e3b0c44298fc1c14
logos_02_semantic_core_pass_expr-fn-b146	0	0	e3b0c44298fc1c14
logos_02_semantic_core_pass_expr-fn-fn2	0	0	e3b0c44298fc1c14
logos_02_semantic_core_pass_expr-if	0	0	e3b0c44298fc1c14
logos_02_semantic_core_pass_expr-if-b152	0	0	e3b0c44298fc1c14
logos_02_semantic_core_pass_expr-if-panic-pass	0	0	e3b0c44298fc1c14
logos_02_semantic_core_pass_expr-if-struct	0	0	e3b0c44298fc1c14
logos_02_semantic_core_pass_expr-if-struct-b148	0	0	e3b0c44298fc1c14
logos_02_semantic_core_pass_expr-match	0	0	e3b0c44298fc1c14
logos_02_semantic_core_pass_expr-match-b152	0	0	e3b0c44298fc1c14
logos_02_semantic_core_pass_expr-match-b159	0	0	e3b0c44298fc1c14
logos_02_semantic_core_pass_expr-match-corners-b161	0	0	e3b0c44298fc1c14
logos_02_semantic_core_pass_expr-match-generic	0	0	e3b0c44298fc1c14
logos_02_semantic_core_pass_expr-match-generic-b157	0	0	e3b0c44298fc1c14
logos_02_semantic_core_pass_expr-match-generic-b161	0	0	e3b0c44298fc1c14
logos_02_semantic_core_pass_expr-match-generic-unique1	0	0	e3b0c44298fc1c14
logos_02_semantic_core_pass_expr-match-generic-unique2-b145	0	0	e3b0c44298fc1c14
logos_02_semantic_core_pass_expr-match-panic	0	0	e3b0c44298fc1c14
logos_02_semantic_core_pass_expr-match-panic-all	0	0	e3b0c44298fc1c14
logos_02_semantic_core_pass_expr-match-panic-fn-b144	0	0	e3b0c44298fc1c14
logos_02_semantic_core_pass_expr-match-struct	0	0	e3b0c44298fc1c14
logos_02_semantic_core_pass_expr-match-struct-b148	0	0	e3b0c44298fc1c14
logos_02_semantic_core_pass_expr-match-struct-b159	0	0	e3b0c44298fc1c14
logos_02_semantic_core_pass_expr-match-unique	0	0	e3b0c44298fc1c14
logos_02_semantic_core_pass_expr-precedence	0	0	e3b0c44298fc1c14
logos_02_semantic_core_pass_expr_bitwise_ops	0	42	e3b0c44298fc1c14
logos_02_semantic_core_pass_expr_bug_float_arg_coerce	0	42	e3b0c44298fc1c14
logos_02_semantic_core_pass_expr_bug_float_arr_lit	0	42	e3b0c44298fc1c14
logos_02_semantic_core_pass_expr_bug_float_intlit_op	0	42	e3b0c44298fc1c14
logos_02_semantic_core_pass_expr_bug_if_float_arms	0	42	e3b0c44298fc1c14
logos_02_semantic_core_pass_expr_bug_intlit_to_float	0	42	e3b0c44298fc1c14
logos_02_semantic_core_pass_expr_bug_return_intlit_float	0	42	e3b0c44298fc1c14
logos_02_semantic_core_pass_expr_bug_struct_float_fields	0	42	e3b0c44298fc1c14
logos_02_semantic_core_pass_expr_bug_tuple_float_elems	0	42	e3b0c44298fc1c14
logos_02_semantic_core_pass_f32-add-10_0-0_5	0	0	e3b0c44298fc1c14
logos_02_semantic_core_pass_f32-add-1_0-2_0	0	0	e3b0c44298fc1c14
logos_02_semantic_core_pass_f32-add-3_5-1_5	0	0	e3b0c44298fc1c14
logos_02_semantic_core_pass_f32-div-10_0-0_5	0	0	e3b0c44298fc1c14
logos_02_semantic_core_pass_f32-div-1_0-2_0	0	0	e3b0c44298fc1c14
logos_02_semantic_core_pass_f32-div-3_5-1_5	0	0	e3b0c44298fc1c14
logos_02_semantic_core_pass_f32-mul-10_0-0_5	0	0	e3b0c44298fc1c14
logos_02_semantic_core_pass_f32-mul-1_0-2_0	0	0	e3b0c44298fc1c14
logos_02_semantic_core_pass_f32-mul-3_5-1_5	0	0	e3b0c44298fc1c14
logos_02_semantic_core_pass_f32-sub-10_0-0_5	0	0	e3b0c44298fc1c14
logos_02_semantic_core_pass_f32-sub-1_0-2_0	0	0	e3b0c44298fc1c14
logos_02_semantic_core_pass_f32-sub-3_5-1_5	0	0	e3b0c44298fc1c14
logos_02_semantic_core_pass_f64-add-10_0-0_5	0	0	e3b0c44298fc1c14
logos_02_semantic_core_pass_f64-add-1_0-2_0	0	0	e3b0c44298fc1c14
logos_02_semantic_core_pass_f64-add-3_5-1_5	0	0	e3b0c44298fc1c14
logos_02_semantic_core_pass_f64-arith-cmp-b163	0	0	e3b0c44298fc1c14
logos_02_semantic_core_pass_f64-div-10_0-0_5	0	0	e3b0c44298fc1c14
logos_02_semantic_core_pass_f64-div-1_0-2_0	0	0	e3b0c44298fc1c14
logos_02_semantic_core_pass_f64-div-3_5-1_5	0	0	e3b0c44298fc1c14
logos_02_semantic_core_pass_f64-mul-10_0-0_5	0	0	e3b0c44298fc1c14
logos_02_semantic_core_pass_f64-mul-1_0-2_0	0	0	e3b0c44298fc1c14
logos_02_semantic_core_pass_f64-mul-3_5-1_5	0	0	e3b0c44298fc1c14
logos_02_semantic_core_pass_f64-sub-10_0-0_5	0	0	e3b0c44298fc1c14
logos_02_semantic_core_pass_f64-sub-1_0-2_0	0	0	e3b0c44298fc1c14
logos_02_semantic_core_pass_f64-sub-3_5-1_5	0	0	e3b0c44298fc1c14
logos_02_semantic_core_pass_f64_to_uint	0	0	e3b0c44298fc1c14
logos_02_semantic_core_pass_factory-assoc-type-b149	0	0	e3b0c44298fc1c14
logos_02_semantic_core_pass_fat-arrow-match	0	0	e3b0c44298fc1c14
logos_02_semantic_core_pass_fat-ptr-cast-rpass	0	0	e3b0c44298fc1c14
logos_02_semantic_core_pass_fat-ptr-dyn-as-thin	0	0	e3b0c44298fc1c14
logos_02_semantic_core_pass_fat-ptr-to-thin-array-cast	0	0	e3b0c44298fc1c14
logos_02_semantic_core_pass_fat_deref_box_str	0	0	e3b0c44298fc1c14
logos_02_semantic_core_pass_fat_deref_local_str_ref	0	0	e3b0c44298fc1c14
logos_02_semantic_core_pass_fat_deref_match_str	0	0	e3b0c44298fc1c14
logos_02_semantic_core_pass_fat_deref_raw_ptr_str	0	0	e3b0c44298fc1c14
logos_02_semantic_core_pass_fat_deref_user_accessor	0	0	e3b0c44298fc1c14
logos_02_semantic_core_pass_fat_elem_borrow_deref	0	0	e3b0c44298fc1c14
logos_02_semantic_core_pass_fat_elem_index_field	0	0	e3b0c44298fc1c14
logos_02_semantic_core_pass_fat_elem_slice_elem_deref	0	0	e3b0c44298fc1c14
logos_02_semantic_core_pass_fiber_reactor_basic	0	42	e3b0c44298fc1c14
logos_02_semantic_core_pass_fiber_sleep_ms	0	42	e3b0c44298fc1c14
logos_02_semantic_core_pass_field-destruction-order-b136	0	0	e3b0c44298fc1c14
logos_02_semantic_core_pass_field-mut-borrow-survives-other-field-use-bc	0	0	e3b0c44298fc1c14
logos_02_semantic_core_pass_field-replace-in-struct-with-drop-b154	0	0	e3b0c44298fc1c14
logos_02_semantic_core_pass_field_compound_assign	0	42	e3b0c44298fc1c14
logos_02_semantic_core_pass_field_drop_before_replace	0	0	e3b0c44298fc1c14
logos_02_semantic_core_pass_field_index_write_generic_tuple	0	42	e3b0c44298fc1c14
logos_02_semantic_core_pass_field_index_write_u8	0	42	e3b0c44298fc1c14
logos_02_semantic_core_pass_field_reassign_drops_old	0	0	e3b0c44298fc1c14
logos_02_semantic_core_pass_field_shorthand	0	42	e3b0c44298fc1c14
logos_02_semantic_core_pass_field_write_unified	0	42	e3b0c44298fc1c14
logos_02_semantic_core_pass_filter-fold-pipeline-itx	0	0	e3b0c44298fc1c14
logos_02_semantic_core_pass_final-borrow-cycle	0	0	e3b0c44298fc1c14
logos_02_semantic_core_pass_final-gen-method-via-ref	0	0	e3b0c44298fc1c14
logos_02_semantic_core_pass_final-mut-array	0	0	e3b0c44298fc1c14
logos_02_semantic_core_pass_final-trait-chain	0	0	e3b0c44298fc1c14
logos_02_semantic_core_pass_fixed-array-copy-by-value-av	0	0	e3b0c44298fc1c14
logos_02_semantic_core_pass_fixed-length-array-destructure-b140	0	0	e3b0c44298fc1c14
logos_02_semantic_core_pass_fixed-length-copy-b155	0	0	e3b0c44298fc1c14
logos_02_semantic_core_pass_fixed-length-copy-b161	0	0	e3b0c44298fc1c14
logos_02_semantic_core_pass_fixed_length_copy	0	0	e3b0c44298fc1c14
logos_02_semantic_core_pass_float	0	0	e3b0c44298fc1c14
logos_02_semantic_core_pass_float-cmp-ops-b160	0	0	e3b0c44298fc1c14
logos_02_semantic_core_pass_float-infinity-arith-na2	0	0	e3b0c44298fc1c14
logos_02_semantic_core_pass_float-int-cast-roundtrip-na2	0	0	e3b0c44298fc1c14
logos_02_semantic_core_pass_float-literal-forms-na	0	0	e3b0c44298fc1c14
logos_02_semantic_core_pass_float-literal-inference	0	0	e3b0c44298fc1c14
logos_02_semantic_core_pass_float-literal-inference-b137	0	0	e3b0c44298fc1c14
logos_02_semantic_core_pass_float-math-fns-na	0	0	e3b0c44298fc1c14
logos_02_semantic_core_pass_float-ops-b164	0	0	e3b0c44298fc1c14
logos_02_semantic_core_pass_float-signature	0	0	e3b0c44298fc1c14
logos_02_semantic_core_pass_float-signature-fn-na2	0	0	e3b0c44298fc1c14
logos_02_semantic_core_pass_float-type-inference-unification-14382-b158	0	0	e3b0c44298fc1c14
logos_02_semantic_core_pass_float-unification-14382-b146	0	0	e3b0c44298fc1c14
logos_02_semantic_core_pass_float2	0	0	e3b0c44298fc1c14
logos_02_semantic_core_pass_float2-b145	0	0	e3b0c44298fc1c14
logos_02_semantic_core_pass_float2-b154	0	0	e3b0c44298fc1c14
logos_02_semantic_core_pass_float_bare_mantissa_exp	0	0	e3b0c44298fc1c14
logos_02_semantic_core_pass_float_classify_methods	0	0	e3b0c44298fc1c14
logos_02_semantic_core_pass_float_literal_subnormal_parses	0	0	e3b0c44298fc1c14
logos_02_semantic_core_pass_floatlits	0	0	e3b0c44298fc1c14
logos_02_semantic_core_pass_floatlits-b135	0	0	e3b0c44298fc1c14
logos_02_semantic_core_pass_floatlits-b152	0	0	e3b0c44298fc1c14
logos_02_semantic_core_pass_fmt_debug_builders	0	0	e3b0c44298fc1c14
logos_02_semantic_core_pass_fmt_debug_str_escape	0	0	e3b0c44298fc1c14
logos_02_semantic_core_pass_fmt_formatter_display	0	42	e3b0c44298fc1c14
logos_02_semantic_core_pass_fmt_formatter_smoke	0	42	e3b0c44298fc1c14
logos_02_semantic_core_pass_fmt_pretty_print	0	0	e3b0c44298fc1c14
logos_02_semantic_core_pass_fmt_primitives_session2	0	42	e3b0c44298fc1c14
logos_02_semantic_core_pass_fmt_session3_structs	0	42	e3b0c44298fc1c14
logos_02_semantic_core_pass_fmt_tuple_debug_mixed_elems	0	0	e3b0c44298fc1c14
logos_02_semantic_core_pass_fmt_tuple_debug_variadic	0	0	e3b0c44298fc1c14
logos_02_semantic_core_pass_fmt_write_macro	0	0	e3b0c44298fc1c14
logos_02_semantic_core_pass_fn-arg-dyn	0	0	e3b0c44298fc1c14
logos_02_semantic_core_pass_fn-bare-assign	0	0	e3b0c44298fc1c14
logos_02_semantic_core_pass_fn-bare-coerce-to-block	0	0	e3b0c44298fc1c14
logos_02_semantic_core_pass_fn-bare-coerce-to-block-b135	0	0	e3b0c44298fc1c14
logos_02_semantic_core_pass_fn-bare-item	0	0	e3b0c44298fc1c14
logos_02_semantic_core_pass_fn-bare-spawn	0	0	e3b0c44298fc1c14
logos_02_semantic_core_pass_fn-bound-with-where-outlives	0	0	e3b0c44298fc1c14
logos_02_semantic_core_pass_fn-coerce-field	0	0	e3b0c44298fc1c14
logos_02_semantic_core_pass_fn-coerce-field-b151	0	0	e3b0c44298fc1c14
logos_02_semantic_core_pass_fn-const-gen-gap	0	0	e3b0c44298fc1c14
logos_02_semantic_core_pass_fn-item-type-cast	0	0	e3b0c44298fc1c14
logos_02_semantic_core_pass_fn-item-type-cast-b136	0	0	e3b0c44298fc1c14
logos_02_semantic_core_pass_fn-item-type-cast-b161	0	0	e3b0c44298fc1c14
logos_02_semantic_core_pass_fn-item-type-coerce	0	0	e3b0c44298fc1c14
logos_02_semantic_core_pass_fn-item-type-coerce-b151	0	0	e3b0c44298fc1c14
logos_02_semantic_core_pass_fn-item-type-coerce-b155	0	0	e3b0c44298fc1c14
logos_02_semantic_core_pass_fn-item-type-coerce-fn2	0	0	e3b0c44298fc1c14
logos_02_semantic_core_pass_fn-lval	0	0	e3b0c44298fc1c14
logos_02_semantic_core_pass_fn-lval-b135	0	0	e3b0c44298fc1c14
logos_02_semantic_core_pass_fn-lval-b150	0	0	e3b0c44298fc1c14
logos_02_semantic_core_pass_fn-pattern-expected-type	0	0	e3b0c44298fc1c14
logos_02_semantic_core_pass_fn-pattern-expected-type-2-b143	0	0	e3b0c44298fc1c14
logos_02_semantic_core_pass_fn-pointer-value-ex	0	0	e3b0c44298fc1c14
logos_02_semantic_core_pass_fn-ptr-field-call-n7-b166	0	0	e3b0c44298fc1c14
logos_02_semantic_core_pass_fn-ptr-higher-order-b163	0	0	e3b0c44298fc1c14
logos_02_semantic_core_pass_fn-ptr-type-ref-and-unsafe-b158	0	0	e3b0c44298fc1c14
logos_02_semantic_core_pass_fn-ret-opt-gen	0	0	e3b0c44298fc1c14
logos_02_semantic_core_pass_fn-return-fnptr-b165	0	0	e3b0c44298fc1c14
logos_02_semantic_core_pass_fn-taking-dyn	0	0	e3b0c44298fc1c14
logos_02_semantic_core_pass_fn-type-infer	0	0	e3b0c44298fc1c14
logos_02_semantic_core_pass_fn-type-trait-impl-15444-b151	0	0	e3b0c44298fc1c14
logos_02_semantic_core_pass_fn_bound_capture	0	0	e3b0c44298fc1c14
logos_02_semantic_core_pass_fn_bound_iter_proof	0	42	e3b0c44298fc1c14
logos_02_semantic_core_pass_fn_bound_struct_impl	0	42	e3b0c44298fc1c14
logos_02_semantic_core_pass_fn_bound_struct_impl_all_three	0	42	e3b0c44298fc1c14
logos_02_semantic_core_pass_fn_macro_arr_basic	0	43	e3b0c44298fc1c14
logos_02_semantic_core_pass_fn_macro_first_basic	0	7	e3b0c44298fc1c14
logos_02_semantic_core_pass_fn_macro_id_basic	0	42	e3b0c44298fc1c14
logos_02_semantic_core_pass_fn_macro_item_basic	0	42	e3b0c44298fc1c14
logos_02_semantic_core_pass_fn_macro_vec_basic	0	10	e3b0c44298fc1c14
logos_02_semantic_core_pass_fn_multi_args	0	42	e3b0c44298fc1c14
logos_02_semantic_core_pass_fn_mutual_recursion	0	42	e3b0c44298fc1c14
logos_02_semantic_core_pass_fn_overload	0	0	e3b0c44298fc1c14
logos_02_semantic_core_pass_fn_overload_generic	0	42	e3b0c44298fc1c14
logos_02_semantic_core_pass_fn_overload_generic_dupe	0	0	e3b0c44298fc1c14
logos_02_semantic_core_pass_fn_ptr_type	0	42	e3b0c44298fc1c14
logos_02_semantic_core_pass_fn_recursion_deep	0	42	e3b0c44298fc1c14
logos_02_semantic_core_pass_fn_traits_decl	0	42	e3b0c44298fc1c14
logos_02_semantic_core_pass_fn_void_return	0	42	e3b0c44298fc1c14
logos_02_semantic_core_pass_fnmut-counter-multicall-b167	0	0	e3b0c44298fc1c14
logos_02_semantic_core_pass_fnmut-generic-driver-b166	0	0	e3b0c44298fc1c14
logos_02_semantic_core_pass_fnmut-range-accumulate-b163	0	0	e3b0c44298fc1c14
logos_02_semantic_core_pass_fnonce-closure-call	0	0	e3b0c44298fc1c14
logos_02_semantic_core_pass_fnonce-closure-call-b153	0	0	e3b0c44298fc1c14
logos_02_semantic_core_pass_fnonce-field-in-generic-struct-3904-b147	0	0	e3b0c44298fc1c14
logos_02_semantic_core_pass_fnonce-move-capture-b166	0	0	e3b0c44298fc1c14
logos_02_semantic_core_pass_fnptr-array-local-call-b166	0	0	e3b0c44298fc1c14
logos_02_semantic_core_pass_fnptr-as-arg	0	0	e3b0c44298fc1c14
logos_02_semantic_core_pass_fnptr-in-array-fn2	0	0	e3b0c44298fc1c14
logos_02_semantic_core_pass_fnptr-index-call-b166	0	0	e3b0c44298fc1c14
logos_02_semantic_core_pass_fnptr-mut-outparam-fn2	0	0	e3b0c44298fc1c14
logos_02_semantic_core_pass_fnptr-struct-field-fn2	0	0	e3b0c44298fc1c14
logos_02_semantic_core_pass_fold-inferred-closure-params-b167	0	0	e3b0c44298fc1c14
logos_02_semantic_core_pass_for-break	0	0	e3b0c44298fc1c14
logos_02_semantic_core_pass_for-continue	0	0	e3b0c44298fc1c14
logos_02_semantic_core_pass_for-destruct	0	0	e3b0c44298fc1c14
logos_02_semantic_core_pass_for-destruct-range-it	0	0	e3b0c44298fc1c14
logos_02_semantic_core_pass_for-each-array	0	0	e3b0c44298fc1c14
logos_02_semantic_core_pass_for-in-array	0	0	e3b0c44298fc1c14
logos_02_semantic_core_pass_for-in-array-ref	0	0	e3b0c44298fc1c14
logos_02_semantic_core_pass_for-loop-goofiness	0	0	e3b0c44298fc1c14
logos_02_semantic_core_pass_for-loop-has-unit-body-b145	0	0	e3b0c44298fc1c14
logos_02_semantic_core_pass_for-loop-into-iterator	0	0	e3b0c44298fc1c14
logos_02_semantic_core_pass_for-loop-panic	0	0	e3b0c44298fc1c14
logos_02_semantic_core_pass_for-mut-ref-array-b161	0	0	e3b0c44298fc1c14
logos_02_semantic_core_pass_for-over-option-b172	0	0	e3b0c44298fc1c14
logos_02_semantic_core_pass_for-pattern-loop-var-gconf1	0	0	e3b0c44298fc1c14
logos_02_semantic_core_pass_for-range-product-itx	0	0	e3b0c44298fc1c14
logos_02_semantic_core_pass_for-range-step-rev-b162	0	0	e3b0c44298fc1c14
logos_02_semantic_core_pass_for-range-sum-even-itx	0	0	e3b0c44298fc1c14
logos_02_semantic_core_pass_for-ref-array-doubled-b165	0	0	e3b0c44298fc1c14
logos_02_semantic_core_pass_for-ref-array-sum-itx	0	0	e3b0c44298fc1c14
logos_02_semantic_core_pass_for_break	0	42	e3b0c44298fc1c14
logos_02_semantic_core_pass_for_continue	0	42	e3b0c44298fc1c14
logos_02_semantic_core_pass_for_dead_incr	0	0	e3b0c44298fc1c14
logos_02_semantic_core_pass_for_each	0	100	e3b0c44298fc1c14
logos_02_semantic_core_pass_for_each_dead_incr	0	0	e3b0c44298fc1c14
logos_02_semantic_core_pass_for_i64_bound	0	0	e3b0c44298fc1c14
logos_02_semantic_core_pass_for_i64_bounds	0	0	e3b0c44298fc1c14
logos_02_semantic_core_pass_for_i64_intlit_bounds	0	0	e3b0c44298fc1c14
logos_02_semantic_core_pass_for_in_iter	0	0	06e9d52c1720fca4
logos_02_semantic_core_pass_for_in_iter_break	0	0	de4d5ccb376d4bda
logos_02_semantic_core_pass_for_in_iter_call	0	0	06e9d52c1720fca4
logos_02_semantic_core_pass_for_in_iter_generic	0	0	68ca3fba3b7e8647
logos_02_semantic_core_pass_for_in_ref_yields_ref	0	0	e3b0c44298fc1c14
logos_02_semantic_core_pass_for_inclusive	0	42	e3b0c44298fc1c14
logos_02_semantic_core_pass_for_iter_range	0	42	e3b0c44298fc1c14
logos_02_semantic_core_pass_for_loop_i56_u56_i128_u128	0	42	e3b0c44298fc1c14
logos_02_semantic_core_pass_for_nested_range	0	42	e3b0c44298fc1c14
logos_02_semantic_core_pass_for_range_var	0	42	e3b0c44298fc1c14
logos_02_semantic_core_pass_for_ref_vec_of_struct	0	0	e3b0c44298fc1c14
logos_02_semantic_core_pass_for_sum_product	0	42	e3b0c44298fc1c14
logos_02_semantic_core_pass_for_u32_bound	0	0	e3b0c44298fc1c14
logos_02_semantic_core_pass_for_u32_lo_i64	0	0	e3b0c44298fc1c14
logos_02_semantic_core_pass_for_u8_bound	0	0	e3b0c44298fc1c14
logos_02_semantic_core_pass_for_u8_lo	0	0	e3b0c44298fc1c14
logos_02_semantic_core_pass_for_u8_lo_i64	0	0	e3b0c44298fc1c14
logos_02_semantic_core_pass_for_zero_range	0	42	e3b0c44298fc1c14
logos_02_semantic_core_pass_foreach-external-iterators	0	0	e3b0c44298fc1c14
logos_02_semantic_core_pass_foreach-external-iterators-break	0	0	e3b0c44298fc1c14
logos_02_semantic_core_pass_foreach-external-iterators-nested	0	0	e3b0c44298fc1c14
logos_02_semantic_core_pass_foreach-nested-b160	0	0	e3b0c44298fc1c14
logos_02_semantic_core_pass_foreach-put-structured-b160	0	0	e3b0c44298fc1c14
logos_02_semantic_core_pass_foreach-simple-outer-slot	0	0	e3b0c44298fc1c14
logos_02_semantic_core_pass_foreach-vec-box-dyn-b168	0	0	e3b0c44298fc1c14
logos_02_semantic_core_pass_foreach_mixed	0	42	e3b0c44298fc1c14
logos_02_semantic_core_pass_foreach_mut	0	42	e3b0c44298fc1c14
logos_02_semantic_core_pass_foreach_struct	0	42	e3b0c44298fc1c14
logos_02_semantic_core_pass_format_buf_two_fns	0	0	e3b0c44298fc1c14
logos_02_semantic_core_pass_format_macro_basic	0	9	e3b0c44298fc1c14
logos_02_semantic_core_pass_format_macro_debug	0	12	d885ddade1884f92
logos_02_semantic_core_pass_format_macro_float	0	31	8a89c23373b4b09e
logos_02_semantic_core_pass_format_macro_full_spec	0	29	5ac104ce6a24b464
logos_02_semantic_core_pass_format_macro_hex	0	24	a5bde81b098be46c
logos_02_semantic_core_pass_format_macro_pad	0	28	5b5c2dfba8af22b0
logos_02_semantic_core_pass_fp_category	0	0	e3b0c44298fc1c14
logos_02_semantic_core_pass_from-into-newtype-b162	0	0	e3b0c44298fc1c14
logos_02_semantic_core_pass_fs_meta	0	0	e3b0c44298fc1c14
logos_02_semantic_core_pass_fsu-field-sensitivity-b159	0	0	e3b0c44298fc1c14
logos_02_semantic_core_pass_fsu-moves-and-copies	0	0	e3b0c44298fc1c14
logos_02_semantic_core_pass_fun-call-variants	0	0	e3b0c44298fc1c14
logos_02_semantic_core_pass_fun-call-variants-b146	0	0	e3b0c44298fc1c14
logos_02_semantic_core_pass_fun-call-variants-b157	0	0	e3b0c44298fc1c14
logos_02_semantic_core_pass_fun-call-variants-fn2	0	0	e3b0c44298fc1c14
logos_02_semantic_core_pass_func-arg-incomplete-pattern	0	0	e3b0c44298fc1c14
logos_02_semantic_core_pass_func-arg-ref-pattern-b163	0	0	e3b0c44298fc1c14
logos_02_semantic_core_pass_func-arg-wild-pattern	0	0	e3b0c44298fc1c14
logos_02_semantic_core_pass_functional-struct-upd	0	0	e3b0c44298fc1c14
logos_02_semantic_core_pass_functional-struct-upd-b150	0	0	e3b0c44298fc1c14
logos_02_semantic_core_pass_fused_iter_marker	0	42	e3b0c44298fc1c14
logos_02_semantic_core_pass_g1_const_arith	0	42	e3b0c44298fc1c14
logos_02_semantic_core_pass_g1_const_basic	0	42	e3b0c44298fc1c14
logos_02_semantic_core_pass_g1_const_type_combo	0	42	e3b0c44298fc1c14
logos_02_semantic_core_pass_g1_pub_enum	0	42	e3b0c44298fc1c14
logos_02_semantic_core_pass_g1_pub_fn	0	42	e3b0c44298fc1c14
logos_02_semantic_core_pass_g1_pub_struct	0	42	e3b0c44298fc1c14
logos_02_semantic_core_pass_g1_type_alias	0	42	e3b0c44298fc1c14
logos_02_semantic_core_pass_g1_use_decl	0	42	e3b0c44298fc1c14
logos_02_semantic_core_pass_g2_array_type	0	42	e3b0c44298fc1c14
logos_02_semantic_core_pass_g2_bool_type	0	42	e3b0c44298fc1c14
logos_02_semantic_core_pass_g2_float_cast	0	42	e3b0c44298fc1c14
logos_02_semantic_core_pass_g2_int_types_u64_i64	0	42	e3b0c44298fc1c14
logos_02_semantic_core_pass_g2_mut_ptr	0	42	e3b0c44298fc1c14
logos_02_semantic_core_pass_g2_prims_i8_u8	0	42	e3b0c44298fc1c14
logos_02_semantic_core_pass_g2_raw_ptr_const	0	42	e3b0c44298fc1c14
logos_02_semantic_core_pass_g2_ref_type	0	42	e3b0c44298fc1c14
logos_02_semantic_core_pass_g2_tuple_type	0	42	e3b0c44298fc1c14
logos_02_semantic_core_pass_g3_arith_ops	0	42	e3b0c44298fc1c14
logos_02_semantic_core_pass_g3_bitwise_ops	0	42	e3b0c44298fc1c14
logos_02_semantic_core_pass_g3_cast_expr	0	42	e3b0c44298fc1c14
logos_02_semantic_core_pass_g3_cmp_ops	0	42	e3b0c44298fc1c14
logos_02_semantic_core_pass_g3_if_expr	0	42	e3b0c44298fc1c14
logos_02_semantic_core_pass_g3_index_expr	0	42	e3b0c44298fc1c14
logos_02_semantic_core_pass_g3_logic_ops	0	42	e3b0c44298fc1c14
logos_02_semantic_core_pass_g3_match_expr	0	42	e3b0c44298fc1c14
logos_02_semantic_core_pass_g3_range_expr	0	42	e3b0c44298fc1c14
logos_02_semantic_core_pass_g3_range_inclusive	0	42	e3b0c44298fc1c14
logos_02_semantic_core_pass_g4_bitwise_assign	0	42	e3b0c44298fc1c14
logos_02_semantic_core_pass_g4_compound_assign	0	42	e3b0c44298fc1c14
logos_02_semantic_core_pass_g4_field_write	0	42	e3b0c44298fc1c14
logos_02_semantic_core_pass_g4_for_break_continue	0	42	e3b0c44298fc1c14
logos_02_semantic_core_pass_g4_if_else	0	42	e3b0c44298fc1c14
logos_02_semantic_core_pass_g4_index_write	0	42	e3b0c44298fc1c14
logos_02_semantic_core_pass_g4_let_destruct	0	42	e3b0c44298fc1c14
logos_02_semantic_core_pass_g4_let_forms	0	42	e3b0c44298fc1c14
logos_02_semantic_core_pass_g4_loop_break	0	42	e3b0c44298fc1c14
logos_02_semantic_core_pass_g4_while_loop	0	42	e3b0c44298fc1c14
logos_02_semantic_core_pass_g5_bool_pattern	0	42	e3b0c44298fc1c14
logos_02_semantic_core_pass_g5_enum_variant	0	42	e3b0c44298fc1c14
logos_02_semantic_core_pass_g5_guard	0	42	e3b0c44298fc1c14
logos_02_semantic_core_pass_g5_if_let	0	42	e3b0c44298fc1c14
logos_02_semantic_core_pass_g5_int_pattern	0	42	e3b0c44298fc1c14
logos_02_semantic_core_pass_g5_multi_payload	0	42	e3b0c44298fc1c14
logos_02_semantic_core_pass_g5_tuple_match	0	42	e3b0c44298fc1c14
logos_02_semantic_core_pass_g5_var_bind	0	42	e3b0c44298fc1c14
logos_02_semantic_core_pass_g5_while_let	0	42	e3b0c44298fc1c14
logos_02_semantic_core_pass_g5_wildcard	0	42	e3b0c44298fc1c14
logos_02_semantic_core_pass_g6_field_access	0	42	e3b0c44298fc1c14
logos_02_semantic_core_pass_g6_method_call	0	42	e3b0c44298fc1c14
logos_02_semantic_core_pass_g6_multi_methods	0	42	e3b0c44298fc1c14
logos_02_semantic_core_pass_g6_nested_field	0	42	e3b0c44298fc1c14
logos_02_semantic_core_pass_g6_nested_struct	0	42	e3b0c44298fc1c14
logos_02_semantic_core_pass_g6_return_struct	0	42	e3b0c44298fc1c14
logos_02_semantic_core_pass_g6_self_param	0	42	e3b0c44298fc1c14
logos_02_semantic_core_pass_g6_struct_arg	0	42	e3b0c44298fc1c14
logos_02_semantic_core_pass_g6_struct_lit	0	42	e3b0c44298fc1c14
logos_02_semantic_core_pass_g6_trait_method_self	0	42	e3b0c44298fc1c14
logos_02_semantic_core_pass_gat-chained-call	0	0	e3b0c44298fc1c14
logos_02_semantic_core_pass_gat-co-from-method	0	0	e3b0c44298fc1c14
logos_02_semantic_core_pass_gat-generic-caller	0	0	e3b0c44298fc1c14
logos_02_semantic_core_pass_gat-iter-pattern	0	0	e3b0c44298fc1c14
logos_02_semantic_core_pass_gat-lt-correct	0	0	e3b0c44298fc1c14
logos_02_semantic_core_pass_gat-lt-propagated	0	0	e3b0c44298fc1c14
logos_02_semantic_core_pass_gat-method-direct-call	0	0	e3b0c44298fc1c14
logos_02_semantic_core_pass_gat-multi-lt-params	0	0	e3b0c44298fc1c14
logos_02_semantic_core_pass_gat-returned-stored	0	0	e3b0c44298fc1c14
logos_02_semantic_core_pass_gat-simple-iter	0	0	e3b0c44298fc1c14
logos_02_semantic_core_pass_gat-two-lt-args	0	0	e3b0c44298fc1c14
logos_02_semantic_core_pass_gat-with-where-self	0	0	e3b0c44298fc1c14
logos_02_semantic_core_pass_gat_basic	0	42	e3b0c44298fc1c14
logos_02_semantic_core_pass_gat_bounds	0	0	e3b0c44298fc1c14
logos_02_semantic_core_pass_gat_self_item_lifetime	0	0	e3b0c44298fc1c14
logos_02_semantic_core_pass_gat_self_item_projection	0	0	e3b0c44298fc1c14
logos_02_semantic_core_pass_gat_where_clause	0	0	e3b0c44298fc1c14
logos_02_semantic_core_pass_gcd-recursive-b163	0	0	e3b0c44298fc1c14
logos_02_semantic_core_pass_gen-call-1	0	0	e3b0c44298fc1c14
logos_02_semantic_core_pass_gen-call-10	0	0	e3b0c44298fc1c14
logos_02_semantic_core_pass_gen-call-2	0	0	e3b0c44298fc1c14
logos_02_semantic_core_pass_gen-call-3	0	0	e3b0c44298fc1c14
logos_02_semantic_core_pass_gen-call-4	0	0	e3b0c44298fc1c14
logos_02_semantic_core_pass_gen-call-5	0	0	e3b0c44298fc1c14
logos_02_semantic_core_pass_gen-call-6	0	0	e3b0c44298fc1c14
logos_02_semantic_core_pass_gen-call-7	0	0	e3b0c44298fc1c14
logos_02_semantic_core_pass_gen-call-8	0	0	e3b0c44298fc1c14
logos_02_semantic_core_pass_gen-call-9	0	0	e3b0c44298fc1c14
logos_02_semantic_core_pass_gen-enum-method-gap	0	0	e3b0c44298fc1c14
logos_02_semantic_core_pass_gen-enum-method-shared	0	0	e3b0c44298fc1c14
logos_02_semantic_core_pass_gen-enum-trait	0	0	e3b0c44298fc1c14
logos_02_semantic_core_pass_gen-fn-calls-gen-fn	0	0	e3b0c44298fc1c14
logos_02_semantic_core_pass_gen-id-bool	0	0	e3b0c44298fc1c14
logos_02_semantic_core_pass_gen-id-f32	0	0	e3b0c44298fc1c14
logos_02_semantic_core_pass_gen-id-f64	0	0	e3b0c44298fc1c14
logos_02_semantic_core_pass_gen-id-i16	0	0	e3b0c44298fc1c14
logos_02_semantic_core_pass_gen-id-i32-1	0	0	e3b0c44298fc1c14
logos_02_semantic_core_pass_gen-id-i32-10	0	0	e3b0c44298fc1c14
logos_02_semantic_core_pass_gen-id-i32-2	0	0	e3b0c44298fc1c14
logos_02_semantic_core_pass_gen-id-i32-3	0	0	e3b0c44298fc1c14
logos_02_semantic_core_pass_gen-id-i32-4	0	0	e3b0c44298fc1c14
logos_02_semantic_core_pass_gen-id-i32-5	0	0	e3b0c44298fc1c14
logos_02_semantic_core_pass_gen-id-i32-6	0	0	e3b0c44298fc1c14
logos_02_semantic_core_pass_gen-id-i32-7	0	0	e3b0c44298fc1c14
logos_02_semantic_core_pass_gen-id-i32-8	0	0	e3b0c44298fc1c14
logos_02_semantic_core_pass_gen-id-i32-9	0	0	e3b0c44298fc1c14
logos_02_semantic_core_pass_gen-id-i64	0	0	e3b0c44298fc1c14
logos_02_semantic_core_pass_gen-id-i8	0	0	e3b0c44298fc1c14
logos_02_semantic_core_pass_gen-id-u16	0	0	e3b0c44298fc1c14
logos_02_semantic_core_pass_gen-id-u32	0	0	e3b0c44298fc1c14
logos_02_semantic_core_pass_gen-id-u64	0	0	e3b0c44298fc1c14
logos_02_semantic_core_pass_gen-id-u8	0	0	e3b0c44298fc1c14
logos_02_semantic_core_pass_gen-method-bound	0	0	e3b0c44298fc1c14
logos_02_semantic_core_pass_gen-method-gen-struct-lt	0	0	e3b0c44298fc1c14
logos_02_semantic_core_pass_gen-method-where	0	0	e3b0c44298fc1c14
logos_02_semantic_core_pass_gen-of-gen	0	0	e3b0c44298fc1c14
logos_02_semantic_core_pass_gen-opt-some-1	0	0	e3b0c44298fc1c14
logos_02_semantic_core_pass_gen-opt-some-2	0	0	e3b0c44298fc1c14
logos_02_semantic_core_pass_gen-opt-some-3	0	0	e3b0c44298fc1c14
logos_02_semantic_core_pass_gen-opt-some-4	0	0	e3b0c44298fc1c14
logos_02_semantic_core_pass_gen-opt-some-5	0	0	e3b0c44298fc1c14
logos_02_semantic_core_pass_gen-over-gen-struct	0	0	e3b0c44298fc1c14
logos_02_semantic_core_pass_gen-over-ref	0	0	e3b0c44298fc1c14
logos_02_semantic_core_pass_gen-pair-1	0	0	e3b0c44298fc1c14
logos_02_semantic_core_pass_gen-pair-2	0	0	e3b0c44298fc1c14
logos_02_semantic_core_pass_gen-pair-3	0	0	e3b0c44298fc1c14
logos_02_semantic_core_pass_gen-pair-4	0	0	e3b0c44298fc1c14
logos_02_semantic_core_pass_gen-pair-5	0	0	e3b0c44298fc1c14
logos_02_semantic_core_pass_gen-ret-1	0	0	e3b0c44298fc1c14
logos_02_semantic_core_pass_gen-ret-2	0	0	e3b0c44298fc1c14
logos_02_semantic_core_pass_gen-ret-3	0	0	e3b0c44298fc1c14
logos_02_semantic_core_pass_gen-ret-4	0	0	e3b0c44298fc1c14
logos_02_semantic_core_pass_gen-ret-5	0	0	e3b0c44298fc1c14
logos_02_semantic_core_pass_gen-struct-return	0	0	e3b0c44298fc1c14
logos_02_semantic_core_pass_gen-trait-gen-impl	0	0	e3b0c44298fc1c14
logos_02_semantic_core_pass_gen-trait-plus-bound	0	0	e3b0c44298fc1c14
logos_02_semantic_core_pass_gen-tuple-1	0	0	e3b0c44298fc1c14
logos_02_semantic_core_pass_gen-tuple-10	0	0	e3b0c44298fc1c14
logos_02_semantic_core_pass_gen-tuple-2	0	0	e3b0c44298fc1c14
logos_02_semantic_core_pass_gen-tuple-3	0	0	e3b0c44298fc1c14
logos_02_semantic_core_pass_gen-tuple-4	0	0	e3b0c44298fc1c14
logos_02_semantic_core_pass_gen-tuple-5	0	0	e3b0c44298fc1c14
logos_02_semantic_core_pass_gen-tuple-6	0	0	e3b0c44298fc1c14
logos_02_semantic_core_pass_gen-tuple-7	0	0	e3b0c44298fc1c14
logos_02_semantic_core_pass_gen-tuple-8	0	0	e3b0c44298fc1c14
logos_02_semantic_core_pass_gen-tuple-9	0	0	e3b0c44298fc1c14
logos_02_semantic_core_pass_gen_cow_memstore	0	0	e3b0c44298fc1c14
logos_02_semantic_core_pass_generic-alias-unique	0	0	e3b0c44298fc1c14
logos_02_semantic_core_pass_generic-assoc-const-projection-b121	0	0	e3b0c44298fc1c14
logos_02_semantic_core_pass_generic-bound-two-impls-tr2	0	0	e3b0c44298fc1c14
logos_02_semantic_core_pass_generic-calls-assoc-fn-tr2	0	0	e3b0c44298fc1c14
logos_02_semantic_core_pass_generic-clone-bound-method-g3	0	0	e3b0c44298fc1c14
logos_02_semantic_core_pass_generic-default-method-b138	0	0	e3b0c44298fc1c14
logos_02_semantic_core_pass_generic-derived-type	0	0	e3b0c44298fc1c14
logos_02_semantic_core_pass_generic-derived-type-b148	0	0	e3b0c44298fc1c14
logos_02_semantic_core_pass_generic-derived-type-b161	0	0	e3b0c44298fc1c14
logos_02_semantic_core_pass_generic-dyn-getter-sugar-object	0	0	e3b0c44298fc1c14
logos_02_semantic_core_pass_generic-either-en	0	0	e3b0c44298fc1c14
logos_02_semantic_core_pass_generic-enum-either-map-b162	0	0	e3b0c44298fc1c14
logos_02_semantic_core_pass_generic-enum-generic-payload-turbofish-b166	0	0	e3b0c44298fc1c14
logos_02_semantic_core_pass_generic-enum-in-fn-en	0	0	e3b0c44298fc1c14
logos_02_semantic_core_pass_generic-enum-in-vec-se	0	0	e3b0c44298fc1c14
logos_02_semantic_core_pass_generic-enum-method-en	0	0	e3b0c44298fc1c14
logos_02_semantic_core_pass_generic-enum-option-like-se	0	0	e3b0c44298fc1c14
logos_02_semantic_core_pass_generic-enum-struct-payload-infer-n8-b166	0	0	e3b0c44298fc1c14
logos_02_semantic_core_pass_generic-enum-two-params-b166	0	0	e3b0c44298fc1c14
logos_02_semantic_core_pass_generic-enum-two-params-se	0	0	e3b0c44298fc1c14
logos_02_semantic_core_pass_generic-exterior-unique	0	0	e3b0c44298fc1c14
logos_02_semantic_core_pass_generic-exterior-unique-b135	0	0	e3b0c44298fc1c14
logos_02_semantic_core_pass_generic-exterior-unique-b150	0	0	e3b0c44298fc1c14
logos_02_semantic_core_pass_generic-exterior-unique-b159	0	0	e3b0c44298fc1c14
logos_02_semantic_core_pass_generic-fn	0	0	e3b0c44298fc1c14
logos_02_semantic_core_pass_generic-fn-b157	0	0	e3b0c44298fc1c14
logos_02_semantic_core_pass_generic-fn-id-gen4	0	0	e3b0c44298fc1c14
logos_02_semantic_core_pass_generic-fn-infer	0	0	e3b0c44298fc1c14
logos_02_semantic_core_pass_generic-fn-infer-b157	0	0	e3b0c44298fc1c14
logos_02_semantic_core_pass_generic-fn-input-lt	0	0	e3b0c44298fc1c14
logos_02_semantic_core_pass_generic-fn-multi-bound-g2	0	0	e3b0c44298fc1c14
logos_02_semantic_core_pass_generic-fn-ptr-field-g2	0	0	e3b0c44298fc1c14
logos_02_semantic_core_pass_generic-fn-ptr-produce-consume-g3	0	0	e3b0c44298fc1c14
logos_02_semantic_core_pass_generic-fn-returns-generic-struct-g2	0	0	e3b0c44298fc1c14
logos_02_semantic_core_pass_generic-fn-returns-generic-via-fn-g3	0	0	e3b0c44298fc1c14
logos_02_semantic_core_pass_generic-fn-twice	0	0	e3b0c44298fc1c14
logos_02_semantic_core_pass_generic-fn-twice-b137	0	0	e3b0c44298fc1c14
logos_02_semantic_core_pass_generic-fn-twice-b150	0	0	e3b0c44298fc1c14
logos_02_semantic_core_pass_generic-fn-unique	0	0	e3b0c44298fc1c14
logos_02_semantic_core_pass_generic-fn-unique-b145	0	0	e3b0c44298fc1c14
logos_02_semantic_core_pass_generic-fnptr-field-st2	0	0	e3b0c44298fc1c14
logos_02_semantic_core_pass_generic-impl-for-wrapper-tr2	0	0	e3b0c44298fc1c14
logos_02_semantic_core_pass_generic-ivec-leak	0	0	e3b0c44298fc1c14
logos_02_semantic_core_pass_generic-many-field-struct-byval-g3	0	0	e3b0c44298fc1c14
logos_02_semantic_core_pass_generic-max-bound-b163	0	0	e3b0c44298fc1c14
logos_02_semantic_core_pass_generic-method-compound-bounds-b167	0	0	e3b0c44298fc1c14
logos_02_semantic_core_pass_generic-method-extra-typaram-g3	0	0	e3b0c44298fc1c14
logos_02_semantic_core_pass_generic-method-index-b166	0	0	e3b0c44298fc1c14
logos_02_semantic_core_pass_generic-method-infer-g2	0	0	e3b0c44298fc1c14
logos_02_semantic_core_pass_generic-multi-bound-where-b162	0	0	e3b0c44298fc1c14
logos_02_semantic_core_pass_generic-multi-impl-on-type-arg-b156	0	0	e3b0c44298fc1c14
logos_02_semantic_core_pass_generic-multi-mono-id-b165	0	0	e3b0c44298fc1c14
logos_02_semantic_core_pass_generic-nested-type-alias-zst-g3	0	0	e3b0c44298fc1c14
logos_02_semantic_core_pass_generic-newtype-impl-b138	0	0	e3b0c44298fc1c14
logos_02_semantic_core_pass_generic-newtype-struct	0	0	e3b0c44298fc1c14
logos_02_semantic_core_pass_generic-newtype-struct-b137	0	0	e3b0c44298fc1c14
logos_02_semantic_core_pass_generic-newtype-struct-b150	0	0	e3b0c44298fc1c14
logos_02_semantic_core_pass_generic-object	0	0	e3b0c44298fc1c14
logos_02_semantic_core_pass_generic-pair-methods-b163	0	0	e3b0c44298fc1c14
logos_02_semantic_core_pass_generic-prev-param-in-field-g3	0	0	e3b0c44298fc1c14
logos_02_semantic_core_pass_generic-recursive-list-enum-g3	0	0	e3b0c44298fc1c14
logos_02_semantic_core_pass_generic-recursive-list-se	0	0	e3b0c44298fc1c14
logos_02_semantic_core_pass_generic-recursive-tag	0	0	e3b0c44298fc1c14
logos_02_semantic_core_pass_generic-recursive-tag-b159	0	0	e3b0c44298fc1c14
logos_02_semantic_core_pass_generic-static-methods-b157	0	0	e3b0c44298fc1c14
logos_02_semantic_core_pass_generic-struct-closure-b166	0	0	e3b0c44298fc1c14
logos_02_semantic_core_pass_generic-struct-method-chain-b162	1	-	-
logos_02_semantic_core_pass_generic-struct-methods-st2	0	0	e3b0c44298fc1c14
logos_02_semantic_core_pass_generic-struct-ref-method-b165	0	0	e3b0c44298fc1c14
logos_02_semantic_core_pass_generic-struct-trait-field-tr2	0	0	e3b0c44298fc1c14
logos_02_semantic_core_pass_generic-swap-b164	0	0	e3b0c44298fc1c14
logos_02_semantic_core_pass_generic-tag-b147	0	0	e3b0c44298fc1c14
logos_02_semantic_core_pass_generic-tag-corruption	0	0	e3b0c44298fc1c14
logos_02_semantic_core_pass_generic-tag-local	0	0	e3b0c44298fc1c14
logos_02_semantic_core_pass_generic-tag-match	0	0	e3b0c44298fc1c14
logos_02_semantic_core_pass_generic-tag-match-b136	0	0	e3b0c44298fc1c14
logos_02_semantic_core_pass_generic-tag-values	0	0	e3b0c44298fc1c14
logos_02_semantic_core_pass_generic-tag-values-b139	0	0	e3b0c44298fc1c14
logos_02_semantic_core_pass_generic-temporary	0	0	e3b0c44298fc1c14
logos_02_semantic_core_pass_generic-temporary-b136	0	0	e3b0c44298fc1c14
logos_02_semantic_core_pass_generic-temporary-b159	0	0	e3b0c44298fc1c14
logos_02_semantic_core_pass_generic-trait-bound-b151	0	0	e3b0c44298fc1c14
logos_02_semantic_core_pass_generic-trait-impl-for-generic-struct-g2	0	0	e3b0c44298fc1c14
logos_02_semantic_core_pass_generic-trait-method-tr2	0	0	e3b0c44298fc1c14
logos_02_semantic_core_pass_generic-trait-object-call-2288-b158	0	0	e3b0c44298fc1c14
logos_02_semantic_core_pass_generic-trait-typearg-as-dyn-g3	0	0	e3b0c44298fc1c14
logos_02_semantic_core_pass_generic-triple-box-it-g3	0	0	e3b0c44298fc1c14
logos_02_semantic_core_pass_generic-tup	0	0	e3b0c44298fc1c14
logos_02_semantic_core_pass_generic-tup-b149	0	0	e3b0c44298fc1c14
logos_02_semantic_core_pass_generic-tup-b159	0	0	e3b0c44298fc1c14
logos_02_semantic_core_pass_generic-tup-gen4	0	0	e3b0c44298fc1c14
logos_02_semantic_core_pass_generic-tup-third-b138	0	0	e3b0c44298fc1c14
logos_02_semantic_core_pass_generic-two-param-box-b164	0	0	e3b0c44298fc1c14
logos_02_semantic_core_pass_generic-type	0	0	e3b0c44298fc1c14
logos_02_semantic_core_pass_generic-type-b157	0	0	e3b0c44298fc1c14
logos_02_semantic_core_pass_generic-type-inference-10436	0	0	e3b0c44298fc1c14
logos_02_semantic_core_pass_generic-type-synonym	0	0	e3b0c44298fc1c14
logos_02_semantic_core_pass_generic-unique	0	0	e3b0c44298fc1c14
logos_02_semantic_core_pass_generic-unique-b157	0	0	e3b0c44298fc1c14
logos_02_semantic_core_pass_generic-with-drop	0	0	e3b0c44298fc1c14
logos_02_semantic_core_pass_generics-rangle-eq-15043	0	0	e3b0c44298fc1c14
logos_02_semantic_core_pass_genos_inst_type_code	0	0	e3b0c44298fc1c14
logos_02_semantic_core_pass_get-discr-generic-match-b146	0	0	e3b0c44298fc1c14
logos_02_semantic_core_pass_get_discr-b154	0	0	e3b0c44298fc1c14
logos_02_semantic_core_pass_guard-pattern-ordering-14865	0	0	e3b0c44298fc1c14
logos_02_semantic_core_pass_guard-two-bindings-pat	0	0	e3b0c44298fc1c14
logos_02_semantic_core_pass_guards	0	0	e3b0c44298fc1c14
logos_02_semantic_core_pass_guards-b155	0	0	e3b0c44298fc1c14
logos_02_semantic_core_pass_guards-parenthesized-and	0	0	e3b0c44298fc1c14
logos_02_semantic_core_pass_half-open-range-patterns-gconf	0	0	e3b0c44298fc1c14
logos_02_semantic_core_pass_hashmap-get-box-dyn-b168	0	0	e3b0c44298fc1c14
logos_02_semantic_core_pass_hashmap-get-box-dyn-index-b168	0	9	e3b0c44298fc1c14
logos_02_semantic_core_pass_heap_alloc_padded_struct	0	42	e3b0c44298fc1c14
logos_02_semantic_core_pass_hello	0	0	f91d12b400da792c
logos_02_semantic_core_pass_higher-order-apply-fn2	0	0	e3b0c44298fc1c14
logos_02_semantic_core_pass_higher-order-fn-ptr-b164	0	0	e3b0c44298fc1c14
logos_02_semantic_core_pass_higher-order-fnptr-apply-b165	0	0	e3b0c44298fc1c14
logos_02_semantic_core_pass_higher-order-id	0	0	e3b0c44298fc1c14
logos_02_semantic_core_pass_hint_smoke	0	0	e3b0c44298fc1c14
logos_02_semantic_core_pass_hrtb-basic-binder	0	0	e3b0c44298fc1c14
logos_02_semantic_core_pass_hrtb-binder-with-elision	0	0	e3b0c44298fc1c14
logos_02_semantic_core_pass_hrtb-binder-with-extra-where	0	0	e3b0c44298fc1c14
logos_02_semantic_core_pass_hrtb-call-with-static-arg	0	0	e3b0c44298fc1c14
logos_02_semantic_core_pass_hrtb-closure-arg	0	0	e3b0c44298fc1c14
logos_02_semantic_core_pass_hrtb-double-quantifier	90	-	-
logos_02_semantic_core_pass_hrtb-dyn-parses	0	0	e3b0c44298fc1c14
logos_02_semantic_core_pass_hrtb-fn-family-bound	0	0	e3b0c44298fc1c14
logos_02_semantic_core_pass_hrtb-fn-family-stress	0	0	e3b0c44298fc1c14
logos_02_semantic_core_pass_hrtb-fn-like-trait	90	-	-
logos_02_semantic_core_pass_hrtb-fn-like-trait-object	90	-	-
logos_02_semantic_core_pass_hrtb-fn-trait-bound	0	0	e3b0c44298fc1c14
logos_02_semantic_core_pass_hrtb-fnmut-via-Fn-family	0	0	e3b0c44298fc1c14
logos_02_semantic_core_pass_hrtb-fnptr-binder	0	0	e3b0c44298fc1c14
logos_02_semantic_core_pass_hrtb-generic-with-lt	90	-	-
logos_02_semantic_core_pass_hrtb-impl-extra-param	90	-	-
logos_02_semantic_core_pass_hrtb-impl-life-coincide	0	0	e3b0c44298fc1c14
logos_02_semantic_core_pass_hrtb-impl-where-reflexive	0	0	e3b0c44298fc1c14
logos_02_semantic_core_pass_hrtb-impl-without-where	0	0	e3b0c44298fc1c14
logos_02_semantic_core_pass_hrtb-just-for-static-any	0	0	e3b0c44298fc1c14
logos_02_semantic_core_pass_hrtb-method-bound	0	0	e3b0c44298fc1c14
logos_02_semantic_core_pass_hrtb-multi-bound	0	0	e3b0c44298fc1c14
logos_02_semantic_core_pass_hrtb-multi-quantifier	90	-	-
logos_02_semantic_core_pass_hrtb-nested-binder	90	-	-
logos_02_semantic_core_pass_hrtb-nested-binder-with-generic	90	-	-
logos_02_semantic_core_pass_hrtb-non-fn-trait	0	0	e3b0c44298fc1c14
logos_02_semantic_core_pass_hrtb-non-fn-two-binders	0	0	e3b0c44298fc1c14
logos_02_semantic_core_pass_hrtb-on-method-of-trait	0	0	e3b0c44298fc1c14
logos_02_semantic_core_pass_hrtb-on-self-bound	0	0	e3b0c44298fc1c14
logos_02_semantic_core_pass_hrtb-parse	0	0	e3b0c44298fc1c14
logos_02_semantic_core_pass_hrtb-three-arg-trait	90	-	-
logos_02_semantic_core_pass_hrtb-three-lifetimes	90	-	-
logos_02_semantic_core_pass_hrtb-type-outlives	0	0	e3b0c44298fc1c14
logos_02_semantic_core_pass_hrtb-with-elision-elsewhere	0	0	e3b0c44298fc1c14
logos_02_semantic_core_pass_hrtb-with-non-fn-trait	0	0	e3b0c44298fc1c14
logos_02_semantic_core_pass_hrtb_dyn_trait_type	0	0	e3b0c44298fc1c14
logos_02_semantic_core_pass_hrtb_fn_ptr_type	0	0	e3b0c44298fc1c14
logos_02_semantic_core_pass_hrtb_static_bound_static_impl	0	0	e3b0c44298fc1c14
logos_02_semantic_core_pass_hrtb_tied_bound_indep_impl	0	0	e3b0c44298fc1c14
logos_02_semantic_core_pass_hrtb_two_independent_binders	0	0	e3b0c44298fc1c14
logos_02_semantic_core_pass_hrtb_uniform_binder_satisfies	0	0	e3b0c44298fc1c14
logos_02_semantic_core_pass_i32-lit-0	0	0	e3b0c44298fc1c14
logos_02_semantic_core_pass_i32-lit-1	0	0	e3b0c44298fc1c14
logos_02_semantic_core_pass_i32-lit-100	0	0	e3b0c44298fc1c14
logos_02_semantic_core_pass_i32-lit-1000000	0	0	e3b0c44298fc1c14
logos_02_semantic_core_pass_i32-lit-2147483647	0	0	e3b0c44298fc1c14
logos_02_semantic_core_pass_i32-negate-b137	0	0	e3b0c44298fc1c14
logos_02_semantic_core_pass_i32-sub	0	0	e3b0c44298fc1c14
logos_02_semantic_core_pass_i32-sub-b152	0	0	e3b0c44298fc1c14
logos_02_semantic_core_pass_i32-sub-b160	0	0	e3b0c44298fc1c14
logos_02_semantic_core_pass_i64-lit-0	0	0	e3b0c44298fc1c14
logos_02_semantic_core_pass_i64-lit-1	0	0	e3b0c44298fc1c14
logos_02_semantic_core_pass_i64-lit-100	0	0	e3b0c44298fc1c14
logos_02_semantic_core_pass_i64-lit-9223372036854775807	0	0	e3b0c44298fc1c14
logos_02_semantic_core_pass_i64-pow-abs-b163	0	0	e3b0c44298fc1c14
logos_02_semantic_core_pass_i8-incr	0	0	e3b0c44298fc1c14
logos_02_semantic_core_pass_i8-incr-b135	0	0	e3b0c44298fc1c14
logos_02_semantic_core_pass_i8-incr-b152	0	0	e3b0c44298fc1c14
logos_02_semantic_core_pass_i8-incr-b160	0	0	e3b0c44298fc1c14
logos_02_semantic_core_pass_if-as-rhs	0	0	e3b0c44298fc1c14
logos_02_semantic_core_pass_if-bool-1	0	0	e3b0c44298fc1c14
logos_02_semantic_core_pass_if-bool-10	0	0	e3b0c44298fc1c14
logos_02_semantic_core_pass_if-bool-2	0	0	e3b0c44298fc1c14
logos_02_semantic_core_pass_if-bool-3	0	0	e3b0c44298fc1c14
logos_02_semantic_core_pass_if-bool-4	0	0	e3b0c44298fc1c14
logos_02_semantic_core_pass_if-bool-5	0	0	e3b0c44298fc1c14
logos_02_semantic_core_pass_if-bool-6	0	0	e3b0c44298fc1c14
logos_02_semantic_core_pass_if-bool-7	0	0	e3b0c44298fc1c14
logos_02_semantic_core_pass_if-bool-8	0	0	e3b0c44298fc1c14
logos_02_semantic_core_pass_if-bool-9	0	0	e3b0c44298fc1c14
logos_02_semantic_core_pass_if-bot	0	0	e3b0c44298fc1c14
logos_02_semantic_core_pass_if-bot-b141	0	0	e3b0c44298fc1c14
logos_02_semantic_core_pass_if-bot-b150	0	0	e3b0c44298fc1c14
logos_02_semantic_core_pass_if-check	0	0	e3b0c44298fc1c14
logos_02_semantic_core_pass_if-check-recursion-b137	0	0	e3b0c44298fc1c14
logos_02_semantic_core_pass_if-else-1	0	0	e3b0c44298fc1c14
logos_02_semantic_core_pass_if-else-10	0	0	e3b0c44298fc1c14
logos_02_semantic_core_pass_if-else-2	0	0	e3b0c44298fc1c14
logos_02_semantic_core_pass_if-else-3	0	0	e3b0c44298fc1c14
logos_02_semantic_core_pass_if-else-4	0	0	e3b0c44298fc1c14
logos_02_semantic_core_pass_if-else-5	0	0	e3b0c44298fc1c14
logos_02_semantic_core_pass_if-else-6	0	0	e3b0c44298fc1c14
logos_02_semantic_core_pass_if-else-7	0	0	e3b0c44298fc1c14
logos_02_semantic_core_pass_if-else-8	0	0	e3b0c44298fc1c14
logos_02_semantic_core_pass_if-else-9	0	0	e3b0c44298fc1c14
logos_02_semantic_core_pass_if-else-chain-ex	0	0	e3b0c44298fc1c14
logos_02_semantic_core_pass_if-else-diverge-chain-bnever	0	0	e3b0c44298fc1c14
logos_02_semantic_core_pass_if-expr-ref	0	0	e3b0c44298fc1c14
logos_02_semantic_core_pass_if-generic-b136	0	0	e3b0c44298fc1c14
logos_02_semantic_core_pass_if-generic-b157	0	0	e3b0c44298fc1c14
logos_02_semantic_core_pass_if-let	0	0	e3b0c44298fc1c14
logos_02_semantic_core_pass_if-let-binding-pat	0	0	e3b0c44298fc1c14
logos_02_semantic_core_pass_if-let-chains-b161	0	0	e3b0c44298fc1c14
logos_02_semantic_core_pass_if-let-converging-enum-ret-b136	0	0	e3b0c44298fc1c14
logos_02_semantic_core_pass_if-let-else	0	0	e3b0c44298fc1c14
logos_02_semantic_core_pass_if-let-else-chain-bn2	0	0	e3b0c44298fc1c14
logos_02_semantic_core_pass_if-let-extract	0	0	e3b0c44298fc1c14
logos_02_semantic_core_pass_if-let-nested-pattern-b172	0	0	e3b0c44298fc1c14
logos_02_semantic_core_pass_if-let-payload-or-b144	0	0	e3b0c44298fc1c14
logos_02_semantic_core_pass_if-let-some	0	0	e3b0c44298fc1c14
logos_02_semantic_core_pass_if-panic-all	0	0	e3b0c44298fc1c14
logos_02_semantic_core_pass_if-panic-arm-as-value-b137	0	0	e3b0c44298fc1c14
logos_02_semantic_core_pass_if-ret-b160	0	0	e3b0c44298fc1c14
logos_02_semantic_core_pass_if_else_struct_value	0	0	e3b0c44298fc1c14
logos_02_semantic_core_pass_if_elseif_chain	0	42	e3b0c44298fc1c14
logos_02_semantic_core_pass_if_expr_branch_local_drop	0	0	e3b0c44298fc1c14
logos_02_semantic_core_pass_if_expr_i64_else	0	0	e3b0c44298fc1c14
logos_02_semantic_core_pass_if_expr_value	0	42	e3b0c44298fc1c14
logos_02_semantic_core_pass_if_let_some	0	0	0fb52b2401006c7b
logos_02_semantic_core_pass_if_nested	0	42	e3b0c44298fc1c14
logos_02_semantic_core_pass_if_no_else	0	42	e3b0c44298fc1c14
logos_02_semantic_core_pass_if_single_line	0	42	e3b0c44298fc1c14
logos_02_semantic_core_pass_if_while_let	0	42	e3b0c44298fc1c14
logos_02_semantic_core_pass_ignore-all-the-things	0	0	e3b0c44298fc1c14
logos_02_semantic_core_pass_ignore-all-the-things-b152	0	0	e3b0c44298fc1c14
logos_02_semantic_core_pass_ignore-rest-patterns-b139	0	0	e3b0c44298fc1c14
logos_02_semantic_core_pass_impl-gen-tuple-struct-gap	0	0	e3b0c44298fc1c14
logos_02_semantic_core_pass_impl-implicit-trait	0	0	e3b0c44298fc1c14
logos_02_semantic_core_pass_impl-implicit-trait-b141	0	0	e3b0c44298fc1c14
logos_02_semantic_core_pass_impl-implicit-trait-b151	0	0	e3b0c44298fc1c14
logos_02_semantic_core_pass_impl-inherent-prefer-over-trait-b158	0	0	e3b0c44298fc1c14
logos_02_semantic_core_pass_impl-method-cross-call	0	0	e3b0c44298fc1c14
logos_02_semantic_core_pass_impl-on-tuple-struct	0	0	e3b0c44298fc1c14
logos_02_semantic_core_pass_impl-trait-chain-14229-b156	0	0	e3b0c44298fc1c14
logos_02_semantic_core_pass_impl-trait-for-primitive-5280-tr3	0	0	e3b0c44298fc1c14
logos_02_semantic_core_pass_impl-trait-for-primitive-dyn	0	0	e3b0c44298fc1c14
logos_02_semantic_core_pass_impl-trait-for-slice-ref	0	0	e3b0c44298fc1c14
logos_02_semantic_core_pass_impl-trait-param-b166	0	0	e3b0c44298fc1c14
logos_02_semantic_core_pass_impl-trait-return	0	0	e3b0c44298fc1c14
logos_02_semantic_core_pass_impl-trait-return-basic-it2	0	0	e3b0c44298fc1c14
logos_02_semantic_core_pass_impl-trait-return-closure-b138	0	0	e3b0c44298fc1c14
logos_02_semantic_core_pass_impl-trait-return-default-method-it2	0	0	e3b0c44298fc1c14
logos_02_semantic_core_pass_impl-trait-return-from-arg-it2	0	0	e3b0c44298fc1c14
logos_02_semantic_core_pass_impl-trait-return-from-method-it2	0	0	e3b0c44298fc1c14
logos_02_semantic_core_pass_impl-trait-return-then-generic-it2	0	0	e3b0c44298fc1c14
logos_02_semantic_core_pass_impl-two-type-params	0	0	e3b0c44298fc1c14
logos_02_semantic_core_pass_impl-where-clause-g2	0	0	e3b0c44298fc1c14
logos_02_semantic_core_pass_implicit-ref-to-dyn-array-coercion	0	0	e3b0c44298fc1c14
logos_02_semantic_core_pass_implicit-ref-to-dyn-method-arg	0	0	e3b0c44298fc1c14
logos_02_semantic_core_pass_inc-range-pat	0	0	e3b0c44298fc1c14
logos_02_semantic_core_pass_inc-range-pat-b137	0	0	e3b0c44298fc1c14
logos_02_semantic_core_pass_inc-range-pat-b150	0	0	e3b0c44298fc1c14
logos_02_semantic_core_pass_inconsistent-lifetime-mismatch	0	0	e3b0c44298fc1c14
logos_02_semantic_core_pass_incorrect-loan-error-on-local-update-5550	0	0	e3b0c44298fc1c14
logos_02_semantic_core_pass_index-compound-assign-g167	0	0	e3b0c44298fc1c14
logos_02_semantic_core_pass_index_compound_assign	0	83	e3b0c44298fc1c14
logos_02_semantic_core_pass_index_mut_place_borrow	0	0	e3b0c44298fc1c14
logos_02_semantic_core_pass_index_mut_single_write	0	0	e3b0c44298fc1c14
logos_02_semantic_core_pass_index_through_array_ref_param	0	0	e3b0c44298fc1c14
logos_02_semantic_core_pass_index_through_ref_to_slice	0	0	e3b0c44298fc1c14
logos_02_semantic_core_pass_index_u16	0	42	e3b0c44298fc1c14
logos_02_semantic_core_pass_index_write_u8	0	42	e3b0c44298fc1c14
logos_02_semantic_core_pass_index_write_unified	0	42	e3b0c44298fc1c14
logos_02_semantic_core_pass_indexed-filter-sum-b165	0	0	e3b0c44298fc1c14
logos_02_semantic_core_pass_indirect-supertrait-chain-15155-b147	0	0	e3b0c44298fc1c14
logos_02_semantic_core_pass_infer-fn-tail-expr	0	0	e3b0c44298fc1c14
logos_02_semantic_core_pass_infer-from-return-b163	0	0	e3b0c44298fc1c14
logos_02_semantic_core_pass_infer-struct-with-trait-object	0	0	e3b0c44298fc1c14
logos_02_semantic_core_pass_inference-method-chain-diverging-fallback-b156	0	0	e3b0c44298fc1c14
logos_02_semantic_core_pass_inference-rhs-operator-visitor-3743-b158	0	0	e3b0c44298fc1c14
logos_02_semantic_core_pass_inferred-suffix-in-pattern-range	0	0	e3b0c44298fc1c14
logos_02_semantic_core_pass_inferred-suffix-in-pattern-range-b145	0	0	e3b0c44298fc1c14
logos_02_semantic_core_pass_inferred_hole_annotations	0	0	e3b0c44298fc1c14
logos_02_semantic_core_pass_inherent-impl-on-generic-enum-tr3	0	0	e3b0c44298fc1c14
logos_02_semantic_core_pass_inherent-method-order-b147	0	0	e3b0c44298fc1c14
logos_02_semantic_core_pass_inherent-methods-same-name	0	0	e3b0c44298fc1c14
logos_02_semantic_core_pass_inherent-methods-same-name-b136	0	0	e3b0c44298fc1c14
logos_02_semantic_core_pass_inherent-methods-same-name-b141	0	0	e3b0c44298fc1c14
logos_02_semantic_core_pass_inherent-methods-same-name-b152	0	0	e3b0c44298fc1c14
logos_02_semantic_core_pass_inherent-methods-same-name-b161	0	0	e3b0c44298fc1c14
logos_02_semantic_core_pass_inherent-over-blanket-b149	0	0	e3b0c44298fc1c14
logos_02_semantic_core_pass_inherent_vs_trait_method	0	0	e3b0c44298fc1c14
logos_02_semantic_core_pass_inheritance-auto	0	0	e3b0c44298fc1c14
logos_02_semantic_core_pass_inheritance-basic	0	0	e3b0c44298fc1c14
logos_02_semantic_core_pass_inheritance-call-bound-inherited	0	0	e3b0c44298fc1c14
logos_02_semantic_core_pass_inheritance-call-bound-inherited-b148	0	0	e3b0c44298fc1c14
logos_02_semantic_core_pass_inheritance-call-bound-inherited2	0	0	e3b0c44298fc1c14
logos_02_semantic_core_pass_inheritance-call-bound-inherited2-b155	0	0	e3b0c44298fc1c14
logos_02_semantic_core_pass_inheritance-cross-trait-call	0	0	e3b0c44298fc1c14
logos_02_semantic_core_pass_inheritance-cross-trait-call-b148	0	0	e3b0c44298fc1c14
logos_02_semantic_core_pass_inheritance-diamond	0	0	e3b0c44298fc1c14
logos_02_semantic_core_pass_inheritance-multiple-inheritors	0	0	e3b0c44298fc1c14
logos_02_semantic_core_pass_inheritance-multiple-inheritors-b148	0	0	e3b0c44298fc1c14
logos_02_semantic_core_pass_inheritance-multiple-inheritors-b155	0	0	e3b0c44298fc1c14
logos_02_semantic_core_pass_inheritance-multiple-params	0	0	e3b0c44298fc1c14
logos_02_semantic_core_pass_inheritance-num	0	0	e3b0c44298fc1c14
logos_02_semantic_core_pass_inheritance-num1-b150	0	0	e3b0c44298fc1c14
logos_02_semantic_core_pass_inheritance-num2	0	0	e3b0c44298fc1c14
logos_02_semantic_core_pass_inheritance-overloading-b148	0	0	e3b0c44298fc1c14
logos_02_semantic_core_pass_inheritance-overloading-simple	0	0	e3b0c44298fc1c14
logos_02_semantic_core_pass_inheritance-self	0	0	e3b0c44298fc1c14
logos_02_semantic_core_pass_inheritance-simple	0	0	e3b0c44298fc1c14
logos_02_semantic_core_pass_inheritance-static-b149	0	1	e3b0c44298fc1c14
logos_02_semantic_core_pass_inheritance-subst-b149	0	8	e3b0c44298fc1c14
logos_02_semantic_core_pass_inheritance-subst-b155	0	0	e3b0c44298fc1c14
logos_02_semantic_core_pass_inheritance-three-level-tr2	0	0	e3b0c44298fc1c14
logos_02_semantic_core_pass_init-res-into-things-b156	0	0	e3b0c44298fc1c14
logos_02_semantic_core_pass_inline-main	0	0	e3b0c44298fc1c14
logos_02_semantic_core_pass_instantiable	0	0	e3b0c44298fc1c14
logos_02_semantic_core_pass_instantiable-b146	0	0	e3b0c44298fc1c14
logos_02_semantic_core_pass_instantiable-b153	0	0	e3b0c44298fc1c14
logos_02_semantic_core_pass_int-add-12-2	0	0	e3b0c44298fc1c14
logos_02_semantic_core_pass_int-add-12-3	0	0	e3b0c44298fc1c14
logos_02_semantic_core_pass_int-add-6-2	0	0	e3b0c44298fc1c14
logos_02_semantic_core_pass_int-add-6-3	0	0	e3b0c44298fc1c14
logos_02_semantic_core_pass_int-add-7-2	0	0	e3b0c44298fc1c14
logos_02_semantic_core_pass_int-add-7-3	0	0	e3b0c44298fc1c14
logos_02_semantic_core_pass_int-and-12-2	0	0	e3b0c44298fc1c14
logos_02_semantic_core_pass_int-and-12-3	0	0	e3b0c44298fc1c14
logos_02_semantic_core_pass_int-and-6-2	0	0	e3b0c44298fc1c14
logos_02_semantic_core_pass_int-and-6-3	0	0	e3b0c44298fc1c14
logos_02_semantic_core_pass_int-and-7-2	0	0	e3b0c44298fc1c14
logos_02_semantic_core_pass_int-and-7-3	0	0	e3b0c44298fc1c14
logos_02_semantic_core_pass_int-arith-to-raw-pointer-b172	0	0	e3b0c44298fc1c14
logos_02_semantic_core_pass_int-div-12-2	0	0	e3b0c44298fc1c14
logos_02_semantic_core_pass_int-div-12-3	0	0	e3b0c44298fc1c14
logos_02_semantic_core_pass_int-div-6-2	0	0	e3b0c44298fc1c14
logos_02_semantic_core_pass_int-div-6-3	0	0	e3b0c44298fc1c14
logos_02_semantic_core_pass_int-div-7-2	0	0	e3b0c44298fc1c14
logos_02_semantic_core_pass_int-div-7-3	0	0	e3b0c44298fc1c14
logos_02_semantic_core_pass_int-literal-underscores-na	0	0	e3b0c44298fc1c14
logos_02_semantic_core_pass_int-methods-b165	0	0	e3b0c44298fc1c14
logos_02_semantic_core_pass_int-min-max-wrapping-b162	0	0	e3b0c44298fc1c14
logos_02_semantic_core_pass_int-mod-12-2	0	0	e3b0c44298fc1c14
logos_02_semantic_core_pass_int-mod-12-3	0	0	e3b0c44298fc1c14
logos_02_semantic_core_pass_int-mod-6-2	0	0	e3b0c44298fc1c14
logos_02_semantic_core_pass_int-mod-6-3	0	0	e3b0c44298fc1c14
logos_02_semantic_core_pass_int-mod-7-2	0	0	e3b0c44298fc1c14
logos_02_semantic_core_pass_int-mod-7-3	0	0	e3b0c44298fc1c14
logos_02_semantic_core_pass_int-mul-12-2	0	0	e3b0c44298fc1c14
logos_02_semantic_core_pass_int-mul-12-3	0	0	e3b0c44298fc1c14
logos_02_semantic_core_pass_int-mul-6-2	0	0	e3b0c44298fc1c14
logos_02_semantic_core_pass_int-mul-6-3	0	0	e3b0c44298fc1c14
logos_02_semantic_core_pass_int-mul-7-2	0	0	e3b0c44298fc1c14
logos_02_semantic_core_pass_int-mul-7-3	0	0	e3b0c44298fc1c14
logos_02_semantic_core_pass_int-or-12-2	0	0	e3b0c44298fc1c14
logos_02_semantic_core_pass_int-or-12-3	0	0	e3b0c44298fc1c14
logos_02_semantic_core_pass_int-or-6-2	0	0	e3b0c44298fc1c14
logos_02_semantic_core_pass_int-or-6-3	0	0	e3b0c44298fc1c14
logos_02_semantic_core_pass_int-or-7-2	0	0	e3b0c44298fc1c14
logos_02_semantic_core_pass_int-or-7-3	0	0	e3b0c44298fc1c14
logos_02_semantic_core_pass_int-shl-12-2	0	0	e3b0c44298fc1c14
logos_02_semantic_core_pass_int-shl-12-3	0	0	e3b0c44298fc1c14
logos_02_semantic_core_pass_int-shl-6-2	0	0	e3b0c44298fc1c14
logos_02_semantic_core_pass_int-shl-6-3	0	0	e3b0c44298fc1c14
logos_02_semantic_core_pass_int-shl-7-2	0	0	e3b0c44298fc1c14
logos_02_semantic_core_pass_int-shl-7-3	0	0	e3b0c44298fc1c14
logos_02_semantic_core_pass_int-shr-12-2	0	0	e3b0c44298fc1c14
logos_02_semantic_core_pass_int-shr-12-3	0	0	e3b0c44298fc1c14
logos_02_semantic_core_pass_int-shr-6-2	0	0	e3b0c44298fc1c14
logos_02_semantic_core_pass_int-shr-6-3	0	0	e3b0c44298fc1c14
logos_02_semantic_core_pass_int-shr-7-2	0	0	e3b0c44298fc1c14
logos_02_semantic_core_pass_int-shr-7-3	0	0	e3b0c44298fc1c14
logos_02_semantic_core_pass_int-sub-12-2	0	0	e3b0c44298fc1c14
logos_02_semantic_core_pass_int-sub-12-3	0	0	e3b0c44298fc1c14
logos_02_semantic_core_pass_int-sub-6-2	0	0	e3b0c44298fc1c14
logos_02_semantic_core_pass_int-sub-6-3	0	0	e3b0c44298fc1c14
logos_02_semantic_core_pass_int-sub-7-2	0	0	e3b0c44298fc1c14
logos_02_semantic_core_pass_int-sub-7-3	0	0	e3b0c44298fc1c14
logos_02_semantic_core_pass_int-width-cast-chain-na2	0	0	e3b0c44298fc1c14
logos_02_semantic_core_pass_int-xor-12-2	0	0	e3b0c44298fc1c14
logos_02_semantic_core_pass_int-xor-12-3	0	0	e3b0c44298fc1c14
logos_02_semantic_core_pass_int-xor-6-2	0	0	e3b0c44298fc1c14
logos_02_semantic_core_pass_int-xor-6-3	0	0	e3b0c44298fc1c14
logos_02_semantic_core_pass_int-xor-7-2	0	0	e3b0c44298fc1c14
logos_02_semantic_core_pass_int-xor-7-3	0	0	e3b0c44298fc1c14
logos_02_semantic_core_pass_int24_basic	0	0	e3b0c44298fc1c14
logos_02_semantic_core_pass_int_inherent_methods	0	0	e3b0c44298fc1c14
logos_02_semantic_core_pass_int_literals_radix	0	42	e3b0c44298fc1c14
logos_02_semantic_core_pass_int_min_to_string	0	0	e3b0c44298fc1c14
logos_02_semantic_core_pass_int_signedness_cast_signed	0	0	2b2470bf8d855715
logos_02_semantic_core_pass_int_signedness_cast_unsigned	0	0	6d3fc3a44f6556b9
logos_02_semantic_core_pass_int_suffixes	0	42	e3b0c44298fc1c14
logos_02_semantic_core_pass_int_types_i16_u16	0	42	e3b0c44298fc1c14
logos_02_semantic_core_pass_int_types_i56_u56_i128_u128	0	42	e3b0c44298fc1c14
logos_02_semantic_core_pass_int_widen_implicit	0	42	e3b0c44298fc1c14
logos_02_semantic_core_pass_integer-div-rem-b164	0	0	e3b0c44298fc1c14
logos_02_semantic_core_pass_integer-literal-method-call-underscore	0	0	e3b0c44298fc1c14
logos_02_semantic_core_pass_integer-literal-radix	0	0	e3b0c44298fc1c14
logos_02_semantic_core_pass_integer-literal-radix-b154	0	0	e3b0c44298fc1c14
logos_02_semantic_core_pass_integer-literal-radix-b160	0	0	e3b0c44298fc1c14
logos_02_semantic_core_pass_integer-literal-radix-neg-b139	0	0	e3b0c44298fc1c14
logos_02_semantic_core_pass_integer-literal-suffix-inference	0	0	e3b0c44298fc1c14
logos_02_semantic_core_pass_integer-literal-suffix-inference-b145	0	0	e3b0c44298fc1c14
logos_02_semantic_core_pass_integer-range-binding-b139	0	0	e3b0c44298fc1c14
logos_02_semantic_core_pass_integer-range-binding-pat	0	0	e3b0c44298fc1c14
logos_02_semantic_core_pass_interior_mut_freeze_canary	0	LINK	-
logos_02_semantic_core_pass_intops-bitwise-b165	0	0	e3b0c44298fc1c14
logos_02_semantic_core_pass_intrinsic_bare_name_homonym_mlirgen	0	42	7d8ad6f689847b91
logos_02_semantic_core_pass_intrinsic_bare_name_homonym_mlirgen_ctl	0	42	aa6211bf7a9f5681
logos_02_semantic_core_pass_intrinsic_bare_name_homonym_sema	0	41	093a7c31463de612
logos_02_semantic_core_pass_intrinsic_bare_name_homonym_sema_ctl	0	41	b122571934cc20e8
logos_02_semantic_core_pass_intrinsic_bare_name_no_homonym_arm_fires	0	43	444c059666852d68
logos_02_semantic_core_pass_intrinsic_pdep_pext	0	0	3adb1589a3935f94
logos_02_semantic_core_pass_io_error_basic	0	0	e3b0c44298fc1c14
logos_02_semantic_core_pass_irrefutable-let-patterns-b160	0	0	e3b0c44298fc1c14
logos_02_semantic_core_pass_irrefutable-unit-b142	0	0	e3b0c44298fc1c14
logos_02_semantic_core_pass_isize-base	0	0	e3b0c44298fc1c14
logos_02_semantic_core_pass_isize-base-b136	0	0	e3b0c44298fc1c14
logos_02_semantic_core_pass_issue-10392	0	0	e3b0c44298fc1c14
logos_02_semantic_core_pass_issue-104519	0	0	e3b0c44298fc1c14
logos_02_semantic_core_pass_issue-104519-b154	0	0	e3b0c44298fc1c14
logos_02_semantic_core_pass_issue-1112	0	0	e3b0c44298fc1c14
logos_02_semantic_core_pass_issue-1112-b157	0	0	e3b0c44298fc1c14
logos_02_semantic_core_pass_issue-113012	0	0	e3b0c44298fc1c14
logos_02_semantic_core_pass_issue-114691	0	0	e3b0c44298fc1c14
logos_02_semantic_core_pass_issue-115681	0	0	e3b0c44298fc1c14
logos_02_semantic_core_pass_issue-11577	0	0	e3b0c44298fc1c14
logos_02_semantic_core_pass_issue-11940	0	0	e3b0c44298fc1c14
logos_02_semantic_core_pass_issue-1257	0	0	e3b0c44298fc1c14
logos_02_semantic_core_pass_issue-12582	0	0	e3b0c44298fc1c14
logos_02_semantic_core_pass_issue-1451	0	0	e3b0c44298fc1c14
logos_02_semantic_core_pass_issue-1460	0	0	e3b0c44298fc1c14
logos_02_semantic_core_pass_issue-16671-fnonce-move-closure-is2	0	0	e3b0c44298fc1c14
logos_02_semantic_core_pass_issue-1701	0	0	e3b0c44298fc1c14
logos_02_semantic_core_pass_issue-1701-b141	0	0	e3b0c44298fc1c14
logos_02_semantic_core_pass_issue-1701-b148	0	0	e3b0c44298fc1c14
logos_02_semantic_core_pass_issue-1701-b151	0	0	e3b0c44298fc1c14
logos_02_semantic_core_pass_issue-17718-parse-const	0	0	e3b0c44298fc1c14
logos_02_semantic_core_pass_issue-17816-closure-field-call-is2	0	0	e3b0c44298fc1c14
logos_02_semantic_core_pass_issue-17905-impl-concrete-typeargs-is	0	0	e3b0c44298fc1c14
logos_02_semantic_core_pass_issue-18060	0	0	e3b0c44298fc1c14
logos_02_semantic_core_pass_issue-18845	0	0	e3b0c44298fc1c14
logos_02_semantic_core_pass_issue-19127	0	0	e3b0c44298fc1c14
logos_02_semantic_core_pass_issue-19340-2	0	0	e3b0c44298fc1c14
logos_02_semantic_core_pass_issue-19367-b170	0	0	e3b0c44298fc1c14
logos_02_semantic_core_pass_issue-1962	0	0	e3b0c44298fc1c14
logos_02_semantic_core_pass_issue-1974	0	0	e3b0c44298fc1c14
logos_02_semantic_core_pass_issue-20174-destructure-closure-field-is	0	0	e3b0c44298fc1c14
logos_02_semantic_core_pass_issue-2063	0	0	e3b0c44298fc1c14
logos_02_semantic_core_pass_issue-21634-parse-mutate-block-value-is2	0	0	e3b0c44298fc1c14
logos_02_semantic_core_pass_issue-21922-operator-ufcs-is2	0	0	e3b0c44298fc1c14
logos_02_semantic_core_pass_issue-2216	0	0	e3b0c44298fc1c14
logos_02_semantic_core_pass_issue-22258-add-output-assoc-is2	0	0	e3b0c44298fc1c14
logos_02_semantic_core_pass_issue-22864-1	0	0	e3b0c44298fc1c14
logos_02_semantic_core_pass_issue-23304-1	0	0	e3b0c44298fc1c14
logos_02_semantic_core_pass_issue-23304-2	0	0	e3b0c44298fc1c14
logos_02_semantic_core_pass_issue-23304-2-b150	0	0	e3b0c44298fc1c14
logos_02_semantic_core_pass_issue-23699-fn-item-as-ptr-is	0	0	e3b0c44298fc1c14
logos_02_semantic_core_pass_issue-23825-b143	0	0	e3b0c44298fc1c14
logos_02_semantic_core_pass_issue-23898-enum-as-int-is	0	0	e3b0c44298fc1c14
logos_02_semantic_core_pass_issue-24308-ufcs-assoc-fn-is	0	0	e3b0c44298fc1c14
logos_02_semantic_core_pass_issue-25279	0	0	e3b0c44298fc1c14
logos_02_semantic_core_pass_issue-25279-ufcs-self-lifetime-is	0	0	e3b0c44298fc1c14
logos_02_semantic_core_pass_issue-25343-labeled-loop-in-closure-is	0	0	e3b0c44298fc1c14
logos_02_semantic_core_pass_issue-25497-enum-match-extract-is	0	0	e3b0c44298fc1c14
logos_02_semantic_core_pass_issue-26251	0	0	e3b0c44298fc1c14
logos_02_semantic_core_pass_issue-26468-enum-discr-nested-iflet-is	0	0	e3b0c44298fc1c14
logos_02_semantic_core_pass_issue-26484	0	0	e3b0c44298fc1c14
logos_02_semantic_core_pass_issue-26709-drop-writes-through-field-is2	0	0	e3b0c44298fc1c14
logos_02_semantic_core_pass_issue-26802-default-method-lifetime-arg-is	0	0	e3b0c44298fc1c14
logos_02_semantic_core_pass_issue-27054-primitive-binary-ops	0	0	e3b0c44298fc1c14
logos_02_semantic_core_pass_issue-2735-2-b154	0	0	e3b0c44298fc1c14
logos_02_semantic_core_pass_issue-28550-nested-generic-ctor-is	0	0	e3b0c44298fc1c14
logos_02_semantic_core_pass_issue-28828-assoc-type-alias-is	0	0	e3b0c44298fc1c14
logos_02_semantic_core_pass_issue-29071-if-value-as-callee-is	0	0	e3b0c44298fc1c14
logos_02_semantic_core_pass_issue-29227-b143	0	0	e3b0c44298fc1c14
logos_02_semantic_core_pass_issue-2936	0	0	e3b0c44298fc1c14
logos_02_semantic_core_pass_issue-29522-closure-path-name-is	0	0	e3b0c44298fc1c14
logos_02_semantic_core_pass_issue-29927	0	0	e3b0c44298fc1c14
logos_02_semantic_core_pass_issue-30081-tuple-pattern-closure-is	0	0	e3b0c44298fc1c14
logos_02_semantic_core_pass_issue-3149	0	0	e3b0c44298fc1c14
logos_02_semantic_core_pass_issue-3149-generic-struct-ctor-fn-is	0	0	e3b0c44298fc1c14
logos_02_semantic_core_pass_issue-3220-consume-self-drop-is	0	0	e3b0c44298fc1c14
logos_02_semantic_core_pass_issue-333	0	0	e3b0c44298fc1c14
logos_02_semantic_core_pass_issue-333-b157	0	0	e3b0c44298fc1c14
logos_02_semantic_core_pass_issue-33498	0	0	e3b0c44298fc1c14
logos_02_semantic_core_pass_issue-35423	0	0	e3b0c44298fc1c14
logos_02_semantic_core_pass_issue-35423-b154	0	0	e3b0c44298fc1c14
logos_02_semantic_core_pass_issue-35423-binding-range-guard-is	0	0	e3b0c44298fc1c14
logos_02_semantic_core_pass_issue-36260-closure-captures-string-is2	0	0	e3b0c44298fc1c14
logos_02_semantic_core_pass_issue-36401	0	0	e3b0c44298fc1c14
logos_02_semantic_core_pass_issue-3683	0	0	e3b0c44298fc1c14
logos_02_semantic_core_pass_issue-36936-cast-not-lexpr-is	0	0	e3b0c44298fc1c14
logos_02_semantic_core_pass_issue-3794	0	0	e3b0c44298fc1c14
logos_02_semantic_core_pass_issue-38002	0	0	e3b0c44298fc1c14
logos_02_semantic_core_pass_issue-3847	0	0	e3b0c44298fc1c14
logos_02_semantic_core_pass_issue-38942-repr-enum-cast-is	0	0	e3b0c44298fc1c14
logos_02_semantic_core_pass_issue-3895	0	0	e3b0c44298fc1c14
logos_02_semantic_core_pass_issue-3895-guard-or-pattern-is	0	0	e3b0c44298fc1c14
logos_02_semantic_core_pass_issue-3979-generics	0	0	e3b0c44298fc1c14
logos_02_semantic_core_pass_issue-3979-supertrait-default-method-is	0	0	e3b0c44298fc1c14
logos_02_semantic_core_pass_issue-40085-b143	0	0	e3b0c44298fc1c14
logos_02_semantic_core_pass_issue-41479	0	0	e3b0c44298fc1c14
logos_02_semantic_core_pass_issue-41479-generic-tuple-fields-is	0	0	e3b0c44298fc1c14
logos_02_semantic_core_pass_issue-41604	0	0	e3b0c44298fc1c14
logos_02_semantic_core_pass_issue-41604-array-index-method-is	0	0	e3b0c44298fc1c14
logos_02_semantic_core_pass_issue-41888-b170	90	-	-
logos_02_semantic_core_pass_issue-4228	0	0	e3b0c44298fc1c14
logos_02_semantic_core_pass_issue-4228-two-impl-blocks-is	0	0	e3b0c44298fc1c14
logos_02_semantic_core_pass_issue-43692-unicode-escape-char-is	0	0	e3b0c44298fc1c14
logos_02_semantic_core_pass_issue-43923-array-of-fn-items-is2	0	0	e3b0c44298fc1c14
logos_02_semantic_core_pass_issue-47153-generic-const	0	0	e3b0c44298fc1c14
logos_02_semantic_core_pass_issue-4759	0	0	e3b0c44298fc1c14
logos_02_semantic_core_pass_issue-4759-1	0	0	e3b0c44298fc1c14
logos_02_semantic_core_pass_issue-4759-1-b154	0	0	e3b0c44298fc1c14
logos_02_semantic_core_pass_issue-4759-1-byval-self-on-primitive-is2	0	0	e3b0c44298fc1c14
logos_02_semantic_core_pass_issue-4875	0	0	e3b0c44298fc1c14
logos_02_semantic_core_pass_issue-50415-range-inclusive-is2	0	0	e3b0c44298fc1c14
logos_02_semantic_core_pass_issue-50461-used-mut-from-moves	0	0	e3b0c44298fc1c14
logos_02_semantic_core_pass_issue-50731-b142	0	0	e3b0c44298fc1c14
logos_02_semantic_core_pass_issue-51582	0	0	e3b0c44298fc1c14
logos_02_semantic_core_pass_issue-5239-2	0	0	e3b0c44298fc1c14
logos_02_semantic_core_pass_issue-5243	0	0	e3b0c44298fc1c14
logos_02_semantic_core_pass_issue-5530	0	0	e3b0c44298fc1c14
logos_02_semantic_core_pass_issue-5530-b155	0	0	e3b0c44298fc1c14
logos_02_semantic_core_pass_issue-61696-b154	0	0	e3b0c44298fc1c14
logos_02_semantic_core_pass_issue-6334	0	0	e3b0c44298fc1c14
logos_02_semantic_core_pass_issue-6449	0	0	e3b0c44298fc1c14
logos_02_semantic_core_pass_issue-70413-b170	0	0	e3b0c44298fc1c14
logos_02_semantic_core_pass_issue-72680-g	0	0	e3b0c44298fc1c14
logos_02_semantic_core_pass_issue-74739	0	0	e3b0c44298fc1c14
logos_02_semantic_core_pass_issue-76803-branches-not-same	0	0	e3b0c44298fc1c14
logos_02_semantic_core_pass_issue-77002	0	0	e3b0c44298fc1c14
logos_02_semantic_core_pass_issue-8351-1	0	0	e3b0c44298fc1c14
logos_02_semantic_core_pass_issue-8351-1-b150	0	0	e3b0c44298fc1c14
logos_02_semantic_core_pass_issue-8351-1-b152	0	0	e3b0c44298fc1c14
logos_02_semantic_core_pass_issue-8351-2	0	0	e3b0c44298fc1c14
logos_02_semantic_core_pass_issue-8351-2-b142	0	0	e3b0c44298fc1c14
logos_02_semantic_core_pass_issue-84604	0	0	e3b0c44298fc1c14
logos_02_semantic_core_pass_issue-868	0	0	e3b0c44298fc1c14
logos_02_semantic_core_pass_issue-89485	0	0	e3b0c44298fc1c14
logos_02_semantic_core_pass_issue-89935-b144	0	0	e3b0c44298fc1c14
logos_02_semantic_core_pass_issue-90038	0	0	e3b0c44298fc1c14
logos_02_semantic_core_pass_issue-90038-b154	0	0	e3b0c44298fc1c14
logos_02_semantic_core_pass_issue-9394-inherited-calls-b143	0	0	e3b0c44298fc1c14
logos_02_semantic_core_pass_issue-94923	0	0	e3b0c44298fc1c14
logos_02_semantic_core_pass_issue-979	0	0	e3b0c44298fc1c14
logos_02_semantic_core_pass_issue-99975	0	0	e3b0c44298fc1c14
logos_02_semantic_core_pass_iter-map-filter-sum-b138	0	0	e3b0c44298fc1c14
logos_02_semantic_core_pass_iter-range	0	0	e3b0c44298fc1c14
logos_02_semantic_core_pass_iter-range-b150	0	0	e3b0c44298fc1c14
logos_02_semantic_core_pass_iter-range-b155	0	0	e3b0c44298fc1c14
logos_02_semantic_core_pass_iter-with-acc-1	0	0	e3b0c44298fc1c14
logos_02_semantic_core_pass_iter-with-acc-2	0	0	e3b0c44298fc1c14
logos_02_semantic_core_pass_iter-with-acc-3	0	0	e3b0c44298fc1c14
logos_02_semantic_core_pass_iter-with-acc-4	0	0	e3b0c44298fc1c14
logos_02_semantic_core_pass_iter-with-acc-5	0	0	e3b0c44298fc1c14
logos_02_semantic_core_pass_iter_adapters	0	42	e3b0c44298fc1c14
logos_02_semantic_core_pass_iter_array_chunks	0	0	e3b0c44298fc1c14
logos_02_semantic_core_pass_iter_basic	0	42	e3b0c44298fc1c14
logos_02_semantic_core_pass_iter_by_ref	0	0	e3b0c44298fc1c14
logos_02_semantic_core_pass_iter_chain_map_fold	0	20	e3b0c44298fc1c14
logos_02_semantic_core_pass_iter_collect	0	0	e3b0c44298fc1c14
logos_02_semantic_core_pass_iter_collect_vec	0	0	e3b0c44298fc1c14
logos_02_semantic_core_pass_iter_cycle	0	0	e3b0c44298fc1c14
logos_02_semantic_core_pass_iter_find_position	0	0	e3b0c44298fc1c14
logos_02_semantic_core_pass_iter_flat_map	0	0	e3b0c44298fc1c14
logos_02_semantic_core_pass_iter_flatten	0	0	e3b0c44298fc1c14
logos_02_semantic_core_pass_iter_fnmut_terminals	0	42	e3b0c44298fc1c14
logos_02_semantic_core_pass_iter_fold_for_each_fnmut	0	42	e3b0c44298fc1c14
logos_02_semantic_core_pass_iter_from_fn	0	42	e3b0c44298fc1c14
logos_02_semantic_core_pass_iter_intersperse	0	0	e3b0c44298fc1c14
logos_02_semantic_core_pass_iter_map_capture	0	42	e3b0c44298fc1c14
logos_02_semantic_core_pass_iter_map_method_generic	0	30	e3b0c44298fc1c14
logos_02_semantic_core_pass_iter_map_windows	0	0	e3b0c44298fc1c14
logos_02_semantic_core_pass_iter_max_keeps_last	0	0	e3b0c44298fc1c14
logos_02_semantic_core_pass_iter_method_shortcuts	0	0	e3b0c44298fc1c14
logos_02_semantic_core_pass_iter_min_max_typed	0	0	e3b0c44298fc1c14
logos_02_semantic_core_pass_iter_more_adapters	0	0	e3b0c44298fc1c14
logos_02_semantic_core_pass_iter_once_with_repeat_with	0	42	e3b0c44298fc1c14
logos_02_semantic_core_pass_iter_product_minmax	0	0	e3b0c44298fc1c14
logos_02_semantic_core_pass_iter_repeat_n	0	42	e3b0c44298fc1c14
logos_02_semantic_core_pass_iter_rev	0	0	e3b0c44298fc1c14
logos_02_semantic_core_pass_iter_successors	0	42	e3b0c44298fc1c14
logos_02_semantic_core_pass_iter_successors_full	0	0	e3b0c44298fc1c14
logos_02_semantic_core_pass_iter_terminals	0	0	e3b0c44298fc1c14
logos_02_semantic_core_pass_iter_try_fold	0	42	e3b0c44298fc1c14
logos_02_semantic_core_pass_iterator-sum-array-15673-b158	0	0	e3b0c44298fc1c14
logos_02_semantic_core_pass_iterator-sum-map-b164	0	0	e3b0c44298fc1c14
logos_02_semantic_core_pass_iterator_sum_range	0	0	e3b0c44298fc1c14
logos_02_semantic_core_pass_ivec-pass-by-value	0	0	e3b0c44298fc1c14
logos_02_semantic_core_pass_json_parse	0	0	e3b0c44298fc1c14
logos_02_semantic_core_pass_kw_as_identifier	0	0	e3b0c44298fc1c14
logos_02_semantic_core_pass_label-borrow-in-labeled	0	0	e3b0c44298fc1c14
logos_02_semantic_core_pass_label-borrow-released-after-break	0	0	e3b0c44298fc1c14
logos_02_semantic_core_pass_label-break-stmt	0	0	e3b0c44298fc1c14
logos_02_semantic_core_pass_label-break-value-b143	0	0	e3b0c44298fc1c14
logos_02_semantic_core_pass_label-break-with-shared-borrow	0	0	e3b0c44298fc1c14
logos_02_semantic_core_pass_label-continue	0	0	e3b0c44298fc1c14
logos_02_semantic_core_pass_label-continue-with-mut	0	0	e3b0c44298fc1c14
logos_02_semantic_core_pass_label-loop-multiple	0	0	e3b0c44298fc1c14
logos_02_semantic_core_pass_label-nested-three-levels	0	0	e3b0c44298fc1c14
logos_02_semantic_core_pass_label-while-break	0	0	e3b0c44298fc1c14
logos_02_semantic_core_pass_labeled-break	0	0	e3b0c44298fc1c14
logos_02_semantic_core_pass_labeled-break-b152	0	0	e3b0c44298fc1c14
logos_02_semantic_core_pass_labeled-break-flw4	0	0	e3b0c44298fc1c14
logos_02_semantic_core_pass_labeled-break-inner-it	0	0	e3b0c44298fc1c14
logos_02_semantic_core_pass_labeled-break-nested-b165	0	0	e3b0c44298fc1c14
logos_02_semantic_core_pass_labeled-break-value-bnever	0	0	e3b0c44298fc1c14
logos_02_semantic_core_pass_labeled-continue-outer-it	0	0	e3b0c44298fc1c14
logos_02_semantic_core_pass_labeled_break_with_value	0	0	e3b0c44298fc1c14
logos_02_semantic_core_pass_labeled_loop_tail_returns_admit	0	0	e3b0c44298fc1c14
logos_02_semantic_core_pass_labeled_loops	0	42	e3b0c44298fc1c14
logos_02_semantic_core_pass_lambda-infer-unresolved-b156	0	0	e3b0c44298fc1c14
logos_02_semantic_core_pass_large-records	0	0	e3b0c44298fc1c14
logos_02_semantic_core_pass_large-records-b161	0	0	e3b0c44298fc1c14
logos_02_semantic_core_pass_large-records-st2	0	0	e3b0c44298fc1c14
logos_02_semantic_core_pass_layout_adjacent_narrow_fields	0	0	e3b0c44298fc1c14
logos_02_semantic_core_pass_layout_clike_enum_backing	0	0	e3b0c44298fc1c14
logos_02_semantic_core_pass_layout_dst_prefix_and_offset_of	0	0	e3b0c44298fc1c14
logos_02_semantic_core_pass_layout_scalar_alloc_size_agrees_with_backend	0	0	e3b0c44298fc1c14
logos_02_semantic_core_pass_layout_zero_size_enum_payload	0	0	e3b0c44298fc1c14
logos_02_semantic_core_pass_lazy-and-or	0	0	e3b0c44298fc1c14
logos_02_semantic_core_pass_lazy-init	0	0	e3b0c44298fc1c14
logos_02_semantic_core_pass_lazy_pkg_basic	0	0	e3b0c44298fc1c14
logos_02_semantic_core_pass_lazy_pkg_chain	0	0	e3b0c44298fc1c14
logos_02_semantic_core_pass_lazycell_basic	0	42	e3b0c44298fc1c14
logos_02_semantic_core_pass_let-assignability	0	0	e3b0c44298fc1c14
logos_02_semantic_core_pass_let-binding-tuple-destructuring-b145	0	0	e3b0c44298fc1c14
logos_02_semantic_core_pass_let-chain-if-gconf	0	0	e3b0c44298fc1c14
logos_02_semantic_core_pass_let-destruct-ref	0	0	e3b0c44298fc1c14
logos_02_semantic_core_pass_let-destruct-ref-b157	0	0	e3b0c44298fc1c14
logos_02_semantic_core_pass_let-else	0	0	e3b0c44298fc1c14
logos_02_semantic_core_pass_let-else-basic	0	0	e3b0c44298fc1c14
logos_02_semantic_core_pass_let-else-binding-bn2	0	0	e3b0c44298fc1c14
logos_02_semantic_core_pass_let-else-bindings-b144	0	0	e3b0c44298fc1c14
logos_02_semantic_core_pass_let-else-bindings-b161	0	0	e3b0c44298fc1c14
logos_02_semantic_core_pass_let-else-divergent-b164	0	0	e3b0c44298fc1c14
logos_02_semantic_core_pass_let-else-double-b165	0	0	e3b0c44298fc1c14
logos_02_semantic_core_pass_let-else-nested-b161	0	0	e3b0c44298fc1c14
logos_02_semantic_core_pass_let-else-none	0	0	e3b0c44298fc1c14
logos_02_semantic_core_pass_let-else-option-b166	0	0	e3b0c44298fc1c14
logos_02_semantic_core_pass_let-else-over-ref-b167	0	0	e3b0c44298fc1c14
logos_02_semantic_core_pass_let-else-refined-inner-b161	0	0	e3b0c44298fc1c14
logos_02_semantic_core_pass_let-else-run-pass-b154	0	0	e3b0c44298fc1c14
logos_02_semantic_core_pass_let-else-some	0	0	e3b0c44298fc1c14
logos_02_semantic_core_pass_let_array_destructure	0	0	e3b0c44298fc1c14
logos_02_semantic_core_pass_let_array_destructure_drop	0	0	e8f2f680503e7e64
logos_02_semantic_core_pass_let_borrow_literal	0	0	e3b0c44298fc1c14
logos_02_semantic_core_pass_let_destruct	0	0	3a6de537680b6e50
logos_02_semantic_core_pass_let_destructure_move_only_field	0	0	e3b0c44298fc1c14
logos_02_semantic_core_pass_let_else	0	42	e3b0c44298fc1c14
logos_02_semantic_core_pass_let_else_clike_enum	0	0	e3b0c44298fc1c14
logos_02_semantic_core_pass_let_else_labeled_break_targets_inner_admit	0	0	e3b0c44298fc1c14
logos_02_semantic_core_pass_let_else_labeled_loop_no_break_admit	0	0	e3b0c44298fc1c14
logos_02_semantic_core_pass_let_else_literal_refute	0	0	e3b0c44298fc1c14
logos_02_semantic_core_pass_let_else_loop_no_break_admit	0	0	e3b0c44298fc1c14
logos_02_semantic_core_pass_let_else_option_string	0	0	e3b0c44298fc1c14
logos_02_semantic_core_pass_let_else_or_pattern	0	0	e3b0c44298fc1c14
logos_02_semantic_core_pass_let_intlit_i64	0	0	e3b0c44298fc1c14
logos_02_semantic_core_pass_let_rest_tuple_struct	0	0	e3b0c44298fc1c14
logos_02_semantic_core_pass_let_struct_pattern	0	0	e3b0c44298fc1c14
logos_02_semantic_core_pass_let_typed_tuple_destructure	0	0	e3b0c44298fc1c14
logos_02_semantic_core_pass_lforge_graph_cas	0	0	e3b0c44298fc1c14
logos_02_semantic_core_pass_linked-list-rawptr-b163	0	0	e3b0c44298fc1c14
logos_02_semantic_core_pass_list_comp_basic	0	42	e3b0c44298fc1c14
logos_02_semantic_core_pass_lit_i64	0	0	e3b0c44298fc1c14
logos_02_semantic_core_pass_liveness-assign-imm-local-after-loop	0	0	e3b0c44298fc1c14
logos_02_semantic_core_pass_liveness-loop-break	0	0	e3b0c44298fc1c14
logos_02_semantic_core_pass_liveness-move-in-loop	0	0	e3b0c44298fc1c14
logos_02_semantic_core_pass_local-enums-in-closure-2074	0	0	e3b0c44298fc1c14
logos_02_semantic_core_pass_logic_and_or	0	42	e3b0c44298fc1c14
logos_02_semantic_core_pass_logic_compound	0	42	e3b0c44298fc1c14
logos_02_semantic_core_pass_logic_nested_bool	0	42	e3b0c44298fc1c14
logos_02_semantic_core_pass_logic_not	0	42	e3b0c44298fc1c14
logos_02_semantic_core_pass_logic_short_circuit	0	42	e3b0c44298fc1c14
logos_02_semantic_core_pass_long-while	0	0	e3b0c44298fc1c14
logos_02_semantic_core_pass_long-while-it	0	0	e3b0c44298fc1c14
logos_02_semantic_core_pass_longest-same-lifetime-lt	0	0	e3b0c44298fc1c14
logos_02_semantic_core_pass_loop-body-borrow-fresh	0	0	e3b0c44298fc1c14
logos_02_semantic_core_pass_loop-borrow-then-access-after	0	0	e3b0c44298fc1c14
logos_02_semantic_core_pass_loop-break-cont	0	0	e3b0c44298fc1c14
logos_02_semantic_core_pass_loop-break-cont-1	0	0	e3b0c44298fc1c14
logos_02_semantic_core_pass_loop-break-cont-b152	0	0	e3b0c44298fc1c14
logos_02_semantic_core_pass_loop-break-cont-counter-it	0	0	e3b0c44298fc1c14
logos_02_semantic_core_pass_loop-break-cont-flw4	0	0	e3b0c44298fc1c14
logos_02_semantic_core_pass_loop-break-value-b143	0	0	e3b0c44298fc1c14
logos_02_semantic_core_pass_loop-break-value-b161	0	0	e3b0c44298fc1c14
logos_02_semantic_core_pass_loop-break-value-b164	0	0	e3b0c44298fc1c14
logos_02_semantic_core_pass_loop-break-value-b165	0	0	e3b0c44298fc1c14
logos_02_semantic_core_pass_loop-break-value-ex	0	0	e3b0c44298fc1c14
logos_02_semantic_core_pass_loop-break-value-noloop	0	0	e3b0c44298fc1c14
logos_02_semantic_core_pass_loop-diverges	0	0	e3b0c44298fc1c14
logos_02_semantic_core_pass_loop-diverges-b152	0	0	e3b0c44298fc1c14
logos_02_semantic_core_pass_loop-diverges-then-break-it	0	0	e3b0c44298fc1c14
logos_02_semantic_core_pass_loop-for-step-10	0	0	e3b0c44298fc1c14
logos_02_semantic_core_pass_loop-for-step-15	0	0	e3b0c44298fc1c14
logos_02_semantic_core_pass_loop-for-step-3	0	0	e3b0c44298fc1c14
logos_02_semantic_core_pass_loop-for-step-5	0	0	e3b0c44298fc1c14
logos_02_semantic_core_pass_loop-for-step-7	0	0	e3b0c44298fc1c14
logos_02_semantic_core_pass_loop-label-shadowing	0	0	e3b0c44298fc1c14
logos_02_semantic_core_pass_loop-labeled-break-value	0	0	e3b0c44298fc1c14
logos_02_semantic_core_pass_loop-labeled-break-value-b147	0	0	e3b0c44298fc1c14
logos_02_semantic_core_pass_loop-loop-counter-10	0	0	e3b0c44298fc1c14
logos_02_semantic_core_pass_loop-loop-counter-15	0	0	e3b0c44298fc1c14
logos_02_semantic_core_pass_loop-loop-counter-3	0	0	e3b0c44298fc1c14
logos_02_semantic_core_pass_loop-loop-counter-5	0	0	e3b0c44298fc1c14
logos_02_semantic_core_pass_loop-loop-counter-7	0	0	e3b0c44298fc1c14
logos_02_semantic_core_pass_loop-no-reinit-needed-post-bot-b145	0	0	e3b0c44298fc1c14
logos_02_semantic_core_pass_loop-scope	0	0	e3b0c44298fc1c14
logos_02_semantic_core_pass_loop-scope-it	0	0	e3b0c44298fc1c14
logos_02_semantic_core_pass_loop-shared-then-mut-each-arm	0	0	e3b0c44298fc1c14
logos_02_semantic_core_pass_loop-while-counter-10	0	0	e3b0c44298fc1c14
logos_02_semantic_core_pass_loop-while-counter-15	0	0	e3b0c44298fc1c14
logos_02_semantic_core_pass_loop-while-counter-3	0	0	e3b0c44298fc1c14
logos_02_semantic_core_pass_loop-while-counter-5	0	0	e3b0c44298fc1c14
logos_02_semantic_core_pass_loop-while-counter-7	0	0	e3b0c44298fc1c14
logos_02_semantic_core_pass_loop-with-label-9047	0	0	e3b0c44298fc1c14
logos_02_semantic_core_pass_loop-with-label-9047-b153	0	0	e3b0c44298fc1c14
logos_02_semantic_core_pass_loop-with-label-break-b161	0	0	e3b0c44298fc1c14
logos_02_semantic_core_pass_loop_break	0	17	e3b0c44298fc1c14
logos_02_semantic_core_pass_loop_break_targets_inner_admit	0	0	e3b0c44298fc1c14
logos_02_semantic_core_pass_loop_break_value	0	42	e3b0c44298fc1c14
logos_02_semantic_core_pass_loop_early_exit	0	42	e3b0c44298fc1c14
logos_02_semantic_core_pass_loop_nested	0	42	e3b0c44298fc1c14
logos_02_semantic_core_pass_lt-elision-1	0	0	e3b0c44298fc1c14
logos_02_semantic_core_pass_lt-elision-10	0	0	e3b0c44298fc1c14
logos_02_semantic_core_pass_lt-elision-2	0	0	e3b0c44298fc1c14
logos_02_semantic_core_pass_lt-elision-3	0	0	e3b0c44298fc1c14
logos_02_semantic_core_pass_lt-elision-4	0	0	e3b0c44298fc1c14
logos_02_semantic_core_pass_lt-elision-5	0	0	e3b0c44298fc1c14
logos_02_semantic_core_pass_lt-elision-6	0	0	e3b0c44298fc1c14
logos_02_semantic_core_pass_lt-elision-7	0	0	e3b0c44298fc1c14
logos_02_semantic_core_pass_lt-elision-8	0	0	e3b0c44298fc1c14
logos_02_semantic_core_pass_lt-elision-9	0	0	e3b0c44298fc1c14
logos_02_semantic_core_pass_lt-id-1	0	0	e3b0c44298fc1c14
logos_02_semantic_core_pass_lt-id-10	0	0	e3b0c44298fc1c14
logos_02_semantic_core_pass_lt-id-2	0	0	e3b0c44298fc1c14
logos_02_semantic_core_pass_lt-id-3	0	0	e3b0c44298fc1c14
logos_02_semantic_core_pass_lt-id-4	0	0	e3b0c44298fc1c14
logos_02_semantic_core_pass_lt-id-5	0	0	e3b0c44298fc1c14
logos_02_semantic_core_pass_lt-id-6	0	0	e3b0c44298fc1c14
logos_02_semantic_core_pass_lt-id-7	0	0	e3b0c44298fc1c14
logos_02_semantic_core_pass_lt-id-8	0	0	e3b0c44298fc1c14
logos_02_semantic_core_pass_lt-id-9	0	0	e3b0c44298fc1c14
logos_02_semantic_core_pass_lt-pair-1	0	0	e3b0c44298fc1c14
logos_02_semantic_core_pass_lt-pair-10	0	0	e3b0c44298fc1c14
logos_02_semantic_core_pass_lt-pair-2	0	0	e3b0c44298fc1c14
logos_02_semantic_core_pass_lt-pair-3	0	0	e3b0c44298fc1c14
logos_02_semantic_core_pass_lt-pair-4	0	0	e3b0c44298fc1c14
logos_02_semantic_core_pass_lt-pair-5	0	0	e3b0c44298fc1c14
logos_02_semantic_core_pass_lt-pair-6	0	0	e3b0c44298fc1c14
logos_02_semantic_core_pass_lt-pair-7	0	0	e3b0c44298fc1c14
logos_02_semantic_core_pass_lt-pair-8	0	0	e3b0c44298fc1c14
logos_02_semantic_core_pass_lt-pair-9	0	0	e3b0c44298fc1c14
logos_02_semantic_core_pass_lt-static-1	0	0	e3b0c44298fc1c14
logos_02_semantic_core_pass_lt-static-10	0	0	e3b0c44298fc1c14
logos_02_semantic_core_pass_lt-static-2	0	0	e3b0c44298fc1c14
logos_02_semantic_core_pass_lt-static-3	0	0	e3b0c44298fc1c14
logos_02_semantic_core_pass_lt-static-4	0	0	e3b0c44298fc1c14
logos_02_semantic_core_pass_lt-static-5	0	0	e3b0c44298fc1c14
logos_02_semantic_core_pass_lt-static-6	0	0	e3b0c44298fc1c14
logos_02_semantic_core_pass_lt-static-7	0	0	e3b0c44298fc1c14
logos_02_semantic_core_pass_lt-static-8	0	0	e3b0c44298fc1c14
logos_02_semantic_core_pass_lt-static-9	0	0	e3b0c44298fc1c14
logos_02_semantic_core_pass_lt-struct-method-1	0	0	e3b0c44298fc1c14
logos_02_semantic_core_pass_lt-struct-method-10	0	0	e3b0c44298fc1c14
logos_02_semantic_core_pass_lt-struct-method-2	0	0	e3b0c44298fc1c14
logos_02_semantic_core_pass_lt-struct-method-3	0	0	e3b0c44298fc1c14
logos_02_semantic_core_pass_lt-struct-method-4	0	0	e3b0c44298fc1c14
logos_02_semantic_core_pass_lt-struct-method-5	0	0	e3b0c44298fc1c14
logos_02_semantic_core_pass_lt-struct-method-6	0	0	e3b0c44298fc1c14
logos_02_semantic_core_pass_lt-struct-method-7	0	0	e3b0c44298fc1c14
logos_02_semantic_core_pass_lt-struct-method-8	0	0	e3b0c44298fc1c14
logos_02_semantic_core_pass_lt-struct-method-9	0	0	e3b0c44298fc1c14
logos_02_semantic_core_pass_lub-glb-fn-type-b146	0	0	e3b0c44298fc1c14
logos_02_semantic_core_pass_lub-glb-with-unbound-infer-var	0	0	e3b0c44298fc1c14
logos_02_semantic_core_pass_lub-glb-with-unbound-infer-var-b156	0	0	e3b0c44298fc1c14
logos_02_semantic_core_pass_macro_call_in_condition	0	0	e3b0c44298fc1c14
logos_02_semantic_core_pass_macro_concat	0	0	e3b0c44298fc1c14
logos_02_semantic_core_pass_macro_concat_bytes	0	42	e3b0c44298fc1c14
logos_02_semantic_core_pass_macro_env	0	0	e3b0c44298fc1c14
logos_02_semantic_core_pass_macro_include	0	42	e3b0c44298fc1c14
logos_02_semantic_core_pass_macro_include_bytes	0	0	e3b0c44298fc1c14
logos_02_semantic_core_pass_macro_include_str	0	0	e3b0c44298fc1c14
logos_02_semantic_core_pass_macro_matches_dbg	0	0	e3b0c44298fc1c14
logos_02_semantic_core_pass_macro_positional_builtins	0	0	e3b0c44298fc1c14
logos_02_semantic_core_pass_macro_stringify	0	0	e3b0c44298fc1c14
logos_02_semantic_core_pass_manually_drop_basic	0	0	e3b0c44298fc1c14
logos_02_semantic_core_pass_many-data-variants-en	0	0	e3b0c44298fc1c14
logos_02_semantic_core_pass_many-params-fn2	0	0	e3b0c44298fc1c14
logos_02_semantic_core_pass_map-fold-squares-itx	0	0	e3b0c44298fc1c14
logos_02_semantic_core_pass_map_comp_basic	0	42	e3b0c44298fc1c14
logos_02_semantic_core_pass_marker-trait-bound-tr2	0	0	e3b0c44298fc1c14
logos_02_semantic_core_pass_marker_basic	0	0	e3b0c44298fc1c14
logos_02_semantic_core_pass_match-all-variants	0	0	e3b0c44298fc1c14
logos_02_semantic_core_pass_match-arm-block	0	0	e3b0c44298fc1c14
logos_02_semantic_core_pass_match-arm-cond	0	0	e3b0c44298fc1c14
logos_02_semantic_core_pass_match-arm-disjoint-borrows	0	0	e3b0c44298fc1c14
logos_02_semantic_core_pass_match-arm-multistmt	0	0	e3b0c44298fc1c14
logos_02_semantic_core_pass_match-arm-mut-borrow	0	0	e3b0c44298fc1c14
logos_02_semantic_core_pass_match-as-arg	0	0	e3b0c44298fc1c14
logos_02_semantic_core_pass_match-at-binding-range-bn2	0	0	e3b0c44298fc1c14
logos_02_semantic_core_pass_match-beginning-vert	0	0	e3b0c44298fc1c14
logos_02_semantic_core_pass_match-beginning-vert-b147	0	0	e3b0c44298fc1c14
logos_02_semantic_core_pass_match-bool	0	0	e3b0c44298fc1c14
logos_02_semantic_core_pass_match-bool-pat	0	0	e3b0c44298fc1c14
logos_02_semantic_core_pass_match-borrow-scrutinee	0	0	e3b0c44298fc1c14
logos_02_semantic_core_pass_match-bot	0	0	e3b0c44298fc1c14
logos_02_semantic_core_pass_match-char-range-guard-26251-b141	0	0	e3b0c44298fc1c14
logos_02_semantic_core_pass_match-char-range-guard-b149	0	0	e3b0c44298fc1c14
logos_02_semantic_core_pass_match-char-range-guard-b159	0	0	e3b0c44298fc1c14
logos_02_semantic_core_pass_match-const-0	0	0	e3b0c44298fc1c14
logos_02_semantic_core_pass_match-const-1	0	0	e3b0c44298fc1c14
logos_02_semantic_core_pass_match-const-10	0	0	e3b0c44298fc1c14
logos_02_semantic_core_pass_match-const-42	0	0	e3b0c44298fc1c14
logos_02_semantic_core_pass_match-const-5	0	0	e3b0c44298fc1c14
logos_02_semantic_core_pass_match-constant-and-byte-literal	0	0	e3b0c44298fc1c14
logos_02_semantic_core_pass_match-early-return	0	0	e3b0c44298fc1c14
logos_02_semantic_core_pass_match-either-enum-variants-6117	0	0	e3b0c44298fc1c14
logos_02_semantic_core_pass_match-enum-bind-by-ref	0	0	e3b0c44298fc1c14
logos_02_semantic_core_pass_match-enum-struct-0	0	0	e3b0c44298fc1c14
logos_02_semantic_core_pass_match-enum-struct-0-b147	0	0	e3b0c44298fc1c14
logos_02_semantic_core_pass_match-enum-struct-1	0	0	e3b0c44298fc1c14
logos_02_semantic_core_pass_match-enum-struct-1-b147	0	0	e3b0c44298fc1c14
logos_02_semantic_core_pass_match-expr-ranges-ex	0	0	e3b0c44298fc1c14
logos_02_semantic_core_pass_match-expr-ref	0	0	e3b0c44298fc1c14
logos_02_semantic_core_pass_match-float	0	0	e3b0c44298fc1c14
logos_02_semantic_core_pass_match-guard-1	0	0	e3b0c44298fc1c14
logos_02_semantic_core_pass_match-guard-binding-bn2	0	0	e3b0c44298fc1c14
logos_02_semantic_core_pass_match-guard-bindings-b166	0	0	e3b0c44298fc1c14
logos_02_semantic_core_pass_match-guard-mutable-borrow-b159	0	0	e3b0c44298fc1c14
logos_02_semantic_core_pass_match-guard-ordering-b165	0	0	e3b0c44298fc1c14
logos_02_semantic_core_pass_match-guard-pat	0	0	e3b0c44298fc1c14
logos_02_semantic_core_pass_match-guard-struct-bind-b163	0	0	e3b0c44298fc1c14
logos_02_semantic_core_pass_match-guards-b161	0	0	e3b0c44298fc1c14
logos_02_semantic_core_pass_match-implicit-copy-unique	0	0	e3b0c44298fc1c14
logos_02_semantic_core_pass_match-in-macro	0	0	e3b0c44298fc1c14
logos_02_semantic_core_pass_match-join	0	0	e3b0c44298fc1c14
logos_02_semantic_core_pass_match-large-array	0	0	e3b0c44298fc1c14
logos_02_semantic_core_pass_match-lit	0	0	e3b0c44298fc1c14
logos_02_semantic_core_pass_match-merge-1	0	0	e3b0c44298fc1c14
logos_02_semantic_core_pass_match-merge-2	0	0	e3b0c44298fc1c14
logos_02_semantic_core_pass_match-merge-3	0	0	e3b0c44298fc1c14
logos_02_semantic_core_pass_match-merge-4	0	0	e3b0c44298fc1c14
logos_02_semantic_core_pass_match-merge-5	0	0	e3b0c44298fc1c14
logos_02_semantic_core_pass_match-mut-ref-writeback-b167	0	0	e3b0c44298fc1c14
logos_02_semantic_core_pass_match-naked-record-expr	0	0	e3b0c44298fc1c14
logos_02_semantic_core_pass_match-negative-int-ranges-b161	0	0	e3b0c44298fc1c14
logos_02_semantic_core_pass_match-nested-enum-box-3121	0	0	e3b0c44298fc1c14
logos_02_semantic_core_pass_match-on-negative-integer-ranges	0	0	e3b0c44298fc1c14
logos_02_semantic_core_pass_match-on-negative-integer-ranges-b141	0	0	e3b0c44298fc1c14
logos_02_semantic_core_pass_match-on-negative-integer-ranges-b155	0	0	e3b0c44298fc1c14
logos_02_semantic_core_pass_match-or-pattern	0	0	e3b0c44298fc1c14
logos_02_semantic_core_pass_match-or-pattern-binding-b164	0	0	e3b0c44298fc1c14
logos_02_semantic_core_pass_match-path	0	0	e3b0c44298fc1c14
logos_02_semantic_core_pass_match-pattern-lit	0	0	e3b0c44298fc1c14
logos_02_semantic_core_pass_match-pattern-no-type-params	0	0	e3b0c44298fc1c14
logos_02_semantic_core_pass_match-pattern-simple	0	0	e3b0c44298fc1c14
logos_02_semantic_core_pass_match-phi	0	0	e3b0c44298fc1c14
logos_02_semantic_core_pass_match-phi-bn2	0	0	e3b0c44298fc1c14
logos_02_semantic_core_pass_match-pipe-binding	0	0	e3b0c44298fc1c14
logos_02_semantic_core_pass_match-range	0	0	e3b0c44298fc1c14
logos_02_semantic_core_pass_match-range-char-const	0	0	e3b0c44298fc1c14
logos_02_semantic_core_pass_match-range-char-const-b141	0	0	e3b0c44298fc1c14
logos_02_semantic_core_pass_match-range-char-const-b155	0	0	e3b0c44298fc1c14
logos_02_semantic_core_pass_match-range-edge	0	0	e3b0c44298fc1c14
logos_02_semantic_core_pass_match-range-infer	0	0	e3b0c44298fc1c14
logos_02_semantic_core_pass_match-range-infer-b145	0	0	e3b0c44298fc1c14
logos_02_semantic_core_pass_match-reassign	0	0	e3b0c44298fc1c14
logos_02_semantic_core_pass_match-reassign-b145	0	0	e3b0c44298fc1c14
logos_02_semantic_core_pass_match-ref-binding	0	0	e3b0c44298fc1c14
logos_02_semantic_core_pass_match-ref-binding-in-guard-bn2	0	0	e3b0c44298fc1c14
logos_02_semantic_core_pass_match-ref-binding-mut	0	0	e3b0c44298fc1c14
logos_02_semantic_core_pass_match-ref-binding-mut-option-b143	0	0	e3b0c44298fc1c14
logos_02_semantic_core_pass_match-ref-fieldless-enum-g165	0	0	e3b0c44298fc1c14
logos_02_semantic_core_pass_match-ref-option-pattern	0	0	e3b0c44298fc1c14
logos_02_semantic_core_pass_match-ref-option-struct-b166	0	0	e3b0c44298fc1c14
logos_02_semantic_core_pass_match-ref-struct-fields-b162	0	0	e3b0c44298fc1c14
logos_02_semantic_core_pass_match-ref-tree-deref-b166	0	0	e3b0c44298fc1c14
logos_02_semantic_core_pass_match-result-pat	0	0	e3b0c44298fc1c14
logos_02_semantic_core_pass_match-struct-0-b147	0	0	e3b0c44298fc1c14
logos_02_semantic_core_pass_match-struct-fields-b166	0	0	e3b0c44298fc1c14
logos_02_semantic_core_pass_match-tag	0	0	e3b0c44298fc1c14
logos_02_semantic_core_pass_match-tag-multi-payload-bn2	0	0	e3b0c44298fc1c14
logos_02_semantic_core_pass_match-tuple-of-bools-guard-m2	0	0	e3b0c44298fc1c14
logos_02_semantic_core_pass_match-tuple-of-enum-refs-b161	0	0	e3b0c44298fc1c14
logos_02_semantic_core_pass_match-tuple-of-refs-b140	0	0	e3b0c44298fc1c14
logos_02_semantic_core_pass_match-tuple-ranges-12582-b140	0	0	e3b0c44298fc1c14
logos_02_semantic_core_pass_match-tuple-slice	0	0	e3b0c44298fc1c14
logos_02_semantic_core_pass_match-tuple-tail	0	0	e3b0c44298fc1c14
logos_02_semantic_core_pass_match-usize-min-max-pattern	0	0	e3b0c44298fc1c14
logos_02_semantic_core_pass_match-usize-min-max-pattern-b142	0	0	e3b0c44298fc1c14
logos_02_semantic_core_pass_match-value-binding-in-guard-3291	0	0	e3b0c44298fc1c14
logos_02_semantic_core_pass_match-vec-rvalue	0	0	e3b0c44298fc1c14
logos_02_semantic_core_pass_match-wildcards-b144	0	0	e3b0c44298fc1c14
logos_02_semantic_core_pass_match-with-ret-arm-b157	0	0	e3b0c44298fc1c14
logos_02_semantic_core_pass_match-with-ret-arm-bn2	0	0	e3b0c44298fc1c14
logos_02_semantic_core_pass_match_arm_break_in_while	0	3	e3b0c44298fc1c14
logos_02_semantic_core_pass_match_array_index_copy_elem	0	0	02a8d45d2a7d1536
logos_02_semantic_core_pass_match_bare_ident_head	0	20	e3b0c44298fc1c14
logos_02_semantic_core_pass_match_bool	0	42	e3b0c44298fc1c14
logos_02_semantic_core_pass_match_bool_exhaustive	0	42	e3b0c44298fc1c14
logos_02_semantic_core_pass_match_enum_all_variants	0	42	e3b0c44298fc1c14
logos_02_semantic_core_pass_match_enum_tuple_aggregate	0	0	e3b0c44298fc1c14
logos_02_semantic_core_pass_match_enum_wildcard_exhaustive	0	42	e3b0c44298fc1c14
logos_02_semantic_core_pass_match_expr	0	0	5f760926c5278098
logos_02_semantic_core_pass_match_expr_at_range	0	0	e3b0c44298fc1c14
logos_02_semantic_core_pass_match_expr_diverging_arm_no_move	0	0	e3b0c44298fc1c14
logos_02_semantic_core_pass_match_expr_guard	0	42	e3b0c44298fc1c14
logos_02_semantic_core_pass_match_expr_i64	0	0	e3b0c44298fc1c14
logos_02_semantic_core_pass_match_expr_literal_payload	0	0	e3b0c44298fc1c14
logos_02_semantic_core_pass_match_expr_nested_tuple	0	0	e3b0c44298fc1c14
logos_02_semantic_core_pass_match_expr_ref_guard	0	0	e3b0c44298fc1c14
logos_02_semantic_core_pass_match_expr_struct_irref_field	0	13	e3b0c44298fc1c14
logos_02_semantic_core_pass_match_expr_struct_pattern	0	0	e3b0c44298fc1c14
logos_02_semantic_core_pass_match_expr_struct_refutable_field	0	201	e3b0c44298fc1c14
logos_02_semantic_core_pass_match_guard	0	0	8dc106b532dc90ec
logos_02_semantic_core_pass_match_i64	0	0	e3b0c44298fc1c14
logos_02_semantic_core_pass_match_int	0	42	e3b0c44298fc1c14
logos_02_semantic_core_pass_match_leading_pipe	0	0	e3b0c44298fc1c14
logos_02_semantic_core_pass_match_multi_variant	0	42	e3b0c44298fc1c14
logos_02_semantic_core_pass_match_negative_int	0	42	e3b0c44298fc1c14
logos_02_semantic_core_pass_match_nested	0	42	e3b0c44298fc1c14
logos_02_semantic_core_pass_match_nested_or_tuple	0	0	e3b0c44298fc1c14
logos_02_semantic_core_pass_match_or_int_expr	0	42	e3b0c44298fc1c14
logos_02_semantic_core_pass_match_or_pattern_binding	0	0	e3b0c44298fc1c14
logos_02_semantic_core_pass_match_ref_enum_variant_pattern	0	0	e3b0c44298fc1c14
logos_02_semantic_core_pass_match_ref_prov	0	0	e3b0c44298fc1c14
logos_02_semantic_core_pass_match_struct_move_field_drop	0	0	e3b0c44298fc1c14
logos_02_semantic_core_pass_match_struct_refutable_field	0	201	e3b0c44298fc1c14
logos_02_semantic_core_pass_match_tuple_bool	0	167	e3b0c44298fc1c14
logos_02_semantic_core_pass_match_tuple_lit	0	115	e3b0c44298fc1c14
logos_02_semantic_core_pass_match_tuple_of_enum_refs	0	0	e3b0c44298fc1c14
logos_02_semantic_core_pass_match_tuple_of_enums_binding	0	0	e3b0c44298fc1c14
logos_02_semantic_core_pass_match_wild_only	0	42	e3b0c44298fc1c14
logos_02_semantic_core_pass_matcher-trait-equality-13323	0	0	e3b0c44298fc1c14
logos_02_semantic_core_pass_math-abs	0	0	e3b0c44298fc1c14
logos_02_semantic_core_pass_math-max	0	0	e3b0c44298fc1c14
logos_02_semantic_core_pass_math-min	0	0	e3b0c44298fc1c14
logos_02_semantic_core_pass_maybe-bounds-where-cpass	0	0	e3b0c44298fc1c14
logos_02_semantic_core_pass_mem_holder_custom_destroyer	0	0	e3b0c44298fc1c14
logos_02_semantic_core_pass_mem_string_datum	0	0	e3b0c44298fc1c14
logos_02_semantic_core_pass_mem_take_basic	0	42	e3b0c44298fc1c14
logos_02_semantic_core_pass_memoria_alg_descr	0	0	e3b0c44298fc1c14
logos_02_semantic_core_pass_memoria_alg_entry	0	0	e3b0c44298fc1c14
logos_02_semantic_core_pass_memoria_alg_interp	0	0	e3b0c44298fc1c14
logos_02_semantic_core_pass_memoria_alg_kernel_diff	0	0	e3b0c44298fc1c14
logos_02_semantic_core_pass_memoria_alg_kernel_family	0	0	e3b0c44298fc1c14
logos_02_semantic_core_pass_memoria_btfl_multimap	0	0	e3b0c44298fc1c14
logos_02_semantic_core_pass_memoria_btfl_tristream	0	0	e3b0c44298fc1c14
logos_02_semantic_core_pass_memoria_btfl_vle	0	0	e3b0c44298fc1c14
logos_02_semantic_core_pass_memoria_btss_hs_stable	0	0	e3b0c44298fc1c14
logos_02_semantic_core_pass_memoria_ctr_class_deem	0	0	e3b0c44298fc1c14
logos_02_semantic_core_pass_memoria_ctr_cursor_nav	0	0	e3b0c44298fc1c14
logos_02_semantic_core_pass_memoria_ctr_gen_vector_deem	0	0	e3b0c44298fc1c14
logos_02_semantic_core_pass_memoria_ctr_map_batch	0	0	e3b0c44298fc1c14
logos_02_semantic_core_pass_memoria_ctr_map_deem	0	0	e3b0c44298fc1c14
logos_02_semantic_core_pass_memoria_ctr_map_find	0	0	e3b0c44298fc1c14
logos_02_semantic_core_pass_memoria_ctr_meta	0	0	e3b0c44298fc1c14
logos_02_semantic_core_pass_memoria_ctr_plan_pushdown	0	0	e3b0c44298fc1c14
logos_02_semantic_core_pass_memoria_ctr_vec_bool	0	0	e3b0c44298fc1c14
logos_02_semantic_core_pass_memoria_ctr_vec_deem	0	0	e3b0c44298fc1c14
logos_02_semantic_core_pass_memoria_ctr_vec_pos_pushdown	0	0	e3b0c44298fc1c14
logos_02_semantic_core_pass_memoria_ctr_vector	0	0	e3b0c44298fc1c14
logos_02_semantic_core_pass_memoria_dirmap_rc	0	0	e3b0c44298fc1c14
logos_02_semantic_core_pass_memoria_dyn_boundary	0	0	e3b0c44298fc1c14
logos_02_semantic_core_pass_memoria_example_map	0	0	e3b0c44298fc1c14
logos_02_semantic_core_pass_memoria_example_multimap	0	0	e3b0c44298fc1c14
logos_02_semantic_core_pass_memoria_gen_branch	0	0	e3b0c44298fc1c14
logos_02_semantic_core_pass_memoria_gen_cow	0	0	e3b0c44298fc1c14
logos_02_semantic_core_pass_memoria_gen_cow_kv	0	0	e3b0c44298fc1c14
logos_02_semantic_core_pass_memoria_gen_fse	0	0	e3b0c44298fc1c14
logos_02_semantic_core_pass_memoria_gen_generic_distinct	0	0	e3b0c44298fc1c14
logos_02_semantic_core_pass_memoria_gen_generic_local	0	0	e3b0c44298fc1c14
logos_02_semantic_core_pass_memoria_gen_generic_shared	0	0	e3b0c44298fc1c14
logos_02_semantic_core_pass_memoria_gen_map	0	0	e3b0c44298fc1c14
logos_02_semantic_core_pass_memoria_gen_multimap	0	0	e3b0c44298fc1c14
logos_02_semantic_core_pass_memoria_gen_node	0	0	e3b0c44298fc1c14
logos_02_semantic_core_pass_memoria_gen_node_kv	0	0	e3b0c44298fc1c14
logos_02_semantic_core_pass_memoria_gen_tree	0	0	e3b0c44298fc1c14
logos_02_semantic_core_pass_memoria_gen_with_entry	0	0	e3b0c44298fc1c14
logos_02_semantic_core_pass_memoria_gendrop_probe	0	0	e3b0c44298fc1c14
logos_02_semantic_core_pass_memoria_map_consumer	0	0	e3b0c44298fc1c14
logos_02_semantic_core_pass_memoria_mixed_concrete_generic	0	0	e3b0c44298fc1c14
logos_02_semantic_core_pass_memoria_pack_weight	0	0	e3b0c44298fc1c14
logos_02_semantic_core_pass_memoria_pdtbuf_core	0	LINK	-
logos_02_semantic_core_pass_memoria_pdtbuf_deep1	0	LINK	-
logos_02_semantic_core_pass_memoria_pdtbuf_deep2	0	LINK	-
logos_02_semantic_core_pass_memoria_pdtbuf_deep3	0	LINK	-
logos_02_semantic_core_pass_memoria_pdtbuf_deep4	0	LINK	-
logos_02_semantic_core_pass_memoria_pdtbuf_fixtures	0	LINK	-
logos_02_semantic_core_pass_memoria_pdtbuf_index	0	LINK	-
logos_02_semantic_core_pass_memoria_pdtbuf_mut	0	LINK	-
logos_02_semantic_core_pass_memoria_pdtbuf_ops	0	LINK	-
logos_02_semantic_core_pass_memoria_pdtbuf_vle	0	LINK	-
logos_02_semantic_core_pass_memoria_pkd_smoke	0	LINK	-
logos_02_semantic_core_pass_memoria_showcase_deem	0	0	c2677cbeab54182c
logos_02_semantic_core_pass_memoria_showcase_vector	0	0	d529407a0c098546
logos_02_semantic_core_pass_memoria_ssrle_1bps	0	0	e3b0c44298fc1c14
logos_02_semantic_core_pass_memoria_ssrle_algebra	0	0	e3b0c44298fc1c14
logos_02_semantic_core_pass_memoria_ssrle_codec	0	1	e3b0c44298fc1c14
logos_02_semantic_core_pass_memoria_ssrle_index	0	0	e3b0c44298fc1c14
logos_02_semantic_core_pass_memoria_ssrle_mut	0	0	e3b0c44298fc1c14
logos_02_semantic_core_pass_memoria_ssrle_ops	0	0	e3b0c44298fc1c14
logos_02_semantic_core_pass_memoria_ssrle_pkd	0	1	e3b0c44298fc1c14
logos_02_semantic_core_pass_memoria_store_branches	0	0	e3b0c44298fc1c14
logos_02_semantic_core_pass_memoria_store_cfg	0	0	e3b0c44298fc1c14
logos_02_semantic_core_pass_memoria_store_io	0	LINK	-
logos_02_semantic_core_pass_memoria_store_many_ctrs	0	0	e3b0c44298fc1c14
logos_02_semantic_core_pass_memoria_store_workflow	0	0	e3b0c44298fc1c14
logos_02_semantic_core_pass_memoria_vec_stdlib_archive_methods	0	0	e3b0c44298fc1c14
logos_02_semantic_core_pass_memstore_smoke	0	0	e3b0c44298fc1c14
logos_02_semantic_core_pass_meta_const_scalar	0	0	e3b0c44298fc1c14
logos_02_semantic_core_pass_meta_dyn_from_code	0	0	e3b0c44298fc1c14
logos_02_semantic_core_pass_meta_handler_defers_trait_query	0	0	7f09341b5fcc63c5
logos_02_semantic_core_pass_meta_handler_trait_query	0	0	411e1e8e97880b53
logos_02_semantic_core_pass_meta_schema_code	0	0	e3b0c44298fc1c14
logos_02_semantic_core_pass_meta_schema_recurse	0	0	e3b0c44298fc1c14
logos_02_semantic_core_pass_meta_splice_call	0	0	e3b0c44298fc1c14
logos_02_semantic_core_pass_meta_trait_query_blind_fnret	0	0	69f727068fbbd50e
logos_02_semantic_core_pass_meta_trait_query_blind_hops	0	0	b487b823f17951e9
logos_02_semantic_core_pass_meta_trait_query_emit_import_view	0	0	e275a514e29b8293
logos_02_semantic_core_pass_meta_trait_query_homonym_trait_name	0	0	d6d8f51decb09e45
logos_02_semantic_core_pass_meta_trait_query_local_trait_resolves	0	0	0143d0be22bfdef4
logos_02_semantic_core_pass_meta_trait_query_without_import	0	0	ad14b456ffb4dfc0
logos_02_semantic_core_pass_meta_traits_basic	0	42	e3b0c44298fc1c14
logos_02_semantic_core_pass_meta_type_hash	0	0	e3b0c44298fc1c14
logos_02_semantic_core_pass_metacall_arith_args	0	42	e3b0c44298fc1c14
logos_02_semantic_core_pass_metacall_basic	0	42	e3b0c44298fc1c14
logos_02_semantic_core_pass_metacall_block_let	0	42	e3b0c44298fc1c14
logos_02_semantic_core_pass_metacall_block_loop	0	42	e3b0c44298fc1c14
logos_02_semantic_core_pass_metacall_block_simple	0	42	e3b0c44298fc1c14
logos_02_semantic_core_pass_metacall_block_uses_const	0	42	e3b0c44298fc1c14
logos_02_semantic_core_pass_metacall_generic	0	42	e3b0c44298fc1c14
logos_02_semantic_core_pass_metacall_item_generic_smoke	0	42	e3b0c44298fc1c14
logos_02_semantic_core_pass_metacall_item_instantiate	0	42	e3b0c44298fc1c14
logos_02_semantic_core_pass_metacall_item_list	0	42	e3b0c44298fc1c14
logos_02_semantic_core_pass_metacall_item_odr_dedup	0	42	e3b0c44298fc1c14
logos_02_semantic_core_pass_metacall_item_smoke	0	42	e3b0c44298fc1c14
logos_02_semantic_core_pass_metacall_item_use_inherit	0	42	e3b0c44298fc1c14
logos_02_semantic_core_pass_metacall_paren_expr	0	42	e3b0c44298fc1c14
logos_02_semantic_core_pass_metacall_writ	0	42	e3b0c44298fc1c14
logos_02_semantic_core_pass_metacall_writ_static	0	42	e3b0c44298fc1c14
logos_02_semantic_core_pass_metaclass_create_ctr	0	42	e3b0c44298fc1c14
logos_02_semantic_core_pass_metaclass_factory_family	0	42	e3b0c44298fc1c14
logos_02_semantic_core_pass_metaclass_generic_alias	0	42	e3b0c44298fc1c14
logos_02_semantic_core_pass_metaclass_identity	0	42	e3b0c44298fc1c14
logos_02_semantic_core_pass_metaclass_pmap_from_module	0	42	e3b0c44298fc1c14
logos_02_semantic_core_pass_metaclass_str_generic	0	42	e3b0c44298fc1c14
logos_02_semantic_core_pass_metaprog_chain_iters	0	42	e3b0c44298fc1c14
logos_02_semantic_core_pass_metaprog_gensym_smoke	0	42	e3b0c44298fc1c14
logos_02_semantic_core_pass_metaprog_type_to_ast	0	42	e3b0c44298fc1c14
logos_02_semantic_core_pass_method-as-fn-pointer-b172	0	0	e3b0c44298fc1c14
logos_02_semantic_core_pass_method-call-in-match-arm-m	0	0	e3b0c44298fc1c14
logos_02_semantic_core_pass_method-call-on-deref	0	0	e3b0c44298fc1c14
logos_02_semantic_core_pass_method-chain-4	0	0	e3b0c44298fc1c14
logos_02_semantic_core_pass_method-chain-builder-b164	0	0	e3b0c44298fc1c14
logos_02_semantic_core_pass_method-chain-builder-m	0	0	e3b0c44298fc1c14
logos_02_semantic_core_pass_method-chain-mut-self	0	0	e3b0c44298fc1c14
logos_02_semantic_core_pass_method-chain-mut-self-out	0	0	e3b0c44298fc1c14
logos_02_semantic_core_pass_method-chain-ref-out	0	0	e3b0c44298fc1c14
logos_02_semantic_core_pass_method-chain-ref-return	0	0	e3b0c44298fc1c14
logos_02_semantic_core_pass_method-default-overridden-m	0	0	e3b0c44298fc1c14
logos_02_semantic_core_pass_method-dyn-trait-object-dispatch-m	0	0	e3b0c44298fc1c14
logos_02_semantic_core_pass_method-generic-arg-infer-m	0	0	e3b0c44298fc1c14
logos_02_semantic_core_pass_method-generic-bound-returns-value-m	0	0	e3b0c44298fc1c14
logos_02_semantic_core_pass_method-generic-default-fwd-b137	0	0	e3b0c44298fc1c14
logos_02_semantic_core_pass_method-generic-receiver-m	0	0	e3b0c44298fc1c14
logos_02_semantic_core_pass_method-multi-arg-m	0	0	e3b0c44298fc1c14
logos_02_semantic_core_pass_method-mut-field-via-self	0	0	e3b0c44298fc1c14
logos_02_semantic_core_pass_method-mut-self-builder-b162	0	0	e3b0c44298fc1c14
logos_02_semantic_core_pass_method-mut-self-st2	0	0	e3b0c44298fc1c14
logos_02_semantic_core_pass_method-on-concrete-option-m	0	0	e3b0c44298fc1c14
logos_02_semantic_core_pass_method-on-impl-with-assoc-type-projection-at	0	0	e3b0c44298fc1c14
logos_02_semantic_core_pass_method-on-prim	0	0	e3b0c44298fc1c14
logos_02_semantic_core_pass_method-on-primitive-trait-m	0	0	e3b0c44298fc1c14
logos_02_semantic_core_pass_method-prim-1	0	0	e3b0c44298fc1c14
logos_02_semantic_core_pass_method-prim-2	0	0	e3b0c44298fc1c14
logos_02_semantic_core_pass_method-prim-3	0	0	e3b0c44298fc1c14
logos_02_semantic_core_pass_method-prim-4	0	0	e3b0c44298fc1c14
logos_02_semantic_core_pass_method-prim-5	0	0	e3b0c44298fc1c14
logos_02_semantic_core_pass_method-projection-b133	0	0	e3b0c44298fc1c14
logos_02_semantic_core_pass_method-recursive-blanket-impl	0	0	e3b0c44298fc1c14
logos_02_semantic_core_pass_method-recursive-blanket-impl-b159	0	0	e3b0c44298fc1c14
logos_02_semantic_core_pass_method-returns-ref-self-field-m	0	0	e3b0c44298fc1c14
logos_02_semantic_core_pass_method-self-arg	0	0	e3b0c44298fc1c14
logos_02_semantic_core_pass_method-self-arg-trait	0	0	e3b0c44298fc1c14
logos_02_semantic_core_pass_method-self-arg-trait-ufcs-b133	0	0	e3b0c44298fc1c14
logos_02_semantic_core_pass_method-self-arg-ufcs-b161	0	0	e3b0c44298fc1c14
logos_02_semantic_core_pass_method-self-arg-ufcs-m	0	0	e3b0c44298fc1c14
logos_02_semantic_core_pass_method-supertrait-call-m	0	0	e3b0c44298fc1c14
logos_02_semantic_core_pass_method-trait-generic-bound-dispatch-m	0	0	e3b0c44298fc1c14
logos_02_semantic_core_pass_method-two-trait-defer-mth4	0	0	e3b0c44298fc1c14
logos_02_semantic_core_pass_method-two-trait-defer-resolution-1	0	0	e3b0c44298fc1c14
logos_02_semantic_core_pass_method-two-trait-defer-resolution-2-m	0	0	e3b0c44298fc1c14
logos_02_semantic_core_pass_method-two-trait-defer-resolution-b159	0	0	e3b0c44298fc1c14
logos_02_semantic_core_pass_method-where-clause	0	0	e3b0c44298fc1c14
logos_02_semantic_core_pass_method-where-clause-b133	0	0	e3b0c44298fc1c14
logos_02_semantic_core_pass_method_generic_fnmut_chain	0	15	e3b0c44298fc1c14
logos_02_semantic_core_pass_method_generic_generic_struct_chain	0	16	e3b0c44298fc1c14
logos_02_semantic_core_pass_method_generic_trait_default_chain	0	42	e3b0c44298fc1c14
logos_02_semantic_core_pass_method_turbofish_uninferable	0	105	e3b0c44298fc1c14
logos_02_semantic_core_pass_method_where_bound_body	0	0	e3b0c44298fc1c14
logos_02_semantic_core_pass_mid-path-type-params	0	0	e3b0c44298fc1c14
logos_02_semantic_core_pass_mid-path-type-params-b157	0	0	e3b0c44298fc1c14
logos_02_semantic_core_pass_mir-adt-construction-b156	0	0	e3b0c44298fc1c14
logos_02_semantic_core_pass_mir-augmented-assignments-b160	0	0	e3b0c44298fc1c14
logos_02_semantic_core_pass_mir-build-match-comparisons-b140	0	0	e3b0c44298fc1c14
logos_02_semantic_core_pass_mir-call-converging-b133	0	0	e3b0c44298fc1c14
logos_02_semantic_core_pass_mir-codegen-array-b150	0	0	e3b0c44298fc1c14
logos_02_semantic_core_pass_mir-codegen-array-b153	0	0	e3b0c44298fc1c14
logos_02_semantic_core_pass_mir-codegen-calls-b143	0	0	e3b0c44298fc1c14
logos_02_semantic_core_pass_mir-codegen-calls-dispatch-b160	0	0	e3b0c44298fc1c14
logos_02_semantic_core_pass_mir-codegen-switchint-b137	0	0	e3b0c44298fc1c14
logos_02_semantic_core_pass_mir-codegen-switchint-b156	0	0	e3b0c44298fc1c14
logos_02_semantic_core_pass_mir-const-prop-identity-b137	0	0	e3b0c44298fc1c14
logos_02_semantic_core_pass_mir-match-arm-guard-b133	0	0	e3b0c44298fc1c14
logos_02_semantic_core_pass_mir-match-arm-guard-b143	0	0	e3b0c44298fc1c14
logos_02_semantic_core_pass_mir-match-range-guards-b161	0	0	e3b0c44298fc1c14
logos_02_semantic_core_pass_mir-misc-casts-b143	0	0	e3b0c44298fc1c14
logos_02_semantic_core_pass_mir-struct-with-assoc-ty-b143	0	0	e3b0c44298fc1c14
logos_02_semantic_core_pass_mir-struct-with-assoc-ty-b153	0	0	e3b0c44298fc1c14
logos_02_semantic_core_pass_mir-temp-promotions-b156	0	0	e3b0c44298fc1c14
logos_02_semantic_core_pass_mir-void-return-while-b137	0	0	e3b0c44298fc1c14
logos_02_semantic_core_pass_mir_ascription_coercion-b142	0	0	e3b0c44298fc1c14
logos_02_semantic_core_pass_mir_cast_fn_ret	0	0	e3b0c44298fc1c14
logos_02_semantic_core_pass_mir_cast_fn_ret-b144	0	0	e3b0c44298fc1c14
logos_02_semantic_core_pass_mir_codegen_array	0	0	e3b0c44298fc1c14
logos_02_semantic_core_pass_mir_codegen_array_2	0	0	e3b0c44298fc1c14
logos_02_semantic_core_pass_mir_codegen_call_converging	0	0	e3b0c44298fc1c14
logos_02_semantic_core_pass_mir_codegen_calls_diverging-b144	0	0	e3b0c44298fc1c14
logos_02_semantic_core_pass_mir_codegen_spike1	0	0	e3b0c44298fc1c14
logos_02_semantic_core_pass_mir_codegen_switch	0	0	e3b0c44298fc1c14
logos_02_semantic_core_pass_mir_codegen_switch-b144	0	0	e3b0c44298fc1c14
logos_02_semantic_core_pass_mir_codegen_switchint	0	0	e3b0c44298fc1c14
logos_02_semantic_core_pass_mir_coercion_casts-b142	0	0	e3b0c44298fc1c14
logos_02_semantic_core_pass_mir_const_prop_identity	0	0	e3b0c44298fc1c14
logos_02_semantic_core_pass_mir_constval_adts	0	0	e3b0c44298fc1c14
logos_02_semantic_core_pass_mir_match_test-b144	0	0	e3b0c44298fc1c14
logos_02_semantic_core_pass_mir_small_agg_arg	0	0	e3b0c44298fc1c14
logos_02_semantic_core_pass_mir_small_agg_arg-b142	0	0	e3b0c44298fc1c14
logos_02_semantic_core_pass_mir_temp_promotions	0	0	e3b0c44298fc1c14
logos_02_semantic_core_pass_mir_temp_promotions-b142	0	0	e3b0c44298fc1c14
logos_02_semantic_core_pass_mir_void_return	0	0	e3b0c44298fc1c14
logos_02_semantic_core_pass_mir_void_return_2	0	0	e3b0c44298fc1c14
logos_02_semantic_core_pass_mir_void_return_2-b142	0	0	e3b0c44298fc1c14
logos_02_semantic_core_pass_mixed-generic-concrete-fields-se	0	0	e3b0c44298fc1c14
logos_02_semantic_core_pass_mixed-width-int-fields-b163	0	0	e3b0c44298fc1c14
logos_02_semantic_core_pass_mlirgen_odr_drop_glue_homonym	0	11	e3b0c44298fc1c14
logos_02_semantic_core_pass_mlirgen_odr_drop_glue_homonym_ctl	0	11	e3b0c44298fc1c14
logos_02_semantic_core_pass_mlirgen_odr_mangle_channels	0	0	eff9e9395e988174
logos_02_semantic_core_pass_mlirgen_odr_mangle_channels_ctl	0	0	eff9e9395e988174
logos_02_semantic_core_pass_mlirgen_odr_match_expr	0	0	3a49a5936275d898
logos_02_semantic_core_pass_mlirgen_odr_match_expr_ctl	0	0	3a49a5936275d898
logos_02_semantic_core_pass_mlirgen_odr_match_stmt	0	0	9e5bcb261b5149b9
logos_02_semantic_core_pass_mlirgen_odr_match_stmt_ctl	0	0	9e5bcb261b5149b9
logos_02_semantic_core_pass_mlirgen_odr_pat_nested	0	0	fa56827a67894a30
logos_02_semantic_core_pass_mlirgen_odr_pat_nested_ctl	0	0	fa56827a67894a30
logos_02_semantic_core_pass_mlirgen_odr_pat_refutable	0	0	431e62fe0c0a4b34
logos_02_semantic_core_pass_mlirgen_odr_pat_refutable_ctl	0	0	431e62fe0c0a4b34
logos_02_semantic_core_pass_mlirgen_odr_tuple_field	0	0	920f54c5f096926b
logos_02_semantic_core_pass_mlirgen_odr_tuple_field_ctl	0	0	920f54c5f096926b
logos_02_semantic_core_pass_mlirgen_odr_vec_datumcol	0	0	e06ba7a488fcb63d
logos_02_semantic_core_pass_mlirgen_odr_vec_datumcol_ctl	0	0	e06ba7a488fcb63d
logos_02_semantic_core_pass_mlirgen_odr_vec_header	0	0	e06ba7a488fcb63d
logos_02_semantic_core_pass_mlirgen_odr_vec_header_ctl	0	0	e06ba7a488fcb63d
logos_02_semantic_core_pass_mlirgen_odr_vec_stride	0	0	c83925facaab1ae5
logos_02_semantic_core_pass_mlirgen_odr_vec_stride_ctl	0	0	c83925facaab1ae5
logos_02_semantic_core_pass_module-qualified-destructure-b137	0	0	e3b0c44298fc1c14
logos_02_semantic_core_pass_mono_blanket_output_param_via_bound	0	0	e3b0c44298fc1c14
logos_02_semantic_core_pass_mono_ptr_arith_operand_demand	0	42	e3b0c44298fc1c14
logos_02_semantic_core_pass_mono_trap_stub_final_round_ctl	0	0	efe72491e50f0c2e
logos_02_semantic_core_pass_monomorphized-callees-with-ty-params-3314-b143	0	0	e3b0c44298fc1c14
logos_02_semantic_core_pass_move-2	0	0	e3b0c44298fc1c14
logos_02_semantic_core_pass_move-3-conditional-b159	0	0	e3b0c44298fc1c14
logos_02_semantic_core_pass_move-3-unique	0	0	e3b0c44298fc1c14
logos_02_semantic_core_pass_move-3-unique-b153	0	0	e3b0c44298fc1c14
logos_02_semantic_core_pass_move-4	0	0	e3b0c44298fc1c14
logos_02_semantic_core_pass_move-4-b142	0	0	e3b0c44298fc1c14
logos_02_semantic_core_pass_move-after-borrow-dead	0	0	e3b0c44298fc1c14
logos_02_semantic_core_pass_move-arg	0	0	e3b0c44298fc1c14
logos_02_semantic_core_pass_move-arg-2-b153	0	0	e3b0c44298fc1c14
logos_02_semantic_core_pass_move-cond-select-b163	0	0	e3b0c44298fc1c14
logos_02_semantic_core_pass_move-copy-primitive	0	0	e3b0c44298fc1c14
logos_02_semantic_core_pass_move-in-loop-reinit-it	0	0	e3b0c44298fc1c14
logos_02_semantic_core_pass_move-into-fn-then-fresh	0	0	e3b0c44298fc1c14
logos_02_semantic_core_pass_move-nullary-fn	0	0	e3b0c44298fc1c14
logos_02_semantic_core_pass_move-nullary-fn-b153	0	0	e3b0c44298fc1c14
logos_02_semantic_core_pass_move-out-of-field	0	0	e3b0c44298fc1c14
logos_02_semantic_core_pass_move-out-of-field-b144	0	0	e3b0c44298fc1c14
logos_02_semantic_core_pass_move-out-of-fn-b164	0	0	e3b0c44298fc1c14
logos_02_semantic_core_pass_move-return-binding	0	0	e3b0c44298fc1c14
logos_02_semantic_core_pass_move-self	0	0	e3b0c44298fc1c14
logos_02_semantic_core_pass_move-self-b135	0	0	e3b0c44298fc1c14
logos_02_semantic_core_pass_move-self-b141	0	0	e3b0c44298fc1c14
logos_02_semantic_core_pass_move-self-b155	0	0	e3b0c44298fc1c14
logos_02_semantic_core_pass_move-self-slf4	0	0	e3b0c44298fc1c14
logos_02_semantic_core_pass_move-then-reinit-bc	0	0	e3b0c44298fc1c14
logos_02_semantic_core_pass_mul-div-prec	0	0	e3b0c44298fc1c14
logos_02_semantic_core_pass_mul-rhs-visitor-3743-b146	0	0	e3b0c44298fc1c14
logos_02_semantic_core_pass_multi-arg-gen	0	0	e3b0c44298fc1c14
logos_02_semantic_core_pass_multi-bound-where	0	0	e3b0c44298fc1c14
logos_02_semantic_core_pass_multi-impl-block	0	0	e3b0c44298fc1c14
logos_02_semantic_core_pass_multi-let	0	0	e3b0c44298fc1c14
logos_02_semantic_core_pass_multi-let-b157	0	0	e3b0c44298fc1c14
logos_02_semantic_core_pass_multi-rhs-eq-b149	0	0	e3b0c44298fc1c14
logos_02_semantic_core_pass_multi-trait-bound	0	0	e3b0c44298fc1c14
logos_02_semantic_core_pass_multi-typaram-trait-tr2	0	0	e3b0c44298fc1c14
logos_02_semantic_core_pass_multi-typaram-trait-tuple-ret-tr3	0	0	e3b0c44298fc1c14
logos_02_semantic_core_pass_multi-type-outlives	0	0	e3b0c44298fc1c14
logos_02_semantic_core_pass_multi-type-param-pair-g2	0	0	e3b0c44298fc1c14
logos_02_semantic_core_pass_multi_return	0	42	e3b0c44298fc1c14
logos_02_semantic_core_pass_multi_return_edge	0	42	e3b0c44298fc1c14
logos_02_semantic_core_pass_multi_trait	0	42	e3b0c44298fc1c14
logos_02_semantic_core_pass_multidim-array-3d-write-b166	0	0	e3b0c44298fc1c14
logos_02_semantic_core_pass_multidim-array-av	0	0	e3b0c44298fc1c14
logos_02_semantic_core_pass_multidispatch-conditional-impl-tr2	0	0	e3b0c44298fc1c14
logos_02_semantic_core_pass_multidispatch-convert-target-tr3	0	0	e3b0c44298fc1c14
logos_02_semantic_core_pass_multidispatch1-b157	0	0	e3b0c44298fc1c14
logos_02_semantic_core_pass_multidispatch2-b143	0	0	e3b0c44298fc1c14
logos_02_semantic_core_pass_multiline-comments-basic	0	0	e3b0c44298fc1c14
logos_02_semantic_core_pass_multiparam_trait_dispatch_assoc_proj	0	2	e3b0c44298fc1c14
logos_02_semantic_core_pass_multiparam_trait_dispatch_by_argtype	0	110	e3b0c44298fc1c14
logos_02_semantic_core_pass_multiple-inheritors-tr2	0	0	e3b0c44298fc1c14
logos_02_semantic_core_pass_multiple-refutable-patterns-13867	0	0	e3b0c44298fc1c14
logos_02_semantic_core_pass_multiple-refutable-patterns-13867-b145	0	0	e3b0c44298fc1c14
logos_02_semantic_core_pass_mut-array-element-write-av	0	0	e3b0c44298fc1c14
logos_02_semantic_core_pass_mut-array-in-place-b164	0	0	e3b0c44298fc1c14
logos_02_semantic_core_pass_mut-binding-after-shared	0	0	e3b0c44298fc1c14
logos_02_semantic_core_pass_mut-binding-loop-rebind	0	0	e3b0c44298fc1c14
logos_02_semantic_core_pass_mut-binding-method-mut-self	0	0	e3b0c44298fc1c14
logos_02_semantic_core_pass_mut-binding-pat	0	0	e3b0c44298fc1c14
logos_02_semantic_core_pass_mut-binding-shadow-immut	0	0	e3b0c44298fc1c14
logos_02_semantic_core_pass_mut-binding-struct	0	0	e3b0c44298fc1c14
logos_02_semantic_core_pass_mut-borrow-modify-lt	0	0	e3b0c44298fc1c14
logos_02_semantic_core_pass_mut-chain-long	0	0	e3b0c44298fc1c14
logos_02_semantic_core_pass_mut-default-method-via-supertrait-3979-tr3	0	0	e3b0c44298fc1c14
logos_02_semantic_core_pass_mut-fn-1	0	0	e3b0c44298fc1c14
logos_02_semantic_core_pass_mut-fn-2	0	0	e3b0c44298fc1c14
logos_02_semantic_core_pass_mut-fn-3	0	0	e3b0c44298fc1c14
logos_02_semantic_core_pass_mut-fn-4	0	0	e3b0c44298fc1c14
logos_02_semantic_core_pass_mut-fn-5	0	0	e3b0c44298fc1c14
logos_02_semantic_core_pass_mut-in-ident-patterns	0	0	e3b0c44298fc1c14
logos_02_semantic_core_pass_mut-in-imm-is-freezable-bc	0	0	e3b0c44298fc1c14
logos_02_semantic_core_pass_mut-method-chain-builder	0	0	e3b0c44298fc1c14
logos_02_semantic_core_pass_mut-method-gen	0	0	e3b0c44298fc1c14
logos_02_semantic_core_pass_mut-method-via-field	0	0	e3b0c44298fc1c14
logos_02_semantic_core_pass_mut-method-with-args	0	0	e3b0c44298fc1c14
logos_02_semantic_core_pass_mut-ref-nested	0	0	e3b0c44298fc1c14
logos_02_semantic_core_pass_mut-ref-sequential-b163	0	0	e3b0c44298fc1c14
logos_02_semantic_core_pass_mut-self-method-lt	0	0	e3b0c44298fc1c14
logos_02_semantic_core_pass_mut-self-ret-ref	0	0	e3b0c44298fc1c14
logos_02_semantic_core_pass_mut-self-write	0	0	e3b0c44298fc1c14
logos_02_semantic_core_pass_mut-vstore-expr	0	0	e3b0c44298fc1c14
logos_02_semantic_core_pass_mutability-inherits-through-fixed-length-vec	0	0	e3b0c44298fc1c14
logos_02_semantic_core_pass_mutability-through-fixed-vec-b161	0	0	e3b0c44298fc1c14
logos_02_semantic_core_pass_mutable-alias-vec	0	0	e3b0c44298fc1c14
logos_02_semantic_core_pass_mutable-alias-vec-av	0	0	e3b0c44298fc1c14
logos_02_semantic_core_pass_mutable-class-fields-b163	0	0	e3b0c44298fc1c14
logos_02_semantic_core_pass_mutable-unit-struct-borrow-11267	0	0	e3b0c44298fc1c14
logos_02_semantic_core_pass_mutref_lit	0	0	e3b0c44298fc1c14
logos_02_semantic_core_pass_mutref_method_cmp	0	0	e3b0c44298fc1c14
logos_02_semantic_core_pass_mutual-recursion	0	0	e3b0c44298fc1c14
logos_02_semantic_core_pass_mutual-recursion-even-odd-b162	0	0	e3b0c44298fc1c14
logos_02_semantic_core_pass_mutual-recursion-fn2	0	0	e3b0c44298fc1c14
logos_02_semantic_core_pass_mutually-recursive-types-b146	0	0	e3b0c44298fc1c14
logos_02_semantic_core_pass_mutually-recursive-types-b156	0	0	e3b0c44298fc1c14
logos_02_semantic_core_pass_namespaced-enums-or-pattern	0	0	e3b0c44298fc1c14
logos_02_semantic_core_pass_negation	0	0	e3b0c44298fc1c14
logos_02_semantic_core_pass_negative-discriminant-en	0	0	e3b0c44298fc1c14
logos_02_semantic_core_pass_negative-literal-pat	0	0	e3b0c44298fc1c14
logos_02_semantic_core_pass_nested-binding-deep-b167	0	0	e3b0c44298fc1c14
logos_02_semantic_core_pass_nested-bindingless-deep-b167	0	0	e3b0c44298fc1c14
logos_02_semantic_core_pass_nested-block-comments	0	0	e3b0c44298fc1c14
logos_02_semantic_core_pass_nested-bool-array-av	0	0	e3b0c44298fc1c14
logos_02_semantic_core_pass_nested-by-ref-b167	0	0	e3b0c44298fc1c14
logos_02_semantic_core_pass_nested-closure-call	0	0	e3b0c44298fc1c14
logos_02_semantic_core_pass_nested-closure-call-b141	0	0	e3b0c44298fc1c14
logos_02_semantic_core_pass_nested-closure-capture-b166	0	0	e3b0c44298fc1c14
logos_02_semantic_core_pass_nested-enum-arg-pin-b166	0	0	e3b0c44298fc1c14
logos_02_semantic_core_pass_nested-enum-match-6449-b146	0	0	e3b0c44298fc1c14
logos_02_semantic_core_pass_nested-enum-payload-b139	0	0	e3b0c44298fc1c14
logos_02_semantic_core_pass_nested-enum-payload-patterns-k4-b166	0	0	e3b0c44298fc1c14
logos_02_semantic_core_pass_nested-exhaustive-match-b150	0	0	e3b0c44298fc1c14
logos_02_semantic_core_pass_nested-field-borrow-lt	0	0	e3b0c44298fc1c14
logos_02_semantic_core_pass_nested-fn-gap	0	0	e3b0c44298fc1c14
logos_02_semantic_core_pass_nested-for-range-itx	0	0	e3b0c44298fc1c14
logos_02_semantic_core_pass_nested-function-names-8587-b146	0	0	e3b0c44298fc1c14
logos_02_semantic_core_pass_nested-function-names-issue-8587	0	0	e3b0c44298fc1c14
logos_02_semantic_core_pass_nested-generic-call	0	0	e3b0c44298fc1c14
logos_02_semantic_core_pass_nested-generic-struct-b166	0	0	e3b0c44298fc1c14
logos_02_semantic_core_pass_nested-generic-struct-g2	0	0	e3b0c44298fc1c14
logos_02_semantic_core_pass_nested-index	0	0	e3b0c44298fc1c14
logos_02_semantic_core_pass_nested-index-b137	0	0	e3b0c44298fc1c14
logos_02_semantic_core_pass_nested-index-b150	0	0	e3b0c44298fc1c14
logos_02_semantic_core_pass_nested-index-b157	0	0	e3b0c44298fc1c14
logos_02_semantic_core_pass_nested-index-b161	0	0	e3b0c44298fc1c14
logos_02_semantic_core_pass_nested-labeled-loops-2216-b145	0	0	e3b0c44298fc1c14
logos_02_semantic_core_pass_nested-loop-break-unit	0	0	e3b0c44298fc1c14
logos_02_semantic_core_pass_nested-loop-break-unit-flw4	0	0	e3b0c44298fc1c14
logos_02_semantic_core_pass_nested-loop-continue-it	0	0	e3b0c44298fc1c14
logos_02_semantic_core_pass_nested-loops-1	0	0	e3b0c44298fc1c14
logos_02_semantic_core_pass_nested-loops-10	0	0	e3b0c44298fc1c14
logos_02_semantic_core_pass_nested-loops-2	0	0	e3b0c44298fc1c14
logos_02_semantic_core_pass_nested-loops-3	0	0	e3b0c44298fc1c14
logos_02_semantic_core_pass_nested-loops-4	0	0	e3b0c44298fc1c14
logos_02_semantic_core_pass_nested-loops-5	0	0	e3b0c44298fc1c14
logos_02_semantic_core_pass_nested-loops-6	0	0	e3b0c44298fc1c14
logos_02_semantic_core_pass_nested-loops-7	0	0	e3b0c44298fc1c14
logos_02_semantic_core_pass_nested-loops-8	0	0	e3b0c44298fc1c14
logos_02_semantic_core_pass_nested-loops-9	0	0	e3b0c44298fc1c14
logos_02_semantic_core_pass_nested-match-borrowed-payload-m2	0	0	e3b0c44298fc1c14
logos_02_semantic_core_pass_nested-match-return-bnever	0	0	e3b0c44298fc1c14
logos_02_semantic_core_pass_nested-matchs	0	0	e3b0c44298fc1c14
logos_02_semantic_core_pass_nested-matchs-b157	0	0	e3b0c44298fc1c14
logos_02_semantic_core_pass_nested-pattern	0	0	e3b0c44298fc1c14
logos_02_semantic_core_pass_nested-pattern-b152	0	0	e3b0c44298fc1c14
logos_02_semantic_core_pass_nested-patterns-at-b150	0	0	e3b0c44298fc1c14
logos_02_semantic_core_pass_nested-ref-mut-match-bc	0	0	e3b0c44298fc1c14
logos_02_semantic_core_pass_nested-ref-struct	0	0	e3b0c44298fc1c14
logos_02_semantic_core_pass_nested-struct-destr	0	0	e3b0c44298fc1c14
logos_02_semantic_core_pass_nested-struct-destructure-pat	0	0	e3b0c44298fc1c14
logos_02_semantic_core_pass_nested-struct-destructure-st2	0	0	e3b0c44298fc1c14
logos_02_semantic_core_pass_nested-struct-field-mut-b163	0	0	e3b0c44298fc1c14
logos_02_semantic_core_pass_nested-tuple-destructure-b166	0	0	e3b0c44298fc1c14
logos_02_semantic_core_pass_nested-tuple-in-variant-payload-b170	90	-	-
logos_02_semantic_core_pass_nested-tuple-let-bn2	0	0	e3b0c44298fc1c14
logos_02_semantic_core_pass_nested-variant-str-pattern-b172	0	0	e3b0c44298fc1c14
logos_02_semantic_core_pass_nested_array_2d	0	42	e3b0c44298fc1c14
logos_02_semantic_core_pass_nested_block_comment	0	42	e3b0c44298fc1c14
logos_02_semantic_core_pass_nested_enum_hint	0	0	e3b0c44298fc1c14
logos_02_semantic_core_pass_nested_enum_payload_pattern	0	0	e3b0c44298fc1c14
logos_02_semantic_core_pass_nested_generic	0	42	e3b0c44298fc1c14
logos_02_semantic_core_pass_nested_tuple	0	42	e3b0c44298fc1c14
logos_02_semantic_core_pass_nested_tuple_destructure_let	0	0	e3b0c44298fc1c14
logos_02_semantic_core_pass_nested_typevar_struct_infer	0	0	e3b0c44298fc1c14
logos_02_semantic_core_pass_nested_variant_pattern	0	0	e3b0c44298fc1c14
logos_02_semantic_core_pass_never-coercions-match-bnever	0	0	e3b0c44298fc1c14
logos_02_semantic_core_pass_never-type-decl-bnever	0	0	e3b0c44298fc1c14
logos_02_semantic_core_pass_never_type_bool_operand	0	0	e3b0c44298fc1c14
logos_02_semantic_core_pass_never_type_diverging_fn	0	0	e3b0c44298fc1c14
logos_02_semantic_core_pass_never_type_full	0	0	e3b0c44298fc1c14
logos_02_semantic_core_pass_never_type_generic_arg	0	0	e3b0c44298fc1c14
logos_02_semantic_core_pass_never_type_if_branch	0	0	e3b0c44298fc1c14
logos_02_semantic_core_pass_never_type_panic_value	0	0	e3b0c44298fc1c14
logos_02_semantic_core_pass_new-style-fixed-length-vec	0	0	e3b0c44298fc1c14
logos_02_semantic_core_pass_newlambdas-ret-infer	0	0	e3b0c44298fc1c14
logos_02_semantic_core_pass_newtype-fnptr-field-st2	0	0	e3b0c44298fc1c14
logos_02_semantic_core_pass_newtype-struct-drop-run	0	0	e3b0c44298fc1c14
logos_02_semantic_core_pass_newtype-struct-with-dtor	0	0	e3b0c44298fc1c14
logos_02_semantic_core_pass_newtype-with-generics-b157	0	0	e3b0c44298fc1c14
logos_02_semantic_core_pass_newtype-with-generics-g2	0	0	e3b0c44298fc1c14
logos_02_semantic_core_pass_niche_low_bit	0	0	e3b0c44298fc1c14
logos_02_semantic_core_pass_nil-pattern	0	0	e3b0c44298fc1c14
logos_02_semantic_core_pass_nll-borrow-after-fn-arg	0	0	e3b0c44298fc1c14
logos_02_semantic_core_pass_nll-borrow-after-mut-ends	0	0	e3b0c44298fc1c14
logos_02_semantic_core_pass_nll-borrow-after-while	0	0	e3b0c44298fc1c14
logos_02_semantic_core_pass_nll-borrow-and-return	0	0	e3b0c44298fc1c14
logos_02_semantic_core_pass_nll-borrow-as-arg-many	0	0	e3b0c44298fc1c14
logos_02_semantic_core_pass_nll-borrow-as-fn-arg-released	0	0	e3b0c44298fc1c14
logos_02_semantic_core_pass_nll-borrow-before-return	0	0	e3b0c44298fc1c14
logos_02_semantic_core_pass_nll-borrow-each-arm	0	0	e3b0c44298fc1c14
logos_02_semantic_core_pass_nll-borrow-in-cond	0	0	e3b0c44298fc1c14
logos_02_semantic_core_pass_nll-borrow-in-nested-block	0	0	e3b0c44298fc1c14
logos_02_semantic_core_pass_nll-borrow-merge-arms	0	0	e3b0c44298fc1c14
logos_02_semantic_core_pass_nll-borrow-of-different-vars	0	0	e3b0c44298fc1c14
logos_02_semantic_core_pass_nll-borrow-of-field-disjoint	0	0	e3b0c44298fc1c14
logos_02_semantic_core_pass_nll-borrow-returned-early	0	0	e3b0c44298fc1c14
logos_02_semantic_core_pass_nll-borrow-then-assign-different-var	0	0	e3b0c44298fc1c14
logos_02_semantic_core_pass_nll-borrow-then-conditional-mut	0	0	e3b0c44298fc1c14
logos_02_semantic_core_pass_nll-borrow-then-discard	0	0	e3b0c44298fc1c14
logos_02_semantic_core_pass_nll-borrow-then-move-other	0	0	e3b0c44298fc1c14
logos_02_semantic_core_pass_nll-deep-nested-borrow	0	0	e3b0c44298fc1c14
logos_02_semantic_core_pass_nll-disjoint-arm-borrows	0	0	e3b0c44298fc1c14
logos_02_semantic_core_pass_nll-disjoint-fields	0	0	e3b0c44298fc1c14
logos_02_semantic_core_pass_nll-disjoint-shared	0	0	e3b0c44298fc1c14
logos_02_semantic_core_pass_nll-early-end-borrow-bc	0	0	e3b0c44298fc1c14
logos_02_semantic_core_pass_nll-fn-takes-shared-then-uses	0	0	e3b0c44298fc1c14
logos_02_semantic_core_pass_nll-int-reassign	0	0	e3b0c44298fc1c14
logos_02_semantic_core_pass_nll-loop-borrow-each-then-after	0	0	e3b0c44298fc1c14
logos_02_semantic_core_pass_nll-loop-borrow-then-loop-again	0	0	e3b0c44298fc1c14
logos_02_semantic_core_pass_nll-loop-borrow-then-reborrow	0	0	e3b0c44298fc1c14
logos_02_semantic_core_pass_nll-loop-mut-each-iter	0	0	e3b0c44298fc1c14
logos_02_semantic_core_pass_nll-match-disjoint-arms	0	0	e3b0c44298fc1c14
logos_02_semantic_core_pass_nll-mut-after-shared-dead	0	0	e3b0c44298fc1c14
logos_02_semantic_core_pass_nll-mut-then-mut-sequential	0	0	e3b0c44298fc1c14
logos_02_semantic_core_pass_nll-mut-then-shared-after-write	0	0	e3b0c44298fc1c14
logos_02_semantic_core_pass_nll-mut-then-shared-disjoint	0	0	e3b0c44298fc1c14
logos_02_semantic_core_pass_nll-nested-mut-then-shared	0	0	e3b0c44298fc1c14
logos_02_semantic_core_pass_nll-shared-after-loop	0	0	e3b0c44298fc1c14
logos_02_semantic_core_pass_nll-shared-after-mut-released	0	0	e3b0c44298fc1c14
logos_02_semantic_core_pass_nll-shared-and-mut-disjoint	0	0	e3b0c44298fc1c14
logos_02_semantic_core_pass_nll-shared-borrow-then-move-other	0	0	e3b0c44298fc1c14
logos_02_semantic_core_pass_nll-shared-borrow-through-call	0	0	e3b0c44298fc1c14
logos_02_semantic_core_pass_nll-shared-conditional	0	0	e3b0c44298fc1c14
logos_02_semantic_core_pass_nll-shared-dies-mut-allowed	0	0	e3b0c44298fc1c14
logos_02_semantic_core_pass_nll-shared-many	0	0	e3b0c44298fc1c14
logos_02_semantic_core_pass_nll-shared-of-multiple-vars	0	0	e3b0c44298fc1c14
logos_02_semantic_core_pass_nll-shared-then-mut-after-if	0	0	e3b0c44298fc1c14
logos_02_semantic_core_pass_nll-shared-then-mut-after-return	0	0	e3b0c44298fc1c14
logos_02_semantic_core_pass_nll-shared-then-shared-in-loop	0	0	e3b0c44298fc1c14
logos_02_semantic_core_pass_nll-shorten-mut-borrow	0	0	e3b0c44298fc1c14
logos_02_semantic_core_pass_nll-shorten-via-cond	0	0	e3b0c44298fc1c14
logos_02_semantic_core_pass_nll-three-disjoint-borrows	0	0	e3b0c44298fc1c14
logos_02_semantic_core_pass_nll-two-shared-borrows	0	0	e3b0c44298fc1c14
logos_02_semantic_core_pass_nll_borrow_not_used_after_scope	0	0	e3b0c44298fc1c14
logos_02_semantic_core_pass_nll_call_ref_in_scope	0	0	e3b0c44298fc1c14
logos_02_semantic_core_pass_nll_field_write_in_scope	0	0	e3b0c44298fc1c14
logos_02_semantic_core_pass_nll_mut_then_shared	0	0	e3b0c44298fc1c14
logos_02_semantic_core_pass_nll_region_reborrow	0	0	e3b0c44298fc1c14
logos_02_semantic_core_pass_nll_vec_ref_in_scope	0	0	e3b0c44298fc1c14
logos_02_semantic_core_pass_no-capture-closure-call	0	0	e3b0c44298fc1c14
logos_02_semantic_core_pass_no-capture-closure-call-b141	0	0	e3b0c44298fc1c14
logos_02_semantic_core_pass_no-drop-flag-size-b154	0	0	e3b0c44298fc1c14
logos_02_semantic_core_pass_no-mut-lint-for-desugared-mut-b154	0	0	e3b0c44298fc1c14
logos_02_semantic_core_pass_no-trait-method-issue-40473	0	0	e3b0c44298fc1c14
logos_02_semantic_core_pass_no_auto_drop_container	0	0	ffa9b9939380ec4f
logos_02_semantic_core_pass_no_auto_drop_container_ctl	0	0	556918810dd00af5
logos_02_semantic_core_pass_no_auto_drop_sibling	0	0	3746a9b701e5bafb
logos_02_semantic_core_pass_no_auto_drop_sibling_ctl	0	0	c6e5448ea52a7857
logos_02_semantic_core_pass_nonzero-enum	0	0	e3b0c44298fc1c14
logos_02_semantic_core_pass_nonzero_aliases	0	0	e3b0c44298fc1c14
logos_02_semantic_core_pass_nonzero_basic	0	0	e3b0c44298fc1c14
logos_02_semantic_core_pass_nul-char-equivalence-b160	0	0	e3b0c44298fc1c14
logos_02_semantic_core_pass_nullary-or-pattern	0	0	e3b0c44298fc1c14
logos_02_semantic_core_pass_num_error_kinds	0	0	e3b0c44298fc1c14
logos_02_semantic_core_pass_num_float_from_str	0	0	e3b0c44298fc1c14
logos_02_semantic_core_pass_num_newtypes	0	0	e3b0c44298fc1c14
logos_02_semantic_core_pass_num_parse	0	0	e3b0c44298fc1c14
logos_02_semantic_core_pass_numeric-cast-chains-b163	0	0	e3b0c44298fc1c14
logos_02_semantic_core_pass_numeric-fields	0	0	e3b0c44298fc1c14
logos_02_semantic_core_pass_numeric-fields-b157	0	0	e3b0c44298fc1c14
logos_02_semantic_core_pass_numeric-fields-named-st2	0	0	e3b0c44298fc1c14
logos_02_semantic_core_pass_object-method-numbering-b156	0	0	e3b0c44298fc1c14
logos_02_semantic_core_pass_objects-owned-object-owned-method	0	0	e3b0c44298fc1c14
logos_02_semantic_core_pass_offset_of_basic	0	0	e3b0c44298fc1c14
logos_02_semantic_core_pass_old-closure-arg	0	0	e3b0c44298fc1c14
logos_02_semantic_core_pass_old-closure-arg-call-as	0	0	e3b0c44298fc1c14
logos_02_semantic_core_pass_old-closure-explicit-types	0	0	e3b0c44298fc1c14
logos_02_semantic_core_pass_old-closure-expr-precedence	0	0	e3b0c44298fc1c14
logos_02_semantic_core_pass_old-closure-fn-coerce	0	0	e3b0c44298fc1c14
logos_02_semantic_core_pass_old-closure-iter-1	0	0	e3b0c44298fc1c14
logos_02_semantic_core_pass_old-closure-iter-nested-fnmut-b158	0	0	e3b0c44298fc1c14
logos_02_semantic_core_pass_once-move-out-on-heap	0	0	e3b0c44298fc1c14
logos_02_semantic_core_pass_oncecell_basic	0	42	e3b0c44298fc1c14
logos_02_semantic_core_pass_one-tuple-b152	0	0	e3b0c44298fc1c14
logos_02_semantic_core_pass_one_tuple_pattern	0	0	e3b0c44298fc1c14
logos_02_semantic_core_pass_op_assign_user_dispatch	0	42	e3b0c44298fc1c14
logos_02_semantic_core_pass_op_div	0	42	e3b0c44298fc1c14
logos_02_semantic_core_pass_op_generic_add	0	42	e3b0c44298fc1c14
logos_02_semantic_core_pass_op_overload	0	42	e3b0c44298fc1c14
logos_02_semantic_core_pass_op_rem	0	42	e3b0c44298fc1c14
logos_02_semantic_core_pass_op_sub_mul	0	42	e3b0c44298fc1c14
logos_02_semantic_core_pass_operator-associativity	0	0	e3b0c44298fc1c14
logos_02_semantic_core_pass_operator-mul-rem-div-b133	0	0	e3b0c44298fc1c14
logos_02_semantic_core_pass_operator-multi-trait-b162	0	0	e3b0c44298fc1c14
logos_02_semantic_core_pass_operator-multidispatch	0	0	e3b0c44298fc1c14
logos_02_semantic_core_pass_operator-neg-impl-tr2	0	0	e3b0c44298fc1c14
logos_02_semantic_core_pass_operator-overloading-b133	0	0	e3b0c44298fc1c14
logos_02_semantic_core_pass_operator-overloading-b159	0	0	e3b0c44298fc1c14
logos_02_semantic_core_pass_operator-precedence-braces-exprs	0	0	e3b0c44298fc1c14
logos_02_semantic_core_pass_operator_not_impl	0	0	e3b0c44298fc1c14
logos_02_semantic_core_pass_ops-add-overload-b164	0	0	e3b0c44298fc1c14
logos_02_semantic_core_pass_ops-add-overload-vec-b165	0	0	e3b0c44298fc1c14
logos_02_semantic_core_pass_ops-index-overload-b165	0	0	e3b0c44298fc1c14
logos_02_semantic_core_pass_opt-and-or	0	0	e3b0c44298fc1c14
logos_02_semantic_core_pass_opt-and-then-or	0	0	e3b0c44298fc1c14
logos_02_semantic_core_pass_opt-chain-1	0	0	e3b0c44298fc1c14
logos_02_semantic_core_pass_opt-chain-10	0	0	e3b0c44298fc1c14
logos_02_semantic_core_pass_opt-chain-2	0	0	e3b0c44298fc1c14
logos_02_semantic_core_pass_opt-chain-3	0	0	e3b0c44298fc1c14
logos_02_semantic_core_pass_opt-chain-4	0	0	e3b0c44298fc1c14
logos_02_semantic_core_pass_opt-chain-5	0	0	e3b0c44298fc1c14
logos_02_semantic_core_pass_opt-chain-6	0	0	e3b0c44298fc1c14
logos_02_semantic_core_pass_opt-chain-7	0	0	e3b0c44298fc1c14
logos_02_semantic_core_pass_opt-chain-8	0	0	e3b0c44298fc1c14
logos_02_semantic_core_pass_opt-chain-9	0	0	e3b0c44298fc1c14
logos_02_semantic_core_pass_opt-filter-or	0	0	e3b0c44298fc1c14
logos_02_semantic_core_pass_opt-flatten-or	0	0	e3b0c44298fc1c14
logos_02_semantic_core_pass_opt-i32-some	0	0	e3b0c44298fc1c14
logos_02_semantic_core_pass_opt-i64-some	0	0	e3b0c44298fc1c14
logos_02_semantic_core_pass_opt-if-let-or	0	0	e3b0c44298fc1c14
logos_02_semantic_core_pass_opt-map-1	0	0	e3b0c44298fc1c14
logos_02_semantic_core_pass_opt-map-10	0	0	e3b0c44298fc1c14
logos_02_semantic_core_pass_opt-map-2	0	0	e3b0c44298fc1c14
logos_02_semantic_core_pass_opt-map-3	0	0	e3b0c44298fc1c14
logos_02_semantic_core_pass_opt-map-4	0	0	e3b0c44298fc1c14
logos_02_semantic_core_pass_opt-map-5	0	0	e3b0c44298fc1c14
logos_02_semantic_core_pass_opt-map-6	0	0	e3b0c44298fc1c14
logos_02_semantic_core_pass_opt-map-7	0	0	e3b0c44298fc1c14
logos_02_semantic_core_pass_opt-map-8	0	0	e3b0c44298fc1c14
logos_02_semantic_core_pass_opt-map-9	0	0	e3b0c44298fc1c14
logos_02_semantic_core_pass_opt-map-chain-unwrap-or	0	0	e3b0c44298fc1c14
logos_02_semantic_core_pass_opt-map-or-else-or	0	0	e3b0c44298fc1c14
logos_02_semantic_core_pass_opt-map-or-or	0	0	e3b0c44298fc1c14
logos_02_semantic_core_pass_opt-nested-bind-gap	0	0	e3b0c44298fc1c14
logos_02_semantic_core_pass_opt-of-ref	0	0	e3b0c44298fc1c14
logos_02_semantic_core_pass_opt-ok-or-or	0	0	e3b0c44298fc1c14
logos_02_semantic_core_pass_opt-or-else-or	0	0	e3b0c44298fc1c14
logos_02_semantic_core_pass_opt-take-or	0	0	e3b0c44298fc1c14
logos_02_semantic_core_pass_opt-u8-some	0	0	e3b0c44298fc1c14
logos_02_semantic_core_pass_opt-unwrap-or-else-or	0	0	e3b0c44298fc1c14
logos_02_semantic_core_pass_opt-while-let-or	0	0	e3b0c44298fc1c14
logos_02_semantic_core_pass_opt_chain	0	42	e3b0c44298fc1c14
logos_02_semantic_core_pass_option-box-dyn-dispatch-b168	0	25	e3b0c44298fc1c14
logos_02_semantic_core_pass_option-combinators-b164	0	0	e3b0c44298fc1c14
logos_02_semantic_core_pass_option-match-mapsum-b163	0	0	e3b0c44298fc1c14
logos_02_semantic_core_pass_option-question-mark-b165	0	0	e3b0c44298fc1c14
logos_02_semantic_core_pass_option-reassign-none-then-match-b170	0	0	e3b0c44298fc1c14
logos_02_semantic_core_pass_option_as_ref_as_mut	0	0	e3b0c44298fc1c14
logos_02_semantic_core_pass_option_box	0	0	e3b0c44298fc1c14
logos_02_semantic_core_pass_option_flatten	0	0	e3b0c44298fc1c14
logos_02_semantic_core_pass_option_ptr_wrapper_niche	0	0	06fd9aa66f4facf1
logos_02_semantic_core_pass_option_ref_assign	0	0	e3b0c44298fc1c14
logos_02_semantic_core_pass_option_ref_method	0	0	e3b0c44298fc1c14
logos_02_semantic_core_pass_option_result_inherent	0	0	e3b0c44298fc1c14
logos_02_semantic_core_pass_option_result_method_surface	0	0	e3b0c44298fc1c14
logos_02_semantic_core_pass_option_str_payload	0	0	e3b0c44298fc1c14
logos_02_semantic_core_pass_option_take_replace	0	0	e3b0c44298fc1c14
logos_02_semantic_core_pass_option_unit_payload	0	0	e3b0c44298fc1c14
logos_02_semantic_core_pass_option_xor	0	0	e3b0c44298fc1c14
logos_02_semantic_core_pass_optional_comma_in_match_arm	0	0	e3b0c44298fc1c14
logos_02_semantic_core_pass_or-pattern	0	0	e3b0c44298fc1c14
logos_02_semantic_core_pass_or-pattern-enum-b166	0	0	e3b0c44298fc1c14
logos_02_semantic_core_pass_or-pattern-guard-match-b162	0	0	e3b0c44298fc1c14
logos_02_semantic_core_pass_or-pattern-in-payload-guard-b170	0	0	e3b0c44298fc1c14
logos_02_semantic_core_pass_or-pattern-literal-b165	0	0	e3b0c44298fc1c14
logos_02_semantic_core_pass_or-pattern-literals-pat	0	0	e3b0c44298fc1c14
logos_02_semantic_core_pass_or-pattern-range-guard-b167	0	0	e3b0c44298fc1c14
logos_02_semantic_core_pass_or-pattern-ref-mut-distinct-parts-m2	0	0	e3b0c44298fc1c14
logos_02_semantic_core_pass_or-pattern-shared-binding-b163	0	0	e3b0c44298fc1c14
logos_02_semantic_core_pass_or-pattern-shared-binding-pat	0	0	e3b0c44298fc1c14
logos_02_semantic_core_pass_or-pattern-variants-en	0	0	e3b0c44298fc1c14
logos_02_semantic_core_pass_or-patterns-nested-72680-b152	0	0	e3b0c44298fc1c14
logos_02_semantic_core_pass_or_pattern_binding	0	42	e3b0c44298fc1c14
logos_02_semantic_core_pass_or_pattern_binding_consistent	0	0	e3b0c44298fc1c14
logos_02_semantic_core_pass_or_pattern_in_variant_payload	0	0	e3b0c44298fc1c14
logos_02_semantic_core_pass_or_pattern_wildcard_alt	0	0	e3b0c44298fc1c14
logos_02_semantic_core_pass_outlives_declared	0	0	e3b0c44298fc1c14
logos_02_semantic_core_pass_overeager-sub-match-pruning-13027	0	0	e3b0c44298fc1c14
logos_02_semantic_core_pass_overloaded-autoderef-order	0	0	e3b0c44298fc1c14
logos_02_semantic_core_pass_overloaded-autoderef-order-b161	0	0	e3b0c44298fc1c14
logos_02_semantic_core_pass_overloaded-calls-object-one-arg-b142	0	0	e3b0c44298fc1c14
logos_02_semantic_core_pass_overloaded-calls-object-two-args-b142	0	0	e3b0c44298fc1c14
logos_02_semantic_core_pass_overloaded-calls-object-zero-args-b142	0	0	e3b0c44298fc1c14
logos_02_semantic_core_pass_overloaded-calls-simple-b156	0	0	e3b0c44298fc1c14
logos_02_semantic_core_pass_overloaded-calls-zero-args-b156	0	0	e3b0c44298fc1c14
logos_02_semantic_core_pass_overloaded-deref	0	0	e3b0c44298fc1c14
logos_02_semantic_core_pass_overloaded-deref-count	0	0	e3b0c44298fc1c14
logos_02_semantic_core_pass_overloaded-deref-mut-b155	0	0	e3b0c44298fc1c14
logos_02_semantic_core_pass_overloaded-index	0	0	e3b0c44298fc1c14
logos_02_semantic_core_pass_overloaded-index-assoc-list-b155	0	0	e3b0c44298fc1c14
logos_02_semantic_core_pass_overloaded-index-autoderef-b143	0	0	e3b0c44298fc1c14
logos_02_semantic_core_pass_overloaded-index-b148	0	0	e3b0c44298fc1c14
logos_02_semantic_core_pass_overloaded-index-in-field	0	0	e3b0c44298fc1c14
logos_02_semantic_core_pass_overloaded-index-in-field-b159	0	0	e3b0c44298fc1c14
logos_02_semantic_core_pass_overloaded_deref_with_ref_pattern	0	0	e3b0c44298fc1c14
logos_02_semantic_core_pass_owned-implies-static	0	0	e3b0c44298fc1c14
logos_02_semantic_core_pass_panic-value-position-bnever	0	0	e3b0c44298fc1c14
logos_02_semantic_core_pass_panic_catch_unwind	0	42	e3b0c44298fc1c14
logos_02_semantic_core_pass_paren-or-pattern	0	0	e3b0c44298fc1c14
logos_02_semantic_core_pass_paren_type	0	13	e3b0c44298fc1c14
logos_02_semantic_core_pass_parse-panic	0	0	e3b0c44298fc1c14
logos_02_semantic_core_pass_partial-move-copy-field	0	0	e3b0c44298fc1c14
logos_02_semantic_core_pass_partial-move-disjoint-arms	0	0	e3b0c44298fc1c14
logos_02_semantic_core_pass_partial-move-keep-other-field	0	0	e3b0c44298fc1c14
logos_02_semantic_core_pass_partial-move-nested-other-path	0	0	e3b0c44298fc1c14
logos_02_semantic_core_pass_partial-move-then-reinit	0	0	e3b0c44298fc1c14
logos_02_semantic_core_pass_partial-turbofish-underscore-b166	0	0	e3b0c44298fc1c14
logos_02_semantic_core_pass_partial_eq_floats	0	0	e3b0c44298fc1c14
logos_02_semantic_core_pass_partial_move_deep_sibling	0	0	e3b0c44298fc1c14
logos_02_semantic_core_pass_partial_move_depth2_siblings	0	0	e3b0c44298fc1c14
logos_02_semantic_core_pass_partial_ord_option_ordering	0	0	e3b0c44298fc1c14
logos_02_semantic_core_pass_partial_ord_partial_cmp	0	0	e3b0c44298fc1c14
logos_02_semantic_core_pass_partial_spec_bound_pattern	0	0	e3b0c44298fc1c14
logos_02_semantic_core_pass_partial_spec_eidos	0	0	e3b0c44298fc1c14
logos_02_semantic_core_pass_partial_spec_impl_for_enum	0	0	e3b0c44298fc1c14
logos_02_semantic_core_pass_partial_spec_layout	0	0	e3b0c44298fc1c14
logos_02_semantic_core_pass_partial_spec_slice_pattern	0	0	e3b0c44298fc1c14
logos_02_semantic_core_pass_pat-match-int-1	0	0	e3b0c44298fc1c14
logos_02_semantic_core_pass_pat-match-int-2	0	0	e3b0c44298fc1c14
logos_02_semantic_core_pass_pat-match-int-3	0	0	e3b0c44298fc1c14
logos_02_semantic_core_pass_pat-match-int-4	0	0	e3b0c44298fc1c14
logos_02_semantic_core_pass_pat-match-int-5	0	0	e3b0c44298fc1c14
logos_02_semantic_core_pass_pat-match-opt-1	0	0	e3b0c44298fc1c14
logos_02_semantic_core_pass_pat-match-opt-2	0	0	e3b0c44298fc1c14
logos_02_semantic_core_pass_pat-match-opt-3	0	0	e3b0c44298fc1c14
logos_02_semantic_core_pass_pat-match-opt-4	0	0	e3b0c44298fc1c14
logos_02_semantic_core_pass_pat-match-opt-5	0	0	e3b0c44298fc1c14
logos_02_semantic_core_pass_pat-match-res-1	0	0	e3b0c44298fc1c14
logos_02_semantic_core_pass_pat-match-res-2	0	0	e3b0c44298fc1c14
logos_02_semantic_core_pass_pat-match-res-3	0	0	e3b0c44298fc1c14
logos_02_semantic_core_pass_pat-match-res-4	0	0	e3b0c44298fc1c14
logos_02_semantic_core_pass_pat-match-res-5	0	0	e3b0c44298fc1c14
logos_02_semantic_core_pass_pat-range-guard-b138	0	0	e3b0c44298fc1c14
logos_02_semantic_core_pass_pat-ranges	0	0	e3b0c44298fc1c14
logos_02_semantic_core_pass_pat-struct-destr-1	0	0	e3b0c44298fc1c14
logos_02_semantic_core_pass_pat-struct-destr-2	0	0	e3b0c44298fc1c14
logos_02_semantic_core_pass_pat-struct-destr-3	0	0	e3b0c44298fc1c14
logos_02_semantic_core_pass_pat-struct-destr-4	0	0	e3b0c44298fc1c14
logos_02_semantic_core_pass_pat-struct-destr-5	0	0	e3b0c44298fc1c14
logos_02_semantic_core_pass_pat-tuple-1	0	0	e3b0c44298fc1c14
logos_02_semantic_core_pass_pat-tuple-2-1	0	0	e3b0c44298fc1c14
logos_02_semantic_core_pass_pat-tuple-2-2	0	0	e3b0c44298fc1c14
logos_02_semantic_core_pass_pat-tuple-2-3	0	0	e3b0c44298fc1c14
logos_02_semantic_core_pass_pat-tuple-2-4	0	0	e3b0c44298fc1c14
logos_02_semantic_core_pass_pat-tuple-2-5	0	0	e3b0c44298fc1c14
logos_02_semantic_core_pass_pat-tuple-2-b145	0	0	e3b0c44298fc1c14
logos_02_semantic_core_pass_pat-tuple-3	0	0	e3b0c44298fc1c14
logos_02_semantic_core_pass_pat-tuple-3-1	0	0	e3b0c44298fc1c14
logos_02_semantic_core_pass_pat-tuple-3-2	0	0	e3b0c44298fc1c14
logos_02_semantic_core_pass_pat-tuple-3-3	0	0	e3b0c44298fc1c14
logos_02_semantic_core_pass_pat-tuple-3-4	0	0	e3b0c44298fc1c14
logos_02_semantic_core_pass_pat-tuple-3-5	0	0	e3b0c44298fc1c14
logos_02_semantic_core_pass_pat-tuple-3-b147	0	0	e3b0c44298fc1c14
logos_02_semantic_core_pass_pat-tuple-4	0	0	e3b0c44298fc1c14
logos_02_semantic_core_pass_pat-tuple-6	0	0	e3b0c44298fc1c14
logos_02_semantic_core_pass_pat-tuple-7	0	0	e3b0c44298fc1c14
logos_02_semantic_core_pass_pat-tuple-nested-b138	0	0	e3b0c44298fc1c14
logos_02_semantic_core_pass_pat-tuple-rest-b160	0	0	e3b0c44298fc1c14
logos_02_semantic_core_pass_pat-wildcard-1	0	0	e3b0c44298fc1c14
logos_02_semantic_core_pass_pat-wildcard-2	0	0	e3b0c44298fc1c14
logos_02_semantic_core_pass_pat-wildcard-3	0	0	e3b0c44298fc1c14
logos_02_semantic_core_pass_pat-wildcard-4	0	0	e3b0c44298fc1c14
logos_02_semantic_core_pass_pat-wildcard-5	0	0	e3b0c44298fc1c14
logos_02_semantic_core_pass_pat_at	0	42	e3b0c44298fc1c14
logos_02_semantic_core_pass_pat_neg_int	0	42	e3b0c44298fc1c14
logos_02_semantic_core_pass_pat_or	0	42	e3b0c44298fc1c14
logos_02_semantic_core_pass_pat_or_enum	0	42	e3b0c44298fc1c14
logos_02_semantic_core_pass_pat_range	0	42	e3b0c44298fc1c14
logos_02_semantic_core_pass_pat_range_neg	0	42	e3b0c44298fc1c14
logos_02_semantic_core_pass_pat_ref_bind	0	42	e3b0c44298fc1c14
logos_02_semantic_core_pass_pat_slice	0	42	e3b0c44298fc1c14
logos_02_semantic_core_pass_pat_struct	0	42	e3b0c44298fc1c14
logos_02_semantic_core_pass_pat_struct_rest	0	42	e3b0c44298fc1c14
logos_02_semantic_core_pass_path-underscore	0	0	e3b0c44298fc1c14
logos_02_semantic_core_pass_path_expr_multi_step	0	42	e3b0c44298fc1c14
logos_02_semantic_core_pass_path_normalize	0	0	e3b0c44298fc1c14
logos_02_semantic_core_pass_pattern-binding-at-b164	0	0	e3b0c44298fc1c14
logos_02_semantic_core_pass_pattern-bound-var-in-for-each	0	0	e3b0c44298fc1c14
logos_02_semantic_core_pass_pattern-in-closure-bn2	0	0	e3b0c44298fc1c14
logos_02_semantic_core_pass_pattern_parse_batch_full	0	0	e3b0c44298fc1c14
logos_02_semantic_core_pass_pattern_ref_field_and_tuple_rest	0	0	e3b0c44298fc1c14
logos_02_semantic_core_pass_phantom-marker-param-g2	0	0	e3b0c44298fc1c14
logos_02_semantic_core_pass_pin_basic	0	42	e3b0c44298fc1c14
logos_02_semantic_core_pass_pin_box	0	42	e3b0c44298fc1c14
logos_02_semantic_core_pass_pin_unpin_auto	0	42	e3b0c44298fc1c14
logos_02_semantic_core_pass_pkg_multifile	0	LINK	-
logos_02_semantic_core_pass_place_write_coercions	0	0	e3b0c44298fc1c14
logos_02_semantic_core_pass_plain-break-bnever	0	0	e3b0c44298fc1c14
logos_02_semantic_core_pass_podref_buffer	0	0	e3b0c44298fc1c14
logos_02_semantic_core_pass_point	0	7	e3b0c44298fc1c14
logos_02_semantic_core_pass_pointer-reassignment-after-deref-78192	0	0	e3b0c44298fc1c14
logos_02_semantic_core_pass_poll-conditional-mut-then-shared	0	0	e3b0c44298fc1c14
logos_02_semantic_core_pass_poll-early-return-shared	0	0	e3b0c44298fc1c14
logos_02_semantic_core_pass_poll-loop-disjoint-arms	0	0	e3b0c44298fc1c14
logos_02_semantic_core_pass_poll-reborrow-then-remut	0	0	e3b0c44298fc1c14
logos_02_semantic_core_pass_prelude_explicit_import	0	0	e3b0c44298fc1c14
logos_02_semantic_core_pass_prelude_vec_macro	0	0	e3b0c44298fc1c14
logos_02_semantic_core_pass_primitive_method_through_ref	0	0	e3b0c44298fc1c14
logos_02_semantic_core_pass_print_macro_family	0	0	457c09fce07a53b9
logos_02_semantic_core_pass_println-float	0	0	44804414f85bef95
logos_02_semantic_core_pass_println_macro_basic	0	17	eadf35e623787abf
logos_02_semantic_core_pass_private-class-field	0	0	e3b0c44298fc1c14
logos_02_semantic_core_pass_private-class-field-b159	0	0	e3b0c44298fc1c14
logos_02_semantic_core_pass_private-method-b159	0	0	e3b0c44298fc1c14
logos_02_semantic_core_pass_private-method-rpass	0	0	e3b0c44298fc1c14
logos_02_semantic_core_pass_process_lines	0	0	e3b0c44298fc1c14
logos_02_semantic_core_pass_ptr-swap-basic	0	0	e3b0c44298fc1c14
logos_02_semantic_core_pass_ptr-swap-basic-b155	0	0	e3b0c44298fc1c14
logos_02_semantic_core_pass_ptr_arith	0	100	e3b0c44298fc1c14
logos_02_semantic_core_pass_ptr_copy	0	0	e3b0c44298fc1c14
logos_02_semantic_core_pass_ptr_drop_in_place_recurses	0	0	8c68e783b696dd5e
logos_02_semantic_core_pass_ptr_is_null	0	42	e3b0c44298fc1c14
logos_02_semantic_core_pass_ptr_nonnull	0	0	e3b0c44298fc1c14
logos_02_semantic_core_pass_ptr_null_eq	0	0	e3b0c44298fc1c14
logos_02_semantic_core_pass_ptr_read_write_swap_replace	0	0	e3b0c44298fc1c14
logos_02_semantic_core_pass_ptr_struct_field_read	0	42	e3b0c44298fc1c14
logos_02_semantic_core_pass_ptr_struct_field_write	0	42	e3b0c44298fc1c14
logos_02_semantic_core_pass_ptr_struct_index_addr	0	42	e3b0c44298fc1c14
logos_02_semantic_core_pass_ptr_to_ptr	0	42	e3b0c44298fc1c14
logos_02_semantic_core_pass_ptr_volatile_unaligned	0	0	e3b0c44298fc1c14
logos_02_semantic_core_pass_pub_cross_package	0	LINK	-
logos_02_semantic_core_pass_pub_dyn_cross_module	0	LINK	-
logos_02_semantic_core_pass_pub_enum_trait_cross_pkg	0	0	e3b0c44298fc1c14
logos_02_semantic_core_pass_pub_fields	0	0	03f0a75f5868aea5
logos_02_semantic_core_pass_pub_fn	0	42	e3b0c44298fc1c14
logos_02_semantic_core_pass_pub_module_internal_use	0	LINK	-
logos_02_semantic_core_pass_pub_module_type_internal	0	LINK	-
logos_02_semantic_core_pass_pub_static_cross_module	0	0	e3b0c44298fc1c14
logos_02_semantic_core_pass_pub_type_alias_fnptr	0	0	e3b0c44298fc1c14
logos_02_semantic_core_pass_qualified_pkg_call	0	0	e3b0c44298fc1c14
logos_02_semantic_core_pass_qualified_pkg_path_expr	0	0	e3b0c44298fc1c14
logos_02_semantic_core_pass_qualified_pkg_type_method	0	0	e3b0c44298fc1c14
logos_02_semantic_core_pass_qualified_pkg_type_pos	0	0	e3b0c44298fc1c14
logos_02_semantic_core_pass_query_agg_sum_overflow_e2e	0	0	e3b0c44298fc1c14
logos_02_semantic_core_pass_query_catalog_macro_e2e	0	0	e3b0c44298fc1c14
logos_02_semantic_core_pass_query_catalog_shapes_e2e	0	0	e3b0c44298fc1c14
logos_02_semantic_core_pass_query_constfold_overflow_bounded	0	0	e3b0c44298fc1c14
logos_02_semantic_core_pass_query_diff_err_e2e	0	0	e3b0c44298fc1c14
logos_02_semantic_core_pass_query_diff_static	0	0	e3b0c44298fc1c14
logos_02_semantic_core_pass_query_f64_agg_hand_derived	0	0	e3b0c44298fc1c14
logos_02_semantic_core_pass_query_f64_avg_nan_fuzz	0	0	e3b0c44298fc1c14
logos_02_semantic_core_pass_query_mapping_runtime_e2e	0	0	e3b0c44298fc1c14
logos_02_semantic_core_pass_query_minmax_float_seed_leak	0	0	e3b0c44298fc1c14
logos_02_semantic_core_pass_query_order_by_float_data_key	0	0	e3b0c44298fc1c14
logos_02_semantic_core_pass_query_reg_errors_e2e	0	0	e3b0c44298fc1c14
logos_02_semantic_core_pass_query_rtval_ops_e2e	0	0	e3b0c44298fc1c14
logos_02_semantic_core_pass_query_tail_order_adv	0	0	e3b0c44298fc1c14
logos_02_semantic_core_pass_query_tpl_float_eq_identity	0	0	e3b0c44298fc1c14
logos_02_semantic_core_pass_query_tpl_udf_e2e	0	0	e3b0c44298fc1c14
logos_02_semantic_core_pass_query_trama_arith_err_e2e	0	0	e3b0c44298fc1c14
logos_02_semantic_core_pass_query_trama_dynamic_e2e	0	0	e3b0c44298fc1c14
logos_02_semantic_core_pass_query_trama_typecheck_e2e	0	0	e3b0c44298fc1c14
logos_02_semantic_core_pass_query_tree_source_e2e	0	0	e3b0c44298fc1c14
logos_02_semantic_core_pass_query_tree_source_graph_e2e	0	0	e3b0c44298fc1c14
logos_02_semantic_core_pass_question-custom-to-custom-from-b167	0	0	e3b0c44298fc1c14
logos_02_semantic_core_pass_question-nested-result-opt-b166	0	0	e3b0c44298fc1c14
logos_02_semantic_core_pass_question-op-in-closure-n5-b166	0	0	e3b0c44298fc1c14
logos_02_semantic_core_pass_question-user-error-enum-b166	0	0	e3b0c44298fc1c14
logos_02_semantic_core_pass_quote_block_nest_runtime_depth	0	0	e3b0c44298fc1c14
logos_02_semantic_core_pass_quote_block_splice	0	0	e3b0c44298fc1c14
logos_02_semantic_core_pass_quote_body_slot_positions	0	0	e3b0c44298fc1c14
logos_02_semantic_core_pass_quote_expr_antiquot_slots	0	0	e3b0c44298fc1c14
logos_02_semantic_core_pass_quote_expr_repeat_slice	0	7	e3b0c44298fc1c14
logos_02_semantic_core_pass_quote_item_const_generic_antiquot	0	0	e3b0c44298fc1c14
logos_02_semantic_core_pass_quote_item_ctrfamily_impl	0	0	e3b0c44298fc1c14
logos_02_semantic_core_pass_quote_item_dyn_typearg	0	0	e3b0c44298fc1c14
logos_02_semantic_core_pass_quote_item_dyn_use	0	0	e3b0c44298fc1c14
logos_02_semantic_core_pass_quote_item_exprblob_splice	0	7	e3b0c44298fc1c14
logos_02_semantic_core_pass_quote_item_field_repeat_group	0	0	e3b0c44298fc1c14
logos_02_semantic_core_pass_quote_item_fn_bare_name	0	0	e3b0c44298fc1c14
logos_02_semantic_core_pass_quote_item_impl_trait_antiquote	0	0	e3b0c44298fc1c14
logos_02_semantic_core_pass_quote_item_multi_splice	0	0	e3b0c44298fc1c14
logos_02_semantic_core_pass_quote_item_opt_use	0	0	e3b0c44298fc1c14
logos_02_semantic_core_pass_quote_item_parse_as	0	0	e3b0c44298fc1c14
logos_02_semantic_core_pass_quote_item_qual_call_render	0	0	e3b0c44298fc1c14
logos_02_semantic_core_pass_quote_item_static_call	0	0	e3b0c44298fc1c14
logos_02_semantic_core_pass_quote_item_use	0	0	e3b0c44298fc1c14
logos_02_semantic_core_pass_quote_item_vis_antiquote	0	0	e3b0c44298fc1c14
logos_02_semantic_core_pass_quote_item_wstatic_const	0	0	e3b0c44298fc1c14
logos_02_semantic_core_pass_quote_item_wstatic_typearg	0	0	e3b0c44298fc1c14
logos_02_semantic_core_pass_quote_large_fragment_splice	0	0	e3b0c44298fc1c14
logos_02_semantic_core_pass_quote_let_name_antiquote	0	0	e3b0c44298fc1c14
logos_02_semantic_core_pass_quote_nested_repeat	0	203	e3b0c44298fc1c14
logos_02_semantic_core_pass_quote_optional_use	0	0	e3b0c44298fc1c14
logos_02_semantic_core_pass_quote_pattern_name_antiquote	0	0	e3b0c44298fc1c14
logos_02_semantic_core_pass_quote_stmt_list_inline	0	0	e3b0c44298fc1c14
logos_02_semantic_core_pass_quote_struct_lit_cursor	0	21	e3b0c44298fc1c14
logos_02_semantic_core_pass_quote_use_repeat	0	0	e3b0c44298fc1c14
logos_02_semantic_core_pass_range-exclusive-pat	0	0	e3b0c44298fc1c14
logos_02_semantic_core_pass_range-incl	0	0	e3b0c44298fc1c14
logos_02_semantic_core_pass_range-inclusive-forloop-b139	0	0	e3b0c44298fc1c14
logos_02_semantic_core_pass_range-inclusive-pattern-precedence	0	0	e3b0c44298fc1c14
logos_02_semantic_core_pass_range-iter	0	0	e3b0c44298fc1c14
logos_02_semantic_core_pass_range-iteration-b164	0	0	e3b0c44298fc1c14
logos_02_semantic_core_pass_range-slicing-gconf	0	0	e3b0c44298fc1c14
logos_02_semantic_core_pass_range-sum-bounds-b163	0	0	e3b0c44298fc1c14
logos_02_semantic_core_pass_range-sum-it	0	0	e3b0c44298fc1c14
logos_02_semantic_core_pass_range-type-infer	0	0	e3b0c44298fc1c14
logos_02_semantic_core_pass_range_contains	0	0	e3b0c44298fc1c14
logos_02_semantic_core_pass_range_family	0	0	e3b0c44298fc1c14
logos_02_semantic_core_pass_range_inclusive_real_end	0	0	e3b0c44298fc1c14
logos_02_semantic_core_pass_range_pattern_predicate_is_the_scrutinee_type	0	0	e3b0c44298fc1c14
logos_02_semantic_core_pass_raw-pointer-type-basic	0	0	e3b0c44298fc1c14
logos_02_semantic_core_pass_raw-ptr-dyn-trait	0	0	e3b0c44298fc1c14
logos_02_semantic_core_pass_rawdup_filter_adapter_copy_ctl	0	0	9325f5d40bd43a1f
logos_02_semantic_core_pass_rawdup_filter_adapter_drop_once	0	0	124d9135634e7442
logos_02_semantic_core_pass_rawdup_inspect_copy_ctl	0	0	e6983ad1cc22b567
logos_02_semantic_core_pass_rawdup_inspect_drop_once	0	0	15a957c7c5a6121d
logos_02_semantic_core_pass_rawdup_intersperse_copy_ctl	0	0	67b00e15fe7a76c5
logos_02_semantic_core_pass_rawdup_intersperse_drop_once	0	0	f40d9b006bb0ee32
logos_02_semantic_core_pass_rawdup_iter_find_copy_ctl	0	0	0854eb5c2733e444
logos_02_semantic_core_pass_rawdup_iter_find_drop_once	0	0	6cc15b2e65c4eeb8
logos_02_semantic_core_pass_rawdup_iter_max_min_ord_copy_ctl	0	0	10cc3f0725250757
logos_02_semantic_core_pass_rawdup_iter_max_min_ord_drop_once	0	0	95a705e81d6ca76b
logos_02_semantic_core_pass_rawdup_iter_minmax_by_copy_ctl	0	0	ea7f2dd9c6873024
logos_02_semantic_core_pass_rawdup_iter_minmax_by_drop_once	0	0	e1ed867c891e84a5
logos_02_semantic_core_pass_rawdup_once_repeat_copy_ctl	0	0	180efb5c8753dcf1
logos_02_semantic_core_pass_rawdup_once_repeat_drop_once	0	0	2c500292a2344d2c
logos_02_semantic_core_pass_rawdup_option_filter_copy_ctl	0	0	6eb155219e3744e9
logos_02_semantic_core_pass_rawdup_option_filter_drop_once	0	0	d136b10e2b983b4b
logos_02_semantic_core_pass_rawdup_partition_vec_copy_ctl	0	0	db95e24ef887cf03
logos_02_semantic_core_pass_rawdup_partition_vec_drop_once	0	0	717a7e22db172277
logos_02_semantic_core_pass_rawdup_peekable_copy_ctl	0	0	7c566581a7ffac30
logos_02_semantic_core_pass_rawdup_peekable_drop_once	0	0	794b1a4004bc0ee1
logos_02_semantic_core_pass_rawdup_take_skip_while_copy_ctl	0	0	09241264c3f76607
logos_02_semantic_core_pass_rawdup_take_skip_while_drop_once	0	0	4b62d2d06543bf8a
logos_02_semantic_core_pass_rawdup_uninit_assume_init_read_ground	0	0	411dc1b4ef7856e0
logos_02_semantic_core_pass_rc_arc_dyn_clone	0	30	e3b0c44298fc1c14
logos_02_semantic_core_pass_rc_arc_dyn_dispatch	0	42	e3b0c44298fc1c14
logos_02_semantic_core_pass_rc_deref_unified	0	31	e3b0c44298fc1c14
logos_02_semantic_core_pass_rc_dyn_clone_ref	0	42	e3b0c44298fc1c14
logos_02_semantic_core_pass_rc_dyn_implicit_unsize	0	42	e3b0c44298fc1c14
logos_02_semantic_core_pass_rc_weak_dangling	0	42	e3b0c44298fc1c14
logos_02_semantic_core_pass_rc_weak_upgrade	0	11	e3b0c44298fc1c14
logos_02_semantic_core_pass_rcvr-borrowed-to-region-b156	0	0	e3b0c44298fc1c14
logos_02_semantic_core_pass_reborrow-mut-of-mut	0	0	e3b0c44298fc1c14
logos_02_semantic_core_pass_reborrow-mut-then-shared	0	0	e3b0c44298fc1c14
logos_02_semantic_core_pass_reborrow-mutable-reference-28839-b146	0	0	e3b0c44298fc1c14
logos_02_semantic_core_pass_reborrow-ref-mut-option-no-move-bc	0	0	e3b0c44298fc1c14
logos_02_semantic_core_pass_reborrow-shared-via-deref	0	0	e3b0c44298fc1c14
logos_02_semantic_core_pass_rec	0	0	e3b0c44298fc1c14
logos_02_semantic_core_pass_rec-b148	0	0	e3b0c44298fc1c14
logos_02_semantic_core_pass_rec-extend	0	0	e3b0c44298fc1c14
logos_02_semantic_core_pass_rec-extend-b135	0	0	e3b0c44298fc1c14
logos_02_semantic_core_pass_rec-extend-b148	0	0	e3b0c44298fc1c14
logos_02_semantic_core_pass_rec-struct-copy-se4	0	0	e3b0c44298fc1c14
logos_02_semantic_core_pass_rec-tup	0	0	e3b0c44298fc1c14
logos_02_semantic_core_pass_rec-tup-b133	0	0	e3b0c44298fc1c14
logos_02_semantic_core_pass_rec-tup-b148	0	0	e3b0c44298fc1c14
logos_02_semantic_core_pass_rec-tup-b159	0	0	e3b0c44298fc1c14
logos_02_semantic_core_pass_record-pat-b140	0	0	e3b0c44298fc1c14
logos_02_semantic_core_pass_recursion-factorial-b138	0	0	e3b0c44298fc1c14
logos_02_semantic_core_pass_recursion-factorial-fn2	0	0	e3b0c44298fc1c14
logos_02_semantic_core_pass_recursion-fib-b166	0	0	e3b0c44298fc1c14
logos_02_semantic_core_pass_recursion-mutual-b164	0	0	e3b0c44298fc1c14
logos_02_semantic_core_pass_recursion-mutual-b165	0	0	e3b0c44298fc1c14
logos_02_semantic_core_pass_recursion-tail-call-no-arg-leak	0	0	e3b0c44298fc1c14
logos_02_semantic_core_pass_recursion-tail-cps	0	0	e3b0c44298fc1c14
logos_02_semantic_core_pass_recursion-tail-cps-b147	0	0	e3b0c44298fc1c14
logos_02_semantic_core_pass_recursion-tail-cps-b160	0	0	e3b0c44298fc1c14
logos_02_semantic_core_pass_recursive-enum	0	0	e3b0c44298fc1c14
logos_02_semantic_core_pass_recursive-enum-box-b147	0	0	e3b0c44298fc1c14
logos_02_semantic_core_pass_recursive-enum-tree-sum-b162	0	0	e3b0c44298fc1c14
logos_02_semantic_core_pass_recursive-fn	0	0	e3b0c44298fc1c14
logos_02_semantic_core_pass_recursive-generic-struct-22655-b147	0	0	e3b0c44298fc1c14
logos_02_semantic_core_pass_recursive-nested-enum-42747-b151	0	0	e3b0c44298fc1c14
logos_02_semantic_core_pass_recursive-raw-pointer-field-19001-b146	0	0	e3b0c44298fc1c14
logos_02_semantic_core_pass_recursive-struct-box	0	0	e3b0c44298fc1c14
logos_02_semantic_core_pass_recursive-struct-with-raw-pointer-field	0	0	e3b0c44298fc1c14
logos_02_semantic_core_pass_recursive-struct-with-raw-pointer-field-b153	0	0	e3b0c44298fc1c14
logos_02_semantic_core_pass_ref-binding-in-struct-pat	0	0	e3b0c44298fc1c14
logos_02_semantic_core_pass_ref-deref-1	0	0	e3b0c44298fc1c14
logos_02_semantic_core_pass_ref-deref-10	0	0	e3b0c44298fc1c14
logos_02_semantic_core_pass_ref-deref-2	0	0	e3b0c44298fc1c14
logos_02_semantic_core_pass_ref-deref-3	0	0	e3b0c44298fc1c14
logos_02_semantic_core_pass_ref-deref-4	0	0	e3b0c44298fc1c14
logos_02_semantic_core_pass_ref-deref-5	0	0	e3b0c44298fc1c14
logos_02_semantic_core_pass_ref-deref-6	0	0	e3b0c44298fc1c14
logos_02_semantic_core_pass_ref-deref-7	0	0	e3b0c44298fc1c14
logos_02_semantic_core_pass_ref-deref-8	0	0	e3b0c44298fc1c14
logos_02_semantic_core_pass_ref-deref-9	0	0	e3b0c44298fc1c14
logos_02_semantic_core_pass_ref-fn-1	0	0	e3b0c44298fc1c14
logos_02_semantic_core_pass_ref-fn-10	0	0	e3b0c44298fc1c14
logos_02_semantic_core_pass_ref-fn-2	0	0	e3b0c44298fc1c14
logos_02_semantic_core_pass_ref-fn-3	0	0	e3b0c44298fc1c14
logos_02_semantic_core_pass_ref-fn-4	0	0	e3b0c44298fc1c14
logos_02_semantic_core_pass_ref-fn-5	0	0	e3b0c44298fc1c14
logos_02_semantic_core_pass_ref-fn-6	0	0	e3b0c44298fc1c14
logos_02_semantic_core_pass_ref-fn-7	0	0	e3b0c44298fc1c14
logos_02_semantic_core_pass_ref-fn-8	0	0	e3b0c44298fc1c14
logos_02_semantic_core_pass_ref-fn-9	0	0	e3b0c44298fc1c14
logos_02_semantic_core_pass_ref-int	0	0	e3b0c44298fc1c14
logos_02_semantic_core_pass_ref-mut-1	0	0	e3b0c44298fc1c14
logos_02_semantic_core_pass_ref-mut-10	0	0	e3b0c44298fc1c14
logos_02_semantic_core_pass_ref-mut-2	0	0	e3b0c44298fc1c14
logos_02_semantic_core_pass_ref-mut-3	0	0	e3b0c44298fc1c14
logos_02_semantic_core_pass_ref-mut-4	0	0	e3b0c44298fc1c14
logos_02_semantic_core_pass_ref-mut-5	0	0	e3b0c44298fc1c14
logos_02_semantic_core_pass_ref-mut-6	0	0	e3b0c44298fc1c14
logos_02_semantic_core_pass_ref-mut-7	0	0	e3b0c44298fc1c14
logos_02_semantic_core_pass_ref-mut-8	0	0	e3b0c44298fc1c14
logos_02_semantic_core_pass_ref-mut-9	0	0	e3b0c44298fc1c14
logos_02_semantic_core_pass_ref-mut-rebind-does-not-affect-outer	0	0	e3b0c44298fc1c14
logos_02_semantic_core_pass_ref-mut-through-fn-b164	0	0	e3b0c44298fc1c14
logos_02_semantic_core_pass_ref-pat-in-match	0	0	e3b0c44298fc1c14
logos_02_semantic_core_pass_ref-shared-1	0	0	e3b0c44298fc1c14
logos_02_semantic_core_pass_ref-shared-10	0	0	e3b0c44298fc1c14
logos_02_semantic_core_pass_ref-shared-2	0	0	e3b0c44298fc1c14
logos_02_semantic_core_pass_ref-shared-3	0	0	e3b0c44298fc1c14
logos_02_semantic_core_pass_ref-shared-4	0	0	e3b0c44298fc1c14
logos_02_semantic_core_pass_ref-shared-5	0	0	e3b0c44298fc1c14
logos_02_semantic_core_pass_ref-shared-6	0	0	e3b0c44298fc1c14
logos_02_semantic_core_pass_ref-shared-7	0	0	e3b0c44298fc1c14
logos_02_semantic_core_pass_ref-shared-8	0	0	e3b0c44298fc1c14
logos_02_semantic_core_pass_ref-shared-9	0	0	e3b0c44298fc1c14
logos_02_semantic_core_pass_ref-some-pattern-m2	0	0	e3b0c44298fc1c14
logos_02_semantic_core_pass_ref-tuple-deref-b165	0	0	e3b0c44298fc1c14
logos_02_semantic_core_pass_ref_at_binding_pattern	0	0	e3b0c44298fc1c14
logos_02_semantic_core_pass_ref_map_basic	0	0	e3b0c44298fc1c14
logos_02_semantic_core_pass_ref_numeric_autoderef	0	0	e3b0c44298fc1c14
logos_02_semantic_core_pass_ref_payload_depth2_autoderef	0	0	e3b0c44298fc1c14
logos_02_semantic_core_pass_ref_payload_raw_ptr_binding	0	0	e3b0c44298fc1c14
logos_02_semantic_core_pass_ref_struct_enum_payload	0	0	e3b0c44298fc1c14
logos_02_semantic_core_pass_ref_struct_return	0	42	e3b0c44298fc1c14
logos_02_semantic_core_pass_refcell_basic	0	42	e3b0c44298fc1c14
logos_02_semantic_core_pass_refer-to-other-statics-by-value-b146	0	0	e3b0c44298fc1c14
logos_02_semantic_core_pass_reference-whitespace-parsing	0	0	e3b0c44298fc1c14
logos_02_semantic_core_pass_reflect_annotated_auto	0	42	e3b0c44298fc1c14
logos_02_semantic_core_pass_reflect_api	0	42	e3b0c44298fc1c14
logos_02_semantic_core_pass_reflect_basic	0	42	e3b0c44298fc1c14
logos_02_semantic_core_pass_refutable_struct_field_pattern	0	0	e3b0c44298fc1c14
logos_02_semantic_core_pass_region-addr-of-interior-field-rg	0	0	e3b0c44298fc1c14
logos_02_semantic_core_pass_region-borrow-in-loop-body-fresh-rg	0	0	e3b0c44298fc1c14
logos_02_semantic_core_pass_region-close-over-ref-into-object-rg	0	0	e3b0c44298fc1c14
logos_02_semantic_core_pass_region-dependent-addr-of-chained-rg	0	0	e3b0c44298fc1c14
logos_02_semantic_core_pass_region-early-bound-trait-lt-param-rg	0	0	e3b0c44298fc1c14
logos_02_semantic_core_pass_region-elision-method-self	0	0	e3b0c44298fc1c14
logos_02_semantic_core_pass_region-elision-output	0	0	e3b0c44298fc1c14
logos_02_semantic_core_pass_region-enum-bind-by-ref-match-rg	0	0	e3b0c44298fc1c14
logos_02_semantic_core_pass_region-enum-ref-self-recursive-rg	0	0	e3b0c44298fc1c14
logos_02_semantic_core_pass_region-fn-lt-as-type-arg-bound-rg	0	0	e3b0c44298fc1c14
logos_02_semantic_core_pass_region-fn-ptr-chain	0	0	e3b0c44298fc1c14
logos_02_semantic_core_pass_region-generic-struct-pass	0	0	e3b0c44298fc1c14
logos_02_semantic_core_pass_region-impl-method-elided-second	0	0	e3b0c44298fc1c14
logos_02_semantic_core_pass_region-lifetime-bounds-fn-a	0	0	e3b0c44298fc1c14
logos_02_semantic_core_pass_region-lub-match-deref-arm-rg	0	0	e3b0c44298fc1c14
logos_02_semantic_core_pass_region-multi-lt-where	0	0	e3b0c44298fc1c14
logos_02_semantic_core_pass_region-mut-ref-outer-shorten	0	0	e3b0c44298fc1c14
logos_02_semantic_core_pass_region-mutual-outlives-equiv	0	0	e3b0c44298fc1c14
logos_02_semantic_core_pass_region-named-multi-input	0	0	e3b0c44298fc1c14
logos_02_semantic_core_pass_region-pointer-as-dyn-tr3	0	0	e3b0c44298fc1c14
logos_02_semantic_core_pass_region-pointer-cast-dyn-tr2	0	0	e3b0c44298fc1c14
logos_02_semantic_core_pass_region-pointer-simple-b141	0	0	e3b0c44298fc1c14
logos_02_semantic_core_pass_region-reassign-shorter-to-longer-rg	0	0	e3b0c44298fc1c14
logos_02_semantic_core_pass_region-reborrow-ref-ref-mut-rg	0	0	e3b0c44298fc1c14
logos_02_semantic_core_pass_region-ref-binding-into-interior-rg	0	0	e3b0c44298fc1c14
logos_02_semantic_core_pass_region-self-ref-impl-trait-rg	0	0	e3b0c44298fc1c14
logos_02_semantic_core_pass_region-shorter-via-where	0	0	e3b0c44298fc1c14
logos_02_semantic_core_pass_region-slice-param-index-rg	0	0	e3b0c44298fc1c14
logos_02_semantic_core_pass_region-static-bypass	0	0	e3b0c44298fc1c14
logos_02_semantic_core_pass_region-static-source-ok	0	0	e3b0c44298fc1c14
logos_02_semantic_core_pass_region-struct-with-named-lt	0	0	e3b0c44298fc1c14
logos_02_semantic_core_pass_region-three-lifetime-where	0	0	e3b0c44298fc1c14
logos_02_semantic_core_pass_region-trait-method-own-lt-vs-trait-lt-rg	0	0	e3b0c44298fc1c14
logos_02_semantic_core_pass_region-trait-object-from-struct-method-rg	0	0	e3b0c44298fc1c14
logos_02_semantic_core_pass_region-two-refs-same-region-pick-rg	0	0	e3b0c44298fc1c14
logos_02_semantic_core_pass_region-where-bound-flow	0	0	e3b0c44298fc1c14
logos_02_semantic_core_pass_region-where-outlives-static-id-rg	0	0	e3b0c44298fc1c14
logos_02_semantic_core_pass_regions-addr-of-interior-of-unique-box	0	0	e3b0c44298fc1c14
logos_02_semantic_core_pass_regions-addr-of-ret	0	0	e3b0c44298fc1c14
logos_02_semantic_core_pass_regions-addr-of-ret-b142	0	0	e3b0c44298fc1c14
logos_02_semantic_core_pass_regions-assoc-type-static-bound	0	0	e3b0c44298fc1c14
logos_02_semantic_core_pass_regions-borrow-at	0	0	e3b0c44298fc1c14
logos_02_semantic_core_pass_regions-borrow-at-b147	0	0	e3b0c44298fc1c14
logos_02_semantic_core_pass_regions-borrow-evec-fixed	0	0	e3b0c44298fc1c14
logos_02_semantic_core_pass_regions-borrow-evec-fixed-b138	0	0	e3b0c44298fc1c14
logos_02_semantic_core_pass_regions-borrow-evec-fixed-b159	0	0	e3b0c44298fc1c14
logos_02_semantic_core_pass_regions-borrow-evec-uniq	0	0	e3b0c44298fc1c14
logos_02_semantic_core_pass_regions-borrow-uniq	0	0	e3b0c44298fc1c14
logos_02_semantic_core_pass_regions-borrow-uniq-b142	0	0	e3b0c44298fc1c14
logos_02_semantic_core_pass_regions-bot	0	0	e3b0c44298fc1c14
logos_02_semantic_core_pass_regions-bot-b147	0	0	e3b0c44298fc1c14
logos_02_semantic_core_pass_regions-bound-lists-feature-gate	0	0	e3b0c44298fc1c14
logos_02_semantic_core_pass_regions-bound-lists-feature-gate-2	0	0	e3b0c44298fc1c14
logos_02_semantic_core_pass_regions-chained-outlives-callchain	0	0	e3b0c44298fc1c14
logos_02_semantic_core_pass_regions-creating-enums2	0	0	e3b0c44298fc1c14
logos_02_semantic_core_pass_regions-creating-enums5	0	0	e3b0c44298fc1c14
logos_02_semantic_core_pass_regions-creating-enums5-b142	0	0	e3b0c44298fc1c14
logos_02_semantic_core_pass_regions-debruijn-of-object	0	0	e3b0c44298fc1c14
logos_02_semantic_core_pass_regions-dependent-addr-of	0	0	e3b0c44298fc1c14
logos_02_semantic_core_pass_regions-dependent-autofn	0	0	e3b0c44298fc1c14
logos_02_semantic_core_pass_regions-dependent-autoslice-b142	0	0	e3b0c44298fc1c14
logos_02_semantic_core_pass_regions-dependent-let-ref	0	0	e3b0c44298fc1c14
logos_02_semantic_core_pass_regions-early-bound-used-in-bound-method-b156	0	0	e3b0c44298fc1c14
logos_02_semantic_core_pass_regions-early-bound-used-in-type-param	0	0	e3b0c44298fc1c14
logos_02_semantic_core_pass_regions-elision-method-self	0	0	e3b0c44298fc1c14
logos_02_semantic_core_pass_regions-elision-single-input	0	0	e3b0c44298fc1c14
logos_02_semantic_core_pass_regions-escape-into-other-fn	0	0	e3b0c44298fc1c14
logos_02_semantic_core_pass_regions-escape-into-other-fn-b153	0	0	e3b0c44298fc1c14
logos_02_semantic_core_pass_regions-expl-self	0	0	e3b0c44298fc1c14
logos_02_semantic_core_pass_regions-expl-self-b142	0	0	e3b0c44298fc1c14
logos_02_semantic_core_pass_regions-fn-returning-shorter	0	0	e3b0c44298fc1c14
logos_02_semantic_core_pass_regions-generic-struct-lifetime	0	0	e3b0c44298fc1c14
logos_02_semantic_core_pass_regions-impl-elided-lt	0	0	e3b0c44298fc1c14
logos_02_semantic_core_pass_regions-impl-method-elided-lt	0	0	e3b0c44298fc1c14
logos_02_semantic_core_pass_regions-infer-borrow-scope	0	0	e3b0c44298fc1c14
logos_02_semantic_core_pass_regions-infer-borrow-scope-addr-of	0	0	e3b0c44298fc1c14
logos_02_semantic_core_pass_regions-infer-borrow-scope-b147	0	0	e3b0c44298fc1c14
logos_02_semantic_core_pass_regions-infer-borrow-scope-b159	0	0	e3b0c44298fc1c14
logos_02_semantic_core_pass_regions-infer-borrow-scope-view	0	0	e3b0c44298fc1c14
logos_02_semantic_core_pass_regions-infer-borrow-scope-view-b147	0	0	e3b0c44298fc1c14
logos_02_semantic_core_pass_regions-infer-borrow-scope-within-loop-ok	0	0	e3b0c44298fc1c14
logos_02_semantic_core_pass_regions-infer-call	0	0	e3b0c44298fc1c14
logos_02_semantic_core_pass_regions-infer-call-2	0	0	e3b0c44298fc1c14
logos_02_semantic_core_pass_regions-infer-call-2-b153	0	0	e3b0c44298fc1c14
logos_02_semantic_core_pass_regions-infer-call-b142	0	0	e3b0c44298fc1c14
logos_02_semantic_core_pass_regions-infer-contravariance-due-to-ret	0	0	e3b0c44298fc1c14
logos_02_semantic_core_pass_regions-infer-reborrow-ref-mut-recurse-b153	0	0	e3b0c44298fc1c14
logos_02_semantic_core_pass_regions-issue-21422	0	0	e3b0c44298fc1c14
logos_02_semantic_core_pass_regions-issue-21422-b142	0	0	e3b0c44298fc1c14
logos_02_semantic_core_pass_regions-lifetime-param-b149	0	0	e3b0c44298fc1c14
logos_02_semantic_core_pass_regions-link-fn-args	0	0	e3b0c44298fc1c14
logos_02_semantic_core_pass_regions-link-fn-args-b142	0	0	e3b0c44298fc1c14
logos_02_semantic_core_pass_regions-mock-codegen	0	0	e3b0c44298fc1c14
logos_02_semantic_core_pass_regions-multi-lifetime-pick	0	0	e3b0c44298fc1c14
logos_02_semantic_core_pass_regions-mut-ref-shorten-outer	0	0	e3b0c44298fc1c14
logos_02_semantic_core_pass_regions-nullary-variant	0	0	e3b0c44298fc1c14
logos_02_semantic_core_pass_regions-outlives-reflexive	0	0	e3b0c44298fc1c14
logos_02_semantic_core_pass_regions-outlives-transitive	0	0	e3b0c44298fc1c14
logos_02_semantic_core_pass_regions-params	0	0	e3b0c44298fc1c14
logos_02_semantic_core_pass_regions-reassign-let-bound-pointer	0	0	e3b0c44298fc1c14
logos_02_semantic_core_pass_regions-reassign-match-bound-pointer	0	0	e3b0c44298fc1c14
logos_02_semantic_core_pass_regions-reassign-match-bound-pointer-b153	0	0	e3b0c44298fc1c14
logos_02_semantic_core_pass_regions-return-interior-of-option	0	0	e3b0c44298fc1c14
logos_02_semantic_core_pass_regions-return-interior-of-option-b147	0	0	e3b0c44298fc1c14
logos_02_semantic_core_pass_regions-scope-chain-example	0	0	e3b0c44298fc1c14
logos_02_semantic_core_pass_regions-self-impls	0	0	e3b0c44298fc1c14
logos_02_semantic_core_pass_regions-self-impls-b153	0	0	e3b0c44298fc1c14
logos_02_semantic_core_pass_regions-self-in-enums	0	0	e3b0c44298fc1c14
logos_02_semantic_core_pass_regions-self-in-enums-b155	0	0	e3b0c44298fc1c14
logos_02_semantic_core_pass_regions-self-in-enums-b159	0	0	e3b0c44298fc1c14
logos_02_semantic_core_pass_regions-simple	0	0	e3b0c44298fc1c14
logos_02_semantic_core_pass_regions-simple-b142	0	0	e3b0c44298fc1c14
logos_02_semantic_core_pass_regions-static-bound-ok	0	0	e3b0c44298fc1c14
logos_02_semantic_core_pass_regions-static-bound-rpass	0	0	e3b0c44298fc1c14
logos_02_semantic_core_pass_regions-static-passthrough	0	0	e3b0c44298fc1c14
logos_02_semantic_core_pass_regions-struct-with-bound	0	0	e3b0c44298fc1c14
logos_02_semantic_core_pass_regions-trait-bound-with-lt	0	0	e3b0c44298fc1c14
logos_02_semantic_core_pass_regions-variance-contravariant-use-contravariant	0	0	e3b0c44298fc1c14
logos_02_semantic_core_pass_regions-variance-covariant-use-covariant	0	0	e3b0c44298fc1c14
logos_02_semantic_core_pass_regions-where-chain	0	0	e3b0c44298fc1c14
logos_02_semantic_core_pass_rel_any_tagged_dispatch	0	0	e3b0c44298fc1c14
logos_02_semantic_core_pass_rel_ptr_basic	0	0	e3b0c44298fc1c14
logos_02_semantic_core_pass_relaxed_sized_bound_basic	0	0	e3b0c44298fc1c14
logos_02_semantic_core_pass_relaxed_sized_generic_ref	0	0	e3b0c44298fc1c14
logos_02_semantic_core_pass_relaxed_sized_inference_slice	0	0	e3b0c44298fc1c14
logos_02_semantic_core_pass_relaxed_sized_str_turbofish	0	0	e3b0c44298fc1c14
logos_02_semantic_core_pass_relaxed_sized_struct_inst	0	0	e3b0c44298fc1c14
logos_02_semantic_core_pass_relaxed_sized_unsized_subst_dyn	0	0	e3b0c44298fc1c14
logos_02_semantic_core_pass_relaxed_sized_unsized_subst_slice	0	0	e3b0c44298fc1c14
logos_02_semantic_core_pass_release-borrow-via-block-end	0	0	e3b0c44298fc1c14
logos_02_semantic_core_pass_repeated-vector-syntax	0	0	e3b0c44298fc1c14
logos_02_semantic_core_pass_replace_ref_option	0	38	e3b0c44298fc1c14
logos_02_semantic_core_pass_res-and-1	0	0	e3b0c44298fc1c14
logos_02_semantic_core_pass_res-and-10	0	0	e3b0c44298fc1c14
logos_02_semantic_core_pass_res-and-2	0	0	e3b0c44298fc1c14
logos_02_semantic_core_pass_res-and-3	0	0	e3b0c44298fc1c14
logos_02_semantic_core_pass_res-and-4	0	0	e3b0c44298fc1c14
logos_02_semantic_core_pass_res-and-5	0	0	e3b0c44298fc1c14
logos_02_semantic_core_pass_res-and-6	0	0	e3b0c44298fc1c14
logos_02_semantic_core_pass_res-and-7	0	0	e3b0c44298fc1c14
logos_02_semantic_core_pass_res-and-8	0	0	e3b0c44298fc1c14
logos_02_semantic_core_pass_res-and-9	0	0	e3b0c44298fc1c14
logos_02_semantic_core_pass_res-and-or-comb-or	90	-	-
logos_02_semantic_core_pass_res-and-then-or	0	0	e3b0c44298fc1c14
logos_02_semantic_core_pass_res-is-ok-unwrap-or	0	0	e3b0c44298fc1c14
logos_02_semantic_core_pass_res-map-or	0	0	e3b0c44298fc1c14
logos_02_semantic_core_pass_res-of-opt-match-or	0	0	e3b0c44298fc1c14
logos_02_semantic_core_pass_res-ok-1	0	0	e3b0c44298fc1c14
logos_02_semantic_core_pass_res-ok-10	0	0	e3b0c44298fc1c14
logos_02_semantic_core_pass_res-ok-2	0	0	e3b0c44298fc1c14
logos_02_semantic_core_pass_res-ok-3	0	0	e3b0c44298fc1c14
logos_02_semantic_core_pass_res-ok-4	0	0	e3b0c44298fc1c14
logos_02_semantic_core_pass_res-ok-5	0	0	e3b0c44298fc1c14
logos_02_semantic_core_pass_res-ok-6	0	0	e3b0c44298fc1c14
logos_02_semantic_core_pass_res-ok-7	0	0	e3b0c44298fc1c14
logos_02_semantic_core_pass_res-ok-8	0	0	e3b0c44298fc1c14
logos_02_semantic_core_pass_res-ok-9	0	0	e3b0c44298fc1c14
logos_02_semantic_core_pass_res-ok-err-opt-or	0	0	e3b0c44298fc1c14
logos_02_semantic_core_pass_res-unwrap-or-or	0	0	e3b0c44298fc1c14
logos_02_semantic_core_pass_rest_pattern_variant_tuple_struct	0	0	e3b0c44298fc1c14
logos_02_semantic_core_pass_result-and-then-chain-b162	0	0	e3b0c44298fc1c14
logos_02_semantic_core_pass_result-question-chain-b165	0	0	e3b0c44298fc1c14
logos_02_semantic_core_pass_result-question-mark-b164	0	0	e3b0c44298fc1c14
logos_02_semantic_core_pass_result_err_big_ok	0	0	e3b0c44298fc1c14
logos_02_semantic_core_pass_result_into_iter	0	0	e3b0c44298fc1c14
logos_02_semantic_core_pass_result_map_closure	0	0	e3b0c44298fc1c14
logos_02_semantic_core_pass_return-block-type-inference-15965-b144	0	0	e3b0c44298fc1c14
logos_02_semantic_core_pass_return-coerce-bnever	0	0	e3b0c44298fc1c14
logos_02_semantic_core_pass_return-early-1	0	0	e3b0c44298fc1c14
logos_02_semantic_core_pass_return-early-2	0	0	e3b0c44298fc1c14
logos_02_semantic_core_pass_return-early-3	0	0	e3b0c44298fc1c14
logos_02_semantic_core_pass_return-early-4	0	0	e3b0c44298fc1c14
logos_02_semantic_core_pass_return-early-5	0	0	e3b0c44298fc1c14
logos_02_semantic_core_pass_return-from-closure	0	0	e3b0c44298fc1c14
logos_02_semantic_core_pass_return-from-closure-b149	0	0	e3b0c44298fc1c14
logos_02_semantic_core_pass_return-in-block-tuple	0	0	e3b0c44298fc1c14
logos_02_semantic_core_pass_return-in-const-fn	0	0	e3b0c44298fc1c14
logos_02_semantic_core_pass_return-lifetime-struct-lt	0	0	e3b0c44298fc1c14
logos_02_semantic_core_pass_return-nil	0	0	e3b0c44298fc1c14
logos_02_semantic_core_pass_return-ref-to-temp	0	5	e3b0c44298fc1c14
logos_02_semantic_core_pass_return-struct-fn2	0	0	e3b0c44298fc1c14
logos_02_semantic_core_pass_return-tuple-fn2	0	0	e3b0c44298fc1c14
logos_02_semantic_core_pass_return_in_subexpression	0	0	e3b0c44298fc1c14
logos_02_semantic_core_pass_rfc2229_disjoint_sibling_read	0	101	e3b0c44298fc1c14
logos_02_semantic_core_pass_rfc2229_move_disjoint_field	0	1	e3b0c44298fc1c14
logos_02_semantic_core_pass_rfc2229_move_disjoint_multilevel	0	42	e3b0c44298fc1c14
logos_02_semantic_core_pass_rvalue-match-equiv-binding-m2	0	0	e3b0c44298fc1c14
logos_02_semantic_core_pass_safety-ok	0	0	e3b0c44298fc1c14
logos_02_semantic_core_pass_safety-ok-b141	0	0	e3b0c44298fc1c14
logos_02_semantic_core_pass_same-name-assoc-type-and-method-at	0	0	e3b0c44298fc1c14
logos_02_semantic_core_pass_same_name_sibling_scopes	0	0	e3b0c44298fc1c14
logos_02_semantic_core_pass_saturating-arith-na	0	0	e3b0c44298fc1c14
logos_02_semantic_core_pass_saturating-checked-b138	0	0	e3b0c44298fc1c14
logos_02_semantic_core_pass_schema_box_write	0	0	e3b0c44298fc1c14
logos_02_semantic_core_pass_schema_decl	0	0	e3b0c44298fc1c14
logos_02_semantic_core_pass_schema_enum_match	0	0	e3b0c44298fc1c14
logos_02_semantic_core_pass_schema_generic	0	0	e3b0c44298fc1c14
logos_02_semantic_core_pass_schema_generic_enum	0	0	e3b0c44298fc1c14
logos_02_semantic_core_pass_schema_generic_str	0	0	e3b0c44298fc1c14
logos_02_semantic_core_pass_schema_impl	0	0	e3b0c44298fc1c14
logos_02_semantic_core_pass_schema_read	0	0	e3b0c44298fc1c14
logos_02_semantic_core_pass_schema_str	0	0	e3b0c44298fc1c14
logos_02_semantic_core_pass_schema_view_checked	0	0	e3b0c44298fc1c14
logos_02_semantic_core_pass_schema_wany	0	0	e3b0c44298fc1c14
logos_02_semantic_core_pass_schema_write	0	0	e3b0c44298fc1c14
logos_02_semantic_core_pass_scope	0	0	e3b0c44298fc1c14
logos_02_semantic_core_pass_sd_dst_field_turbofish_autoref	0	0	e3b0c44298fc1c14
logos_02_semantic_core_pass_sd_dst_module_methods	0	LINK	-
logos_02_semantic_core_pass_sd_dst_view_phase_order	0	0	e3b0c44298fc1c14
logos_02_semantic_core_pass_self-assignment	0	0	e3b0c44298fc1c14
logos_02_semantic_core_pass_self-field-deep	0	0	e3b0c44298fc1c14
logos_02_semantic_core_pass_self-impl-2-b141	0	0	e3b0c44298fc1c14
logos_02_semantic_core_pass_self-impl-self-types-b158	0	0	e3b0c44298fc1c14
logos_02_semantic_core_pass_self-in-method-body-resolves-b153	0	0	e3b0c44298fc1c14
logos_02_semantic_core_pass_self-in-mut-slot-default-method-b143	0	0	e3b0c44298fc1c14
logos_02_semantic_core_pass_self-in-mut-slot-default-method-b158	0	0	e3b0c44298fc1c14
logos_02_semantic_core_pass_self-in-mut-slot-immediate-value-b141	0	0	e3b0c44298fc1c14
logos_02_semantic_core_pass_self-in-supertype-b156	0	0	e3b0c44298fc1c14
logos_02_semantic_core_pass_self-lt-impl-method	0	0	e3b0c44298fc1c14
logos_02_semantic_core_pass_self-method-chain	0	0	e3b0c44298fc1c14
logos_02_semantic_core_pass_self-re-assign-b135	0	0	e3b0c44298fc1c14
logos_02_semantic_core_pass_self-re-assign-b155	0	0	e3b0c44298fc1c14
logos_02_semantic_core_pass_self-type-param-b144	0	0	e3b0c44298fc1c14
logos_02_semantic_core_pass_self-type-param-b153	0	0	e3b0c44298fc1c14
logos_02_semantic_core_pass_self-variant-resolution-b155	0	0	e3b0c44298fc1c14
logos_02_semantic_core_pass_self_describing_dst_generic	0	0	e3b0c44298fc1c14
logos_02_semantic_core_pass_self_describing_dst_typed_tail	0	0	e3b0c44298fc1c14
logos_02_semantic_core_pass_self_describing_tail_typed_access	0	0	e3b0c44298fc1c14
logos_02_semantic_core_pass_self_describing_thin_form_dispatch	0	0	e3b0c44298fc1c14
logos_02_semantic_core_pass_self_ref_param	0	42	e3b0c44298fc1c14
logos_02_semantic_core_pass_self_static_method_in_impl	0	0	e3b0c44298fc1c14
logos_02_semantic_core_pass_sema_assign_move_track	0	0	e3b0c44298fc1c14
logos_02_semantic_core_pass_sema_cross_arm_move	0	0	e3b0c44298fc1c14
logos_02_semantic_core_pass_sema_generic_struct_lit_move	0	0	e3b0c44298fc1c14
logos_02_semantic_core_pass_semistatement-in-lambda	0	0	e3b0c44298fc1c14
logos_02_semantic_core_pass_sep_bounded_spec_trailing_us	0	0	e3b0c44298fc1c14
logos_02_semantic_core_pass_sep_closure_formal_dunder	0	8	e3b0c44298fc1c14
logos_02_semantic_core_pass_sep_dyn_typearg_trailing_us	0	0	e3b0c44298fc1c14
logos_02_semantic_core_pass_sep_enum_embedded_dunder	0	3	e3b0c44298fc1c14
logos_02_semantic_core_pass_sep_enum_prefix_shadow	0	3	e3b0c44298fc1c14
logos_02_semantic_core_pass_sep_enum_trailing_us	0	0	e3b0c44298fc1c14
logos_02_semantic_core_pass_sep_free_fn_dunder	0	10	e3b0c44298fc1c14
logos_02_semantic_core_pass_sep_method_dunder_f	0	3	e3b0c44298fc1c14
logos_02_semantic_core_pass_sep_method_dunder_g	0	4	e3b0c44298fc1c14
logos_02_semantic_core_pass_sep_method_dunder_g_generic	0	0	e3b0c44298fc1c14
logos_02_semantic_core_pass_sep_method_dunder_nongeneric	0	3	e3b0c44298fc1c14
logos_02_semantic_core_pass_sep_method_leading_dunder	0	6	e3b0c44298fc1c14
logos_02_semantic_core_pass_sep_method_owner_trailing_us_generic	0	0	e3b0c44298fc1c14
logos_02_semantic_core_pass_sep_typevar_shadow	0	3	e3b0c44298fc1c14
logos_02_semantic_core_pass_sep_typevar_trailing_us	0	3	e3b0c44298fc1c14
logos_02_semantic_core_pass_sep_user_dunder_first_let_block	0	0	e3b0c44298fc1c14
logos_02_semantic_core_pass_shadow	0	0	e3b0c44298fc1c14
logos_02_semantic_core_pass_shadow-in-arm	0	0	e3b0c44298fc1c14
logos_02_semantic_core_pass_shadow-let-rebind-types-b162	0	0	e3b0c44298fc1c14
logos_02_semantic_core_pass_shadow-mut	0	0	e3b0c44298fc1c14
logos_02_semantic_core_pass_shadow-rebind	0	0	e3b0c44298fc1c14
logos_02_semantic_core_pass_shadow-rebind-b165	0	0	e3b0c44298fc1c14
logos_02_semantic_core_pass_shadow-same-scope-arith-b163	0	0	e3b0c44298fc1c14
logos_02_semantic_core_pass_shadow-type-change-b164	0	0	e3b0c44298fc1c14
logos_02_semantic_core_pass_shift-chains-na	0	0	e3b0c44298fc1c14
logos_02_semantic_core_pass_shift-near-oflo	0	0	e3b0c44298fc1c14
logos_02_semantic_core_pass_shift-various-b160	0	0	e3b0c44298fc1c14
logos_02_semantic_core_pass_shift-various-types	0	0	e3b0c44298fc1c14
logos_02_semantic_core_pass_shift-various-types-b138	0	0	e3b0c44298fc1c14
logos_02_semantic_core_pass_shift-various-types-b141	0	0	e3b0c44298fc1c14
logos_02_semantic_core_pass_shift-various-types-b152	0	0	e3b0c44298fc1c14
logos_02_semantic_core_pass_shift-various-types-b160	0	0	e3b0c44298fc1c14
logos_02_semantic_core_pass_shift-various-types-na4	0	0	e3b0c44298fc1c14
logos_02_semantic_core_pass_shift_result_type_is_the_left_operand	0	0	e3b0c44298fc1c14
logos_02_semantic_core_pass_short-circuit-and	0	0	e3b0c44298fc1c14
logos_02_semantic_core_pass_short-circuit-eval-order-b162	0	0	e3b0c44298fc1c14
logos_02_semantic_core_pass_short-circuit-ex	0	0	e3b0c44298fc1c14
logos_02_semantic_core_pass_short_circuit_and	0	42	e3b0c44298fc1c14
logos_02_semantic_core_pass_short_circuit_or	0	42	e3b0c44298fc1c14
logos_02_semantic_core_pass_showcase_type_metaprog	0	0	e3b0c44298fc1c14
logos_02_semantic_core_pass_sig_underscore_legal_positions	0	0	e3b0c44298fc1c14
logos_02_semantic_core_pass_signed-shift-const-eval-b160	0	0	e3b0c44298fc1c14
logos_02_semantic_core_pass_simple-capture-and-call	0	0	e3b0c44298fc1c14
logos_02_semantic_core_pass_simple-capture-and-call-b141	0	0	e3b0c44298fc1c14
logos_02_semantic_core_pass_simple-enum-usage-8506	0	0	e3b0c44298fc1c14
logos_02_semantic_core_pass_simple-generic-match	0	0	e3b0c44298fc1c14
logos_02_semantic_core_pass_simple-generic-match-b145	0	0	e3b0c44298fc1c14
logos_02_semantic_core_pass_simple-infer	0	0	e3b0c44298fc1c14
logos_02_semantic_core_pass_simple-infer-b153	0	0	e3b0c44298fc1c14
logos_02_semantic_core_pass_simple-match-generic-tag	0	0	e3b0c44298fc1c14
logos_02_semantic_core_pass_simplify-branch-same	0	0	e3b0c44298fc1c14
logos_02_semantic_core_pass_sip_hasher_basic	0	0	e3b0c44298fc1c14
logos_02_semantic_core_pass_size-and-align	0	0	e3b0c44298fc1c14
logos_02_semantic_core_pass_sized-marker-bound	0	0	e3b0c44298fc1c14
logos_02_semantic_core_pass_sized-self-new-where-clause-b158	0	0	e3b0c44298fc1c14
logos_02_semantic_core_pass_sized_partition_dispatch	0	0	e3b0c44298fc1c14
logos_02_semantic_core_pass_sizeof_field_alignment	0	76	e3b0c44298fc1c14
logos_02_semantic_core_pass_sizeof_generic_enum_rendered	0	0	1367f8c286c8bb7a
logos_02_semantic_core_pass_sizeof_type_without_value	0	0	e3b0c44298fc1c14
logos_02_semantic_core_pass_skip-count-itx	0	0	e3b0c44298fc1c14
logos_02_semantic_core_pass_slice	0	42	e3b0c44298fc1c14
logos_02_semantic_core_pass_slice-as-arg	0	0	e3b0c44298fc1c14
logos_02_semantic_core_pass_slice-first-last-b164	0	0	e3b0c44298fc1c14
logos_02_semantic_core_pass_slice-gen-first	0	0	e3b0c44298fc1c14
logos_02_semantic_core_pass_slice-index-iter-b138	0	0	e3b0c44298fc1c14
logos_02_semantic_core_pass_slice-index-pat	0	0	e3b0c44298fc1c14
logos_02_semantic_core_pass_slice-method	0	0	e3b0c44298fc1c14
logos_02_semantic_core_pass_slice-of-dyn-over-primitive-b172	0	0	e3b0c44298fc1c14
logos_02_semantic_core_pass_slice-param-sum-b165	0	0	e3b0c44298fc1c14
logos_02_semantic_core_pass_slice-pattern-recursion-15104-b149	0	0	e3b0c44298fc1c14
logos_02_semantic_core_pass_slice-rev-swap-inplace-b162	0	0	e3b0c44298fc1c14
logos_02_semantic_core_pass_slice-suffix-and-named-rest-b167	0	0	e3b0c44298fc1c14
logos_02_semantic_core_pass_slice_basic	0	42	e3b0c44298fc1c14
logos_02_semantic_core_pass_slice_bounds	0	42	e3b0c44298fc1c14
logos_02_semantic_core_pass_slice_destructure-b150	0	0	e3b0c44298fc1c14
logos_02_semantic_core_pass_slice_elem_literal_adoption	0	0	e3b0c44298fc1c14
logos_02_semantic_core_pass_slice_field_struct_is_copy	0	0	e3b0c44298fc1c14
logos_02_semantic_core_pass_slice_fn_arg	0	42	e3b0c44298fc1c14
logos_02_semantic_core_pass_slice_for_in	0	0	1dc008d228c479a1
logos_02_semantic_core_pass_slice_len	0	42	e3b0c44298fc1c14
logos_02_semantic_core_pass_slice_mut_write	0	42	e3b0c44298fc1c14
logos_02_semantic_core_pass_slice_ops	0	42	e3b0c44298fc1c14
logos_02_semantic_core_pass_slice_pattern_dynamic	0	0	e3b0c44298fc1c14
logos_02_semantic_core_pass_slice_payload_and_struct_field	0	25	e3b0c44298fc1c14
logos_02_semantic_core_pass_slice_ret_arg_not_self_tied	0	0	e3b0c44298fc1c14
logos_02_semantic_core_pass_slice_search	0	42	e3b0c44298fc1c14
logos_02_semantic_core_pass_slice_u8_index	0	0	e3b0c44298fc1c14
logos_02_semantic_core_pass_slice_value_copy_no_move	0	0	e3b0c44298fc1c14
logos_02_semantic_core_pass_small-enum-range-edge	0	0	e3b0c44298fc1c14
logos_02_semantic_core_pass_small-enum-range-edge-b156	0	0	e3b0c44298fc1c14
logos_02_semantic_core_pass_spec_struct_field_doc	0	0	e3b0c44298fc1c14
logos_02_semantic_core_pass_splice_str_i64_offset	0	0	e3b0c44298fc1c14
logos_02_semantic_core_pass_split_pat	0	0	e3b0c44298fc1c14
logos_02_semantic_core_pass_stable_layout_ok	0	0	e3b0c44298fc1c14
logos_02_semantic_core_pass_static-fn-call	0	0	e3b0c44298fc1c14
logos_02_semantic_core_pass_static-fn-gen-gap	0	0	e3b0c44298fc1c14
logos_02_semantic_core_pass_static-function-pointer-b145	0	0	e3b0c44298fc1c14
logos_02_semantic_core_pass_static-function-pointer-b153	0	0	e3b0c44298fc1c14
logos_02_semantic_core_pass_static-item-b166	0	0	e3b0c44298fc1c14
logos_02_semantic_core_pass_static-list-initialization-5917-b146	0	0	e3b0c44298fc1c14
logos_02_semantic_core_pass_static-method-by-return-type-b140	0	0	e3b0c44298fc1c14
logos_02_semantic_core_pass_static-method-on-generic-m	0	0	e3b0c44298fc1c14
logos_02_semantic_core_pass_static-method-overwriting-b159	0	0	e3b0c44298fc1c14
logos_02_semantic_core_pass_static-method-via-type	0	0	e3b0c44298fc1c14
logos_02_semantic_core_pass_static-methods-in-traits-b145	0	0	e3b0c44298fc1c14
logos_02_semantic_core_pass_static-shift-init-1660-b146	0	0	e3b0c44298fc1c14
logos_02_semantic_core_pass_static_generic_fn	0	0	e3b0c44298fc1c14
logos_02_semantic_core_pass_static_method	0	42	e3b0c44298fc1c14
logos_02_semantic_core_pass_static_new	0	0	64aeb9975f234bec
logos_02_semantic_core_pass_static_trait_method_via_supertrait	0	7	e3b0c44298fc1c14
logos_02_semantic_core_pass_std_cmp_basic	0	42	e3b0c44298fc1c14
logos_02_semantic_core_pass_std_hash_basic	0	42	e3b0c44298fc1c14
logos_02_semantic_core_pass_std_hashmap_basic	0	1	e3b0c44298fc1c14
logos_02_semantic_core_pass_std_hashmap_full	0	42	e3b0c44298fc1c14
logos_02_semantic_core_pass_std_hashmap_iter	0	7	e3b0c44298fc1c14
logos_02_semantic_core_pass_std_hashmap_multi_k	0	9	e3b0c44298fc1c14
logos_02_semantic_core_pass_stdlib_option_result_eq	0	0	e3b0c44298fc1c14
logos_02_semantic_core_pass_stdlib_string_eq	0	0	e3b0c44298fc1c14
logos_02_semantic_core_pass_stmt_expr_temp_drop	0	0	e3b0c44298fc1c14
logos_02_semantic_core_pass_str-char-iteration-b164	0	0	e3b0c44298fc1c14
logos_02_semantic_core_pass_str-len-byte-index-b165	0	0	e3b0c44298fc1c14
logos_02_semantic_core_pass_str-literal-ops-b163	0	0	e3b0c44298fc1c14
logos_02_semantic_core_pass_str-static-literal	0	0	e3b0c44298fc1c14
logos_02_semantic_core_pass_str_eq_method	0	0	e3b0c44298fc1c14
logos_02_semantic_core_pass_str_eq_op	0	0	e3b0c44298fc1c14
logos_02_semantic_core_pass_str_iter_basic	0	42	e3b0c44298fc1c14
logos_02_semantic_core_pass_str_pattern	0	0	e3b0c44298fc1c14
logos_02_semantic_core_pass_str_pattern_matches	0	0	e3b0c44298fc1c14
logos_02_semantic_core_pass_str_relational_cmp	0	0	e3b0c44298fc1c14
logos_02_semantic_core_pass_stream_buffer_degenerate	0	0	e3b0c44298fc1c14
logos_02_semantic_core_pass_stream_caps_trait_query	0	0	e3b0c44298fc1c14
logos_02_semantic_core_pass_stream_rewind_door_admitted	0	0	e3b0c44298fc1c14
logos_02_semantic_core_pass_stream_slice_stream_seam	0	0	e3b0c44298fc1c14
logos_02_semantic_core_pass_stream_traversal_buffer	0	0	e3b0c44298fc1c14
logos_02_semantic_core_pass_stream_weighted_epoch_seam	0	0	e3b0c44298fc1c14
logos_02_semantic_core_pass_string	0	13	1af2aa2b8d48200f
logos_02_semantic_core_pass_string-basic	0	0	e3b0c44298fc1c14
logos_02_semantic_core_pass_string-eq-str-literal-b170	0	0	e3b0c44298fc1c14
logos_02_semantic_core_pass_string-literal-patterns-b172	0	0	e3b0c44298fc1c14
logos_02_semantic_core_pass_string-match-fn-b172	0	0	e3b0c44298fc1c14
logos_02_semantic_core_pass_string-push-str	0	0	e3b0c44298fc1c14
logos_02_semantic_core_pass_string-self-append	0	0	e3b0c44298fc1c14
logos_02_semantic_core_pass_string_basic	0	42	853ff93762a06ddb
logos_02_semantic_core_pass_string_eq_empty	0	0	e3b0c44298fc1c14
logos_02_semantic_core_pass_string_strops	0	0	e3b0c44298fc1c14
logos_02_semantic_core_pass_struct-3field-1	0	0	e3b0c44298fc1c14
logos_02_semantic_core_pass_struct-3field-10	0	0	e3b0c44298fc1c14
logos_02_semantic_core_pass_struct-3field-2	0	0	e3b0c44298fc1c14
logos_02_semantic_core_pass_struct-3field-3	0	0	e3b0c44298fc1c14
logos_02_semantic_core_pass_struct-3field-4	0	0	e3b0c44298fc1c14
logos_02_semantic_core_pass_struct-3field-5	0	0	e3b0c44298fc1c14
logos_02_semantic_core_pass_struct-3field-6	0	0	e3b0c44298fc1c14
logos_02_semantic_core_pass_struct-3field-7	0	0	e3b0c44298fc1c14
logos_02_semantic_core_pass_struct-3field-8	0	0	e3b0c44298fc1c14
logos_02_semantic_core_pass_struct-3field-9	0	0	e3b0c44298fc1c14
logos_02_semantic_core_pass_struct-aliases	0	0	e3b0c44298fc1c14
logos_02_semantic_core_pass_struct-aliases-b139	0	0	e3b0c44298fc1c14
logos_02_semantic_core_pass_struct-aliases-b152	0	0	e3b0c44298fc1c14
logos_02_semantic_core_pass_struct-array-element-access-b166	0	0	e3b0c44298fc1c14
logos_02_semantic_core_pass_struct-array-field-read-loop-b166	0	0	e3b0c44298fc1c14
logos_02_semantic_core_pass_struct-array-field-sum-b165	0	0	e3b0c44298fc1c14
logos_02_semantic_core_pass_struct-assoc-const	0	0	e3b0c44298fc1c14
logos_02_semantic_core_pass_struct-cl-field	0	0	e3b0c44298fc1c14
logos_02_semantic_core_pass_struct-cl-field-call	0	0	e3b0c44298fc1c14
logos_02_semantic_core_pass_struct-clone-1	0	0	e3b0c44298fc1c14
logos_02_semantic_core_pass_struct-clone-10	0	0	e3b0c44298fc1c14
logos_02_semantic_core_pass_struct-clone-2	0	0	e3b0c44298fc1c14
logos_02_semantic_core_pass_struct-clone-3	0	0	e3b0c44298fc1c14
logos_02_semantic_core_pass_struct-clone-4	0	0	e3b0c44298fc1c14
logos_02_semantic_core_pass_struct-clone-5	0	0	e3b0c44298fc1c14
logos_02_semantic_core_pass_struct-clone-6	0	0	e3b0c44298fc1c14
logos_02_semantic_core_pass_struct-clone-7	0	0	e3b0c44298fc1c14
logos_02_semantic_core_pass_struct-clone-8	0	0	e3b0c44298fc1c14
logos_02_semantic_core_pass_struct-clone-9	0	0	e3b0c44298fc1c14
logos_02_semantic_core_pass_struct-const-field	0	0	e3b0c44298fc1c14
logos_02_semantic_core_pass_struct-destr-gen	0	0	e3b0c44298fc1c14
logos_02_semantic_core_pass_struct-destructure-let-pat	0	0	e3b0c44298fc1c14
logos_02_semantic_core_pass_struct-field-shorthand	0	0	e3b0c44298fc1c14
logos_02_semantic_core_pass_struct-field-shorthand-b135	0	0	e3b0c44298fc1c14
logos_02_semantic_core_pass_struct-field-shorthand-b148	0	0	e3b0c44298fc1c14
logos_02_semantic_core_pass_struct-field-shorthand-b152	0	0	e3b0c44298fc1c14
logos_02_semantic_core_pass_struct-field-shorthand-b159	0	0	e3b0c44298fc1c14
logos_02_semantic_core_pass_struct-field-update-st2	0	0	e3b0c44298fc1c14
logos_02_semantic_core_pass_struct-fn-ptr-field	0	0	e3b0c44298fc1c14
logos_02_semantic_core_pass_struct-fru-from-literal-base-b139	0	0	e3b0c44298fc1c14
logos_02_semantic_core_pass_struct-gen-with-const-gap	0	0	e3b0c44298fc1c14
logos_02_semantic_core_pass_struct-hrtb-bounded-field	0	0	e3b0c44298fc1c14
logos_02_semantic_core_pass_struct-hrtb-fnptr-field	0	0	e3b0c44298fc1c14
logos_02_semantic_core_pass_struct-impl-many-1	0	0	e3b0c44298fc1c14
logos_02_semantic_core_pass_struct-impl-many-2	0	0	e3b0c44298fc1c14
logos_02_semantic_core_pass_struct-impl-many-3	0	0	e3b0c44298fc1c14
logos_02_semantic_core_pass_struct-impl-many-4	0	0	e3b0c44298fc1c14
logos_02_semantic_core_pass_struct-impl-many-5	0	0	e3b0c44298fc1c14
logos_02_semantic_core_pass_struct-init-shorthand	0	0	e3b0c44298fc1c14
logos_02_semantic_core_pass_struct-lifetime-field-assignment-13405-b144	0	0	e3b0c44298fc1c14
logos_02_semantic_core_pass_struct-like-variant-construct	0	0	e3b0c44298fc1c14
logos_02_semantic_core_pass_struct-like-variant-construct-b157	0	0	e3b0c44298fc1c14
logos_02_semantic_core_pass_struct-like-variant-construct-en	0	0	e3b0c44298fc1c14
logos_02_semantic_core_pass_struct-like-variant-match	0	0	e3b0c44298fc1c14
logos_02_semantic_core_pass_struct-like-variant-match-b139	0	0	e3b0c44298fc1c14
logos_02_semantic_core_pass_struct-like-variant-match-en	0	0	e3b0c44298fc1c14
logos_02_semantic_core_pass_struct-lit-functional-no-fields	0	0	e3b0c44298fc1c14
logos_02_semantic_core_pass_struct-literal-dtor	0	0	e3b0c44298fc1c14
logos_02_semantic_core_pass_struct-method-1	0	0	e3b0c44298fc1c14
logos_02_semantic_core_pass_struct-method-10	0	0	e3b0c44298fc1c14
logos_02_semantic_core_pass_struct-method-2	0	0	e3b0c44298fc1c14
logos_02_semantic_core_pass_struct-method-3	0	0	e3b0c44298fc1c14
logos_02_semantic_core_pass_struct-method-4	0	0	e3b0c44298fc1c14
logos_02_semantic_core_pass_struct-method-5	0	0	e3b0c44298fc1c14
logos_02_semantic_core_pass_struct-method-6	0	0	e3b0c44298fc1c14
logos_02_semantic_core_pass_struct-method-7	0	0	e3b0c44298fc1c14
logos_02_semantic_core_pass_struct-method-8	0	0	e3b0c44298fc1c14
logos_02_semantic_core_pass_struct-method-9	0	0	e3b0c44298fc1c14
logos_02_semantic_core_pass_struct-multi-ctor	0	0	e3b0c44298fc1c14
logos_02_semantic_core_pass_struct-mut-1	0	0	e3b0c44298fc1c14
logos_02_semantic_core_pass_struct-mut-10	0	0	e3b0c44298fc1c14
logos_02_semantic_core_pass_struct-mut-2	0	0	e3b0c44298fc1c14
logos_02_semantic_core_pass_struct-mut-3	0	0	e3b0c44298fc1c14
logos_02_semantic_core_pass_struct-mut-4	0	0	e3b0c44298fc1c14
logos_02_semantic_core_pass_struct-mut-5	0	0	e3b0c44298fc1c14
logos_02_semantic_core_pass_struct-mut-6	0	0	e3b0c44298fc1c14
logos_02_semantic_core_pass_struct-mut-7	0	0	e3b0c44298fc1c14
logos_02_semantic_core_pass_struct-mut-8	0	0	e3b0c44298fc1c14
logos_02_semantic_core_pass_struct-mut-9	0	0	e3b0c44298fc1c14
logos_02_semantic_core_pass_struct-nested-field-mut-b165	0	0	e3b0c44298fc1c14
logos_02_semantic_core_pass_struct-new-as-field-name	0	0	e3b0c44298fc1c14
logos_02_semantic_core_pass_struct-new-field-name-st2	0	0	e3b0c44298fc1c14
logos_02_semantic_core_pass_struct-order-of-eval-1	0	0	e3b0c44298fc1c14
logos_02_semantic_core_pass_struct-order-of-eval-1-b155	0	0	e3b0c44298fc1c14
logos_02_semantic_core_pass_struct-order-of-eval-2	0	0	e3b0c44298fc1c14
logos_02_semantic_core_pass_struct-order-of-eval-2-b147	0	0	e3b0c44298fc1c14
logos_02_semantic_core_pass_struct-order-of-eval-3	0	0	e3b0c44298fc1c14
logos_02_semantic_core_pass_struct-order-of-eval-4	0	0	e3b0c44298fc1c14
logos_02_semantic_core_pass_struct-order-of-eval-b161	0	0	e3b0c44298fc1c14
logos_02_semantic_core_pass_struct-partial-move-1	0	0	e3b0c44298fc1c14
logos_02_semantic_core_pass_struct-partial-move-1-b161	0	0	e3b0c44298fc1c14
logos_02_semantic_core_pass_struct-partial-move-2	0	0	e3b0c44298fc1c14
logos_02_semantic_core_pass_struct-pattern-matching	0	0	e3b0c44298fc1c14
logos_02_semantic_core_pass_struct-pattern-matching-st2	0	0	e3b0c44298fc1c14
logos_02_semantic_core_pass_struct-reassign-from-fields-b172	0	0	e3b0c44298fc1c14
logos_02_semantic_core_pass_struct-rest-pattern-bn2	0	0	e3b0c44298fc1c14
logos_02_semantic_core_pass_struct-shape-nested-binding-b167	0	0	e3b0c44298fc1c14
logos_02_semantic_core_pass_struct-shape-variant-inner-b167	0	0	e3b0c44298fc1c14
logos_02_semantic_core_pass_struct-static-fn	0	0	e3b0c44298fc1c14
logos_02_semantic_core_pass_struct-update	0	0	e3b0c44298fc1c14
logos_02_semantic_core_pass_struct-update-generic-fsu-b162	0	0	e3b0c44298fc1c14
logos_02_semantic_core_pass_struct-update-syntax-2463	0	0	e3b0c44298fc1c14
logos_02_semantic_core_pass_struct-update-syntax-2463-b155	0	0	e3b0c44298fc1c14
logos_02_semantic_core_pass_struct-update-syntax-b138	0	0	e3b0c44298fc1c14
logos_02_semantic_core_pass_struct-update-syntax-b164	0	0	e3b0c44298fc1c14
logos_02_semantic_core_pass_struct-variant-destructure-19340-b147	0	0	e3b0c44298fc1c14
logos_02_semantic_core_pass_struct-variant-literal-field-8351-b140	0	0	e3b0c44298fc1c14
logos_02_semantic_core_pass_struct-variant-match-b160	0	0	e3b0c44298fc1c14
logos_02_semantic_core_pass_struct-variant-xc-match-b143	0	0	e3b0c44298fc1c14
logos_02_semantic_core_pass_struct-where-clause	0	0	e3b0c44298fc1c14
logos_02_semantic_core_pass_struct-wildcard-pattern-14308-b151	0	0	e3b0c44298fc1c14
logos_02_semantic_core_pass_struct-wildcard-pattern-pat	0	0	e3b0c44298fc1c14
logos_02_semantic_core_pass_struct-with-bool-1	0	0	e3b0c44298fc1c14
logos_02_semantic_core_pass_struct-with-bool-2	0	0	e3b0c44298fc1c14
logos_02_semantic_core_pass_struct-with-bool-3	0	0	e3b0c44298fc1c14
logos_02_semantic_core_pass_struct-with-bool-4	0	0	e3b0c44298fc1c14
logos_02_semantic_core_pass_struct-with-bool-5	0	0	e3b0c44298fc1c14
logos_02_semantic_core_pass_struct-with-lifetime-parameters-9259	0	0	e3b0c44298fc1c14
logos_02_semantic_core_pass_struct_arr_field	0	42	e3b0c44298fc1c14
logos_02_semantic_core_pass_struct_auto_copy	0	0	e3b0c44298fc1c14
logos_02_semantic_core_pass_struct_bitwise_operator_overload	0	0	e3b0c44298fc1c14
logos_02_semantic_core_pass_struct_default_vals	0	42	e3b0c44298fc1c14
logos_02_semantic_core_pass_struct_destructure-b150	0	0	e3b0c44298fc1c14
logos_02_semantic_core_pass_struct_inline_methods	0	42	e3b0c44298fc1c14
logos_02_semantic_core_pass_struct_lifetime	0	0	e3b0c44298fc1c14
logos_02_semantic_core_pass_struct_method_chain	0	42	e3b0c44298fc1c14
logos_02_semantic_core_pass_struct_nested	0	42	e3b0c44298fc1c14
logos_02_semantic_core_pass_struct_ptr_field	0	42	e3b0c44298fc1c14
logos_02_semantic_core_pass_struct_return	0	42	e3b0c44298fc1c14
logos_02_semantic_core_pass_struct_shadows_imported_datatype	0	0	e3b0c44298fc1c14
logos_02_semantic_core_pass_struct_slice_field_layout	0	42	e3b0c44298fc1c14
logos_02_semantic_core_pass_struct_slice_field_mut_write	0	42	e3b0c44298fc1c14
logos_02_semantic_core_pass_struct_spec	0	103	e3b0c44298fc1c14
logos_02_semantic_core_pass_struct_update	0	42	e3b0c44298fc1c14
logos_02_semantic_core_pass_struct_update_base_first	0	36	e3b0c44298fc1c14
logos_02_semantic_core_pass_struct_update_field	0	42	e3b0c44298fc1c14
logos_02_semantic_core_pass_struct_update_with_string	0	1	e3b0c44298fc1c14
logos_02_semantic_core_pass_structured-compare-b144	0	0	e3b0c44298fc1c14
logos_02_semantic_core_pass_subtyping-both-lhs-and-rhs-in-add-impl	0	0	e3b0c44298fc1c14
logos_02_semantic_core_pass_suggest-introducing-and-adding-missing-lifetime--c22b-outlives-bound-ignored	0	0	e3b0c44298fc1c14
logos_02_semantic_core_pass_super-fast-paren-parsing	0	0	e3b0c44298fc1c14
logos_02_semantic_core_pass_superdefault-generics-b143	0	0	e3b0c44298fc1c14
logos_02_semantic_core_pass_supertrait	0	0	e3b0c44298fc1c14
logos_02_semantic_core_pass_supertrait-assoc-fn-returns-self-4107-tr3	0	0	e3b0c44298fc1c14
logos_02_semantic_core_pass_supertrait-bound-chain-b137	0	0	e3b0c44298fc1c14
logos_02_semantic_core_pass_supertrait-chain-methods-b160	0	0	e3b0c44298fc1c14
logos_02_semantic_core_pass_supertrait-default-method-b162	0	0	e3b0c44298fc1c14
logos_02_semantic_core_pass_supertrait-dyn-default-b166	0	0	e3b0c44298fc1c14
logos_02_semantic_core_pass_supertrait-generic-bound-b167	0	0	e3b0c44298fc1c14
logos_02_semantic_core_pass_supertrait-self-projection-b172	0	0	e3b0c44298fc1c14
logos_02_semantic_core_pass_supertrait-self-returning-4107-b158	0	0	e3b0c44298fc1c14
logos_02_semantic_core_pass_supertrait_basic	0	21	e3b0c44298fc1c14
logos_02_semantic_core_pass_supertrait_generic	0	42	e3b0c44298fc1c14
logos_02_semantic_core_pass_supertrait_method_dispatch	0	7	e3b0c44298fc1c14
logos_02_semantic_core_pass_supertrait_upcast	0	4	e3b0c44298fc1c14
logos_02_semantic_core_pass_supertrait_upcast_diamond	0	86	e3b0c44298fc1c14
logos_02_semantic_core_pass_supported-cast	0	0	e3b0c44298fc1c14
logos_02_semantic_core_pass_supported-cast-b157	0	0	e3b0c44298fc1c14
logos_02_semantic_core_pass_supported-numeric-cast-b139	0	0	e3b0c44298fc1c14
logos_02_semantic_core_pass_synth_pkg_identspan_quote	0	42	e3b0c44298fc1c14
logos_02_semantic_core_pass_synth_pkg_identspan_quote_ctl	0	42	e3b0c44298fc1c14
logos_02_semantic_core_pass_synth_pkg_type_homonym	0	20	cd63514b6e361c47
logos_02_semantic_core_pass_synth_pkg_type_homonym_ctl	0	20	cd63514b6e361c47
logos_02_semantic_core_pass_tag	0	0	e3b0c44298fc1c14
logos_02_semantic_core_pass_tag-b148	0	0	e3b0c44298fc1c14
logos_02_semantic_core_pass_tag-custom-eq-b135	0	0	e3b0c44298fc1c14
logos_02_semantic_core_pass_tag-in-block-b144	0	0	e3b0c44298fc1c14
logos_02_semantic_core_pass_tag-variant-disr-val	0	0	e3b0c44298fc1c14
logos_02_semantic_core_pass_tag-variant-disr-val-b159	0	0	e3b0c44298fc1c14
logos_02_semantic_core_pass_tag-variant-disr-val-se4	0	0	e3b0c44298fc1c14
logos_02_semantic_core_pass_tag_dispatch_call	0	0	e3b0c44298fc1c14
logos_02_semantic_core_pass_tag_dispatch_sibling_concrete	0	0	e3b0c44298fc1c14
logos_02_semantic_core_pass_tag_dispatch_table	0	0	e3b0c44298fc1c14
logos_02_semantic_core_pass_tag_dispatch_tier2	0	0	e3b0c44298fc1c14
logos_02_semantic_core_pass_tag_system_basic	0	0	e3b0c44298fc1c14
logos_02_semantic_core_pass_tagged_chain	0	42	e3b0c44298fc1c14
logos_02_semantic_core_pass_tagged_enum	0	52	e3b0c44298fc1c14
logos_02_semantic_core_pass_tagged_multi_payload	0	42	e3b0c44298fc1c14
logos_02_semantic_core_pass_tagged_nested	0	42	e3b0c44298fc1c14
logos_02_semantic_core_pass_tail-vs-return-parity-b154	0	0	e3b0c44298fc1c14
logos_02_semantic_core_pass_tail_expr_return	0	22	e3b0c44298fc1c14
logos_02_semantic_core_pass_tail_expr_return_coercions	0	0	e3b0c44298fc1c14
logos_02_semantic_core_pass_take-count-itx	0	0	e3b0c44298fc1c14
logos_02_semantic_core_pass_temp_lifetime_extension	0	0	e3b0c44298fc1c14
logos_02_semantic_core_pass_temp_scope_extend_vs_argument	0	42	e3b0c44298fc1c14
logos_02_semantic_core_pass_template_decl_smoke	0	0	e3b0c44298fc1c14
logos_02_semantic_core_pass_template_item_handle_smoke	0	0	e3b0c44298fc1c14
logos_02_semantic_core_pass_terminate-in-initializer-b154	0	0	e3b0c44298fc1c14
logos_02_semantic_core_pass_test_chain	0	0	e3b0c44298fc1c14
logos_02_semantic_core_pass_test_harness_asserts	0	1	e3b0c44298fc1c14
logos_02_semantic_core_pass_test_harness_basic	0	1	e3b0c44298fc1c14
logos_02_semantic_core_pass_test_harness_coretest_any	0	0	e3b0c44298fc1c14
logos_02_semantic_core_pass_test_harness_coretest_arc	0	0	e3b0c44298fc1c14
logos_02_semantic_core_pass_test_harness_coretest_ascii	0	0	e3b0c44298fc1c14
logos_02_semantic_core_pass_test_harness_coretest_assert_macros	0	0	e3b0c44298fc1c14
logos_02_semantic_core_pass_test_harness_coretest_batch_b49	0	0	e3b0c44298fc1c14
logos_02_semantic_core_pass_test_harness_coretest_batch_b50	0	0	e3b0c44298fc1c14
logos_02_semantic_core_pass_test_harness_coretest_batch_b51_dei	0	0	e3b0c44298fc1c14
logos_02_semantic_core_pass_test_harness_coretest_batch_b52_sources	0	0	e3b0c44298fc1c14
logos_02_semantic_core_pass_test_harness_coretest_batch_b60_esi_take_dei	0	0	e3b0c44298fc1c14
logos_02_semantic_core_pass_test_harness_coretest_batch_b87_iter_helpers	0	0	e3b0c44298fc1c14
logos_02_semantic_core_pass_test_harness_coretest_batch_b88_iter_cmp	0	0	e3b0c44298fc1c14
logos_02_semantic_core_pass_test_harness_coretest_batch_b89	0	0	e3b0c44298fc1c14
logos_02_semantic_core_pass_test_harness_coretest_batch_b90	0	0	e3b0c44298fc1c14
logos_02_semantic_core_pass_test_harness_coretest_batch_b91	0	0	e3b0c44298fc1c14
logos_02_semantic_core_pass_test_harness_coretest_bool	0	0	e3b0c44298fc1c14
logos_02_semantic_core_pass_test_harness_coretest_bool_conv	0	0	e3b0c44298fc1c14
logos_02_semantic_core_pass_test_harness_coretest_bool_to_string	0	0	e3b0c44298fc1c14
logos_02_semantic_core_pass_test_harness_coretest_boxed	0	0	e3b0c44298fc1c14
logos_02_semantic_core_pass_test_harness_coretest_char	0	0	e3b0c44298fc1c14
logos_02_semantic_core_pass_test_harness_coretest_char_ascii	0	0	e3b0c44298fc1c14
logos_02_semantic_core_pass_test_harness_coretest_char_to_digit_option	0	0	e3b0c44298fc1c14
logos_02_semantic_core_pass_test_harness_coretest_clone	0	0	e3b0c44298fc1c14
logos_02_semantic_core_pass_test_harness_coretest_cmp	0	0	e3b0c44298fc1c14
logos_02_semantic_core_pass_test_harness_coretest_convert	0	0	e3b0c44298fc1c14
logos_02_semantic_core_pass_test_harness_coretest_convert_from	0	0	e3b0c44298fc1c14
logos_02_semantic_core_pass_test_harness_coretest_error	0	0	e3b0c44298fc1c14
logos_02_semantic_core_pass_test_harness_coretest_hint	0	0	e3b0c44298fc1c14
logos_02_semantic_core_pass_test_harness_coretest_i32_arith	0	0	e3b0c44298fc1c14
logos_02_semantic_core_pass_test_harness_coretest_i32_bitcount	0	0	e3b0c44298fc1c14
logos_02_semantic_core_pass_test_harness_coretest_i32_bitwise	0	0	e3b0c44298fc1c14
logos_02_semantic_core_pass_test_harness_coretest_i32_checked	0	0	e3b0c44298fc1c14
logos_02_semantic_core_pass_test_harness_coretest_i32_overflowing_wrapping	0	0	e3b0c44298fc1c14
logos_02_semantic_core_pass_test_harness_coretest_i32_pow	0	0	e3b0c44298fc1c14
logos_02_semantic_core_pass_test_harness_coretest_i32_rotate	0	0	e3b0c44298fc1c14
logos_02_semantic_core_pass_test_harness_coretest_i32_saturating	0	0	e3b0c44298fc1c14
logos_02_semantic_core_pass_test_harness_coretest_i32_signum_abs	0	0	e3b0c44298fc1c14
logos_02_semantic_core_pass_test_harness_coretest_i32_swap_bytes	0	0	e3b0c44298fc1c14
logos_02_semantic_core_pass_test_harness_coretest_i64_basic	0	0	e3b0c44298fc1c14
logos_02_semantic_core_pass_test_harness_coretest_int_battery	0	0	e3b0c44298fc1c14
logos_02_semantic_core_pass_test_harness_coretest_iter_array	0	0	e3b0c44298fc1c14
logos_02_semantic_core_pass_test_harness_coretest_iter_chain	0	0	e3b0c44298fc1c14
logos_02_semantic_core_pass_test_harness_coretest_iter_chain_terminals	0	0	e3b0c44298fc1c14
logos_02_semantic_core_pass_test_harness_coretest_iter_collect	0	0	e3b0c44298fc1c14
logos_02_semantic_core_pass_test_harness_coretest_iter_cycle	0	0	e3b0c44298fc1c14
logos_02_semantic_core_pass_test_harness_coretest_iter_enumerate	0	0	e3b0c44298fc1c14
logos_02_semantic_core_pass_test_harness_coretest_iter_enumerate_dei	0	0	e3b0c44298fc1c14
logos_02_semantic_core_pass_test_harness_coretest_iter_eq_by	0	0	e3b0c44298fc1c14
logos_02_semantic_core_pass_test_harness_coretest_iter_filter	0	0	e3b0c44298fc1c14
logos_02_semantic_core_pass_test_harness_coretest_iter_filter_map	0	0	e3b0c44298fc1c14
logos_02_semantic_core_pass_test_harness_coretest_iter_find_map_reduce	0	0	e3b0c44298fc1c14
logos_02_semantic_core_pass_test_harness_coretest_iter_fuse	0	0	e3b0c44298fc1c14
logos_02_semantic_core_pass_test_harness_coretest_iter_len	0	0	e3b0c44298fc1c14
logos_02_semantic_core_pass_test_harness_coretest_iter_map	0	0	e3b0c44298fc1c14
logos_02_semantic_core_pass_test_harness_coretest_iter_max_min_ord	0	0	e3b0c44298fc1c14
logos_02_semantic_core_pass_test_harness_coretest_iter_min_max	0	0	e3b0c44298fc1c14
logos_02_semantic_core_pass_test_harness_coretest_iter_minmax_by	0	0	e3b0c44298fc1c14
logos_02_semantic_core_pass_test_harness_coretest_iter_nth_back	0	0	e3b0c44298fc1c14
logos_02_semantic_core_pass_test_harness_coretest_iter_nth_last	0	0	e3b0c44298fc1c14
logos_02_semantic_core_pass_test_harness_coretest_iter_peekable	0	0	e3b0c44298fc1c14
logos_02_semantic_core_pass_test_harness_coretest_iter_peekable_count	0	0	e3b0c44298fc1c14
logos_02_semantic_core_pass_test_harness_coretest_iter_range	0	0	e3b0c44298fc1c14
logos_02_semantic_core_pass_test_harness_coretest_iter_range_full	0	0	e3b0c44298fc1c14
logos_02_semantic_core_pass_test_harness_coretest_iter_range_nth	0	0	e3b0c44298fc1c14
logos_02_semantic_core_pass_test_harness_coretest_iter_rev	0	0	e3b0c44298fc1c14
logos_02_semantic_core_pass_test_harness_coretest_iter_rposition	0	0	e3b0c44298fc1c14
logos_02_semantic_core_pass_test_harness_coretest_iter_scan	0	0	e3b0c44298fc1c14
logos_02_semantic_core_pass_test_harness_coretest_iter_search	0	0	e3b0c44298fc1c14
logos_02_semantic_core_pass_test_harness_coretest_iter_skip	0	0	e3b0c44298fc1c14
logos_02_semantic_core_pass_test_harness_coretest_iter_skip_count_last	0	0	e3b0c44298fc1c14
logos_02_semantic_core_pass_test_harness_coretest_iter_skip_len	0	0	e3b0c44298fc1c14
logos_02_semantic_core_pass_test_harness_coretest_iter_skip_while	0	0	e3b0c44298fc1c14
logos_02_semantic_core_pass_test_harness_coretest_iter_step_by	0	0	e3b0c44298fc1c14
logos_02_semantic_core_pass_test_harness_coretest_iter_sum	0	0	e3b0c44298fc1c14
logos_02_semantic_core_pass_test_harness_coretest_iter_sum_product	0	0	e3b0c44298fc1c14
logos_02_semantic_core_pass_test_harness_coretest_iter_take	0	0	e3b0c44298fc1c14
logos_02_semantic_core_pass_test_harness_coretest_iter_take_short	0	0	e3b0c44298fc1c14
logos_02_semantic_core_pass_test_harness_coretest_iter_take_while	0	0	e3b0c44298fc1c14
logos_02_semantic_core_pass_test_harness_coretest_iter_zip	0	0	e3b0c44298fc1c14
logos_02_semantic_core_pass_test_harness_coretest_iter_zip_dei	0	0	e3b0c44298fc1c14
logos_02_semantic_core_pass_test_harness_coretest_iter_zip_nth	0	0	e3b0c44298fc1c14
logos_02_semantic_core_pass_test_harness_coretest_lazy	0	0	e3b0c44298fc1c14
logos_02_semantic_core_pass_test_harness_coretest_manually_drop	0	0	e3b0c44298fc1c14
logos_02_semantic_core_pass_test_harness_coretest_mem	0	0	e3b0c44298fc1c14
logos_02_semantic_core_pass_test_harness_coretest_mem_maybe_uninit	0	0	e3b0c44298fc1c14
logos_02_semantic_core_pass_test_harness_coretest_nonzero	0	0	e3b0c44298fc1c14
logos_02_semantic_core_pass_test_harness_coretest_num_i32_arith	0	0	e3b0c44298fc1c14
logos_02_semantic_core_pass_test_harness_coretest_ops	0	0	e3b0c44298fc1c14
logos_02_semantic_core_pass_test_harness_coretest_option	0	0	e3b0c44298fc1c14
logos_02_semantic_core_pass_test_harness_coretest_option_combinators	0	0	e3b0c44298fc1c14
logos_02_semantic_core_pass_test_harness_coretest_option_default	0	0	e3b0c44298fc1c14
logos_02_semantic_core_pass_test_harness_coretest_option_get	0	0	e3b0c44298fc1c14
logos_02_semantic_core_pass_test_harness_coretest_option_iter	0	0	e3b0c44298fc1c14
logos_02_semantic_core_pass_test_harness_coretest_option_try	0	0	e3b0c44298fc1c14
logos_02_semantic_core_pass_test_harness_coretest_option_unwrap_or_default	0	0	e3b0c44298fc1c14
logos_02_semantic_core_pass_test_harness_coretest_ordering_methods	0	0	e3b0c44298fc1c14
logos_02_semantic_core_pass_test_harness_coretest_ordering_reverse	0	0	e3b0c44298fc1c14
logos_02_semantic_core_pass_test_harness_coretest_ordering_then	0	0	e3b0c44298fc1c14
logos_02_semantic_core_pass_test_harness_coretest_ptr	0	0	e3b0c44298fc1c14
logos_02_semantic_core_pass_test_harness_coretest_qmark_from	0	0	e3b0c44298fc1c14
logos_02_semantic_core_pass_test_harness_coretest_rc	0	0	e3b0c44298fc1c14
logos_02_semantic_core_pass_test_harness_coretest_result	0	0	e3b0c44298fc1c14
logos_02_semantic_core_pass_test_harness_coretest_result_combinators	0	0	e3b0c44298fc1c14
logos_02_semantic_core_pass_test_harness_coretest_result_map	0	0	e3b0c44298fc1c14
logos_02_semantic_core_pass_test_harness_coretest_result_try	0	0	e3b0c44298fc1c14
logos_02_semantic_core_pass_test_harness_coretest_size_of	0	0	e3b0c44298fc1c14
logos_02_semantic_core_pass_test_harness_coretest_slice	0	0	e3b0c44298fc1c14
logos_02_semantic_core_pass_test_harness_coretest_str	0	0	e3b0c44298fc1c14
logos_02_semantic_core_pass_test_harness_coretest_string	0	0	e3b0c44298fc1c14
logos_02_semantic_core_pass_test_harness_coretest_time	0	0	e3b0c44298fc1c14
logos_02_semantic_core_pass_test_harness_coretest_tuple_eq	0	0	e3b0c44298fc1c14
logos_02_semantic_core_pass_test_harness_coretest_u32_basic	0	0	e3b0c44298fc1c14
logos_02_semantic_core_pass_test_harness_coretest_u64_basic	0	0	e3b0c44298fc1c14
logos_02_semantic_core_pass_test_harness_coretest_u64_wrapping_checked	0	0	e3b0c44298fc1c14
logos_02_semantic_core_pass_test_harness_coretest_unsafe_cell	0	0	e3b0c44298fc1c14
logos_02_semantic_core_pass_test_harness_coretest_user_defined_eq	0	0	e3b0c44298fc1c14
logos_02_semantic_core_pass_test_harness_coretest_vec	0	0	e3b0c44298fc1c14
logos_02_semantic_core_pass_test_harness_coretest_vec_deque	0	0	e3b0c44298fc1c14
logos_02_semantic_core_pass_test_harness_panic_macro	0	0	e3b0c44298fc1c14
logos_02_semantic_core_pass_test_harness_postsema_discovery	0	0	e3b0c44298fc1c14
logos_02_semantic_core_pass_test_harness_should_panic_expected	0	0	e3b0c44298fc1c14
logos_02_semantic_core_pass_test_harness_should_panic_mismatch	0	1	e3b0c44298fc1c14
logos_02_semantic_core_pass_three_layer_chain	0	LINK	-
logos_02_semantic_core_pass_time_basic	0	42	e3b0c44298fc1c14
logos_02_semantic_core_pass_token_macro_basic	0	99	e3b0c44298fc1c14
logos_02_semantic_core_pass_token_macro_item_named_resource	0	42	e3b0c44298fc1c14
logos_02_semantic_core_pass_token_macro_item_params_resource	0	42	e3b0c44298fc1c14
logos_02_semantic_core_pass_token_macro_item_resource	0	42	e3b0c44298fc1c14
logos_02_semantic_core_pass_token_stream_basic	0	111	e3b0c44298fc1c14
logos_02_semantic_core_pass_tpb-counter-increment	0	0	e3b0c44298fc1c14
logos_02_semantic_core_pass_tpb-field-receiver	0	0	e3b0c44298fc1c14
logos_02_semantic_core_pass_tpb-fn-call-no-conflict	0	0	e3b0c44298fc1c14
logos_02_semantic_core_pass_tpb-method-chain	0	0	e3b0c44298fc1c14
logos_02_semantic_core_pass_tpb-method-chain-tpb	0	0	e3b0c44298fc1c14
logos_02_semantic_core_pass_tpb-mut-receiver-with-self-method	0	0	e3b0c44298fc1c14
logos_02_semantic_core_pass_tpb-mut-with-copy-read	0	0	e3b0c44298fc1c14
logos_02_semantic_core_pass_tpb-mut-with-shared-ref-arg	0	0	e3b0c44298fc1c14
logos_02_semantic_core_pass_tpb-nested-call	0	0	e3b0c44298fc1c14
logos_02_semantic_core_pass_tpb-three-args	0	0	e3b0c44298fc1c14
logos_02_semantic_core_pass_tpb-vec-extend-from-self	0	0	e3b0c44298fc1c14
logos_02_semantic_core_pass_tpb-vec-push-len	0	0	e3b0c44298fc1c14
logos_02_semantic_core_pass_tpb-vec-push-len-no-tpb	0	0	e3b0c44298fc1c14
logos_02_semantic_core_pass_tpb-with-field-args	0	0	e3b0c44298fc1c14
logos_02_semantic_core_pass_trailing_comma_lists	0	0	e3b0c44298fc1c14
logos_02_semantic_core_pass_trait	0	42	e3b0c44298fc1c14
logos_02_semantic_core_pass_trait-assoc-fn-no-self-tr2	0	0	e3b0c44298fc1c14
logos_02_semantic_core_pass_trait-basic-1	0	0	e3b0c44298fc1c14
logos_02_semantic_core_pass_trait-basic-10	0	0	e3b0c44298fc1c14
logos_02_semantic_core_pass_trait-basic-2	0	0	e3b0c44298fc1c14
logos_02_semantic_core_pass_trait-basic-3	0	0	e3b0c44298fc1c14
logos_02_semantic_core_pass_trait-basic-4	0	0	e3b0c44298fc1c14
logos_02_semantic_core_pass_trait-basic-5	0	0	e3b0c44298fc1c14
logos_02_semantic_core_pass_trait-basic-6	0	0	e3b0c44298fc1c14
logos_02_semantic_core_pass_trait-basic-7	0	0	e3b0c44298fc1c14
logos_02_semantic_core_pass_trait-basic-8	0	0	e3b0c44298fc1c14
logos_02_semantic_core_pass_trait-basic-9	0	0	e3b0c44298fc1c14
logos_02_semantic_core_pass_trait-bound-1	0	0	e3b0c44298fc1c14
logos_02_semantic_core_pass_trait-bound-10	0	0	e3b0c44298fc1c14
logos_02_semantic_core_pass_trait-bound-2	0	0	e3b0c44298fc1c14
logos_02_semantic_core_pass_trait-bound-3	0	0	e3b0c44298fc1c14
logos_02_semantic_core_pass_trait-bound-4	0	0	e3b0c44298fc1c14
logos_02_semantic_core_pass_trait-bound-5	0	0	e3b0c44298fc1c14
logos_02_semantic_core_pass_trait-bound-6	0	0	e3b0c44298fc1c14
logos_02_semantic_core_pass_trait-bound-7	0	0	e3b0c44298fc1c14
logos_02_semantic_core_pass_trait-bound-8	0	0	e3b0c44298fc1c14
logos_02_semantic_core_pass_trait-bound-9	0	0	e3b0c44298fc1c14
logos_02_semantic_core_pass_trait-chain-disp	0	0	e3b0c44298fc1c14
logos_02_semantic_core_pass_trait-cross-method	0	0	e3b0c44298fc1c14
logos_02_semantic_core_pass_trait-default-1	0	0	e3b0c44298fc1c14
logos_02_semantic_core_pass_trait-default-10	0	0	e3b0c44298fc1c14
logos_02_semantic_core_pass_trait-default-2	0	0	e3b0c44298fc1c14
logos_02_semantic_core_pass_trait-default-3	0	0	e3b0c44298fc1c14
logos_02_semantic_core_pass_trait-default-4	0	0	e3b0c44298fc1c14
logos_02_semantic_core_pass_trait-default-5	0	0	e3b0c44298fc1c14
logos_02_semantic_core_pass_trait-default-6	0	0	e3b0c44298fc1c14
logos_02_semantic_core_pass_trait-default-7	0	0	e3b0c44298fc1c14
logos_02_semantic_core_pass_trait-default-8	0	0	e3b0c44298fc1c14
logos_02_semantic_core_pass_trait-default-9	0	0	e3b0c44298fc1c14
logos_02_semantic_core_pass_trait-default-base-1	0	0	e3b0c44298fc1c14
logos_02_semantic_core_pass_trait-default-base-10	0	0	e3b0c44298fc1c14
logos_02_semantic_core_pass_trait-default-base-2	0	0	e3b0c44298fc1c14
logos_02_semantic_core_pass_trait-default-base-3	0	0	e3b0c44298fc1c14
logos_02_semantic_core_pass_trait-default-base-4	0	0	e3b0c44298fc1c14
logos_02_semantic_core_pass_trait-default-base-5	0	0	e3b0c44298fc1c14
logos_02_semantic_core_pass_trait-default-base-6	0	0	e3b0c44298fc1c14
logos_02_semantic_core_pass_trait-default-base-7	0	0	e3b0c44298fc1c14
logos_02_semantic_core_pass_trait-default-base-8	0	0	e3b0c44298fc1c14
logos_02_semantic_core_pass_trait-default-base-9	0	0	e3b0c44298fc1c14
logos_02_semantic_core_pass_trait-default-calls-free-generic-7183-b158	0	0	e3b0c44298fc1c14
logos_02_semantic_core_pass_trait-default-delegate-b165	0	0	e3b0c44298fc1c14
logos_02_semantic_core_pass_trait-default-method-bound-b138	0	0	e3b0c44298fc1c14
logos_02_semantic_core_pass_trait-default-method-on-primitive-b136	0	0	e3b0c44298fc1c14
logos_02_semantic_core_pass_trait-default-override-b166	0	0	e3b0c44298fc1c14
logos_02_semantic_core_pass_trait-default-recurse	0	0	e3b0c44298fc1c14
logos_02_semantic_core_pass_trait-default-sum-area-b163	0	0	e3b0c44298fc1c14
logos_02_semantic_core_pass_trait-disp-1	0	0	e3b0c44298fc1c14
logos_02_semantic_core_pass_trait-disp-10	0	0	e3b0c44298fc1c14
logos_02_semantic_core_pass_trait-disp-2	0	0	e3b0c44298fc1c14
logos_02_semantic_core_pass_trait-disp-3	0	0	e3b0c44298fc1c14
logos_02_semantic_core_pass_trait-disp-4	0	0	e3b0c44298fc1c14
logos_02_semantic_core_pass_trait-disp-5	0	0	e3b0c44298fc1c14
logos_02_semantic_core_pass_trait-disp-6	0	0	e3b0c44298fc1c14
logos_02_semantic_core_pass_trait-disp-7	0	0	e3b0c44298fc1c14
logos_02_semantic_core_pass_trait-disp-8	0	0	e3b0c44298fc1c14
logos_02_semantic_core_pass_trait-disp-9	0	0	e3b0c44298fc1c14
logos_02_semantic_core_pass_trait-generic-1	0	0	e3b0c44298fc1c14
logos_02_semantic_core_pass_trait-generic-10	0	0	e3b0c44298fc1c14
logos_02_semantic_core_pass_trait-generic-2	0	0	e3b0c44298fc1c14
logos_02_semantic_core_pass_trait-generic-3	0	0	e3b0c44298fc1c14
logos_02_semantic_core_pass_trait-generic-4	0	0	e3b0c44298fc1c14
logos_02_semantic_core_pass_trait-generic-5	0	0	e3b0c44298fc1c14
logos_02_semantic_core_pass_trait-generic-6	0	0	e3b0c44298fc1c14
logos_02_semantic_core_pass_trait-generic-7	0	0	e3b0c44298fc1c14
logos_02_semantic_core_pass_trait-generic-8	0	0	e3b0c44298fc1c14
logos_02_semantic_core_pass_trait-generic-9	0	0	e3b0c44298fc1c14
logos_02_semantic_core_pass_trait-generic-default-b164	0	0	e3b0c44298fc1c14
logos_02_semantic_core_pass_trait-generic-dispatch-convert-b165	0	0	e3b0c44298fc1c14
logos_02_semantic_core_pass_trait-generic-method-b138	0	0	e3b0c44298fc1c14
logos_02_semantic_core_pass_trait-generic-method-b166	0	0	e3b0c44298fc1c14
logos_02_semantic_core_pass_trait-generic-method-call-b166	0	0	e3b0c44298fc1c14
logos_02_semantic_core_pass_trait-impl-multi-1	0	0	e3b0c44298fc1c14
logos_02_semantic_core_pass_trait-impl-multi-10	0	0	e3b0c44298fc1c14
logos_02_semantic_core_pass_trait-impl-multi-2	0	0	e3b0c44298fc1c14
logos_02_semantic_core_pass_trait-impl-multi-3	0	0	e3b0c44298fc1c14
logos_02_semantic_core_pass_trait-impl-multi-4	0	0	e3b0c44298fc1c14
logos_02_semantic_core_pass_trait-impl-multi-5	0	0	e3b0c44298fc1c14
logos_02_semantic_core_pass_trait-impl-multi-6	0	0	e3b0c44298fc1c14
logos_02_semantic_core_pass_trait-impl-multi-7	0	0	e3b0c44298fc1c14
logos_02_semantic_core_pass_trait-impl-multi-8	0	0	e3b0c44298fc1c14
logos_02_semantic_core_pass_trait-impl-multi-9	0	0	e3b0c44298fc1c14
logos_02_semantic_core_pass_trait-impl-on-opt	0	0	e3b0c44298fc1c14
logos_02_semantic_core_pass_trait-implementation-for-primitive-type-5280	0	0	e3b0c44298fc1c14
logos_02_semantic_core_pass_trait-implementation-for-usize-5321	0	0	e3b0c44298fc1c14
logos_02_semantic_core_pass_trait-implementation-restriction-5988	0	0	e3b0c44298fc1c14
logos_02_semantic_core_pass_trait-method-opt	0	0	e3b0c44298fc1c14
logos_02_semantic_core_pass_trait-method-ref-out	0	0	e3b0c44298fc1c14
logos_02_semantic_core_pass_trait-method-resolution-7575	0	0	e3b0c44298fc1c14
logos_02_semantic_core_pass_trait-method-returns-self-tr2	0	0	e3b0c44298fc1c14
logos_02_semantic_core_pass_trait-multi-bound-call-b165	0	0	e3b0c44298fc1c14
logos_02_semantic_core_pass_trait-multi-methods-1	0	0	e3b0c44298fc1c14
logos_02_semantic_core_pass_trait-multi-methods-2	0	0	e3b0c44298fc1c14
logos_02_semantic_core_pass_trait-multi-methods-3	0	0	e3b0c44298fc1c14
logos_02_semantic_core_pass_trait-multi-methods-4	0	0	e3b0c44298fc1c14
logos_02_semantic_core_pass_trait-multi-methods-5	0	0	e3b0c44298fc1c14
logos_02_semantic_core_pass_trait-mut-then-read	0	0	e3b0c44298fc1c14
logos_02_semantic_core_pass_trait-obj-method	0	0	e3b0c44298fc1c14
logos_02_semantic_core_pass_trait-object-arg-two-impls-tr2	0	0	e3b0c44298fc1c14
logos_02_semantic_core_pass_trait-object-coercion-distribution-9951-co	0	0	e3b0c44298fc1c14
logos_02_semantic_core_pass_trait-object-constructor-14821	0	0	e3b0c44298fc1c14
logos_02_semantic_core_pass_trait-object-mut-to-shared-b147	0	0	e3b0c44298fc1c14
logos_02_semantic_core_pass_trait-path-static-self-from-let-anno-b158	0	0	e3b0c44298fc1c14
logos_02_semantic_core_pass_trait-qualified-method-fn-pointer-b172	0	0	e3b0c44298fc1c14
logos_02_semantic_core_pass_trait-self-bound	0	0	e3b0c44298fc1c14
logos_02_semantic_core_pass_trait-self-by-value	0	0	e3b0c44298fc1c14
logos_02_semantic_core_pass_trait-self-call	0	0	e3b0c44298fc1c14
logos_02_semantic_core_pass_trait-self-method-name	0	0	e3b0c44298fc1c14
logos_02_semantic_core_pass_trait-with-drop	0	0	e3b0c44298fc1c14
logos_02_semantic_core_pass_trama_backtick_brace_e2e	0	0	e3b0c44298fc1c14
logos_02_semantic_core_pass_trama_call_filters_e2e	0	0	e3b0c44298fc1c14
logos_02_semantic_core_pass_trama_dead_branch_e2e	0	0	e3b0c44298fc1c14
logos_02_semantic_core_pass_trama_escape_e2e	0	0	e3b0c44298fc1c14
logos_02_semantic_core_pass_trama_float_e2e	0	0	e3b0c44298fc1c14
logos_02_semantic_core_pass_trama_multi_param_e2e	0	0	e3b0c44298fc1c14
logos_02_semantic_core_pass_trama_nested_reflect_e2e	0	0	e3b0c44298fc1c14
logos_02_semantic_core_pass_trama_no_delim_e2e	0	0	e3b0c44298fc1c14
logos_02_semantic_core_pass_trama_polish_e2e	0	0	e3b0c44298fc1c14
logos_02_semantic_core_pass_trama_render_e2e	0	0	e3b0c44298fc1c14
logos_02_semantic_core_pass_trama_set_and_param_shapes_e2e	0	0	e3b0c44298fc1c14
logos_02_semantic_core_pass_trama_showcase_e2e	0	0	e3b0c44298fc1c14
logos_02_semantic_core_pass_trama_stdlib_selfuse_e2e	0	0	e3b0c44298fc1c14
logos_02_semantic_core_pass_trama_string_e2e	0	0	e3b0c44298fc1c14
logos_02_semantic_core_pass_trama_udf_e2e	0	0	e3b0c44298fc1c14
logos_02_semantic_core_pass_triple-nested-gen	0	0	e3b0c44298fc1c14
logos_02_semantic_core_pass_try_basic	0	42	e3b0c44298fc1c14
logos_02_semantic_core_pass_try_option	0	42	e3b0c44298fc1c14
logos_02_semantic_core_pass_try_unit_ok_result	0	0	e3b0c44298fc1c14
logos_02_semantic_core_pass_tup	0	0	e3b0c44298fc1c14
logos_02_semantic_core_pass_tup-2-1	0	0	e3b0c44298fc1c14
logos_02_semantic_core_pass_tup-2-10	0	0	e3b0c44298fc1c14
logos_02_semantic_core_pass_tup-2-2	0	0	e3b0c44298fc1c14
logos_02_semantic_core_pass_tup-2-3	0	0	e3b0c44298fc1c14
logos_02_semantic_core_pass_tup-2-4	0	0	e3b0c44298fc1c14
logos_02_semantic_core_pass_tup-2-5	0	0	e3b0c44298fc1c14
logos_02_semantic_core_pass_tup-2-6	0	0	e3b0c44298fc1c14
logos_02_semantic_core_pass_tup-2-7	0	0	e3b0c44298fc1c14
logos_02_semantic_core_pass_tup-2-8	0	0	e3b0c44298fc1c14
logos_02_semantic_core_pass_tup-2-9	0	0	e3b0c44298fc1c14
logos_02_semantic_core_pass_tup-3-1	0	0	e3b0c44298fc1c14
logos_02_semantic_core_pass_tup-3-10	0	0	e3b0c44298fc1c14
logos_02_semantic_core_pass_tup-3-2	0	0	e3b0c44298fc1c14
logos_02_semantic_core_pass_tup-3-3	0	0	e3b0c44298fc1c14
logos_02_semantic_core_pass_tup-3-4	0	0	e3b0c44298fc1c14
logos_02_semantic_core_pass_tup-3-5	0	0	e3b0c44298fc1c14
logos_02_semantic_core_pass_tup-3-6	0	0	e3b0c44298fc1c14
logos_02_semantic_core_pass_tup-3-7	0	0	e3b0c44298fc1c14
logos_02_semantic_core_pass_tup-3-8	0	0	e3b0c44298fc1c14
logos_02_semantic_core_pass_tup-3-9	0	0	e3b0c44298fc1c14
logos_02_semantic_core_pass_tup-b145	0	0	e3b0c44298fc1c14
logos_02_semantic_core_pass_tup-b157	0	0	e3b0c44298fc1c14
logos_02_semantic_core_pass_tup-field-write-1	0	0	e3b0c44298fc1c14
logos_02_semantic_core_pass_tup-field-write-2	0	0	e3b0c44298fc1c14
logos_02_semantic_core_pass_tup-field-write-3	0	0	e3b0c44298fc1c14
logos_02_semantic_core_pass_tup-field-write-4	0	0	e3b0c44298fc1c14
logos_02_semantic_core_pass_tup-field-write-5	0	0	e3b0c44298fc1c14
logos_02_semantic_core_pass_tup-fn-1	0	0	e3b0c44298fc1c14
logos_02_semantic_core_pass_tup-fn-10	0	0	e3b0c44298fc1c14
logos_02_semantic_core_pass_tup-fn-2	0	0	e3b0c44298fc1c14
logos_02_semantic_core_pass_tup-fn-3	0	0	e3b0c44298fc1c14
logos_02_semantic_core_pass_tup-fn-4	0	0	e3b0c44298fc1c14
logos_02_semantic_core_pass_tup-fn-5	0	0	e3b0c44298fc1c14
logos_02_semantic_core_pass_tup-fn-6	0	0	e3b0c44298fc1c14
logos_02_semantic_core_pass_tup-fn-7	0	0	e3b0c44298fc1c14
logos_02_semantic_core_pass_tup-fn-8	0	0	e3b0c44298fc1c14
logos_02_semantic_core_pass_tup-fn-9	0	0	e3b0c44298fc1c14
logos_02_semantic_core_pass_tup-mixed-types-1	0	0	e3b0c44298fc1c14
logos_02_semantic_core_pass_tup-mixed-types-2	0	0	e3b0c44298fc1c14
logos_02_semantic_core_pass_tup-mixed-types-3	0	0	e3b0c44298fc1c14
logos_02_semantic_core_pass_tup-mixed-types-4	0	0	e3b0c44298fc1c14
logos_02_semantic_core_pass_tup-mixed-types-5	0	0	e3b0c44298fc1c14
logos_02_semantic_core_pass_tup-nested-1	0	0	e3b0c44298fc1c14
logos_02_semantic_core_pass_tup-nested-10	0	0	e3b0c44298fc1c14
logos_02_semantic_core_pass_tup-nested-2	0	0	e3b0c44298fc1c14
logos_02_semantic_core_pass_tup-nested-3	0	0	e3b0c44298fc1c14
logos_02_semantic_core_pass_tup-nested-4	0	0	e3b0c44298fc1c14
logos_02_semantic_core_pass_tup-nested-5	0	0	e3b0c44298fc1c14
logos_02_semantic_core_pass_tup-nested-6	0	0	e3b0c44298fc1c14
logos_02_semantic_core_pass_tup-nested-7	0	0	e3b0c44298fc1c14
logos_02_semantic_core_pass_tup-nested-8	0	0	e3b0c44298fc1c14
logos_02_semantic_core_pass_tup-nested-9	0	0	e3b0c44298fc1c14
logos_02_semantic_core_pass_tuple	0	42	e3b0c44298fc1c14
logos_02_semantic_core_pass_tuple-arg	0	0	e3b0c44298fc1c14
logos_02_semantic_core_pass_tuple-arg-ret-chain-tp2	0	0	e3b0c44298fc1c14
logos_02_semantic_core_pass_tuple-deep-nested-field-tp2	0	0	e3b0c44298fc1c14
logos_02_semantic_core_pass_tuple-destructure-arith-ex	0	0	e3b0c44298fc1c14
logos_02_semantic_core_pass_tuple-destructure-b160	0	0	e3b0c44298fc1c14
logos_02_semantic_core_pass_tuple-destructure-let-pat	0	0	e3b0c44298fc1c14
logos_02_semantic_core_pass_tuple-divmod-destructure-b165	0	0	e3b0c44298fc1c14
logos_02_semantic_core_pass_tuple-enum-match-15129	0	0	e3b0c44298fc1c14
logos_02_semantic_core_pass_tuple-enum-match-b166	0	0	e3b0c44298fc1c14
logos_02_semantic_core_pass_tuple-eq-compare-tp2	0	0	e3b0c44298fc1c14
logos_02_semantic_core_pass_tuple-gen-pair	0	0	e3b0c44298fc1c14
logos_02_semantic_core_pass_tuple-in-enum-payload-tp2	0	0	e3b0c44298fc1c14
logos_02_semantic_core_pass_tuple-in-struct-field-tp2	0	0	e3b0c44298fc1c14
logos_02_semantic_core_pass_tuple-index	0	0	e3b0c44298fc1c14
logos_02_semantic_core_pass_tuple-index-b152	0	0	e3b0c44298fc1c14
logos_02_semantic_core_pass_tuple-index-fat-types	0	0	e3b0c44298fc1c14
logos_02_semantic_core_pass_tuple-index-mut-b139	0	0	e3b0c44298fc1c14
logos_02_semantic_core_pass_tuple-index-mut-b161	0	0	e3b0c44298fc1c14
logos_02_semantic_core_pass_tuple-index-on-borrow-tp2	0	0	e3b0c44298fc1c14
logos_02_semantic_core_pass_tuple-int-enum-static-36401-b147	0	0	e3b0c44298fc1c14
logos_02_semantic_core_pass_tuple-let-destr	0	0	e3b0c44298fc1c14
logos_02_semantic_core_pass_tuple-literal-int-coercion	0	0	e3b0c44298fc1c14
logos_02_semantic_core_pass_tuple-mixed-types-tp2	0	0	e3b0c44298fc1c14
logos_02_semantic_core_pass_tuple-mut-field-write-tp2	0	0	e3b0c44298fc1c14
logos_02_semantic_core_pass_tuple-nested-index-b164	0	0	e3b0c44298fc1c14
logos_02_semantic_core_pass_tuple-of-refs-shorten	0	0	e3b0c44298fc1c14
logos_02_semantic_core_pass_tuple-param-destructure-b162	0	0	e3b0c44298fc1c14
logos_02_semantic_core_pass_tuple-range-12582-b146	0	0	e3b0c44298fc1c14
logos_02_semantic_core_pass_tuple-range-arm-order-b137	0	0	e3b0c44298fc1c14
logos_02_semantic_core_pass_tuple-return-destructure-tp2	0	0	e3b0c44298fc1c14
logos_02_semantic_core_pass_tuple-return-swap-b163	0	0	e3b0c44298fc1c14
logos_02_semantic_core_pass_tuple-str-element-pattern-b172	0	0	e3b0c44298fc1c14
logos_02_semantic_core_pass_tuple-struct-constructor-pointer-b142	0	0	e3b0c44298fc1c14
logos_02_semantic_core_pass_tuple-struct-destructure-b163	0	0	e3b0c44298fc1c14
logos_02_semantic_core_pass_tuple-struct-destructuring	0	0	e3b0c44298fc1c14
logos_02_semantic_core_pass_tuple-struct-destructuring-b148	0	0	e3b0c44298fc1c14
logos_02_semantic_core_pass_tuple-struct-fields-se4	0	0	e3b0c44298fc1c14
logos_02_semantic_core_pass_tuple-struct-method	0	0	e3b0c44298fc1c14
logos_02_semantic_core_pass_tuple-struct-mixed	0	0	e3b0c44298fc1c14
logos_02_semantic_core_pass_tuple-usize-pattern-14393	0	0	e3b0c44298fc1c14
logos_02_semantic_core_pass_tuple-usize-pattern-14393-b155	0	0	e3b0c44298fc1c14
logos_02_semantic_core_pass_tuple-wildcard-mid-pat	0	0	e3b0c44298fc1c14
logos_02_semantic_core_pass_tuple3	0	42	e3b0c44298fc1c14
logos_02_semantic_core_pass_tuple_bound_generic_impl	0	0	e3b0c44298fc1c14
logos_02_semantic_core_pass_tuple_destruct_drop_move	0	0	e3b0c44298fc1c14
logos_02_semantic_core_pass_tuple_dyn_element_implicit	0	42	e3b0c44298fc1c14
logos_02_semantic_core_pass_tuple_dyn_element_inline	0	42	e3b0c44298fc1c14
logos_02_semantic_core_pass_tuple_eq_call_temp	0	0	e3b0c44298fc1c14
logos_02_semantic_core_pass_tuple_eq_method_variadic	0	0	e3b0c44298fc1c14
logos_02_semantic_core_pass_tuple_eq_nested	0	0	e3b0c44298fc1c14
logos_02_semantic_core_pass_tuple_eq_op	0	0	e3b0c44298fc1c14
logos_02_semantic_core_pass_tuple_eq_str_field	0	0	e3b0c44298fc1c14
logos_02_semantic_core_pass_tuple_eq_via_trait	0	0	e3b0c44298fc1c14
logos_02_semantic_core_pass_tuple_field_write	0	42	e3b0c44298fc1c14
logos_02_semantic_core_pass_tuple_in_struct	0	42	e3b0c44298fc1c14
logos_02_semantic_core_pass_tuple_index_on_call	0	0	e3b0c44298fc1c14
logos_02_semantic_core_pass_tuple_intlit_i64	0	0	e3b0c44298fc1c14
logos_02_semantic_core_pass_tuple_keyed_container_param	0	0	e3b0c44298fc1c14
logos_02_semantic_core_pass_tuple_keyed_hashset_fn	0	0	e3b0c44298fc1c14
logos_02_semantic_core_pass_tuple_match_pat	0	42	e3b0c44298fc1c14
logos_02_semantic_core_pass_tuple_nested	0	42	e3b0c44298fc1c14
logos_02_semantic_core_pass_tuple_ordering_cmp	0	0	e3b0c44298fc1c14
logos_02_semantic_core_pass_tuple_rest_in_let	0	0	e3b0c44298fc1c14
logos_02_semantic_core_pass_tuple_return	0	42	e3b0c44298fc1c14
logos_02_semantic_core_pass_tuple_single	0	42	e3b0c44298fc1c14
logos_02_semantic_core_pass_tuple_slice_element_inline	0	42	e3b0c44298fc1c14
logos_02_semantic_core_pass_tuple_struct	0	0	e3b0c44298fc1c14
logos_02_semantic_core_pass_tuple_struct_element_drop	0	0	e3b0c44298fc1c14
logos_02_semantic_core_pass_tuple_struct_element_match	0	0	e3b0c44298fc1c14
logos_02_semantic_core_pass_tuple_struct_field_write	0	0	e3b0c44298fc1c14
logos_02_semantic_core_pass_tuple_struct_numeric_field_literal	0	0	e3b0c44298fc1c14
logos_02_semantic_core_pass_turbofish_none_and_alias_pattern	0	0	e3b0c44298fc1c14
logos_02_semantic_core_pass_turbofish_tuple_struct_ctor	0	0	e3b0c44298fc1c14
logos_02_semantic_core_pass_two-bound-dispatch-b166	0	0	e3b0c44298fc1c14
logos_02_semantic_core_pass_two-bound-dispatch-self-b166	0	0	e3b0c44298fc1c14
logos_02_semantic_core_pass_two-distinct-lifetimes-struct-lt	0	0	e3b0c44298fc1c14
logos_02_semantic_core_pass_two-mut-args-1	0	0	e3b0c44298fc1c14
logos_02_semantic_core_pass_two-mut-args-2	0	0	e3b0c44298fc1c14
logos_02_semantic_core_pass_two-mut-args-3	0	0	e3b0c44298fc1c14
logos_02_semantic_core_pass_two-mut-args-4	0	0	e3b0c44298fc1c14
logos_02_semantic_core_pass_two-mut-args-5	0	0	e3b0c44298fc1c14
logos_02_semantic_core_pass_two-phase-baseline	0	0	e3b0c44298fc1c14
logos_02_semantic_core_pass_two-phase-control-flow-split-b153	0	0	e3b0c44298fc1c14
logos_02_semantic_core_pass_two-phase-control-flow-split-before-activation	0	0	e3b0c44298fc1c14
logos_02_semantic_core_pass_two-phase-method-receiver-bc	0	0	e3b0c44298fc1c14
logos_02_semantic_core_pass_two-phase-method-receivers	0	0	e3b0c44298fc1c14
logos_02_semantic_core_pass_two-traits-same-type-tr2	0	0	e3b0c44298fc1c14
logos_02_semantic_core_pass_two-typaram-fn-bounds-tr2	0	0	e3b0c44298fc1c14
logos_02_semantic_core_pass_typaram_generic_static_method	0	0	e3b0c44298fc1c14
logos_02_semantic_core_pass_type-alias	0	0	e3b0c44298fc1c14
logos_02_semantic_core_pass_type-alias-enum-variants-pass-b160	0	0	e3b0c44298fc1c14
logos_02_semantic_core_pass_type-alias-gen	0	0	e3b0c44298fc1c14
logos_02_semantic_core_pass_type-alias-generic-fn-b162	0	0	e3b0c44298fc1c14
logos_02_semantic_core_pass_type-alias-variant-pattern-b172	0	0	e3b0c44298fc1c14
logos_02_semantic_core_pass_type-limit-comparisons-6130	0	0	e3b0c44298fc1c14
logos_02_semantic_core_pass_type-outlives-bound	0	0	e3b0c44298fc1c14
logos_02_semantic_core_pass_type-outlives-elided	0	0	e3b0c44298fc1c14
logos_02_semantic_core_pass_type-outlives-impl	0	0	e3b0c44298fc1c14
logos_02_semantic_core_pass_type-outlives-static	0	0	e3b0c44298fc1c14
logos_02_semantic_core_pass_type-param	0	0	e3b0c44298fc1c14
logos_02_semantic_core_pass_type-param-array-element-g2	0	0	e3b0c44298fc1c14
logos_02_semantic_core_pass_type-param-b147	0	0	e3b0c44298fc1c14
logos_02_semantic_core_pass_type-param-fnptr-b137	0	0	e3b0c44298fc1c14
logos_02_semantic_core_pass_type-params-in-for-each-b151	0	0	e3b0c44298fc1c14
logos_02_semantic_core_pass_type-params-in-for-each-g2	0	0	e3b0c44298fc1c14
logos_02_semantic_core_pass_type_alias	0	42	e3b0c44298fc1c14
logos_02_semantic_core_pass_type_alias_fn	0	42	e3b0c44298fc1c14
logos_02_semantic_core_pass_type_alias_struct_lit	0	42	e3b0c44298fc1c14
logos_02_semantic_core_pass_type_infer	0	42	e3b0c44298fc1c14
logos_02_semantic_core_pass_type_infer_chained	0	42	e3b0c44298fc1c14
logos_02_semantic_core_pass_type_infer_multi	0	42	e3b0c44298fc1c14
logos_02_semantic_core_pass_type_infer_struct	0	42	e3b0c44298fc1c14
logos_02_semantic_core_pass_type_traits_basic	0	15	e3b0c44298fc1c14
logos_02_semantic_core_pass_typeck-closure-to-unsafe-fn-ptr	0	0	e3b0c44298fc1c14
logos_02_semantic_core_pass_typeck-collect-into-vec-tc	0	0	e3b0c44298fc1c14
logos_02_semantic_core_pass_typeck-fn-item-as-value-tc	0	0	e3b0c44298fc1c14
logos_02_semantic_core_pass_typeck-fn-to-unsafe-fn-ptr	0	0	e3b0c44298fc1c14
logos_02_semantic_core_pass_typeck-generic-fn-twice-distinct-tc	0	0	e3b0c44298fc1c14
logos_02_semantic_core_pass_typeck-if-else-value-b138	0	0	e3b0c44298fc1c14
logos_02_semantic_core_pass_typeck-if-let-chain-b164	0	0	e3b0c44298fc1c14
logos_02_semantic_core_pass_typeck-int-inference-from-use-tc	0	0	e3b0c44298fc1c14
logos_02_semantic_core_pass_typeck-leak-slice-bound-tc	0	0	e3b0c44298fc1c14
logos_02_semantic_core_pass_typeck-method-chain-result-tc	0	0	e3b0c44298fc1c14
logos_02_semantic_core_pass_typeck-nested-tuple-build-tc	0	0	e3b0c44298fc1c14
logos_02_semantic_core_pass_typeck-shadowing-rebind-type-tc	0	0	e3b0c44298fc1c14
logos_02_semantic_core_pass_typeck-unify-if-branches-tc	0	0	e3b0c44298fc1c14
logos_02_semantic_core_pass_typeclasses-eq-example-b158	0	0	e3b0c44298fc1c14
logos_02_semantic_core_pass_typeclasses-eq-static-b140	0	0	e3b0c44298fc1c14
logos_02_semantic_core_pass_typeof_basic	0	52	e3b0c44298fc1c14
logos_02_semantic_core_pass_typeof_container_field_admit	90	-	-
logos_02_semantic_core_pass_typeof_container_hand_written_state	90	-	-
logos_02_semantic_core_pass_u128_wide_literal	0	0	e3b0c44298fc1c14
logos_02_semantic_core_pass_u16-lit-0	0	0	e3b0c44298fc1c14
logos_02_semantic_core_pass_u16-lit-1	0	0	e3b0c44298fc1c14
logos_02_semantic_core_pass_u16-lit-100	0	0	e3b0c44298fc1c14
logos_02_semantic_core_pass_u32-decr	0	0	e3b0c44298fc1c14
logos_02_semantic_core_pass_u32-decr-b137	0	0	e3b0c44298fc1c14
logos_02_semantic_core_pass_u32-lit-0	0	0	e3b0c44298fc1c14
logos_02_semantic_core_pass_u32-lit-1	0	0	e3b0c44298fc1c14
logos_02_semantic_core_pass_u32-lit-100	0	0	e3b0c44298fc1c14
logos_02_semantic_core_pass_u32_as_ptr	0	0	e3b0c44298fc1c14
logos_02_semantic_core_pass_u64-lit-0	0	0	e3b0c44298fc1c14
logos_02_semantic_core_pass_u64-lit-1	0	0	e3b0c44298fc1c14
logos_02_semantic_core_pass_u64-lit-100	0	0	e3b0c44298fc1c14
logos_02_semantic_core_pass_u64_arith	0	42	e3b0c44298fc1c14
logos_02_semantic_core_pass_u8-incr	0	0	e3b0c44298fc1c14
logos_02_semantic_core_pass_u8-incr-b145	0	0	e3b0c44298fc1c14
logos_02_semantic_core_pass_u8-incr-decr	0	0	e3b0c44298fc1c14
logos_02_semantic_core_pass_u8-incr-decr-b135	0	0	e3b0c44298fc1c14
logos_02_semantic_core_pass_u8-incr-decr-b160	0	0	e3b0c44298fc1c14
logos_02_semantic_core_pass_u8-lit-0	0	0	e3b0c44298fc1c14
logos_02_semantic_core_pass_u8-lit-1	0	0	e3b0c44298fc1c14
logos_02_semantic_core_pass_u8-lit-100	0	0	e3b0c44298fc1c14
logos_02_semantic_core_pass_u8-to-char-cast-9918	0	0	e3b0c44298fc1c14
logos_02_semantic_core_pass_u8-to-char-cast-9918-b157	0	0	e3b0c44298fc1c14
logos_02_semantic_core_pass_u8-to-char-cast-b135	0	0	e3b0c44298fc1c14
logos_02_semantic_core_pass_u8-variant-wildcard-en	0	0	e3b0c44298fc1c14
logos_02_semantic_core_pass_u8_ops	0	42	e3b0c44298fc1c14
logos_02_semantic_core_pass_u8_shr	0	0	e3b0c44298fc1c14
logos_02_semantic_core_pass_u8_wrap	0	42	e3b0c44298fc1c14
logos_02_semantic_core_pass_uc-all-traits-b133	0	0	e3b0c44298fc1c14
logos_02_semantic_core_pass_uc-by-ref-kinds-b133	0	0	e3b0c44298fc1c14
logos_02_semantic_core_pass_uc-counter-not-moved-b158	0	0	e3b0c44298fc1c14
logos_02_semantic_core_pass_uc-extern-fn-b133	0	0	e3b0c44298fc1c14
logos_02_semantic_core_pass_uc-fnonce-capture-struct-b133	0	0	e3b0c44298fc1c14
logos_02_semantic_core_pass_uc-generic-call-it-b133	0	0	e3b0c44298fc1c14
logos_02_semantic_core_pass_uc-generic-call-twice-b133	0	0	e3b0c44298fc1c14
logos_02_semantic_core_pass_uc-infer-fnmut-b133	0	0	e3b0c44298fc1c14
logos_02_semantic_core_pass_uc-infer-fnonce-drop-b158	0	0	e3b0c44298fc1c14
logos_02_semantic_core_pass_uc-infer-upvar-b133	0	0	e3b0c44298fc1c14
logos_02_semantic_core_pass_uc-move-multi-capture-18652-b158	0	0	e3b0c44298fc1c14
logos_02_semantic_core_pass_uc-simple-b133	0	0	e3b0c44298fc1c14
logos_02_semantic_core_pass_uc-single-word-env-b133	0	0	e3b0c44298fc1c14
logos_02_semantic_core_pass_uc-zero-args-b133	0	0	e3b0c44298fc1c14
logos_02_semantic_core_pass_ufcs-explicit-method-call	0	0	e3b0c44298fc1c14
logos_02_semantic_core_pass_ufcs-explicit-self	0	0	e3b0c44298fc1c14
logos_02_semantic_core_pass_ufcs-explicit-self-b141	0	0	e3b0c44298fc1c14
logos_02_semantic_core_pass_ufcs-polymorphic-paths-b159	0	0	e3b0c44298fc1c14
logos_02_semantic_core_pass_ufcs-trait-method-b164	0	0	e3b0c44298fc1c14
logos_02_semantic_core_pass_ufcs-trait-method-call-b136	0	0	e3b0c44298fc1c14
logos_02_semantic_core_pass_ufcs-trait-method-tr2	0	0	e3b0c44298fc1c14
logos_02_semantic_core_pass_ufcs-type-params	0	0	e3b0c44298fc1c14
logos_02_semantic_core_pass_ufcs-type-params-b142	0	0	e3b0c44298fc1c14
logos_02_semantic_core_pass_ufcs-type-qualified-call-b163	0	0	e3b0c44298fc1c14
logos_02_semantic_core_pass_ufcs_qualified_path	0	0	e3b0c44298fc1c14
logos_02_semantic_core_pass_ufcs_trait_qualified	0	0	e3b0c44298fc1c14
logos_02_semantic_core_pass_ui-cast	0	0	e3b0c44298fc1c14
logos_02_semantic_core_pass_uint_cmp_literal	0	0	e3b0c44298fc1c14
logos_02_semantic_core_pass_uint_to_f64	0	0	e3b0c44298fc1c14
logos_02_semantic_core_pass_unary-minus-precedence-na	0	0	e3b0c44298fc1c14
logos_02_semantic_core_pass_unary-minus-suffix-inference	0	0	e3b0c44298fc1c14
logos_02_semantic_core_pass_unboxed-closures-blanket-fn-b158	0	0	e3b0c44298fc1c14
logos_02_semantic_core_pass_unboxed-closures-blanket-fn-mut-b158	0	0	e3b0c44298fc1c14
logos_02_semantic_core_pass_unboxed-closures-by-ref-b139	0	0	e3b0c44298fc1c14
logos_02_semantic_core_pass_unboxed-closures-by-ref-b155	0	0	e3b0c44298fc1c14
logos_02_semantic_core_pass_unboxed-closures-direct-sugary-call-b142	0	0	e3b0c44298fc1c14
logos_02_semantic_core_pass_unboxed-closures-extern-fn-b158	0	0	e3b0c44298fc1c14
logos_02_semantic_core_pass_unboxed-closures-generic-b155	0	0	e3b0c44298fc1c14
logos_02_semantic_core_pass_unboxed-closures-infer-fnmut-b155	0	0	e3b0c44298fc1c14
logos_02_semantic_core_pass_unboxed-closures-infer-fnmut-calling-fnmut-b145	0	0	e3b0c44298fc1c14
logos_02_semantic_core_pass_unboxed-closures-infer-fnmut-move-b150	0	0	e3b0c44298fc1c14
logos_02_semantic_core_pass_unboxed-closures-infer-fnmut-move-b158	0	0	e3b0c44298fc1c14
logos_02_semantic_core_pass_unboxed-closures-monomorphization-context-b158	0	0	e3b0c44298fc1c14
logos_02_semantic_core_pass_unboxed-closures-simple	0	0	e3b0c44298fc1c14
logos_02_semantic_core_pass_unboxed-closures-simple-b155	0	0	e3b0c44298fc1c14
logos_02_semantic_core_pass_unboxed-closures-single-word-env-b158	0	0	e3b0c44298fc1c14
logos_02_semantic_core_pass_unboxed-closures-static-call-fn-once-b158	0	0	e3b0c44298fc1c14
logos_02_semantic_core_pass_underscore-prefixed-function-argument	0	0	e3b0c44298fc1c14
logos_02_semantic_core_pass_unicode-multibyte-chars-no-ice	0	0	88926165c5962656
logos_02_semantic_core_pass_unicode_basic	0	0	e3b0c44298fc1c14
logos_02_semantic_core_pass_unify-return-ty	0	0	e3b0c44298fc1c14
logos_02_semantic_core_pass_unify-return-ty-b151	0	0	e3b0c44298fc1c14
logos_02_semantic_core_pass_uninhabited-variant-en	0	0	e3b0c44298fc1c14
logos_02_semantic_core_pass_uninhabited_arm_elision	0	0	e3b0c44298fc1c14
logos_02_semantic_core_pass_uninit_as_mut_ptr	0	123	e3b0c44298fc1c14
logos_02_semantic_core_pass_uninit_basic	0	7	e3b0c44298fc1c14
logos_02_semantic_core_pass_uninit_write_assume	0	42	e3b0c44298fc1c14
logos_02_semantic_core_pass_uninit_zeroed	0	0	e3b0c44298fc1c14
logos_02_semantic_core_pass_uniq-self-in-mut-slot-b136	0	0	e3b0c44298fc1c14
logos_02_semantic_core_pass_unique-generic-assign	0	0	e3b0c44298fc1c14
logos_02_semantic_core_pass_unique-in-tag	0	0	e3b0c44298fc1c14
logos_02_semantic_core_pass_unique-object-move	0	0	e3b0c44298fc1c14
logos_02_semantic_core_pass_unique-pat-2	0	0	e3b0c44298fc1c14
logos_02_semantic_core_pass_unit-like-struct-b137	0	0	e3b0c44298fc1c14
logos_02_semantic_core_pass_unit-pattern-fn-arg-pat	0	0	e3b0c44298fc1c14
logos_02_semantic_core_pass_unit-pattern-in-fn-arg-7519-b151	0	0	e3b0c44298fc1c14
logos_02_semantic_core_pass_unit-payload-named-binding-b170	0	0	e3b0c44298fc1c14
logos_02_semantic_core_pass_unit-struct-b172	0	0	e3b0c44298fc1c14
logos_02_semantic_core_pass_unit-tuple-value-tp2	0	0	e3b0c44298fc1c14
logos_02_semantic_core_pass_unit-type-basic-usages-b146	0	0	e3b0c44298fc1c14
logos_02_semantic_core_pass_unreachable-while-loop-5741	0	0	e3b0c44298fc1c14
logos_02_semantic_core_pass_unreachable-while-loop-5741-b153	0	0	e3b0c44298fc1c14
logos_02_semantic_core_pass_unsafe-coercion	0	0	e3b0c44298fc1c14
logos_02_semantic_core_pass_unsafe-coercion-co	0	0	e3b0c44298fc1c14
logos_02_semantic_core_pass_unsigned_cmp	0	0	e3b0c44298fc1c14
logos_02_semantic_core_pass_unsigned_div	0	0	e3b0c44298fc1c14
logos_02_semantic_core_pass_unsigned_widen	0	0	e3b0c44298fc1c14
logos_02_semantic_core_pass_unsize_coerce_array_to_slice	0	0	e3b0c44298fc1c14
logos_02_semantic_core_pass_unsized	0	0	e3b0c44298fc1c14
logos_02_semantic_core_pass_use-uninit-match	0	0	e3b0c44298fc1c14
logos_02_semantic_core_pass_use-uninit-match-b145	0	0	e3b0c44298fc1c14
logos_02_semantic_core_pass_use-uninit-match2	0	0	e3b0c44298fc1c14
logos_02_semantic_core_pass_use_from_module	0	42	e3b0c44298fc1c14
logos_02_semantic_core_pass_use_group	0	42	e3b0c44298fc1c14
logos_02_semantic_core_pass_use_variants_bare	0	42	e3b0c44298fc1c14
logos_02_semantic_core_pass_used-mut-from-moves-50461-b147	0	0	e3b0c44298fc1c14
logos_02_semantic_core_pass_user-deref-b166	0	0	e3b0c44298fc1c14
logos_02_semantic_core_pass_user-deref-target-method-b163	0	0	e3b0c44298fc1c14
logos_02_semantic_core_pass_user-index-trait-b162	0	0	e3b0c44298fc1c14
logos_02_semantic_core_pass_user-iterator-loop-b166	0	0	e3b0c44298fc1c14
logos_02_semantic_core_pass_user-struct-shadows-stdlib-dyn	0	0	e3b0c44298fc1c14
logos_02_semantic_core_pass_usize-base	0	0	e3b0c44298fc1c14
logos_02_semantic_core_pass_usize-base-b145	0	0	e3b0c44298fc1c14
logos_02_semantic_core_pass_usize_isize	0	42	e3b0c44298fc1c14
logos_02_semantic_core_pass_usize_isize_distinct	0	20	e3b0c44298fc1c14
logos_02_semantic_core_pass_utf8_basic	0	42	e3b0c44298fc1c14
logos_02_semantic_core_pass_utf8_error_basic	0	0	e3b0c44298fc1c14
logos_02_semantic_core_pass_varargs	0	0	7bbafcf92346f998
logos_02_semantic_core_pass_variance-bivariant-unused	0	0	e3b0c44298fc1c14
logos_02_semantic_core_pass_variance-co-deep-nest	0	0	e3b0c44298fc1c14
logos_02_semantic_core_pass_variance-co-enum	0	0	e3b0c44298fc1c14
logos_02_semantic_core_pass_variance-co-fnptr-return	0	0	e3b0c44298fc1c14
logos_02_semantic_core_pass_variance-co-into-local	0	0	e3b0c44298fc1c14
logos_02_semantic_core_pass_variance-co-multi-arg-fn	0	0	e3b0c44298fc1c14
logos_02_semantic_core_pass_variance-co-multi-args	0	0	e3b0c44298fc1c14
logos_02_semantic_core_pass_variance-co-multi-generic	0	0	e3b0c44298fc1c14
logos_02_semantic_core_pass_variance-co-multi-lifetime-fn	0	0	e3b0c44298fc1c14
logos_02_semantic_core_pass_variance-co-nested-wrappers	0	0	e3b0c44298fc1c14
logos_02_semantic_core_pass_variance-co-pair-shorten-one	0	0	e3b0c44298fc1c14
logos_02_semantic_core_pass_variance-co-ref-direct-shorten	0	0	e3b0c44298fc1c14
logos_02_semantic_core_pass_variance-co-ref-of-ref	0	0	e3b0c44298fc1c14
logos_02_semantic_core_pass_variance-co-ref-shorten	0	0	e3b0c44298fc1c14
logos_02_semantic_core_pass_variance-co-result-enum	0	0	e3b0c44298fc1c14
logos_02_semantic_core_pass_variance-co-static-to-anon	0	0	e3b0c44298fc1c14
logos_02_semantic_core_pass_variance-co-struct-multi-field	0	0	e3b0c44298fc1c14
logos_02_semantic_core_pass_variance-co-tuple-of-refs	0	0	e3b0c44298fc1c14
logos_02_semantic_core_pass_variance-co-tuple-struct	0	0	e3b0c44298fc1c14
logos_02_semantic_core_pass_variance-const-pointer-co	0	0	e3b0c44298fc1c14
logos_02_semantic_core_pass_variance-const-ptr-co	0	0	e3b0c44298fc1c14
logos_02_semantic_core_pass_variance-contra-fnptr-arg	0	0	e3b0c44298fc1c14
logos_02_semantic_core_pass_variance-contra-struct-lengthen	0	0	e3b0c44298fc1c14
logos_02_semantic_core_pass_variance-deep-const-ptr-chain	0	0	e3b0c44298fc1c14
logos_02_semantic_core_pass_variance-enum-co	0	0	e3b0c44298fc1c14
logos_02_semantic_core_pass_variance-fn-contra-deep	0	0	e3b0c44298fc1c14
logos_02_semantic_core_pass_variance-fn-ptr-contra-arg	0	0	e3b0c44298fc1c14
logos_02_semantic_core_pass_variance-fn-ret-co-shorten	0	0	e3b0c44298fc1c14
logos_02_semantic_core_pass_variance-iterators-in-libcore	0	0	e3b0c44298fc1c14
logos_02_semantic_core_pass_variance-multi-arg-co	0	0	e3b0c44298fc1c14
logos_02_semantic_core_pass_variance-mut-mixed-with-const	0	0	e3b0c44298fc1c14
logos_02_semantic_core_pass_variance-mut-ref-outer-co	0	0	e3b0c44298fc1c14
logos_02_semantic_core_pass_variance-mutual-outlives-eq	0	0	e3b0c44298fc1c14
logos_02_semantic_core_pass_variance-option-ref-intersection-b158	0	0	e3b0c44298fc1c14
logos_02_semantic_core_pass_variance-option-ref-intersection-rg	0	0	e3b0c44298fc1c14
logos_02_semantic_core_pass_variance-static-into-bounded-arg	0	0	e3b0c44298fc1c14
logos_02_semantic_core_pass_variance-trait-bound-doesnt-matter	0	0	e3b0c44298fc1c14
logos_02_semantic_core_pass_variance-tuple-co-shorten	0	0	e3b0c44298fc1c14
logos_02_semantic_core_pass_variance-use-contravariant-struct-2	0	0	e3b0c44298fc1c14
logos_02_semantic_core_pass_variance-use-covariant-struct-2	0	0	e3b0c44298fc1c14
logos_02_semantic_core_pass_variance-use-covariant-struct-2-b154	0	0	e3b0c44298fc1c14
logos_02_semantic_core_pass_variance-user-co-marker	0	0	e3b0c44298fc1c14
logos_02_semantic_core_pass_variance-user-contra-marker	0	0	e3b0c44298fc1c14
logos_02_semantic_core_pass_variance_arg_mut_inv_free_binder_admit	0	0	e3b0c44298fc1c14
logos_02_semantic_core_pass_variance_ref_covariant	0	0	e3b0c44298fc1c14
logos_02_semantic_core_pass_vec-borrow-read	0	0	e3b0c44298fc1c14
logos_02_semantic_core_pass_vec-box-dyn-dispatch-b167	0	0	e3b0c44298fc1c14
logos_02_semantic_core_pass_vec-drop	0	0	e3b0c44298fc1c14
logos_02_semantic_core_pass_vec-empty	0	0	e3b0c44298fc1c14
logos_02_semantic_core_pass_vec-first-or-default-av	0	0	e3b0c44298fc1c14
logos_02_semantic_core_pass_vec-fixed-length	0	0	e3b0c44298fc1c14
logos_02_semantic_core_pass_vec-for-each	0	0	e3b0c44298fc1c14
logos_02_semantic_core_pass_vec-grow-iterate-av	0	0	e3b0c44298fc1c14
logos_02_semantic_core_pass_vec-len-after-push	0	0	e3b0c44298fc1c14
logos_02_semantic_core_pass_vec-matching	0	0	e3b0c44298fc1c14
logos_02_semantic_core_pass_vec-matching-autoslice	0	0	e3b0c44298fc1c14
logos_02_semantic_core_pass_vec-matching-fixed	0	0	e3b0c44298fc1c14
logos_02_semantic_core_pass_vec-matching-fixed-b144	0	0	e3b0c44298fc1c14
logos_02_semantic_core_pass_vec-of-fn-ptrs-invoke	0	0	e3b0c44298fc1c14
logos_02_semantic_core_pass_vec-of-struct	0	0	e3b0c44298fc1c14
logos_02_semantic_core_pass_vec-of-structs-av	0	0	e3b0c44298fc1c14
logos_02_semantic_core_pass_vec-pop-drain-av	0	0	e3b0c44298fc1c14
logos_02_semantic_core_pass_vec-push-1	0	0	e3b0c44298fc1c14
logos_02_semantic_core_pass_vec-push-2	0	0	e3b0c44298fc1c14
logos_02_semantic_core_pass_vec-push-3	0	0	e3b0c44298fc1c14
logos_02_semantic_core_pass_vec-push-4	0	0	e3b0c44298fc1c14
logos_02_semantic_core_pass_vec-push-5	0	0	e3b0c44298fc1c14
logos_02_semantic_core_pass_vec-repeat-with-cast	0	0	e3b0c44298fc1c14
logos_02_semantic_core_pass_vec-string	0	0	e3b0c44298fc1c14
logos_02_semantic_core_pass_vec-string-borrow-b168	0	0	e3b0c44298fc1c14
logos_02_semantic_core_pass_vec-vec-borrow-b168	0	0	e3b0c44298fc1c14
logos_02_semantic_core_pass_vec-with-capacity	0	0	e3b0c44298fc1c14
logos_02_semantic_core_pass_vec-with-cl	0	0	e3b0c44298fc1c14
logos_02_semantic_core_pass_vec_clear_archive_instances	0	0	e3b0c44298fc1c14
logos_02_semantic_core_pass_vec_index_operator	0	0	e3b0c44298fc1c14
logos_02_semantic_core_pass_vec_into_iter_drop	0	0	e3b0c44298fc1c14
logos_02_semantic_core_pass_vec_reverse_clear	0	0	e3b0c44298fc1c14
logos_02_semantic_core_pass_vec_struct_homonym_stride_deem	0	0	4be2c87dcf21f5c3
logos_02_semantic_core_pass_vec_struct_homonym_stride_shapes	0	0	b29340e2b55fcd23
logos_02_semantic_core_pass_vec_to_slice_coerce	0	0	e3b0c44298fc1c14
logos_02_semantic_core_pass_void_effect_positions	0	0	e3b0c44298fc1c14
logos_02_semantic_core_pass_wany_niche_enum	0	0	e3b0c44298fc1c14
logos_02_semantic_core_pass_ward_checker	0	0	7f9bd418138ceba0
logos_02_semantic_core_pass_weird-exprs-b154	0	0	e3b0c44298fc1c14
logos_02_semantic_core_pass_where-assoc-eq-bound-b166	0	0	e3b0c44298fc1c14
logos_02_semantic_core_pass_where-bound-explicit-on-caller	0	0	e3b0c44298fc1c14
logos_02_semantic_core_pass_where-bound-no-constraint	0	0	e3b0c44298fc1c14
logos_02_semantic_core_pass_where-bound-same-lifetime	0	0	e3b0c44298fc1c14
logos_02_semantic_core_pass_where-bound-static-x	0	0	e3b0c44298fc1c14
logos_02_semantic_core_pass_where-bound-transitive-caller	0	0	e3b0c44298fc1c14
logos_02_semantic_core_pass_where-clause-bounds-inconsistency-b144	0	0	e3b0c44298fc1c14
logos_02_semantic_core_pass_where-clause-method-substituion-b136	0	0	e3b0c44298fc1c14
logos_02_semantic_core_pass_where-clause-method-substitution-b146	0	0	e3b0c44298fc1c14
logos_02_semantic_core_pass_where-clause-method-tr2	0	0	e3b0c44298fc1c14
logos_02_semantic_core_pass_where-clause-ref-bound-b158	0	0	e3b0c44298fc1c14
logos_02_semantic_core_pass_where-clause-region-outlives	0	0	e3b0c44298fc1c14
logos_02_semantic_core_pass_where-clause-region-outlives-b137	0	0	e3b0c44298fc1c14
logos_02_semantic_core_pass_where-clause-return-bound-g2	0	0	e3b0c44298fc1c14
logos_02_semantic_core_pass_where-clause-vs-impl-b156	0	0	e3b0c44298fc1c14
logos_02_semantic_core_pass_where-clauses	0	0	e3b0c44298fc1c14
logos_02_semantic_core_pass_where-clauses-b156	0	0	e3b0c44298fc1c14
logos_02_semantic_core_pass_where-clauses-blanket-eq-b160	0	0	e3b0c44298fc1c14
logos_02_semantic_core_pass_where-clauses-eq-fn-b135	0	0	e3b0c44298fc1c14
logos_02_semantic_core_pass_where-clauses-method	0	0	e3b0c44298fc1c14
logos_02_semantic_core_pass_where-clauses-method-b146	0	0	e3b0c44298fc1c14
logos_02_semantic_core_pass_where-clauses-method-b149	0	0	e3b0c44298fc1c14
logos_02_semantic_core_pass_where-clauses-method-b151	0	0	e3b0c44298fc1c14
logos_02_semantic_core_pass_where-clauses-method-wc4	0	0	e3b0c44298fc1c14
logos_02_semantic_core_pass_where_clause	0	0	fcbbd609519b563e
logos_02_semantic_core_pass_where_concrete_subject	0	0	e3b0c44298fc1c14
logos_02_semantic_core_pass_where_on_struct_enum	0	0	e3b0c44298fc1c14
logos_02_semantic_core_pass_while	0	0	e3b0c44298fc1c14
logos_02_semantic_core_pass_while-1	0	0	e3b0c44298fc1c14
logos_02_semantic_core_pass_while-10	0	0	e3b0c44298fc1c14
logos_02_semantic_core_pass_while-2	0	0	e3b0c44298fc1c14
logos_02_semantic_core_pass_while-3	0	0	e3b0c44298fc1c14
logos_02_semantic_core_pass_while-4	0	0	e3b0c44298fc1c14
logos_02_semantic_core_pass_while-5	0	0	e3b0c44298fc1c14
logos_02_semantic_core_pass_while-6	0	0	e3b0c44298fc1c14
logos_02_semantic_core_pass_while-7	0	0	e3b0c44298fc1c14
logos_02_semantic_core_pass_while-8	0	0	e3b0c44298fc1c14
logos_02_semantic_core_pass_while-9	0	0	e3b0c44298fc1c14
logos_02_semantic_core_pass_while-cond-method	0	0	e3b0c44298fc1c14
logos_02_semantic_core_pass_while-cont	0	0	e3b0c44298fc1c14
logos_02_semantic_core_pass_while-cont-decrement-it	0	0	e3b0c44298fc1c14
logos_02_semantic_core_pass_while-continue-break-ex	0	0	e3b0c44298fc1c14
logos_02_semantic_core_pass_while-flow-graph	0	0	e3b0c44298fc1c14
logos_02_semantic_core_pass_while-flow-graph-b141	0	0	e3b0c44298fc1c14
logos_02_semantic_core_pass_while-flow-mut-it	0	0	e3b0c44298fc1c14
logos_02_semantic_core_pass_while-label	0	0	e3b0c44298fc1c14
logos_02_semantic_core_pass_while-let-b143	0	0	e3b0c44298fc1c14
logos_02_semantic_core_pass_while-let-b152	0	0	e3b0c44298fc1c14
logos_02_semantic_core_pass_while-let-countdown-b165	0	0	e3b0c44298fc1c14
logos_02_semantic_core_pass_while-let-counter	0	0	e3b0c44298fc1c14
logos_02_semantic_core_pass_while-let-nested-it	0	0	e3b0c44298fc1c14
logos_02_semantic_core_pass_while-let-option-b164	0	0	e3b0c44298fc1c14
logos_02_semantic_core_pass_while-let-option-bn2	0	0	e3b0c44298fc1c14
logos_02_semantic_core_pass_while-let-pop-b166	0	0	e3b0c44298fc1c14
logos_02_semantic_core_pass_while-let-pop-pat	0	0	e3b0c44298fc1c14
logos_02_semantic_core_pass_while-let-scope-b145	0	0	e3b0c44298fc1c14
logos_02_semantic_core_pass_while-let-stack-pop-b162	0	0	e3b0c44298fc1c14
logos_02_semantic_core_pass_while-loop-constraints-2	0	0	e3b0c44298fc1c14
logos_02_semantic_core_pass_while-loop-continue-break-b163	0	0	e3b0c44298fc1c14
logos_02_semantic_core_pass_while-mut-1	0	0	e3b0c44298fc1c14
logos_02_semantic_core_pass_while-mut-2	0	0	e3b0c44298fc1c14
logos_02_semantic_core_pass_while-mut-3	0	0	e3b0c44298fc1c14
logos_02_semantic_core_pass_while-mut-4	0	0	e3b0c44298fc1c14
logos_02_semantic_core_pass_while-mut-5	0	0	e3b0c44298fc1c14
logos_02_semantic_core_pass_while-sum-1	0	0	e3b0c44298fc1c14
logos_02_semantic_core_pass_while-sum-2	0	0	e3b0c44298fc1c14
logos_02_semantic_core_pass_while-sum-3	0	0	e3b0c44298fc1c14
logos_02_semantic_core_pass_while-sum-4	0	0	e3b0c44298fc1c14
logos_02_semantic_core_pass_while-sum-5	0	0	e3b0c44298fc1c14
logos_02_semantic_core_pass_while-with-break	0	0	e3b0c44298fc1c14
logos_02_semantic_core_pass_while-with-break-b141	0	0	e3b0c44298fc1c14
logos_02_semantic_core_pass_while-with-break-it	0	0	e3b0c44298fc1c14
logos_02_semantic_core_pass_while_continue	0	42	e3b0c44298fc1c14
logos_02_semantic_core_pass_while_countdown	0	42	e3b0c44298fc1c14
logos_02_semantic_core_pass_while_let	0	0	06e9d52c1720fca4
logos_02_semantic_core_pass_while_let_chain	0	42	e3b0c44298fc1c14
logos_02_semantic_core_pass_while_let_labeled_break	0	0	e3b0c44298fc1c14
logos_02_semantic_core_pass_while_nested	0	42	e3b0c44298fc1c14
logos_02_semantic_core_pass_while_search	0	42	e3b0c44298fc1c14
logos_02_semantic_core_pass_while_zero_iter	0	42	e3b0c44298fc1c14
logos_02_semantic_core_pass_wildcard-let-pat	0	0	e3b0c44298fc1c14
logos_02_semantic_core_pass_with-bounds-default	0	0	e3b0c44298fc1c14
logos_02_semantic_core_pass_wql_agg_acc_ty_rule	0	0	e3b0c44298fc1c14
logos_02_semantic_core_pass_wql_agg_arg_seam_e2e	0	0	e3b0c44298fc1c14
logos_02_semantic_core_pass_wql_agg_avg_bool_value_rule	0	0	e3b0c44298fc1c14
logos_02_semantic_core_pass_wql_agg_isize_arg_e2e	0	0	e3b0c44298fc1c14
logos_02_semantic_core_pass_wql_agg_wide_int_arg_e2e	0	0	e3b0c44298fc1c14
logos_02_semantic_core_pass_wql_aggregate_e2e	0	0	e3b0c44298fc1c14
logos_02_semantic_core_pass_wql_alias_element_e2e	0	0	e3b0c44298fc1c14
logos_02_semantic_core_pass_wql_arith_err_static_e2e	0	0	e3b0c44298fc1c14
logos_02_semantic_core_pass_wql_arith_narrow_e2e	0	0	e3b0c44298fc1c14
logos_02_semantic_core_pass_wql_arith_u64_tower_e2e	0	0	e3b0c44298fc1c14
logos_02_semantic_core_pass_wql_call_builtins_e2e	0	0	e3b0c44298fc1c14
logos_02_semantic_core_pass_wql_column_decl_fieldless_enum_e2e	0	0	e3b0c44298fc1c14
logos_02_semantic_core_pass_wql_comprehension_e2e	0	0	e3b0c44298fc1c14
logos_02_semantic_core_pass_wql_const_fold_e2e	0	0	e3b0c44298fc1c14
logos_02_semantic_core_pass_wql_const_fold_ir	0	0	e3b0c44298fc1c14
logos_02_semantic_core_pass_wql_datalog_cycle_e2e	0	0	e3b0c44298fc1c14
logos_02_semantic_core_pass_wql_datalog_mutual_e2e	0	0	e3b0c44298fc1c14
logos_02_semantic_core_pass_wql_datalog_reach_e2e	0	0	e3b0c44298fc1c14
logos_02_semantic_core_pass_wql_datalog_same_generation_e2e	0	0	e3b0c44298fc1c14
logos_02_semantic_core_pass_wql_datalog_stratified_e2e	0	0	e3b0c44298fc1c14
logos_02_semantic_core_pass_wql_dead_filter_e2e	0	0	e3b0c44298fc1c14
logos_02_semantic_core_pass_wql_deem_item_e2e	0	0	e3b0c44298fc1c14
logos_02_semantic_core_pass_wql_deferred_plan_e2e	0	0	e3b0c44298fc1c14
logos_02_semantic_core_pass_wql_distinct_e2e	0	0	e3b0c44298fc1c14
logos_02_semantic_core_pass_wql_domain_bool_one_tpl	0	0	e3b0c44298fc1c14
logos_02_semantic_core_pass_wql_domain_catalog_ord_plumb	0	0	e3b0c44298fc1c14
logos_02_semantic_core_pass_wql_domain_static_carrier_positions	0	0	e3b0c44298fc1c14
logos_02_semantic_core_pass_wql_domain_static_extremes	0	0	e3b0c44298fc1c14
logos_02_semantic_core_pass_wql_domain_static_ordw_origin	0	0	e3b0c44298fc1c14
logos_02_semantic_core_pass_wql_domain_static_u64_sum_accumulator	0	0	e3b0c44298fc1c14
logos_02_semantic_core_pass_wql_edge_agg_e2e	0	0	e3b0c44298fc1c14
logos_02_semantic_core_pass_wql_edge_anti_e2e	0	0	e3b0c44298fc1c14
logos_02_semantic_core_pass_wql_edge_flatten_e2e	0	0	e3b0c44298fc1c14
logos_02_semantic_core_pass_wql_edge_mixed_chain_e2e	0	0	e3b0c44298fc1c14
logos_02_semantic_core_pass_wql_edge_rel_e2e	0	0	e3b0c44298fc1c14
logos_02_semantic_core_pass_wql_edge_residual_e2e	0	0	e3b0c44298fc1c14
logos_02_semantic_core_pass_wql_el_cmp_measured	0	0	fec1af9802dd5c9b
logos_02_semantic_core_pass_wql_el_ord_why_split	0	0	e3b0c44298fc1c14
logos_02_semantic_core_pass_wql_el_parse	0	0	e3b0c44298fc1c14
logos_02_semantic_core_pass_wql_el_ty_facts	0	0	a796c16d405ccd42
logos_02_semantic_core_pass_wql_find_e2e	0	0	e3b0c44298fc1c14
logos_02_semantic_core_pass_wql_first_e2e	0	0	e3b0c44298fc1c14
logos_02_semantic_core_pass_wql_first_fold_e2e	0	0	e3b0c44298fc1c14
logos_02_semantic_core_pass_wql_float_e2e	0	0	e3b0c44298fc1c14
logos_02_semantic_core_pass_wql_gpath_e2e	0	0	e3b0c44298fc1c14
logos_02_semantic_core_pass_wql_graph_float_root_vi	0	0	e3b0c44298fc1c14
logos_02_semantic_core_pass_wql_graph_null_root_row	0	0	e3b0c44298fc1c14
logos_02_semantic_core_pass_wql_graph_root_id_cross_document	0	0	e3b0c44298fc1c14
logos_02_semantic_core_pass_wql_group_rowvar_e2e	0	0	e3b0c44298fc1c14
logos_02_semantic_core_pass_wql_group_single_pass_fold_e2e	0	0	e3b0c44298fc1c14
logos_02_semantic_core_pass_wql_group_str_key_e2e	0	0	e3b0c44298fc1c14
logos_02_semantic_core_pass_wql_having_e2e	0	0	e3b0c44298fc1c14
logos_02_semantic_core_pass_wql_head_row_e2e	0	0	e3b0c44298fc1c14
logos_02_semantic_core_pass_wql_identity_proj_e2e	0	0	e3b0c44298fc1c14
logos_02_semantic_core_pass_wql_incr_eligibility_matrix	0	0	e3b0c44298fc1c14
logos_02_semantic_core_pass_wql_incr_mutrec_retract_surface_even	0	0	e3b0c44298fc1c14
logos_02_semantic_core_pass_wql_incr_mutrec_retract_surface_odd	0	0	e3b0c44298fc1c14
logos_02_semantic_core_pass_wql_incr_rel_cpt_mutrec_txn	0	0	e3b0c44298fc1c14
logos_02_semantic_core_pass_wql_incr_rel_dred_driver	0	0	e3b0c44298fc1c14
logos_02_semantic_core_pass_wql_incr_rel_dred_driver_mutrec	0	0	e3b0c44298fc1c14
logos_02_semantic_core_pass_wql_incr_rel_dred_driver_shapes	0	0	e3b0c44298fc1c14
logos_02_semantic_core_pass_wql_incr_rel_dred_mutrec_full	0	0	e3b0c44298fc1c14
logos_02_semantic_core_pass_wql_incr_rel_dred_product_random	0	0	e3b0c44298fc1c14
logos_02_semantic_core_pass_wql_incr_rel_mutrec3_epochs	0	0	e3b0c44298fc1c14
logos_02_semantic_core_pass_wql_incr_rel_mutrec_epochs	0	0	e3b0c44298fc1c14
logos_02_semantic_core_pass_wql_incr_rel_od_p1b_term	0	0	e3b0c44298fc1c14
logos_02_semantic_core_pass_wql_incr_rel_od_phase1	0	0	e3b0c44298fc1c14
logos_02_semantic_core_pass_wql_incr_rel_od_phase1_adv	0	0	e3b0c44298fc1c14
logos_02_semantic_core_pass_wql_incr_rel_od_phase3	0	0	e3b0c44298fc1c14
logos_02_semantic_core_pass_wql_incr_rel_rec_epochs	0	0	e3b0c44298fc1c14
logos_02_semantic_core_pass_wql_incr_rel_retract_surface	0	0	e3b0c44298fc1c14
logos_02_semantic_core_pass_wql_incr_retract_footprint_identity	0	0	9c323b917e7110b6
logos_02_semantic_core_pass_wql_incr_retract_matrix	0	0	e3b0c44298fc1c14
logos_02_semantic_core_pass_wql_incr_retract_two_ways	0	0	27ec0ea1b6cc88d6
logos_02_semantic_core_pass_wql_incr_static_two_ways	0	0	e3b0c44298fc1c14
logos_02_semantic_core_pass_wql_infer_result_e2e	0	0	e3b0c44298fc1c14
logos_02_semantic_core_pass_wql_ir_smoke	0	0	e3b0c44298fc1c14
logos_02_semantic_core_pass_wql_join3_e2e	0	0	e3b0c44298fc1c14
logos_02_semantic_core_pass_wql_join_anti_chain_e2e	0	0	e3b0c44298fc1c14
logos_02_semantic_core_pass_wql_join_e2e	0	0	e3b0c44298fc1c14
logos_02_semantic_core_pass_wql_join_fanout_oracle_e2e	0	0	e3b0c44298fc1c14
logos_02_semantic_core_pass_wql_join_float_key_e2e	0	0	e3b0c44298fc1c14
logos_02_semantic_core_pass_wql_join_group_e2e	0	0	e3b0c44298fc1c14
logos_02_semantic_core_pass_wql_join_mods_e2e	0	0	e3b0c44298fc1c14
logos_02_semantic_core_pass_wql_join_order_dyn_e2e	0	0	e3b0c44298fc1c14
logos_02_semantic_core_pass_wql_join_order_key_fidelity_e2e	0	0	e3b0c44298fc1c14
logos_02_semantic_core_pass_wql_join_order_multi_e2e	0	0	e3b0c44298fc1c14
logos_02_semantic_core_pass_wql_join_param_on_e2e	0	0	e3b0c44298fc1c14
logos_02_semantic_core_pass_wql_join_residual_e2e	0	0	e3b0c44298fc1c14
logos_02_semantic_core_pass_wql_join_str_key_e2e	0	0	e3b0c44298fc1c14
logos_02_semantic_core_pass_wql_join_wide_key_e2e	0	0	e3b0c44298fc1c14
logos_02_semantic_core_pass_wql_key_own_type_e2e	0	0	e3b0c44298fc1c14
logos_02_semantic_core_pass_wql_key_spelling_e2e	0	0	e3b0c44298fc1c14
logos_02_semantic_core_pass_wql_limit_param_e2e	0	0	e3b0c44298fc1c14
logos_02_semantic_core_pass_wql_mapping_consume_e2e	0	0	e3b0c44298fc1c14
logos_02_semantic_core_pass_wql_mapping_cross_module_e2e	0	LINK	-
logos_02_semantic_core_pass_wql_mapping_e2e	0	0	e3b0c44298fc1c14
logos_02_semantic_core_pass_wql_mapping_generic_e2e	0	0	e3b0c44298fc1c14
logos_02_semantic_core_pass_wql_mapping_rules_escape_e2e	0	0	e3b0c44298fc1c14
logos_02_semantic_core_pass_wql_mapping_scalar_e2e	0	0	e3b0c44298fc1c14
logos_02_semantic_core_pass_wql_multiarg_call_e2e	0	0	e3b0c44298fc1c14
logos_02_semantic_core_pass_wql_narrow_and_f32_columns_e2e	0	0	e3b0c44298fc1c14
logos_02_semantic_core_pass_wql_native_graph_e2e	0	0	e3b0c44298fc1c14
logos_02_semantic_core_pass_wql_ontology_showcase_e2e	0	0	7a00446a0fe6103e
logos_02_semantic_core_pass_wql_order_by_float_is_a_total_order_e2e	0	0	e3b0c44298fc1c14
logos_02_semantic_core_pass_wql_order_fold_empty_e2e	0	0	e3b0c44298fc1c14
logos_02_semantic_core_pass_wql_order_limit_e2e	0	0	e3b0c44298fc1c14
logos_02_semantic_core_pass_wql_params_form_e2e	0	0	e3b0c44298fc1c14
logos_02_semantic_core_pass_wql_plan_census_e2e	0	0	e3b0c44298fc1c14
logos_02_semantic_core_pass_wql_plan_no_table_e2e	0	0	e3b0c44298fc1c14
logos_02_semantic_core_pass_wql_plan_smoke	0	0	e3b0c44298fc1c14
logos_02_semantic_core_pass_wql_prepared_plan_e2e	0	0	e3b0c44298fc1c14
logos_02_semantic_core_pass_wql_query_e2e	0	0	e3b0c44298fc1c14
logos_02_semantic_core_pass_wql_rel_agg_entry_e2e	0	0	e3b0c44298fc1c14
logos_02_semantic_core_pass_wql_rel_basic_e2e	0	0	e3b0c44298fc1c14
logos_02_semantic_core_pass_wql_rel_chain_e2e	0	0	e3b0c44298fc1c14
logos_02_semantic_core_pass_wql_rel_dedup_e2e	0	0	e3b0c44298fc1c14
logos_02_semantic_core_pass_wql_rel_join_entry_e2e	0	0	e3b0c44298fc1c14
logos_02_semantic_core_pass_wql_rel_neg_cycle_abort	0	-6	e3b0c44298fc1c14
logos_02_semantic_core_pass_wql_rel_sssp_e2e	0	0	e3b0c44298fc1c14
logos_02_semantic_core_pass_wql_rel_widest_path_e2e	0	0	e3b0c44298fc1c14
logos_02_semantic_core_pass_wql_rexpr_opt_ir	0	0	e3b0c44298fc1c14
logos_02_semantic_core_pass_wql_shadowed_column_e2e	0	0	e3b0c44298fc1c14
logos_02_semantic_core_pass_wql_showcase_e2e	0	0	e3b0c44298fc1c14
logos_02_semantic_core_pass_wql_slice_scan_shape	0	0	e3b0c44298fc1c14
logos_02_semantic_core_pass_wql_source_trait_e2e	0	0	e3b0c44298fc1c14
logos_02_semantic_core_pass_wql_string_select_e2e	0	0	e3b0c44298fc1c14
logos_02_semantic_core_pass_wql_surface_parse_smoke	0	0	e3b0c44298fc1c14
logos_02_semantic_core_pass_wql_ternary_e2e	0	0	e3b0c44298fc1c14
logos_02_semantic_core_pass_wql_trama_combined_e2e	0	0	e3b0c44298fc1c14
logos_02_semantic_core_pass_wql_trama_parse	0	0	e3b0c44298fc1c14
logos_02_semantic_core_pass_wql_tuple_distinct_e2e	0	0	e3b0c44298fc1c14
logos_02_semantic_core_pass_wql_tuple_e2e	0	0	e3b0c44298fc1c14
logos_02_semantic_core_pass_wql_tuple_first_e2e	0	0	e3b0c44298fc1c14
logos_02_semantic_core_pass_wql_tuple_group_e2e	0	0	e3b0c44298fc1c14
logos_02_semantic_core_pass_wql_tuple_join_e2e	0	0	e3b0c44298fc1c14
logos_02_semantic_core_pass_wql_typed_params_e2e	0	0	e3b0c44298fc1c14
logos_02_semantic_core_pass_wql_u64_capability_matrix	0	0	e3b0c44298fc1c14
logos_02_semantic_core_pass_wql_uda_e2e	0	0	e3b0c44298fc1c14
logos_02_semantic_core_pass_wql_uda_join_e2e	0	0	e3b0c44298fc1c14
logos_02_semantic_core_pass_wql_uda_struct_acc_e2e	0	0	e3b0c44298fc1c14
logos_02_semantic_core_pass_wql_udf_e2e	0	0	e3b0c44298fc1c14
logos_02_semantic_core_pass_wql_value_domain_measured	0	0	e3b0c44298fc1c14
logos_02_semantic_core_pass_wql_ward_regression	0	0	e3b0c44298fc1c14
logos_02_semantic_core_pass_wql_widened_col_e2e	0	0	e3b0c44298fc1c14
logos_02_semantic_core_pass_wql_wref_field_pkg	0	LINK	-
logos_02_semantic_core_pass_wql_wref_field_read	0	0	e3b0c44298fc1c14
logos_02_semantic_core_pass_wql_writ_graph_e2e	0	0	e3b0c44298fc1c14
logos_02_semantic_core_pass_wql_writ_walk_cursor	0	0	e3b0c44298fc1c14
logos_02_semantic_core_pass_wrapping-arith-b164	0	0	e3b0c44298fc1c14
logos_02_semantic_core_pass_wrapping-overflow-na	0	0	e3b0c44298fc1c14
logos_02_semantic_core_pass_wrapping_arith	0	0	e3b0c44298fc1c14
logos_02_semantic_core_pass_writ_align	0	0	e3b0c44298fc1c14
logos_02_semantic_core_pass_writ_allocator	0	42	e3b0c44298fc1c14
logos_02_semantic_core_pass_writ_anymut	0	0	e3b0c44298fc1c14
logos_02_semantic_core_pass_writ_anyval	0	0	e3b0c44298fc1c14
logos_02_semantic_core_pass_writ_array	0	0	e3b0c44298fc1c14
logos_02_semantic_core_pass_writ_array_push_overloads	0	0	e3b0c44298fc1c14
logos_02_semantic_core_pass_writ_capture_cstr_ctl	0	42	dc51b8c96c2d745d
logos_02_semantic_core_pass_writ_capture_string_view	0	42	dc51b8c96c2d745d
logos_02_semantic_core_pass_writ_clone	0	0	e3b0c44298fc1c14
logos_02_semantic_core_pass_writ_clone_preserves_type_code	0	0	e3b0c44298fc1c14
logos_02_semantic_core_pass_writ_clone_refusal	0	0	e3b0c44298fc1c14
logos_02_semantic_core_pass_writ_compactify	0	0	e3b0c44298fc1c14
logos_02_semantic_core_pass_writ_compactify_deep_nesting_bounded	0	0	e3b0c44298fc1c14
logos_02_semantic_core_pass_writ_compactify_unit	0	0	e3b0c44298fc1c14
logos_02_semantic_core_pass_writ_container	0	42	e3b0c44298fc1c14
logos_02_semantic_core_pass_writ_containers	0	42	e3b0c44298fc1c14
logos_02_semantic_core_pass_writ_decimal	0	0	e3b0c44298fc1c14
logos_02_semantic_core_pass_writ_decimal_f64	0	0	e3b0c44298fc1c14
logos_02_semantic_core_pass_writ_decimal_limits_errors	0	0	e3b0c44298fc1c14
logos_02_semantic_core_pass_writ_decimal_methods	0	0	e3b0c44298fc1c14
logos_02_semantic_core_pass_writ_document_unit	0	0	e3b0c44298fc1c14
logos_02_semantic_core_pass_writ_dview_buffer	0	0	e3b0c44298fc1c14
logos_02_semantic_core_pass_writ_dview_smoke	0	0	e3b0c44298fc1c14
logos_02_semantic_core_pass_writ_dview_str	0	0	e3b0c44298fc1c14
logos_02_semantic_core_pass_writ_equal	0	0	e3b0c44298fc1c14
logos_02_semantic_core_pass_writ_escape_strings	0	42	e3b0c44298fc1c14
logos_02_semantic_core_pass_writ_float_parse	0	42	e3b0c44298fc1c14
logos_02_semantic_core_pass_writ_hbs_unit	0	0	e3b0c44298fc1c14
logos_02_semantic_core_pass_writ_held_any	0	0	e3b0c44298fc1c14
logos_02_semantic_core_pass_writ_hmap	0	0	e3b0c44298fc1c14
logos_02_semantic_core_pass_writ_hstring	0	0	e3b0c44298fc1c14
logos_02_semantic_core_pass_writ_intmap	0	0	e3b0c44298fc1c14
logos_02_semantic_core_pass_writ_objdata_roundtrip	0	0	e3b0c44298fc1c14
logos_02_semantic_core_pass_writ_parameter	0	0	e3b0c44298fc1c14
logos_02_semantic_core_pass_writ_parse_bignum_bounded	0	0	e3b0c44298fc1c14
logos_02_semantic_core_pass_writ_parse_deep_nesting_bounded	0	0	e3b0c44298fc1c14
logos_02_semantic_core_pass_writ_parse_typed_containers	0	0	e3b0c44298fc1c14
logos_02_semantic_core_pass_writ_parser	0	0	e3b0c44298fc1c14
logos_02_semantic_core_pass_writ_raii_drop	0	0	e3b0c44298fc1c14
logos_02_semantic_core_pass_writ_residency	0	0	e3b0c44298fc1c14
logos_02_semantic_core_pass_writ_safe_api	0	0	e3b0c44298fc1c14
logos_02_semantic_core_pass_writ_scalars	0	0	e3b0c44298fc1c14
logos_02_semantic_core_pass_writ_stringify_unit	0	0	e3b0c44298fc1c14
logos_02_semantic_core_pass_writ_tag_two_systems	0	0	e3b0c44298fc1c14
logos_02_semantic_core_pass_writ_tarray	0	0	e3b0c44298fc1c14
logos_02_semantic_core_pass_writ_tinymap	0	0	e3b0c44298fc1c14
logos_02_semantic_core_pass_writ_tinymap_cap_panic	0	0	e3b0c44298fc1c14
logos_02_semantic_core_pass_writ_type_lit_parse	0	0	e3b0c44298fc1c14
logos_02_semantic_core_pass_writ_type_lit_roundtrip	0	0	e3b0c44298fc1c14
logos_02_semantic_core_pass_writ_typed_array_element_type_errors	0	0	e3b0c44298fc1c14
logos_02_semantic_core_pass_writ_typed_array_materialize	0	0	e3b0c44298fc1c14
logos_02_semantic_core_pass_writ_typed_datatype_empty_params_canonical	0	0	e3b0c44298fc1c14
logos_02_semantic_core_pass_writ_typed_datatype_empty_params_small_zone	0	0	e3b0c44298fc1c14
logos_02_semantic_core_pass_writ_typed_datatype_params_overflow	0	0	e3b0c44298fc1c14
logos_02_semantic_core_pass_writ_typed_datatype_params_trailing_comma_errors	0	0	e3b0c44298fc1c14
logos_02_semantic_core_pass_writ_typed_datatype_trait_coverage	0	0	e3b0c44298fc1c14
logos_02_semantic_core_pass_writ_typed_datatype_values	0	0	e3b0c44298fc1c14
logos_02_semantic_core_pass_writ_typed_datatype_values_errors	0	0	e3b0c44298fc1c14
logos_02_semantic_core_pass_writ_typed_decimal_validation_errors	0	0	e3b0c44298fc1c14
logos_02_semantic_core_pass_writ_typed_decimal_validation_pass	0	0	e3b0c44298fc1c14
logos_02_semantic_core_pass_writ_typed_map_default_materialize	0	0	e3b0c44298fc1c14
logos_02_semantic_core_pass_writ_typed_map_i32_materialize	0	0	e3b0c44298fc1c14
logos_02_semantic_core_pass_writ_typed_map_key_type_errors	0	0	e3b0c44298fc1c14
logos_02_semantic_core_pass_writ_typed_materialization_errors	0	0	e3b0c44298fc1c14
logos_02_semantic_core_pass_writ_typed_placement	0	0	e3b0c44298fc1c14
logos_02_semantic_core_pass_writ_typed_value	0	0	e3b0c44298fc1c14
logos_02_semantic_core_pass_writ_typetags	0	0	e3b0c44298fc1c14
logos_02_semantic_core_pass_writ_wany_ref_resolver_guard_array_of_on_string	0	-6	e3b0c44298fc1c14
logos_02_semantic_core_pass_writ_wany_ref_resolver_guard_as_array_mut_on_string_elem	0	-6	e3b0c44298fc1c14
logos_02_semantic_core_pass_writ_wany_ref_resolver_guard_as_array_on_string	0	-6	e3b0c44298fc1c14
logos_02_semantic_core_pass_writ_wany_ref_resolver_guard_as_decimal_on_string	0	-6	e3b0c44298fc1c14
logos_02_semantic_core_pass_writ_wany_ref_resolver_guard_as_map_mut_on_string_elem	0	-6	e3b0c44298fc1c14
logos_02_semantic_core_pass_writ_wany_ref_resolver_guard_as_map_on_array	0	-6	e3b0c44298fc1c14
logos_02_semantic_core_pass_writ_wany_ref_resolver_guard_as_parameter_on_string	0	-6	e3b0c44298fc1c14
logos_02_semantic_core_pass_writ_wany_ref_resolver_guard_as_string_on_array	0	-6	e3b0c44298fc1c14
logos_02_semantic_core_pass_writ_wany_ref_resolver_guard_as_typed_value_on_string	0	-6	e3b0c44298fc1c14
logos_02_semantic_core_pass_writ_wany_ref_resolver_guard_positive	0	0	e3b0c44298fc1c14
logos_02_semantic_core_pass_writ_wany_ref_resolver_guard_wstring_of_on_array	0	-6	e3b0c44298fc1c14
logos_02_semantic_core_pass_writ_wany_wrongtype_accessor_guard	0	0	e3b0c44298fc1c14
logos_02_semantic_core_pass_writ_wbs_read_bounds	0	0	e3b0c44298fc1c14
logos_02_semantic_core_pass_writ_wbs_stringify_deep_nesting_bounded	0	0	e3b0c44298fc1c14
logos_02_semantic_core_pass_writ_wbs_typed_container_roundtrip	0	0	e3b0c44298fc1c14
logos_02_semantic_core_pass_writ_wide_scalars	0	0	e3b0c44298fc1c14
logos_02_semantic_core_pass_wstatic_const_generic_alias	0	0	e3b0c44298fc1c14
logos_02_semantic_core_pass_wstatic_const_generic_extract	0	0	e3b0c44298fc1c14
logos_02_semantic_core_pass_wstatic_const_generic_uid	0	0	e3b0c44298fc1c14
logos_02_semantic_core_pass_wstatic_generic_type_arg	0	0	e3b0c44298fc1c14
logos_02_semantic_core_pass_zero-size-type-destructors-b158	0	0	e3b0c44298fc1c14
logos_02_semantic_core_pass_zero-variant-enum-b150	0	0	e3b0c44298fc1c14
logos_02_semantic_core_pass_zero-variant-enum-pattern-matching-3037	0	0	e3b0c44298fc1c14
logos_02_semantic_core_pass_zero_arg_closure_type	0	0	e3b0c44298fc1c14
logos_02_semantic_core_pass_zip-custom-iters-b167	0	0	e3b0c44298fc1c14
logos_02_semantic_core_pass_zip-dot-product-itx	0	0	e3b0c44298fc1c14
logos_02_semantic_core_pass_zone_mut_fat_ref	0	0	e3b0c44298fc1c14
logos_02_semantic_core_pass_zone_mut_thin_source_admits	0	0	e3b0c44298fc1c14
logos_02_semantic_core_pass_zone_mut_thin_source_admits_aggregate	0	0	e3b0c44298fc1c14
logos_02_semantic_core_pass_zone_mut_thin_source_admits_generic	0	0	e3b0c44298fc1c14
logos_02_semantic_core_pass_zone_mut_thin_source_admits_wmap	0	0	e3b0c44298fc1c14
logos_02_semantic_core_pass_zone_mut_tupleidx_fat_recv	0	0	e3b0c44298fc1c14
logos_02_semantic_core_pass_zone_zvec_two_zones	0	0	e3b0c44298fc1c14
logos_02_semantic_core_pass_zoned_buffer	0	0	e3b0c44298fc1c14
logos_02_semantic_core_pass_zoned_ptr_basic	0	0	e3b0c44298fc1c14
logos_02_semantic_core_pass_zoned_relative_basic	0	0	e3b0c44298fc1c14
logos_02_semantic_core_pass_zoned_storage_pin_acceptance	0	42	e3b0c44298fc1c14
logos_02_semantic_core_pass_zz_btree_dyn_probe	0	0	e3b0c44298fc1c14
logos_02_semantic_core_pass_zz_star_dyn_probe	0	0	e3b0c44298fc1c14
logos_02_semantic_core_pass_zz_trait_const_generic_probe	0	0	e3b0c44298fc1c14
logos_02_semantic_core_pass_zz_vec_drop_probe	0	0	e3b0c44298fc1c14
logos_03_ownership_pass_borrow_literal_arg	0	19	e3b0c44298fc1c14
logos_03_ownership_pass_borrow_scope	0	3	e3b0c44298fc1c14
logos_03_ownership_pass_borrow_temp_two_step	0	42	e3b0c44298fc1c14
logos_03_ownership_pass_borrow_trait	0	42	e3b0c44298fc1c14
logos_03_ownership_pass_clone_basic	0	0	c3ae8e12d0891aa8
logos_03_ownership_pass_cond_ref_shared	0	10	e3b0c44298fc1c14
logos_03_ownership_pass_copy_basic	0	0	e3a549d1a288d696
logos_03_ownership_pass_copy_enum_field_payload_copy	0	0	c5c35d9bbf666a65
logos_03_ownership_pass_copy_let_independence	0	0	dc51b8c96c2d745d
logos_03_ownership_pass_copy_str_let_independence	0	0	e3b0c44298fc1c14
logos_03_ownership_pass_copy_verdict_homonym_drop_glue	0	3	56b8085402166133
logos_03_ownership_pass_copy_verdict_homonym_drop_glue_ctl	0	3	56b8085402166133
logos_03_ownership_pass_deref_call_boxed_closure	0	0	9ad6b4c00659cca1
logos_03_ownership_pass_deref_call_boxed_closure_direct	0	0	9ad6b4c00659cca1
logos_03_ownership_pass_deref_call_ref_closure	0	0	32ea0763bf281909
logos_03_ownership_pass_deref_call_ref_closure_direct	0	0	32ea0763bf281909
logos_03_ownership_pass_deref_call_ref_closure_param	0	0	8ca976bf8e0c872a
logos_03_ownership_pass_deref_compound_assign	0	0	e3b0c44298fc1c14
logos_03_ownership_pass_deref_index_mut_write	0	42	e3b0c44298fc1c14
logos_03_ownership_pass_deref_index_user_dispatch	0	42	e3b0c44298fc1c14
logos_03_ownership_pass_deref_method_autoderef	0	0	e3b0c44298fc1c14
logos_03_ownership_pass_deref_swap	0	42	e3b0c44298fc1c14
logos_03_ownership_pass_drop_basic	0	42	dadcf60122d09496
logos_03_ownership_pass_drop_deref_assign_referent	0	0	e3b0c44298fc1c14
logos_03_ownership_pass_drop_early_return	0	42	5b35b405dae2ea7a
logos_03_ownership_pass_drop_enum_field_struct_move_once	0	0	bf199d126588c7f2
logos_03_ownership_pass_drop_enum_field_struct_move_once_control	0	0	5e8e1e918de9c7cd
logos_03_ownership_pass_drop_fnptr_arg_consumed_once	0	0	b33330be8d06b435
logos_03_ownership_pass_drop_fnptr_arg_consumed_once_control	0	0	bce2f4bd5e6ca303
logos_03_ownership_pass_drop_for_loop_item_once	0	0	8bfff14f2b250d57
logos_03_ownership_pass_drop_for_loop_item_once_control	0	0	e510f5fee12a1a03
logos_03_ownership_pass_drop_generic_struct	0	0	e3b0c44298fc1c14
logos_03_ownership_pass_drop_glue_mixed_fields	0	42	5b35b405dae2ea7a
logos_03_ownership_pass_drop_glue_struct_homonym_field_list	0	0	762392a2d0fd86b9
logos_03_ownership_pass_drop_glue_struct_homonym_field_list_control	0	0	762392a2d0fd86b9
logos_03_ownership_pass_drop_glue_three_levels	0	42	acb599f0edc74c8e
logos_03_ownership_pass_drop_ident_generic_impl_runs_once	0	0	6677b02b41c671a3
logos_03_ownership_pass_drop_ident_inherent_is_not_a_destructor	0	0	1efda301b7e3010a
logos_03_ownership_pass_drop_ident_other_trait_is_not_a_destructor	0	0	1efda301b7e3010a
logos_03_ownership_pass_drop_ident_other_trait_named_drop	0	0	b120037832de955a
logos_03_ownership_pass_drop_ident_trait_is_a_destructor	0	0	b120037832de955a
logos_03_ownership_pass_drop_in_loop	0	42	0611322f77109703
logos_03_ownership_pass_drop_move_basic	0	42	db42290c777a74b3
logos_03_ownership_pass_drop_move_let	0	42	3082e255749fe7df
logos_03_ownership_pass_drop_move_two_consumers	0	42	5f1ddcbc9dace338
logos_03_ownership_pass_drop_multiple	0	42	5b35b405dae2ea7a
logos_03_ownership_pass_drop_mut_self_and_enum	0	0	e3b0c44298fc1c14
logos_03_ownership_pass_drop_nested_explicit	0	42	af0695fe6198baae
logos_03_ownership_pass_drop_nested_fields	0	42	5b35b405dae2ea7a
logos_03_ownership_pass_drop_nested_scope	0	42	5ad7c6d32c1b93d7
logos_03_ownership_pass_drop_non_droppable	0	42	81dfe58615cc4816
logos_03_ownership_pass_drop_option_into_iter_terminals_once	0	0	1dc6918467144a98
logos_03_ownership_pass_drop_order_with_non_droppable	0	42	e8f2f680503e7e64
logos_03_ownership_pass_drop_question_mark	0	0	e3b0c44298fc1c14
logos_03_ownership_pass_drop_reverse_order	0	42	e8f2f680503e7e64
logos_03_ownership_pass_drop_temp_field_base	0	42	35e4dbbcbd8d282b
logos_03_ownership_pass_drop_temp_receiver	0	0	e3b0c44298fc1c14
logos_03_ownership_pass_drop_temp_recv_return	0	42	35e4dbbcbd8d282b
logos_03_ownership_pass_drop_tuple_element_returned_once	0	0	ab6bbf0166ffef3d
logos_03_ownership_pass_drop_tuple_element_returned_once_control	0	0	ab6bbf0166ffef3d
logos_03_ownership_pass_lifetime_elision_ok	0	0	e3b0c44298fc1c14
logos_03_ownership_pass_lifetime_l4_multi_input_elision	0	0	e3b0c44298fc1c14
logos_03_ownership_pass_lifetime_match_ref_option	0	0	e3b0c44298fc1c14
logos_03_ownership_pass_lifetime_pass	0	42	e3b0c44298fc1c14
logos_03_ownership_pass_lifetime_slice	0	0	e3b0c44298fc1c14
logos_03_ownership_pass_lifetime_struct_basic	0	0	e3b0c44298fc1c14
logos_03_ownership_pass_lifetime_trait_bound_arg	0	0	e3b0c44298fc1c14
logos_03_ownership_pass_lifetime_underscore	0	0	e3b0c44298fc1c14
logos_03_ownership_pass_move_closure_capture_drop_once	0	0	e3b0c44298fc1c14
logos_03_ownership_pass_move_closure_copy_capture	0	0	e3b0c44298fc1c14
logos_03_ownership_pass_move_closure_zero_arity	0	7	e3b0c44298fc1c14
logos_03_ownership_pass_move_copy_getters	0	0	e3b0c44298fc1c14
logos_03_ownership_pass_move_copy_through_ref	0	0	e3b0c44298fc1c14
logos_03_ownership_pass_mut_array_ref_slice_decay	0	0	e3b0c44298fc1c14
logos_03_ownership_pass_mut_borrow_tuple_field	0	0	e3b0c44298fc1c14
logos_03_ownership_pass_mut_param_binding	0	0	e3b0c44298fc1c14
logos_03_ownership_pass_mut_ref_deref_write	0	52	e3b0c44298fc1c14
logos_03_ownership_pass_mut_ref_field_write	0	42	e3b0c44298fc1c14
logos_03_ownership_pass_mut_ref_struct_deref	0	42	e3b0c44298fc1c14
logos_03_ownership_pass_mut_ref_struct_rebind	0	0	e3b0c44298fc1c14
logos_03_ownership_pass_unsafe_block	0	99	e3b0c44298fc1c14
logos_03_ownership_pass_unsafe_dyn_trait	0	77	e3b0c44298fc1c14
logos_03_ownership_pass_unsafe_fn	0	77	e3b0c44298fc1c14
logos_03_ownership_pass_unsafe_method	0	55	e3b0c44298fc1c14
logos_03_ownership_pass_unsafe_trait	0	42	e3b0c44298fc1c14
logos_03_ownership_pass_unsafe_trait_method	0	33	e3b0c44298fc1c14
logos_04_advanced_features_pass_assoc_chained	0	42	e3b0c44298fc1c14
logos_04_advanced_features_pass_assoc_const	0	0	e3b0c44298fc1c14
logos_04_advanced_features_pass_assoc_const_access	0	0	e3b0c44298fc1c14
logos_04_advanced_features_pass_assoc_const_standalone	0	0	e3b0c44298fc1c14
logos_04_advanced_features_pass_assoc_enum_wrap	0	42	e3b0c44298fc1c14
logos_04_advanced_features_pass_assoc_infer	0	42	e3b0c44298fc1c14
logos_04_advanced_features_pass_assoc_local_var	0	42	e3b0c44298fc1c14
logos_04_advanced_features_pass_assoc_multi	0	42	e3b0c44298fc1c14
logos_04_advanced_features_pass_assoc_nested_chain	0	42	e3b0c44298fc1c14
logos_04_advanced_features_pass_assoc_param_type	0	42	e3b0c44298fc1c14
logos_04_advanced_features_pass_assoc_return_infer	0	42	e3b0c44298fc1c14
logos_04_advanced_features_pass_assoc_struct_item	0	42	e3b0c44298fc1c14
logos_04_advanced_features_pass_assoc_two_impls	0	42	e3b0c44298fc1c14
logos_04_advanced_features_pass_assoc_type_projection_dispatch	0	0	e3b0c44298fc1c14
logos_04_advanced_features_pass_assoc_type_qualified_and_ref	0	0	e3b0c44298fc1c14
logos_04_advanced_features_pass_assoc_types	0	42	e3b0c44298fc1c14
logos_04_advanced_features_pass_closure_addr_of_capture	0	0	e3b0c44298fc1c14
logos_04_advanced_features_pass_closure_as_arg	0	42	e3b0c44298fc1c14
logos_04_advanced_features_pass_closure_bare_param	0	0	e3b0c44298fc1c14
logos_04_advanced_features_pass_closure_call_arg_coercion	0	0	e3b0c44298fc1c14
logos_04_advanced_features_pass_closure_call_moves_string	0	0	e3b0c44298fc1c14
logos_04_advanced_features_pass_closure_capture_array_foreach	0	9	e3b0c44298fc1c14
logos_04_advanced_features_pass_closure_capture_array_lit	0	7	e3b0c44298fc1c14
logos_04_advanced_features_pass_closure_capture_array_write	0	0	e3b0c44298fc1c14
logos_04_advanced_features_pass_closure_capture_borrow_nll	0	13	e3b0c44298fc1c14
logos_04_advanced_features_pass_closure_capture_drop_once	0	0	e3b0c44298fc1c14
logos_04_advanced_features_pass_closure_capture_enum_payload	0	7	e3b0c44298fc1c14
logos_04_advanced_features_pass_closure_capture_for_range	0	6	e3b0c44298fc1c14
logos_04_advanced_features_pass_closure_capture_if_expr	0	7	e3b0c44298fc1c14
logos_04_advanced_features_pass_closure_capture_loop_break	0	7	e3b0c44298fc1c14
logos_04_advanced_features_pass_closure_capture_match_expr	0	7	e3b0c44298fc1c14
logos_04_advanced_features_pass_closure_capture_match_stmt	0	7	e3b0c44298fc1c14
logos_04_advanced_features_pass_closure_capture_struct_lit	0	7	e3b0c44298fc1c14
logos_04_advanced_features_pass_closure_capture_tuple	0	7	e3b0c44298fc1c14
logos_04_advanced_features_pass_closure_captures_dyn_param	0	0	e3b0c44298fc1c14
logos_04_advanced_features_pass_closure_counter	0	42	e3b0c44298fc1c14
logos_04_advanced_features_pass_closure_expr_body	0	0	e3b0c44298fc1c14
logos_04_advanced_features_pass_closure_in_struct_field	0	42	e3b0c44298fc1c14
logos_04_advanced_features_pass_closure_multi	0	42	e3b0c44298fc1c14
logos_04_advanced_features_pass_closure_multilevel_field_write	0	0	e3b0c44298fc1c14
logos_04_advanced_features_pass_closure_mut_param	0	0	e3b0c44298fc1c14
logos_04_advanced_features_pass_closure_nested	0	42	e3b0c44298fc1c14
logos_04_advanced_features_pass_closure_returns_enum	0	42	e3b0c44298fc1c14
logos_04_advanced_features_pass_closure_send_captures	0	0	e3b0c44298fc1c14
logos_04_advanced_features_pass_closure_tail_expr	0	0	e3b0c44298fc1c14
logos_04_advanced_features_pass_closure_to_fnptr_coercion	0	0	e3b0c44298fc1c14
logos_04_advanced_features_pass_closure_type_param	0	0	990fd3967ee4f2af
logos_04_advanced_features_pass_closure_zero_arity	0	7	e3b0c44298fc1c14
logos_04_advanced_features_pass_default_binding_mode_mut	0	0	e3b0c44298fc1c14
logos_04_advanced_features_pass_default_binding_mode_ref_enum	0	0	e3b0c44298fc1c14
logos_04_advanced_features_pass_default_binding_mode_ref_struct	0	0	e3b0c44298fc1c14
logos_04_advanced_features_pass_default_binding_mode_ref_tuple	0	0	e3b0c44298fc1c14
logos_04_advanced_features_pass_default_in_function	0	42	e3b0c44298fc1c14
logos_04_advanced_features_pass_default_method_simple	0	0	e3b0c44298fc1c14
logos_04_advanced_features_pass_default_struct_fields	0	42	e3b0c44298fc1c14
logos_04_advanced_features_pass_default_trait	0	42	e3b0c44298fc1c14
logos_04_advanced_features_pass_dyn_auto_trait_bounds	0	53	e3b0c44298fc1c14
logos_04_advanced_features_pass_dyn_dispatch_ret_type	0	0	c472445c95a97c00
logos_04_advanced_features_pass_dyn_in_enum_payload	0	42	e3b0c44298fc1c14
logos_04_advanced_features_pass_dyn_let_assign_independence	0	0	e3b0c44298fc1c14
logos_04_advanced_features_pass_dyn_return_ref_strip	0	42	e3b0c44298fc1c14
logos_04_advanced_features_pass_dyn_send_box_ok	0	0	e3b0c44298fc1c14
logos_04_advanced_features_pass_dyn_send_coercion_sites	0	0	e3b0c44298fc1c14
logos_04_advanced_features_pass_dyn_trait	0	42	e3b0c44298fc1c14
logos_04_advanced_features_pass_dyn_trait_multi	0	42	e3b0c44298fc1c14
logos_04_advanced_features_pass_dyn_trait_shadowing	0	0	e3b0c44298fc1c14
logos_04_advanced_features_pass_extern_fn_ptr_type	0	0	e3b0c44298fc1c14
logos_04_advanced_features_pass_extern_static_unsafe_access	0	0	e3b0c44298fc1c14
logos_04_advanced_features_pass_from_chain	0	42	e3b0c44298fc1c14
logos_04_advanced_features_pass_from_into_trait	0	42	e3b0c44298fc1c14
logos_04_advanced_features_pass_g1_extern_fn	0	42	e3b0c44298fc1c14
logos_04_advanced_features_pass_g1_standalone_impl	0	42	e3b0c44298fc1c14
logos_04_advanced_features_pass_g2_impl_trait_return	0	42	e3b0c44298fc1c14
logos_04_advanced_features_pass_generic_alias	0	4	e3b0c44298fc1c14
logos_04_advanced_features_pass_generic_bound_two	0	42	e3b0c44298fc1c14
logos_04_advanced_features_pass_generic_chain_write_through_ptr	0	0	e3b0c44298fc1c14
logos_04_advanced_features_pass_generic_closure	0	42	e3b0c44298fc1c14
logos_04_advanced_features_pass_generic_copy_bound	0	0	e3b0c44298fc1c14
logos_04_advanced_features_pass_generic_enum_method_let_annotation	0	0	e3b0c44298fc1c14
logos_04_advanced_features_pass_generic_i56_u56_i128_u128	0	42	e3b0c44298fc1c14
logos_04_advanced_features_pass_generic_impl_const_param_bound	0	0	e3b0c44298fc1c14
logos_04_advanced_features_pass_generic_inherent_spec	0	0	e3b0c44298fc1c14
logos_04_advanced_features_pass_generic_inst_type_code	0	0	e3b0c44298fc1c14
logos_04_advanced_features_pass_generic_match_ergonomics_typevar	0	0	e3b0c44298fc1c14
logos_04_advanced_features_pass_generic_max	0	10	e3b0c44298fc1c14
logos_04_advanced_features_pass_generic_method_infer_struct	0	42	e3b0c44298fc1c14
logos_04_advanced_features_pass_generic_methods	0	7	e3b0c44298fc1c14
logos_04_advanced_features_pass_generic_nested	0	42	e3b0c44298fc1c14
logos_04_advanced_features_pass_generic_pow	0	64	e3b0c44298fc1c14
logos_04_advanced_features_pass_generic_ref_registry_dispatch	0	42	e3b0c44298fc1c14
logos_04_advanced_features_pass_generic_ref_registry_shape	0	42	e3b0c44298fc1c14
logos_04_advanced_features_pass_generic_ref_slice1	0	42	e3b0c44298fc1c14
logos_04_advanced_features_pass_generic_ref_slice2	0	42	e3b0c44298fc1c14
logos_04_advanced_features_pass_generic_static_constructor	0	42	e3b0c44298fc1c14
logos_04_advanced_features_pass_generic_struct	0	42	e3b0c44298fc1c14
logos_04_advanced_features_pass_generic_struct_field_pattern	0	0	e3b0c44298fc1c14
logos_04_advanced_features_pass_generic_struct_lit_explicit	0	42	e3b0c44298fc1c14
logos_04_advanced_features_pass_generic_struct_method	0	42	e3b0c44298fc1c14
logos_04_advanced_features_pass_generic_trait	0	42	e3b0c44298fc1c14
logos_04_advanced_features_pass_generic_trait_assoc	0	55	e3b0c44298fc1c14
logos_04_advanced_features_pass_generic_trait_impl	0	99	e3b0c44298fc1c14
logos_04_advanced_features_pass_generic_trait_method	0	42	e3b0c44298fc1c14
logos_04_advanced_features_pass_generic_two_params	0	42	e3b0c44298fc1c14
logos_04_advanced_features_pass_impl_block	0	42	e3b0c44298fc1c14
logos_04_advanced_features_pass_impl_for_dyn_self	0	0	e3b0c44298fc1c14
logos_04_advanced_features_pass_impl_for_str_self	0	0	e3b0c44298fc1c14
logos_04_advanced_features_pass_impl_for_tuple	0	0	e3b0c44298fc1c14
logos_04_advanced_features_pass_impl_for_unsized_slice_concrete	0	0	e3b0c44298fc1c14
logos_04_advanced_features_pass_impl_for_unsized_slice_generic	0	0	e3b0c44298fc1c14
logos_04_advanced_features_pass_impl_generic_enum	0	0	4810908d42f917dd
logos_04_advanced_features_pass_impl_generic_result	0	0	599d84c7af3f4da5
logos_04_advanced_features_pass_impl_generic_struct	0	0	6ced1dc7cf163b80
logos_04_advanced_features_pass_impl_self_in_nonstruct_targets	0	0	e3b0c44298fc1c14
logos_04_advanced_features_pass_impl_self_shorthand	0	42	e3b0c44298fc1c14
logos_04_advanced_features_pass_impl_target_homonym_copy_verdict	0	20	e3b0c44298fc1c14
logos_04_advanced_features_pass_impl_target_homonym_copy_verdict_ctl	0	20	e3b0c44298fc1c14
logos_04_advanced_features_pass_impl_target_homonym_drop	0	20	e3b0c44298fc1c14
logos_04_advanced_features_pass_impl_target_homonym_drop_ctl	0	20	e3b0c44298fc1c14
logos_04_advanced_features_pass_impl_trait_for_fn_ptr	0	0	e3b0c44298fc1c14
logos_04_advanced_features_pass_impl_trait_for_primitive	0	28	e3b0c44298fc1c14
logos_04_advanced_features_pass_impl_trait_for_ref_dispatch	0	7	e3b0c44298fc1c14
logos_04_advanced_features_pass_impl_trait_let_ann	0	42	e3b0c44298fc1c14
logos_04_advanced_features_pass_impl_trait_ret	0	0	ed7faea77bebaf25
logos_04_advanced_features_pass_into_method	0	42	e3b0c44298fc1c14
logos_04_advanced_features_pass_option_chain	0	42	e3b0c44298fc1c14
logos_04_advanced_features_pass_spec_dispatch	0	7	e3b0c44298fc1c14
logos_04_advanced_features_pass_trait_blanket_bare_alias_bound	0	0	e3b0c44298fc1c14
logos_04_advanced_features_pass_trait_blanket_homonym_bound_admits	0	LINK	-
logos_04_advanced_features_pass_trait_blanket_homonym_no_overinstantiation	0	0	e3b0c44298fc1c14
logos_04_advanced_features_pass_trait_bounds	0	0	70ea4e6a2dc5790c
logos_04_advanced_features_pass_trait_chain	0	42	e3b0c44298fc1c14
logos_04_advanced_features_pass_trait_const_param_array_sig	0	0	e3b0c44298fc1c14
logos_04_advanced_features_pass_trait_default_assoc_const	0	0	e3b0c44298fc1c14
logos_04_advanced_features_pass_trait_default_generic	0	42	e3b0c44298fc1c14
logos_04_advanced_features_pass_trait_default_method	0	42	e3b0c44298fc1c14
logos_04_advanced_features_pass_trait_default_only	0	42	e3b0c44298fc1c14
logos_04_advanced_features_pass_trait_default_self_typed_return	0	42	e3b0c44298fc1c14
logos_04_advanced_features_pass_trait_generic	0	42	e3b0c44298fc1c14
logos_04_advanced_features_pass_trait_generic_default	0	42	e3b0c44298fc1c14
logos_04_advanced_features_pass_trait_homonym_bound_arity	0	27	e3b0c44298fc1c14
logos_04_advanced_features_pass_trait_homonym_bound_arity_ctl	0	27	e3b0c44298fc1c14
logos_04_advanced_features_pass_trait_homonym_default_body_datum	0	27	e3b0c44298fc1c14
logos_04_advanced_features_pass_trait_homonym_default_body_datum_ctl	0	27	e3b0c44298fc1c14
logos_04_advanced_features_pass_trait_homonym_default_body_not_injected	0	27	e3b0c44298fc1c14
logos_04_advanced_features_pass_trait_homonym_default_body_not_injected_ctl	0	27	e3b0c44298fc1c14
logos_04_advanced_features_pass_trait_homonym_fn_family_dyn	0	27	e3b0c44298fc1c14
logos_04_advanced_features_pass_trait_homonym_fn_family_dyn_ctl	0	27	e3b0c44298fc1c14
logos_04_advanced_features_pass_trait_homonym_gat_arity	0	27	e3b0c44298fc1c14
logos_04_advanced_features_pass_trait_homonym_gat_arity_ctl	0	27	e3b0c44298fc1c14
logos_04_advanced_features_pass_trait_ident_bare_alias_bound	0	0	e3b0c44298fc1c14
logos_04_advanced_features_pass_trait_ident_homonym_bound	0	0	77653ee86925f386
logos_04_advanced_features_pass_trait_ident_pkg_chain	0	LINK	-
logos_04_advanced_features_pass_trait_impl_two_types	0	42	e3b0c44298fc1c14
logos_04_advanced_features_pass_trait_method_args	0	42	e3b0c44298fc1c14
logos_04_advanced_features_pass_trait_method_collision	0	12	e3b0c44298fc1c14
logos_04_advanced_features_pass_trait_method_decl_where_clause	0	0	e3b0c44298fc1c14
logos_04_advanced_features_pass_trait_multi_bound	0	42	e3b0c44298fc1c14
logos_04_advanced_features_pass_trait_query_emit_homonym_method	0	0	3b8588e87293f5c9
logos_04_advanced_features_pass_trait_self_return	0	42	e3b0c44298fc1c14
logos_04_advanced_features_pass_trait_three_impls	0	42	e3b0c44298fc1c14
logos_04_advanced_features_pass_trait_typearg_multidispatch	0	0	e3b0c44298fc1c14
logos_04_advanced_features_pass_trait_void_dispatch	0	42	9cc769dbffe94530
logos_04_advanced_features_pass_variadic_count	0	42	e3b0c44298fc1c14
logos_04_advanced_features_pass_variadic_fields	0	0	e3b0c44298fc1c14
logos_04_advanced_features_pass_variadic_format	0	42	1bf644ea07b16c24
logos_04_advanced_features_pass_variadic_forward	0	42	e3b0c44298fc1c14
logos_04_advanced_features_pass_variadic_four	0	42	e3b0c44298fc1c14
logos_04_advanced_features_pass_variadic_mixed	0	42	e3b0c44298fc1c14
logos_04_advanced_features_pass_variadic_name_collision	0	7	e3b0c44298fc1c14
logos_04_advanced_features_pass_variadic_recursive	0	42	e3b0c44298fc1c14
logos_04_advanced_features_pass_variadic_single	0	42	e3b0c44298fc1c14
logos_04_advanced_features_pass_variadic_sum5	0	42	e3b0c44298fc1c14
logos_04_advanced_features_pass_variadic_trait_bound	0	42	e3b0c44298fc1c14
logos_04_advanced_features_pass_variadic_tuple_dispatch	0	0	e3b0c44298fc1c14
logos_04_advanced_features_pass_variadic_tuple_eq	0	0	e3b0c44298fc1c14
logos_04_advanced_features_pass_variadic_tuple_impl_deferred	0	0	e3b0c44298fc1c14
logos_04_advanced_features_pass_variadic_tuple_parse	0	0	e3b0c44298fc1c14
logos_05_integration_pass_any_downcast	0	0	e3b0c44298fc1c14
logos_05_integration_pass_arc_basic	0	42	e3b0c44298fc1c14
logos_05_integration_pass_args_basic	0	42	e3b0c44298fc1c14
logos_05_integration_pass_array_generic_push_grow	0	60	e3b0c44298fc1c14
logos_05_integration_pass_array_i32_generic_api	0	60	e3b0c44298fc1c14
logos_05_integration_pass_assoc_const_writ_static	0	0	e3b0c44298fc1c14
logos_05_integration_pass_atomic_basic	0	42	e3b0c44298fc1c14
logos_05_integration_pass_auto_trait_generic_propagation	0	42	e3b0c44298fc1c14
logos_05_integration_pass_auto_trait_send_scalar	0	42	e3b0c44298fc1c14
logos_05_integration_pass_auto_trait_send_struct	0	42	e3b0c44298fc1c14
logos_05_integration_pass_auto_trait_unsafe_impl	0	42	e3b0c44298fc1c14
logos_05_integration_pass_base64_basic	0	42	e3b0c44298fc1c14
logos_05_integration_pass_blanket_impl_assoc_eq	0	17	e3b0c44298fc1c14
logos_05_integration_pass_blanket_impl_unbounded	0	42	e3b0c44298fc1c14
logos_05_integration_pass_box_basic	0	42	e3b0c44298fc1c14
logos_05_integration_pass_box_drop_raii	0	42	e3b0c44298fc1c14
logos_05_integration_pass_box_dyn_trait_basic	0	42	e3b0c44298fc1c14
logos_05_integration_pass_bst	0	0	46e58a7ead0e3b4c
logos_05_integration_pass_btreemap_basic	0	42	e3b0c44298fc1c14
logos_05_integration_pass_bufio_basic	0	42	e3b0c44298fc1c14
logos_05_integration_pass_bufio_generic_reader	0	42	e3b0c44298fc1c14
logos_05_integration_pass_bytes_basic	0	42	e3b0c44298fc1c14
logos_05_integration_pass_crypto_basic	0	42	e3b0c44298fc1c14
logos_05_integration_pass_csv_basic	0	42	e3b0c44298fc1c14
logos_05_integration_pass_datatype_impl	0	60	e3b0c44298fc1c14
logos_05_integration_pass_datatype_own	0	33	e3b0c44298fc1c14
logos_05_integration_pass_datatype_relptr	0	30	e3b0c44298fc1c14
logos_05_integration_pass_datatype_zone_basic	0	30	e3b0c44298fc1c14
logos_05_integration_pass_datatype_zone_ergonomic	0	42	e3b0c44298fc1c14
logos_05_integration_pass_datatype_zone_ref	0	42	e3b0c44298fc1c14
logos_05_integration_pass_datetime_basic	0	42	e3b0c44298fc1c14
logos_05_integration_pass_derive_debug_e2e	0	21	5fba9be34e8c6b72
logos_05_integration_pass_derive_debug_enum	0	26	80732bea0c218bbd
logos_05_integration_pass_derive_debug_generic	0	20	5c897ed83f6b4245
logos_05_integration_pass_env_basic	0	42	e3b0c44298fc1c14
logos_05_integration_pass_fiber_basic	0	42	e3b0c44298fc1c14
logos_05_integration_pass_fiber_chan_basic	0	42	e3b0c44298fc1c14
logos_05_integration_pass_fiber_future	0	42	e3b0c44298fc1c14
logos_05_integration_pass_fiber_latch_basic	0	42	e3b0c44298fc1c14
logos_05_integration_pass_fiber_thread_basic	0	42	e3b0c44298fc1c14
logos_05_integration_pass_fiber_thread_future	0	42	e3b0c44298fc1c14
logos_05_integration_pass_fiber_yield	0	42	e3b0c44298fc1c14
logos_05_integration_pass_fibonacci	0	55	e3b0c44298fc1c14
logos_05_integration_pass_fls_tls_basic	0	42	e3b0c44298fc1c14
logos_05_integration_pass_format_basic	0	42	02d9fba06d629c76
logos_05_integration_pass_format_types	0	42	6cedbd3528ad39c9
logos_05_integration_pass_fs_basic	0	42	e3b0c44298fc1c14
logos_05_integration_pass_hashset_basic	0	42	e3b0c44298fc1c14
logos_05_integration_pass_hex_basic	0	42	e3b0c44298fc1c14
logos_05_integration_pass_http_chunked	0	42	e3b0c44298fc1c14
logos_05_integration_pass_http_chunked_body_helper	0	42	e3b0c44298fc1c14
logos_05_integration_pass_http_chunked_reader	0	42	e3b0c44298fc1c14
logos_05_integration_pass_http_framing_readers	0	42	e3b0c44298fc1c14
logos_05_integration_pass_http_golden_suite	0	42	e3b0c44298fc1c14
logos_05_integration_pass_http_keepalive	0	42	e3b0c44298fc1c14
logos_05_integration_pass_http_parse_basic	0	42	e3b0c44298fc1c14
logos_05_integration_pass_http_parse_corpus	0	42	e3b0c44298fc1c14
logos_05_integration_pass_http_parse_stream	0	42	e3b0c44298fc1c14
logos_05_integration_pass_http_roundtrip	0	42	e3b0c44298fc1c14
logos_05_integration_pass_http_serialize_stream	0	42	e3b0c44298fc1c14
logos_05_integration_pass_http_serve_bounded	0	42	e3b0c44298fc1c14
logos_05_integration_pass_http_service_basic	0	42	e3b0c44298fc1c14
logos_05_integration_pass_http_types_basic	0	42	e3b0c44298fc1c14
logos_05_integration_pass_http_workers_basic	0	42	e3b0c44298fc1c14
logos_05_integration_pass_instantiate_decl	0	42	e3b0c44298fc1c14
logos_05_integration_pass_io_print_basic	0	42	707032316067de47
logos_05_integration_pass_io_read_write_trait	0	42	e3b0c44298fc1c14
logos_05_integration_pass_io_uring_basic	0	42	e3b0c44298fc1c14
logos_05_integration_pass_io_writev_basic	0	42	e3b0c44298fc1c14
logos_05_integration_pass_item_list_splice	0	18	e3b0c44298fc1c14
logos_05_integration_pass_json_basic	0	42	e3b0c44298fc1c14
logos_05_integration_pass_linked_list	0	0	14c5e74c4b96ccef
logos_05_integration_pass_log_basic	0	42	e3b0c44298fc1c14
logos_05_integration_pass_math_basic	0	42	e3b0c44298fc1c14
logos_05_integration_pass_meta_align_of	0	0	e3b0c44298fc1c14
logos_05_integration_pass_meta_apply	0	0	e3b0c44298fc1c14
logos_05_integration_pass_meta_args_count	0	0	e3b0c44298fc1c14
logos_05_integration_pass_meta_const_pack	0	0	e3b0c44298fc1c14
logos_05_integration_pass_meta_field_byname	0	0	e3b0c44298fc1c14
logos_05_integration_pass_meta_field_iter	0	0	e3b0c44298fc1c14
logos_05_integration_pass_meta_filter	0	0	e3b0c44298fc1c14
logos_05_integration_pass_meta_fold_i64	0	0	e3b0c44298fc1c14
logos_05_integration_pass_meta_fold_to_type	0	0	e3b0c44298fc1c14
logos_05_integration_pass_meta_generic_handle	0	0	e3b0c44298fc1c14
logos_05_integration_pass_meta_has_trait	0	0	e3b0c44298fc1c14
logos_05_integration_pass_meta_has_trait_of	0	0	e3b0c44298fc1c14
logos_05_integration_pass_meta_kind_name	0	0	e3b0c44298fc1c14
logos_05_integration_pass_meta_kind_preds	0	0	e3b0c44298fc1c14
logos_05_integration_pass_meta_pack_basic	0	0	e3b0c44298fc1c14
logos_05_integration_pass_meta_pack_search	0	0	e3b0c44298fc1c14
logos_05_integration_pass_meta_quote_ty_antiquot	0	0	e3b0c44298fc1c14
logos_05_integration_pass_meta_quote_ty_pack	0	0	e3b0c44298fc1c14
logos_05_integration_pass_meta_quote_ty_tup_arr	0	0	e3b0c44298fc1c14
logos_05_integration_pass_meta_reify_type	0	0	e3b0c44298fc1c14
logos_05_integration_pass_meta_sizeof_pack_arg	0	0	e3b0c44298fc1c14
logos_05_integration_pass_meta_template_handle	0	0	e3b0c44298fc1c14
logos_05_integration_pass_meta_template_of_smoke	0	0	e3b0c44298fc1c14
logos_05_integration_pass_meta_template_of_typed	0	0	e3b0c44298fc1c14
logos_05_integration_pass_meta_transform	0	0	e3b0c44298fc1c14
logos_05_integration_pass_meta_tuple_intrinsics	0	0	e3b0c44298fc1c14
logos_05_integration_pass_meta_type_align	0	0	e3b0c44298fc1c14
logos_05_integration_pass_meta_type_methods	0	0	e3b0c44298fc1c14
logos_05_integration_pass_meta_typelist	0	0	e3b0c44298fc1c14
logos_05_integration_pass_meta_typelist_a_side	0	0	e3b0c44298fc1c14
logos_05_integration_pass_meta_variant_intrinsics	0	0	e3b0c44298fc1c14
logos_05_integration_pass_metacall_expr_blob	0	3	e3b0c44298fc1c14
logos_05_integration_pass_multi_derive_e2e	0	63	e3b0c44298fc1c14
logos_05_integration_pass_mutex_basic	0	42	e3b0c44298fc1c14
logos_05_integration_pass_net_basic	0	42	e3b0c44298fc1c14
logos_05_integration_pass_os_basic	0	42	e3b0c44298fc1c14
logos_05_integration_pass_panic_basic	0	42	e3b0c44298fc1c14
logos_05_integration_pass_path_basic	0	42	e3b0c44298fc1c14
logos_05_integration_pass_pipe_basic	0	42	e3b0c44298fc1c14
logos_05_integration_pass_process_basic	0	42	e3b0c44298fc1c14
logos_05_integration_pass_pub_reexport	0	LINK	-
logos_05_integration_pass_quicksort	0	0	3d6329fda493a851
logos_05_integration_pass_quote_expr_antiquot	0	42	e3b0c44298fc1c14
logos_05_integration_pass_quote_expr_call_arg_shapes	0	0	e3b0c44298fc1c14
logos_05_integration_pass_quote_expr_repeat_andand	0	7	e3b0c44298fc1c14
logos_05_integration_pass_quote_expr_repeat_comma	0	7	e3b0c44298fc1c14
logos_05_integration_pass_quote_expr_smoke	0	3	e3b0c44298fc1c14
logos_05_integration_pass_quote_expr_stmt_fold	0	0	e3b0c44298fc1c14
logos_05_integration_pass_quote_expr_subblob	0	7	e3b0c44298fc1c14
logos_05_integration_pass_quote_item_antiquot	0	7	e3b0c44298fc1c14
logos_05_integration_pass_quote_item_exprblob_cursor	0	0	e3b0c44298fc1c14
logos_05_integration_pass_quote_item_nested_antiquot	0	9	e3b0c44298fc1c14
logos_05_integration_pass_quote_item_smoke	0	42	e3b0c44298fc1c14
logos_05_integration_pass_quote_ty_smoke	0	0	e3b0c44298fc1c14
logos_05_integration_pass_random_basic	0	42	e3b0c44298fc1c14
logos_05_integration_pass_rc_basic	0	42	e3b0c44298fc1c14
logos_05_integration_pass_rc_drop_inner	0	42	e3b0c44298fc1c14
logos_05_integration_pass_regex_basic	0	42	e3b0c44298fc1c14
logos_05_integration_pass_signal_basic	0	42	e3b0c44298fc1c14
logos_05_integration_pass_slice6_field_accessors	0	7	e3b0c44298fc1c14
logos_05_integration_pass_stdlib_demo	0	30	e3b0c44298fc1c14
logos_05_integration_pass_testing_basic	0	42	e3b0c44298fc1c14
logos_05_integration_pass_thread_basic	0	42	e3b0c44298fc1c14
logos_05_integration_pass_url_basic	0	42	e3b0c44298fc1c14
logos_05_integration_pass_url_parse_basic	0	42	e3b0c44298fc1c14
logos_05_integration_pass_vec_full	0	42	e3b0c44298fc1c14
logos_05_integration_pass_vec_usage	0	42	e3b0c44298fc1c14
logos_05_integration_pass_vecdeque_basic	0	42	e3b0c44298fc1c14
logos_05_integration_pass_writ_anyval_methods	0	42	e3b0c44298fc1c14
logos_05_integration_pass_writ_as_array	0	0	e3b0c44298fc1c14
logos_05_integration_pass_writ_as_array_variants	0	0	e3b0c44298fc1c14
logos_05_integration_pass_writ_as_map	0	0	e3b0c44298fc1c14
logos_05_integration_pass_writ_as_map_variants	0	0	e3b0c44298fc1c14
logos_05_integration_pass_writ_buffer_i64	0	0	e3b0c44298fc1c14
logos_05_integration_pass_writ_buffer_string	0	0	e3b0c44298fc1c14
logos_05_integration_pass_writ_builder	0	0	e3b0c44298fc1c14
logos_05_integration_pass_writ_capture_f64	0	0	e3b0c44298fc1c14
logos_05_integration_pass_writ_capture_scalar	0	0	e3b0c44298fc1c14
logos_05_integration_pass_writ_capture_str	0	0	e3b0c44298fc1c14
logos_05_integration_pass_writ_check	0	0	e3b0c44298fc1c14
logos_05_integration_pass_writ_comp_coerce	0	42	e3b0c44298fc1c14
logos_05_integration_pass_writ_ctr_traversal	0	42	e3b0c44298fc1c14
logos_05_integration_pass_writ_ctr_view	0	0	e3b0c44298fc1c14
logos_05_integration_pass_writ_document	0	42	e3b0c44298fc1c14
logos_05_integration_pass_writ_ex_arena	0	42	e3b0c44298fc1c14
logos_05_integration_pass_writ_ex_containers	0	42	e3b0c44298fc1c14
logos_05_integration_pass_writ_hbs	0	0	e3b0c44298fc1c14
logos_05_integration_pass_writ_import_export	0	0	e3b0c44298fc1c14
logos_05_integration_pass_writ_list_comp_basic	0	42	e3b0c44298fc1c14
logos_05_integration_pass_writ_list_comp_edge	0	42	e3b0c44298fc1c14
logos_05_integration_pass_writ_lit_parse	0	0	e3b0c44298fc1c14
logos_05_integration_pass_writ_map_comp_basic	0	42	e3b0c44298fc1c14
logos_05_integration_pass_writ_map_comp_multi	0	42	e3b0c44298fc1c14
logos_05_integration_pass_writ_match_arr	0	6	e3b0c44298fc1c14
logos_05_integration_pass_writ_match_bind	0	200	e3b0c44298fc1c14
logos_05_integration_pass_writ_match_map	0	10	e3b0c44298fc1c14
logos_05_integration_pass_writ_match_nested	0	6	e3b0c44298fc1c14
logos_05_integration_pass_writ_match_or	0	6	e3b0c44298fc1c14
logos_05_integration_pass_writ_match_or_struct	0	106	e3b0c44298fc1c14
logos_05_integration_pass_writ_match_rest	0	77	e3b0c44298fc1c14
logos_05_integration_pass_writ_match_scalar	0	15	e3b0c44298fc1c14
logos_05_integration_pass_writ_match_str	0	6	e3b0c44298fc1c14
logos_05_integration_pass_writ_match_typed	0	123	e3b0c44298fc1c14
logos_05_integration_pass_writ_memholder_rc	0	42	e3b0c44298fc1c14
logos_05_integration_pass_writ_objectmap	0	42	e3b0c44298fc1c14
logos_05_integration_pass_writ_param_roundtrip	0	0	e3b0c44298fc1c14
logos_05_integration_pass_writ_parse	0	42	e3b0c44298fc1c14
logos_05_integration_pass_writ_registry_lookup	0	0	e3b0c44298fc1c14
logos_05_integration_pass_writ_round_trip	0	0	e3b0c44298fc1c14
logos_05_integration_pass_writ_scalar	0	0	e3b0c44298fc1c14
logos_05_integration_pass_writ_sdn_lit	0	0	e3b0c44298fc1c14
logos_05_integration_pass_writ_string	0	42	e3b0c44298fc1c14
logos_05_integration_pass_writ_string_view_interop	0	0	e3b0c44298fc1c14
logos_05_integration_pass_writ_stringbuf_grow	0	42	e3b0c44298fc1c14
logos_05_integration_pass_writ_stringify	0	42	e3b0c44298fc1c14
logos_05_integration_pass_writ_traits_bugfix	0	0	e3b0c44298fc1c14
logos_05_integration_pass_writ_traits_full	0	0	e3b0c44298fc1c14
logos_05_integration_pass_writ_typed_arr_lit	0	0	e3b0c44298fc1c14
logos_05_integration_pass_writ_typed_array_all_elems	0	0	e3b0c44298fc1c14
logos_05_integration_pass_writ_typed_array_grow	0	0	e3b0c44298fc1c14
logos_05_integration_pass_writ_typed_array_variants	0	0	e3b0c44298fc1c14
logos_05_integration_pass_writ_typed_container_clone	0	0	e3b0c44298fc1c14
logos_05_integration_pass_writ_typed_container_equal	0	0	e3b0c44298fc1c14
logos_05_integration_pass_writ_typed_map_all_keys	0	0	e3b0c44298fc1c14
logos_05_integration_pass_writ_typed_map_lit	0	0	e3b0c44298fc1c14
logos_05_integration_pass_writ_typed_push	0	42	e3b0c44298fc1c14
logos_05_integration_pass_writ_typetag	0	42	e3b0c44298fc1c14
logos_05_integration_pass_writ_view_from_static	0	0	e3b0c44298fc1c14
logos_05_integration_pass_writ_zone_seal	0	42	e3b0c44298fc1c14
logos_25_spec_pass_borrow_1	0	0	e3b0c44298fc1c14
logos_25_spec_pass_borrow_2	0	0	e3b0c44298fc1c14
logos_25_spec_pass_borrow_3	0	0	e3b0c44298fc1c14
logos_25_spec_pass_borrow_4	0	0	e3b0c44298fc1c14
logos_25_spec_pass_borrow_5	0	0	e3b0c44298fc1c14
logos_25_spec_pass_coerce_1	0	0	e3b0c44298fc1c14
logos_25_spec_pass_coerce_2	0	0	e3b0c44298fc1c14
logos_25_spec_pass_coerce_3	90	-	-
logos_25_spec_pass_coerce_4	0	0	e3b0c44298fc1c14
logos_25_spec_pass_coerce_5	0	0	e3b0c44298fc1c14
logos_25_spec_pass_coerce_box_dyn	0	0	e3b0c44298fc1c14
logos_25_spec_pass_const_1	0	0	e3b0c44298fc1c14
logos_25_spec_pass_const_2	0	0	e3b0c44298fc1c14
logos_25_spec_pass_divergence_1	0	0	e3b0c44298fc1c14
logos_25_spec_pass_expr_1	0	0	e3b0c44298fc1c14
logos_25_spec_pass_expr_10	0	0	e3b0c44298fc1c14
logos_25_spec_pass_expr_11	0	0	e3b0c44298fc1c14
logos_25_spec_pass_expr_12	0	0	e3b0c44298fc1c14
logos_25_spec_pass_expr_13	0	0	e3b0c44298fc1c14
logos_25_spec_pass_expr_14	0	0	e3b0c44298fc1c14
logos_25_spec_pass_expr_2	0	0	e3b0c44298fc1c14
logos_25_spec_pass_expr_3	0	0	e3b0c44298fc1c14
logos_25_spec_pass_expr_4	0	0	e3b0c44298fc1c14
logos_25_spec_pass_expr_5	0	0	e3b0c44298fc1c14
logos_25_spec_pass_expr_6	0	0	e3b0c44298fc1c14
logos_25_spec_pass_expr_7	0	0	e3b0c44298fc1c14
logos_25_spec_pass_expr_8	0	0	e3b0c44298fc1c14
logos_25_spec_pass_expr_9	0	0	e3b0c44298fc1c14
logos_25_spec_pass_expr_arith	0	0	e3b0c44298fc1c14
logos_25_spec_pass_expr_arr_fill_zero	0	0	e3b0c44298fc1c14
logos_25_spec_pass_expr_multiref_deref	0	0	e3b0c44298fc1c14
logos_25_spec_pass_generic_1	0	0	e3b0c44298fc1c14
logos_25_spec_pass_generic_2	0	0	e3b0c44298fc1c14
logos_25_spec_pass_generic_3	0	0	e3b0c44298fc1c14
logos_25_spec_pass_generic_4	0	0	e3b0c44298fc1c14
logos_25_spec_pass_generic_5	0	0	e3b0c44298fc1c14
logos_25_spec_pass_grammar_1	0	0	e3b0c44298fc1c14
logos_25_spec_pass_grammar_2	0	0	e3b0c44298fc1c14
logos_25_spec_pass_grammar_3	0	0	e3b0c44298fc1c14
logos_25_spec_pass_grammar_4	0	0	e3b0c44298fc1c14
logos_25_spec_pass_intrinsic_1	0	0	e3b0c44298fc1c14
logos_25_spec_pass_intrinsic_2	90	-	-
logos_25_spec_pass_intrinsic_3	0	0	e3b0c44298fc1c14
logos_25_spec_pass_intrinsic_4	0	0	e3b0c44298fc1c14
logos_25_spec_pass_intrinsic_5	0	0	e3b0c44298fc1c14
logos_25_spec_pass_item_1	0	0	e3b0c44298fc1c14
logos_25_spec_pass_item_2	0	0	e3b0c44298fc1c14
logos_25_spec_pass_item_3	0	0	e3b0c44298fc1c14
logos_25_spec_pass_item_4	0	0	e3b0c44298fc1c14
logos_25_spec_pass_item_5	0	0	e3b0c44298fc1c14
logos_25_spec_pass_item_6	0	0	e3b0c44298fc1c14
logos_25_spec_pass_layout_1	0	0	e3b0c44298fc1c14
logos_25_spec_pass_layout_2	0	0	e3b0c44298fc1c14
logos_25_spec_pass_layout_3	0	0	e3b0c44298fc1c14
logos_25_spec_pass_layout_4	0	0	e3b0c44298fc1c14
logos_25_spec_pass_layout_5	0	0	e3b0c44298fc1c14
logos_25_spec_pass_layout_6	0	0	e3b0c44298fc1c14
logos_25_spec_pass_lex_1	0	0	e3b0c44298fc1c14
logos_25_spec_pass_lex_2	0	0	e3b0c44298fc1c14
logos_25_spec_pass_metaprog_1	0	0	e3b0c44298fc1c14
logos_25_spec_pass_metaprog_2	0	0	e3b0c44298fc1c14
logos_25_spec_pass_metaprog_3	0	0	e3b0c44298fc1c14
logos_25_spec_pass_metaprog_4	0	0	e3b0c44298fc1c14
logos_25_spec_pass_module_1	0	0	e3b0c44298fc1c14
logos_25_spec_pass_module_2	0	0	e3b0c44298fc1c14
logos_25_spec_pass_module_3	0	0	e3b0c44298fc1c14
logos_25_spec_pass_module_4	0	0	e3b0c44298fc1c14
logos_25_spec_pass_mono_1	0	0	e3b0c44298fc1c14
logos_25_spec_pass_mono_2	0	0	e3b0c44298fc1c14
logos_25_spec_pass_mono_3	0	0	e3b0c44298fc1c14
logos_25_spec_pass_mono_4	0	0	e3b0c44298fc1c14
logos_25_spec_pass_mono_5	0	0	e3b0c44298fc1c14
logos_25_spec_pass_mono_6	0	0	e3b0c44298fc1c14
logos_25_spec_pass_mono_7	0	0	e3b0c44298fc1c14
logos_25_spec_pass_mono_8	0	0	e3b0c44298fc1c14
logos_25_spec_pass_mono_9	0	0	e3b0c44298fc1c14
logos_25_spec_pass_mono_observable	0	0	e3b0c44298fc1c14
logos_25_spec_pass_pat_1	0	0	e3b0c44298fc1c14
logos_25_spec_pass_pat_2	0	0	e3b0c44298fc1c14
logos_25_spec_pass_pat_3	0	0	e3b0c44298fc1c14
logos_25_spec_pass_pat_4	0	0	e3b0c44298fc1c14
logos_25_spec_pass_pat_5	0	0	e3b0c44298fc1c14
logos_25_spec_pass_pat_6	0	0	e3b0c44298fc1c14
logos_25_spec_pass_pat_7	0	0	e3b0c44298fc1c14
logos_25_spec_pass_pat_8	0	0	e3b0c44298fc1c14
logos_25_spec_pass_pat_9	0	0	e3b0c44298fc1c14
logos_25_spec_pass_region_1	0	0	e3b0c44298fc1c14
logos_25_spec_pass_region_2	0	0	e3b0c44298fc1c14
logos_25_spec_pass_region_3	0	0	e3b0c44298fc1c14
logos_25_spec_pass_stmt_1	0	0	e3b0c44298fc1c14
logos_25_spec_pass_stmt_2	0	0	e3b0c44298fc1c14
logos_25_spec_pass_stmt_3	0	0	e3b0c44298fc1c14
logos_25_spec_pass_stmt_4	0	0	e3b0c44298fc1c14
logos_25_spec_pass_stmt_5	0	0	e3b0c44298fc1c14
logos_25_spec_pass_stmt_6	0	0	e3b0c44298fc1c14
logos_25_spec_pass_stmt_let_destruct_move	0	0	e3b0c44298fc1c14
logos_25_spec_pass_trait_1	0	0	e3b0c44298fc1c14
logos_25_spec_pass_trait_2	0	0	e3b0c44298fc1c14
logos_25_spec_pass_trait_3	0	0	e3b0c44298fc1c14
logos_25_spec_pass_trait_4	0	0	e3b0c44298fc1c14
logos_25_spec_pass_trait_5	0	0	e3b0c44298fc1c14
logos_25_spec_pass_trait_6	0	0	e3b0c44298fc1c14
logos_25_spec_pass_trait_7	0	0	e3b0c44298fc1c14
logos_25_spec_pass_trait_8	0	0	e3b0c44298fc1c14
logos_25_spec_pass_trait_supertrait_dyn	0	0	e3b0c44298fc1c14
logos_25_spec_pass_type_1	0	0	e3b0c44298fc1c14
logos_25_spec_pass_type_2	0	0	e3b0c44298fc1c14
logos_25_spec_pass_type_3	0	0	e3b0c44298fc1c14
logos_25_spec_pass_type_4	0	0	e3b0c44298fc1c14
logos_25_spec_pass_type_5	0	0	e3b0c44298fc1c14
logos_25_spec_pass_type_6	0	0	e3b0c44298fc1c14
logos_25_spec_pass_type_7	0	0	e3b0c44298fc1c14
logos_25_spec_pass_type_8	0	0	e3b0c44298fc1c14
logos_25_spec_pass_type_9	0	0	e3b0c44298fc1c14
