# MANIFEST — hand-battery harvest 2, 2026-09-14i. One row per unique program (sha256[:16] of the file bytes) of the second snapshot.
# snapshot_path is under /home/logos/sandbox/hand-harvest-2026-09-14b/ (655 files, 646 unique by bytes, 634 by normalised content).
# today_verdict: build/bin/logosc build_hash c52dcb19dff987ff 43 · base_verdict: saved copy of base baa2a38e8b650fb3 (bin + stdlib); compile with LOGOS_VERIFY_LAYOUT=1, link + run twice + valgrind where it compiled. Programs under land14h.I1Tr/ were not re-run (staging copies of landed fixtures, or that harvest's own variants).
hash	round	program_id	snapshot_path	catch_kind	record_quote	legality	legality_basis	today_verdict	today_detail	existing_fixture	action
abcd8ae2de2bb112	2026-09-14d-meetoblland (fixture staging copies)	bc_meet_call_admit	snapshot:b6fx.LPM4/bc_meet_call_admit.logos	-				RUNS 2 vg=2	base: RUNS 2 vg=2	tests/logos/pass/bc_meet_call_admit.logos manifest14h:unattributed (mtime window: 2026-09-14d-meetoblland):bc_meet_call_admit:unattributed	already_in_tree
159a3686d4e3bf92	2026-09-14d-meetoblland (fixture staging copies)	bc_meet_call_refuse	snapshot:b6fx.LPM4/bc_meet_call_refuse.logos	-				REFUSED	base: REFUSED	tests/logos/fail/bc_meet_call_refuse.logos manifest14h:unattributed (mtime window: 2026-09-14d-meetoblland):bc_meet_call_refuse:unattributed	already_in_tree
0cdc83ada3af1b03	2026-09-14d-meetoblland (fixture staging copies)	bc_meet_enumlit_admit	snapshot:b6fx.LPM4/bc_meet_enumlit_admit.logos	-				RUNS 8 vg=8	base: RUNS 8 vg=8	tests/logos/pass/bc_meet_enumlit_admit.logos manifest14h:unattributed (mtime window: 2026-09-14d-meetoblland):bc_meet_enumlit_admit:unattributed	already_in_tree
6a8761d4d8a1319a	2026-09-14d-meetoblland (fixture staging copies)	bc_meet_enumlit_aggregate_payload_admit	snapshot:b6fx.LPM4/bc_meet_enumlit_aggregate_payload_admit.logos	-				RUNS 7 vg=7	base: RUNS 7 vg=7	tests/logos/pass/bc_meet_enumlit_aggregate_payload_admit.logos manifest14h:unattributed (mtime window: 2026-09-14d-meetoblland):bc_meet_enumlit_aggregate_payload_admit:unattributed	already_in_tree
573136f5354a20eb	2026-09-14d-meetoblland (fixture staging copies)	bc_meet_enumlit_aggregate_payload_refuse	snapshot:b6fx.LPM4/bc_meet_enumlit_aggregate_payload_refuse.logos	-				REFUSED	base: REFUSED	tests/logos/fail/bc_meet_enumlit_aggregate_payload_refuse.logos manifest14h:unattributed (mtime window: 2026-09-14d-meetoblland):bc_meet_enumlit_aggregate_payload_refuse:unattributed	already_in_tree
47f09c155b52b5bc	2026-09-14d-meetoblland (fixture staging copies)	bc_meet_enumlit_one_str_admit	snapshot:b6fx.LPM4/bc_meet_enumlit_one_str_admit.logos	-				RUNS 3 vg=3	base: RUNS 3 vg=3	tests/logos/pass/bc_meet_enumlit_one_str_admit.logos manifest14h:unattributed (mtime window: 2026-09-14d-meetoblland):bc_meet_enumlit_one_str_admit:unattributed	already_in_tree
d0f1c3f62fd1d9df	2026-09-14d-meetoblland (fixture staging copies)	bc_meet_enumlit_one_str_refuse	snapshot:b6fx.LPM4/bc_meet_enumlit_one_str_refuse.logos	-				REFUSED	base: REFUSED	tests/logos/fail/bc_meet_enumlit_one_str_refuse.logos manifest14h:unattributed (mtime window: 2026-09-14d-meetoblland):bc_meet_enumlit_one_str_refuse:unattributed	already_in_tree
11178cb995124bb8	2026-09-14d-meetoblland (fixture staging copies)	bc_meet_enumlit_refuse	snapshot:b6fx.LPM4/bc_meet_enumlit_refuse.logos	-				REFUSED	base: REFUSED	tests/logos/fail/bc_meet_enumlit_refuse.logos manifest14h:unattributed (mtime window: 2026-09-14d-meetoblland):bc_meet_enumlit_refuse:unattributed	already_in_tree
9e6c782995c89608	2026-09-14d-meetoblland (fixture staging copies)	bc_meet_enumlit_str_payload_admit	snapshot:b6fx.LPM4/bc_meet_enumlit_str_payload_admit.logos	-				RUNS 5 vg=5	base: RUNS 5 vg=5	tests/logos/pass/bc_meet_enumlit_str_payload_admit.logos manifest14h:unattributed (mtime window: 2026-09-14d-meetoblland):bc_meet_enumlit_str_payload_admit:unattributed	already_in_tree
e64b54c61e1a8973	2026-09-14d-meetoblland (fixture staging copies)	bc_meet_enumlit_str_payload_refuse	snapshot:b6fx.LPM4/bc_meet_enumlit_str_payload_refuse.logos	-				REFUSED	base: REFUSED	tests/logos/fail/bc_meet_enumlit_str_payload_refuse.logos manifest14h:unattributed (mtime window: 2026-09-14d-meetoblland):bc_meet_enumlit_str_payload_refuse:unattributed	already_in_tree
ca05e374cbe87d3a	2026-09-14d-meetoblland (fixture staging copies)	bc_meet_invariant_elided_arg_admit	snapshot:b6fx.LPM4/bc_meet_invariant_elided_arg_admit.logos	-				RUNS 7 vg=7	base: RUNS 7 vg=7	tests/logos/pass/bc_meet_invariant_elided_arg_admit.logos manifest14h:unattributed (mtime window: 2026-09-14d-meetoblland):bc_meet_invariant_elided_arg_admit:unattributed	already_in_tree
ec47bd6874216405	2026-09-14d-meetoblland (fixture staging copies)	bc_meet_invariant_elided_arg_refuse	snapshot:b6fx.LPM4/bc_meet_invariant_elided_arg_refuse.logos	-				REFUSED	base: REFUSED	tests/logos/fail/bc_meet_invariant_elided_arg_refuse.logos manifest14h:unattributed (mtime window: 2026-09-14d-meetoblland):bc_meet_invariant_elided_arg_refuse:unattributed	already_in_tree
342bb7015eaad1d4	2026-09-14d-meetoblland (fixture staging copies)	bc_meet_method_ret_admit	snapshot:b6fx.LPM4/bc_meet_method_ret_admit.logos	-				RUNS 6 vg=6	base: RUNS 6 vg=6	tests/logos/pass/bc_meet_method_ret_admit.logos manifest14h:unattributed (mtime window: 2026-09-14d-meetoblland):bc_meet_method_ret_admit:unattributed	already_in_tree
2205cf42918f2d82	2026-09-14d-meetoblland (fixture staging copies)	bc_meet_method_ret_refuse	snapshot:b6fx.LPM4/bc_meet_method_ret_refuse.logos	-				REFUSED	base: REFUSED	tests/logos/fail/bc_meet_method_ret_refuse.logos manifest14h:unattributed (mtime window: 2026-09-14d-meetoblland):bc_meet_method_ret_refuse:unattributed	already_in_tree
307118340ef4e0b2	2026-09-14d-meetoblland (fixture staging copies)	bc_meet_self_field_store_admit	snapshot:b6fx.LPM4/bc_meet_self_field_store_admit.logos	-				RUNS 6 vg=6	base: RUNS 6 vg=6	tests/logos/pass/bc_meet_self_field_store_admit.logos manifest14h:unattributed (mtime window: 2026-09-14d-meetoblland):bc_meet_self_field_store_admit:unattributed	already_in_tree
12f5cd9169d4c73f	2026-09-14d-meetoblland (fixture staging copies)	bc_meet_self_field_store_refuse	snapshot:b6fx.LPM4/bc_meet_self_field_store_refuse.logos	-				REFUSED	base: REFUSED	tests/logos/fail/bc_meet_self_field_store_refuse.logos manifest14h:unattributed (mtime window: 2026-09-14d-meetoblland):bc_meet_self_field_store_refuse:unattributed	already_in_tree
dee7eadd5abe9efd	2026-09-14d-meetoblland (fixture staging copies)	bc_meet_struct_ptr_field_admit	snapshot:b6fx.LPM4/bc_meet_struct_ptr_field_admit.logos	-				RUNS 7 vg=7	base: RUNS 7 vg=7	tests/logos/pass/bc_meet_struct_ptr_field_admit.logos manifest14h:unattributed (mtime window: 2026-09-14d-meetoblland):bc_meet_struct_ptr_field_admit:unattributed	already_in_tree
dd3bef3c812aeab1	2026-09-14d-meetoblland (fixture staging copies)	bc_meet_struct_ptr_field_refuse	snapshot:b6fx.LPM4/bc_meet_struct_ptr_field_refuse.logos	-				REFUSED	base: REFUSED	tests/logos/fail/bc_meet_struct_ptr_field_refuse.logos manifest14h:unattributed (mtime window: 2026-09-14d-meetoblland):bc_meet_struct_ptr_field_refuse:unattributed	already_in_tree
c173c2d9a520eceb	2026-09-14d-meetoblland (fixture staging copies)	bc_meet_struct_ptr_invariant_admit	snapshot:b6fx.LPM4/bc_meet_struct_ptr_invariant_admit.logos	-				RUNS 5 vg=5	base: RUNS 5 vg=5	tests/logos/pass/bc_meet_struct_ptr_invariant_admit.logos manifest14h:unattributed (mtime window: 2026-09-14d-meetoblland):bc_meet_struct_ptr_invariant_admit:unattributed	already_in_tree
f022ff882397f0d9	2026-09-14d-meetoblland (fixture staging copies)	bc_meet_struct_ptr_invariant_refuse	snapshot:b6fx.LPM4/bc_meet_struct_ptr_invariant_refuse.logos	-				REFUSED	base: REFUSED	tests/logos/fail/bc_meet_struct_ptr_invariant_refuse.logos manifest14h:unattributed (mtime window: 2026-09-14d-meetoblland):bc_meet_struct_ptr_invariant_refuse:unattributed	already_in_tree
40deb983a5522fd5	2026-09-14d-meetoblland (fixture staging copies)	bc_meet_structlit_generic_admit	snapshot:b6fx.LPM4/bc_meet_structlit_generic_admit.logos	-				RUNS 9 vg=9	base: RUNS 9 vg=9	tests/logos/pass/bc_meet_structlit_generic_admit.logos manifest14h:unattributed (mtime window: 2026-09-14d-meetoblland):bc_meet_structlit_generic_admit:unattributed	already_in_tree
d93fd31a1f095c86	2026-09-14d-meetoblland (fixture staging copies)	bc_meet_structlit_generic_refuse	snapshot:b6fx.LPM4/bc_meet_structlit_generic_refuse.logos	-				REFUSED	base: REFUSED	tests/logos/fail/bc_meet_structlit_generic_refuse.logos manifest14h:unattributed (mtime window: 2026-09-14d-meetoblland):bc_meet_structlit_generic_refuse:unattributed	already_in_tree
5e612ce671fa41b5	2026-09-14d-meetoblland (fixture staging copies)	bc_meet_structlit_nongeneric_admit	snapshot:b6fx.LPM4/bc_meet_structlit_nongeneric_admit.logos	-				RUNS 7 vg=7	base: RUNS 7 vg=7	tests/logos/pass/bc_meet_structlit_nongeneric_admit.logos manifest14h:unattributed (mtime window: 2026-09-14d-meetoblland):bc_meet_structlit_nongeneric_admit:unattributed	already_in_tree
c2203ccd2ca1cff0	2026-09-14d-meetoblland (fixture staging copies)	bc_meet_structlit_nongeneric_refuse	snapshot:b6fx.LPM4/bc_meet_structlit_nongeneric_refuse.logos	-				REFUSED	base: REFUSED	tests/logos/fail/bc_meet_structlit_nongeneric_refuse.logos manifest14h:unattributed (mtime window: 2026-09-14d-meetoblland):bc_meet_structlit_nongeneric_refuse:unattributed	already_in_tree
d969e42f27cd913f	2026-09-14d-meetoblland (fixture staging copies)	regions-creating-enums3	snapshot:b6fx.LPM4/regions-creating-enums3.logos	-				REFUSED	base: REFUSED	tests/imported/fail/regions/regions-creating-enums3.logos manifest14h:unattributed (mtime window: 2026-09-14d-meetoblland):regions-creating-enums3:unattributed	already_in_tree
a44bf63c2bcfa339	2026-09-14d-meetoblland (fixture staging copies)	regions-glb-free-free--glb-free-free	snapshot:b6fx.LPM4/regions-glb-free-free--glb-free-free.logos	-				REFUSED	base: REFUSED	tests/imported/fail/regions/regions-glb-free-free--glb-free-free.logos manifest14h:unattributed (mtime window: 2026-09-14d-meetoblland):regions-glb-free-free--glb-free-free:unattributed	already_in_tree
94fbaf819677a796	2026-09-14e-thruref	c09	snapshot:c09v.RM6z/c09_move_scrut_while_bound.logos	-				RUNS 0 vg=0	base: RUNS 0 vg=0 · byte-identical copies: ctlb2.kQ72/c09_move_scrut_while_bound.logos		not_a_catch
6dc18aaa6ee3f9bb	2026-09-14e-thruref	o01	snapshot:c09v.RM6z/o01_written_refmut_move_owner_illegal.logos	-				RUNS 0 vg=0	base: RUNS 0 vg=0	tests/soundness/open/pattern_enum_payload_ref_owner_move_admits.logos	already_in_tree
1bc7f85c021602fb	2026-09-14e-thruref	o02	snapshot:c09v.RM6z/o02_struct_default_move_owner_illegal.logos	-				REFUSED	base: REFUSED		not_a_catch
8e567f1a384cb937	2026-09-14e-thruref	o03	snapshot:c09v.RM6z/o03_let_field_move_owner_illegal.logos	-				REFUSED	base: REFUSED		not_a_catch
3cca3eda0243884f	2026-09-14e-thruref	o04	snapshot:c09v.RM6z/o04_default_enum_write_owner_illegal.logos	-				REFUSED	base: REFUSED		not_a_catch
034333bfb66da71f	2026-09-14e-thruref	b01	snapshot:ctl.AXJG/b01_row_shape.logos	-				RUNS 0 vg=0	base: RUNS 0 vg=0	tests/imported/admit/borrowck/issue-51117.logos	already_in_tree
eb822791cc5668a2	2026-09-14e-thruref	b02	snapshot:ctl.AXJG/b02_match_star_refmut.logos	-				REFUSED	base: REFUSED	manifest14h:unattributed (mtime window: 2026-09-14a-ptrcoerce):b51a_explicit_refmut:unattributed	in_manifest14h
62d072a8302c7849	2026-09-14e-thruref	b03	snapshot:ctl.AXJG/b03_match_addrof_place.logos	-				RUNS 0 vg=0	base: RUNS 0 vg=0	tests/soundness/open/match_addrof_scrutinee_default_payload_loan_unrooted_admits.logos	already_in_tree
01979e02a5ec398a	2026-09-14e-thruref	b04	snapshot:ctl.AXJG/b04_iflet_refvar.logos	-				RUNS 0 vg=0	base: RUNS 0 vg=0		not_a_catch
675aa236c2dc8cac	2026-09-14e-thruref	b05	snapshot:ctl.AXJG/b05_match_refvar_local_refmut.logos	-				REFUSED	base: REFUSED		not_a_catch
58a2a7c4d352c2c7	2026-09-14e-thruref	b06	snapshot:ctl.AXJG/b06_match_refvar_i64.logos	-				RUNS 0 vg=0	base: RUNS 0 vg=0		not_a_catch
da8903888f91d834	2026-09-14e-thruref	b07	snapshot:ctl.AXJG/b07_match_param.logos	-				RUNS 3 vg=3	base: RUNS 3 vg=3		not_a_catch
4aaaddae363677e5	2026-09-14e-thruref	b08	snapshot:ctl.AXJG/b08_struct_pat_refvar.logos	-				REFUSED	base: REFUSED		not_a_catch
0a8ae63f69a74c96	2026-09-14e-thruref	b09	snapshot:ctl.AXJG/b09_let_refvar_default.logos	-				REFUSED	base: REFUSED		not_a_catch
c8349edf32b1684b	2026-09-14e-thruref	b10	snapshot:ctl.AXJG/b10_shared_refvar_then_mut.logos	a	PROBES.md "pbdbm (15 moved): ... REFUSED LEGAL b10 k01 k05 k08 (a use of the scrutinee after the binding's LAST use) and t4 t5 t6 m14 m15 (an assignment to the reference cursor)" | PROBES.md "HAND: pbdbmasg refuses 4 legal (b10 k01 k05 k08)"	legal	by reading, no rustc binary	RUNS 0 vg=0	base: RUNS 0 vg=0		pass_fixture:bc_0914e_thruref_hb_b10_admit
866572fcdde99975	2026-09-14e-thruref	l01	snapshot:ctl.AXJG/l01_row.logos	-				RUNS 0 vg=0	base: RUNS 0 vg=0	tests/imported/admit/borrowck/buffer-reuse-pattern-issue-147694.logos	already_in_tree
d541bd4b4e6e42dc	2026-09-14e-thruref	l02	snapshot:ctl.AXJG/l02_block_not_loop.logos	-				REFUSED	base: REFUSED		not_a_catch
d4a4fa888f885f37	2026-09-14e-thruref	l03	snapshot:ctl.AXJG/l03_loop_assign_holder.logos	-				REFUSED	base: REFUSED		not_a_catch
e5ebc1cf0c7bf6db	2026-09-14e-thruref	l04	snapshot:ctl.AXJG/l04_loop_use_inside.logos	-				RUNS 0 vg=0	base: RUNS 0 vg=0		not_a_catch
419cfb8dcdb57c96	2026-09-14e-thruref	l05	snapshot:ctl.AXJG/l05_for_loop.logos	-				RUNS 0 vg=0	base: RUNS 0 vg=0		not_a_catch
4e927f18d3bb3495	2026-09-14e-thruref	r01	snapshot:ctl.AXJG/r01_mut_ptr_inv.logos	b	PROBES.md "cmpinv (8 moved): REFUSED r01 r05 r09 r10 r17 r18 r23"; landed 2026-09-14f, measured base RUN 0 -> today REFUSED	illegal	by reading, no rustc binary	REFUSED	base: RUNS 0 vg=0		fail_fixture:bc_0914e_thruref_hb_r01_refuse
4213d4b217463e3b	2026-09-14e-thruref	r02	snapshot:ctl.AXJG/r02_const_ptr_cov.logos	-				RUNS 0 vg=0	base: RUNS 0 vg=0		not_a_catch
b15d8faa6a83c97f	2026-09-14e-thruref	r03	snapshot:ctl.AXJG/r03_mutref_eq_let.logos	-				REFUSED	base: REFUSED		not_a_catch
fcdb469e6f7e5a59	2026-09-14e-thruref	r04	snapshot:ctl.AXJG/r04_ref_ref_eq.logos	-				RUNS 0 vg=0	base: RUNS 0 vg=0		not_a_catch
99645122957e002e	2026-09-14e-thruref	r05	snapshot:ctl.AXJG/r05_mutptr_ne.logos	b	PROBES.md "cmpinv (8 moved): REFUSED r01 r05 r09 r10 r17 r18 r23"; landed 2026-09-14f, measured base RUN 0 -> today REFUSED	illegal	by reading, no rustc binary	REFUSED	base: RUNS 0 vg=0		fail_fixture:bc_0914e_thruref_hb_r05_refuse
2fb8ddeab154d004	2026-09-14e-thruref	r06	snapshot:ctl.AXJG/r06_mutptr_lt.logos	b	PROBES.md "`<` `<=` `>` `>=` on raw pointers crashes the MLIR verifier on base (r06)"; measured base MLIR verifier -> today the region sentence	illegal	by reading, no rustc binary	REFUSED	base: REFUSED		fail_fixture:bc_0914e_thruref_hb_r06_refuse
e0899e55a5dc9f8e	2026-09-14e-thruref	r07	snapshot:ctl.AXJG/r07_call_same_T.logos	-				REFUSED	base: REFUSED		not_a_catch
7b288548ccf19226	2026-09-14e-thruref	r08	snapshot:ctl.AXJG/r08_bounded_legal.logos	-				REFUSED	base: REFUSED		not_a_catch
db3bb22f012ad4e4	2026-09-14e-thruref	c01	snapshot:ctlb2.kQ72/c01_tuple_refvar.logos	-				REFUSED	base: REFUSED		not_a_catch
ce76f54302e56563	2026-09-14e-thruref	c02	snapshot:ctlb2.kQ72/c02_shared_default_write.logos	-				REFUSED	base: REFUSED		not_a_catch
87c75dd191c39935	2026-09-14e-thruref	c03	snapshot:ctlb2.kQ72/c03_nested_some.logos	-				REFUSED	base: REFUSED		not_a_catch
8e74765c9cecf102	2026-09-14e-thruref	c04	snapshot:ctlb2.kQ72/c04_whilelet.logos	-				RUNS 0 vg=0	base: RUNS 0 vg=0		not_a_catch
8706eda9427c2772	2026-09-14e-thruref	c05	snapshot:ctlb2.kQ72/c05_user_enum_struct_variant.logos	-				REFUSED	base: REFUSED		not_a_catch
49fe9d79f5733bfc	2026-09-14e-thruref	c06	snapshot:ctlb2.kQ72/c06_user_enum_tuple_variant.logos	-				RUNS 0 vg=0	base: RUNS 0 vg=0		not_a_catch
2e2429a37f95be6f	2026-09-14e-thruref	c07	snapshot:ctlb2.kQ72/c07_scrut_method_result.logos	-				REFUSED	base: REFUSED		not_a_catch
3bc626c9d46f118e	2026-09-14e-thruref	c08	snapshot:ctlb2.kQ72/c08_escape_default_binding.logos	-				REFUSED	base: REFUSED		not_a_catch
9b175ff6819a4fe9	2026-09-14e-thruref	k01	snapshot:ctlb2.kQ72/k01_take_after_last_use.logos	a,c	PROBES.md "pbdbm (15 moved): ... REFUSED LEGAL b10 k01 k05 k08 (a use of the scrutinee after the binding's LAST use) and t4 t5 t6 m14 m15 (an assignment to the reference cursor)" | PROBES.md "HAND: pbdbmasg refuses 4 legal (b10 k01 k05 k08)" | PROBES.md "PREDICTIONS.md predicted k01 k05 k08 UNCERTAIN under pbdbm; all refused"	legal	by reading, no rustc binary	RUNS 0 vg=0	base: RUNS 0 vg=0		pass_fixture:bc_0914e_thruref_hb_k01_admit
7508dd04ee3e8244	2026-09-14e-thruref	k02	snapshot:ctlb2.kQ72/k02_two_payload_fields.logos	-				RUNS 0 vg=0	base: RUNS 0 vg=0		not_a_catch
b043786aed46df47	2026-09-14e-thruref	k03	snapshot:ctlb2.kQ72/k03_read_other_local.logos	-				RUNS 0 vg=0	base: RUNS 0 vg=0		not_a_catch
dc1c96bcd81e00bf	2026-09-14e-thruref	k04	snapshot:ctlb2.kQ72/k04_shared_default_read_scrut.logos	-				RUNS 0 vg=0	base: RUNS 0 vg=0		not_a_catch
ca14d9397f4e076f	2026-09-14e-thruref	k05	snapshot:ctlb2.kQ72/k05_reborrow_in_arm_after.logos	a,c	PROBES.md "pbdbm (15 moved): ... REFUSED LEGAL b10 k01 k05 k08 (a use of the scrutinee after the binding's LAST use) and t4 t5 t6 m14 m15 (an assignment to the reference cursor)" | PROBES.md "HAND: pbdbmasg refuses 4 legal (b10 k01 k05 k08)" | PROBES.md "PREDICTIONS.md predicted k01 k05 k08 UNCERTAIN under pbdbm; all refused"	legal	by reading, no rustc binary	RUNS 0 vg=0	base: RUNS 0 vg=0		pass_fixture:bc_0914e_thruref_hb_k05_admit
484b3c93dec8be47	2026-09-14e-thruref	k06	snapshot:ctlb2.kQ72/k06_param_getmut_loop.logos	-				RUNS 0 vg=0	base: RUNS 0 vg=0		not_a_catch
31c5a1c1ca0cae02	2026-09-14e-thruref	k07	snapshot:ctlb2.kQ72/k07_iflet_else_write.logos	-				RUNS 0 vg=0	base: RUNS 0 vg=0		not_a_catch
35822ec07d6e743f	2026-09-14e-thruref	k08	snapshot:ctlb2.kQ72/k08_copy_out_then_write.logos	a,c	PROBES.md "pbdbm (15 moved): ... REFUSED LEGAL b10 k01 k05 k08 (a use of the scrutinee after the binding's LAST use) and t4 t5 t6 m14 m15 (an assignment to the reference cursor)" | PROBES.md "HAND: pbdbmasg refuses 4 legal (b10 k01 k05 k08)" | PROBES.md "PREDICTIONS.md predicted k01 k05 k08 UNCERTAIN under pbdbm; all refused"	legal	by reading, no rustc binary	RUNS 0 vg=0	base: RUNS 0 vg=0		pass_fixture:bc_0914e_thruref_hb_k08_admit
02d6764349e4769d	2026-09-14e-thruref	k09	snapshot:ctlc05.DkFq/k09_structvariant_default_write.logos	-				REFUSED	base: REFUSED		not_a_catch
398a46815fd3c2f6	2026-09-14e-thruref	k10	snapshot:ctlc05.DkFq/k10_tuplevariant_default_write.logos	-				RUNS 0 vg=0	base: RUNS 0 vg=0		not_a_catch
5c0fcc0d07cc8988	2026-09-14e-thruref	m16	snapshot:hb3.sdHf/m16_reassign_then_move_old_owner_illegal.logos	b	PREDICTIONS.md "m16 m17 m18 m20 (UNCERTAIN: each passes the assignment now and must be refused by the OWNER's loan / the move / the escape)"; measured base first error "cannot assign to 'r' while 'r.a' is ..." -> today the owner's sentence alone	illegal	by reading, no rustc binary	REFUSED	base: REFUSED		fail_fixture:bc_0914e_thruref_hb_m16_refuse
fcdf9c6717fe6f21	2026-09-14e-thruref	m17	snapshot:hb3.sdHf/m17_reassign_then_write_old_owner_illegal.logos	b	PREDICTIONS.md "m16 m17 m18 m20 (UNCERTAIN: each passes the assignment now and must be refused by the OWNER's loan / the move / the escape)"; measured base first error "cannot assign to 'r' while 'r.a' is ..." -> today the owner's sentence alone	illegal	by reading, no rustc binary	REFUSED	base: REFUSED		fail_fixture:bc_0914e_thruref_hb_m17_refuse
054058cb2b7ea32f	2026-09-14e-thruref	m18	snapshot:hb3.sdHf/m18_reassign_then_use_new_mut_conflict_illegal.logos	b	PREDICTIONS.md "m16 m17 m18 m20 (UNCERTAIN: each passes the assignment now and must be refused by the OWNER's loan / the move / the escape)"; measured base first error "cannot assign to 'r' while 'r.a' is ..." -> today the owner's sentence alone	illegal	by reading, no rustc binary	REFUSED	base: REFUSED		fail_fixture:bc_0914e_thruref_hb_m18_refuse
af527db4a227d1e5	2026-09-14e-thruref	m19	snapshot:hb3.sdHf/m19_match_default_then_reassign_then_old_owner_write_illegal.logos	-				REFUSED	base: REFUSED		not_a_catch
bb7a808edfcb232c	2026-09-14e-thruref	m20	snapshot:hb3.sdHf/m20_escape_after_reassign_illegal.logos	b	PREDICTIONS.md "m16 m17 m18 m20 (UNCERTAIN: each passes the assignment now and must be refused by the OWNER's loan / the move / the escape)"; measured base first error "cannot assign to 'r' while 'r.a' is ..." -> today the owner's sentence alone	illegal	by reading, no rustc binary	REFUSED	base: REFUSED		fail_fixture:bc_0914e_thruref_hb_m20_refuse
77dc77fef9737c86	2026-09-14e-thruref	r09	snapshot:hb3.sdHf/r09_compare_const_only_illegal.logos	b,c	PROBES.md "cmpinv (8 moved): REFUSED r01 r05 r09 r10 r17 r18 r23"; landed 2026-09-14f, measured base RUN 0 -> today REFUSED | PROBES.md "r09/r10 (predicted separators) do not separate"	illegal	by reading, no rustc binary	REFUSED	base: RUNS 0 vg=0		fail_fixture:bc_0914e_thruref_hb_r09_refuse
e248b4e1ea5a24a1	2026-09-14e-thruref	r10	snapshot:hb3.sdHf/r10_compare_fnptr_only_illegal.logos	b,c	PROBES.md "cmpinv (8 moved): REFUSED r01 r05 r09 r10 r17 r18 r23"; landed 2026-09-14f, measured base RUN 0 -> today REFUSED | PROBES.md "r09/r10 (predicted separators) do not separate"	illegal	by reading, no rustc binary	REFUSED	base: RUNS 0 vg=0		fail_fixture:bc_0914e_thruref_hb_r10_refuse
ea03c8cd2ef240b6	2026-09-14e-thruref	r11	snapshot:hb3.sdHf/r11_hr_fnptr_legal.logos	-				RUNS 0 vg=0	base: RUNS 0 vg=0		not_a_catch
b77cad6c0545c575	2026-09-14e-thruref	r12	snapshot:hb3.sdHf/r12_const_fnptr_legal.logos	-				RUNS 0 vg=0	base: RUNS 0 vg=0		not_a_catch
fcf131643a1ee2b3	2026-09-14e-thruref	r13	snapshot:hb3.sdHf/r13_mutptr_same_region_legal.logos	-				RUNS 0 vg=0	base: RUNS 0 vg=0		not_a_catch
13cde26b703631c3	2026-09-14e-thruref	r14	snapshot:hb3.sdHf/r14_locals_elided_mutptr_legal.logos	-				RUNS 0 vg=0	base: RUNS 0 vg=0		not_a_catch
dc7039ab8508453d	2026-09-14e-thruref	r15	snapshot:hb3.sdHf/r15_mutptr_noregion_legal.logos	-				RUNS 0 vg=0	base: RUNS 0 vg=0		not_a_catch
848b074e69c02957	2026-09-14e-thruref	r16	snapshot:hb3.sdHf/r16_mutptr_null_check_legal.logos	-				RUNS 0 vg=0	base: RUNS 0 vg=0		not_a_catch
c9644326d37e0b27	2026-09-14e-thruref	r17	snapshot:hb3.sdHf/r17_static_vs_a_mutptr_illegal.logos	b	PROBES.md "cmpinv (8 moved): REFUSED r01 r05 r09 r10 r17 r18 r23"; landed 2026-09-14f, measured base RUN 0 -> today REFUSED	illegal	by reading, no rustc binary	REFUSED	base: RUNS 0 vg=0		fail_fixture:bc_0914e_thruref_hb_r17_refuse
1d0cfdb57b78c3ce	2026-09-14e-thruref	r18	snapshot:hb3.sdHf/r18_outlives_bound_mutptr_illegal.logos	b	PROBES.md "cmpinv (8 moved): REFUSED r01 r05 r09 r10 r17 r18 r23"; landed 2026-09-14f, measured base RUN 0 -> today REFUSED	illegal	by reading, no rustc binary	REFUSED	base: RUNS 0 vg=0		fail_fixture:bc_0914e_thruref_hb_r18_refuse
822e5a474d3b4be1	2026-09-14e-thruref	r19	snapshot:hb3.sdHf/r19_constptr_outlives_legal.logos	-				RUNS 0 vg=0	base: RUNS 0 vg=0		not_a_catch
c0d85619ed3e871a	2026-09-14e-thruref	r20	snapshot:hb3.sdHf/r20_fnptr_ret_region_legal.logos	-				RUNS 0 vg=0	base: RUNS 0 vg=0		not_a_catch
d31fe34b658977d1	2026-09-14e-thruref	r21	snapshot:hb3.sdHf/r21_mutref_ptr_generic_struct_legal.logos	-				RUNS 0 vg=0	base: RUNS 0 vg=0		not_a_catch
84cc0f0b200f8a85	2026-09-14e-thruref	r22	snapshot:hb3.sdHf/r22_eq_param_mutptr_elided_illegal.logos	c	PROBES.md "PREDICTIONS.md predicted r22 refused under cmpinv — wrong: the elided pair compares equal everywhere (r24 r25)"	illegal	by reading, no rustc binary	RUNS 0 vg=0	base: RUNS 0 vg=0		queue_row:elided_param_regions_invariant_compare_admits
e36148d935ef638a	2026-09-14f-thrurefland	d01	snapshot:land14f_d2.978t/d01_ref_local_depth2_path_legal.logos	b	PROBES.md "ref-typed LOCAL root (`&r.a`, `r = &s2`), let / match-default / written walk CLOSED (queue row; d01 d06 d09 d12 d24 d29 d30 d31, t1-t3)"; measured base REFUSED -> today RUN	legal	by reading, no rustc binary	RUNS 6 vg=6	base: REFUSED		pass_fixture:bc_0914f_thrurefland_hb_d01_admit
2363c8c8f375efa0	2026-09-14f-thrurefland	d02	snapshot:land14f_d2.978t/d02_tuple_local_holding_ref_legal.logos	b	PROBES.md "tuple / struct LOCAL holding a reference (`&t.0.a`, `&h.r.b`, nested `h.m.p.a`) CLOSED, same reader, the path-type walk (d02 d03 d16 d18 d22)"; measured base REFUSED -> today RUN	legal	by reading, no rustc binary	RUNS 24 vg=24	base: REFUSED		pass_fixture:bc_0914f_thrurefland_hb_d02_admit
e623034de99a7648	2026-09-14f-thrurefland	d03	snapshot:land14f_d2.978t/d03_struct_local_ref_field_legal.logos	b	PROBES.md "tuple / struct LOCAL holding a reference (`&t.0.a`, `&h.r.b`, nested `h.m.p.a`) CLOSED, same reader, the path-type walk (d02 d03 d16 d18 d22)"; measured base REFUSED -> today RUN	legal	by reading, no rustc binary	RUNS 11 vg=11	base: REFUSED		pass_fixture:bc_0914f_thrurefland_hb_d03_admit
34af9e2aab725bc8	2026-09-14f-thrurefland	d04	snapshot:land14f_d2.978t/d04_struct_local_owned_field_illegal.logos	-				REFUSED	base: REFUSED		not_a_catch
e6ebf495d9e017d8	2026-09-14f-thrurefland	d05	snapshot:land14f_d2.978t/d05_tuple_local_owned_elem_illegal.logos	-				REFUSED	base: REFUSED		not_a_catch
63c15df621d688a4	2026-09-14f-thrurefland	d06	snapshot:land14f_d2.978t/d06_mutref_assign_in_branch_legal.logos	b	PROBES.md "ref-typed LOCAL root (`&r.a`, `r = &s2`), let / match-default / written walk CLOSED (queue row; d01 d06 d09 d12 d24 d29 d30 d31, t1-t3)"; measured base REFUSED -> today RUN	legal	by reading, no rustc binary	RUNS 14 vg=14	base: REFUSED		pass_fixture:bc_0914f_thrurefland_hb_d06_admit
17f99e5550354c1c	2026-09-14f-thrurefland	d07	snapshot:land14f_d2.978t/d07_mutref_reassign_same_owner_illegal.logos	b	PROBES.md "HAND, UNCERTAIN in the predictions: ... d07 d17 d26 d27 d32 stay refused with the owner's sentence"; measured base first error "cannot assign to 'r'/'t' while ... is mutably borrowed" -> today the owner's sentence alone	illegal	by reading, no rustc binary	REFUSED	base: REFUSED		fail_fixture:bc_0914f_thrurefland_hb_d07_refuse
99c03054ba5c3ccb	2026-09-14f-thrurefland	d08	snapshot:land14f_d2.978t/d08_shared_field_then_mut_old_owner_illegal.logos	b	PREDICTIONS.md "HAND, ILLEGAL — must stay refused (sentence read): d04 d05 d08 d14 ..."; measured base first error "cannot assign to 'r' while 'r.a' is ..." -> today the owner's sentence	illegal	by reading, no rustc binary	REFUSED	base: REFUSED		fail_fixture:bc_0914f_thrurefland_hb_d08_refuse
b7dda980466a310a	2026-09-14f-thrurefland	d09	snapshot:land14f_d2.978t/d09_loop_cursor_array_legal.logos	b	PROBES.md "ref-typed LOCAL root (`&r.a`, `r = &s2`), let / match-default / written walk CLOSED (queue row; d01 d06 d09 d12 d24 d29 d30 d31, t1-t3)"; measured base REFUSED -> today RUN	legal	by reading, no rustc binary	RUNS 6 vg=6	base: REFUSED		pass_fixture:bc_0914f_thrurefland_hb_d09_admit
78d7bd1bd5431fe4	2026-09-14f-thrurefland	d12	snapshot:land14f_d2.978t/d12_param_ref_reassign_legal.logos	b	PROBES.md "ref-typed LOCAL root (`&r.a`, `r = &s2`), let / match-default / written walk CLOSED (queue row; d01 d06 d09 d12 d24 d29 d30 d31, t1-t3)"; measured base REFUSED -> today RUN	legal	by reading, no rustc binary	RUNS 5 vg=5	base: REFUSED		pass_fixture:bc_0914f_thrurefland_hb_d12_admit
4d6212ecc25801cf	2026-09-14f-thrurefland	d14	snapshot:land14f_d2.978t/d14_reassign_then_write_old_owner_illegal.logos	b	PREDICTIONS.md "HAND, ILLEGAL — must stay refused (sentence read): d04 d05 d08 d14 ..."; measured base first error "cannot assign to 'r' while 'r.a' is ..." -> today the owner's sentence	illegal	by reading, no rustc binary	REFUSED	base: REFUSED		fail_fixture:bc_0914f_thrurefland_hb_d14_refuse
2c15ed926bd9089f	2026-09-14f-thrurefland	d15	snapshot:land14f_d2.978t/d15_reassign_then_move_old_owner_illegal.logos	b,c	PROBES.md "I read d15 / o11 / o12 / v1-v7 as ILLEGAL programs opened by D2. They are not illegal in Logos ... auto-Copy under blessed divergence A16"; measured base REFUSED -> today RUN | PREDICTIONS.md "ILLEGAL — must stay refused (sentence read): ... d15"	legal	legal in Logos under blessed divergence A16 (auto-Copy struct: rustc without derive(Copy) would refuse the move E0505), by reading, no rustc binary	RUNS 5 vg=5	base: REFUSED		pass_fixture:bc_0914f_thrurefland_hb_d15_admit
37bfae1989753e65	2026-09-14f-thrurefland	d16	snapshot:land14f_d2.978t/d16_tuple_local_ref_tuple_index_legal.logos	b	PROBES.md "tuple / struct LOCAL holding a reference (`&t.0.a`, `&h.r.b`, nested `h.m.p.a`) CLOSED, same reader, the path-type walk (d02 d03 d16 d18 d22)"; measured base REFUSED -> today RUN	legal	by reading, no rustc binary	RUNS 5 vg=5	base: REFUSED		pass_fixture:bc_0914f_thrurefland_hb_d16_admit
67f8f00e35672a00	2026-09-14f-thrurefland	d17	snapshot:land14f_d2.978t/d17_tuple_mutref_reassign_same_owner_illegal.logos	b	PROBES.md "HAND, UNCERTAIN in the predictions: ... d07 d17 d26 d27 d32 stay refused with the owner's sentence"; measured base first error "cannot assign to 'r'/'t' while ... is mutably borrowed" -> today the owner's sentence alone	illegal	by reading, no rustc binary	REFUSED	base: REFUSED		fail_fixture:bc_0914f_thrurefland_hb_d17_refuse
c2c302d73e99ba06	2026-09-14f-thrurefland	d18	snapshot:land14f_d2.978t/d18_struct_mutref_field_legal.logos	b	PROBES.md "tuple / struct LOCAL holding a reference (`&t.0.a`, `&h.r.b`, nested `h.m.p.a`) CLOSED, same reader, the path-type walk (d02 d03 d16 d18 d22)"; measured base REFUSED -> today RUN	legal	by reading, no rustc binary	RUNS 5 vg=5	base: REFUSED		pass_fixture:bc_0914f_thrurefland_hb_d18_admit
3251fb97bca8996c	2026-09-14f-thrurefland	d19	snapshot:land14f_d2.978t/d19_box_local_field_illegal.logos	-				REFUSED	base: REFUSED		not_a_catch
2ab31ea21e99fc89	2026-09-14f-thrurefland	d20	snapshot:land14f_d2.978t/d20_loan_on_ref_field_itself_illegal.logos	-				REFUSED	base: REFUSED		not_a_catch
c51f57e1b2499280	2026-09-14f-thrurefland	d21	snapshot:land14f_d2.978t/d21_ref_local_loan_then_whole_ref_escape_illegal.logos	-				REFUSED	base: REFUSED		not_a_catch
daf6a70daa8429d7	2026-09-14f-thrurefland	d22	snapshot:land14f_d2.978t/d22_nested_struct_ref_two_levels_legal.logos	b	PROBES.md "tuple / struct LOCAL holding a reference (`&t.0.a`, `&h.r.b`, nested `h.m.p.a`) CLOSED, same reader, the path-type walk (d02 d03 d16 d18 d22)"; measured base REFUSED -> today RUN	legal	by reading, no rustc binary	RUNS 5 vg=5	base: REFUSED		pass_fixture:bc_0914f_thrurefland_hb_d22_admit
eb8798e4bcea1ddc	2026-09-14f-thrurefland	d23	snapshot:land14f_d2.978t/d23_nested_owned_then_ref_illegal.logos	-				REFUSED	base: REFUSED		not_a_catch
0696f5e6d66c948f	2026-09-14f-thrurefland	d24	snapshot:land14f_d2.978t/d24_mut_field_write_under_ref_then_assign_legal.logos	b	PROBES.md "ref-typed LOCAL root (`&r.a`, `r = &s2`), let / match-default / written walk CLOSED (queue row; d01 d06 d09 d12 d24 d29 d30 d31, t1-t3)"; measured base REFUSED -> today RUN	legal	by reading, no rustc binary	RUNS 23 vg=23	base: REFUSED		pass_fixture:bc_0914f_thrurefland_hb_d24_admit
c6cc1af4eb6ff1a3	2026-09-14f-thrurefland	d26	snapshot:land14f_d2.978t/d26_reassign_to_reborrow_of_self_illegal.logos	b	PROBES.md "HAND, UNCERTAIN in the predictions: ... d07 d17 d26 d27 d32 stay refused with the owner's sentence"; measured base first error "cannot assign to 'r'/'t' while ... is mutably borrowed" -> today the owner's sentence alone	illegal	by reading, no rustc binary	REFUSED	base: REFUSED		fail_fixture:bc_0914f_thrurefland_hb_d26_refuse
d01fae4e54c550ea	2026-09-14f-thrurefland	d27	snapshot:land14f_d2.978t/d27_reassign_from_call_moving_ref_illegal.logos	b	PROBES.md "HAND, UNCERTAIN in the predictions: ... d07 d17 d26 d27 d32 stay refused with the owner's sentence"; measured base first error "cannot assign to 'r'/'t' while ... is mutably borrowed" -> today the owner's sentence alone	illegal	by reading, no rustc binary	REFUSED	base: REFUSED		fail_fixture:bc_0914f_thrurefland_hb_d27_refuse
92e72b06f11f024a	2026-09-14f-thrurefland	d28	snapshot:land14f_d2.978t/d28_loop_reassign_same_target_illegal.logos	a,b	PROBES.md "d28 (loop, `r = &mut s2` while a loan taken through `r` into `s2` lives) is admitted after D2 ... Rowed loop_second_iteration_mut_alias_through_retargeted_ref_admits"	illegal	by reading, no rustc binary	RUNS 0 vg=0	base: REFUSED		existing_row:loop_second_iteration_mut_alias_through_retargeted_ref_admits
c84999a636bf38ec	2026-09-14f-thrurefland	d29	snapshot:land14f_d2.978t/d29_loop_alternating_targets_legal.logos	b	PROBES.md "ref-typed LOCAL root (`&r.a`, `r = &s2`), let / match-default / written walk CLOSED (queue row; d01 d06 d09 d12 d24 d29 d30 d31, t1-t3)"; measured base REFUSED -> today RUN	legal	by reading, no rustc binary	RUNS 12 vg=12	base: REFUSED		pass_fixture:bc_0914f_thrurefland_hb_d29_admit
0d9e301ee6d04f34	2026-09-14f-thrurefland	d30	snapshot:land14f_d2.978t/d30_shared_ref_reassign_to_same_owner_legal.logos	b	PROBES.md "ref-typed LOCAL root (`&r.a`, `r = &s2`), let / match-default / written walk CLOSED (queue row; d01 d06 d09 d12 d24 d29 d30 d31, t1-t3)"; measured base REFUSED -> today RUN	legal	by reading, no rustc binary	RUNS 3 vg=3	base: REFUSED		pass_fixture:bc_0914f_thrurefland_hb_d30_admit
af59d1808b35f9af	2026-09-14f-thrurefland	d31	snapshot:land14f_d2.978t/d31_match_arm_assign_ref_local_legal.logos	b	PROBES.md "ref-typed LOCAL root (`&r.a`, `r = &s2`), let / match-default / written walk CLOSED (queue row; d01 d06 d09 d12 d24 d29 d30 d31, t1-t3)"; measured base REFUSED -> today RUN	legal	by reading, no rustc binary	RUNS 5 vg=5	base: REFUSED		pass_fixture:bc_0914f_thrurefland_hb_d31_admit
c65276e9f2661246	2026-09-14f-thrurefland	d32	snapshot:land14f_d2.978t/d32_closure_captures_field_loan_then_reassign_illegal.logos	b	PROBES.md "HAND, UNCERTAIN in the predictions: ... d07 d17 d26 d27 d32 stay refused with the owner's sentence"; measured base first error "cannot assign to 'r'/'t' while ... is mutably borrowed" -> today the owner's sentence alone	illegal	by reading, no rustc binary	REFUSED	base: REFUSED		fail_fixture:bc_0914f_thrurefland_hb_d32_refuse
2128d7516973d393	2026-09-14f-thrurefland	d33	snapshot:land14f_d2.978t/d33_owned_local_field_loan_assign_illegal.logos	-				REFUSED	base: REFUSED		not_a_catch
13d7b688279cd249	2026-09-14f-thrurefland	g01	snapshot:land14f_d2.978t/g01_generic_struct_ref_arg_legal.logos	a,b,c	PROBES.md "Build 2 left g01 refused: the generic base struct is absent after mono" | "Wrong in the predictions: g01 needed a third build (monomorphic copies)"; measured base REFUSED -> today RUN	legal	by reading, no rustc binary	RUNS 5 vg=5	base: REFUSED		pass_fixture:bc_0914f_thrurefland_hb_g01_admit
6223abbd8e0b574d	2026-09-14f-thrurefland	g02	snapshot:land14f_d2.978t/g02_generic_struct_owned_arg_illegal.logos	-				REFUSED	base: REFUSED		not_a_catch
f54f812716736a71	2026-09-14f-thrurefland	p01	snapshot:land14f_d2.978t/p01_place_mutborrow_ref_field_under_pointee_loan_illegal.logos	-				REFUSED	base: REFUSED		not_a_catch
9198af18f17b9b17	2026-09-14f-thrurefland	p02	snapshot:land14f_d2.978t/p02_place_assign_ref_field_legal.logos	b	PROBES.md "place RETARGET `h.r = &s2` under `&h.r.0` ... CLOSED (queue row; p02)"; measured base REFUSED -> today RUN	legal	by reading, no rustc binary	RUNS 4 vg=4	base: REFUSED		pass_fixture:bc_0914f_thrurefland_hb_p02_admit
204f6d986500fc26	2026-09-14f-thrurefland	w6	snapshot:land14f_d2.978t/w6_loop_second_iteration_mut_target_via_z_illegal.logos	-				RUNS 0 vg=0	base: RUNS 0 vg=0 · byte-identical copies: land14f_own2.YBqC/w6_loop_second_iteration_mut_target_via_z_illegal.logos	tests/soundness/open/loop_second_iteration_mut_alias_through_retargeted_ref_admits.logos	already_in_tree
31ae7a7d5672a336	2026-09-14f-thrurefland	bc	snapshot:land14f_fx.e5HW/bc_ptrcmp_constptr_mutref_admit.logos	-				REFUSED	base: REFUSED		not_a_catch
65d06afdf590c1be	2026-09-14f-thrurefland	bc	snapshot:land14f_fx.e5HW/bc_ptrcmp_constptr_mutref_refuse.logos	-				REFUSED	base: REFUSED		not_a_catch
c4ec6a0164b462dd	2026-09-14f-thrurefland	bc	snapshot:land14f_fx.e5HW/bc_ptrcmp_fnptr_param_admit.logos	-				RUNS 4 vg=4	base: RUNS 4 vg=4	tests/logos/pass/bc_ptrcmp_fnptr_param_admit.logos	already_in_tree
e9f938635e647640	2026-09-14f-thrurefland	bc	snapshot:land14f_fx.e5HW/bc_ptrcmp_fnptr_param_refuse.logos	-				REFUSED	base: RUNS 4 vg=4	tests/logos/fail/bc_ptrcmp_fnptr_param_refuse.logos	already_in_tree
a122b65f20140eb7	2026-09-14f-thrurefland	bc	snapshot:land14f_fx.e5HW/bc_ptrcmp_mutptr_regions_admit.logos	-				RUNS 1 vg=1	base: RUNS 1 vg=1	tests/logos/pass/bc_ptrcmp_mutptr_regions_admit.logos	already_in_tree
9948f02c06a78978	2026-09-14f-thrurefland	bc	snapshot:land14f_fx.e5HW/bc_ptrcmp_mutptr_regions_refuse.logos	-				REFUSED	base: RUNS 1 vg=1	tests/logos/fail/bc_ptrcmp_mutptr_regions_refuse.logos	already_in_tree
fdcae2ea28233d0c	2026-09-14f-thrurefland	bc	snapshot:land14f_fx.e5HW/bc_ptrcmp_mutual_outlives_admit.logos	-				RUNS 6 vg=6	base: RUNS 6 vg=6	tests/logos/pass/bc_ptrcmp_mutual_outlives_admit.logos	already_in_tree
40850e5f62022b4b	2026-09-14f-thrurefland	bc	snapshot:land14f_fx.e5HW/bc_ptrcmp_mutual_outlives_refuse.logos	-				REFUSED	base: RUNS 6 vg=6	tests/logos/fail/bc_ptrcmp_mutual_outlives_refuse.logos	already_in_tree
af4c1c084eb2d09c	2026-09-14f-thrurefland	bc	snapshot:land14f_fx.e5HW/bc_ptrcmp_order_regions_refuse.logos	-				REFUSED	base: REFUSED	tests/logos/fail/bc_ptrcmp_order_regions_refuse.logos	already_in_tree
1f7e7cea0415a026	2026-09-14f-thrurefland	bc	snapshot:land14f_fx.e5HW/bc_ptrcmp_ref_peel_admit.logos	-				RUNS 8 vg=8	base: RUNS 8 vg=8	tests/logos/pass/bc_ptrcmp_ref_peel_admit.logos	already_in_tree
4b59ff1a6c664539	2026-09-14f-thrurefland	bc	snapshot:land14f_fx.e5HW/bc_ptrcmp_ref_peel_refuse.logos	-				REFUSED	base: RUNS 8 vg=8	tests/logos/fail/bc_ptrcmp_ref_peel_refuse.logos	already_in_tree
f6d5f92247e1a724	2026-09-14f-thrurefland	bc	snapshot:land14f_fx.e5HW/bc_ptrcmp_self_field_admit.logos	-				RUNS 7 vg=7	base: RUNS 7 vg=7	tests/logos/pass/bc_ptrcmp_self_field_admit.logos	already_in_tree
bb491857e5a0d91b	2026-09-14f-thrurefland	bc	snapshot:land14f_fx.e5HW/bc_ptrcmp_self_field_refuse.logos	-				REFUSED	base: REFUSED		not_a_catch
b091624389eb0db9	2026-09-14f-thrurefland	bc	snapshot:land14f_fx.e5HW/bc_thruref_assign_generic_field_admit.logos	-				RUNS 5 vg=5	base: REFUSED	tests/logos/pass/bc_thruref_assign_generic_field_admit.logos	already_in_tree
9f87e19c8d7923bf	2026-09-14f-thrurefland	bc	snapshot:land14f_fx.e5HW/bc_thruref_assign_generic_field_refuse.logos	-				REFUSED	base: REFUSED	tests/logos/fail/bc_thruref_assign_generic_field_refuse.logos	already_in_tree
237aeaa312ad0391	2026-09-14f-thrurefland	bc	snapshot:land14f_fx.e5HW/bc_thruref_assign_mutref_cursor_admit.logos	-				RUNS 23 vg=23	base: REFUSED	tests/logos/pass/bc_thruref_assign_mutref_cursor_admit.logos	already_in_tree
6737059a3b2454a6	2026-09-14f-thrurefland	bc	snapshot:land14f_fx.e5HW/bc_thruref_assign_mutref_cursor_refuse.logos	-				REFUSED	base: REFUSED	tests/logos/fail/bc_thruref_assign_mutref_cursor_refuse.logos	already_in_tree
12f5417a95677043	2026-09-14f-thrurefland	bc	snapshot:land14f_fx.e5HW/bc_thruref_assign_ref_binding_borrowed_refuse.logos	-				REFUSED	base: REFUSED	tests/logos/fail/bc_thruref_assign_ref_binding_borrowed_refuse.logos	already_in_tree
dd9d1573d2c7c82b	2026-09-14f-thrurefland	bc	snapshot:land14f_fx.e5HW/bc_thruref_assign_struct_ref_field_admit.logos	-				RUNS 5 vg=5	base: REFUSED	tests/logos/pass/bc_thruref_assign_struct_ref_field_admit.logos	already_in_tree
3bab760b79faf0fa	2026-09-14f-thrurefland	bc	snapshot:land14f_fx.e5HW/bc_thruref_assign_struct_ref_field_refuse.logos	-				REFUSED	base: REFUSED	tests/logos/fail/bc_thruref_assign_struct_ref_field_refuse.logos	already_in_tree
6a2d1d912b3e4eba	2026-09-14f-thrurefland	bc	snapshot:land14f_fx.e5HW/bc_thruref_assign_tuple_ref_elem_admit.logos	-				RUNS 5 vg=5	base: REFUSED	tests/logos/pass/bc_thruref_assign_tuple_ref_elem_admit.logos	already_in_tree
6b0d0e294f4b3a0c	2026-09-14f-thrurefland	bc	snapshot:land14f_fx.e5HW/bc_thruref_assign_tuple_ref_elem_refuse.logos	-				REFUSED	base: REFUSED	tests/logos/fail/bc_thruref_assign_tuple_ref_elem_refuse.logos	already_in_tree
6e7244f5c44accaa	2026-09-14f-thrurefland	bc	snapshot:land14f_fx.e5HW/bc_thruref_place_retarget_admit.logos	-				RUNS 5 vg=5	base: REFUSED	tests/logos/pass/bc_thruref_place_retarget_admit.logos	already_in_tree
132f1207e91fa543	2026-09-14f-thrurefland	bc	snapshot:land14f_fx.e5HW/bc_thruref_place_retarget_refuse.logos	-				REFUSED	base: REFUSED	tests/logos/fail/bc_thruref_place_retarget_refuse.logos	already_in_tree
fd176283cf63d2c8	2026-09-14f-thrurefland	n01	snapshot:land14f_new.BBP1/n01_refref_eq_value_legal.logos	-				RUNS 1 vg=1	base: RUNS 1 vg=1	tests/soundness/open/nested_ref_eq_compares_addresses_run.logos	already_in_tree
d8bc052cb4f2a759	2026-09-14f-thrurefland	n02	snapshot:land14f_new.BBP1/n02_mutrefref_eq_value_legal.logos	-				RUNS 1 vg=1	base: RUNS 1 vg=1		not_a_catch
aeef723449f0cb24	2026-09-14f-thrurefland	n03	snapshot:land14f_new.BBP1/n03_ref_eq_value_legal.logos	-				RUNS 7 vg=7	base: RUNS 7 vg=7		not_a_catch
646d97e15de840da	2026-09-14f-thrurefland	n04	snapshot:land14f_new.BBP1/n04_mutptr_null_check_plain_legal.logos	-				REFUSED	base: REFUSED	tests/soundness/open/rawptr_int_zero_compare_mlir_verifier_refused.logos	already_in_tree
a7bec05f5b0438fa	2026-09-14f-thrurefland	n05	snapshot:land14f_new.BBP1/n05_mutptr_to_ref_null_check_legal.logos	-				REFUSED	base: REFUSED		not_a_catch
9ded36d0aa88c2d8	2026-09-14f-thrurefland	n06	snapshot:land14f_new.BBP1/n06_tuple_rawptr_eq_legal.logos	-				REFUSED	base: REFUSED	tests/soundness/open/rawptr_tuple_eq_no_eq_impl_refused.logos	already_in_tree
51a300b9e53c1d72	2026-09-14f-thrurefland	q02b	snapshot:land14f_new.BBP1/q02b_ref_wrapping_mutptr_illegal.logos	-				REFUSED	base: REFUSED		not_a_catch
1f5b8f0bcddea60c	2026-09-14f-thrurefland	bc	snapshot:land14f_own.1gCs/bc_ptrcmp_constptr_mutref_admit.logos	-				REFUSED	base: REFUSED		not_a_catch
298b4cdf5be44bde	2026-09-14f-thrurefland	bc	snapshot:land14f_own.1gCs/bc_ptrcmp_mutptr_regions_admit.logos	-				REFUSED	base: REFUSED		not_a_catch
f8cab3117197e451	2026-09-14f-thrurefland	o11	snapshot:land14f_own.1gCs/o11_tuple_local_reassign_move_owner_illegal.logos	b	PROBES.md "I read d15 / o11 / o12 / v1-v7 as ILLEGAL programs opened by D2. They are not illegal in Logos ... auto-Copy under blessed divergence A16"; measured base REFUSED -> today RUN	legal	legal in Logos under blessed divergence A16 (auto-Copy struct: rustc without derive(Copy) would refuse the move E0505), by reading, no rustc binary	RUNS 5 vg=5	base: REFUSED		pass_fixture:bc_0914f_thrurefland_hb_o11_admit
90650f8a6b65402a	2026-09-14f-thrurefland	o12	snapshot:land14f_own.1gCs/o12_place_retarget_move_owner_illegal.logos	b	PROBES.md "I read d15 / o11 / o12 / v1-v7 as ILLEGAL programs opened by D2. They are not illegal in Logos ... auto-Copy under blessed divergence A16"; measured base REFUSED -> today RUN (o12 moves a TUPLE, which is Copy in Rust too)	legal	by reading, no rustc binary	RUNS 5 vg=5	base: REFUSED		pass_fixture:bc_0914f_thrurefland_hb_o12_admit
83a31c170fff5153	2026-09-14f-thrurefland	o13	snapshot:land14f_own.1gCs/o13_mutref_reassign_write_owner_illegal.logos	b	not cited by id; attributed by path (land14f_own.1gCs, the 14f battery); measured base first error names the reference overwrite -> today the owner's sentence alone	illegal	by reading, no rustc binary	REFUSED	base: REFUSED		fail_fixture:bc_0914f_thrurefland_hb_o13_refuse
c73ccff9b263e0d7	2026-09-14f-thrurefland	o14	snapshot:land14f_own.1gCs/o14_place_retarget_mut_write_owner_illegal.logos	b	not cited by id; attributed by path (land14f_own.1gCs, the 14f battery); measured base first error names the reference overwrite -> today the owner's sentence alone	illegal	by reading, no rustc binary	REFUSED	base: REFUSED		fail_fixture:bc_0914f_thrurefland_hb_o14_refuse
539c977f68daa227	2026-09-14f-thrurefland	v1	snapshot:land14f_own.1gCs/v1_no_reassign_move_owner_illegal.logos	-				RUNS 2 vg=2	base: RUNS 2 vg=2		not_a_catch
60f1c9489d85849a	2026-09-14f-thrurefland	v2	snapshot:land14f_own.1gCs/v2_explicit_deref_reassign_move_owner_illegal.logos	-				RUNS 5 vg=5	base: RUNS 5 vg=5		not_a_catch
c7b6065c2006f2c3	2026-09-14f-thrurefland	v3	snapshot:land14f_own.1gCs/v3_whole_reborrow_reassign_move_owner_illegal.logos	-				REFUSED	base: REFUSED		not_a_catch
05cfd93233bcf891	2026-09-14f-thrurefland	v4	snapshot:land14f_own.1gCs/v4_copy_ref_then_reassign_move_owner_illegal.logos	-				RUNS 5 vg=5	base: RUNS 5 vg=5		not_a_catch
ea38011ed797547c	2026-09-14f-thrurefland	v5	snapshot:land14f_own.1gCs/v5_place_ref_field_loan_move_owner_no_retarget_illegal.logos	-				RUNS 2 vg=2	base: RUNS 2 vg=2		not_a_catch
60be7369401b6cb8	2026-09-14f-thrurefland	v6	snapshot:land14f_own.1gCs/v6_tuple_ref_elem_loan_move_owner_no_reassign_illegal.logos	-				RUNS 2 vg=2	base: RUNS 2 vg=2		not_a_catch
28eef0c338466f3b	2026-09-14f-thrurefland	v7	snapshot:land14f_own.1gCs/v7_ref_local_loan_move_owner_ref_live_illegal.logos	-				RUNS 4 vg=4	base: RUNS 4 vg=4		not_a_catch
5afed70488eb6324	2026-09-14f-thrurefland	w1	snapshot:land14f_own.1gCs/w1_mutref_field_loan_then_second_mut_owner_illegal.logos	-				REFUSED	base: REFUSED		not_a_catch
3523485a12bf6b4a	2026-09-14f-thrurefland	w3	snapshot:land14f_own.1gCs/w3_loop_explicit_deref_reassign_same_target_illegal.logos	-				RUNS 0 vg=0	base: RUNS 0 vg=0		not_a_catch
cd8a6e4d3d31d33a	2026-09-14f-thrurefland	w4	snapshot:land14f_own.1gCs/w4_loop_reassign_same_target_no_field_loan_illegal.logos	-				REFUSED	base: REFUSED		not_a_catch
b932e00f0fce1122	2026-09-14f-thrurefland	w5	snapshot:land14f_own.1gCs/w5_shared_copy_ref_then_mut_owner_illegal.logos	-				REFUSED	base: REFUSED		not_a_catch
2e49cbfa77ea5ca1	2026-09-14f-thrurefland	w7	snapshot:land14f_own2.YBqC/w7_loop_second_iteration_copy_ref_illegal.logos	-				RUNS 0 vg=0	base: RUNS 0 vg=0		not_a_catch
5ae867cc0d2ea20d	2026-09-14f-thrurefland	w8	snapshot:land14f_own2.YBqC/w8_d28_whole_reborrow_twin_illegal.logos	-				REFUSED	base: REFUSED		not_a_catch
baecca0fad4ab9fa	2026-09-14f-thrurefland	x07d	snapshot:land14f_own2.YBqC/x07d_no_reassign_move_drop_owner_illegal.logos	-				REFUSED	base: REFUSED		not_a_catch
0699293e1c13dcbe	2026-09-14f-thrurefland	x11d	snapshot:land14f_own2.YBqC/x11d_tuple_local_reassign_move_drop_owner_illegal.logos	b	PROBES.md "Every non-Copy twin (x07d x11d x12d x15d, `impl Drop`) and every write twin (x15w x11w x12w x18w) is refused on the landed build with the owner's own sentence"; measured base first error names the overwrite -> today the owner's sentence alone	illegal	by reading, no rustc binary	REFUSED	base: REFUSED		fail_fixture:bc_0914f_thrurefland_hb_x11d_refuse
2a5fe82b797bfbc6	2026-09-14f-thrurefland	x11w	snapshot:land14f_own2.YBqC/x11w_tuple_local_reassign_write_owner_illegal.logos	b	PROBES.md "Every non-Copy twin (x07d x11d x12d x15d, `impl Drop`) and every write twin (x15w x11w x12w x18w) is refused on the landed build with the owner's own sentence"; measured base first error names the overwrite -> today the owner's sentence alone	illegal	by reading, no rustc binary	REFUSED	base: REFUSED		fail_fixture:bc_0914f_thrurefland_hb_x11w_refuse
a5ba549a2c5edf9e	2026-09-14f-thrurefland	x12d	snapshot:land14f_own2.YBqC/x12d_place_retarget_move_drop_owner_illegal.logos	b	PROBES.md "Every non-Copy twin (x07d x11d x12d x15d, `impl Drop`) and every write twin (x15w x11w x12w x18w) is refused on the landed build with the owner's own sentence"; measured base first error names the overwrite -> today the owner's sentence alone	illegal	by reading, no rustc binary	REFUSED	base: REFUSED		fail_fixture:bc_0914f_thrurefland_hb_x12d_refuse
93455aff5c1c6e3e	2026-09-14f-thrurefland	x12w	snapshot:land14f_own2.YBqC/x12w_place_retarget_write_owner_illegal.logos	b	PROBES.md "Every non-Copy twin (x07d x11d x12d x15d, `impl Drop`) and every write twin (x15w x11w x12w x18w) is refused on the landed build with the owner's own sentence"; measured base first error names the overwrite -> today the owner's sentence alone	illegal	by reading, no rustc binary	REFUSED	base: REFUSED		fail_fixture:bc_0914f_thrurefland_hb_x12w_refuse
75079078c172a53e	2026-09-14f-thrurefland	x15d	snapshot:land14f_own2.YBqC/x15d_ref_local_reassign_move_drop_owner_illegal.logos	b	PROBES.md "Every non-Copy twin (x07d x11d x12d x15d, `impl Drop`) and every write twin (x15w x11w x12w x18w) is refused on the landed build with the owner's own sentence"; measured base first error names the overwrite -> today the owner's sentence alone	illegal	by reading, no rustc binary	REFUSED	base: REFUSED		fail_fixture:bc_0914f_thrurefland_hb_x15d_refuse
eea6a88062662107	2026-09-14f-thrurefland	x15w	snapshot:land14f_own2.YBqC/x15w_ref_local_reassign_write_owner_illegal.logos	b	PROBES.md "Every non-Copy twin (x07d x11d x12d x15d, `impl Drop`) and every write twin (x15w x11w x12w x18w) is refused on the landed build with the owner's own sentence"; measured base first error names the overwrite -> today the owner's sentence alone	illegal	by reading, no rustc binary	REFUSED	base: REFUSED		content_twin_of:m17
ef8600025f3d13d9	2026-09-14f-thrurefland	x18w	snapshot:land14f_own2.YBqC/x18w_struct_local_reassign_write_owner_illegal.logos	b	PROBES.md "Every non-Copy twin (x07d x11d x12d x15d, `impl Drop`) and every write twin (x15w x11w x12w x18w) is refused on the landed build with the owner's own sentence"; measured base first error names the overwrite -> today the owner's sentence alone	illegal	by reading, no rustc binary	REFUSED	base: REFUSED		fail_fixture:bc_0914f_thrurefland_hb_x18w_refuse
fd768eeebd32eba8	2026-09-14f-thrurefland	q01	snapshot:land14f_r2.sFtP/q01_ord_lt_mutptr_illegal.logos	b	PROBES.md "`<` `<=` `>` `>=` (q01 q24) CLOSED — refused before the verifier crash they reach on base"; measured base MLIR verifier -> today the region sentence	illegal	by reading, no rustc binary	REFUSED	base: REFUSED		content_twin_of:r06
d91d46cd726fbab6	2026-09-14f-thrurefland	q02	snapshot:land14f_r2.sFtP/q02_ref_wrapping_mutptr_illegal.logos	-				REFUSED	base: REFUSED		not_a_catch
c9c3ced2205f33ca	2026-09-14f-thrurefland	q03	snapshot:land14f_r2.sFtP/q03_mutref_mutref_peel_legal.logos	-				RUNS 1 vg=1	base: RUNS 1 vg=1		not_a_catch
f02c9030a57dd491	2026-09-14f-thrurefland	q04	snapshot:land14f_r2.sFtP/q04_tuple_mutptr_illegal.logos	-				REFUSED	base: REFUSED		not_a_catch
2652b19e39cab7be	2026-09-14f-thrurefland	q05	snapshot:land14f_r2.sFtP/q05_option_mutptr_illegal.logos	-				REFUSED	base: REFUSED		not_a_catch
409f18f676c222d5	2026-09-14f-thrurefland	q06	snapshot:land14f_r2.sFtP/q06_constptr_fnparam_legal.logos	-				RUNS 0 vg=0	base: RUNS 0 vg=0		not_a_catch
5655ee0f2f24ed1c	2026-09-14f-thrurefland	q07	snapshot:land14f_r2.sFtP/q07_mutptr_fnparam_illegal.logos	b	PREDICTIONS.md "HAND (land14f_r2), ILLEGAL — refused: q07 q10 q11 q13 q14 q15 q17 q19 q25 q31 q32 q34"; measured base RUN 0 -> today REFUSED	illegal	by reading, no rustc binary	REFUSED	base: RUNS 0 vg=0		fail_fixture:bc_0914f_thrurefland_hb_q07_refuse
01435e7f3add8b4b	2026-09-14f-thrurefland	q08	snapshot:land14f_r2.sFtP/q08_mutual_outlives_equal_legal.logos	-				RUNS 0 vg=0	base: RUNS 0 vg=0		not_a_catch
1f59410c122511fe	2026-09-14f-thrurefland	q09	snapshot:land14f_r2.sFtP/q09_generic_T_legal_runs.logos	-				RUNS 5 vg=5	base: RUNS 5 vg=5		not_a_catch
a25435437213930b	2026-09-14f-thrurefland	q10	snapshot:land14f_r2.sFtP/q10_closure_body_illegal.logos	b	PROBES.md "closure body (q10), method on `self.p` (q11) CLOSED"; measured base RUN 0 -> today REFUSED	illegal	by reading, no rustc binary	REFUSED	base: RUNS 0 vg=0		fail_fixture:bc_0914f_thrurefland_hb_q10_refuse
2637edb17d82b6aa	2026-09-14f-thrurefland	q11	snapshot:land14f_r2.sFtP/q11_method_self_field_illegal.logos	b	PROBES.md "closure body (q10), method on `self.p` (q11) CLOSED"; measured base RUN 0 -> today REFUSED	illegal	by reading, no rustc binary	REFUSED	base: RUNS 0 vg=0		fail_fixture:bc_0914f_thrurefland_hb_q11_refuse
3fcf5aab6dab724b	2026-09-14f-thrurefland	q12	snapshot:land14f_r2.sFtP/q12_method_self_field_legal_runs.logos	-				RUNS 6 vg=6	base: RUNS 6 vg=6		not_a_catch
064e6c0902f126eb	2026-09-14f-thrurefland	q13	snapshot:land14f_r2.sFtP/q13_array_under_mutptr_illegal.logos	b	PROBES.md "array / tuple / struct / fn-return under an invariant carrier (q13 q14 q15 q19 q32) CLOSED"; measured base RUN 0 -> today REFUSED	illegal	by reading, no rustc binary	REFUSED	base: RUNS 0 vg=0		fail_fixture:bc_0914f_thrurefland_hb_q13_refuse
929d8a55b86307ce	2026-09-14f-thrurefland	q14	snapshot:land14f_r2.sFtP/q14_constptr_mutptr_depth2_illegal.logos	b	PROBES.md "array / tuple / struct / fn-return under an invariant carrier (q13 q14 q15 q19 q32) CLOSED"; measured base RUN 0 -> today REFUSED	illegal	by reading, no rustc binary	REFUSED	base: RUNS 0 vg=0		fail_fixture:bc_0914f_thrurefland_hb_q14_refuse
a481ffb2d73b9269	2026-09-14f-thrurefland	q15	snapshot:land14f_r2.sFtP/q15_struct_under_mutptr_illegal.logos	b	PROBES.md "array / tuple / struct / fn-return under an invariant carrier (q13 q14 q15 q19 q32) CLOSED"; measured base RUN 0 -> today REFUSED	illegal	by reading, no rustc binary	REFUSED	base: RUNS 0 vg=0		fail_fixture:bc_0914f_thrurefland_hb_q15_refuse
5447f2ff9c16a2d0	2026-09-14f-thrurefland	q16	snapshot:land14f_r2.sFtP/q16_struct_under_constptr_legal.logos	a,c	PROBES.md "Build 1 refused q16 (`*const W<'a>` vs `*const W<'b>`, W covariant)" | "q16 needed the per-parameter variance read (build 2)"	legal	by reading, no rustc binary	RUNS 0 vg=0	base: RUNS 0 vg=0		pass_fixture:bc_0914f_thrurefland_hb_q16_admit
2620599c4429ba6e	2026-09-14f-thrurefland	q17	snapshot:land14f_r2.sFtP/q17_one_sided_outlives_illegal.logos	b	PREDICTIONS.md "HAND (land14f_r2), ILLEGAL — refused: q07 q10 q11 q13 q14 q15 q17 q19 q25 q31 q32 q34"; measured base RUN 0 -> today REFUSED	illegal	by reading, no rustc binary	REFUSED	base: RUNS 0 vg=0		fail_fixture:bc_0914f_thrurefland_hb_q17_refuse
4ecaa2926e26e11b	2026-09-14f-thrurefland	q18	snapshot:land14f_r2.sFtP/q18_locals_runs_legal.logos	-				RUNS 3 vg=3	base: RUNS 3 vg=3		not_a_catch
c341ed6b533866a1	2026-09-14f-thrurefland	q19	snapshot:land14f_r2.sFtP/q19_fn_ret_mutref_illegal.logos	b	PROBES.md "array / tuple / struct / fn-return under an invariant carrier (q13 q14 q15 q19 q32) CLOSED"; measured base RUN 0 -> today REFUSED	illegal	by reading, no rustc binary	REFUSED	base: RUNS 0 vg=0		fail_fixture:bc_0914f_thrurefland_hb_q19_refuse
1a2a04bc6ae48769	2026-09-14f-thrurefland	q20	snapshot:land14f_r2.sFtP/q20_fn_param_outer_differs_legal.logos	-				RUNS 0 vg=0	base: RUNS 0 vg=0		not_a_catch
6960b054a124561a	2026-09-14f-thrurefland	q21	snapshot:land14f_r2.sFtP/q21_static_vs_static_runs_legal.logos	-				RUNS 8 vg=8	base: RUNS 8 vg=8		not_a_catch
7ac6d01b05563aef	2026-09-14f-thrurefland	q22	snapshot:land14f_r2.sFtP/q22_eq_method_call_illegal.logos	-				REFUSED	base: REFUSED		not_a_catch
11937abe16782be7	2026-09-14f-thrurefland	q23	snapshot:land14f_r2.sFtP/q23_null_check_legal.logos	-				REFUSED	base: REFUSED		not_a_catch
9ba7da174c85c48f	2026-09-14f-thrurefland	q24	snapshot:land14f_r2.sFtP/q24_ge_fnptr_illegal.logos	b	PROBES.md "`<` `<=` `>` `>=` (q01 q24) CLOSED — refused before the verifier crash they reach on base"; measured base MLIR verifier -> today the region sentence	illegal	by reading, no rustc binary	REFUSED	base: REFUSED		fail_fixture:bc_0914f_thrurefland_hb_q24_refuse
7a4c717beb6e316c	2026-09-14f-thrurefland	q25	snapshot:land14f_r2.sFtP/q25_let_inferred_ref_peel_mutptr_illegal.logos	b	PROBES.md "reference layers over a pointer (`&*mut &'a` via `let rx = &x`, q25) CLOSED (peel)"; measured base RUN 0 -> today REFUSED	illegal	by reading, no rustc binary	REFUSED	base: RUNS 0 vg=0		fail_fixture:bc_0914f_thrurefland_hb_q25_refuse
c688dc2aed7d7c3d	2026-09-14f-thrurefland	q26	snapshot:land14f_r2.sFtP/q26_cast_to_u8_workaround_legal.logos	-				RUNS 0 vg=0	base: RUNS 0 vg=0		not_a_catch
8f5aee35a47b5522	2026-09-14f-thrurefland	q27	snapshot:land14f_r2.sFtP/q27_self_two_fields_same_region_legal.logos	-				RUNS 2 vg=2	base: RUNS 2 vg=2		not_a_catch
f32570738096903e	2026-09-14f-thrurefland	q28	snapshot:land14f_r2.sFtP/q28_constptr_mutref_outer_region_differs_legal.logos	-				RUNS 0 vg=0	base: RUNS 0 vg=0		not_a_catch
472c2244e4bccf7b	2026-09-14f-thrurefland	q29	snapshot:land14f_r2.sFtP/q29_fnptr_ret_mutref_outer_region_legal.logos	-				RUNS 0 vg=0	base: RUNS 0 vg=0		not_a_catch
d5ca3d0979848f46	2026-09-14f-thrurefland	q30	snapshot:land14f_r2.sFtP/q30_bounded_covariant_legal.logos	-				RUNS 0 vg=0	base: RUNS 0 vg=0		not_a_catch
ac2faab1715a506f	2026-09-14f-thrurefland	q31	snapshot:land14f_r2.sFtP/q31_static_vs_param_mutptr_illegal.logos	b	PREDICTIONS.md "HAND (land14f_r2), ILLEGAL — refused: q07 q10 q11 q13 q14 q15 q17 q19 q25 q31 q32 q34"; measured base RUN 0 -> today REFUSED	illegal	by reading, no rustc binary	REFUSED	base: RUNS 0 vg=0		fail_fixture:bc_0914f_thrurefland_hb_q31_refuse
12509ccc28ab7a9f	2026-09-14f-thrurefland	q32	snapshot:land14f_r2.sFtP/q32_tuple_under_constptr_invariant_illegal.logos	b	PROBES.md "array / tuple / struct / fn-return under an invariant carrier (q13 q14 q15 q19 q32) CLOSED"; measured base RUN 0 -> today REFUSED	illegal	by reading, no rustc binary	REFUSED	base: RUNS 0 vg=0		fail_fixture:bc_0914f_thrurefland_hb_q32_refuse
1f6d1f74572f7e9e	2026-09-14f-thrurefland	q33	snapshot:land14f_r2.sFtP/q33_mixed_variance_fnptr_legal.logos	-				RUNS 0 vg=0	base: RUNS 0 vg=0		not_a_catch
2cbf31503a64664c	2026-09-14f-thrurefland	q34	snapshot:land14f_r2.sFtP/q34_cell_like_invariant_struct_under_constptr_illegal.logos	b	PROBES.md "invariant ADT under `*const` (q34 `Inv<'a>`) CLOSED (per-parameter variance)"; measured base RUN 0 -> today REFUSED	illegal	by reading, no rustc binary	REFUSED	base: RUNS 0 vg=0		fail_fixture:bc_0914f_thrurefland_hb_q34_refuse
97b162f88da92f86	2026-09-14h-harvest (staging copies + its own measurement variants)	lb	snapshot:land14h.I1Tr/lcty.8qm5/lb.logos	-							harvest14h_variant
0016661b02c4627a	2026-09-14h-harvest (staging copies + its own measurement variants)	li	snapshot:land14h.I1Tr/lcty.8qm5/li.logos	-							harvest14h_variant
8a8e89c23a1ccbfc	2026-09-14h-harvest (staging copies + its own measurement variants)	lt	snapshot:land14h.I1Tr/lcty.8qm5/lt.logos	-							harvest14h_variant
4d8256f604174125	2026-09-14h-harvest (staging copies + its own measurement variants)	lc1	snapshot:land14h.I1Tr/lcvar.73Xn/lc1.logos	-						tests/soundness/open/listcomp_nonscalar_elem_internal_verifier_diag.logos	already_in_tree
fd234a8dd1aaebfc	2026-09-14h-harvest (staging copies + its own measurement variants)	lc2	snapshot:land14h.I1Tr/lcvar.73Xn/lc2.logos	-							harvest14h_variant
0a24bf061393ad9e	2026-09-14h-harvest (staging copies + its own measurement variants)	lc3	snapshot:land14h.I1Tr/lcvar.73Xn/lc3.logos	-							harvest14h_variant
7bb8119b466caa62	2026-09-14h-harvest (staging copies + its own measurement variants)	bc_0906_patmut_hb_h02_refuse	snapshot:land14h.I1Tr/stage/fail/bc_0906_patmut_hb_h02_refuse.logos	-						tests/logos/fail/bc_0906_patmut_hb_h02_refuse.logos manifest14h:2026-09-06-patmut:h02:fail_fixture	already_in_tree
9931318a72ddf56d	2026-09-14h-harvest (staging copies + its own measurement variants)	bc_0906_patmut_hb_h06_refuse	snapshot:land14h.I1Tr/stage/fail/bc_0906_patmut_hb_h06_refuse.logos	-						tests/logos/fail/bc_0906_patmut_hb_h06_refuse.logos manifest14h:2026-09-06-patmut:h06:fail_fixture	already_in_tree
915b0006cba5b1b9	2026-09-14h-harvest (staging copies + its own measurement variants)	bc_0906_patmut_hb_h12_refuse	snapshot:land14h.I1Tr/stage/fail/bc_0906_patmut_hb_h12_refuse.logos	-						tests/logos/fail/bc_0906_patmut_hb_h12_refuse.logos manifest14h:2026-09-06-patmut:h12:fail_fixture	already_in_tree
8fb9bd2b5947b0fa	2026-09-14h-harvest (staging copies + its own measurement variants)	bc_0906_patmut_hb_h21_refuse	snapshot:land14h.I1Tr/stage/fail/bc_0906_patmut_hb_h21_refuse.logos	-						tests/logos/fail/bc_0906_patmut_hb_h21_refuse.logos manifest14h:2026-09-06-patmut:h21:fail_fixture	already_in_tree
d3bd2fd513cb4d8b	2026-09-14h-harvest (staging copies + its own measurement variants)	bc_0906_patmut_hb_h25_refuse	snapshot:land14h.I1Tr/stage/fail/bc_0906_patmut_hb_h25_refuse.logos	-						tests/logos/fail/bc_0906_patmut_hb_h25_refuse.logos manifest14h:2026-09-06-patmut:h25:fail_fixture	already_in_tree
cbe2744d071d9fbd	2026-09-14h-harvest (staging copies + its own measurement variants)	bc_0906_patmut_hb_h33_refuse	snapshot:land14h.I1Tr/stage/fail/bc_0906_patmut_hb_h33_refuse.logos	-						tests/logos/fail/bc_0906_patmut_hb_h33_refuse.logos manifest14h:2026-09-06-patmut:h33:fail_fixture	already_in_tree
91bb3bfe6aa63b3a	2026-09-14h-harvest (staging copies + its own measurement variants)	bc_0906_patmut_hb_h39_refuse	snapshot:land14h.I1Tr/stage/fail/bc_0906_patmut_hb_h39_refuse.logos	-						tests/logos/fail/bc_0906_patmut_hb_h39_refuse.logos manifest14h:2026-09-06-patmut:h39:fail_fixture	already_in_tree
4196e57be4a9e2a2	2026-09-14h-harvest (staging copies + its own measurement variants)	bc_0907a_boxmutctx_hb_h17_refuse	snapshot:land14h.I1Tr/stage/fail/bc_0907a_boxmutctx_hb_h17_refuse.logos	-						tests/logos/fail/bc_0907a_boxmutctx_hb_h17_refuse.logos manifest14h:2026-09-07a-boxmutctx:h17:fail_fixture	already_in_tree
b340fa257887387e	2026-09-14h-harvest (staging copies + its own measurement variants)	bc_0907a_boxmutctx_hb_h21_refuse	snapshot:land14h.I1Tr/stage/fail/bc_0907a_boxmutctx_hb_h21_refuse.logos	-						tests/logos/fail/bc_0907a_boxmutctx_hb_h21_refuse.logos manifest14h:2026-09-07a-boxmutctx:h21:fail_fixture	already_in_tree
d7977ce1e7f97989	2026-09-14h-harvest (staging copies + its own measurement variants)	bc_0908_subslice_hb_hp_full_rest_refuse	snapshot:land14h.I1Tr/stage/fail/bc_0908_subslice_hb_hp_full_rest_refuse.logos	-						tests/logos/fail/bc_0908_subslice_hb_hp_full_rest_refuse.logos manifest14h:2026-09-08-subslice:hp_full_rest:fail_fixture	already_in_tree
ae41420e25557d96	2026-09-14h-harvest (staging copies + its own measurement variants)	bc_0908_subslice_hb_hp_iflet_rest_refuse	snapshot:land14h.I1Tr/stage/fail/bc_0908_subslice_hb_hp_iflet_rest_refuse.logos	-						tests/logos/fail/bc_0908_subslice_hb_hp_iflet_rest_refuse.logos manifest14h:2026-09-08-subslice:hp_iflet_rest:fail_fixture	already_in_tree
cae5ada07f9dc3b6	2026-09-14h-harvest (staging copies + its own measurement variants)	bc_0908_subslice_hb_hp_rest_twice_refuse	snapshot:land14h.I1Tr/stage/fail/bc_0908_subslice_hb_hp_rest_twice_refuse.logos	-						tests/logos/fail/bc_0908_subslice_hb_hp_rest_twice_refuse.logos manifest14h:2026-09-08-subslice:hp_rest_twice:fail_fixture	already_in_tree
0ae7164bd5627eab	2026-09-14h-harvest (staging copies + its own measurement variants)	bc_0909f_ergorefland_hb_my03_refuse	snapshot:land14h.I1Tr/stage/fail/bc_0909f_ergorefland_hb_my03_refuse.logos	-						tests/logos/fail/bc_0909f_ergorefland_hb_my03_refuse.logos manifest14h:2026-09-09f-ergorefland:my03:fail_fixture	already_in_tree
663c389a426eefca	2026-09-14h-harvest (staging copies + its own measurement variants)	bc_0909f_ergorefland_hb_my04_refuse	snapshot:land14h.I1Tr/stage/fail/bc_0909f_ergorefland_hb_my04_refuse.logos	-						tests/logos/fail/bc_0909f_ergorefland_hb_my04_refuse.logos manifest14h:2026-09-09f-ergorefland:my04:fail_fixture	already_in_tree
40aac75dff03584c	2026-09-14h-harvest (staging copies + its own measurement variants)	bc_0909f_ergorefland_hb_my05_refuse	snapshot:land14h.I1Tr/stage/fail/bc_0909f_ergorefland_hb_my05_refuse.logos	-						tests/logos/fail/bc_0909f_ergorefland_hb_my05_refuse.logos manifest14h:2026-09-09f-ergorefland:my05:fail_fixture	already_in_tree
1ce66a112543e244	2026-09-14h-harvest (staging copies + its own measurement variants)	bc_0909f_ergorefland_hb_my07_refuse	snapshot:land14h.I1Tr/stage/fail/bc_0909f_ergorefland_hb_my07_refuse.logos	-						tests/logos/fail/bc_0909f_ergorefland_hb_my07_refuse.logos manifest14h:2026-09-09f-ergorefland:my07:fail_fixture	already_in_tree
d3480cfe93872f63	2026-09-14h-harvest (staging copies + its own measurement variants)	bc_0909f_ergorefland_hb_my08_refuse	snapshot:land14h.I1Tr/stage/fail/bc_0909f_ergorefland_hb_my08_refuse.logos	-						tests/logos/fail/bc_0909f_ergorefland_hb_my08_refuse.logos manifest14h:2026-09-09f-ergorefland:my08:fail_fixture	already_in_tree
6fee39f1d71e131d	2026-09-14h-harvest (staging copies + its own measurement variants)	bc_0909k_selfrecv_hb_h10_refuse	snapshot:land14h.I1Tr/stage/fail/bc_0909k_selfrecv_hb_h10_refuse.logos	-						tests/logos/fail/bc_0909k_selfrecv_hb_h10_refuse.logos manifest14h:2026-09-09k-selfrecv:h10:fail_fixture	already_in_tree
c85fbc47f1d91d43	2026-09-14h-harvest (staging copies + its own measurement variants)	bc_0909k_selfrecv_hb_h13_refuse	snapshot:land14h.I1Tr/stage/fail/bc_0909k_selfrecv_hb_h13_refuse.logos	-						tests/logos/fail/bc_0909k_selfrecv_hb_h13_refuse.logos manifest14h:2026-09-09k-selfrecv:h13:fail_fixture	already_in_tree
93b03648c765cbc2	2026-09-14h-harvest (staging copies + its own measurement variants)	bc_0909k_selfrecv_hb_h1_refuse	snapshot:land14h.I1Tr/stage/fail/bc_0909k_selfrecv_hb_h1_refuse.logos	-						tests/logos/fail/bc_0909k_selfrecv_hb_h1_refuse.logos manifest14h:2026-09-09k-selfrecv:h1:fail_fixture	already_in_tree
0da48834434fa6bd	2026-09-14h-harvest (staging copies + its own measurement variants)	bc_0909k_selfrecv_hb_h2_refuse	snapshot:land14h.I1Tr/stage/fail/bc_0909k_selfrecv_hb_h2_refuse.logos	-						tests/logos/fail/bc_0909k_selfrecv_hb_h2_refuse.logos manifest14h:2026-09-09k-selfrecv:h2:fail_fixture	already_in_tree
0090ffb45febbade	2026-09-14h-harvest (staging copies + its own measurement variants)	bc_0909k_selfrecv_hb_h5_refuse	snapshot:land14h.I1Tr/stage/fail/bc_0909k_selfrecv_hb_h5_refuse.logos	-						tests/logos/fail/bc_0909k_selfrecv_hb_h5_refuse.logos manifest14h:2026-09-09k-selfrecv:h5:fail_fixture	already_in_tree
22300089c3b66c29	2026-09-14h-harvest (staging copies + its own measurement variants)	bc_0909k_selfrecv_hb_h9_refuse	snapshot:land14h.I1Tr/stage/fail/bc_0909k_selfrecv_hb_h9_refuse.logos	-						tests/logos/fail/bc_0909k_selfrecv_hb_h9_refuse.logos manifest14h:2026-09-09k-selfrecv:h9:fail_fixture	already_in_tree
9889ef3664a9577a	2026-09-14h-harvest (staging copies + its own measurement variants)	bc_0909sigland_hb_x01_refuse	snapshot:land14h.I1Tr/stage/fail/bc_0909sigland_hb_x01_refuse.logos	-						tests/logos/fail/bc_0909sigland_hb_x01_refuse.logos manifest14h:2026-09-09sigland:X01:fail_fixture	already_in_tree
4b55d660f0e258b4	2026-09-14h-harvest (staging copies + its own measurement variants)	bc_0909sigland_hb_x07_refuse	snapshot:land14h.I1Tr/stage/fail/bc_0909sigland_hb_x07_refuse.logos	-						tests/logos/fail/bc_0909sigland_hb_x07_refuse.logos manifest14h:2026-09-09sigland:X07:fail_fixture	already_in_tree
e683e85970de47bd	2026-09-14h-harvest (staging copies + its own measurement variants)	bc_0909sigland_hb_x08_refuse	snapshot:land14h.I1Tr/stage/fail/bc_0909sigland_hb_x08_refuse.logos	-						tests/logos/fail/bc_0909sigland_hb_x08_refuse.logos manifest14h:2026-09-09sigland:X08:fail_fixture	already_in_tree
55c328823d8a356b	2026-09-14h-harvest (staging copies + its own measurement variants)	bc_0910d_vecbare_hb_n2_refuse	snapshot:land14h.I1Tr/stage/fail/bc_0910d_vecbare_hb_n2_refuse.logos	-						tests/logos/fail/bc_0910d_vecbare_hb_n2_refuse.logos manifest14h:2026-09-10d-vecbare:n2:fail_fixture	already_in_tree
be5626f44201210f	2026-09-14h-harvest (staging copies + its own measurement variants)	bc_0910d_vecbare_hb_n3_refuse	snapshot:land14h.I1Tr/stage/fail/bc_0910d_vecbare_hb_n3_refuse.logos	-						tests/logos/fail/bc_0910d_vecbare_hb_n3_refuse.logos manifest14h:2026-09-10d-vecbare:n3:fail_fixture	already_in_tree
8d17c8ec619bf35a	2026-09-14h-harvest (staging copies + its own measurement variants)	bc_0910d_vecbare_hb_n4_refuse	snapshot:land14h.I1Tr/stage/fail/bc_0910d_vecbare_hb_n4_refuse.logos	-						tests/logos/fail/bc_0910d_vecbare_hb_n4_refuse.logos manifest14h:2026-09-10d-vecbare:n4:fail_fixture	already_in_tree
d77944cf57fe1d05	2026-09-14h-harvest (staging copies + its own measurement variants)	bc_0912b_rpitbound_hb_c1_refuse	snapshot:land14h.I1Tr/stage/fail/bc_0912b_rpitbound_hb_c1_refuse.logos	-						tests/logos/fail/bc_0912b_rpitbound_hb_c1_refuse.logos manifest14h:2026-09-12b-rpitbound:c1:fail_fixture	already_in_tree
758543cf1463764c	2026-09-14h-harvest (staging copies + its own measurement variants)	bc_0912b_rpitbound_hb_c3_refuse	snapshot:land14h.I1Tr/stage/fail/bc_0912b_rpitbound_hb_c3_refuse.logos	-						tests/logos/fail/bc_0912b_rpitbound_hb_c3_refuse.logos manifest14h:2026-09-12b-rpitbound:c3:fail_fixture	already_in_tree
b29ec206047f2b94	2026-09-14h-harvest (staging copies + its own measurement variants)	bc_0912b_rpitbound_hb_c5_refuse	snapshot:land14h.I1Tr/stage/fail/bc_0912b_rpitbound_hb_c5_refuse.logos	-						tests/logos/fail/bc_0912b_rpitbound_hb_c5_refuse.logos manifest14h:2026-09-12b-rpitbound:c5:fail_fixture	already_in_tree
0aadf94f1aed6376	2026-09-14h-harvest (staging copies + its own measurement variants)	bc_0912n_bcdoor_hb_i2_refuse	snapshot:land14h.I1Tr/stage/fail/bc_0912n_bcdoor_hb_i2_refuse.logos	-						tests/logos/fail/bc_0912n_bcdoor_hb_i2_refuse.logos manifest14h:2026-09-12n-bcdoor:I2:fail_fixture,unattributed (mtime window: 2026-09-12m-calleedoor):c3_fnptr_struct:unattributed	already_in_tree
a82e362ca011c887	2026-09-14h-harvest (staging copies + its own measurement variants)	bc_0912n_bcdoor_hb_i3_refuse	snapshot:land14h.I1Tr/stage/fail/bc_0912n_bcdoor_hb_i3_refuse.logos	-						tests/logos/fail/bc_0912n_bcdoor_hb_i3_refuse.logos manifest14h:2026-09-12n-bcdoor:I3:fail_fixture	already_in_tree
9edb7bd85927907e	2026-09-14h-harvest (staging copies + its own measurement variants)	bc_0912n_bcdoor_hb_i5_refuse	snapshot:land14h.I1Tr/stage/fail/bc_0912n_bcdoor_hb_i5_refuse.logos	-						tests/logos/fail/bc_0912n_bcdoor_hb_i5_refuse.logos manifest14h:2026-09-12n-bcdoor:I5:fail_fixture	already_in_tree
744abfe1d8b185e6	2026-09-14h-harvest (staging copies + its own measurement variants)	bc_0912q_letregion_hb_d1_refuse	snapshot:land14h.I1Tr/stage/fail/bc_0912q_letregion_hb_d1_refuse.logos	-						tests/logos/fail/bc_0912q_letregion_hb_d1_refuse.logos manifest14h:2026-09-12q-letregion:d1:fail_fixture	already_in_tree
ecbcb67bd9cd8679	2026-09-14h-harvest (staging copies + its own measurement variants)	bc_0912q_letregion_hb_d2_refuse	snapshot:land14h.I1Tr/stage/fail/bc_0912q_letregion_hb_d2_refuse.logos	-						tests/logos/fail/bc_0912q_letregion_hb_d2_refuse.logos manifest14h:2026-09-12q-letregion:d2:fail_fixture	already_in_tree
6fd7762f16191d7b	2026-09-14h-harvest (staging copies + its own measurement variants)	bc_0912q_letregion_hb_e1_refuse	snapshot:land14h.I1Tr/stage/fail/bc_0912q_letregion_hb_e1_refuse.logos	-						tests/logos/fail/bc_0912q_letregion_hb_e1_refuse.logos manifest14h:2026-09-12q-letregion:e1:fail_fixture	already_in_tree
61f4ef3f645b3cea	2026-09-14h-harvest (staging copies + its own measurement variants)	bc_0912q_letregion_hb_e2_refuse	snapshot:land14h.I1Tr/stage/fail/bc_0912q_letregion_hb_e2_refuse.logos	-						tests/logos/fail/bc_0912q_letregion_hb_e2_refuse.logos manifest14h:2026-09-12q-letregion:e2:fail_fixture	already_in_tree
a49ec2c7c67b4853	2026-09-14h-harvest (staging copies + its own measurement variants)	bc_0912q_letregion_hb_n4_refuse	snapshot:land14h.I1Tr/stage/fail/bc_0912q_letregion_hb_n4_refuse.logos	-						tests/logos/fail/bc_0912q_letregion_hb_n4_refuse.logos manifest14h:2026-09-12q-letregion:n4:fail_fixture	already_in_tree
1b1396f0922a1d39	2026-09-14h-harvest (staging copies + its own measurement variants)	bc_0912q_letregion_hb_n6_refuse	snapshot:land14h.I1Tr/stage/fail/bc_0912q_letregion_hb_n6_refuse.logos	-						tests/logos/fail/bc_0912q_letregion_hb_n6_refuse.logos manifest14h:2026-09-12q-letregion:n6:fail_fixture	already_in_tree
df83118f7d534eab	2026-09-14h-harvest (staging copies + its own measurement variants)	bc_0912q_letregion_hb_q6_refuse	snapshot:land14h.I1Tr/stage/fail/bc_0912q_letregion_hb_q6_refuse.logos	-						tests/logos/fail/bc_0912q_letregion_hb_q6_refuse.logos manifest14h:2026-09-12q-letregion:q6:fail_fixture	already_in_tree
10ed26366ebf74d0	2026-09-14h-harvest (staging copies + its own measurement variants)	bc_0912r_escroot_hb_g25_refuse	snapshot:land14h.I1Tr/stage/fail/bc_0912r_escroot_hb_g25_refuse.logos	-						tests/logos/fail/bc_0912r_escroot_hb_g25_refuse.logos manifest14h:2026-09-12r-escroot:g25:fail_fixture	already_in_tree
73e59231fb55ddbd	2026-09-14h-harvest (staging copies + its own measurement variants)	bc_0912r_escroot_hb_k14_refuse	snapshot:land14h.I1Tr/stage/fail/bc_0912r_escroot_hb_k14_refuse.logos	-						tests/logos/fail/bc_0912r_escroot_hb_k14_refuse.logos manifest14h:2026-09-12r-escroot:k14:fail_fixture	already_in_tree
f6297bb3055f5e9e	2026-09-14h-harvest (staging copies + its own measurement variants)	bc_0912r_escroot_hb_k19_refuse	snapshot:land14h.I1Tr/stage/fail/bc_0912r_escroot_hb_k19_refuse.logos	-						tests/logos/fail/bc_0912r_escroot_hb_k19_refuse.logos manifest14h:2026-09-12r-escroot:k19:fail_fixture	already_in_tree
0192f81e14ca8450	2026-09-14h-harvest (staging copies + its own measurement variants)	bc_0912r_escroot_hb_k20_refuse	snapshot:land14h.I1Tr/stage/fail/bc_0912r_escroot_hb_k20_refuse.logos	-						tests/logos/fail/bc_0912r_escroot_hb_k20_refuse.logos manifest14h:2026-09-12r-escroot:k20:fail_fixture	already_in_tree
05bc65a2b637d58c	2026-09-14h-harvest (staging copies + its own measurement variants)	bc_0912r_escroot_hb_k24_refuse	snapshot:land14h.I1Tr/stage/fail/bc_0912r_escroot_hb_k24_refuse.logos	-						tests/logos/fail/bc_0912r_escroot_hb_k24_refuse.logos manifest14h:2026-09-12r-escroot:k24:fail_fixture	already_in_tree
d52e9a0cd394c1a9	2026-09-14h-harvest (staging copies + its own measurement variants)	bc_0912r_escroot_hb_x1_refuse	snapshot:land14h.I1Tr/stage/fail/bc_0912r_escroot_hb_x1_refuse.logos	-						tests/logos/fail/bc_0912r_escroot_hb_x1_refuse.logos manifest14h:2026-09-12r-escroot:x1:fail_fixture	already_in_tree
ca3b7929fa76b25e	2026-09-14h-harvest (staging copies + its own measurement variants)	bc_0912r_escroot_hb_x2_refuse	snapshot:land14h.I1Tr/stage/fail/bc_0912r_escroot_hb_x2_refuse.logos	-						tests/logos/fail/bc_0912r_escroot_hb_x2_refuse.logos manifest14h:2026-09-12r-escroot:x2:fail_fixture	already_in_tree
1684c7bf8204a2ff	2026-09-14h-harvest (staging copies + its own measurement variants)	bc_0913a_selfregion_hb_e5_refuse	snapshot:land14h.I1Tr/stage/fail/bc_0913a_selfregion_hb_e5_refuse.logos	-						tests/logos/fail/bc_0913a_selfregion_hb_e5_refuse.logos manifest14h:2026-09-13a-selfregion:e5:fail_fixture	already_in_tree
2bac184bf37e07d1	2026-09-14h-harvest (staging copies + its own measurement variants)	bc_0913a_selfregion_hb_e6_refuse	snapshot:land14h.I1Tr/stage/fail/bc_0913a_selfregion_hb_e6_refuse.logos	-						tests/logos/fail/bc_0913a_selfregion_hb_e6_refuse.logos manifest14h:2026-09-13a-selfregion:e6:fail_fixture	already_in_tree
35e9edb4a180ad6d	2026-09-14h-harvest (staging copies + its own measurement variants)	bc_0913a_selfregion_hb_h15_refuse	snapshot:land14h.I1Tr/stage/fail/bc_0913a_selfregion_hb_h15_refuse.logos	-						tests/logos/fail/bc_0913a_selfregion_hb_h15_refuse.logos manifest14h:2026-09-13a-selfregion:h15:fail_fixture	already_in_tree
03322b9425793967	2026-09-14h-harvest (staging copies + its own measurement variants)	bc_0913a_selfregion_hb_h1_refuse	snapshot:land14h.I1Tr/stage/fail/bc_0913a_selfregion_hb_h1_refuse.logos	-						tests/logos/fail/bc_0913a_selfregion_hb_h1_refuse.logos manifest14h:2026-09-13a-selfregion:h1:fail_fixture	already_in_tree
a7f85caa3c933cb6	2026-09-14h-harvest (staging copies + its own measurement variants)	bc_0913a_selfregion_hb_h2_refuse	snapshot:land14h.I1Tr/stage/fail/bc_0913a_selfregion_hb_h2_refuse.logos	-						tests/logos/fail/bc_0913a_selfregion_hb_h2_refuse.logos manifest14h:2026-09-13a-selfregion:h2:fail_fixture	already_in_tree
252d53a995944125	2026-09-14h-harvest (staging copies + its own measurement variants)	bc_0913a_selfregion_hb_i1_refuse	snapshot:land14h.I1Tr/stage/fail/bc_0913a_selfregion_hb_i1_refuse.logos	-						tests/logos/fail/bc_0913a_selfregion_hb_i1_refuse.logos manifest14h:2026-09-13a-selfregion:I1:fail_fixture	already_in_tree
6158d0debf9d5b15	2026-09-14h-harvest (staging copies + its own measurement variants)	bc_0913a_selfregion_hb_i2_refuse	snapshot:land14h.I1Tr/stage/fail/bc_0913a_selfregion_hb_i2_refuse.logos	-						tests/logos/fail/bc_0913a_selfregion_hb_i2_refuse.logos manifest14h:2026-09-13a-selfregion:I2:fail_fixture	already_in_tree
e3ccf3af750791af	2026-09-14h-harvest (staging copies + its own measurement variants)	bc_0913a_selfregion_hb_i3_refuse	snapshot:land14h.I1Tr/stage/fail/bc_0913a_selfregion_hb_i3_refuse.logos	-						tests/logos/fail/bc_0913a_selfregion_hb_i3_refuse.logos manifest14h:2026-09-13a-selfregion:I3:fail_fixture	already_in_tree
90960c952122c48d	2026-09-14h-harvest (staging copies + its own measurement variants)	bc_0913a_selfregion_hb_i5_refuse	snapshot:land14h.I1Tr/stage/fail/bc_0913a_selfregion_hb_i5_refuse.logos	-						tests/logos/fail/bc_0913a_selfregion_hb_i5_refuse.logos manifest14h:2026-09-13a-selfregion:I5:fail_fixture	already_in_tree
bf3799b653b41521	2026-09-14h-harvest (staging copies + its own measurement variants)	bc_0913a_selfregion_hb_r13a2_refuse	snapshot:land14h.I1Tr/stage/fail/bc_0913a_selfregion_hb_r13a2_refuse.logos	-						tests/logos/fail/bc_0913a_selfregion_hb_r13a2_refuse.logos manifest14h:2026-09-13a-selfregion:r13a2:fail_fixture	already_in_tree
89065cc2aaaeb0ef	2026-09-14h-harvest (staging copies + its own measurement variants)	bc_0913a_selfregion_hb_r13b_refuse	snapshot:land14h.I1Tr/stage/fail/bc_0913a_selfregion_hb_r13b_refuse.logos	-						tests/logos/fail/bc_0913a_selfregion_hb_r13b_refuse.logos manifest14h:2026-09-13a-selfregion:r13b:fail_fixture	already_in_tree
f0630ce6d72181ae	2026-09-14h-harvest (staging copies + its own measurement variants)	bc_0913a_selfregion_hb_r13d_refuse	snapshot:land14h.I1Tr/stage/fail/bc_0913a_selfregion_hb_r13d_refuse.logos	-						tests/logos/fail/bc_0913a_selfregion_hb_r13d_refuse.logos manifest14h:2026-09-13a-selfregion:r13d:fail_fixture	already_in_tree
a3c0a3f6972b8c80	2026-09-14h-harvest (staging copies + its own measurement variants)	bc_0913a_selfregion_hb_s12_refuse	snapshot:land14h.I1Tr/stage/fail/bc_0913a_selfregion_hb_s12_refuse.logos	-						tests/logos/fail/bc_0913a_selfregion_hb_s12_refuse.logos manifest14h:2026-09-13a-selfregion:s12:fail_fixture	already_in_tree
678dc7bcdd760fdf	2026-09-14h-harvest (staging copies + its own measurement variants)	bc_0913a_selfregion_hb_s14_refuse	snapshot:land14h.I1Tr/stage/fail/bc_0913a_selfregion_hb_s14_refuse.logos	-						tests/logos/fail/bc_0913a_selfregion_hb_s14_refuse.logos manifest14h:2026-09-13a-selfregion:s14:fail_fixture	already_in_tree
ae2cbc8047f1b0b1	2026-09-14h-harvest (staging copies + its own measurement variants)	bc_0913a_selfregion_hb_s1_refuse	snapshot:land14h.I1Tr/stage/fail/bc_0913a_selfregion_hb_s1_refuse.logos	-						tests/logos/fail/bc_0913a_selfregion_hb_s1_refuse.logos manifest14h:2026-09-13a-selfregion:s1:fail_fixture	already_in_tree
c69b77d180c483db	2026-09-14h-harvest (staging copies + its own measurement variants)	bc_0913a_selfregion_hb_s3_refuse	snapshot:land14h.I1Tr/stage/fail/bc_0913a_selfregion_hb_s3_refuse.logos	-						tests/logos/fail/bc_0913a_selfregion_hb_s3_refuse.logos manifest14h:2026-09-13a-selfregion:s3:fail_fixture	already_in_tree
6483a5fe9e09839d	2026-09-14h-harvest (staging copies + its own measurement variants)	bc_0913a_selfregion_hb_s5_refuse	snapshot:land14h.I1Tr/stage/fail/bc_0913a_selfregion_hb_s5_refuse.logos	-						tests/logos/fail/bc_0913a_selfregion_hb_s5_refuse.logos manifest14h:2026-09-13a-selfregion:s5:fail_fixture	already_in_tree
968c630eadcab7a3	2026-09-14h-harvest (staging copies + its own measurement variants)	bc_0913a_selfregion_hb_t8_refuse	snapshot:land14h.I1Tr/stage/fail/bc_0913a_selfregion_hb_t8_refuse.logos	-						tests/logos/fail/bc_0913a_selfregion_hb_t8_refuse.logos manifest14h:2026-09-13a-selfregion:t8:fail_fixture	already_in_tree
902af62d67effdd3	2026-09-14h-harvest (staging copies + its own measurement variants)	bc_0913b_selfregion_land_hb_b02_refuse	snapshot:land14h.I1Tr/stage/fail/bc_0913b_selfregion_land_hb_b02_refuse.logos	-						tests/logos/fail/bc_0913b_selfregion_land_hb_b02_refuse.logos manifest14h:2026-09-13b-selfregion-land:B02:fail_fixture	already_in_tree
26b72bc79aaed344	2026-09-14h-harvest (staging copies + its own measurement variants)	bc_0913b_selfregion_land_hb_b03_refuse	snapshot:land14h.I1Tr/stage/fail/bc_0913b_selfregion_land_hb_b03_refuse.logos	-						tests/logos/fail/bc_0913b_selfregion_land_hb_b03_refuse.logos manifest14h:2026-09-13b-selfregion-land:B03:fail_fixture	already_in_tree
1a2b730b8f45543b	2026-09-14h-harvest (staging copies + its own measurement variants)	bc_0913b_selfregion_land_hb_b04_refuse	snapshot:land14h.I1Tr/stage/fail/bc_0913b_selfregion_land_hb_b04_refuse.logos	-						tests/logos/fail/bc_0913b_selfregion_land_hb_b04_refuse.logos manifest14h:2026-09-13b-selfregion-land:B04:fail_fixture	already_in_tree
ebea2f9f0e745c6d	2026-09-14h-harvest (staging copies + its own measurement variants)	bc_0913b_selfregion_land_hb_b06_refuse	snapshot:land14h.I1Tr/stage/fail/bc_0913b_selfregion_land_hb_b06_refuse.logos	-						tests/logos/fail/bc_0913b_selfregion_land_hb_b06_refuse.logos manifest14h:2026-09-13b-selfregion-land:B06:fail_fixture	already_in_tree
711e787c91fe974c	2026-09-14h-harvest (staging copies + its own measurement variants)	bc_0913b_selfregion_land_hb_b08_refuse	snapshot:land14h.I1Tr/stage/fail/bc_0913b_selfregion_land_hb_b08_refuse.logos	-						tests/logos/fail/bc_0913b_selfregion_land_hb_b08_refuse.logos manifest14h:2026-09-13b-selfregion-land:B08:fail_fixture	already_in_tree
21614cf5268cf15a	2026-09-14h-harvest (staging copies + its own measurement variants)	bc_0913b_selfregion_land_hb_b09_refuse	snapshot:land14h.I1Tr/stage/fail/bc_0913b_selfregion_land_hb_b09_refuse.logos	-						tests/logos/fail/bc_0913b_selfregion_land_hb_b09_refuse.logos manifest14h:2026-09-13b-selfregion-land:B09:fail_fixture	already_in_tree
fb5435f2cf1bd37c	2026-09-14h-harvest (staging copies + its own measurement variants)	bc_0913b_selfregion_land_hb_b10_refuse	snapshot:land14h.I1Tr/stage/fail/bc_0913b_selfregion_land_hb_b10_refuse.logos	-						tests/logos/fail/bc_0913b_selfregion_land_hb_b10_refuse.logos manifest14h:2026-09-13b-selfregion-land:B10:fail_fixture	already_in_tree
cef854dfc86e4cfe	2026-09-14h-harvest (staging copies + its own measurement variants)	bc_0913b_selfregion_land_hb_b11_refuse	snapshot:land14h.I1Tr/stage/fail/bc_0913b_selfregion_land_hb_b11_refuse.logos	-						tests/logos/fail/bc_0913b_selfregion_land_hb_b11_refuse.logos manifest14h:2026-09-13b-selfregion-land:B11:fail_fixture	already_in_tree
7ae6cd2783a017a8	2026-09-14h-harvest (staging copies + its own measurement variants)	bc_0913b_selfregion_land_hb_b12_refuse	snapshot:land14h.I1Tr/stage/fail/bc_0913b_selfregion_land_hb_b12_refuse.logos	-						tests/logos/fail/bc_0913b_selfregion_land_hb_b12_refuse.logos manifest14h:2026-09-13b-selfregion-land:B12:fail_fixture	already_in_tree
bbc3526023ad10c7	2026-09-14h-harvest (staging copies + its own measurement variants)	bc_0913c_staticdemand_hb_c09_refuse	snapshot:land14h.I1Tr/stage/fail/bc_0913c_staticdemand_hb_c09_refuse.logos	-						tests/logos/fail/bc_0913c_staticdemand_hb_c09_refuse.logos manifest14h:2026-09-13c-staticdemand:c09:fail_fixture	already_in_tree
096e82c79484a1b2	2026-09-14h-harvest (staging copies + its own measurement variants)	bc_0913c_staticdemand_hb_c10_refuse	snapshot:land14h.I1Tr/stage/fail/bc_0913c_staticdemand_hb_c10_refuse.logos	-						tests/logos/fail/bc_0913c_staticdemand_hb_c10_refuse.logos manifest14h:2026-09-13c-staticdemand:c10:fail_fixture	already_in_tree
c94315b0a4c45bf2	2026-09-14h-harvest (staging copies + its own measurement variants)	bc_0913c_staticdemand_hb_c13_refuse	snapshot:land14h.I1Tr/stage/fail/bc_0913c_staticdemand_hb_c13_refuse.logos	-						tests/logos/fail/bc_0913c_staticdemand_hb_c13_refuse.logos manifest14h:2026-09-13c-staticdemand:c13:fail_fixture	already_in_tree
b7aa33ebcea98a77	2026-09-14h-harvest (staging copies + its own measurement variants)	bc_0913c_staticdemand_hb_d26_refuse	snapshot:land14h.I1Tr/stage/fail/bc_0913c_staticdemand_hb_d26_refuse.logos	-						tests/logos/fail/bc_0913c_staticdemand_hb_d26_refuse.logos manifest14h:2026-09-13c-staticdemand:d26:fail_fixture	already_in_tree
b5c24288e108c619	2026-09-14h-harvest (staging copies + its own measurement variants)	bc_0913c_staticdemand_hb_m1i_array_elided_refuse	snapshot:land14h.I1Tr/stage/fail/bc_0913c_staticdemand_hb_m1i_array_elided_refuse.logos	-						tests/logos/fail/bc_0913c_staticdemand_hb_m1i_array_elided_refuse.logos manifest14h:2026-09-13c-staticdemand:m1i_array_elided:fail_fixture,unattributed (mtime window: 2026-09-13c-staticdemand):m1i_array_elided p_m1i_array_elided:unattributed	already_in_tree
c322f11d9f54f6d0	2026-09-14h-harvest (staging copies + its own measurement variants)	bc_0913c_staticdemand_hb_m1i_named_param_refuse	snapshot:land14h.I1Tr/stage/fail/bc_0913c_staticdemand_hb_m1i_named_param_refuse.logos	-						tests/logos/fail/bc_0913c_staticdemand_hb_m1i_named_param_refuse.logos manifest14h:2026-09-13c-staticdemand:m1i_named_param:fail_fixture	already_in_tree
56267172b4780074	2026-09-14h-harvest (staging copies + its own measurement variants)	bc_0913c_staticdemand_hb_m1i_nested_ref_refuse	snapshot:land14h.I1Tr/stage/fail/bc_0913c_staticdemand_hb_m1i_nested_ref_refuse.logos	-						tests/logos/fail/bc_0913c_staticdemand_hb_m1i_nested_ref_refuse.logos manifest14h:2026-09-13c-staticdemand:m1i_nested_ref:fail_fixture	already_in_tree
c9e0dfd4de7628cc	2026-09-14h-harvest (staging copies + its own measurement variants)	bc_0913c_staticdemand_hb_m1i_param_elided_refuse	snapshot:land14h.I1Tr/stage/fail/bc_0913c_staticdemand_hb_m1i_param_elided_refuse.logos	-						tests/logos/fail/bc_0913c_staticdemand_hb_m1i_param_elided_refuse.logos manifest14h:2026-09-13c-staticdemand:m1i_param_elided:fail_fixture	already_in_tree
8748d15360df4a17	2026-09-14h-harvest (staging copies + its own measurement variants)	bc_0913c_staticdemand_hb_m1i_tuple_elided_refuse	snapshot:land14h.I1Tr/stage/fail/bc_0913c_staticdemand_hb_m1i_tuple_elided_refuse.logos	-						tests/logos/fail/bc_0913c_staticdemand_hb_m1i_tuple_elided_refuse.logos manifest14h:2026-09-13c-staticdemand:m1i_tuple_elided:fail_fixture,unattributed (mtime window: 2026-09-13c-staticdemand):m1i_tuple_elided p_m1i_tuple_elided:unattributed	already_in_tree
4e4dd9ed91acde34	2026-09-14h-harvest (staging copies + its own measurement variants)	bc_0913c_staticdemand_hb_m2i_generic_t_where_static_refuse	snapshot:land14h.I1Tr/stage/fail/bc_0913c_staticdemand_hb_m2i_generic_t_where_static_refuse.logos	-						tests/logos/fail/bc_0913c_staticdemand_hb_m2i_generic_t_where_static_refuse.logos manifest14h:2026-09-13c-staticdemand:m2i_generic_T_where_static:fail_fixture	already_in_tree
3436b0c1151d72e8	2026-09-14h-harvest (staging copies + its own measurement variants)	bc_0913c_staticdemand_hb_m2i_method_param_refuse	snapshot:land14h.I1Tr/stage/fail/bc_0913c_staticdemand_hb_m2i_method_param_refuse.logos	-						tests/logos/fail/bc_0913c_staticdemand_hb_m2i_method_param_refuse.logos manifest14h:2026-09-13c-staticdemand:m2i_method_param:fail_fixture	already_in_tree
e6d5c6a7ec5bf4ca	2026-09-14h-harvest (staging copies + its own measurement variants)	bc_0913c_staticdemand_hb_m2i_mut_ref_refuse	snapshot:land14h.I1Tr/stage/fail/bc_0913c_staticdemand_hb_m2i_mut_ref_refuse.logos	-						tests/logos/fail/bc_0913c_staticdemand_hb_m2i_mut_ref_refuse.logos manifest14h:2026-09-13c-staticdemand:m2i_mut_ref:fail_fixture	already_in_tree
d54ac1d7e072e55d	2026-09-14h-harvest (staging copies + its own measurement variants)	bc_0913c_staticdemand_hb_m2i_named_caller_refuse	snapshot:land14h.I1Tr/stage/fail/bc_0913c_staticdemand_hb_m2i_named_caller_refuse.logos	-						tests/logos/fail/bc_0913c_staticdemand_hb_m2i_named_caller_refuse.logos manifest14h:2026-09-13c-staticdemand:m2i_named_caller:fail_fixture	already_in_tree
799c5c3af7082345	2026-09-14h-harvest (staging copies + its own measurement variants)	bc_0913c_staticdemand_hb_m2i_static_method_refuse	snapshot:land14h.I1Tr/stage/fail/bc_0913c_staticdemand_hb_m2i_static_method_refuse.logos	-						tests/logos/fail/bc_0913c_staticdemand_hb_m2i_static_method_refuse.logos manifest14h:2026-09-13c-staticdemand:m2i_static_method:fail_fixture	already_in_tree
c4b191c8ed784902	2026-09-14h-harvest (staging copies + its own measurement variants)	bc_0913c_staticdemand_hb_m2i_struct_arg_refuse	snapshot:land14h.I1Tr/stage/fail/bc_0913c_staticdemand_hb_m2i_struct_arg_refuse.logos	-						tests/logos/fail/bc_0913c_staticdemand_hb_m2i_struct_arg_refuse.logos manifest14h:2026-09-13c-staticdemand:m2i_struct_arg:fail_fixture	already_in_tree
dbb23240c801065b	2026-09-14h-harvest (staging copies + its own measurement variants)	bc_0913d_staticdemand_hb_x01_refuse	snapshot:land14h.I1Tr/stage/fail/bc_0913d_staticdemand_hb_x01_refuse.logos	-						tests/logos/fail/bc_0913d_staticdemand_hb_x01_refuse.logos manifest14h:2026-09-13d-staticdemand:x01:fail_fixture	already_in_tree
00082d06e58c7271	2026-09-14h-harvest (staging copies + its own measurement variants)	bc_0913d_staticdemand_hb_x02_refuse	snapshot:land14h.I1Tr/stage/fail/bc_0913d_staticdemand_hb_x02_refuse.logos	-						tests/logos/fail/bc_0913d_staticdemand_hb_x02_refuse.logos manifest14h:2026-09-13d-staticdemand:x02:fail_fixture	already_in_tree
02c7d9a1394d38db	2026-09-14h-harvest (staging copies + its own measurement variants)	bc_0913d_staticdemand_hb_x03_refuse	snapshot:land14h.I1Tr/stage/fail/bc_0913d_staticdemand_hb_x03_refuse.logos	-						tests/logos/fail/bc_0913d_staticdemand_hb_x03_refuse.logos manifest14h:2026-09-13d-staticdemand:x03:fail_fixture	already_in_tree
6e9ceb2c75d1e7e0	2026-09-14h-harvest (staging copies + its own measurement variants)	bc_0913d_staticdemand_hb_x04_refuse	snapshot:land14h.I1Tr/stage/fail/bc_0913d_staticdemand_hb_x04_refuse.logos	-						tests/logos/fail/bc_0913d_staticdemand_hb_x04_refuse.logos manifest14h:2026-09-13d-staticdemand:x04:fail_fixture	already_in_tree
3d3990ef9deb1875	2026-09-14h-harvest (staging copies + its own measurement variants)	bc_0913d_staticdemand_hb_x05_refuse	snapshot:land14h.I1Tr/stage/fail/bc_0913d_staticdemand_hb_x05_refuse.logos	-						tests/logos/fail/bc_0913d_staticdemand_hb_x05_refuse.logos manifest14h:2026-09-13d-staticdemand:x05:fail_fixture	already_in_tree
8cf099d478c97bae	2026-09-14h-harvest (staging copies + its own measurement variants)	bc_0913d_staticdemand_hb_x06_refuse	snapshot:land14h.I1Tr/stage/fail/bc_0913d_staticdemand_hb_x06_refuse.logos	-						tests/logos/fail/bc_0913d_staticdemand_hb_x06_refuse.logos manifest14h:2026-09-13d-staticdemand:x06:fail_fixture	already_in_tree
100cce2bd9460555	2026-09-14h-harvest (staging copies + its own measurement variants)	bc_0913d_staticdemand_hb_x09_refuse	snapshot:land14h.I1Tr/stage/fail/bc_0913d_staticdemand_hb_x09_refuse.logos	-						tests/logos/fail/bc_0913d_staticdemand_hb_x09_refuse.logos manifest14h:2026-09-13d-staticdemand:x09:fail_fixture	already_in_tree
218e37a13244efaf	2026-09-14h-harvest (staging copies + its own measurement variants)	bc_0913d_staticdemand_hb_y01b_refuse	snapshot:land14h.I1Tr/stage/fail/bc_0913d_staticdemand_hb_y01b_refuse.logos	-						tests/logos/fail/bc_0913d_staticdemand_hb_y01b_refuse.logos manifest14h:2026-09-13d-staticdemand:y01b:fail_fixture	already_in_tree
e6aa008de0788057	2026-09-14h-harvest (staging copies + its own measurement variants)	bc_0913d_staticdemand_hb_y04_refuse	snapshot:land14h.I1Tr/stage/fail/bc_0913d_staticdemand_hb_y04_refuse.logos	-						tests/logos/fail/bc_0913d_staticdemand_hb_y04_refuse.logos manifest14h:2026-09-13d-staticdemand:y04:fail_fixture	already_in_tree
9adc49394f913942	2026-09-14h-harvest (staging copies + its own measurement variants)	bc_0913d_staticdemand_hb_y05_refuse	snapshot:land14h.I1Tr/stage/fail/bc_0913d_staticdemand_hb_y05_refuse.logos	-						tests/logos/fail/bc_0913d_staticdemand_hb_y05_refuse.logos manifest14h:2026-09-13d-staticdemand:y05:fail_fixture	already_in_tree
6654ccfc1328e18a	2026-09-14h-harvest (staging copies + its own measurement variants)	bc_0913d_staticdemand_hb_y06_refuse	snapshot:land14h.I1Tr/stage/fail/bc_0913d_staticdemand_hb_y06_refuse.logos	-						tests/logos/fail/bc_0913d_staticdemand_hb_y06_refuse.logos manifest14h:2026-09-13d-staticdemand:y06:fail_fixture	already_in_tree
fca4563763109649	2026-09-14h-harvest (staging copies + its own measurement variants)	bc_0913d_staticdemand_hb_z02_refuse	snapshot:land14h.I1Tr/stage/fail/bc_0913d_staticdemand_hb_z02_refuse.logos	-						tests/logos/fail/bc_0913d_staticdemand_hb_z02_refuse.logos manifest14h:2026-09-13d-staticdemand:z02:fail_fixture	already_in_tree
51c5c3cc675901ae	2026-09-14h-harvest (staging copies + its own measurement variants)	bc_0913d_staticdemand_hb_z03_refuse	snapshot:land14h.I1Tr/stage/fail/bc_0913d_staticdemand_hb_z03_refuse.logos	-						tests/logos/fail/bc_0913d_staticdemand_hb_z03_refuse.logos manifest14h:2026-09-13d-staticdemand:z03:fail_fixture	already_in_tree
9c9cd3d35616ee71	2026-09-14h-harvest (staging copies + its own measurement variants)	bc_0913d_staticdemand_hb_z04_refuse	snapshot:land14h.I1Tr/stage/fail/bc_0913d_staticdemand_hb_z04_refuse.logos	-						tests/logos/fail/bc_0913d_staticdemand_hb_z04_refuse.logos manifest14h:2026-09-13d-staticdemand:z04:fail_fixture	already_in_tree
ab07c0e7e073a4e5	2026-09-14h-harvest (staging copies + its own measurement variants)	bc_0913d_staticdemand_hb_z05_refuse	snapshot:land14h.I1Tr/stage/fail/bc_0913d_staticdemand_hb_z05_refuse.logos	-						tests/logos/fail/bc_0913d_staticdemand_hb_z05_refuse.logos manifest14h:2026-09-13d-staticdemand:z05:fail_fixture	already_in_tree
eccfcea91266fcea	2026-09-14h-harvest (staging copies + its own measurement variants)	bc_0913e_declarrival_hb_i_w11_refuse	snapshot:land14h.I1Tr/stage/fail/bc_0913e_declarrival_hb_i_w11_refuse.logos	-						tests/logos/fail/bc_0913e_declarrival_hb_i_w11_refuse.logos manifest14h:2026-09-13e-declarrival:I_w11:fail_fixture,unattributed (mtime window: 2026-09-13e-declarrival):I_w11_trait_default_where_undecl:unattributed	already_in_tree
87c5c0e19ae947d8	2026-09-14h-harvest (staging copies + its own measurement variants)	bc_0913e_declarrival_hb_r17_e_refuse	snapshot:land14h.I1Tr/stage/fail/bc_0913e_declarrival_hb_r17_e_refuse.logos	-						tests/logos/fail/bc_0913e_declarrival_hb_r17_e_refuse.logos manifest14h:2026-09-13e-declarrival:r17_e:fail_fixture,unattributed (mtime window: 2026-09-13e-declarrival):r17_e_where_undeclared_impl_method:unattributed	already_in_tree
637c5a95b69ea804	2026-09-14h-harvest (staging copies + its own measurement variants)	bc_0913e_declarrival_hb_wh5_refuse	snapshot:land14h.I1Tr/stage/fail/bc_0913e_declarrival_hb_wh5_refuse.logos	-						tests/logos/fail/bc_0913e_declarrival_hb_wh5_refuse.logos manifest14h:2026-09-13e-declarrival:wh5:fail_fixture	already_in_tree
62f7bfe82460550e	2026-09-14h-harvest (staging copies + its own measurement variants)	bc_0913e_declarrival_hb_wh8_refuse	snapshot:land14h.I1Tr/stage/fail/bc_0913e_declarrival_hb_wh8_refuse.logos	-						tests/logos/fail/bc_0913e_declarrival_hb_wh8_refuse.logos manifest14h:2026-09-13e-declarrival:wh8:fail_fixture	already_in_tree
8d87d99a51f63b2e	2026-09-14h-harvest (staging copies + its own measurement variants)	bc_0913f_declarrivalland_hb_x_c02_refuse	snapshot:land14h.I1Tr/stage/fail/bc_0913f_declarrivalland_hb_x_c02_refuse.logos	-						tests/logos/fail/bc_0913f_declarrivalland_hb_x_c02_refuse.logos manifest14h:2026-09-13f-declarrivalland:X_c02:fail_fixture,unattributed (mtime window: 2026-09-13f-declarrivalland):X_c02_struct_lit_turbofish_on_lifetime_free_struct:unattributed	already_in_tree
95504215b0ab4e14	2026-09-14h-harvest (staging copies + its own measurement variants)	bc_0913f_declarrivalland_hb_x_c03_refuse	snapshot:land14h.I1Tr/stage/fail/bc_0913f_declarrivalland_hb_x_c03_refuse.logos	-						tests/logos/fail/bc_0913f_declarrivalland_hb_x_c03_refuse.logos manifest14h:2026-09-13f-declarrivalland:X_c03:fail_fixture,unattributed (mtime window: 2026-09-13f-declarrivalland):X_c03_unit_variant_turbofish_on_lifetime_free_enum:unattributed	already_in_tree
9c2e48641dbbe85f	2026-09-14h-harvest (staging copies + its own measurement variants)	bc_0913f_declarrivalland_hb_x_c05_refuse	snapshot:land14h.I1Tr/stage/fail/bc_0913f_declarrivalland_hb_x_c05_refuse.logos	-						tests/logos/fail/bc_0913f_declarrivalland_hb_x_c05_refuse.logos manifest14h:2026-09-13f-declarrivalland:X_c05:fail_fixture,unattributed (mtime window: 2026-09-13f-declarrivalland):X_c05_ctor_turbofish_too_few_in_impl:unattributed	already_in_tree
7de7374c9cc4f4ea	2026-09-14h-harvest (staging copies + its own measurement variants)	bc_0913f_declarrivalland_hb_x_k02_refuse	snapshot:land14h.I1Tr/stage/fail/bc_0913f_declarrivalland_hb_x_k02_refuse.logos	-						tests/logos/fail/bc_0913f_declarrivalland_hb_x_k02_refuse.logos manifest14h:2026-09-13f-declarrivalland:X_k02:fail_fixture,unattributed (mtime window: 2026-09-13f-declarrivalland):X_k02_const_array_region_c:unattributed	already_in_tree
f13d09e911c4b18a	2026-09-14h-harvest (staging copies + its own measurement variants)	bc_0913f_declarrivalland_hb_x_k04_refuse	snapshot:land14h.I1Tr/stage/fail/bc_0913f_declarrivalland_hb_x_k04_refuse.logos	-						tests/logos/fail/bc_0913f_declarrivalland_hb_x_k04_refuse.logos manifest14h:2026-09-13f-declarrivalland:X_k04:fail_fixture,unattributed (mtime window: 2026-09-13f-declarrivalland):X_k04_method_ret_slice_region_c:unattributed	already_in_tree
d0b0f6fb20dd51b5	2026-09-14h-harvest (staging copies + its own measurement variants)	bc_0913f_declarrivalland_hb_x_k05_refuse	snapshot:land14h.I1Tr/stage/fail/bc_0913f_declarrivalland_hb_x_k05_refuse.logos	-						tests/logos/fail/bc_0913f_declarrivalland_hb_x_k05_refuse.logos manifest14h:2026-09-13f-declarrivalland:X_k05:fail_fixture,unattributed (mtime window: 2026-09-13f-declarrivalland):X_k05_const_static_trait_elided_impl_named:unattributed	already_in_tree
c120f1c8e18eab6c	2026-09-14h-harvest (staging copies + its own measurement variants)	bc_0913f_declarrivalland_hb_x_k06_refuse	snapshot:land14h.I1Tr/stage/fail/bc_0913f_declarrivalland_hb_x_k06_refuse.logos	-						tests/logos/fail/bc_0913f_declarrivalland_hb_x_k06_refuse.logos manifest14h:2026-09-13f-declarrivalland:X_k06:fail_fixture,unattributed (mtime window: 2026-09-13f-declarrivalland):X_k06_const_option_static_trait_named_impl:unattributed	already_in_tree
c5b1ea27fbe711be	2026-09-14h-harvest (staging copies + its own measurement variants)	bc_0913f_declarrivalland_hb_x_w01_refuse	snapshot:land14h.I1Tr/stage/fail/bc_0913f_declarrivalland_hb_x_w01_refuse.logos	-						tests/logos/fail/bc_0913f_declarrivalland_hb_x_w01_refuse.logos manifest14h:2026-09-13f-declarrivalland:X_w01:fail_fixture,unattributed (mtime window: 2026-09-13f-declarrivalland):X_w01_trait_impl_noparams_header_where_undecl:unattributed	already_in_tree
d6e0e9311f224f0f	2026-09-14h-harvest (staging copies + its own measurement variants)	bc_0913f_declarrivalland_hb_x_w02_refuse	snapshot:land14h.I1Tr/stage/fail/bc_0913f_declarrivalland_hb_x_w02_refuse.logos	-						tests/logos/fail/bc_0913f_declarrivalland_hb_x_w02_refuse.logos manifest14h:2026-09-13f-declarrivalland:X_w02:fail_fixture,unattributed (mtime window: 2026-09-13f-declarrivalland):X_w02_inherent_noparams_header_where_undecl:unattributed	already_in_tree
41714ff4a86b6ca3	2026-09-14h-harvest (staging copies + its own measurement variants)	bc_0913f_declarrivalland_hb_x_w03_refuse	snapshot:land14h.I1Tr/stage/fail/bc_0913f_declarrivalland_hb_x_w03_refuse.logos	-						tests/logos/fail/bc_0913f_declarrivalland_hb_x_w03_refuse.logos manifest14h:2026-09-13f-declarrivalland:X_w03:fail_fixture,unattributed (mtime window: 2026-09-13f-declarrivalland):X_w03_assoc_fn_noself_where_undecl:unattributed	already_in_tree
fc0da4321c6231ae	2026-09-14h-harvest (staging copies + its own measurement variants)	bc_0913f_declarrivalland_hb_x_w04_refuse	snapshot:land14h.I1Tr/stage/fail/bc_0913f_declarrivalland_hb_x_w04_refuse.logos	-						tests/logos/fail/bc_0913f_declarrivalland_hb_x_w04_refuse.logos manifest14h:2026-09-13f-declarrivalland:X_w04:fail_fixture,unattributed (mtime window: 2026-09-13f-declarrivalland):X_w04_trait_impl_method_own_param_where_undecl:unattributed	already_in_tree
fbd787f0fea8a9be	2026-09-14h-harvest (staging copies + its own measurement variants)	bc_0913f_declarrivalland_hb_x_w06_refuse	snapshot:land14h.I1Tr/stage/fail/bc_0913f_declarrivalland_hb_x_w06_refuse.logos	-						tests/logos/fail/bc_0913f_declarrivalland_hb_x_w06_refuse.logos manifest14h:2026-09-13f-declarrivalland:X_w06:fail_fixture,unattributed (mtime window: 2026-09-13f-declarrivalland):X_w06_trait_method_decl_own_param_where_undecl:unattributed	already_in_tree
95c43291db6d277a	2026-09-14h-harvest (staging copies + its own measurement variants)	bc_0913f_declarrivalland_hb_x_w07_refuse	snapshot:land14h.I1Tr/stage/fail/bc_0913f_declarrivalland_hb_x_w07_refuse.logos	-						tests/logos/fail/bc_0913f_declarrivalland_hb_x_w07_refuse.logos manifest14h:2026-09-13f-declarrivalland:X_w07:fail_fixture,unattributed (mtime window: 2026-09-13f-declarrivalland):X_w07_struct_noparams_where_undecl:unattributed	already_in_tree
ef771c7500ddc47c	2026-09-14h-harvest (staging copies + its own measurement variants)	bc_0913f_declarrivalland_hb_x_w10_refuse	snapshot:land14h.I1Tr/stage/fail/bc_0913f_declarrivalland_hb_x_w10_refuse.logos	-						tests/logos/fail/bc_0913f_declarrivalland_hb_x_w10_refuse.logos manifest14h:2026-09-13f-declarrivalland:X_w10:fail_fixture,unattributed (mtime window: 2026-09-13f-declarrivalland):X_w10_trait_default_where_undecl_with_impl:unattributed	already_in_tree
78377f6ff4063949	2026-09-14h-harvest (staging copies + its own measurement variants)	bc_0913f_declarrivalland_hb_x_w11_refuse	snapshot:land14h.I1Tr/stage/fail/bc_0913f_declarrivalland_hb_x_w11_refuse.logos	-						tests/logos/fail/bc_0913f_declarrivalland_hb_x_w11_refuse.logos manifest14h:2026-09-13f-declarrivalland:X_w11:fail_fixture,unattributed (mtime window: 2026-09-13f-declarrivalland):X_w11_generic_trait_impl_header_where_undecl:unattributed	already_in_tree
cef227997ee58446	2026-09-14h-harvest (staging copies + its own measurement variants)	bc_0913f_declarrivalland_hb_x_w12_refuse	snapshot:land14h.I1Tr/stage/fail/bc_0913f_declarrivalland_hb_x_w12_refuse.logos	-						tests/logos/fail/bc_0913f_declarrivalland_hb_x_w12_refuse.logos manifest14h:2026-09-13f-declarrivalland:X_w12:fail_fixture,unattributed (mtime window: 2026-09-13f-declarrivalland):X_w12_free_fn_where_self:unattributed	already_in_tree
d8631a26d68d3e99	2026-09-14h-harvest (staging copies + its own measurement variants)	bc_0914a_ptrcoerce_hb_d03_refuse	snapshot:land14h.I1Tr/stage/fail/bc_0914a_ptrcoerce_hb_d03_refuse.logos	-						tests/logos/fail/bc_0914a_ptrcoerce_hb_d03_refuse.logos manifest14h:2026-09-14a-ptrcoerce:D03:fail_fixture	already_in_tree
ceef3ddf4a9c255c	2026-09-14h-harvest (staging copies + its own measurement variants)	bc_0914a_ptrcoerce_hb_i01_refuse	snapshot:land14h.I1Tr/stage/fail/bc_0914a_ptrcoerce_hb_i01_refuse.logos	-						tests/logos/fail/bc_0914a_ptrcoerce_hb_i01_refuse.logos manifest14h:2026-09-14a-ptrcoerce:I01:fail_fixture	already_in_tree
b7d4896b8b2eaca4	2026-09-14h-harvest (staging copies + its own measurement variants)	bc_0914a_ptrcoerce_hb_i05_refuse	snapshot:land14h.I1Tr/stage/fail/bc_0914a_ptrcoerce_hb_i05_refuse.logos	-						tests/logos/fail/bc_0914a_ptrcoerce_hb_i05_refuse.logos manifest14h:2026-09-14a-ptrcoerce:I05:fail_fixture	already_in_tree
8824756f5a6b65af	2026-09-14h-harvest (staging copies + its own measurement variants)	bc_0914a_ptrcoerce_hb_i08_refuse	snapshot:land14h.I1Tr/stage/fail/bc_0914a_ptrcoerce_hb_i08_refuse.logos	-						tests/logos/fail/bc_0914a_ptrcoerce_hb_i08_refuse.logos manifest14h:2026-09-14a-ptrcoerce:I08:fail_fixture	already_in_tree
5ac5de2503cb4456	2026-09-14h-harvest (staging copies + its own measurement variants)	bc_0914a_ptrcoerce_hb_j04_refuse	snapshot:land14h.I1Tr/stage/fail/bc_0914a_ptrcoerce_hb_j04_refuse.logos	-						tests/logos/fail/bc_0914a_ptrcoerce_hb_j04_refuse.logos manifest14h:2026-09-14a-ptrcoerce:J04:fail_fixture	already_in_tree
8508ef5b50115d3d	2026-09-14h-harvest (staging copies + its own measurement variants)	bc_0914a_ptrcoerce_hb_j06_refuse	snapshot:land14h.I1Tr/stage/fail/bc_0914a_ptrcoerce_hb_j06_refuse.logos	-						tests/logos/fail/bc_0914a_ptrcoerce_hb_j06_refuse.logos manifest14h:2026-09-14a-ptrcoerce:J06:fail_fixture	already_in_tree
9b2c4e62129d1ab6	2026-09-14h-harvest (staging copies + its own measurement variants)	bc_0914a_ptrcoerce_hb_j08_refuse	snapshot:land14h.I1Tr/stage/fail/bc_0914a_ptrcoerce_hb_j08_refuse.logos	-						tests/logos/fail/bc_0914a_ptrcoerce_hb_j08_refuse.logos manifest14h:2026-09-14a-ptrcoerce:J08:fail_fixture	already_in_tree
9ad82b32c9c45e89	2026-09-14h-harvest (staging copies + its own measurement variants)	bc_0914a_ptrcoerce_hb_j09_refuse	snapshot:land14h.I1Tr/stage/fail/bc_0914a_ptrcoerce_hb_j09_refuse.logos	-						tests/logos/fail/bc_0914a_ptrcoerce_hb_j09_refuse.logos manifest14h:2026-09-14a-ptrcoerce:J09:fail_fixture	already_in_tree
c7226b338b4d0a2a	2026-09-14h-harvest (staging copies + its own measurement variants)	bc_0914b_ptrcoerceland_hb_v02a_refuse	snapshot:land14h.I1Tr/stage/fail/bc_0914b_ptrcoerceland_hb_v02a_refuse.logos	-						tests/logos/fail/bc_0914b_ptrcoerceland_hb_v02a_refuse.logos manifest14h:2026-09-14b-ptrcoerceland:V02A:fail_fixture	already_in_tree
3987150a2968ff77	2026-09-14h-harvest (staging copies + its own measurement variants)	bc_0914b_ptrcoerceland_hb_v23_refuse	snapshot:land14h.I1Tr/stage/fail/bc_0914b_ptrcoerceland_hb_v23_refuse.logos	-						tests/logos/fail/bc_0914b_ptrcoerceland_hb_v23_refuse.logos manifest14h:2026-09-14b-ptrcoerceland:V23:fail_fixture	already_in_tree
23dc27c273ff08bb	2026-09-14h-harvest (staging copies + its own measurement variants)	bc_0914b_ptrcoerceland_hb_x01_refuse	snapshot:land14h.I1Tr/stage/fail/bc_0914b_ptrcoerceland_hb_x01_refuse.logos	-						tests/logos/fail/bc_0914b_ptrcoerceland_hb_x01_refuse.logos manifest14h:2026-09-14b-ptrcoerceland:X01:fail_fixture	already_in_tree
3d5fb6ace6f67330	2026-09-14h-harvest (staging copies + its own measurement variants)	bc_0914b_ptrcoerceland_hb_x05_refuse	snapshot:land14h.I1Tr/stage/fail/bc_0914b_ptrcoerceland_hb_x05_refuse.logos	-						tests/logos/fail/bc_0914b_ptrcoerceland_hb_x05_refuse.logos manifest14h:2026-09-14b-ptrcoerceland:X05:fail_fixture	already_in_tree
0166012e9ca41804	2026-09-14h-harvest (staging copies + its own measurement variants)	bc_0914b_ptrcoerceland_hb_x06_refuse	snapshot:land14h.I1Tr/stage/fail/bc_0914b_ptrcoerceland_hb_x06_refuse.logos	-						tests/logos/fail/bc_0914b_ptrcoerceland_hb_x06_refuse.logos manifest14h:2026-09-14b-ptrcoerceland:X06:fail_fixture	already_in_tree
140fd121ccf5a269	2026-09-14h-harvest (staging copies + its own measurement variants)	bc_0914b_ptrcoerceland_hb_y01_refuse	snapshot:land14h.I1Tr/stage/fail/bc_0914b_ptrcoerceland_hb_y01_refuse.logos	-						tests/logos/fail/bc_0914b_ptrcoerceland_hb_y01_refuse.logos manifest14h:2026-09-14b-ptrcoerceland:Y01:fail_fixture	already_in_tree
7d28a4a8802e6d92	2026-09-14h-harvest (staging copies + its own measurement variants)	bc_0914b_ptrcoerceland_hb_y03_refuse	snapshot:land14h.I1Tr/stage/fail/bc_0914b_ptrcoerceland_hb_y03_refuse.logos	-						tests/logos/fail/bc_0914b_ptrcoerceland_hb_y03_refuse.logos manifest14h:2026-09-14b-ptrcoerceland:Y03:fail_fixture	already_in_tree
ed64f65f75dd150b	2026-09-14h-harvest (staging copies + its own measurement variants)	bc_0914b_ptrcoerceland_hb_y06_refuse	snapshot:land14h.I1Tr/stage/fail/bc_0914b_ptrcoerceland_hb_y06_refuse.logos	-						tests/logos/fail/bc_0914b_ptrcoerceland_hb_y06_refuse.logos manifest14h:2026-09-14b-ptrcoerceland:Y06:fail_fixture	already_in_tree
fde9dc79cc1d864d	2026-09-14h-harvest (staging copies + its own measurement variants)	bc_0914b_ptrcoerceland_hb_y07_refuse	snapshot:land14h.I1Tr/stage/fail/bc_0914b_ptrcoerceland_hb_y07_refuse.logos	-						tests/logos/fail/bc_0914b_ptrcoerceland_hb_y07_refuse.logos manifest14h:2026-09-14b-ptrcoerceland:Y07:fail_fixture	already_in_tree
22f26661cc816019	2026-09-14h-harvest (staging copies + its own measurement variants)	bc_0914b_ptrcoerceland_hb_y08_refuse	snapshot:land14h.I1Tr/stage/fail/bc_0914b_ptrcoerceland_hb_y08_refuse.logos	-						tests/logos/fail/bc_0914b_ptrcoerceland_hb_y08_refuse.logos manifest14h:2026-09-14b-ptrcoerceland:Y08:fail_fixture	already_in_tree
1cbcb6cb39d626a1	2026-09-14h-harvest (staging copies + its own measurement variants)	bc_0914c_meetobl_hb_j01_refuse	snapshot:land14h.I1Tr/stage/fail/bc_0914c_meetobl_hb_j01_refuse.logos	-						tests/logos/fail/bc_0914c_meetobl_hb_j01_refuse.logos manifest14h:2026-09-14c-meetobl:J01:fail_fixture	already_in_tree
8ba01463f45ef693	2026-09-14h-harvest (staging copies + its own measurement variants)	bc_0914c_meetobl_hb_j03_refuse	snapshot:land14h.I1Tr/stage/fail/bc_0914c_meetobl_hb_j03_refuse.logos	-						tests/logos/fail/bc_0914c_meetobl_hb_j03_refuse.logos manifest14h:2026-09-14c-meetobl:J03:fail_fixture	already_in_tree
5d2c568ca443527c	2026-09-14h-harvest (staging copies + its own measurement variants)	bc_0914c_meetobl_hb_v5_refuse	snapshot:land14h.I1Tr/stage/fail/bc_0914c_meetobl_hb_v5_refuse.logos	-						tests/logos/fail/bc_0914c_meetobl_hb_v5_refuse.logos manifest14h:2026-09-14c-meetobl:v5:fail_fixture	already_in_tree
9bb250b631eaf7bb	2026-09-14h-harvest (staging copies + its own measurement variants)	bc_0914c_meetobl_hb_x01_refuse	snapshot:land14h.I1Tr/stage/fail/bc_0914c_meetobl_hb_x01_refuse.logos	-						tests/logos/fail/bc_0914c_meetobl_hb_x01_refuse.logos manifest14h:2026-09-14c-meetobl:X01:fail_fixture	already_in_tree
d142633a9371d272	2026-09-14h-harvest (staging copies + its own measurement variants)	bc_0914c_meetobl_hb_x02_refuse	snapshot:land14h.I1Tr/stage/fail/bc_0914c_meetobl_hb_x02_refuse.logos	-						tests/logos/fail/bc_0914c_meetobl_hb_x02_refuse.logos manifest14h:2026-09-14c-meetobl:X02:fail_fixture	already_in_tree
46b6b24b51965f31	2026-09-14h-harvest (staging copies + its own measurement variants)	bc_0914c_meetobl_hb_x03_refuse	snapshot:land14h.I1Tr/stage/fail/bc_0914c_meetobl_hb_x03_refuse.logos	-						tests/logos/fail/bc_0914c_meetobl_hb_x03_refuse.logos manifest14h:2026-09-14c-meetobl:X03:fail_fixture	already_in_tree
27337e817f6f642d	2026-09-14h-harvest (staging copies + its own measurement variants)	bc_0914c_meetobl_hb_x04_refuse	snapshot:land14h.I1Tr/stage/fail/bc_0914c_meetobl_hb_x04_refuse.logos	-						tests/logos/fail/bc_0914c_meetobl_hb_x04_refuse.logos manifest14h:2026-09-14c-meetobl:X04:fail_fixture	already_in_tree
6e68d593e561fa95	2026-09-14h-harvest (staging copies + its own measurement variants)	bc_0914c_meetobl_hb_x05_refuse	snapshot:land14h.I1Tr/stage/fail/bc_0914c_meetobl_hb_x05_refuse.logos	-						tests/logos/fail/bc_0914c_meetobl_hb_x05_refuse.logos manifest14h:2026-09-14c-meetobl:X05:fail_fixture	already_in_tree
50c73e4ae80b6f81	2026-09-14h-harvest (staging copies + its own measurement variants)	bc_0914c_meetobl_hb_x07_refuse	snapshot:land14h.I1Tr/stage/fail/bc_0914c_meetobl_hb_x07_refuse.logos	-						tests/logos/fail/bc_0914c_meetobl_hb_x07_refuse.logos manifest14h:2026-09-14c-meetobl:X07:fail_fixture	already_in_tree
6051aed9b498bfe4	2026-09-14h-harvest (staging copies + its own measurement variants)	bc_0914c_meetobl_hb_x08_refuse	snapshot:land14h.I1Tr/stage/fail/bc_0914c_meetobl_hb_x08_refuse.logos	-						tests/logos/fail/bc_0914c_meetobl_hb_x08_refuse.logos manifest14h:2026-09-14c-meetobl:X08:fail_fixture	already_in_tree
0e9ce0cb7aa27ad8	2026-09-14h-harvest (staging copies + its own measurement variants)	bc_0914c_meetobl_hb_x09_refuse	snapshot:land14h.I1Tr/stage/fail/bc_0914c_meetobl_hb_x09_refuse.logos	-						tests/logos/fail/bc_0914c_meetobl_hb_x09_refuse.logos manifest14h:2026-09-14c-meetobl:X09:fail_fixture	already_in_tree
03482fe2d9ca06eb	2026-09-14h-harvest (staging copies + its own measurement variants)	bc_0914c_meetobl_hb_x10_refuse	snapshot:land14h.I1Tr/stage/fail/bc_0914c_meetobl_hb_x10_refuse.logos	-						tests/logos/fail/bc_0914c_meetobl_hb_x10_refuse.logos manifest14h:2026-09-14c-meetobl:X10:fail_fixture	already_in_tree
bf8b86672ccea842	2026-09-14h-harvest (staging copies + its own measurement variants)	bc_0914c_meetobl_hb_x11_refuse	snapshot:land14h.I1Tr/stage/fail/bc_0914c_meetobl_hb_x11_refuse.logos	-						tests/logos/fail/bc_0914c_meetobl_hb_x11_refuse.logos manifest14h:2026-09-14c-meetobl:X11:fail_fixture	already_in_tree
fd04f248329e6fa2	2026-09-14h-harvest (staging copies + its own measurement variants)	bc_0914c_meetobl_hb_x12_refuse	snapshot:land14h.I1Tr/stage/fail/bc_0914c_meetobl_hb_x12_refuse.logos	-						tests/logos/fail/bc_0914c_meetobl_hb_x12_refuse.logos manifest14h:2026-09-14c-meetobl:X12:fail_fixture	already_in_tree
02772c183111c820	2026-09-14h-harvest (staging copies + its own measurement variants)	bc_0914c_meetobl_hb_x13_refuse	snapshot:land14h.I1Tr/stage/fail/bc_0914c_meetobl_hb_x13_refuse.logos	-						tests/logos/fail/bc_0914c_meetobl_hb_x13_refuse.logos manifest14h:2026-09-14c-meetobl:X13:fail_fixture	already_in_tree
61e0ed62a0d1911f	2026-09-14h-harvest (staging copies + its own measurement variants)	bc_0914c_meetobl_hb_x14_refuse	snapshot:land14h.I1Tr/stage/fail/bc_0914c_meetobl_hb_x14_refuse.logos	-						tests/logos/fail/bc_0914c_meetobl_hb_x14_refuse.logos manifest14h:2026-09-14c-meetobl:X14:fail_fixture	already_in_tree
d2f485f51b53851d	2026-09-14h-harvest (staging copies + its own measurement variants)	bc_0914c_meetobl_hb_x15_refuse	snapshot:land14h.I1Tr/stage/fail/bc_0914c_meetobl_hb_x15_refuse.logos	-						tests/logos/fail/bc_0914c_meetobl_hb_x15_refuse.logos manifest14h:2026-09-14c-meetobl:X15:fail_fixture	already_in_tree
c854621e23bbef7d	2026-09-14h-harvest (staging copies + its own measurement variants)	bc_0914c_meetobl_hb_x16_refuse	snapshot:land14h.I1Tr/stage/fail/bc_0914c_meetobl_hb_x16_refuse.logos	-						tests/logos/fail/bc_0914c_meetobl_hb_x16_refuse.logos manifest14h:2026-09-14c-meetobl:X16:fail_fixture	already_in_tree
52f8ba0a97bd74ef	2026-09-14h-harvest (staging copies + its own measurement variants)	bc_0914c_meetobl_hb_x17_refuse	snapshot:land14h.I1Tr/stage/fail/bc_0914c_meetobl_hb_x17_refuse.logos	-						tests/logos/fail/bc_0914c_meetobl_hb_x17_refuse.logos manifest14h:2026-09-14c-meetobl:X17:fail_fixture	already_in_tree
3c9318c653e73b10	2026-09-14h-harvest (staging copies + its own measurement variants)	bc_0914c_meetobl_hb_x18_refuse	snapshot:land14h.I1Tr/stage/fail/bc_0914c_meetobl_hb_x18_refuse.logos	-						tests/logos/fail/bc_0914c_meetobl_hb_x18_refuse.logos manifest14h:2026-09-14c-meetobl:X18:fail_fixture	already_in_tree
2f141f493be206f3	2026-09-14h-harvest (staging copies + its own measurement variants)	bc_0914c_meetobl_hb_x19_refuse	snapshot:land14h.I1Tr/stage/fail/bc_0914c_meetobl_hb_x19_refuse.logos	-						tests/logos/fail/bc_0914c_meetobl_hb_x19_refuse.logos manifest14h:2026-09-14c-meetobl:X19:fail_fixture	already_in_tree
7779c5079fb3d4c0	2026-09-14h-harvest (staging copies + its own measurement variants)	bc_0914c_meetobl_hb_x50_refuse	snapshot:land14h.I1Tr/stage/fail/bc_0914c_meetobl_hb_x50_refuse.logos	-						tests/logos/fail/bc_0914c_meetobl_hb_x50_refuse.logos manifest14h:2026-09-14c-meetobl:X50:fail_fixture	already_in_tree
1798380bd1ee01af	2026-09-14h-harvest (staging copies + its own measurement variants)	bc_0914c_meetobl_hb_x51_refuse	snapshot:land14h.I1Tr/stage/fail/bc_0914c_meetobl_hb_x51_refuse.logos	-						tests/logos/fail/bc_0914c_meetobl_hb_x51_refuse.logos manifest14h:2026-09-14c-meetobl:X51:fail_fixture	already_in_tree
51cae72df436d6d4	2026-09-14h-harvest (staging copies + its own measurement variants)	bc_0914c_meetobl_hb_x53_refuse	snapshot:land14h.I1Tr/stage/fail/bc_0914c_meetobl_hb_x53_refuse.logos	-						tests/logos/fail/bc_0914c_meetobl_hb_x53_refuse.logos manifest14h:2026-09-14c-meetobl:X53:fail_fixture	already_in_tree
ad8457c9d7ad5e7b	2026-09-14h-harvest (staging copies + its own measurement variants)	bc_0914c_meetobl_hb_x54_refuse	snapshot:land14h.I1Tr/stage/fail/bc_0914c_meetobl_hb_x54_refuse.logos	-						tests/logos/fail/bc_0914c_meetobl_hb_x54_refuse.logos manifest14h:2026-09-14c-meetobl:X54:fail_fixture	already_in_tree
e99f0e4a0a7387b6	2026-09-14h-harvest (staging copies + its own measurement variants)	bc_0914c_meetobl_hb_x55_refuse	snapshot:land14h.I1Tr/stage/fail/bc_0914c_meetobl_hb_x55_refuse.logos	-						tests/logos/fail/bc_0914c_meetobl_hb_x55_refuse.logos manifest14h:2026-09-14c-meetobl:X55:fail_fixture	already_in_tree
6b6a4cc90efdb115	2026-09-14h-harvest (staging copies + its own measurement variants)	bc_0914d_meetoblland_hb_x106_refuse	snapshot:land14h.I1Tr/stage/fail/bc_0914d_meetoblland_hb_x106_refuse.logos	-						tests/logos/fail/bc_0914d_meetoblland_hb_x106_refuse.logos manifest14h:2026-09-14d-meetoblland:X106:fail_fixture	already_in_tree
ad12f42842c6304f	2026-09-14h-harvest (staging copies + its own measurement variants)	bc_0914d_meetoblland_hb_x112_refuse	snapshot:land14h.I1Tr/stage/fail/bc_0914d_meetoblland_hb_x112_refuse.logos	-						tests/logos/fail/bc_0914d_meetoblland_hb_x112_refuse.logos manifest14h:2026-09-14d-meetoblland:X112:fail_fixture	already_in_tree
d83c1bc42ad21e69	2026-09-14h-harvest (staging copies + its own measurement variants)	bc_0914d_meetoblland_hb_x114_refuse	snapshot:land14h.I1Tr/stage/fail/bc_0914d_meetoblland_hb_x114_refuse.logos	-						tests/logos/fail/bc_0914d_meetoblland_hb_x114_refuse.logos manifest14h:2026-09-14d-meetoblland:X114:fail_fixture	already_in_tree
0de887af2abd402b	2026-09-14h-harvest (staging copies + its own measurement variants)	bc_0914d_meetoblland_hb_x118_refuse	snapshot:land14h.I1Tr/stage/fail/bc_0914d_meetoblland_hb_x118_refuse.logos	-						tests/logos/fail/bc_0914d_meetoblland_hb_x118_refuse.logos manifest14h:2026-09-14d-meetoblland:X118:fail_fixture	already_in_tree
9c757f988126740c	2026-09-14h-harvest (staging copies + its own measurement variants)	bc_0914d_meetoblland_hb_x119_refuse	snapshot:land14h.I1Tr/stage/fail/bc_0914d_meetoblland_hb_x119_refuse.logos	-						tests/logos/fail/bc_0914d_meetoblland_hb_x119_refuse.logos manifest14h:2026-09-14d-meetoblland:X119:fail_fixture	already_in_tree
9c6cf0ad9e2b5499	2026-09-14h-harvest (staging copies + its own measurement variants)	bc_0914d_meetoblland_hb_x120_refuse	snapshot:land14h.I1Tr/stage/fail/bc_0914d_meetoblland_hb_x120_refuse.logos	-						tests/logos/fail/bc_0914d_meetoblland_hb_x120_refuse.logos manifest14h:2026-09-14d-meetoblland:X120:fail_fixture	already_in_tree
e91ec75bea423a0a	2026-09-14h-harvest (staging copies + its own measurement variants)	bc_0914d_meetoblland_hb_x124_refuse	snapshot:land14h.I1Tr/stage/fail/bc_0914d_meetoblland_hb_x124_refuse.logos	-						tests/logos/fail/bc_0914d_meetoblland_hb_x124_refuse.logos manifest14h:2026-09-14d-meetoblland:X124:fail_fixture	already_in_tree
19804a23d670d9f6	2026-09-14h-harvest (staging copies + its own measurement variants)	bc_0914d_meetoblland_hb_x302_refuse	snapshot:land14h.I1Tr/stage/fail/bc_0914d_meetoblland_hb_x302_refuse.logos	-						tests/logos/fail/bc_0914d_meetoblland_hb_x302_refuse.logos manifest14h:2026-09-14d-meetoblland:X302:fail_fixture	already_in_tree
d4b87e19ce25c5ca	2026-09-14h-harvest (staging copies + its own measurement variants)	bc_0914d_meetoblland_hb_x308_refuse	snapshot:land14h.I1Tr/stage/fail/bc_0914d_meetoblland_hb_x308_refuse.logos	-						tests/logos/fail/bc_0914d_meetoblland_hb_x308_refuse.logos manifest14h:2026-09-14d-meetoblland:X308:fail_fixture	already_in_tree
80b7638952046ffc	2026-09-14h-harvest (staging copies + its own measurement variants)	bc_0914d_meetoblland_hb_x410_refuse	snapshot:land14h.I1Tr/stage/fail/bc_0914d_meetoblland_hb_x410_refuse.logos	-						tests/logos/fail/bc_0914d_meetoblland_hb_x410_refuse.logos manifest14h:2026-09-14d-meetoblland:X410:fail_fixture	already_in_tree
4e051aff0eff8594	2026-09-14h-harvest (staging copies + its own measurement variants)	bc_0906_patmut_hb_c05_admit	snapshot:land14h.I1Tr/stage/pass/bc_0906_patmut_hb_c05_admit.logos	-						tests/logos/pass/bc_0906_patmut_hb_c05_admit.logos manifest14h:2026-09-06-patmut:c05:pass_fixture	already_in_tree
6099c97d1028eddc	2026-09-14h-harvest (staging copies + its own measurement variants)	bc_0906_patmut_hb_c06_admit	snapshot:land14h.I1Tr/stage/pass/bc_0906_patmut_hb_c06_admit.logos	-						tests/logos/pass/bc_0906_patmut_hb_c06_admit.logos manifest14h:2026-09-06-patmut:c06:pass_fixture	already_in_tree
973a2d2bf0210324	2026-09-14h-harvest (staging copies + its own measurement variants)	bc_0906_patmut_hb_c07_admit	snapshot:land14h.I1Tr/stage/pass/bc_0906_patmut_hb_c07_admit.logos	-						tests/logos/pass/bc_0906_patmut_hb_c07_admit.logos manifest14h:2026-09-06-patmut:c07:pass_fixture	already_in_tree
6f8c43175c48fc63	2026-09-14h-harvest (staging copies + its own measurement variants)	bc_0906_patmut_hb_c12_admit	snapshot:land14h.I1Tr/stage/pass/bc_0906_patmut_hb_c12_admit.logos	-						tests/logos/pass/bc_0906_patmut_hb_c12_admit.logos manifest14h:2026-09-06-patmut:c12:pass_fixture	already_in_tree
e7abcd8ac1445de9	2026-09-14h-harvest (staging copies + its own measurement variants)	bc_0906_patmut_hb_c13_admit	snapshot:land14h.I1Tr/stage/pass/bc_0906_patmut_hb_c13_admit.logos	-						tests/logos/pass/bc_0906_patmut_hb_c13_admit.logos manifest14h:2026-09-06-patmut:c13:pass_fixture	already_in_tree
3fe18b997fb6229a	2026-09-14h-harvest (staging copies + its own measurement variants)	bc_0906_patmut_hb_c14_admit	snapshot:land14h.I1Tr/stage/pass/bc_0906_patmut_hb_c14_admit.logos	-						tests/logos/pass/bc_0906_patmut_hb_c14_admit.logos manifest14h:2026-09-06-patmut:c14:pass_fixture	already_in_tree
ce06f7101f75e4cd	2026-09-14h-harvest (staging copies + its own measurement variants)	bc_0906_patmut_hb_c16_admit	snapshot:land14h.I1Tr/stage/pass/bc_0906_patmut_hb_c16_admit.logos	-						tests/logos/pass/bc_0906_patmut_hb_c16_admit.logos manifest14h:2026-09-06-patmut:c16:pass_fixture	already_in_tree
6defa85ed6419512	2026-09-14h-harvest (staging copies + its own measurement variants)	bc_0906_patmut_hb_c17_admit	snapshot:land14h.I1Tr/stage/pass/bc_0906_patmut_hb_c17_admit.logos	-						tests/logos/pass/bc_0906_patmut_hb_c17_admit.logos manifest14h:2026-09-06-patmut:c17:pass_fixture	already_in_tree
68ab6c18a73c6c16	2026-09-14h-harvest (staging copies + its own measurement variants)	bc_0906_patmut_hb_h05_admit	snapshot:land14h.I1Tr/stage/pass/bc_0906_patmut_hb_h05_admit.logos	-						tests/logos/pass/bc_0906_patmut_hb_h05_admit.logos manifest14h:2026-09-06-patmut:h05:pass_fixture	already_in_tree
320cb19f75c7fa0a	2026-09-14h-harvest (staging copies + its own measurement variants)	bc_0906_patmut_hb_h08_admit	snapshot:land14h.I1Tr/stage/pass/bc_0906_patmut_hb_h08_admit.logos	-						tests/logos/pass/bc_0906_patmut_hb_h08_admit.logos manifest14h:2026-09-06-patmut:h08:pass_fixture	already_in_tree
89ac94c6deffd150	2026-09-14h-harvest (staging copies + its own measurement variants)	bc_0906_patmut_hb_h13_admit	snapshot:land14h.I1Tr/stage/pass/bc_0906_patmut_hb_h13_admit.logos	-						tests/logos/pass/bc_0906_patmut_hb_h13_admit.logos manifest14h:2026-09-06-patmut:h13:pass_fixture	already_in_tree
d46ca1ad4e65212c	2026-09-14h-harvest (staging copies + its own measurement variants)	bc_0906_patmut_hb_h15_admit	snapshot:land14h.I1Tr/stage/pass/bc_0906_patmut_hb_h15_admit.logos	-						tests/logos/pass/bc_0906_patmut_hb_h15_admit.logos manifest14h:2026-09-06-patmut:h15:pass_fixture	already_in_tree
8848f8ca94eea444	2026-09-14h-harvest (staging copies + its own measurement variants)	bc_0906_patmut_hb_h19_admit	snapshot:land14h.I1Tr/stage/pass/bc_0906_patmut_hb_h19_admit.logos	-						tests/logos/pass/bc_0906_patmut_hb_h19_admit.logos manifest14h:2026-09-06-patmut:h19:pass_fixture	already_in_tree
6d2a472dd8cb7ae8	2026-09-14h-harvest (staging copies + its own measurement variants)	bc_0906_patmut_hb_h20_admit	snapshot:land14h.I1Tr/stage/pass/bc_0906_patmut_hb_h20_admit.logos	-						tests/logos/pass/bc_0906_patmut_hb_h20_admit.logos manifest14h:2026-09-06-patmut:h20:pass_fixture	already_in_tree
03afc79a5d2fd8f1	2026-09-14h-harvest (staging copies + its own measurement variants)	bc_0906_patmut_hb_h22_admit	snapshot:land14h.I1Tr/stage/pass/bc_0906_patmut_hb_h22_admit.logos	-						tests/logos/pass/bc_0906_patmut_hb_h22_admit.logos manifest14h:2026-09-06-patmut:h22:pass_fixture	already_in_tree
7e5855289ff5a6ee	2026-09-14h-harvest (staging copies + its own measurement variants)	bc_0906_patmut_hb_h26_admit	snapshot:land14h.I1Tr/stage/pass/bc_0906_patmut_hb_h26_admit.logos	-						tests/logos/pass/bc_0906_patmut_hb_h26_admit.logos manifest14h:2026-09-06-patmut:h26:pass_fixture	already_in_tree
c4ef9ba44f5ff264	2026-09-14h-harvest (staging copies + its own measurement variants)	bc_0906_patmut_hb_h36_admit	snapshot:land14h.I1Tr/stage/pass/bc_0906_patmut_hb_h36_admit.logos	-						tests/logos/pass/bc_0906_patmut_hb_h36_admit.logos manifest14h:2026-09-06-patmut:h36:pass_fixture	already_in_tree
8887c84294cb2459	2026-09-14h-harvest (staging copies + its own measurement variants)	bc_0906_patmut_hb_h41_admit	snapshot:land14h.I1Tr/stage/pass/bc_0906_patmut_hb_h41_admit.logos	-						tests/logos/pass/bc_0906_patmut_hb_h41_admit.logos manifest14h:2026-09-06-patmut:h41:pass_fixture	already_in_tree
b2c9f48aa85c195f	2026-09-14h-harvest (staging copies + its own measurement variants)	bc_0906_patmut_hb_h42_admit	snapshot:land14h.I1Tr/stage/pass/bc_0906_patmut_hb_h42_admit.logos	-						tests/logos/pass/bc_0906_patmut_hb_h42_admit.logos manifest14h:2026-09-06-patmut:h42:pass_fixture	already_in_tree
fded2f29b8e607c1	2026-09-14h-harvest (staging copies + its own measurement variants)	bc_0906c_patclass_hb_a14_admit	snapshot:land14h.I1Tr/stage/pass/bc_0906c_patclass_hb_a14_admit.logos	-						tests/logos/pass/bc_0906c_patclass_hb_a14_admit.logos manifest14h:2026-09-06c-patclass:a14:pass_fixture	already_in_tree
c5f00bee74c139b0	2026-09-14h-harvest (staging copies + its own measurement variants)	bc_0906c_patclass_hb_a36_admit	snapshot:land14h.I1Tr/stage/pass/bc_0906c_patclass_hb_a36_admit.logos	-						tests/logos/pass/bc_0906c_patclass_hb_a36_admit.logos manifest14h:2026-09-06c-patclass:a36:pass_fixture	already_in_tree
7ac63fdb9de5b7e5	2026-09-14h-harvest (staging copies + its own measurement variants)	bc_0906c_patclass_hb_c01_admit	snapshot:land14h.I1Tr/stage/pass/bc_0906c_patclass_hb_c01_admit.logos	-						tests/logos/pass/bc_0906c_patclass_hb_c01_admit.logos manifest14h:2026-09-06c-patclass:c01:pass_fixture	already_in_tree
664aeed77669aab8	2026-09-14h-harvest (staging copies + its own measurement variants)	bc_0906c_patclass_hb_c02_admit	snapshot:land14h.I1Tr/stage/pass/bc_0906c_patclass_hb_c02_admit.logos	-						tests/logos/pass/bc_0906c_patclass_hb_c02_admit.logos manifest14h:2026-09-06c-patclass:c02:pass_fixture	already_in_tree
c3b4a8dc803d5ea8	2026-09-14h-harvest (staging copies + its own measurement variants)	bc_0906c_patclass_hb_c05_admit	snapshot:land14h.I1Tr/stage/pass/bc_0906c_patclass_hb_c05_admit.logos	-						tests/logos/pass/bc_0906c_patclass_hb_c05_admit.logos manifest14h:2026-09-06c-patclass:c05:pass_fixture	already_in_tree
5ae6e34a402f6eaa	2026-09-14h-harvest (staging copies + its own measurement variants)	bc_0906e_scalarcore_hb_h16_admit	snapshot:land14h.I1Tr/stage/pass/bc_0906e_scalarcore_hb_h16_admit.logos	-						tests/logos/pass/bc_0906e_scalarcore_hb_h16_admit.logos manifest14h:2026-09-06e-scalarcore:h16:pass_fixture,2026-09-06f-scalarland:g11:pass_fixture	already_in_tree
f68ddde7bb9f0fd1	2026-09-14h-harvest (staging copies + its own measurement variants)	bc_0906e_scalarcore_hb_h33_admit	snapshot:land14h.I1Tr/stage/pass/bc_0906e_scalarcore_hb_h33_admit.logos	-						tests/logos/pass/bc_0906e_scalarcore_hb_h33_admit.logos manifest14h:2026-09-06e-scalarcore:h33:pass_fixture	already_in_tree
a5276d5ee72ac1b9	2026-09-14h-harvest (staging copies + its own measurement variants)	bc_0906e_scalarcore_hb_h34_admit	snapshot:land14h.I1Tr/stage/pass/bc_0906e_scalarcore_hb_h34_admit.logos	-						tests/logos/pass/bc_0906e_scalarcore_hb_h34_admit.logos manifest14h:2026-09-06e-scalarcore:h34:pass_fixture	already_in_tree
98699ebc6c22d2b6	2026-09-14h-harvest (staging copies + its own measurement variants)	bc_0906e_scalarcore_hb_h35_admit	snapshot:land14h.I1Tr/stage/pass/bc_0906e_scalarcore_hb_h35_admit.logos	-						tests/logos/pass/bc_0906e_scalarcore_hb_h35_admit.logos manifest14h:2026-09-06e-scalarcore:h35:pass_fixture	already_in_tree
c255f3ed1198f54b	2026-09-14h-harvest (staging copies + its own measurement variants)	bc_0906f_scalarland_hb_g01_admit	snapshot:land14h.I1Tr/stage/pass/bc_0906f_scalarland_hb_g01_admit.logos	-						tests/logos/pass/bc_0906f_scalarland_hb_g01_admit.logos manifest14h:2026-09-06f-scalarland:g01:pass_fixture	already_in_tree
4aa91a1962faabf0	2026-09-14h-harvest (staging copies + its own measurement variants)	bc_0906f_scalarland_hb_g02_admit	snapshot:land14h.I1Tr/stage/pass/bc_0906f_scalarland_hb_g02_admit.logos	-						tests/logos/pass/bc_0906f_scalarland_hb_g02_admit.logos manifest14h:2026-09-06f-scalarland:g02:pass_fixture	already_in_tree
7c631aa0bbed5ad2	2026-09-14h-harvest (staging copies + its own measurement variants)	bc_0906f_scalarland_hb_g03_admit	snapshot:land14h.I1Tr/stage/pass/bc_0906f_scalarland_hb_g03_admit.logos	-						tests/logos/pass/bc_0906f_scalarland_hb_g03_admit.logos manifest14h:2026-09-06f-scalarland:g03:pass_fixture	already_in_tree
5e16d503e84a36a5	2026-09-14h-harvest (staging copies + its own measurement variants)	bc_0906f_scalarland_hb_g04_admit	snapshot:land14h.I1Tr/stage/pass/bc_0906f_scalarland_hb_g04_admit.logos	-						tests/logos/pass/bc_0906f_scalarland_hb_g04_admit.logos manifest14h:2026-09-06f-scalarland:g04:pass_fixture	already_in_tree
7ad62db86c5a58d9	2026-09-14h-harvest (staging copies + its own measurement variants)	bc_0906f_scalarland_hb_g05_admit	snapshot:land14h.I1Tr/stage/pass/bc_0906f_scalarland_hb_g05_admit.logos	-						tests/logos/pass/bc_0906f_scalarland_hb_g05_admit.logos manifest14h:2026-09-06f-scalarland:g05:pass_fixture	already_in_tree
bd332d56c89a0f7a	2026-09-14h-harvest (staging copies + its own measurement variants)	bc_0906f_scalarland_hb_g06_admit	snapshot:land14h.I1Tr/stage/pass/bc_0906f_scalarland_hb_g06_admit.logos	-						tests/logos/pass/bc_0906f_scalarland_hb_g06_admit.logos manifest14h:2026-09-06f-scalarland:g06:pass_fixture	already_in_tree
7d60dc5f05b44b32	2026-09-14h-harvest (staging copies + its own measurement variants)	bc_0906f_scalarland_hb_g07_admit	snapshot:land14h.I1Tr/stage/pass/bc_0906f_scalarland_hb_g07_admit.logos	-						tests/logos/pass/bc_0906f_scalarland_hb_g07_admit.logos manifest14h:2026-09-06f-scalarland:g07:pass_fixture	already_in_tree
673573d693b357f8	2026-09-14h-harvest (staging copies + its own measurement variants)	bc_0906f_scalarland_hb_g08_admit	snapshot:land14h.I1Tr/stage/pass/bc_0906f_scalarland_hb_g08_admit.logos	-						tests/logos/pass/bc_0906f_scalarland_hb_g08_admit.logos manifest14h:2026-09-06f-scalarland:g08:pass_fixture	already_in_tree
ef987cfe274c86a5	2026-09-14h-harvest (staging copies + its own measurement variants)	bc_0906f_scalarland_hb_g09_admit	snapshot:land14h.I1Tr/stage/pass/bc_0906f_scalarland_hb_g09_admit.logos	-						tests/logos/pass/bc_0906f_scalarland_hb_g09_admit.logos manifest14h:2026-09-06f-scalarland:g09:pass_fixture	already_in_tree
a09d4cb73bd3d2d8	2026-09-14h-harvest (staging copies + its own measurement variants)	bc_0906f_scalarland_hb_g10_admit	snapshot:land14h.I1Tr/stage/pass/bc_0906f_scalarland_hb_g10_admit.logos	-						tests/logos/pass/bc_0906f_scalarland_hb_g10_admit.logos manifest14h:2026-09-06f-scalarland:g10:pass_fixture	already_in_tree
aa7379759fdc4892	2026-09-14h-harvest (staging copies + its own measurement variants)	bc_0906f_scalarland_hb_g12_admit	snapshot:land14h.I1Tr/stage/pass/bc_0906f_scalarland_hb_g12_admit.logos	-						tests/logos/pass/bc_0906f_scalarland_hb_g12_admit.logos manifest14h:2026-09-06f-scalarland:g12:pass_fixture	already_in_tree
77f9b0ec02dd8489	2026-09-14h-harvest (staging copies + its own measurement variants)	bc_0906f_scalarland_hb_g13_admit	snapshot:land14h.I1Tr/stage/pass/bc_0906f_scalarland_hb_g13_admit.logos	-						tests/logos/pass/bc_0906f_scalarland_hb_g13_admit.logos manifest14h:2026-09-06f-scalarland:g13:pass_fixture	already_in_tree
6d8cc726ad8892f5	2026-09-14h-harvest (staging copies + its own measurement variants)	bc_0906f_scalarland_hb_g14_admit	snapshot:land14h.I1Tr/stage/pass/bc_0906f_scalarland_hb_g14_admit.logos	-						tests/logos/pass/bc_0906f_scalarland_hb_g14_admit.logos manifest14h:2026-09-06f-scalarland:g14:pass_fixture	already_in_tree
60fd505d3fff97df	2026-09-14h-harvest (staging copies + its own measurement variants)	bc_0906f_scalarland_hb_g15_admit	snapshot:land14h.I1Tr/stage/pass/bc_0906f_scalarland_hb_g15_admit.logos	-						tests/logos/pass/bc_0906f_scalarland_hb_g15_admit.logos manifest14h:2026-09-06f-scalarland:g15:pass_fixture	already_in_tree
5dab7273bff94ce6	2026-09-14h-harvest (staging copies + its own measurement variants)	bc_0906f_scalarland_hb_g16_admit	snapshot:land14h.I1Tr/stage/pass/bc_0906f_scalarland_hb_g16_admit.logos	-						tests/logos/pass/bc_0906f_scalarland_hb_g16_admit.logos manifest14h:2026-09-06f-scalarland:g16:pass_fixture	already_in_tree
0b76d94f8e2a011b	2026-09-14h-harvest (staging copies + its own measurement variants)	bc_0906f_scalarland_hb_g17_admit	snapshot:land14h.I1Tr/stage/pass/bc_0906f_scalarland_hb_g17_admit.logos	-						tests/logos/pass/bc_0906f_scalarland_hb_g17_admit.logos manifest14h:2026-09-06f-scalarland:g17:pass_fixture	already_in_tree
5659428046eea42b	2026-09-14h-harvest (staging copies + its own measurement variants)	bc_0906f_scalarland_hb_g18_admit	snapshot:land14h.I1Tr/stage/pass/bc_0906f_scalarland_hb_g18_admit.logos	-						tests/logos/pass/bc_0906f_scalarland_hb_g18_admit.logos manifest14h:2026-09-06f-scalarland:g18:pass_fixture	already_in_tree
a52f74cc10931707	2026-09-14h-harvest (staging copies + its own measurement variants)	bc_0906f_scalarland_hb_g19_admit	snapshot:land14h.I1Tr/stage/pass/bc_0906f_scalarland_hb_g19_admit.logos	-						tests/logos/pass/bc_0906f_scalarland_hb_g19_admit.logos manifest14h:2026-09-06f-scalarland:g19:pass_fixture	already_in_tree
3bb80bf1bbbd10c3	2026-09-14h-harvest (staging copies + its own measurement variants)	bc_0906f_scalarland_hb_g20_admit	snapshot:land14h.I1Tr/stage/pass/bc_0906f_scalarland_hb_g20_admit.logos	-						tests/logos/pass/bc_0906f_scalarland_hb_g20_admit.logos manifest14h:2026-09-06f-scalarland:g20:pass_fixture	already_in_tree
4289ddd7bb197cbe	2026-09-14h-harvest (staging copies + its own measurement variants)	bc_0906g_refmode_hb_h01_admit	snapshot:land14h.I1Tr/stage/pass/bc_0906g_refmode_hb_h01_admit.logos	-						tests/logos/pass/bc_0906g_refmode_hb_h01_admit.logos manifest14h:2026-09-06g-refmode:h01:pass_fixture	already_in_tree
0d46b00f4158ff3c	2026-09-14h-harvest (staging copies + its own measurement variants)	bc_0906g_refmode_hb_h05_admit	snapshot:land14h.I1Tr/stage/pass/bc_0906g_refmode_hb_h05_admit.logos	-						tests/logos/pass/bc_0906g_refmode_hb_h05_admit.logos manifest14h:2026-09-06g-refmode:h05:pass_fixture	already_in_tree
d4eab3dcbbbb6b43	2026-09-14h-harvest (staging copies + its own measurement variants)	bc_0906g_refmode_hb_h18_admit	snapshot:land14h.I1Tr/stage/pass/bc_0906g_refmode_hb_h18_admit.logos	-						tests/logos/pass/bc_0906g_refmode_hb_h18_admit.logos manifest14h:2026-09-06g-refmode:h18:pass_fixture	already_in_tree
43ece06ba360d634	2026-09-14h-harvest (staging copies + its own measurement variants)	bc_0906g_refmode_hb_h19_admit	snapshot:land14h.I1Tr/stage/pass/bc_0906g_refmode_hb_h19_admit.logos	-						tests/logos/pass/bc_0906g_refmode_hb_h19_admit.logos manifest14h:2026-09-06g-refmode:h19:pass_fixture	already_in_tree
a354d3bc0ad12224	2026-09-14h-harvest (staging copies + its own measurement variants)	bc_0906g_refmode_hb_h20_admit	snapshot:land14h.I1Tr/stage/pass/bc_0906g_refmode_hb_h20_admit.logos	-						tests/logos/pass/bc_0906g_refmode_hb_h20_admit.logos manifest14h:2026-09-06g-refmode:h20:pass_fixture	already_in_tree
21fca0d372c9a449	2026-09-14h-harvest (staging copies + its own measurement variants)	bc_0906n_placedropfix_hb_n1_admit	snapshot:land14h.I1Tr/stage/pass/bc_0906n_placedropfix_hb_n1_admit.logos	-						tests/logos/pass/bc_0906n_placedropfix_hb_n1_admit.logos manifest14h:2026-09-06n-placedropfix:N1:pass_fixture	already_in_tree
42e414792a57c05b	2026-09-14h-harvest (staging copies + its own measurement variants)	bc_0906n_placedropfix_hb_n2_admit	snapshot:land14h.I1Tr/stage/pass/bc_0906n_placedropfix_hb_n2_admit.logos	-						tests/logos/pass/bc_0906n_placedropfix_hb_n2_admit.logos manifest14h:2026-09-06n-placedropfix:N2:pass_fixture	already_in_tree
4a431ac1202ca144	2026-09-14h-harvest (staging copies + its own measurement variants)	bc_0906n_placedropfix_hb_n5_admit	snapshot:land14h.I1Tr/stage/pass/bc_0906n_placedropfix_hb_n5_admit.logos	-						tests/logos/pass/bc_0906n_placedropfix_hb_n5_admit.logos manifest14h:2026-09-06n-placedropfix:N5:pass_fixture	already_in_tree
e1d054c8c6f6abf2	2026-09-14h-harvest (staging copies + its own measurement variants)	bc_0906n_placedropfix_hb_n6_admit	snapshot:land14h.I1Tr/stage/pass/bc_0906n_placedropfix_hb_n6_admit.logos	-						tests/logos/pass/bc_0906n_placedropfix_hb_n6_admit.logos manifest14h:2026-09-06n-placedropfix:N6:pass_fixture	already_in_tree
0f6bf23c64c65fe3	2026-09-14h-harvest (staging copies + its own measurement variants)	bc_0906n_placedropfix_hb_n7_admit	snapshot:land14h.I1Tr/stage/pass/bc_0906n_placedropfix_hb_n7_admit.logos	-						tests/logos/pass/bc_0906n_placedropfix_hb_n7_admit.logos manifest14h:2026-09-06n-placedropfix:N7:pass_fixture	already_in_tree
dac38e7301f19c9f	2026-09-14h-harvest (staging copies + its own measurement variants)	bc_0906n_placedropfix_hb_n8_admit	snapshot:land14h.I1Tr/stage/pass/bc_0906n_placedropfix_hb_n8_admit.logos	-						tests/logos/pass/bc_0906n_placedropfix_hb_n8_admit.logos manifest14h:2026-09-06n-placedropfix:N8:pass_fixture	already_in_tree
ca2d45178703a244	2026-09-14h-harvest (staging copies + its own measurement variants)	bc_0906p_ergodoors_hb_n10_admit	snapshot:land14h.I1Tr/stage/pass/bc_0906p_ergodoors_hb_n10_admit.logos	-						tests/logos/pass/bc_0906p_ergodoors_hb_n10_admit.logos manifest14h:2026-09-06p-ergodoors:n10:pass_fixture,2026-09-07q-dbmcarry:c04:pass_fixture	already_in_tree
ac1b25c9ae58a98b	2026-09-14h-harvest (staging copies + its own measurement variants)	bc_0906p_ergodoors_hb_n11_admit	snapshot:land14h.I1Tr/stage/pass/bc_0906p_ergodoors_hb_n11_admit.logos	-						tests/logos/pass/bc_0906p_ergodoors_hb_n11_admit.logos manifest14h:2026-09-06p-ergodoors:n11:pass_fixture,2026-09-07q-dbmcarry:c07:pass_fixture	already_in_tree
bf5b58a80718c97b	2026-09-14h-harvest (staging copies + its own measurement variants)	bc_0906p_ergodoors_hb_n12_admit	snapshot:land14h.I1Tr/stage/pass/bc_0906p_ergodoors_hb_n12_admit.logos	-						tests/logos/pass/bc_0906p_ergodoors_hb_n12_admit.logos manifest14h:2026-09-06p-ergodoors:n12:pass_fixture	already_in_tree
e08395ee9d2f4826	2026-09-14h-harvest (staging copies + its own measurement variants)	bc_0907a_boxmutctx_hb_h04_admit	snapshot:land14h.I1Tr/stage/pass/bc_0907a_boxmutctx_hb_h04_admit.logos	-						tests/logos/pass/bc_0907a_boxmutctx_hb_h04_admit.logos manifest14h:2026-09-07a-boxmutctx:h04:pass_fixture	already_in_tree
2df8a09dad5c01d8	2026-09-14h-harvest (staging copies + its own measurement variants)	bc_0907a_boxmutctx_hb_h33_admit	snapshot:land14h.I1Tr/stage/pass/bc_0907a_boxmutctx_hb_h33_admit.logos	-						tests/logos/pass/bc_0907a_boxmutctx_hb_h33_admit.logos manifest14h:2026-09-07a-boxmutctx:h33:pass_fixture	already_in_tree
22d9fcd51fb01dda	2026-09-14h-harvest (staging copies + its own measurement variants)	bc_0907q_dbmcarry_hb_c01_admit	snapshot:land14h.I1Tr/stage/pass/bc_0907q_dbmcarry_hb_c01_admit.logos	-						tests/logos/pass/bc_0907q_dbmcarry_hb_c01_admit.logos manifest14h:2026-09-07q-dbmcarry:c01:pass_fixture	already_in_tree
4fae560014d468cc	2026-09-14h-harvest (staging copies + its own measurement variants)	bc_0907q_dbmcarry_hb_c03_admit	snapshot:land14h.I1Tr/stage/pass/bc_0907q_dbmcarry_hb_c03_admit.logos	-						tests/logos/pass/bc_0907q_dbmcarry_hb_c03_admit.logos manifest14h:2026-09-07q-dbmcarry:c03:pass_fixture	already_in_tree
c6806e36072ff984	2026-09-14h-harvest (staging copies + its own measurement variants)	bc_0907q_dbmcarry_hb_c05_admit	snapshot:land14h.I1Tr/stage/pass/bc_0907q_dbmcarry_hb_c05_admit.logos	-						tests/logos/pass/bc_0907q_dbmcarry_hb_c05_admit.logos manifest14h:2026-09-07q-dbmcarry:c05:pass_fixture	already_in_tree
741cc418f94c87f6	2026-09-14h-harvest (staging copies + its own measurement variants)	bc_0907q_dbmcarry_hb_c06_admit	snapshot:land14h.I1Tr/stage/pass/bc_0907q_dbmcarry_hb_c06_admit.logos	-						tests/logos/pass/bc_0907q_dbmcarry_hb_c06_admit.logos manifest14h:2026-09-07q-dbmcarry:c06:pass_fixture	already_in_tree
bae5e5559b02bb41	2026-09-14h-harvest (staging copies + its own measurement variants)	bc_0907q_dbmcarry_hb_c13_admit	snapshot:land14h.I1Tr/stage/pass/bc_0907q_dbmcarry_hb_c13_admit.logos	-						tests/logos/pass/bc_0907q_dbmcarry_hb_c13_admit.logos manifest14h:2026-09-07q-dbmcarry:c13:pass_fixture	already_in_tree
af42da5f32ae9008	2026-09-14h-harvest (staging copies + its own measurement variants)	bc_0907q_dbmcarry_hb_c14_admit	snapshot:land14h.I1Tr/stage/pass/bc_0907q_dbmcarry_hb_c14_admit.logos	-						tests/logos/pass/bc_0907q_dbmcarry_hb_c14_admit.logos manifest14h:2026-09-07q-dbmcarry:c14:pass_fixture	already_in_tree
c77eb7af8a24cfaf	2026-09-14h-harvest (staging copies + its own measurement variants)	bc_0907q_dbmcarry_hb_c15_admit	snapshot:land14h.I1Tr/stage/pass/bc_0907q_dbmcarry_hb_c15_admit.logos	-						tests/logos/pass/bc_0907q_dbmcarry_hb_c15_admit.logos manifest14h:2026-09-07q-dbmcarry:c15:pass_fixture	already_in_tree
d864cc8a12c70aef	2026-09-14h-harvest (staging copies + its own measurement variants)	bc_0907q_dbmcarry_hb_c18_admit	snapshot:land14h.I1Tr/stage/pass/bc_0907q_dbmcarry_hb_c18_admit.logos	-						tests/logos/pass/bc_0907q_dbmcarry_hb_c18_admit.logos manifest14h:2026-09-07q-dbmcarry:c18:pass_fixture	already_in_tree
e73f42d1d68c4e09	2026-09-14h-harvest (staging copies + its own measurement variants)	bc_0907q_dbmcarry_hb_c19_admit	snapshot:land14h.I1Tr/stage/pass/bc_0907q_dbmcarry_hb_c19_admit.logos	-						tests/logos/pass/bc_0907q_dbmcarry_hb_c19_admit.logos manifest14h:2026-09-07q-dbmcarry:c19:pass_fixture	already_in_tree
ffbcbf5b84e308de	2026-09-14h-harvest (staging copies + its own measurement variants)	bc_0908_fatrepr_fix_hb_d1_admit	snapshot:land14h.I1Tr/stage/pass/bc_0908_fatrepr_fix_hb_d1_admit.logos	-						tests/logos/pass/bc_0908_fatrepr_fix_hb_d1_admit.logos manifest14h:2026-09-08-fatrepr-fix:D1:pass_fixture,unattributed (mtime window: 2026-09-08-fatrepr-fix):D1:unattributed	already_in_tree
7e25321f37b245b9	2026-09-14h-harvest (staging copies + its own measurement variants)	bc_0908_fatrepr_fix_hb_d2_admit	snapshot:land14h.I1Tr/stage/pass/bc_0908_fatrepr_fix_hb_d2_admit.logos	-						tests/logos/pass/bc_0908_fatrepr_fix_hb_d2_admit.logos manifest14h:2026-09-08-fatrepr-fix:D2:pass_fixture,unattributed (mtime window: 2026-09-08-fatrepr-fix):D2:unattributed	already_in_tree
77d7978670bb623d	2026-09-14h-harvest (staging copies + its own measurement variants)	bc_0908_fatrepr_fix_hb_d5_admit	snapshot:land14h.I1Tr/stage/pass/bc_0908_fatrepr_fix_hb_d5_admit.logos	-						tests/logos/pass/bc_0908_fatrepr_fix_hb_d5_admit.logos manifest14h:2026-09-08-fatrepr-fix:D5:pass_fixture	already_in_tree
4b5bf44daf64102d	2026-09-14h-harvest (staging copies + its own measurement variants)	bc_0908_fatrepr_fix_hb_d8_admit	snapshot:land14h.I1Tr/stage/pass/bc_0908_fatrepr_fix_hb_d8_admit.logos	-						tests/logos/pass/bc_0908_fatrepr_fix_hb_d8_admit.logos manifest14h:2026-09-08-fatrepr-fix:D8:pass_fixture	already_in_tree
eb49c8d9f76a1759	2026-09-14h-harvest (staging copies + its own measurement variants)	bc_0908_fatrepr_fix_hb_g1_admit	snapshot:land14h.I1Tr/stage/pass/bc_0908_fatrepr_fix_hb_g1_admit.logos	-						tests/logos/pass/bc_0908_fatrepr_fix_hb_g1_admit.logos manifest14h:2026-09-08-fatrepr-fix:G1:pass_fixture	already_in_tree
7501b3e0dbba3604	2026-09-14h-harvest (staging copies + its own measurement variants)	bc_0908_fatrepr_fix_hb_g2_admit	snapshot:land14h.I1Tr/stage/pass/bc_0908_fatrepr_fix_hb_g2_admit.logos	-						tests/logos/pass/bc_0908_fatrepr_fix_hb_g2_admit.logos manifest14h:2026-09-08-fatrepr-fix:G2:pass_fixture	already_in_tree
2684ae96545ad927	2026-09-14h-harvest (staging copies + its own measurement variants)	bc_0908_fatrepr_fix_hb_g3_admit	snapshot:land14h.I1Tr/stage/pass/bc_0908_fatrepr_fix_hb_g3_admit.logos	-						tests/logos/pass/bc_0908_fatrepr_fix_hb_g3_admit.logos manifest14h:2026-09-08-fatrepr-fix:G3:pass_fixture	already_in_tree
80d11d803fd15c50	2026-09-14h-harvest (staging copies + its own measurement variants)	bc_0908_fatrepr_fix_hb_g4_admit	snapshot:land14h.I1Tr/stage/pass/bc_0908_fatrepr_fix_hb_g4_admit.logos	-						tests/logos/pass/bc_0908_fatrepr_fix_hb_g4_admit.logos manifest14h:2026-09-08-fatrepr-fix:G4:pass_fixture	already_in_tree
5a18f1a452c434f8	2026-09-14h-harvest (staging copies + its own measurement variants)	bc_0908_fatrepr_fix_hb_g5_admit	snapshot:land14h.I1Tr/stage/pass/bc_0908_fatrepr_fix_hb_g5_admit.logos	-						tests/logos/pass/bc_0908_fatrepr_fix_hb_g5_admit.logos manifest14h:2026-09-08-fatrepr-fix:G5:pass_fixture	already_in_tree
293d38c5385337c9	2026-09-14h-harvest (staging copies + its own measurement variants)	bc_0908_fatrepr_fix_hb_g6_admit	snapshot:land14h.I1Tr/stage/pass/bc_0908_fatrepr_fix_hb_g6_admit.logos	-						tests/logos/pass/bc_0908_fatrepr_fix_hb_g6_admit.logos manifest14h:2026-09-08-fatrepr-fix:G6:pass_fixture	already_in_tree
c10d8669edac7c28	2026-09-14h-harvest (staging copies + its own measurement variants)	bc_0908_fatrepr_fix_hb_g7_admit	snapshot:land14h.I1Tr/stage/pass/bc_0908_fatrepr_fix_hb_g7_admit.logos	-						tests/logos/pass/bc_0908_fatrepr_fix_hb_g7_admit.logos manifest14h:2026-09-08-fatrepr-fix:G7:pass_fixture	already_in_tree
03eb40020316f24e	2026-09-14h-harvest (staging copies + its own measurement variants)	bc_0908_fatrepr_fix_hb_g8_admit	snapshot:land14h.I1Tr/stage/pass/bc_0908_fatrepr_fix_hb_g8_admit.logos	-						tests/logos/pass/bc_0908_fatrepr_fix_hb_g8_admit.logos manifest14h:2026-09-08-fatrepr-fix:G8:pass_fixture	already_in_tree
98d413306947b79e	2026-09-14h-harvest (staging copies + its own measurement variants)	bc_0908_fatrepr_hb_b4_admit	snapshot:land14h.I1Tr/stage/pass/bc_0908_fatrepr_hb_b4_admit.logos	-						tests/logos/pass/bc_0908_fatrepr_hb_b4_admit.logos manifest14h:2026-09-08-fatrepr:B4:pass_fixture	already_in_tree
e901fac2434f8f14	2026-09-14h-harvest (staging copies + its own measurement variants)	bc_0909a_bindmut_hb_f14_admit	snapshot:land14h.I1Tr/stage/pass/bc_0909a_bindmut_hb_f14_admit.logos	-						tests/logos/pass/bc_0909a_bindmut_hb_f14_admit.logos manifest14h:2026-09-09a-bindmut:f14:pass_fixture	already_in_tree
3fda769e50d07eb4	2026-09-14h-harvest (staging copies + its own measurement variants)	bc_0909c_atbind_hb_h14_admit	snapshot:land14h.I1Tr/stage/pass/bc_0909c_atbind_hb_h14_admit.logos	-						tests/logos/pass/bc_0909c_atbind_hb_h14_admit.logos manifest14h:2026-09-09c-atbind:h14:pass_fixture	already_in_tree
9b01e3eec0f006b2	2026-09-14h-harvest (staging copies + its own measurement variants)	bc_0909c_atbind_hb_h18_admit	snapshot:land14h.I1Tr/stage/pass/bc_0909c_atbind_hb_h18_admit.logos	-						tests/logos/pass/bc_0909c_atbind_hb_h18_admit.logos manifest14h:2026-09-09c-atbind:h18:pass_fixture	already_in_tree
234f03ef76902571	2026-09-14h-harvest (staging copies + its own measurement variants)	bc_0909d_atland_hb_g02_admit	snapshot:land14h.I1Tr/stage/pass/bc_0909d_atland_hb_g02_admit.logos	-						tests/logos/pass/bc_0909d_atland_hb_g02_admit.logos manifest14h:2026-09-09d-atland:g02:pass_fixture	already_in_tree
79106cf0185e8436	2026-09-14h-harvest (staging copies + its own measurement variants)	bc_0909d_atland_hb_g08_admit	snapshot:land14h.I1Tr/stage/pass/bc_0909d_atland_hb_g08_admit.logos	-						tests/logos/pass/bc_0909d_atland_hb_g08_admit.logos manifest14h:2026-09-09d-atland:g08:pass_fixture	already_in_tree
a82a62b7db1847f5	2026-09-14h-harvest (staging copies + its own measurement variants)	bc_0909d_atland_hb_g09_admit	snapshot:land14h.I1Tr/stage/pass/bc_0909d_atland_hb_g09_admit.logos	-						tests/logos/pass/bc_0909d_atland_hb_g09_admit.logos manifest14h:2026-09-09d-atland:g09:pass_fixture	already_in_tree
171db4f637e37673	2026-09-14h-harvest (staging copies + its own measurement variants)	bc_0909d_atland_hb_g11_admit	snapshot:land14h.I1Tr/stage/pass/bc_0909d_atland_hb_g11_admit.logos	-						tests/logos/pass/bc_0909d_atland_hb_g11_admit.logos manifest14h:2026-09-09d-atland:g11:pass_fixture	already_in_tree
b261c58d3c7f82d4	2026-09-14h-harvest (staging copies + its own measurement variants)	bc_0909d_atland_hb_g13_admit	snapshot:land14h.I1Tr/stage/pass/bc_0909d_atland_hb_g13_admit.logos	-						tests/logos/pass/bc_0909d_atland_hb_g13_admit.logos manifest14h:2026-09-09d-atland:g13:pass_fixture	already_in_tree
5b41c7fdd8dd496b	2026-09-14h-harvest (staging copies + its own measurement variants)	bc_0909d_atland_hb_g14_admit	snapshot:land14h.I1Tr/stage/pass/bc_0909d_atland_hb_g14_admit.logos	-						tests/logos/pass/bc_0909d_atland_hb_g14_admit.logos manifest14h:2026-09-09d-atland:g14:pass_fixture	already_in_tree
13a67dd46a2c1065	2026-09-14h-harvest (staging copies + its own measurement variants)	bc_0909d_atland_hb_g15_admit	snapshot:land14h.I1Tr/stage/pass/bc_0909d_atland_hb_g15_admit.logos	-						tests/logos/pass/bc_0909d_atland_hb_g15_admit.logos manifest14h:2026-09-09d-atland:g15:pass_fixture	already_in_tree
e05cd4bf13083ff2	2026-09-14h-harvest (staging copies + its own measurement variants)	bc_0909d_atland_hb_g22_admit	snapshot:land14h.I1Tr/stage/pass/bc_0909d_atland_hb_g22_admit.logos	-						tests/logos/pass/bc_0909d_atland_hb_g22_admit.logos manifest14h:2026-09-09d-atland:g22:pass_fixture	already_in_tree
c1b385949c77618c	2026-09-14h-harvest (staging copies + its own measurement variants)	bc_0909e_ergoref_hb_cx13_synth_nested_variant_admit	snapshot:land14h.I1Tr/stage/pass/bc_0909e_ergoref_hb_cx13_synth_nested_variant_admit.logos	-						tests/logos/pass/bc_0909e_ergoref_hb_cx13_synth_nested_variant_admit.logos manifest14h:2026-09-09e-ergoref:cx13_synth_nested_variant:pass_fixture	already_in_tree
778b36764eb541dc	2026-09-14h-harvest (staging copies + its own measurement variants)	bc_0909elide_hb_e1_param_only_admit	snapshot:land14h.I1Tr/stage/pass/bc_0909elide_hb_e1_param_only_admit.logos	-						tests/logos/pass/bc_0909elide_hb_e1_param_only_admit.logos manifest14h:2026-09-09elide:e1_param_only:pass_fixture	already_in_tree
a89209fdbe3a38d8	2026-09-14h-harvest (staging copies + its own measurement variants)	bc_0909elide_hb_e2_two_elided_admit	snapshot:land14h.I1Tr/stage/pass/bc_0909elide_hb_e2_two_elided_admit.logos	-						tests/logos/pass/bc_0909elide_hb_e2_two_elided_admit.logos manifest14h:2026-09-09elide:e2_two_elided:pass_fixture	already_in_tree
6b79910f762e02e5	2026-09-14h-harvest (staging copies + its own measurement variants)	bc_0909elide_hb_e3_no_receiver_admit	snapshot:land14h.I1Tr/stage/pass/bc_0909elide_hb_e3_no_receiver_admit.logos	-						tests/logos/pass/bc_0909elide_hb_e3_no_receiver_admit.logos manifest14h:2026-09-09elide:e3_no_receiver:pass_fixture	already_in_tree
cc7e9646bca129da	2026-09-14h-harvest (staging copies + its own measurement variants)	bc_0909elide_hb_e6_mut_recv_ret_admit	snapshot:land14h.I1Tr/stage/pass/bc_0909elide_hb_e6_mut_recv_ret_admit.logos	-						tests/logos/pass/bc_0909elide_hb_e6_mut_recv_ret_admit.logos manifest14h:2026-09-09elide:e6_mut_recv_ret:pass_fixture	already_in_tree
85f1e9ada2897fbf	2026-09-14h-harvest (staging copies + its own measurement variants)	bc_0909g_closureenv_hb_f8_admit	snapshot:land14h.I1Tr/stage/pass/bc_0909g_closureenv_hb_f8_admit.logos	-						tests/logos/pass/bc_0909g_closureenv_hb_f8_admit.logos manifest14h:2026-09-09g-closureenv:F8:pass_fixture	already_in_tree
53cb901a492bc34a	2026-09-14h-harvest (staging copies + its own measurement variants)	bc_0909g_closureenv_hb_r3_admit	snapshot:land14h.I1Tr/stage/pass/bc_0909g_closureenv_hb_r3_admit.logos	-						tests/logos/pass/bc_0909g_closureenv_hb_r3_admit.logos manifest14h:2026-09-09g-closureenv:R3:pass_fixture	already_in_tree
060202c9320e7ae5	2026-09-14h-harvest (staging copies + its own measurement variants)	bc_0909g_closureenv_hb_r6_admit	snapshot:land14h.I1Tr/stage/pass/bc_0909g_closureenv_hb_r6_admit.logos	-						manifest14h:2026-09-09g-closureenv:R6:pass_fixture	staging_of_unlanded_14h
fdf38c41dbf6cfd7	2026-09-14h-harvest (staging copies + its own measurement variants)	bc_0909i_cesc_hb_l1_admit	snapshot:land14h.I1Tr/stage/pass/bc_0909i_cesc_hb_l1_admit.logos	-						tests/logos/pass/bc_0909i_cesc_hb_l1_admit.logos manifest14h:2026-09-09i-cesc:L1:pass_fixture,unattributed (mtime window: 2026-09-09i-cesc):L1:unattributed	already_in_tree
4037c3db1a3e8fee	2026-09-14h-harvest (staging copies + its own measurement variants)	bc_0909i_cesc_hb_l3_admit	snapshot:land14h.I1Tr/stage/pass/bc_0909i_cesc_hb_l3_admit.logos	-						tests/logos/pass/bc_0909i_cesc_hb_l3_admit.logos manifest14h:2026-09-09i-cesc:L3:pass_fixture,unattributed (mtime window: 2026-09-09i-cesc):L3:unattributed	already_in_tree
f0fa50fba8f70ffb	2026-09-14h-harvest (staging copies + its own measurement variants)	bc_0909sig_hb_c14_admit	snapshot:land14h.I1Tr/stage/pass/bc_0909sig_hb_c14_admit.logos	-						tests/logos/pass/bc_0909sig_hb_c14_admit.logos manifest14h:2026-09-09sig:c14:pass_fixture	already_in_tree
e617d1fbd53b4cf2	2026-09-14h-harvest (staging copies + its own measurement variants)	bc_0909sig_hb_c21_admit	snapshot:land14h.I1Tr/stage/pass/bc_0909sig_hb_c21_admit.logos	-						tests/logos/pass/bc_0909sig_hb_c21_admit.logos manifest14h:2026-09-09sig:c21:pass_fixture	already_in_tree
560936753a338896	2026-09-14h-harvest (staging copies + its own measurement variants)	bc_0910d_vecbare_hb_p2_admit	snapshot:land14h.I1Tr/stage/pass/bc_0910d_vecbare_hb_p2_admit.logos	-						manifest14h:2026-09-10d-vecbare:p2:pass_fixture	staging_of_unlanded_14h
053ef9262b46619d	2026-09-14h-harvest (staging copies + its own measurement variants)	bc_0910dropord_hb_c10_admit	snapshot:land14h.I1Tr/stage/pass/bc_0910dropord_hb_c10_admit.logos	-						tests/logos/pass/bc_0910dropord_hb_c10_admit.logos manifest14h:2026-09-10dropord:c10:pass_fixture	already_in_tree
a3d8ede609a21861	2026-09-14h-harvest (staging copies + its own measurement variants)	bc_0910dropord_hb_c11_admit	snapshot:land14h.I1Tr/stage/pass/bc_0910dropord_hb_c11_admit.logos	-						tests/logos/pass/bc_0910dropord_hb_c11_admit.logos manifest14h:2026-09-10dropord:c11:pass_fixture	already_in_tree
3ee5cdad3c221e09	2026-09-14h-harvest (staging copies + its own measurement variants)	bc_0910dropord_hb_c12_admit	snapshot:land14h.I1Tr/stage/pass/bc_0910dropord_hb_c12_admit.logos	-						tests/logos/pass/bc_0910dropord_hb_c12_admit.logos manifest14h:2026-09-10dropord:c12:pass_fixture	already_in_tree
2495f051f981cbed	2026-09-14h-harvest (staging copies + its own measurement variants)	bc_0910dropord_hb_c13_admit	snapshot:land14h.I1Tr/stage/pass/bc_0910dropord_hb_c13_admit.logos	-						tests/logos/pass/bc_0910dropord_hb_c13_admit.logos manifest14h:2026-09-10dropord:c13:pass_fixture	already_in_tree
d2817b114a22eab8	2026-09-14h-harvest (staging copies + its own measurement variants)	bc_0910dropord_hb_c14_admit	snapshot:land14h.I1Tr/stage/pass/bc_0910dropord_hb_c14_admit.logos	-						tests/logos/pass/bc_0910dropord_hb_c14_admit.logos manifest14h:2026-09-10dropord:c14:pass_fixture	already_in_tree
271c9b7cb781be20	2026-09-14h-harvest (staging copies + its own measurement variants)	bc_0910dropord_hb_c15_admit	snapshot:land14h.I1Tr/stage/pass/bc_0910dropord_hb_c15_admit.logos	-						tests/logos/pass/bc_0910dropord_hb_c15_admit.logos manifest14h:2026-09-10dropord:c15:pass_fixture	already_in_tree
35b82d297ec77cc1	2026-09-14h-harvest (staging copies + its own measurement variants)	bc_0910dropord_hb_c17_admit	snapshot:land14h.I1Tr/stage/pass/bc_0910dropord_hb_c17_admit.logos	-						tests/logos/pass/bc_0910dropord_hb_c17_admit.logos manifest14h:2026-09-10dropord:c17:pass_fixture	already_in_tree
652d9fbcb49f97c4	2026-09-14h-harvest (staging copies + its own measurement variants)	bc_0910dropord_hb_c1_admit	snapshot:land14h.I1Tr/stage/pass/bc_0910dropord_hb_c1_admit.logos	-						tests/logos/pass/bc_0910dropord_hb_c1_admit.logos manifest14h:2026-09-10dropord:c1:pass_fixture	already_in_tree
8a0df4c46da6b848	2026-09-14h-harvest (staging copies + its own measurement variants)	bc_0910dropord_hb_c2_admit	snapshot:land14h.I1Tr/stage/pass/bc_0910dropord_hb_c2_admit.logos	-						tests/logos/pass/bc_0910dropord_hb_c2_admit.logos manifest14h:2026-09-10dropord:c2:pass_fixture	already_in_tree
076195aaa022c321	2026-09-14h-harvest (staging copies + its own measurement variants)	bc_0910dropord_hb_c3_admit	snapshot:land14h.I1Tr/stage/pass/bc_0910dropord_hb_c3_admit.logos	-						tests/logos/pass/bc_0910dropord_hb_c3_admit.logos manifest14h:2026-09-10dropord:c3:pass_fixture	already_in_tree
2c0db9d16790588c	2026-09-14h-harvest (staging copies + its own measurement variants)	bc_0910dropord_hb_c4_admit	snapshot:land14h.I1Tr/stage/pass/bc_0910dropord_hb_c4_admit.logos	-						tests/logos/pass/bc_0910dropord_hb_c4_admit.logos manifest14h:2026-09-10dropord:c4:pass_fixture	already_in_tree
dd91690939c8b5fa	2026-09-14h-harvest (staging copies + its own measurement variants)	bc_0910dropord_hb_c9_admit	snapshot:land14h.I1Tr/stage/pass/bc_0910dropord_hb_c9_admit.logos	-						tests/logos/pass/bc_0910dropord_hb_c9_admit.logos manifest14h:2026-09-10dropord:c9:pass_fixture	already_in_tree
baeb07eb7edcbf99	2026-09-14h-harvest (staging copies + its own measurement variants)	bc_0911b_e0207_land_hb_n10_admit	snapshot:land14h.I1Tr/stage/pass/bc_0911b_e0207_land_hb_n10_admit.logos	-						tests/logos/pass/bc_0911b_e0207_land_hb_n10_admit.logos manifest14h:2026-09-11b-e0207-land:n10:pass_fixture	already_in_tree
36eb267f402f5b5b	2026-09-14h-harvest (staging copies + its own measurement variants)	bc_0911b_e0207_land_hb_n11_admit	snapshot:land14h.I1Tr/stage/pass/bc_0911b_e0207_land_hb_n11_admit.logos	-						tests/logos/pass/bc_0911b_e0207_land_hb_n11_admit.logos manifest14h:2026-09-11b-e0207-land:n11:pass_fixture	already_in_tree
a680246859922e65	2026-09-14h-harvest (staging copies + its own measurement variants)	bc_0911b_e0207_land_hb_n1_admit	snapshot:land14h.I1Tr/stage/pass/bc_0911b_e0207_land_hb_n1_admit.logos	-						tests/logos/pass/bc_0911b_e0207_land_hb_n1_admit.logos manifest14h:2026-09-11b-e0207-land:n1:pass_fixture	already_in_tree
ff8545de61b701de	2026-09-14h-harvest (staging copies + its own measurement variants)	bc_0911d_liferegb_hb_l1_admit	snapshot:land14h.I1Tr/stage/pass/bc_0911d_liferegb_hb_l1_admit.logos	-						tests/logos/pass/bc_0911d_liferegb_hb_l1_admit.logos manifest14h:2026-09-11d-liferegb:L1:pass_fixture,unattributed (mtime window: 2026-09-11d-liferegb):L1:unattributed	already_in_tree
5a5dd85e03b1917c	2026-09-14h-harvest (staging copies + its own measurement variants)	bc_0911d_liferegb_hb_l5b_admit	snapshot:land14h.I1Tr/stage/pass/bc_0911d_liferegb_hb_l5b_admit.logos	-						tests/logos/pass/bc_0911d_liferegb_hb_l5b_admit.logos manifest14h:2026-09-11d-liferegb:L5b:pass_fixture	already_in_tree
870a48e18317f716	2026-09-14h-harvest (staging copies + its own measurement variants)	bc_0911d_liferegb_hb_l7_admit	snapshot:land14h.I1Tr/stage/pass/bc_0911d_liferegb_hb_l7_admit.logos	-						tests/logos/pass/bc_0911d_liferegb_hb_l7_admit.logos manifest14h:2026-09-11d-liferegb:L7:pass_fixture	already_in_tree
01d134e6c5889948	2026-09-14h-harvest (staging copies + its own measurement variants)	bc_0912d_slicehop_hb_l04_admit	snapshot:land14h.I1Tr/stage/pass/bc_0912d_slicehop_hb_l04_admit.logos	-						tests/logos/pass/bc_0912d_slicehop_hb_l04_admit.logos manifest14h:2026-09-12d-slicehop:L04:pass_fixture	already_in_tree
c3affc60174ba799	2026-09-14h-harvest (staging copies + its own measurement variants)	bc_0912d_slicehop_hb_l15_admit	snapshot:land14h.I1Tr/stage/pass/bc_0912d_slicehop_hb_l15_admit.logos	-						tests/logos/pass/bc_0912d_slicehop_hb_l15_admit.logos manifest14h:2026-09-12d-slicehop:L15:pass_fixture	already_in_tree
9abec3da9fab67e7	2026-09-14h-harvest (staging copies + its own measurement variants)	bc_0912i_door1point_hb_c10_admit	snapshot:land14h.I1Tr/stage/pass/bc_0912i_door1point_hb_c10_admit.logos	-						tests/logos/pass/bc_0912i_door1point_hb_c10_admit.logos manifest14h:2026-09-12i-door1point:C10:pass_fixture	already_in_tree
371f5504034b9e63	2026-09-14h-harvest (staging copies + its own measurement variants)	bc_0912q_letregion_hb_a10_admit	snapshot:land14h.I1Tr/stage/pass/bc_0912q_letregion_hb_a10_admit.logos	-						tests/logos/pass/bc_0912q_letregion_hb_a10_admit.logos manifest14h:2026-09-12q-letregion:a10:pass_fixture	already_in_tree
8455b197440e2cbb	2026-09-14h-harvest (staging copies + its own measurement variants)	bc_0912q_letregion_hb_a6_admit	snapshot:land14h.I1Tr/stage/pass/bc_0912q_letregion_hb_a6_admit.logos	-						tests/logos/pass/bc_0912q_letregion_hb_a6_admit.logos manifest14h:2026-09-12q-letregion:a6:pass_fixture	already_in_tree
d7a3c3a3b70fab14	2026-09-14h-harvest (staging copies + its own measurement variants)	bc_0912q_letregion_hb_e3_admit	snapshot:land14h.I1Tr/stage/pass/bc_0912q_letregion_hb_e3_admit.logos	-						tests/logos/pass/bc_0912q_letregion_hb_e3_admit.logos manifest14h:2026-09-12q-letregion:e3:pass_fixture	already_in_tree
ffb5daee73efe9a7	2026-09-14h-harvest (staging copies + its own measurement variants)	bc_0912q_letregion_hb_m1_admit	snapshot:land14h.I1Tr/stage/pass/bc_0912q_letregion_hb_m1_admit.logos	-						tests/logos/pass/bc_0912q_letregion_hb_m1_admit.logos manifest14h:2026-09-12q-letregion:m1:pass_fixture	already_in_tree
930254ea8fc224eb	2026-09-14h-harvest (staging copies + its own measurement variants)	bc_0912q_letregion_hb_m3_admit	snapshot:land14h.I1Tr/stage/pass/bc_0912q_letregion_hb_m3_admit.logos	-						tests/logos/pass/bc_0912q_letregion_hb_m3_admit.logos manifest14h:2026-09-12q-letregion:m3:pass_fixture	already_in_tree
a70e8864c7150751	2026-09-14h-harvest (staging copies + its own measurement variants)	bc_0912q_letregion_hb_m4_admit	snapshot:land14h.I1Tr/stage/pass/bc_0912q_letregion_hb_m4_admit.logos	-						tests/logos/pass/bc_0912q_letregion_hb_m4_admit.logos manifest14h:2026-09-12q-letregion:m4:pass_fixture	already_in_tree
49c591201b8d82f9	2026-09-14h-harvest (staging copies + its own measurement variants)	bc_0912q_letregion_hb_m5_admit	snapshot:land14h.I1Tr/stage/pass/bc_0912q_letregion_hb_m5_admit.logos	-						tests/logos/pass/bc_0912q_letregion_hb_m5_admit.logos manifest14h:2026-09-12q-letregion:m5:pass_fixture	already_in_tree
f6ac5d704495d601	2026-09-14h-harvest (staging copies + its own measurement variants)	bc_0912q_letregion_hb_o3_admit	snapshot:land14h.I1Tr/stage/pass/bc_0912q_letregion_hb_o3_admit.logos	-						tests/logos/pass/bc_0912q_letregion_hb_o3_admit.logos manifest14h:2026-09-12q-letregion:o3:pass_fixture	already_in_tree
ccc8691a37d2fe4b	2026-09-14h-harvest (staging copies + its own measurement variants)	bc_0912q_letregion_hb_p24_admit	snapshot:land14h.I1Tr/stage/pass/bc_0912q_letregion_hb_p24_admit.logos	-						tests/logos/pass/bc_0912q_letregion_hb_p24_admit.logos manifest14h:2026-09-12q-letregion:p24:pass_fixture	already_in_tree
c0dcc05f6f5badc0	2026-09-14h-harvest (staging copies + its own measurement variants)	bc_0912q_letregion_hb_s1_admit	snapshot:land14h.I1Tr/stage/pass/bc_0912q_letregion_hb_s1_admit.logos	-						tests/logos/pass/bc_0912q_letregion_hb_s1_admit.logos manifest14h:2026-09-12q-letregion:s1:pass_fixture	already_in_tree
09bea125e60783c1	2026-09-14h-harvest (staging copies + its own measurement variants)	bc_0912q_letregion_hb_s2_admit	snapshot:land14h.I1Tr/stage/pass/bc_0912q_letregion_hb_s2_admit.logos	-						tests/logos/pass/bc_0912q_letregion_hb_s2_admit.logos manifest14h:2026-09-12q-letregion:s2:pass_fixture	already_in_tree
a0a4ef1baf84dc29	2026-09-14h-harvest (staging copies + its own measurement variants)	bc_0912r_escroot_hb_k17_admit	snapshot:land14h.I1Tr/stage/pass/bc_0912r_escroot_hb_k17_admit.logos	-						tests/logos/pass/bc_0912r_escroot_hb_k17_admit.logos manifest14h:2026-09-12r-escroot:k17:pass_fixture	already_in_tree
ac862e7644ddcf3e	2026-09-14h-harvest (staging copies + its own measurement variants)	bc_0912r_escroot_hb_k18_admit	snapshot:land14h.I1Tr/stage/pass/bc_0912r_escroot_hb_k18_admit.logos	-						tests/logos/pass/bc_0912r_escroot_hb_k18_admit.logos manifest14h:2026-09-12r-escroot:k18:pass_fixture	already_in_tree
3640539d244931ee	2026-09-14h-harvest (staging copies + its own measurement variants)	bc_0912r_escroot_hb_v8_admit	snapshot:land14h.I1Tr/stage/pass/bc_0912r_escroot_hb_v8_admit.logos	-						tests/logos/pass/bc_0912r_escroot_hb_v8_admit.logos manifest14h:2026-09-12r-escroot:v8:pass_fixture	already_in_tree
a9564bcb6098a6ce	2026-09-14h-harvest (staging copies + its own measurement variants)	bc_0912r_escroot_hb_y1_admit	snapshot:land14h.I1Tr/stage/pass/bc_0912r_escroot_hb_y1_admit.logos	-						tests/logos/pass/bc_0912r_escroot_hb_y1_admit.logos manifest14h:2026-09-12r-escroot:y1:pass_fixture	already_in_tree
b01872fbc20b0375	2026-09-14h-harvest (staging copies + its own measurement variants)	bc_0912r_escroot_hb_y2_admit	snapshot:land14h.I1Tr/stage/pass/bc_0912r_escroot_hb_y2_admit.logos	-						tests/logos/pass/bc_0912r_escroot_hb_y2_admit.logos manifest14h:2026-09-12r-escroot:y2:pass_fixture	already_in_tree
25122dbee24746a7	2026-09-14h-harvest (staging copies + its own measurement variants)	bc_0912r_escroot_hb_y3_admit	snapshot:land14h.I1Tr/stage/pass/bc_0912r_escroot_hb_y3_admit.logos	-						manifest14h:2026-09-12r-escroot:y3:pass_fixture	staging_of_unlanded_14h
9b8e1aaac66b7adb	2026-09-14h-harvest (staging copies + its own measurement variants)	bc_0913a_selfregion_hb_l3_admit	snapshot:land14h.I1Tr/stage/pass/bc_0913a_selfregion_hb_l3_admit.logos	-						tests/logos/pass/bc_0913a_selfregion_hb_l3_admit.logos manifest14h:2026-09-13a-selfregion:L3:pass_fixture,unattributed (mtime window: 2026-09-13a-selfregion):L3_anon_let_self_annot:unattributed	already_in_tree
761476370d3e9dea	2026-09-14h-harvest (staging copies + its own measurement variants)	bc_0913a_selfregion_hb_s13_admit	snapshot:land14h.I1Tr/stage/pass/bc_0913a_selfregion_hb_s13_admit.logos	-						tests/logos/pass/bc_0913a_selfregion_hb_s13_admit.logos manifest14h:2026-09-13a-selfregion:s13:pass_fixture	already_in_tree
65c4d4a0b74841f9	2026-09-14h-harvest (staging copies + its own measurement variants)	bc_0913b_selfregion_land_hb_a10_admit	snapshot:land14h.I1Tr/stage/pass/bc_0913b_selfregion_land_hb_a10_admit.logos	-						tests/logos/pass/bc_0913b_selfregion_land_hb_a10_admit.logos manifest14h:2026-09-13b-selfregion-land:A10:pass_fixture	already_in_tree
404a0c4c171d5931	2026-09-14h-harvest (staging copies + its own measurement variants)	bc_0913c_staticdemand_hb_l01_admit	snapshot:land14h.I1Tr/stage/pass/bc_0913c_staticdemand_hb_l01_admit.logos	-						tests/logos/pass/bc_0913c_staticdemand_hb_l01_admit.logos manifest14h:2026-09-13c-staticdemand:l01:pass_fixture	already_in_tree
3b842203374ba402	2026-09-14h-harvest (staging copies + its own measurement variants)	bc_0913c_staticdemand_hb_l02_admit	snapshot:land14h.I1Tr/stage/pass/bc_0913c_staticdemand_hb_l02_admit.logos	-						tests/logos/pass/bc_0913c_staticdemand_hb_l02_admit.logos manifest14h:2026-09-13c-staticdemand:l02:pass_fixture	already_in_tree
53183a97aceace6f	2026-09-14h-harvest (staging copies + its own measurement variants)	bc_0913c_staticdemand_hb_s4_admit	snapshot:land14h.I1Tr/stage/pass/bc_0913c_staticdemand_hb_s4_admit.logos	-						tests/logos/pass/bc_0913c_staticdemand_hb_s4_admit.logos manifest14h:2026-09-13c-staticdemand:s4:pass_fixture	already_in_tree
845c26bf6cda8b70	2026-09-14h-harvest (staging copies + its own measurement variants)	bc_0913c_staticdemand_hb_s5_admit	snapshot:land14h.I1Tr/stage/pass/bc_0913c_staticdemand_hb_s5_admit.logos	-						tests/logos/pass/bc_0913c_staticdemand_hb_s5_admit.logos manifest14h:2026-09-13c-staticdemand:s5:pass_fixture	already_in_tree
f69825fb14382913	2026-09-14h-harvest (staging copies + its own measurement variants)	bc_0913d_staticdemand_hb_e01_admit	snapshot:land14h.I1Tr/stage/pass/bc_0913d_staticdemand_hb_e01_admit.logos	-						tests/logos/pass/bc_0913d_staticdemand_hb_e01_admit.logos manifest14h:2026-09-13d-staticdemand:e01:pass_fixture	already_in_tree
426d77b44d7e0d69	2026-09-14h-harvest (staging copies + its own measurement variants)	bc_0913d_staticdemand_hb_e02_admit	snapshot:land14h.I1Tr/stage/pass/bc_0913d_staticdemand_hb_e02_admit.logos	-						tests/logos/pass/bc_0913d_staticdemand_hb_e02_admit.logos manifest14h:2026-09-13d-staticdemand:e02:pass_fixture	already_in_tree
6bd1021084f8f711	2026-09-14h-harvest (staging copies + its own measurement variants)	bc_0913d_staticdemand_hb_e05_admit	snapshot:land14h.I1Tr/stage/pass/bc_0913d_staticdemand_hb_e05_admit.logos	-						tests/logos/pass/bc_0913d_staticdemand_hb_e05_admit.logos manifest14h:2026-09-13d-staticdemand:e05:pass_fixture	already_in_tree
319007f2ae516db2	2026-09-14h-harvest (staging copies + its own measurement variants)	bc_0913d_staticdemand_hb_e08_admit	snapshot:land14h.I1Tr/stage/pass/bc_0913d_staticdemand_hb_e08_admit.logos	-						tests/logos/pass/bc_0913d_staticdemand_hb_e08_admit.logos manifest14h:2026-09-13d-staticdemand:e08:pass_fixture	already_in_tree
b6ec83ad142c35ef	2026-09-14h-harvest (staging copies + its own measurement variants)	bc_0913d_staticdemand_hb_r04_admit	snapshot:land14h.I1Tr/stage/pass/bc_0913d_staticdemand_hb_r04_admit.logos	-						tests/logos/pass/bc_0913d_staticdemand_hb_r04_admit.logos manifest14h:2026-09-13d-staticdemand:r04:pass_fixture	already_in_tree
eacde8d766f0d71c	2026-09-14h-harvest (staging copies + its own measurement variants)	bc_0913d_staticdemand_hb_r08_admit	snapshot:land14h.I1Tr/stage/pass/bc_0913d_staticdemand_hb_r08_admit.logos	-						tests/logos/pass/bc_0913d_staticdemand_hb_r08_admit.logos manifest14h:2026-09-13d-staticdemand:r08:pass_fixture	already_in_tree
f7864b5bc445e4ad	2026-09-14h-harvest (staging copies + its own measurement variants)	bc_0913d_staticdemand_hb_r17_admit	snapshot:land14h.I1Tr/stage/pass/bc_0913d_staticdemand_hb_r17_admit.logos	-						tests/logos/pass/bc_0913d_staticdemand_hb_r17_admit.logos manifest14h:2026-09-13d-staticdemand:r17:pass_fixture	already_in_tree
90804e0fbab8c1af	2026-09-14h-harvest (staging copies + its own measurement variants)	bc_0913f_declarrivalland_hb_g_k26_admit	snapshot:land14h.I1Tr/stage/pass/bc_0913f_declarrivalland_hb_g_k26_admit.logos	-						tests/logos/pass/bc_0913f_declarrivalland_hb_g_k26_admit.logos manifest14h:2026-09-13f-declarrivalland:G_k26:pass_fixture,unattributed (mtime window: 2026-09-13f-declarrivalland):G_k26_const_option_elided_no_lifetimes_in_scope:unattributed	already_in_tree
5e700d6e67ac4011	2026-09-14h-harvest (staging copies + its own measurement variants)	bc_0913f_declarrivalland_hb_g_w01_admit	snapshot:land14h.I1Tr/stage/pass/bc_0913f_declarrivalland_hb_g_w01_admit.logos	-						tests/logos/pass/bc_0913f_declarrivalland_hb_g_w01_admit.logos manifest14h:2026-09-13f-declarrivalland:G_w01:pass_fixture,unattributed (mtime window: 2026-09-13f-declarrivalland):G_w01_noparam_method_ref_subject:unattributed	already_in_tree
69c08eeaf8991f7e	2026-09-14h-harvest (staging copies + its own measurement variants)	bc_0913f_declarrivalland_hb_g_w22_admit	snapshot:land14h.I1Tr/stage/pass/bc_0913f_declarrivalland_hb_g_w22_admit.logos	-						tests/logos/pass/bc_0913f_declarrivalland_hb_g_w22_admit.logos manifest14h:2026-09-13f-declarrivalland:G_w22:pass_fixture,unattributed (mtime window: 2026-09-13f-declarrivalland):G_w22_trait_impl_header_where_self:unattributed	already_in_tree
e218e23e4083d7b8	2026-09-14h-harvest (staging copies + its own measurement variants)	bc_0913f_declarrivalland_hb_g_w27_admit	snapshot:land14h.I1Tr/stage/pass/bc_0913f_declarrivalland_hb_g_w27_admit.logos	-						tests/logos/pass/bc_0913f_declarrivalland_hb_g_w27_admit.logos manifest14h:2026-09-13f-declarrivalland:G_w27:pass_fixture,unattributed (mtime window: 2026-09-13f-declarrivalland):G_w27_inherent_generic_impl_where_self:unattributed	already_in_tree
27b6ba26feeae1e9	2026-09-14h-harvest (staging copies + its own measurement variants)	bc_0913f_declarrivalland_hb_g_w28_admit	snapshot:land14h.I1Tr/stage/pass/bc_0913f_declarrivalland_hb_g_w28_admit.logos	-						tests/logos/pass/bc_0913f_declarrivalland_hb_g_w28_admit.logos manifest14h:2026-09-13f-declarrivalland:G_w28:pass_fixture,unattributed (mtime window: 2026-09-13f-declarrivalland):G_w28_inherent_noparams_impl_where_self:unattributed	already_in_tree
35e6c22259cdd32b	2026-09-14h-harvest (staging copies + its own measurement variants)	bc_0914a_ptrcoerce_hb_d01_admit	snapshot:land14h.I1Tr/stage/pass/bc_0914a_ptrcoerce_hb_d01_admit.logos	-						tests/logos/pass/bc_0914a_ptrcoerce_hb_d01_admit.logos manifest14h:2026-09-14a-ptrcoerce:D01:pass_fixture	already_in_tree
847f704ac9bc14dc	2026-09-14h-harvest (staging copies + its own measurement variants)	bc_0914b_ptrcoerceland_hb_e02_admit	snapshot:land14h.I1Tr/stage/pass/bc_0914b_ptrcoerceland_hb_e02_admit.logos	-						tests/logos/pass/bc_0914b_ptrcoerceland_hb_e02_admit.logos manifest14h:2026-09-14b-ptrcoerceland:E02:pass_fixture	already_in_tree
06e983771a3530e0	2026-09-14h-harvest (staging copies + its own measurement variants)	bc_0914b_ptrcoerceland_hb_e09_admit	snapshot:land14h.I1Tr/stage/pass/bc_0914b_ptrcoerceland_hb_e09_admit.logos	-						tests/logos/pass/bc_0914b_ptrcoerceland_hb_e09_admit.logos manifest14h:2026-09-14b-ptrcoerceland:E09:pass_fixture	already_in_tree
e824d4734c501bcb	2026-09-14h-harvest (staging copies + its own measurement variants)	bc_0914b_ptrcoerceland_hb_m10_admit	snapshot:land14h.I1Tr/stage/pass/bc_0914b_ptrcoerceland_hb_m10_admit.logos	-						tests/logos/pass/bc_0914b_ptrcoerceland_hb_m10_admit.logos manifest14h:2026-09-14b-ptrcoerceland:M10:pass_fixture	already_in_tree
6e9a81c1ed97abd6	2026-09-14h-harvest (staging copies + its own measurement variants)	bc_0914b_ptrcoerceland_hb_m11_admit	snapshot:land14h.I1Tr/stage/pass/bc_0914b_ptrcoerceland_hb_m11_admit.logos	-						tests/logos/pass/bc_0914b_ptrcoerceland_hb_m11_admit.logos manifest14h:2026-09-14b-ptrcoerceland:M11:pass_fixture	already_in_tree
7cd2af5c7131ea80	2026-09-14h-harvest (staging copies + its own measurement variants)	bc_0914b_ptrcoerceland_hb_m5_admit	snapshot:land14h.I1Tr/stage/pass/bc_0914b_ptrcoerceland_hb_m5_admit.logos	-						tests/logos/pass/bc_0914b_ptrcoerceland_hb_m5_admit.logos manifest14h:2026-09-14b-ptrcoerceland:M5:pass_fixture	already_in_tree
58cb49e9080e16d3	2026-09-14h-harvest (staging copies + its own measurement variants)	bc_0914b_ptrcoerceland_hb_q01_admit	snapshot:land14h.I1Tr/stage/pass/bc_0914b_ptrcoerceland_hb_q01_admit.logos	-						tests/logos/pass/bc_0914b_ptrcoerceland_hb_q01_admit.logos manifest14h:2026-09-14b-ptrcoerceland:Q01:pass_fixture	already_in_tree
92df7b96cce8e408	2026-09-14h-harvest (staging copies + its own measurement variants)	bc_0914b_ptrcoerceland_hb_q11_admit	snapshot:land14h.I1Tr/stage/pass/bc_0914b_ptrcoerceland_hb_q11_admit.logos	-						tests/logos/pass/bc_0914b_ptrcoerceland_hb_q11_admit.logos manifest14h:2026-09-14b-ptrcoerceland:Q11:pass_fixture	already_in_tree
f06b83913d428530	2026-09-14h-harvest (staging copies + its own measurement variants)	bc_0914b_ptrcoerceland_hb_q15_admit	snapshot:land14h.I1Tr/stage/pass/bc_0914b_ptrcoerceland_hb_q15_admit.logos	-						tests/logos/pass/bc_0914b_ptrcoerceland_hb_q15_admit.logos manifest14h:2026-09-14b-ptrcoerceland:Q15:pass_fixture	already_in_tree
9a2e2d17aece53ee	2026-09-14h-harvest (staging copies + its own measurement variants)	bc_0914b_ptrcoerceland_hb_v02_admit	snapshot:land14h.I1Tr/stage/pass/bc_0914b_ptrcoerceland_hb_v02_admit.logos	-						tests/logos/pass/bc_0914b_ptrcoerceland_hb_v02_admit.logos manifest14h:2026-09-14b-ptrcoerceland:V02:pass_fixture	already_in_tree
4dc64286ecc98734	2026-09-14h-harvest (staging copies + its own measurement variants)	bc_0914b_ptrcoerceland_hb_v02b_admit	snapshot:land14h.I1Tr/stage/pass/bc_0914b_ptrcoerceland_hb_v02b_admit.logos	-						tests/logos/pass/bc_0914b_ptrcoerceland_hb_v02b_admit.logos manifest14h:2026-09-14b-ptrcoerceland:V02B:pass_fixture	already_in_tree
00ae2c5e9a8e0db2	2026-09-14h-harvest (staging copies + its own measurement variants)	bc_0914b_ptrcoerceland_hb_v02i_admit	snapshot:land14h.I1Tr/stage/pass/bc_0914b_ptrcoerceland_hb_v02i_admit.logos	-						tests/logos/pass/bc_0914b_ptrcoerceland_hb_v02i_admit.logos manifest14h:2026-09-14b-ptrcoerceland:V02I:pass_fixture	already_in_tree
6996c76580de65b1	2026-09-14h-harvest (staging copies + its own measurement variants)	bc_0914b_ptrcoerceland_hb_v20_admit	snapshot:land14h.I1Tr/stage/pass/bc_0914b_ptrcoerceland_hb_v20_admit.logos	-						tests/logos/pass/bc_0914b_ptrcoerceland_hb_v20_admit.logos manifest14h:2026-09-14b-ptrcoerceland:V20:pass_fixture	already_in_tree
505b82c4f49af186	2026-09-14h-harvest (staging copies + its own measurement variants)	bc_0914b_ptrcoerceland_hb_v21_admit	snapshot:land14h.I1Tr/stage/pass/bc_0914b_ptrcoerceland_hb_v21_admit.logos	-						tests/logos/pass/bc_0914b_ptrcoerceland_hb_v21_admit.logos manifest14h:2026-09-14b-ptrcoerceland:V21:pass_fixture	already_in_tree
388903160fc06a36	2026-09-14h-harvest (staging copies + its own measurement variants)	bc_0914b_ptrcoerceland_hb_v25_admit	snapshot:land14h.I1Tr/stage/pass/bc_0914b_ptrcoerceland_hb_v25_admit.logos	-						tests/logos/pass/bc_0914b_ptrcoerceland_hb_v25_admit.logos manifest14h:2026-09-14b-ptrcoerceland:V25:pass_fixture	already_in_tree
0039eb028d30cf4f	2026-09-14h-harvest (staging copies + its own measurement variants)	bc_0914b_ptrcoerceland_hb_v26_admit	snapshot:land14h.I1Tr/stage/pass/bc_0914b_ptrcoerceland_hb_v26_admit.logos	-						tests/logos/pass/bc_0914b_ptrcoerceland_hb_v26_admit.logos manifest14h:2026-09-14b-ptrcoerceland:V26:pass_fixture	already_in_tree
e9dd3b91f962764e	2026-09-14h-harvest (staging copies + its own measurement variants)	bc_0914b_ptrcoerceland_hb_v27_admit	snapshot:land14h.I1Tr/stage/pass/bc_0914b_ptrcoerceland_hb_v27_admit.logos	-						tests/logos/pass/bc_0914b_ptrcoerceland_hb_v27_admit.logos manifest14h:2026-09-14b-ptrcoerceland:V27:pass_fixture	already_in_tree
cf0c9646365c8b3b	2026-09-14h-harvest (staging copies + its own measurement variants)	bc_0914d_meetoblland_hb_l102_admit	snapshot:land14h.I1Tr/stage/pass/bc_0914d_meetoblland_hb_l102_admit.logos	-						tests/logos/pass/bc_0914d_meetoblland_hb_l102_admit.logos manifest14h:2026-09-14d-meetoblland:L102:pass_fixture	already_in_tree
6568504ff93fb124	2026-09-14h-harvest (staging copies + its own measurement variants)	bc_0914d_meetoblland_hb_l104_admit	snapshot:land14h.I1Tr/stage/pass/bc_0914d_meetoblland_hb_l104_admit.logos	-						tests/logos/pass/bc_0914d_meetoblland_hb_l104_admit.logos manifest14h:2026-09-14d-meetoblland:L104:pass_fixture	already_in_tree
0ca649027d9f5ded	2026-09-14h-harvest (staging copies + its own measurement variants)	bc_0914d_meetoblland_hb_l201_admit	snapshot:land14h.I1Tr/stage/pass/bc_0914d_meetoblland_hb_l201_admit.logos	-						tests/logos/pass/bc_0914d_meetoblland_hb_l201_admit.logos manifest14h:2026-09-14d-meetoblland:L201:pass_fixture	already_in_tree
eb47a1e9d6315856	2026-09-14h-harvest (staging copies + its own measurement variants)	bc_0914d_meetoblland_hb_l401_admit	snapshot:land14h.I1Tr/stage/pass/bc_0914d_meetoblland_hb_l401_admit.logos	-						tests/logos/pass/bc_0914d_meetoblland_hb_l401_admit.logos manifest14h:2026-09-14d-meetoblland:L401:pass_fixture	already_in_tree
0fd33b135a7247ee	2026-09-14h-harvest (staging copies + its own measurement variants)	t8v	snapshot:land14h.I1Tr/t8chk.TOe0/t8v.logos	-							harvest14h_variant
028c5429fbbfd2a3	2026-09-14h-harvest (staging copies + its own measurement variants)	e1	snapshot:land14h.I1Tr/t8chk2.AJHR/e1.logos	-							harvest14h_variant
c5f6f031f7317113	2026-09-14h-harvest (staging copies + its own measurement variants)	e2	snapshot:land14h.I1Tr/t8chk2.AJHR/e2.logos	-							harvest14h_variant
455d690b6c78744d	2026-09-14h-harvest (staging copies + its own measurement variants)	lc	snapshot:land14h.I1Tr/vgvar.PnFP/lc.logos	-							harvest14h_variant
cd049271028d9872	2026-09-14h-harvest (staging copies + its own measurement variants)	y3v	snapshot:land14h.I1Tr/vgvar.PnFP/y3v.logos	-							harvest14h_variant
cb40b81841689e50	2026-09-14h-harvest (staging copies + its own measurement variants)	y3w	snapshot:land14h.I1Tr/vgvar.PnFP/y3w.logos	-							harvest14h_variant
ef9671b6c7a27b0d	2026-09-14h-harvest (staging copies + its own measurement variants)	p2c	snapshot:land14h.I1Tr/vgvar2.dpRt/p2c.logos	-							harvest14h_variant
94c1cfe960805ec5	2026-09-14h-harvest (staging copies + its own measurement variants)	p2v	snapshot:land14h.I1Tr/vgvar2.dpRt/p2v.logos	-							harvest14h_variant
23801a2daac44577	2026-09-14h-harvest (staging copies + its own measurement variants)	r6v	snapshot:land14h.I1Tr/vgvar2.dpRt/r6v.logos	-							harvest14h_variant
b4525bcbd5d4f0fa	2026-09-14h-harvest (staging copies + its own measurement variants)	y3p	snapshot:land14h.I1Tr/vgvar2.dpRt/y3p.logos	-							harvest14h_variant
c0c81fd61e3109ba	2026-09-14e-thruref	m1	snapshot:letk.7cSu/m1_let_field_borrow_reassign_refvar_legal.logos	-				RUNS 0 vg=0	base: REFUSED	tests/logos/pass/bc_thruref_assign_ref_local_admit.logos	already_in_tree
3e94d63f43f0d31c	2026-09-14e-thruref	m2	snapshot:letk.7cSu/m2_let_mutfield_reassign_refvar_legal.logos	b	PROBES.md "asgref (7 moved, all LEGAL, all RUN): m1 m2 m5 t1 t2 t3"; landed 2026-09-14f, measured base REFUSED -> today RUN	legal	by reading, no rustc binary	RUNS 0 vg=0	base: REFUSED		pass_fixture:bc_0914e_thruref_hb_m2_admit
3a19ff37a3779549	2026-09-14e-thruref	m3	snapshot:letk.7cSu/m3_let_mutfield_write_through_refvar_illegal.logos	-				REFUSED	base: REFUSED		not_a_catch
495ec91f558ea83c	2026-09-14e-thruref	m4	snapshot:letk.7cSu/m4_let_mutfield_reborrow_whole_illegal.logos	-				REFUSED	base: REFUSED		not_a_catch
aa131041072fe3e2	2026-09-14e-thruref	m5	snapshot:letk.7cSu/m5_let_tuple_field_reassign_legal.logos	b	PROBES.md "asgref (7 moved, all LEGAL, all RUN): m1 m2 m5 t1 t2 t3"; landed 2026-09-14f, measured base REFUSED -> today RUN	legal	by reading, no rustc binary	RUNS 0 vg=0	base: REFUSED		pass_fixture:bc_0914e_thruref_hb_m5_admit
b3e62faab956924e	2026-09-14e-thruref	m6	snapshot:letk.7cSu/m6_let_explicit_deref_field_reassign_legal.logos	-				RUNS 0 vg=0	base: RUNS 0 vg=0		not_a_catch
09b4f307c7b48e0c	2026-09-14e-thruref	m7	snapshot:letk.7cSu/m7_match_refvar_method_on_refvar_illegal.logos	-				REFUSED	base: REFUSED		not_a_catch
8bd653c9326801c4	2026-09-14e-thruref	m10	snapshot:nbr.31vm/m10_let_borrow_refvar_itself_reassign_illegal.logos	-				REFUSED	base: REFUSED		not_a_catch
7a8f2dc642e77942	2026-09-14e-thruref	m11	snapshot:nbr.31vm/m11_move_mutref_while_field_loan_illegal.logos	-				REFUSED	base: REFUSED		not_a_catch
146031fecd3bdcdb	2026-09-14e-thruref	m12	snapshot:nbr.31vm/m12_field_loan_owned_struct_reassign_illegal.logos	a	PROBES.md "asgrefany (20 moved): pbdbmasg's 18 + m12 ADMITTED (illegal, runs rc 3)"	illegal	by reading, no rustc binary	REFUSED	base: REFUSED		fail_fixture:bc_0914e_thruref_hb_m12_refuse
f5d5717ec15097ae	2026-09-14e-thruref	m13	snapshot:nbr.31vm/m13_nested_ref_in_struct_field_reassign_legal.logos	-				RUNS 0 vg=0	base: REFUSED	tests/logos/pass/bc_thruref_place_retarget_row_admit.logos	already_in_tree
9ad4703fa2c825b4	2026-09-14e-thruref	m14	snapshot:nbr.31vm/m14_param_ref_reassign_cursor_legal.logos	-				REFUSED	base: REFUSED		not_a_catch
b058f5b2c8517d61	2026-09-14e-thruref	m8	snapshot:nbr.31vm/m8_let_reborrow_shared_reassign_legal.logos	-				REFUSED	base: REFUSED	tests/soundness/open/refvar_reborrow_whole_then_assign_counter_refused.logos	already_in_tree
ace9503248737ac9	2026-09-14e-thruref	m9	snapshot:nbr.31vm/m9_let_reborrow_mut_reassign_legal.logos	-				REFUSED	base: REFUSED		not_a_catch
03bf9b7447b1ff62	2026-09-14e-thruref	m14	snapshot:nbr2.41T7/m14_param_ref_reassign_cursor_legal.logos	a	PROBES.md "pbdbm (15 moved): ... REFUSED LEGAL b10 k01 k05 k08 (a use of the scrutinee after the binding's LAST use) and t4 t5 t6 m14 m15 (an assignment to the reference cursor)" (m14 = the FIXED draft, nbr2.41T7; the malformed first draft nbr.31vm/m14 is a syntax error on both builds and is not a catch)	legal	by reading, no rustc binary	RUNS 0 vg=0	base: RUNS 0 vg=0		pass_fixture:bc_0914e_thruref_hb_m14_admit
0ef0acd7788effac	2026-09-14e-thruref	m15	snapshot:nbr2.41T7/m15_iflet_ref_field_cursor_legal.logos	a	PROBES.md "pbdbm (15 moved): ... REFUSED LEGAL b10 k01 k05 k08 (a use of the scrutinee after the binding's LAST use) and t4 t5 t6 m14 m15 (an assignment to the reference cursor)"	legal	by reading, no rustc binary	RUNS 0 vg=0	base: RUNS 0 vg=0		pass_fixture:bc_0914e_thruref_hb_m15_admit
ba0ea0f72ca12c66	2026-09-14e-thruref	e01	snapshot:nll3.3Hfp/e01_explicit_refmut_take_after_last_use_legal.logos	-				REFUSED	base: REFUSED	tests/soundness/open/pattern_ref_binding_loan_outlives_last_use_refused.logos	already_in_tree
661912f184afc501	2026-09-14e-thruref	e02	snapshot:nll3.3Hfp/e02_explicit_refmut_write_after_copy_legal.logos	-				REFUSED	base: REFUSED		not_a_catch
56c153dab1cf3c5c	2026-09-14e-thruref	e03	snapshot:nll3.3Hfp/e03_local_refmut_write_after_last_use_legal.logos	-				REFUSED	base: REFUSED		not_a_catch
6986d9f99c118a8b	2026-09-14e-thruref	e04	snapshot:nll3.3Hfp/e04_struct_default_touch_after_last_use_legal.logos	-				REFUSED	base: REFUSED		not_a_catch
db5477f64e5752d0	2026-09-14e-thruref	e05	snapshot:nll3.3Hfp/e05_tuple_default_write_after_last_use_legal.logos	-				REFUSED	base: REFUSED		not_a_catch
174f123309985ef9	2026-09-14e-thruref	e06	snapshot:nll3.3Hfp/e06_let_mutfield_after_last_use_legal.logos	-				RUNS 0 vg=0	base: RUNS 0 vg=0		not_a_catch
26cd9b29fe554c04	2026-09-14e-thruref	r23	snapshot:nll3.3Hfp/r23_depth2_constptr_mutref_illegal.logos	b	PROBES.md "cmpinv (8 moved): REFUSED r01 r05 r09 r10 r17 r18 r23"; landed 2026-09-14f, measured base RUN 0 -> today REFUSED	illegal	by reading, no rustc binary	REFUSED	base: RUNS 0 vg=0		fail_fixture:bc_0914e_thruref_hb_r23_refuse
1bd3577b908de0f5	2026-09-14e-thruref	r24	snapshot:nll3.3Hfp/r24_elided_params_call_same_twin.logos	-				RUNS 0 vg=0	base: RUNS 0 vg=0		not_a_catch
c62599d5151f6fbe	2026-09-14e-thruref	r25	snapshot:nll3.3Hfp/r25_elided_params_let_twin.logos	-				RUNS 0 vg=0	base: RUNS 0 vg=0		not_a_catch
e3384520f56590ba	2026-09-14e-thruref	explicit	snapshot:qroot.ch6H/tests/soundness/open/explicit_deref_field_borrow_through_refvar_unkeyed_admits.logos	-				RUNS 0 vg=0	base: RUNS 0 vg=0 · byte-identical copies: rows.q3q4/explicit_deref_field_borrow_through_refvar_unkeyed_admits.logos	tests/soundness/open/explicit_deref_field_borrow_through_refvar_unkeyed_admits.logos	already_in_tree
25358ba7a7732e64	2026-09-14e-thruref	place	snapshot:qroot.ch6H/tests/soundness/open/place_assign_ref_field_while_pointee_loan_refused.logos	-				RUNS 0 vg=0	base: REFUSED · byte-identical copies: rows.q3q4/place_assign_ref_field_while_pointee_loan_refused.logos	tests/logos/pass/bc_thruref_place_retarget_row_admit.logos	already_in_tree
7f44696659c9e945	2026-09-14e-thruref	rawptr	snapshot:qroot.ch6H/tests/soundness/open/rawptr_ordering_compare_mlir_verifier_refused.logos	-				REFUSED	base: REFUSED · byte-identical copies: rows.q3q4/rawptr_ordering_compare_mlir_verifier_refused.logos	tests/soundness/open/rawptr_ordering_compare_mlir_verifier_refused.logos	already_in_tree
9fbc0f992f8b70ab	2026-09-14e-thruref	refvar	snapshot:qroot.ch6H/tests/soundness/open/refvar_assign_conflicts_with_pointee_field_loan_refused.logos	-				RUNS 0 vg=0	base: REFUSED · byte-identical copies: rows.q3q4/refvar_assign_conflicts_with_pointee_field_loan_refused.logos	tests/logos/pass/bc_thruref_assign_ref_local_admit.logos	already_in_tree
702faf3b39ff3c7c	2026-09-14e-thruref	refvar	snapshot:qroot.ch6H/tests/soundness/open/refvar_reborrow_whole_then_assign_counter_refused.logos	-				REFUSED	base: REFUSED · byte-identical copies: rows.q3q4/refvar_reborrow_whole_then_assign_counter_refused.logos	tests/soundness/open/refvar_reborrow_whole_then_assign_counter_refused.logos	already_in_tree
d4cfd28027b1a385	2026-09-14e-thruref	pattern	snapshot:qroot2.huJE/tests/soundness/open/pattern_ref_binding_loan_outlives_last_use_refused.logos	-				REFUSED	base: REFUSED · byte-identical copies: rows.q3q4/pattern_ref_binding_loan_outlives_last_use_refused.logos	tests/soundness/open/pattern_ref_binding_loan_outlives_last_use_refused.logos	already_in_tree
1cdc07eed0f9a828	2026-09-14e-thruref	pattern	snapshot:qroot3.YjFh/tests/soundness/open/pattern_enum_payload_ref_owner_move_admits.logos	-				RUNS 0 vg=0	base: RUNS 0 vg=0 · byte-identical copies: rows.q3q4/pattern_enum_payload_ref_owner_move_admits.logos	tests/soundness/open/pattern_enum_payload_ref_owner_move_admits.logos	already_in_tree
2964b8ca22ed9ec3	2026-09-14e-thruref	match	snapshot:rows.q3q4/match_addrof_scrutinee_default_payload_loan_unrooted_admits.logos	-				RUNS 0 vg=0	base: RUNS 0 vg=0	tests/soundness/open/match_addrof_scrutinee_default_payload_loan_unrooted_admits.logos	already_in_tree
7c2ef7278c65756b	2026-09-14e-thruref	t1	snapshot:walk.ek13/t1_explicit_ref_list_walk.logos	b	PROBES.md "asgref (7 moved, all LEGAL, all RUN): m1 m2 m5 t1 t2 t3"; landed 2026-09-14f, measured base REFUSED -> today RUN	legal	by reading, no rustc binary	RUNS 0 vg=0	base: REFUSED		pass_fixture:bc_0914e_thruref_hb_t1_admit
6e18a1e186c107c3	2026-09-14e-thruref	t2	snapshot:walk.ek13/t2_struct_door_reassign_refvar.logos	b	PROBES.md "asgref (7 moved, all LEGAL, all RUN): m1 m2 m5 t1 t2 t3"; landed 2026-09-14f, measured base REFUSED -> today RUN	legal	by reading, no rustc binary	RUNS 0 vg=0	base: REFUSED		pass_fixture:bc_0914e_thruref_hb_t2_admit
e73b235283156e0f	2026-09-14e-thruref	t3	snapshot:walk.ek13/t3_tuple_door_reassign_refvar.logos	b	PROBES.md "asgref (7 moved, all LEGAL, all RUN): m1 m2 m5 t1 t2 t3"; landed 2026-09-14f, measured base REFUSED -> today RUN	legal	by reading, no rustc binary	RUNS 0 vg=0	base: REFUSED		pass_fixture:bc_0914e_thruref_hb_t3_admit
a6c706628704d8d1	2026-09-14e-thruref	t4	snapshot:walk.ek13/t4_enum_door_reassign_refvar.logos	a	PROBES.md "pbdbm (15 moved): ... REFUSED LEGAL b10 k01 k05 k08 (a use of the scrutinee after the binding's LAST use) and t4 t5 t6 m14 m15 (an assignment to the reference cursor)"	legal	by reading, no rustc binary	RUNS 0 vg=0	base: RUNS 0 vg=0		pass_fixture:bc_0914e_thruref_hb_t4_admit
77004e9e71cd79b7	2026-09-14e-thruref	t5	snapshot:walk.ek13/t5_enum_door_mut_reassign_refvar.logos	a	PROBES.md "pbdbm (15 moved): ... REFUSED LEGAL b10 k01 k05 k08 (a use of the scrutinee after the binding's LAST use) and t4 t5 t6 m14 m15 (an assignment to the reference cursor)"	legal	by reading, no rustc binary	RUNS 0 vg=0	base: RUNS 0 vg=0		pass_fixture:bc_0914e_thruref_hb_t5_admit
1dd77387a65ab2a2	2026-09-14e-thruref	t6	snapshot:walk.ek13/t6_struct_walk_mut_list.logos	a	PROBES.md "pbdbm (15 moved): ... REFUSED LEGAL b10 k01 k05 k08 (a use of the scrutinee after the binding's LAST use) and t4 t5 t6 m14 m15 (an assignment to the reference cursor)"	legal	by reading, no rustc binary	RUNS 0 vg=0	base: RUNS 0 vg=0		pass_fixture:bc_0914e_thruref_hb_t6_admit
76d1c6da45f05082	2026-09-14e-thruref	x3	snapshot:xder.jBUT/x3_explicit_mutfield_write_through_refvar_illegal.logos	-				RUNS 0 vg=0	base: RUNS 0 vg=0	tests/soundness/open/explicit_deref_field_borrow_through_refvar_unkeyed_admits.logos	already_in_tree
0ba17b698c100939	2026-09-14e-thruref	x4	snapshot:xder.jBUT/x4_explicit_mutfield_reborrow_whole_illegal.logos	-				RUNS 0 vg=0	base: RUNS 0 vg=0		not_a_catch
06e71048fe43c749	2026-09-14e-thruref	x5	snapshot:xder.jBUT/x5_explicit_shared_field_then_write_illegal.logos	-				RUNS 0 vg=0	base: RUNS 0 vg=0		not_a_catch
fbd22ccba09d7db8	2026-09-14e-thruref	x6	snapshot:xder.jBUT/x6_explicit_field_escape_refvar_local_illegal.logos	-				REFUSED	base: REFUSED		not_a_catch
0fb6b28e4ed0c68a	2026-09-14e-thruref	x7	snapshot:xder.jBUT/x7_explicit_mutfield_move_owner_illegal.logos	-				REFUSED	base: REFUSED		not_a_catch
372a7160ee923216	2026-09-14e-thruref	x8	snapshot:xder.jBUT/x8_auto_field_escape_refvar_local_illegal.logos	-				REFUSED	base: REFUSED		not_a_catch
72699709bcbb9364	2026-09-14e-thruref	x9	snapshot:xder.jBUT/x9_explicit_deref_match_write_scrut_illegal.logos	-				REFUSED	base: REFUSED		not_a_catch
